tree
version=v4
num_class=1
num_tree_per_iteration=1
label_index=0
max_feature_idx=53
objective=regression
feature_names=MIN_Season MIN_L5 MIN_L10 USAGE_RATE_Season USAGE_RATE_L5 USAGE_RATE_L10 DAYS_REST IS_HOME GAMES_7D IS_4_IN_6 IS_B2B IS_FRESH PACE_ROLLING USAGE_VACUUM STAR_COUNT GAME_SCORE_Season GAME_SCORE_L5 EXP_POSS EXP_POSS_SEASON MIN_STREAK USAGE_RATE_STREAK USAGE_RATE_CONSISTENCY GAME_SCORE_STREAK GAME_SCORE_CONSISTENCY STL_Season STL_L5 STL_L10 STL_L20 STL_L5_Median STL_L10_Median STL_STREAK STL_CONSISTENCY OPP_STL_ALLOWED OPP_STL_ALLOWED_DIFF BLK_Season BLK_L5 BLK_L10 BLK_L20 BLK_L5_Median BLK_L10_Median BLK_STREAK BLK_CONSISTENCY OPP_BLK_ALLOWED OPP_BLK_ALLOWED_DIFF TOV_Season TOV_L5 TOV_L10 TOV_L20 TOV_L5_Median TOV_L10_Median TOV_STREAK TOV_CONSISTENCY OPP_TOV_ALLOWED OPP_TOV_ALLOWED_DIFF
feature_infos=[6.5459706856228053:41.996888198531956] [5.3722222222222227:48.233333333333334] [6.0533333333333328:45.767333333333326] [3.0454631429302661:50] [3.3518198366569907:50] [6.2706233500235475:50] [0:7] [0:1] [1:5] [0:1] [0:1] [0:1] [15.241541405796715:21.438673522433501] [0:7.0170031880977675] [3:18] [-2.4090852280485029:31.857915805770357] [-2.8333333333333335:41.920000000000002] [0.1175011049851578:3.7391863506726466] [0.055717144287036502:3.6910777435278641] [-9.1463954284185007:11.588257533555982] [-16.156007792588895:18.091371160270725] [0:3] [-7.9387719672752972:8.5630863458271698] [0:3] [0:4.3900960605301114] [0:5.7999999999999998] [0:3.7000000000000002] [0:4.3425703298474252] [0:6] [0:4] [-1.9186716648220876:1.5669322140191619] [0:3] [0:3] [-1:2.8999999999999999] [0:4.4510769110826942] [0:6.5999999999999996] [0:5.2000000000000002] [0:5.3472551484272941] [0:7] [0:5] [-1.3789880224276776:1.497700333104941] [0:3] [0:4.7000000000000002] [-1:4.7000000000000002] [0:5.2431031021551169] [0:7.2000000000000002] [0:6.2000000000000002] [0:6.3126458814412745] [0:8] [0:6] [-1.6250470243291826:1.7497079954432606] [0:3] [0:5.7000000000000002] [-1.8999999999999999:4.7000000000000002]
tree_sizes=1702 1774 1776 1768 1770 1783 1788 1789 1789 1785 1789 1784 1788 1792 1781 1783 1781 1784 1788 1780 1785 1781 1787 1782 1784 1778 1780 1786 1780 1785 1801 1794 1782 1784 1791 1780 1787 1783 1774 1767 1787 1765 1794 1784 1795 1791 1784 1781 1795 1787 1799 1785 1800 1790 1781 1790 1792 1783 1780 1785 1801 1805 1667 1790 1759 1787 1796 1791 1781 1672 1784 1693 1789 1789 1796 1782 1691 1782 1679 1788 1694 1567 1693 1784 1812 1773 1786 1752 1793 1781 1784 1789 1781 1677 1778 1799 1679 1677 1789 1786 1685 1576 1583 1806 1798 1796 1795 1792 1793 1780 1688 1693 1788 1784 1804 1806 1795 1796 1801 1805 1679 1571 1793 1809 1687 1796 1468 1468 1793 1571 1692 1798 1800 1807 1582 1703 1778 1699 1464 1693 1766 1575 1794 1795 1579 1577 1577 1579 1575 1690 1359 1344 1460 1468 1786 1577 1559 1477 1810 1581 1806 1779 1698 1693 1684 1797 1803 1796 1549 1697 1685 1123 1475 1551 1791 1441 1584 1462 1252 1689 1806 1785 1703 1696 1807 1562 1250 1695 1261 1345 1698 1816 1580 1702 1686 1368 1120 1691 1134 1336 1475 1234 1250 1439 1126 1346 1685 1801 1353 1569 920 1260 1256 1371 1479 1688 1579 1483 1590 1370 1351 1256 1483 1143 1247 1581 1794 1465 1462 1813 1145 926 816 1365 1129 1792 1562 1467 1587 1136 1473 1252 1358 1584 1250 1128 708 702 708 924 1448 1480 1470 1365 1479 1365 1342 1474 1591 1482 1465 1365 1702 1697 1254 1029 1680 1136 1582 1223 1467 1032 1246 1010 1251 1366 1373 1029 1038 1246 1143 1012 1143 1370 709 1251 1143 1584 1591 1036 1041 1262 1231 925 1037 1009 1257 1045 705 1031 916 1264 1266 928 928 1139 1472 1582 1471 1242 919 1020 1031 1155 703 997 1249 1251 1251 1254 1247 462 810 926 1138 1116 920 700 805 1030 922 1256 1146 1258 1034 699 816 1141 1034 1034 1451 928 1036 1242 923 1481 1372 1580 592 1132 1253 812 1036 1030 375 1032 1254 1373 1363 1151 1330 1109 813 1024 1560 1458 1036 1127 1138 918 1591 1366 1595 818 807 1143 700 592 808 595 708 1150 924 486 1134 702 929 929 1250 924 814 1040 484 925 1144 1033 708 920 706 483 921 701 700 374 931 1131 482 1032 1361 912 815 1025 1038 1265 1480 817 903 1471 1255 1270 1355 814 819 1148 916 591 594 484 593 704 1585 1143 1665 1361 1242 377

Tree=0
num_leaves=15
num_cat=0
split_feature=37 36 37 36 37 37 37 37 36 37 33 44 2 33
split_gain=629.56 142.143 116.879 19.0459 18.6227 18.5162 14.3491 5.64986 5.43828 4.17078 3.967 2.60733 2.57568 2.1731
threshold=0.76679411895939598 1.5277777777777779 0.36265830560824525 2.5277777777777781 0.92833861327012224 0.24406226310294735 0.635183745978528 0.076860253983818669 1.1547619047619049 1.7366486748380328 -1.0000000180025095e-35 2.5598842023843651 18.834250000000004 0.19999999999999998
decision_type=2 2 2 2 2 2 2 2 2 2 2 2 2 2
left_child=2 4 5 9 12 7 10 -1 -6 -3 -4 -5 -2 -8
right_child=1 3 6 11 8 -7 13 -9 -10 -11 -12 -13 -14 -15
leaf_value=0.30740613843563286 0.31532369221919426 0.31969478522170519 0.3101076608367504 0.32605042658949207 0.31532881529970569 0.30961968575846127 0.31182218607632473 0.30841508918494198 0.31701141976373626 0.32253012161756289 0.31118684742700237 0.33267541053792754 0.31329960725965011 0.3131641435488618
leaf_weight=3483.9490546286106 315.07604801654816 428.36295264959335 1775.0335339903831 154.19031390547752 1811.8029290735722 4467.8833486139774 740.43813046813011 6749.4490332603455 1496.653635174036 650.63492473959923 5774.0652123689651 60.161101520061493 1672.6901830434799 1559.2570508420467
leaf_count=5273 471 633 2590 260 2684 6747 1111 10225 2195 985 8701 81 2449 2325
internal_value=0.311143 0.316631 0.309669 0.322575 0.315173 0.30854 0.311354 0.30807 0.316096 0.321432 0.310934 0.328138 0.313629 0.312737
internal_weight=31139.6 6589.57 24550.1 1293.35 5296.22 14701.3 9848.79 10233.4 3308.46 1079 7549.1 214.351 1987.77 2299.7
internal_count=46730 9758 36972 1959 7799 22245 14727 15498 4879 1618 11291 341 2920 3436
is_linear=0
shrinkage=1


Tree=1
num_leaves=15
num_cat=0
split_feature=37 36 37 42 36 37 42 37 43 37 40 43 37 36
split_gain=604.747 136.583 112.286 23.302 18.3201 18.2766 15.1386 8.99216 7.94088 5.81261 5.54449 5.11265 3.99508 3.13959
threshold=0.76679411895939598 1.5277777777777779 0.3656963784965383 0.75000000000000011 2.5277777777777781 0.24406226310294735 0.55000000000000016 0.92833861327012224 0.55000000000000016 0.635183745978528 -0.12089899443493908 0.55000000000000016 1.7366486748380328 0.95000000000000007
decision_type=2 2 2 2 2 2 2 2 2 2 2 2 2 2
left_child=2 3 5 7 12 10 9 -2 -8 -4 -1 -6 -3 -5
right_child=1 4 6 13 11 -7 8 -9 -10 -11 -12 -13 -14 -15
leaf_value=-0.0018170551503069866 0.0016807690435458626 0.0083810849246909597 -0.00062875758081083939 0.0044282323559089176 0.012841261433040364 -0.0014857269023143694 0.0032990838457535756 0.0038212840375646908 0.0008352720023002086 0.00082353854432974042 -0.0031984573194039456 0.02016167481197155 0.011159617301509741 0.0062045041754399443
leaf_weight=1390.7393128871918 1424.627079218626 428.36295264959335 5201.095800101757 675.91826176643372 108.29929476976395 4580.2991978228092 669.71990975737572 1825.892568975687 2473.6181312799454 1391.9442373216152 8842.6587750017643 106.05212065577507 650.63492473959923 1369.7848853468895
leaf_count=2089 2119 633 7823 970 187 6922 978 2772 3633 2118 13409 154 985 1938
internal_value=-2.16014e-07 0.00537822 -0.00144459 0.00394962 0.0112054 -0.00254109 0.000222866 0.00288783 0.00136516 -0.000320471 -0.00301209 0.0166622 0.0100833 0.00562739
internal_weight=31139.6 6589.57 24550.1 5296.22 1293.35 14813.7 9736.38 3250.52 3143.34 6593.04 10233.4 214.351 1079 2045.7
internal_count=46730 9758 36972 7799 1959 22420 14552 4891 4611 9941 15498 341 1618 2908
is_linear=0
shrinkage=0.02


Tree=2
num_leaves=15
num_cat=0
split_feature=34 34 34 37 34 34 34 34 42 34 43 42 16 35
split_gain=655.753 130.491 128.753 22.8146 18.6071 18.2148 7.42923 5.30054 3.89292 3.85908 3.79487 3.76769 3.41164 1.3195
threshold=0.71506597382476833 1.3077082527503954 0.29009663342637554 2.0068519964919527 0.45926212432403907 0.88697462835112484 0.15518545513906154 2.2058421359942662 0.45000000000000007 1.0960789459665534 -1.0000000180025095e-35 1.0500000000000003 9.4225000000000012 0.63333333333333341
decision_type=2 2 2 2 2 2 2 2 2 2 2 2 2 2
left_child=2 5 6 12 10 8 -1 -5 -2 -7 -4 -6 -3 -8
right_child=1 3 4 7 11 9 13 -9 -10 -11 -12 -13 -14 -15
leaf_value=-0.0036441368535204224 0.0014690776753801191 0.0067956001353302199 0.0023982783658396006 0.011234346191903652 0.00043763229615906106 0.0043684142969263031 -0.0026472696199441982 0.015718773623795378 0.0031869756313285041 0.0060192251155170157 -0.0010183107863672861 0.0023837583334901345 0.0093501382400360076 -0.00046119079489518884
leaf_weight=5286.429936259985 891.57477188110352 367.2551306784153 129.26866939663887 263.37637332081795 6220.9158138930798 1734.206822603941 5920.7149040400982 282.5228907763958 1422.4211501479149 964.6249768435955 6249.6239970326424 426.69242694973946 855.1907559633255 124.82883250713348
leaf_count=8288 1350 568 199 402 9096 2533 8942 453 2076 1427 9267 647 1253 229
internal_value=-7.49375e-08 0.00549934 -0.0015318 0.0101719 -0.000174696 0.00384562 -0.00309064 0.0136224 0.00253123 0.00496618 -0.000946776 0.000564732 0.00860321 -0.00260395
internal_weight=31139.6 6781.17 24358.5 1768.35 13026.5 5012.83 11332 545.899 2314 2698.83 6378.89 6647.61 1222.45 6045.54
internal_count=46730 10062 36668 2676 19209 7386 17459 855 3426 3960 9466 9743 1821 9171
is_linear=0
shrinkage=0.02


Tree=3
num_leaves=15
num_cat=0
split_feature=34 34 34 34 34 34 34 35 34 43 0 34 25 35
split_gain=629.886 125.361 123.663 21.2516 17.8706 17.4907 7.13162 5.73041 3.70213 3.64711 2.98972 1.41304 1.34147 1.26452
threshold=0.71506597382476833 1.3077082527503954 0.29009663342637554 1.8167221222600958 0.45926212432403907 0.88697462835112484 0.15518545513906154 2.3666666666666671 1.0960789459665534 -1.0000000180025095e-35 17.029274344087948 1.5241515419650449 1.6333333333333335 0.63333333333333341
decision_type=2 2 2 2 2 2 2 2 2 2 2 2 2 2
left_child=2 5 6 11 9 12 -1 -5 -7 -4 -6 -3 -2 -8
right_child=1 3 4 7 10 8 13 -9 -10 -11 -12 -13 -14 -15
leaf_value=-0.0035712816605523784 0.0026507722861023853 0.0073940834417511305 0.0023510434899932059 0.01071528769620159 0.0017218139803904619 0.0042811465966301771 -0.0025943419474110268 0.014842723784776635 0.0058990897236857187 -0.00099795104057554028 0.00039664982685443356 0.0091784187450004891 0.0010112497811000834 -0.00045211246055061312
leaf_weight=5286.429936259985 2066.5249294638634 616.93809530138969 129.26866939663887 338.09369984269142 776.84445756673813 1734.206822603941 5920.7149040400982 333.02510783076286 964.6249768435955 6249.6239970326424 5870.7637832760811 480.28824776411057 247.47099256515503 124.82883250713348
leaf_count=8288 3087 922 199 534 1121 2533 8942 511 1427 9267 8622 709 339 229
internal_value=0 0.0053899 -0.00150117 0.00996981 -0.000171143 0.00376895 -0.00302889 0.0128163 0.00486708 -0.000927801 0.000553485 0.00819952 0.00248078 -0.00255193
internal_weight=31139.6 6781.17 24358.5 1768.35 13026.5 5012.83 11332 671.119 2698.83 6378.89 6647.61 1097.23 2314 6045.54
internal_count=46730 10062 36668 2676 19209 7386 17459 1045 3960 9466 9743 1631 3426 9171
is_linear=0
shrinkage=0.02


Tree=4
num_leaves=15
num_cat=0
split_feature=34 34 34 37 34 34 34 34 15 42 42 34 43 37
split_gain=605.04 120.434 118.774 21.1568 17.1631 16.7954 6.85051 4.99126 4.26892 3.73647 3.60788 3.56497 3.50512 1.42981
threshold=0.71506597382476833 1.3077082527503954 0.29009663342637554 2.0068519964919527 0.45926212432403907 0.88697462835112484 0.15778389079303387 2.2058421359942662 10.070411142907744 0.45000000000000007 0.8500000000000002 1.0585116074026053 -1.0000000180025095e-35 0.29319458294393658
decision_type=2 2 2 2 2 2 2 2 2 2 2 2 2 2
left_child=2 5 6 8 12 9 13 -5 -3 -2 -6 -7 -4 -1
right_child=1 3 4 7 10 11 -8 -9 -10 -11 -12 -13 -14 -15
leaf_value=-0.0035244814052292355 0.0013908164709860837 0.0064059618540301634 0.002304739015893969 0.010778437919545077 0.00036205282320445119 0.0040733544481924826 -0.0024906862302883606 0.015129100268122012 0.009132357417820541 0.003073602518368081 0.0017642517389725842 0.0056035921397460343 -0.00097799835087023206 -0.00031922769155580849
leaf_weight=5343.9299265444279 891.57477188110352 399.98307839035988 129.26866939663887 263.37637332081795 5801.7272892892361 1483.1938634216785 5924.4232583642006 282.5228907763958 822.46280825138092 1422.4211501479149 845.88095155358315 1215.6379360258579 6249.6239970326424 63.620487898588181
leaf_count=8350 1350 629 199 402 8494 2166 8989 453 1192 2076 1249 1794 9267 120
internal_value=0 0.00528264 -0.00147115 0.00977171 -0.000167664 0.0036938 -0.00296837 0.0130953 0.00826037 0.00243131 0.000542458 0.00476996 -0.000909205 -0.00348875
internal_weight=31139.6 6781.17 24358.5 1768.35 13026.5 5012.83 11332 545.899 1222.45 2314 6647.61 2698.83 6378.89 5407.55
internal_count=46730 10062 36668 2676 19209 7386 17459 855 1821 3426 9743 3960 9466 8470
is_linear=0
shrinkage=0.02


Tree=5
num_leaves=15
num_cat=0
split_feature=34 34 34 36 34 34 34 34 42 14 34 36 13 27
split_gain=617.686 132.879 113.805 22.7069 17.4658 14.8166 9.12987 6.24721 5.61927 4.20228 3.92245 1.94152 1.57555 1.47819
threshold=0.71506597382476833 1.3077082527503954 0.29009663342637554 2.8166666666666669 0.50467004704726792 1.0585116074026053 1.7237610331593929 0.18747767403713478 0.75000000000000011 11.500000000000002 0.36956710604985898 0.31666666666666671 0.7508375073440946 1.1777920554320558
decision_type=2 2 2 2 2 2 2 2 2 2 2 2 2 2
left_child=2 5 7 6 10 8 -3 11 -2 -6 -4 -1 -7 -9
right_child=1 3 4 -5 9 12 -8 13 -10 -11 -12 -13 -14 -15
leaf_value=-0.0033615934719884045 0.0024506171318462973 0.0079783907578513339 -0.001312960967351968 0.01774804375795359 0.001002543128520664 0.0048928011774483282 0.011113722126523482 -0.0024870766417183767 0.0040828521082202276 -0.00052476947156866217 -0.00039646004117868341 -0.0012060084599624973 0.0065407712172233122 -0.0014241804788107195
leaf_weight=6684.1017451882362 2466.7879337668419 992.78117761015892 3152.1863293945789 141.4952846467495 4194.9229613244534 723.25987902283669 689.27541640400887 3810.6010889708996 1349.3388544917107 859.39288401603699 4698.1335605978966 189.37381246685982 498.0653318464756 673.99943795800209
leaf_count=10352 3690 1465 4718 225 6231 1045 1051 5761 1903 1184 6951 369 764 1013
internal_value=3.70108e-05 0.00533482 -0.00146101 0.009962 -0.00017504 0.00365451 0.0092808 -0.00292091 0.00303221 0.000740769 -0.000765982 -0.00330403 0.00558262 -0.00233027
internal_weight=31123.7 6861 24262.7 1823.55 12904.6 5037.45 1682.06 11358.1 3816.13 5054.32 7850.32 6873.48 1221.33 4484.6
internal_count=46722 10143 36579 2741 19084 7402 2516 17495 5593 7415 11669 10721 1809 6774
is_linear=0
shrinkage=0.02


Tree=6
num_leaves=15
num_cat=0
split_feature=34 34 34 36 34 34 34 34 42 34 42 37 47 42
split_gain=593.324 127.643 109.303 21.8218 16.7743 14.2311 8.76118 5.99664 5.39434 3.76649 2.96366 2.06481 1.69669 1.29618
threshold=0.71506597382476833 1.3077082527503954 0.29009663342637554 2.8166666666666669 0.50467004704726792 1.0585116074026053 1.7237610331593929 0.18747767403713478 0.75000000000000011 0.36956710604985898 0.8500000000000002 0.30288936263841082 0.61577668749163117 0.75000000000000011
decision_type=2 2 2 2 2 2 2 2 2 2 2 2 2 2
left_child=2 5 7 6 9 8 -3 11 -2 -4 -6 -1 -7 -9
right_child=1 3 4 -5 10 12 -8 13 -10 -11 -12 -13 -14 -15
leaf_value=-0.0032958801983911392 0.0024016445037552069 0.0078191437148502629 -0.0012867184820351788 0.017398030370320849 0.00053754124878716578 0.0029850588383773576 0.010892090785160178 -0.002377605966037285 0.0040013158526238726 -0.00038853420472230573 0.0019993985873928101 -0.0010364767500660602 0.0057345524163297948 -0.00096243408909031094
leaf_weight=6692.0048173069954 2466.7879337668419 992.78117761015892 3152.1863293945789 141.4952846467495 4412.3280172646046 122.84349220991135 689.27541640400887 4178.5884050726891 1349.3388544917107 4698.1335605978966 641.98782807588577 181.47074034810066 1098.4817186594009 306.01212185621262
leaf_count=10382 3690 1465 4718 225 6469 186 1051 6302 1903 6951 946 339 1623 472
internal_value=3.63285e-05 0.00522862 -0.00143184 0.00976379 -0.000171558 0.00358168 0.00909576 -0.00286257 0.00297169 -0.000750697 0.000725918 -0.003238 0.00547151 -0.00228374
internal_weight=31123.7 6861 24262.7 1823.55 12904.6 5037.45 1682.06 11358.1 3816.13 7850.32 5054.32 6873.48 1221.33 4484.6
internal_count=46722 10143 36579 2741 19084 7402 2516 17495 5593 11669 7415 10721 1809 6774
is_linear=0
shrinkage=0.02


Tree=7
num_leaves=15
num_cat=0
split_feature=37 37 37 37 36 37 36 33 40 36 40 33 40 26
split_gain=508.263 112.982 94.0955 18.3638 17.3318 14.8328 10.118 5.30991 4.93757 4.44974 4.14675 2.75638 2.4185 2.14465
threshold=0.87300539969800239 0.3656963784965383 1.5458128604600454 0.60118084728178844 2.8166666666666669 0.16077764949595999 1.1547619047619049 0.19999999999999998 -0.066487100510733838 1.788888888888889 -0.084275800311041732 -0.24999999999999992 -0.067519399149961343 1.5857142857142861
decision_type=2 2 2 2 2 2 2 2 2 2 2 2 2 2
left_child=1 5 6 10 9 12 11 -5 -7 -4 -3 -2 -1 -8
right_child=2 3 4 7 -6 8 13 -9 -10 -11 -12 -13 -14 -15
leaf_value=-0.0023862149872705884 0.0006592438314465118 0.00054438344371574184 0.0077403164505136599 0.00036639127052890167 0.017054919476171496 -0.00095162049204508157 0.005615133644075938 0.001884610157964846 -0.0020201521193657776 0.010510619957023251 -0.00056064281445520725 0.0034889398484071678 -0.0032265586310405727 0.0024150039599969038
leaf_weight=2190.5632320940495 157.31068447232246 1886.2583436369896 451.20949923992157 1351.4940246641636 141.4952846467495 2598.6936159729958 1452.6779233515263 3027.2548124492168 5482.1670110225677 730.0992346405983 4788.9004909098148 2224.4148725867271 4535.7757121622562 105.40095585584641
leaf_count=3296 228 2809 671 2009 225 3903 2121 4490 8336 1103 7194 3282 6909 146
internal_value=3.56719e-05 -0.00111704 0.00570043 0.000412162 0.0103186 -0.00225921 0.00414288 0.00141868 -0.00167808 0.0094758 -0.000246819 0.00330695 -0.00295516 0.00540843
internal_weight=31123.7 25861.1 5262.61 11053.9 1322.8 14807.2 3939.8 4378.75 8080.86 1181.31 6675.16 2381.73 6726.34 1558.08
internal_count=46722 38946 7776 16502 1999 22444 5777 6499 12239 1774 10003 3510 10205 2267
is_linear=0
shrinkage=0.02


Tree=8
num_leaves=15
num_cat=0
split_feature=37 37 37 42 42 37 37 43 37 40 41 37 41 40
split_gain=488.224 108.517 90.3964 19.5868 15.4188 14.2902 14.2437 8.68506 6.41346 4.74039 4.42037 2.84675 2.47434 2.31974
threshold=0.87300539969800239 0.3656963784965383 1.5458128604600454 0.55000000000000016 0.75000000000000011 2.3117949336627786 0.16077764949595999 0.55000000000000016 0.635183745978528 -0.066487100510733838 1.0142648182218978 2.9708902928387317 0.88132066687157973 -0.067519399149961343
decision_type=2 2 2 2 2 2 2 2 2 2 2 2 2 2
left_child=1 6 4 8 10 -4 13 -5 -3 -8 -2 -7 -6 -1
right_child=2 3 5 7 12 11 9 -9 -10 -11 -12 -13 -14 -15
leaf_value=-0.0023385342702365894 0.0038334868483827673 -0.00058288974500197565 0.0088330370944543074 0.0033435641279995587 0.0062608696035750212 0.012004647032060238 -0.00093260266618239846 0.001046261167811076 0.00071671145930115264 -0.0019797637735206341 0.0020180952514710099 0.016840505733176549 0.0046090001920870904 -0.0031620559847777502
leaf_weight=2190.5632320940495 1143.8816328048706 5149.6120051145554 986.05717960000038 861.36161354184151 907.78572359681129 222.85816395282745 2598.6936159729958 2895.5891646146774 2147.3448883891106 5482.1670110225677 1092.1030735969543 113.88867497444153 796.03400626778603 4535.7757121622562
leaf_count=3296 1739 7749 1465 1259 1266 354 3903 4255 3239 8336 1629 180 1143 6909
internal_value=3.5037e-05 -0.00109472 0.00558701 0.000403945 0.0040603 0.0101136 -0.00221409 0.00157713 -0.000198982 -0.00164456 0.00295387 0.0137594 0.00550128 -0.00289612
internal_weight=31123.7 25861.1 5262.61 11053.9 3939.8 1322.8 14807.2 3756.95 7296.96 8080.86 2235.98 336.747 1703.82 6726.34
internal_count=46722 38946 7776 16502 5777 1999 22444 5514 10988 12239 3368 534 2409 10205
is_linear=0
shrinkage=0.02


Tree=9
num_leaves=15
num_cat=0
split_feature=34 34 34 36 34 34 34 34 42 43 42 18 37 13
split_gain=530.936 113.991 98.1734 19.2618 14.8802 12.6787 7.83288 5.29458 4.93673 3.96345 2.73194 2.02917 1.89039 1.54276
threshold=0.71506597382476833 1.3077082527503954 0.29009663342637554 2.8166666666666669 0.50467004704726792 1.0585116074026053 1.7237610331593929 0.18747767403713478 0.75000000000000011 -1.0000000180025095e-35 0.8500000000000002 0.79885623556302565 0.2995478925383554 0.7508375073440946
decision_type=2 2 2 2 2 2 2 2 2 2 2 2 2 2
left_child=2 5 7 6 9 8 -3 12 -2 -4 -6 -9 -1 -7
right_child=1 3 4 -5 10 13 -8 11 -10 -11 -12 -13 -14 -15
leaf_value=-0.0031200678940931561 0.0022678811658367881 0.0073945029106642114 0.0021937133585222699 0.016410645707304564 0.00050432231937335619 0.0044975163151257233 0.010304109306083156 1.2517551024231091e-05 0.0037987752890571228 -0.00077556425412057296 0.0019080509962689433 -0.002246655134873625 -0.0010022510231390822 0.0061143878521942429
leaf_weight=6683.700802475214 2466.7879337668419 992.78117761015892 180.57295739650726 141.4952846467495 4412.3280172646046 723.25987902283669 689.27541640400887 155.93729642033577 1349.3388544917107 7669.7469325959682 641.98782807588577 4328.6632305085659 189.77475517988205 498.0653318464756
leaf_count=10367 3690 1465 276 225 6469 1045 1051 239 1903 11393 946 6535 354 764
internal_value=3.44269e-05 0.00494617 -0.00135439 0.00923213 -0.00015995 0.00338962 0.00860356 -0.00271033 0.00281351 -0.00070545 0.000685283 -0.0021659 -0.00306336 0.00517398
internal_weight=31123.7 6861 24262.7 1823.55 12904.6 5037.45 1682.06 11358.1 3816.13 7850.32 5054.32 4484.6 6873.48 1221.33
internal_count=46722 10143 36579 2741 19084 7402 2516 17495 5593 11669 7415 6774 10721 1809
is_linear=0
shrinkage=0.02


Tree=10
num_leaves=15
num_cat=0
split_feature=34 34 34 34 36 34 36 34 42 34 33 42 47 36
split_gain=481.682 117.975 84.0078 21.2862 18.8786 7.0218 5.96204 5.55844 3.95666 3.13603 2.60977 2.12843 1.37545 0.842344
threshold=0.79232510383189303 0.29009663342637554 1.3077082527503954 0.52175211800278332 2.7071428571428577 1.0585116074026053 1.788888888888889 0.15000179802132654 0.15000000000000005 0.36288832018019751 0.55000000000000016 0.35000000000000003 0.61577668749163117 0.23611111111111113
decision_type=2 2 2 2 2 2 2 2 2 2 2 2 2 2
left_child=1 7 5 9 6 10 -4 13 -5 -3 -2 -9 -7 -1
right_child=2 3 4 8 -6 12 -8 11 -10 -11 -12 -13 -14 -15
leaf_value=-0.003229259092364681 0.0023658624622832289 -0.0011121220205581907 0.007001867032198063 -0.0003443622488188901 0.015375771862632143 0.0026461611905562142 0.0095552547220033139 -0.0025321560740564804 0.0011977514652955911 -0.00029596575653348996 0.0036777937900128654 -0.0017251897885746624 0.0051007105110902132 -0.001829723436908495
leaf_weight=4850.3328261375427 1355.5411921441555 2912.3381401896477 921.23255383968353 754.71713477373123 164.31189700961113 126.58196005225182 739.20251426100731 4205.2077516019344 5040.2075090110302 5470.3509855270386 1251.8172728121281 2080.0153900682926 1110.0272842943668 222.56605479121208
leaf_count=7553 2021 4346 1375 1164 264 193 1111 6302 7376 8036 1796 3223 1634 430
internal_value=1.70415e-05 -0.00115349 0.00529022 6.2625e-05 0.00882657 0.00360518 0.00815474 -0.00267211 0.000995136 -0.000580907 0.0030019 -0.00226733 0.00486221 -0.00317057
internal_weight=31204.5 25535.7 5668.71 14177.6 1824.75 3843.97 1660.44 11358.1 5794.92 8382.69 2607.36 6285.22 1236.61 5072.9
internal_count=46824 38430 8394 20922 2750 5644 2486 17508 8540 12382 3817 9525 1827 7983
is_linear=0
shrinkage=0.02


Tree=11
num_leaves=15
num_cat=0
split_feature=34 34 34 34 36 34 36 34 42 42 34 42 21 24
split_gain=462.694 113.308 80.6955 20.4783 18.1393 6.74204 5.71899 5.33596 3.87965 2.57376 2.33873 2.04187 1.64002 1.04668
threshold=0.79232510383189303 0.29009663342637554 1.3077082527503954 0.49726889813939062 2.7071428571428577 1.0585116074026053 1.788888888888889 0.15000179802132654 0.65000000000000002 0.8500000000000002 0.36288832018019751 0.35000000000000003 1.0716042086988726 1.4068528179905084
decision_type=2 2 2 2 2 2 2 2 2 2 2 2 2 2
left_child=1 7 5 10 6 9 -4 13 -5 -2 -3 -9 -7 -1
right_child=2 3 4 8 -6 12 -8 11 -10 -11 -12 -13 -14 -15
leaf_value=-0.0031622294382572746 0.0024988355487778982 -0.0010898947299327042 0.006862133085300294 0.00058004864301650105 0.015071954413735057 0.0041935192188316608 0.0093646653207132991 -0.0024815370508877422 0.0016790796872516182 0.0039044951752748975 -0.0003638452614353661 -0.001690719128072844 0.005904005591117454 -0.0014111126577613098
leaf_weight=4906.2123004794121 1797.310798406601 2912.3381401896477 921.23255383968353 4769.9350545108318 164.31189700961113 835.26115706562996 739.20251426100731 4205.2077516019344 1785.9942571222782 810.04766654968262 4709.34631767869 2080.0153900682926 401.34808728098869 166.68658044934273
leaf_count=7677 2678 4346 1375 7037 264 1243 1111 6302 2596 1139 6943 3223 584 306
internal_value=1.67467e-05 -0.00113047 0.00518495 6.13286e-05 0.00865095 0.00353338 0.00799217 -0.00261875 0.000881397 0.00294203 -0.000642802 -0.00222204 0.00476538 -0.00310724
internal_weight=31204.5 25535.7 5668.71 14177.6 1824.75 3843.97 1660.44 11358.1 6555.93 2607.36 7621.68 6285.22 1236.61 5072.9
internal_count=46824 38430 8394 20922 2750 5644 2486 17508 9633 3817 11289 9525 1827 7983
is_linear=0
shrinkage=0.02


Tree=12
num_leaves=15
num_cat=0
split_feature=34 34 34 34 34 36 17 34 34 36 33 31 34 43
split_gain=444.455 108.828 77.7317 19.7265 14.1941 12.658 6.69994 5.17137 4.1988 2.58231 2.49608 2.16802 2.15166 1.48571
threshold=0.79232510383189303 0.29009663342637554 1.5241515419650449 0.45926212432403907 1.0585116074026053 2.8166666666666669 1.6235169941398924 0.20289508814202031 0.67507062557582731 0.31666666666666671 0.55000000000000016 1.3695825194816489 1.3077082527503954 0.35000000000000003
decision_type=2 2 2 2 2 2 2 2 2 2 2 2 2 2
left_child=1 7 4 11 10 6 -4 9 -5 -1 -2 -3 -6 -9
right_child=2 3 5 8 12 -7 -8 13 -10 -11 -12 -13 -14 -15
leaf_value=-0.0029430489244900507 0.002261397315962302 -0.00090402233545679958 0.0060769273262349897 0.00046556320683038805 0.0046705571558437889 0.015266416623718972 0.0097691739232526938 -0.0022519269651856025 0.001544487249190214 -0.00083336770404331204 0.0035442148298546979 0.00020623002192204419 0.0062577569904346212 -0.0013920241504588214
leaf_weight=7289.6921533644199 1355.5411921441555 5580.9368966221809 305.63081026077271 5874.5741337239742 1236.6092443466187 143.1123731136322 777.79033905267715 2483.9366421699524 1934.1261555850506 255.47290208935738 1251.8172728121281 787.97658357024193 598.21344268321991 1329.0203249752522
leaf_count=11229 2021 8269 500 8599 1827 230 1136 3738 2876 494 1796 1178 884 2047
internal_value=1.64756e-05 -0.0011079 0.0050818 6.00902e-05 0.00384429 0.00954203 0.00874993 -0.00256646 0.000734408 -0.00287318 0.00288337 -0.000765068 0.00519973 -0.00195571
internal_weight=31204.5 25535.7 5668.71 14177.6 4442.18 1226.53 1083.42 11358.1 7808.7 7545.17 2607.36 6368.91 1834.82 3812.96
internal_count=46824 38430 8394 20922 6528 1866 1636 17508 11475 11723 3817 9447 2711 5785
is_linear=0
shrinkage=0.02


Tree=13
num_leaves=15
num_cat=0
split_feature=37 36 37 42 36 37 42 37 37 42 36 41 37 40
split_gain=378.458 90.3378 72.0755 14.3913 14.3761 12.0734 11.5831 5.52593 5.03915 4.87951 4.30286 3.63444 3.55517 2.12406
threshold=0.76679411895939598 1.5277777777777779 0.33841335370160719 0.65000000000000002 2.8166666666666669 0.14769111976566532 0.45000000000000007 1.1445344215025268 0.49331068966760111 0.35000000000000003 2.0500000000000003 0.85996211781698018 0.60698593054637062 -0.07808000131358693
decision_type=2 2 2 2 2 2 2 2 2 2 2 2 2 2
left_child=2 3 5 7 10 13 12 -2 -8 -7 -3 -5 -4 -1
right_child=1 4 6 11 -6 9 8 -9 -10 -11 -12 -13 -14 -15
leaf_value=-0.0021045383448278629 0.0015933843643398558 0.0071165941693457557 -0.00072334719398669037 0.0050438827380542292 0.014965296456266531 -0.0019651616286950439 4.8694600978113105e-05 0.0037266819802767455 0.0014194884690542956 -0.00093111837587349768 0.0098013025506443283 0.003446830708587006 0.00041173770655842534 -0.0029772063397391019
leaf_weight=1648.7430418133736 2191.9753829538822 768.70429381728172 4730.4812136590481 1129.5126957297325 143.1123731136322 4628.0733448863029 1800.4803458452225 640.10561403632164 2709.9012286365032 3103.8744942843914 436.49543386697769 1352.1102065443993 1425.8961206078529 4494.9846767187119
leaf_count=2469 3301 1131 7136 1592 230 7032 2663 996 3983 4706 676 1937 2155 6817
internal_value=1.62253e-05 0.00424333 -0.00113106 0.00306514 0.00886778 -0.00208128 0.000104227 0.00208137 0.000874767 -0.0015517 0.00811184 0.00418123 -0.000458775 -0.0027454
internal_weight=31204.5 6662.02 24542.4 5313.7 1348.31 13875.7 10666.8 2832.08 4510.38 7731.95 1205.2 2481.62 6156.38 6143.73
internal_count=46824 9863 36961 7826 2037 21024 15937 4297 6646 11738 1807 3529 9291 9286
is_linear=0
shrinkage=0.02


Tree=14
num_leaves=15
num_cat=0
split_feature=36 36 36 36 36 36 36 36 41 33 14 4 36 27
split_gain=360.251 76.4509 74.7205 18.2341 13.701 9.50837 4.98299 4.42847 3.58488 3.2646 2.88139 2.63691 2.20478 1.10978
threshold=0.81666666666666676 0.41428571428571431 1.788888888888889 0.11805555555555557 1.1547619047619049 2.8166666666666669 0.61250000000000016 0.23611111111111113 1.2947631116092653 0.25000000000000006 12.500000000000002 28.510507842895624 1.5277777777777779 1.2584393294832161
decision_type=2 2 2 2 2 2 2 2 2 2 2 2 2 2
left_child=1 3 4 13 9 11 10 -5 -8 -2 -3 -4 -6 -1
right_child=2 6 5 7 12 -7 8 -9 -10 -11 -12 -13 -14 -15
leaf_value=-0.0027241710830429294 0.0014639413521716018 0.00032917395124043211 0.004760570421531031 -0.0017754598369772263 0.0044523336157793704 0.01467011570047057 0.0016161913058363503 -0.00095421906334205639 0.00011314743850708967 0.0030570989169175691 -0.0015253027251051151 0.0092245632631980309 0.0062176784261513997 -0.0017042320166717098
leaf_weight=5501.1255069077015 742.04879528284073 4664.1314196586609 75.023462355136871 4327.8230610787868 1567.2183090746403 143.1123731136322 2336.9956477880478 6955.5704489946365 891.75506097078323 1974.9349131584167 357.77459877729416 716.0260263979435 414.15023893117905 536.76060402393341
leaf_count=8289 1119 7022 114 6615 2303 230 3420 10469 1369 2903 497 1085 608 781
internal_value=1.59762e-05 -0.000992319 0.0045942 -0.00174713 0.00356082 0.00976217 0.000591154 -0.00127036 0.00120448 0.00262706 0.000194511 0.00882688 0.00483227 -0.00263575
internal_weight=31204.5 25571.9 5632.51 17321.3 4698.35 934.162 8250.66 11283.4 3228.75 2716.98 5021.91 791.049 1981.37 6037.89
internal_count=46824 38462 8362 26154 6933 1429 12308 17084 4789 4022 7519 1199 2911 9070
is_linear=0
shrinkage=0.02


Tree=15
num_leaves=15
num_cat=0
split_feature=34 34 34 34 34 34 42 34 3 42 0 50 14 37
split_gain=388.728 96.6182 64.8085 14.4052 12.1919 9.53221 6.49342 5.75857 3.36938 2.76243 2.6468 2.5585 2.28057 1.61554
threshold=0.79232510383189303 0.36288832018019751 1.3077082527503954 1.8167221222600958 0.20780063536999324 0.58764056955639077 0.65000000000000002 2.7344846369021023 45.01832661115975 0.55000000000000016 13.236900662963148 -0.16654641252996363 12.500000000000002 0.31577249434927673
decision_type=2 2 2 2 2 2 2 2 2 2 2 2 2 2
left_child=1 4 6 -4 13 12 11 -5 -8 -7 -6 -2 -3 -1
right_child=2 5 3 7 10 9 8 -9 -10 -11 -12 -13 -14 -15
leaf_value=-0.0027315172203336321 0.0010732978311268915 5.8995896626049638e-06 0.0064206396969623703 0.0092733180294907354 0.00094921328690012309 0.00068077642166861768 0.0045345325426131766 0.014596254732163541 0.0024971995187858622 0.0017719741804767173 -0.0015668299717454624 0.0028414925214627078 -0.0013872789277269047 -0.0010233396438426824
leaf_weight=7538.1438711881638 464.54796826839447 6763.2067778706551 1091.5148922204971 588.28667303919792 165.48574769496918 2300.5046567320824 1535.4115836024284 112.29014497995377 455.0534188747406 1612.8571391999722 6390.1907505393028 1341.1504061222076 502.01764023303986 250.94016775488853
leaf_count=11623 731 10001 1620 910 246 3410 2162 181 642 2347 9619 2050 675 467
internal_value=-8.62695e-06 -0.0010551 0.00476781 0.0079055 -0.00214135 0.000338057 0.00328056 0.0101798 0.00407676 0.00113373 -0.00150152 0.00239382 -8.93465e-05 -0.00267805
internal_weight=31111.6 25523.3 5588.26 1792.09 14344.8 11178.6 3796.16 700.577 1990.47 3913.36 6555.68 1805.7 7265.22 7789.08
internal_count=46684 38388 8296 2711 21955 16433 5585 1091 2804 5757 9865 2781 10676 12090
is_linear=0
shrinkage=0.02


Tree=16
num_leaves=15
num_cat=0
split_feature=37 37 37 42 36 37 37 42 40 41 37 24 44 42
split_gain=326.203 85.3562 56.6683 15.8185 11.3455 11.0344 7.11266 7.08821 3.45894 3.44373 3.32832 2.79383 2.63509 2.22729
threshold=0.91665445218986397 0.3656963784965383 1.5458128604600454 0.75000000000000011 2.4722222222222228 0.20077039098821972 0.635183745978528 0.65000000000000002 -0.07808000131358693 0.8449218263432926 0.66068060304250631 1.0091305161962711 2.9144966516422319 0.35000000000000003
decision_type=2 2 2 2 2 2 2 2 2 2 2 2 2 2
left_child=1 5 7 6 -4 8 -3 9 -1 -2 -5 -9 -6 -7
right_child=2 3 4 10 12 13 -8 11 -10 -11 -12 -13 -14 -15
leaf_value=-0.0016758489442567485 0.0039879616126856131 -0.00032764473376443727 0.0073999209834406578 0.0012571057007761159 0.010674436194599344 -0.0015707987690189845 0.00084111613875790376 0.0048003260595230737 -0.0026026428436726344 0.001896763110109421 0.0028715157751241782 0.0028521472095311791 0.016361067059756196 -0.00080210245073881125
leaf_weight=2302.3326068222523 456.27905833721161 6296.6898662745953 1037.8289184570312 1225.8431965112686 198.36970037221909 3643.5447617173195 3107.8140750527382 1371.3350507318974 6177.1620181202888 1166.9948208630085 926.65743941068649 427.6274571120739 63.227869093418121 2709.8949994444847
leaf_count=3447 723 9436 1559 1822 326 5530 4646 1969 9394 1742 1336 590 86 4078
internal_value=-8.3542e-06 -0.000875015 0.00483172 0.000412853 0.00839132 -0.00187904 5.76178e-05 0.0034731 -0.00235264 0.00249491 0.00195878 0.00434646 0.0122005 -0.00124486
internal_weight=31111.6 26389.9 4721.66 11557 1299.43 14832.9 9404.5 3422.24 8479.49 1623.27 2152.5 1798.96 261.598 6353.44
internal_count=46684 39689 6995 17240 1971 22449 14082 5024 12841 2465 3158 2559 412 9608
is_linear=0
shrinkage=0.02


Tree=17
num_leaves=15
num_cat=0
split_feature=34 34 34 34 34 34 34 42 43 14 50 3 23 41
split_gain=360.301 89.8555 60.2437 16.7922 11.295 8.8025 5.32316 5.05352 3.33931 2.7055 2.65417 2.53846 1.97364 1.79551
threshold=0.79232510383189303 0.36288832018019751 1.2168626973380638 1.8167221222600958 0.20780063536999324 0.58764056955639077 2.7344846369021023 0.65000000000000002 -1.0000000180025095e-35 10.500000000000002 -0.14388996924713646 44.005777919636479 2.0260352104853125 0.75222187285313458
decision_type=2 2 2 2 2 2 2 2 2 2 2 2 2 2
left_child=1 4 7 13 -1 8 -5 10 -3 -7 -2 -9 -6 -4
right_child=2 5 3 6 12 9 -8 11 -10 -11 -12 -13 -14 -15
leaf_value=-0.0025797780480975806 0.00088568121761930531 0.0019600457593469353 0.0052675310765429237 0.0089280861631821449 -0.0014870423870294797 0.0014534964694050245 0.014054345593202932 0.0041890387608096704 -0.0001738948282048251 0.00031367675949744945 0.0026644638068170092 0.0024117351090743745 0.001555929930745686 0.0068760055909298711
leaf_weight=7789.0840389430523 497.15381127595901 303.83024814724922 831.76170599460602 588.28667303919792 6474.0266724228859 2664.0534607172012 112.29014497995377 1275.7359634637833 6961.3941699564457 1249.3083352148533 1191.993100643158 486.82691091299057 81.649825811386108 604.20677679777145
leaf_count=12090 777 435 1245 910 9716 3993 181 1788 10241 1764 1811 691 149 893
internal_value=-8.08946e-06 -0.00101558 0.00459038 0.00723228 -0.00206313 0.000327903 0.00980164 0.00294896 -8.2763e-05 0.00109252 0.00214851 0.0037071 -0.00144715 0.0059599
internal_weight=31111.6 25523.3 5588.26 2136.55 14344.8 11178.6 700.577 3451.71 7265.22 3913.36 1689.15 1762.56 6555.68 1435.97
internal_count=46684 38388 8296 3229 21955 16433 1091 5067 10676 5757 2588 2479 9865 2138
is_linear=0
shrinkage=0.02


Tree=18
num_leaves=15
num_cat=0
split_feature=34 34 34 34 34 36 34 42 36 43 42 34 23 36
split_gain=346.104 86.301 57.9967 12.7581 10.8466 8.75526 8.45471 4.64919 3.74108 3.20794 2.61075 2.57778 1.89783 1.67784
threshold=0.79232510383189303 0.36288832018019751 1.5241515419650449 1.1909437216833367 0.20780063536999324 2.4722222222222228 0.58764056955639077 0.65000000000000002 1.2928571428571431 -1.0000000180025095e-35 0.15000000000000005 2.7344846369021023 2.0260352104853125 0.41428571428571431
decision_type=2 2 2 2 2 2 2 2 2 2 2 2 2 2
left_child=1 4 3 7 13 8 9 -2 -4 -3 -8 -7 -6 -1
right_child=2 6 5 -5 12 11 10 -9 -10 -11 -12 -13 -14 -15
leaf_value=-0.0025556090221100117 0.0020441221425055401 0.0019211011717944905 0.0034621798015493223 0.0053427220731556094 -0.0014573107435422437 0.0097137734212214676 -0.00031339723827339947 0.0035658545200349182 0.0079179172032627886 -0.00017041793316249052 0.0012615392527451101 0.01465395589973529 0.0015255553476431008 0.00050605964328657483
leaf_weight=7722.9217366874218 1645.8327089548111 303.83024814724922 97.157056361436844 1078.0926266014576 6474.0266724228859 158.1534920334816 467.59446606040001 1687.7533951997757 819.0815297961235 6961.3941699564457 3445.7673298716545 102.18427816033363 81.649825811386108 66.162302255630493
leaf_count=11955 2522 435 179 1609 9716 249 721 2371 1206 10241 5036 160 149 135
internal_value=-7.80385e-06 -0.000995253 0.00449915 0.00344031 -0.00202187 0.0084483 0.000321376 0.00281923 0.0074649 -8.10703e-05 0.00107074 0.0117879 -0.00141818 -0.0025282
internal_weight=31111.6 25523.3 5588.26 4411.68 14344.8 1176.58 11178.6 3333.59 916.239 7265.22 3913.36 260.338 6555.68 7789.08
internal_count=46684 38388 8296 6502 21955 1794 16433 4893 1385 10676 5757 409 9865 12090
is_linear=0
shrinkage=0.02


Tree=19
num_leaves=15
num_cat=0
split_feature=34 34 34 34 34 36 34 13 16 14 34 41 14 23
split_gain=332.465 82.8833 55.7306 12.2502 10.4154 8.41634 8.11909 4.99014 4.27428 2.59984 2.46843 2.4473 2.18984 1.82496
threshold=0.79232510383189303 0.36288832018019751 1.5241515419650449 1.1909437216833367 0.20780063536999324 2.4722222222222228 0.58764056955639077 0.2713920879376977 6.3900000000000032 10.500000000000002 2.7344846369021023 1.2562954309361112 12.500000000000002 2.0260352104853125
decision_type=2 2 2 2 2 2 2 2 2 2 2 2 2 2
left_child=1 4 3 7 -1 8 12 -2 -4 -8 -7 -5 -3 -6
right_child=2 6 5 11 13 10 9 -9 -10 -11 -12 -13 -14 -15
leaf_value=-0.0024776166767970717 0.0019488571699108326 1.3897317370608593e-05 0.0024237282051341002 0.0045415815481392261 -0.0014281735118988283 0.009521924140819241 0.0014030832171014163 0.0035232260498955785 0.0077278110877346297 0.00028579748257005918 0.014366503061343312 0.0067739864811700284 -0.0013513838520531913 0.0014957737179830794
leaf_weight=7789.0840389430523 1619.5612333118916 6763.2067778706551 74.037786036729813 752.63240134716034 6474.0266724228859 158.1534920334816 2664.0534607172012 1714.0248708426952 842.20080012083054 1249.3083352148533 102.18427816033363 325.46022525429726 502.01764023303986 81.649825811386108
leaf_count=12090 2273 10001 125 1126 9716 249 3993 2620 1260 1764 160 483 675 149
internal_value=-7.53538e-06 -0.000975339 0.00440971 0.00337169 -0.00198143 0.00828105 0.00031494 0.00276297 0.00731631 0.00104928 0.0115566 0.00523607 -7.94118e-05 -0.00138979
internal_weight=31111.6 25523.3 5588.26 4411.68 14344.8 1176.58 11178.6 3333.59 916.239 3913.36 260.338 1078.09 7265.22 6555.68
internal_count=46684 38388 8296 6502 21955 1794 16433 4893 1385 5757 409 1609 10676 9865
is_linear=0
shrinkage=0.02


Tree=20
num_leaves=15
num_cat=0
split_feature=34 34 34 34 34 34 34 14 14 43 16 13 15 23
split_gain=329.856 69.9143 67.1765 15.314 10.0823 8.26238 3.49573 3.40525 3.36491 3.19304 2.79377 2.62263 1.6774 1.23287
threshold=0.71506597382476833 1.5241515419650449 0.29009663342637554 1.0585116074026053 0.52175211800278332 2.2058421359942662 0.15778389079303387 9.5000000000000018 11.500000000000002 0.55000000000000016 6.4400000000000022 1.0000000180025095e-35 4.9391149594506354 2.1808295935743547
decision_type=2 2 2 2 2 2 2 2 2 2 2 2 2 2
left_child=2 3 6 7 11 10 13 -2 -6 -7 -3 -4 -5 -1
right_child=1 5 4 12 8 9 -8 -9 -10 -11 -12 -13 -14 -15
leaf_value=-0.0026365700428753825 0.0028563085104727081 0.0027985783908431915 -0.00094303761863782335 0.0012087474065144944 0.00090581683890972103 0.0089467178257436226 -0.0018677135786959252 0.0016366165335937727 -0.00050736086104144246 0.0135030635457494 0.0075112212146274376 -0.0002159892765941765 0.0045759029798454996 -0.00069373749174589719
leaf_weight=5241.6635188758373 1813.6799767315388 64.535071641206741 3388.6945444345474 71.427900284528732 3773.5412469208241 189.70986467599869 5933.4527665674686 1999.5786431133747 809.3586522936821 146.64241549372673 790.78247281908989 4904.2386620044708 1774.6302692592144 150.16249361634254
leaf_count=8156 2739 107 4724 124 5624 326 8983 2871 1104 221 1154 7536 2599 278
internal_value=9.60098e-06 0.00388351 -0.00108687 0.00295168 -9.7761e-05 0.00828811 -0.00221029 0.00222055 0.00065395 0.0110308 0.00717467 -0.00051444 0.00445248 -0.00258459
internal_weight=31052.1 6850.99 24201.1 5659.32 12875.8 1191.67 11325.3 3813.26 4582.9 336.352 855.318 8292.93 1846.06 5391.83
internal_count=46546 10141 36405 8333 18988 1808 17417 5610 6728 547 1261 12260 2723 8434
is_linear=0
shrinkage=0.02


Tree=21
num_leaves=15
num_cat=0
split_feature=37 37 36 37 37 36 37 12 14 37 43 25 43 37
split_gain=282.457 62.2354 57.7321 10.2264 10.0065 8.0067 6.65751 3.21577 3.03781 2.73331 2.64227 2.4679 2.04829 2.02642
threshold=0.86201331970811312 0.3656963784965383 1.788888888888889 0.11979523794597631 0.635183745978528 2.8166666666666669 1.1445344215025268 18.731303174030351 9.5000000000000018 0.24406226310294735 -1.0000000180025095e-35 1.7750000000000001 0.55000000000000016 1.6690004123451307
decision_type=2 2 2 2 2 2 2 2 2 2 2 2 2 2
left_child=1 3 6 -1 10 7 8 -4 -2 -5 -3 -6 -7 -8
right_child=2 4 5 9 11 12 13 -9 -10 -11 -12 -13 -14 -15
leaf_value=-0.0024463128538777601 0.0032406265706083916 0.0014894230487014276 0.0064454309077971892 -0.0016481998571356126 0.0013280855240441222 0.0096514231102887114 0.003816184049070262 0.0092495257432407049 0.0017985927590552623 -0.00096554938665786394 -0.0002280828379468373 -0.00042403811411649453 0.016008124123149722 0.0058611247482463144
leaf_weight=5043.2049328684807 1193.8817076981068 374.49470755457878 402.65917393565178 5154.5175011754036 3186.7431465089321 64.337551862001419 1753.7040501236916 390.2483349442482 1261.7571320533752 4525.4942063093185 7028.6209833920002 347.41272577643394 73.81232076883316 251.21002376079559
leaf_count=7600 1799 539 599 7821 4752 112 2562 593 1818 6845 10533 491 108 374
internal_value=9.46958e-06 -0.000864635 0.00417026 -0.00171357 0.000277345 0.00870276 0.00321847 0.00785791 0.00250582 -0.00133035 -0.000139472 0.00115288 0.0132991 0.00408298
internal_weight=31052.1 25660.5 5391.61 14723.2 10937.3 931.057 4460.55 792.908 2455.64 9680.01 7403.12 3534.16 138.15 2004.91
internal_count=46546 38581 7965 22266 16315 1412 6553 1192 3617 14666 11072 5243 220 2936
is_linear=0
shrinkage=0.02


Tree=22
num_leaves=15
num_cat=0
split_feature=34 34 34 34 36 34 15 14 34 14 13 43 36 15
split_gain=305.998 64.7231 62.4764 14.2223 9.54635 9.31644 4.30097 3.22352 3.21209 3.20037 2.51164 1.95574 1.67918 1.58203
threshold=0.71506597382476833 1.5241515419650449 0.29009663342637554 1.0585116074026053 2.8166666666666669 0.52175211800278332 9.1641773576223944 11.500000000000002 0.15778389079303387 9.5000000000000018 1.0000000180025095e-35 0.55000000000000016 0.5634920634920636 4.9391149594506354
decision_type=2 2 2 2 2 2 2 2 2 2 2 2 2 2
left_child=2 3 8 9 6 10 -3 -7 -1 -2 -4 -6 -10 -5
right_child=1 4 5 13 11 7 -8 -9 12 -11 -12 -13 -14 -15
leaf_value=-0.0024891333967944841 0.0027555958485482759 0.0038857159405715196 -0.00091275529851434238 0.0011375371346571317 0.0094642141675888476 0.00087634304690627229 0.0078113076715770422 -0.00050677370039352873 -0.0018403799188429356 0.0015727541288715746 -0.0002012593396126277 0.015696407851636979 0.0010521051177808129 0.0044102535640212596
leaf_weight=5391.8260124921799 1813.6799767315388 146.89943340420723 3388.6945444345474 71.427900284528732 64.337551862001419 3773.5412469208241 906.62051859498024 809.3586522936821 5857.6839127838612 1999.5786431133747 4904.2386620044708 73.81232076883316 75.768853783607483 1774.6302692592144
leaf_count=8434 2739 254 4724 124 112 5624 1334 1104 8828 2871 7536 108 155 2599
internal_value=9.37444e-06 0.00374057 -0.00104668 0.00284389 0.00797868 -9.27801e-05 0.00728181 0.000629783 -0.00213009 0.00213911 -0.000493349 0.0130419 -0.00180142 0.0042904
internal_weight=31052.1 6850.99 24201.1 5659.32 1191.67 12875.8 1053.52 4582.9 11325.3 3813.26 8292.93 138.15 5933.45 1846.06
internal_count=46546 10141 36405 8333 1808 18988 1588 6728 17417 5610 12260 220 8983 2723
is_linear=0
shrinkage=0.02


Tree=23
num_leaves=15
num_cat=0
split_feature=34 34 34 34 34 34 3 14 34 14 42 43 15 42
split_gain=293.943 62.1951 60.0009 13.658 8.94742 7.43766 3.2876 3.09664 3.08325 3.0717 2.83464 2.45706 1.51644 1.40381
threshold=0.71506597382476833 1.5241515419650449 0.29009663342637554 1.0585116074026053 0.52175211800278332 2.2058421359942662 48.936108458600586 11.500000000000002 0.15778389079303387 9.5000000000000018 0.75000000000000011 -1.0000000180025095e-35 5.0338329868710856 0.75000000000000011
decision_type=2 2 2 2 2 2 2 2 2 2 2 2 2 2
left_child=2 3 8 9 11 10 -7 -6 -1 -2 -3 -4 -5 -10
right_child=1 5 4 12 7 6 -8 -9 13 -11 -12 -13 -14 -15
leaf_value=-0.0024393692249339376 0.0027005446498886815 0.004752152975283465 0.0017028142210186187 0.0011968887867506402 0.00085882547194198052 0.009119477845233601 0.014537731096324729 -0.0004966632168954396 -0.0018464349040218896 0.0015413304623419111 0.0075336014524048376 -0.00053824651567954392 0.0043257416014025806 -0.00054460784892412513
leaf_weight=5391.8260124921799 1813.6799767315388 244.48890647292137 196.60958769917488 75.380768328905106 3773.5412469208241 262.03421810269356 74.31806206703186 809.3586522936821 5555.2875916659832 1999.5786431133747 610.82863798737526 8096.3236187398434 1770.677401214838 378.16517490148544
leaf_count=8434 2739 419 303 130 5624 442 105 1104 8394 2871 842 11957 2593 589
internal_value=9.26772e-06 0.00366624 -0.00102577 0.00278719 -9.09423e-05 0.00782084 0.0104251 0.000617147 -0.0020875 0.00209643 0.00676314 -0.000483512 0.00420482 -0.00176536
internal_weight=31052.1 6850.99 24201.1 5659.32 12875.8 1191.67 336.352 4582.9 11325.3 3813.26 855.318 8292.93 1846.06 5933.45
internal_count=46546 10141 36405 8333 18988 1808 547 6728 17417 5610 1261 12260 2723 8983
is_linear=0
shrinkage=0.02


Tree=24
num_leaves=15
num_cat=0
split_feature=35 35 35 41 35 35 41 38 35 33 26 24 33 41
split_gain=205.267 45.1736 42.7124 13.1398 6.20208 5.68918 9.25036 5.21823 5.1426 4.14159 2.97901 2.38211 2.29824 2.12669
threshold=0.90000000000000013 1.9000000000000001 0.29166666666666669 0.9685206172052413 1.5500000000000003 0.55000000000000016 1.6819120861918453 0.75000000000000011 2.4500000000000006 0.35000000000000003 1.3875000000000002 0.62679405062901961 1.0500000000000003 1.409412939569558
decision_type=2 2 2 2 2 2 2 2 2 2 2 2 2 2
left_child=2 3 9 7 -5 12 -7 -2 13 11 -11 -1 -4 -3
right_child=1 8 5 4 -6 6 -8 -9 -10 10 -12 -13 -14 -15
leaf_value=-0.0023134493738034925 0.0015563590359732762 0.0070063987896415792 -0.00047368912773169708 0.0012824064969960563 0.0038044793915480591 0.00089086205161521337 -0.00098191357354403914 0.0043352836672680374 0.0096028994184477624 -0.0012467437547839806 0.00049532133636974516 -0.0015640004948775513 0.0011515274215108163 0.003757749461758535
leaf_weight=2776.3593033850193 338.54297119379044 431.47657069563866 5127.4141878783703 2186.8761352598667 482.13110861182213 5198.4443887174129 1317.1217750310898 1717.1277868449688 340.09096086025238 5322.0010434389114 414.28309679031372 4903.96999797225 368.32734677195549 127.93182528018951
leaf_count=4188 496 640 7751 3251 705 7707 2013 2497 530 8209 612 7205 548 194
internal_value=9.16274e-06 0.00346634 -0.000755319 0.0026788 0.00174425 0.000110237 0.000510561 0.00388445 0.00757674 -0.00153086 -0.00111906 -0.00183675 -0.000362568 0.00629731
internal_weight=31052.1 5624.18 25427.9 4724.68 2669.01 12011.3 6515.57 2055.67 899.499 13416.6 5736.28 7680.33 5495.74 559.408
internal_count=46546 8313 38233 6949 3956 18019 9720 2993 1364 20214 8821 11393 8299 834
is_linear=0
shrinkage=0.02


Tree=25
num_leaves=15
num_cat=0
split_feature=37 37 36 42 37 42 37 36 43 37 12 33 27 47
split_gain=243.611 61.8066 35.5986 14.9366 8.08284 6.965 6.01929 5.2664 4.19193 3.54954 2.70487 2.6892 2.14636 1.9899
threshold=0.89466662570919542 0.3656963784965383 1.7638888888888891 0.75000000000000011 0.20077039098821972 0.8500000000000002 0.54402291139476111 2.7071428571428577 0.75000000000000011 1.2087467006013275 19.087247565192722 0.19999999999999998 1.5594144021166225 2.0576338583835665
decision_type=2 2 2 2 2 2 2 2 2 2 2 2 2 2
left_child=1 4 5 6 12 9 -3 10 -5 -2 -4 -6 -1 -7
right_child=2 3 7 8 11 13 -8 -9 -10 -11 -12 -13 -14 -15
leaf_value=-0.0020970789738564326 0.0020256011065536502 -0.00053050657071021588 0.005851036221001007 0.0030947762206682285 -0.0015681576477505708 0.0046777094627471838 0.00049186041434472031 0.011024901204180839 0.0011904273745416878 0.0036537661720015499 0.008622346389354666 -0.00072954804471961473 -0.00024809524285290493 0.0027294628912839874
leaf_weight=8187.6486895084381 1678.0815657973289 4585.7228678762913 493.52532583475113 720.97292876243591 2733.971258610487 1236.1439296901226 4623.2245416343212 163.02544459700584 1378.1118423044682 837.93523985147476 258.54166179895401 3648.7224067151546 272.37488666176796 298.99052709341049
leaf_count=12438 2499 6878 748 1049 4043 1749 6933 261 2026 1294 393 5608 416 423
internal_value=-1.1703e-05 -0.000783272 0.00404781 0.000329929 -0.00163198 0.00323583 -1.61604e-05 0.00761669 0.0018516 0.00257429 0.00683735 -0.0010907 -0.0020388 0.00430881
internal_weight=31117 26150.7 4966.24 11308 14842.7 4051.15 9208.95 915.092 2099.08 2516.02 752.067 6382.69 8460.02 1535.13
internal_count=46758 39391 7367 16886 22505 5965 13811 1402 3075 3793 1141 9651 12854 2172
is_linear=0
shrinkage=0.02


Tree=26
num_leaves=15
num_cat=0
split_feature=36 36 36 36 36 36 41 27 41 41 23 13 27 41
split_gain=229.182 51.0074 36.7006 9.5139 8.03597 7.25188 4.28492 3.08329 2.35172 3.68492 2.13523 1.85104 1.62241 1.55357
threshold=0.73214285714285732 1.5634920634920637 0.41428571428571431 0.13392857142857142 1.1547619047619049 2.6125000000000003 1.0382948204168783 1.0304378791504363 1.4756575637083029 0.8449218263432926 0.88906243774095683 1.0277395415644259 1.4700203008510202 0.77138186959870925
decision_type=2 2 2 2 2 2 2 2 2 2 2 2 2 2
left_child=2 4 3 12 6 10 -2 -5 9 -4 -3 -10 -1 -6
right_child=1 5 8 7 13 -7 -8 -9 11 -11 -12 -13 -14 -15
leaf_value=-0.0021120319273552754 0.0024385175062694702 0.0075370912603044205 0.00021234465435309184 -0.001266963063533022 0.0044425178803883603 0.010488800140368792 0.0011058628216427918 -0.00050039864167110112 -0.00095399681185760732 0.0014657900255942381 0.0054360325679799941 0.00053063618429320376 -0.0004417737011016757 0.0030488646545353353
leaf_weight=6030.33738514781 2393.6062178611755 343.21752446889877 4220.5502499043941 8111.3303497135639 596.08146679401398 189.11096584796906 1686.398024648428 2902.7408062815666 918.52446609735489 1215.0658710896969 763.88866612315178 518.05553314089775 259.10360330343246 968.9819863140583
leaf_count=9072 3503 495 6344 12384 857 302 2500 4328 1332 1777 1174 850 395 1445
internal_value=-1.13813e-05 0.00319101 -0.000931448 -0.00142259 0.00236516 0.00677071 0.00189095 -0.00106597 0.0003038 0.000494812 0.00610882 -0.000411668 -0.00204497 0.00359104
internal_weight=31117 6941.28 24175.7 17303.5 5645.07 1296.22 4080 11014.1 6872.2 5435.62 1107.11 1436.58 6289.44 1565.06
internal_count=46758 10276 36482 26179 8305 1971 6003 16712 10303 8121 1669 2182 9467 2302
is_linear=0
shrinkage=0.02


Tree=27
num_leaves=15
num_cat=0
split_feature=34 34 34 34 34 42 20 36 33 36 34 0 34 26
split_gain=256.623 53.0765 48.8804 13.5678 10.2804 5.07973 3.74708 3.33905 3.10363 2.80762 2.41111 2.14942 2.01258 1.86307
threshold=0.71506597382476833 0.29009663342637554 1.1652870256943313 1.8167221222600958 0.49726889813939062 0.75000000000000011 -2.359648102744154 0.5634920634920636 0.95000000000000007 0.89444444444444449 0.19256807545662163 13.84048608128291 0.89721692632576266 1.3541666666666667
decision_type=2 2 2 2 2 2 2 2 2 2 2 2 2 2
left_child=1 7 5 9 11 12 -5 10 -6 -4 -1 -3 -2 -7
right_child=2 4 3 6 8 13 -8 -9 -10 -11 -12 -13 -14 -15
leaf_value=-0.0022271531713658962 0.0011824060653894081 0.0011628487833813541 0.0013466326875417284 0.0031135296862960914 0.00039123127107377863 0.0033095116776507096 0.0085865243423400538 0.0020882735458940976 0.0018310309945930923 0.0049320962380104347 -0.0016094267554852704 -0.00063078714034917971 0.0023117311928805523 0.0011557227688596683
leaf_weight=7089.3968752324581 1713.0648307204247 271.77370208501816 102.40802985429764 64.136542052030563 4576.2811034619808 1414.246857047081 621.44704177975655 76.664417535066605 694.86615413427353 1643.7460876107216 4236.8140414655209 7338.0700984597206 1072.7898587882519 201.28747650980949
leaf_count=11055 2556 405 199 102 6716 2035 974 158 1013 2389 6370 10901 1623 262
internal_value=-1.10747e-05 -0.000974885 0.00341198 0.0056895 -9.42727e-05 0.00214938 0.00809961 -0.00196858 0.000583551 0.00472932 -0.00199729 -0.000565128 0.00162223 0.0030491
internal_weight=31117 24283.9 6833.13 2431.74 12881 4401.39 685.584 11402.9 5271.15 1746.15 11326.2 7609.84 2785.85 1615.53
internal_count=46758 36618 10140 3664 19035 6476 1076 17583 7729 2588 17425 11306 4179 2297
is_linear=0
shrinkage=0.02


Tree=28
num_leaves=15
num_cat=0
split_feature=34 34 34 34 34 42 42 34 22 44 18 0 16 34
split_gain=246.5 50.9771 46.9504 13.0307 9.87386 4.87726 3.08441 2.71265 2.56126 2.27466 2.13924 2.06526 2.05425 1.9315
threshold=0.71506597382476833 0.29009663342637554 1.1652870256943313 1.8167221222600958 0.49726889813939062 0.75000000000000011 0.8500000000000002 0.20030876996015703 -1.0522554457648792 2.9886210970821732 0.79885623556302565 13.84048608128291 8.5225000000000044 0.89721692632576266
decision_type=2 2 2 2 2 2 2 2 2 2 2 2 2 2
left_child=1 7 5 12 11 13 -6 -1 -7 -5 -9 -3 -4 -2
right_child=2 4 3 9 6 8 -8 10 -10 -11 -12 -13 -14 -15
leaf_value=-0.0021566959147173354 0.001158785518276666 0.0011397616946127488 0.0033527251621821648 0.007414286576003847 0.00038158040521283959 0.0013418276672027285 0.0018244344338897486 0.00088472926774694355 0.0033942310673480847 0.011457201312157491 -0.0015846866046434205 -0.00061817482760367318 0.0050541827201988588 0.0022655826108642142
leaf_weight=7465.8463054597378 1713.0648307204247 271.77370208501816 440.51572823524475 604.55542585253716 4584.9256259799004 326.05746278166771 686.22163161635399 139.21280214190483 1289.4768707752228 81.028157979249954 3797.816226631403 7338.0700984597206 1305.6383892297745 1072.7898587882519
leaf_count=11630 2556 405 678 956 6728 463 1001 212 1834 120 5741 10901 1910 1623
internal_value=-1.07543e-05 -0.000955369 0.00334409 0.00557625 -9.23321e-05 0.0021066 0.000571935 -0.00192921 0.00298836 0.00793859 -0.00149442 -0.000553796 0.00463499 0.0015899
internal_weight=31117 24283.9 6833.13 2431.74 12881 4401.39 5271.15 11402.9 1615.53 685.584 3937.03 7609.84 1746.15 2785.85
internal_count=46758 36618 10140 3664 19035 6476 7729 17583 2297 1076 5953 11306 2588 4179
is_linear=0
shrinkage=0.02


Tree=29
num_leaves=15
num_cat=0
split_feature=34 34 34 34 34 42 36 36 33 36 34 0 34 4
split_gain=236.783 48.961 45.1008 12.5178 9.48338 4.68289 3.20247 3.18947 2.9681 2.67035 2.22125 1.98441 1.85366 1.82453
threshold=0.71506597382476833 0.29009663342637554 1.1652870256943313 1.8167221222600958 0.49726889813939062 0.75000000000000011 3.0500000000000003 0.5634920634920636 0.95000000000000007 0.89444444444444449 0.19256807545662163 13.84048608128291 0.89721692632576266 39.883636251481803
decision_type=2 2 2 2 2 2 2 2 2 2 2 2 2 2
left_child=1 7 5 9 11 12 -5 10 -6 -4 -1 -3 -2 -7
right_child=2 4 3 6 8 13 -8 -9 -10 -11 -12 -13 -14 -15
leaf_value=-0.0021395008882377671 0.0011356368372169435 0.0011171329770427892 0.0012441080765829655 0.0071013335603871495 0.00037243683414422068 0.0036196511667761075 0.011256137735831277 0.0020735489339452668 0.0017804653302076528 0.0047402602995869243 -0.0015460895566861835 -0.00060581470294997458 0.0022203552530291231 0.0022092348652048162
leaf_weight=7089.3968752324581 1713.0648307204247 271.77370208501816 102.40802985429764 580.89527747035027 4576.2811034619808 813.04296809434891 104.68830636143684 76.664417535066605 694.86615413427353 1643.7460876107216 4236.8140414655209 7338.0700984597206 1072.7898587882519 802.49136546254158
leaf_count=11055 2556 405 199 910 6716 1167 166 158 1013 2389 6370 10901 1623 1130
internal_value=-1.04295e-05 -0.000936246 0.00327762 0.00546542 -9.04304e-05 0.00206468 0.00778121 -0.00189064 0.000560551 0.0045426 -0.00191872 -0.000542691 0.00155823 0.00292883
internal_weight=31117 24283.9 6833.13 2431.74 12881 4401.39 685.584 11402.9 5271.15 1746.15 11326.2 7609.84 2785.85 1615.53
internal_count=46758 36618 10140 3664 19035 6476 1076 17583 7729 2588 17425 11306 4179 2297
is_linear=0
shrinkage=0.02


Tree=30
num_leaves=15
num_cat=0
split_feature=34 34 34 34 34 0 34 13 34 44 43 26 42 37
split_gain=228.563 51.8841 45.4687 10.6644 9.27157 6.45172 2.75609 2.68501 2.63146 2.29643 1.94701 1.79795 1.22963 0.999255
threshold=0.76050302998123487 0.29283569883616478 1.7237610331593929 1.0052966871929245 0.52175211800278332 21.869367249015678 1.3077082527503954 1.0000000180025095e-35 0.15000179802132654 3.1213208567157751 -1.0000000180025095e-35 1.3166666666666669 0.95000000000000007 0.26249259485308457
decision_type=2 2 2 2 2 2 2 2 2 2 2 2 2 2
left_child=1 8 3 11 10 -4 -5 -6 13 -7 -3 -2 -10 -1
right_child=2 4 5 6 7 9 -8 -9 12 -11 -12 -13 -14 -15
leaf_value=-0.0022418774294793325 0.0021348856227821817 0.0014475648720112273 0.0020991114285693452 0.0031659802786060966 8.8052365497188874e-05 0.0079114002593509321 0.0045830581213418247 0.0010099828965466997 -0.0016213977073615366 0.011966436633738411 -0.0004904388828407334 0.00076430388568781414 2.9608947750304321e-05 -0.00020381655911847911
leaf_weight=4892.7185790538788 2235.5479765832424 208.52558660507202 77.653630882501602 1602.671532779932 2164.6344436407089 665.19388771057129 954.94039329886436 3122.6116465032101 6265.7846515774727 81.998282909393311 7981.3837895095348 495.11613696813583 173.48098170757294 109.62571531534195
leaf_count=7667 3331 311 142 2368 2999 1019 1408 4758 9459 119 11822 671 272 207
internal_value=-8.50001e-06 -0.000859023 0.00345598 0.00276979 -1.73624e-05 0.00782588 0.00370215 0.000634605 -0.00184937 0.00840051 -0.000439533 0.00189078 -0.00157537 -0.00219931
internal_weight=31031.9 24918.8 6113.12 5288.28 13477.2 824.846 2557.61 5287.25 11441.6 747.192 8189.91 2730.66 6439.27 5002.34
internal_count=46553 37495 9058 7778 19890 1280 3776 7757 17605 1138 12133 4002 9731 7874
is_linear=0
shrinkage=0.02


Tree=31
num_leaves=15
num_cat=0
split_feature=34 34 34 34 34 0 34 34 42 34 43 26 31 26
split_gain=219.554 49.8333 43.6887 10.2403 8.90472 6.18901 2.64378 2.52613 2.24331 1.99461 1.87088 1.72483 1.57319 0.695011
threshold=0.76050302998123487 0.29283569883616478 1.7237610331593929 1.0052966871929245 0.52175211800278332 21.869367249015678 1.3077082527503954 0.15000179802132654 0.8500000000000002 2.4137646487890545 -1.0000000180025095e-35 1.3166666666666669 2.0101229035110681 0.88194444444444453
decision_type=2 2 2 2 2 2 2 2 2 2 2 2 2 2
left_child=1 7 3 11 10 -4 -5 13 -6 -7 -3 -2 -9 -1
right_child=2 4 5 6 8 9 -8 12 -10 -11 -12 -13 -14 -15
leaf_value=-0.0023114250707763372 0.0020922260621139472 0.0014188886342417319 0.0020581832964021445 0.0031027395916615398 0.0004498533860684551 0.0074710027902885239 0.0044915884989935283 -0.0015923712197229612 0.0016321803855419822 0.010206012756769639 -0.00048063256435871112 0.00074907927838545134 0.00042761267822224796 -0.0017372384885814196
leaf_weight=3618.8998759686947 2235.5479765832424 208.52558660507202 77.653630882501602 1602.671532779932 4528.5352526903152 549.35290589928627 954.94039329886436 6289.8888078629971 758.71083745360374 197.83926472067833 7981.3837895095348 495.11613696813583 149.37682542204857 1383.444418400526
leaf_count=5732 3331 311 142 2368 6650 816 1408 9476 1107 322 11822 671 255 2142
internal_value=-8.23897e-06 -0.000841838 0.00338727 0.00271458 -1.69646e-05 0.00767091 0.00362831 -0.00181242 0.000621959 0.00823383 -0.000430713 0.00185308 -0.00154384 -0.00215538
internal_weight=31031.9 24918.8 6113.12 5288.28 13477.2 824.846 2557.61 11441.6 5287.25 747.192 8189.91 2730.66 6439.27 5002.34
internal_count=46553 37495 9058 7778 19890 1280 3776 17605 7757 1138 12133 4002 9731 7874
is_linear=0
shrinkage=0.02


Tree=32
num_leaves=15
num_cat=0
split_feature=36 36 36 36 36 36 32 33 36 41 36 3 27 26
split_gain=181.54 45.7276 32.395 9.23063 4.99959 4.10418 2.93789 2.88449 2.63608 2.33918 2.26102 2.07591 1.98028 1.64639
threshold=0.95000000000000007 0.41428571428571431 1.788888888888889 0.23611111111111113 0.64583333333333337 2.5277777777777781 0.15000000000000005 1.0500000000000003 1.2928571428571431 1.0142648182218978 0.11805555555555557 49.14228868396048 0.97407350139445448 0.68333333333333346
decision_type=2 2 2 2 2 2 2 2 2 2 2 2 2 2
left_child=1 3 8 10 -3 6 -4 -6 9 -2 -1 -7 -5 -10
right_child=2 4 5 12 7 11 -8 -9 13 -11 -12 -13 -14 -15
leaf_value=-0.0018743576290358736 0.0029163446363240425 6.8243420930322638e-05 0.0096408377352546325 -0.00091015808108801737 0.00082196043825163252 0.0080011919871866496 0.0056584552853065099 0.0025907813043240554 0.0043967817723643259 0.0014808010281671866 -0.0012625536916835126 0.013086464612651926 -0.00018235107328845419 0.0029212729184503188
leaf_weight=6032.230168223381 1304.9576880633831 5123.8085030913353 99.871297776699066 4622.0828906595707 3855.0554691553116 157.33457469940186 590.7503250837326 414.33551743626595 593.38361325860023 763.55342298746109 4315.6603923738003 63.769696801900864 2267.7289437055588 827.36473172903061
leaf_count=9044 1917 7684 165 7020 5733 263 879 593 881 1136 6603 86 3352 1197
internal_value=-7.98657e-06 -0.000630248 0.0037537 -0.00124214 0.000491611 0.00711563 0.00627496 0.000997095 0.00286881 0.00239321 -0.00162046 0.00961685 -0.000672179 0.00354987
internal_weight=31031.9 26630.9 4400.99 17237.7 9393.2 911.726 690.622 4269.39 3489.26 2068.51 10347.9 221.104 6889.81 1420.75
internal_count=46553 40029 6524 26019 14010 1393 1044 6326 5131 3053 15647 349 10372 2078
is_linear=0
shrinkage=0.02


Tree=33
num_leaves=15
num_cat=0
split_feature=37 37 36 42 43 37 42 36 42 15 32 5 39 36
split_gain=179.269 46.6294 31.7124 11.6819 6.0263 5.90281 5.77256 3.94412 3.38395 2.89899 2.82108 2.45101 2.01229 1.79671
threshold=0.92833861327012224 0.34865745274497367 1.788888888888889 0.8500000000000002 -1.0000000180025095e-35 0.10889309974127681 0.95000000000000007 2.5277777777777781 0.65000000000000002 10.117240223316694 0.15000000000000005 47.950427270852543 1.2500000000000002 0.95000000000000007
decision_type=2 2 2 2 2 2 2 2 2 2 2 2 2 2
left_child=1 5 6 4 -3 -1 12 10 -7 -8 -4 -9 -2 -5
right_child=2 3 7 13 -6 8 9 11 -10 -11 -12 -13 -14 -15
leaf_value=-0.0020090906812882869 0.0020078389434992918 0.0018211645673328525 0.0094518064915368079 0.0016174522265526997 -0.00010941253003131551 -0.0012813676258899393 0.0027089546578302186 0.0073732461159589273 -0.00014902184098502291 0.0047844173050162683 0.0055456680214215626 0.012396110251533145 0.003787227669110695 0.0041075175893152804
leaf_weight=4677.5327663123608 2180.1140237748623 689.74286669492722 99.871297776699066 1510.9525846540928 9921.2670050859451 8254.4957145452499 499.56949678063393 136.71083959937096 1234.4049117863178 712.32235246896744 590.7503250837326 84.393431901931763 308.03556475043297 131.72405382990837
leaf_count=7079 3269 1003 165 2221 14862 12487 719 228 1873 984 879 121 473 190
internal_value=-7.71425e-06 -0.000643212 0.00362949 0.000259508 1.54572e-05 -0.00142468 0.00279896 0.00697557 -0.00113518 0.00394298 0.00615064 0.00942919 0.00223501 0.00182796
internal_weight=31031.9 26420.1 4611.77 12253.7 10611 14166.4 3700.04 911.726 9488.9 1211.89 690.622 221.104 2488.15 1642.68
internal_count=46553 39715 6838 18276 15865 21439 5445 1393 14360 1703 1044 349 3742 2411
is_linear=0
shrinkage=0.02


Tree=34
num_leaves=15
num_cat=0
split_feature=39 39 35 42 42 40 39 40 41 42 35 44 42 42
split_gain=149.81 40.2924 22.1673 14.4056 9.22081 9.15475 7.7027 3.96964 3.35768 2.99507 2.83075 2.51662 2.12115 1.94663
threshold=0.75000000000000011 1.2500000000000002 0.29166666666666669 0.8500000000000002 0.55000000000000016 -0.14829429433023786 2.2500000000000004 -0.053203783072143192 1.5046391321540045 0.35000000000000003 0.90000000000000013 2.9492392092107531 0.8500000000000002 0.8500000000000002
decision_type=2 2 2 2 2 2 2 2 2 2 2 2 2 2
left_child=2 3 5 10 7 13 8 -4 -3 -7 -2 -8 -6 -1
right_child=1 6 4 -5 12 9 11 -9 -10 -11 -12 -13 -14 -15
leaf_value=-0.00037154887831682961 0.00058255254497660916 0.00530685056108318 0.00061246594905320308 0.0035280899569487267 0.00040574289864318006 -0.0017579127293659688 0.0074115260502382327 -0.0006348436655190013 0.0018713446317470234 -0.0010484852474011617 0.0017226877586448202 0.012532291534613181 0.0014441149759084574 0.0013715826368175977
leaf_weight=2176.3654167056084 1754.4433715939522 995.73961105942726 1197.5441359579563 1465.1700784564018 2099.6231503486633 7206.967910438776 227.68547466397285 6603.1042017638683 142.34643349051476 3708.9721500575542 1806.4379261136055 62.827884167432785 1297.6061037480831 287.05338647961617
leaf_count=3242 2644 1460 1815 2102 3085 10843 380 9966 221 5668 2707 83 1916 421
internal_value=-7.44131e-06 0.00270336 -0.00071994 0.00185656 -6.2414e-05 -0.00126942 0.00566877 -0.000441969 0.00488996 -0.00151802 0.00116439 0.00863127 0.000805918 -0.000163424
internal_weight=31031.9 6454.65 24577.2 5026.05 11197.9 13379.4 1428.6 7800.65 1138.09 10915.9 3560.88 290.513 3397.23 2463.42
internal_count=46553 9597 36956 7453 16782 20174 2144 11781 1681 16511 5351 463 5001 3663
is_linear=0
shrinkage=0.02


Tree=35
num_leaves=15
num_cat=0
split_feature=34 34 34 34 34 17 34 36 27 18 4 0 47 20
split_gain=189.968 43.0378 40.518 9.72505 6.75444 4.60089 2.64014 2.51013 2.10183 2.07116 2.00225 1.94736 1.68807 1.64775
threshold=0.71506597382476833 1.5833327684805774 0.29009663342637554 1.0052966871929245 0.43031204747250579 1.5886140160485376 0.15518545513906154 2.9500000000000006 1.2293875388747473 0.78448885347037367 41.969027578873892 13.84048608128291 3.5216972280875196 -0.24454123148942833
decision_type=2 2 2 2 2 2 2 2 2 2 2 2 2 2
left_child=2 3 6 10 11 13 -1 -7 -6 -8 -2 -4 -5 -3
right_child=1 5 4 12 8 7 9 -9 -10 -11 -12 -13 -14 -15
leaf_value=-0.0020667343969869639 0.0019859899703593572 0.0024985593297638469 0.0013785814734119789 0.0033286693777835551 0.000103326426497871 0.0068544640118989092 0.0004399812151073397 0.01051045309773614 0.00090583862091118787 -0.0015160124058762004 0.0009957238854266001 -0.00072018334295816957 6.2939624782218584e-05 0.0061241311035650893
leaf_weight=5283.2447908818722 1902.2135563790798 142.54933288693428 178.22061732411385 2248.2243809401989 5923.7367211282253 705.36801508069038 215.77906978130341 106.70397698879242 1687.114111751318 5935.5050349831581 1543.4246206879616 5113.8384815752506 71.65669658780098 96.787704050540924
leaf_count=8296 2785 237 265 3325 8761 1032 339 169 2397 8953 2286 7648 104 165
internal_value=-4.01038e-05 0.00290995 -0.000866998 0.00222721 -9.79118e-05 0.00663305 -0.0017338 0.00737178 0.000282726 -0.00144565 0.00154615 -0.00064712 0.00323225 0.00404477
internal_weight=31154.4 6816.93 24337.4 5765.52 12902.9 1051.41 11434.5 812.072 7610.85 6151.28 3445.64 5292.06 2319.88 239.337
internal_count=46762 10103 36659 8500 19071 1603 17588 1201 11158 9292 5071 7913 3429 402
is_linear=0
shrinkage=0.02


Tree=36
num_leaves=15
num_cat=0
split_feature=34 34 34 34 34 17 34 42 36 42 13 20 20 42
split_gain=182.482 41.3577 38.9938 9.33834 6.15966 4.40852 2.72367 2.55682 2.40928 2.39979 2.18558 1.58027 1.5596 1.44575
threshold=0.71506597382476833 1.5833327684805774 0.36288832018019751 1.0052966871929245 0.23932459734806485 1.5886140160485376 0.53871795490647167 0.65000000000000002 2.9500000000000006 0.15000000000000005 2.2250344722002446 -0.24454123148942833 4.7163489494201505 0.55000000000000016
decision_type=2 2 2 2 2 2 2 2 2 2 2 2 2 2
left_child=2 3 4 13 -1 11 10 -5 -7 -8 -4 -3 -6 -2
right_child=1 5 6 7 12 8 9 -9 -10 -11 -12 -13 -14 -15
leaf_value=-0.0018252273941746946 0.0010571352182581419 0.0024492795128231606 -0.00027765631632845062 0.002272893117082331 -0.0010055661757875204 0.0067177623151687006 -0.00070314327174095649 0.0036967964920250232 0.010304111591627481 0.00070035265717247725 0.0011538368210039884 0.0060041281526050294 0.0013158059788114201 0.0019026968388426474
leaf_weight=9289.6309573948383 1593.7943482398987 142.54933288693428 5469.7088748812675 872.91090252995491 4928.866932541132 705.36801508069038 556.99464571475983 1446.970174998045 106.70397698879242 3520.2017338573933 458.8348833322525 96.787704050540924 113.20079970359802 1851.8438288271427
leaf_count=14343 2424 237 8003 1391 7434 1032 858 2038 169 5123 735 165 163 2647
internal_value=-3.91979e-05 0.00285215 -0.000849644 0.00218281 -0.00151852 0.00650194 0.000107537 0.00316774 0.00722544 0.000505916 -0.000164829 0.00396614 -0.000950965 0.00151532
internal_weight=31154.4 6816.93 24337.4 5765.52 14331.7 1051.41 10005.7 2319.88 812.072 4077.2 5928.54 239.337 5042.07 3445.64
internal_count=46762 10103 36659 8500 21940 1603 14719 3429 1201 5981 8738 402 7597 5071
is_linear=0
shrinkage=0.02


Tree=37
num_leaves=15
num_cat=0
split_feature=34 34 34 34 34 16 0 34 36 13 4 27 47 24
split_gain=175.296 39.7429 37.4499 8.96748 5.91495 4.50607 2.99992 2.61521 2.53675 2.0995 1.92368 1.77179 1.6202 1.27769
threshold=0.71506597382476833 1.5833327684805774 0.36288832018019751 1.0052966871929245 0.23932459734806485 7.9200000000000017 13.655130305708726 0.53871795490647167 2.9500000000000006 2.2250344722002446 41.969027578873892 1.2205577208879828 3.5216972280875196 1.4068528179905084
decision_type=2 2 2 2 2 2 2 2 2 2 2 2 2 2
left_child=2 3 4 10 13 -3 -6 9 -7 -4 -2 -9 -5 -1
right_child=1 5 7 12 6 8 -8 11 -10 -11 -12 -13 -14 -15
leaf_value=-0.0018336389041122773 0.0019161379398300346 0.00215352592877857 -0.00027210521315728108 0.0031989599804451898 0.0017490697525217864 0.0063350839927325455 -0.0010209131639342328 0.00025759790085443042 0.0097016429646635035 0.0011308602438295917 0.00094561083206374619 0.001241373583241152 1.1584240412138526e-06 -0.00050349264251100959
leaf_weight=8967.6531808376312 1902.2135563790798 100.94470098614693 5469.7088748812675 2248.2243809401989 157.21141383051872 826.06434080004692 4884.8563184142113 3102.4008355438709 124.39998722076416 458.8348833322525 1543.4246206879616 974.79554402828217 71.65669658780098 321.97777655720711
leaf_count=13786 2785 170 8003 3325 231 1235 7366 4597 198 735 2286 1384 104 557
internal_value=-3.83192e-05 0.00279551 -0.000832653 0.00213932 -0.00148816 0.00637344 -0.000931903 0.00010537 0.00680566 -0.000161493 0.00148511 0.000495748 0.00310458 -0.00178873
internal_weight=31154.4 6816.93 24337.4 5765.52 14331.7 1051.41 5042.07 10005.7 950.464 5928.54 3445.64 4077.2 2319.88 9289.63
internal_count=46762 10103 36659 8500 21940 1603 7597 14719 1433 8738 5071 5981 3429 14343
is_linear=0
shrinkage=0.02


Tree=38
num_leaves=15
num_cat=0
split_feature=34 34 34 34 34 17 42 34 37 4 0 13 24 31
split_gain=168.383 38.1834 36.026 8.61082 6.04864 4.1452 2.4756 2.43518 2.0234 1.84611 1.80027 1.69413 1.53456 1.46934
threshold=0.71506597382476833 1.5833327684805774 0.29009663342637554 1.0052966871929245 0.43031204747250579 1.5886140160485376 1.8500000000000003 0.15518545513906154 0.23250067622593837 41.969027578873892 17.129668898655133 0.6489178605482363 0.4921775772962339 2.0433367965020914
decision_type=2 2 2 2 2 2 2 2 2 2 2 2 2 2
left_child=2 3 7 9 8 12 -5 -1 -4 -2 -6 -7 -3 -9
right_child=1 5 4 6 10 11 -8 13 -10 -11 -12 -13 -14 -15
leaf_value=-0.0019531292813536986 0.0018778554420253652 0.0060205108225017626 0.00020554478455493382 0.0029156611007717576 0.0011243409090219922 0.0060048102045739639 0.0068694079341692924 -0.0014025330502872026 -0.0007964005185015021 0.00092672308144537644 0.00015674852367668872 0.0081419808575222182 0.0024369672302120482 0.00068651914083177226
leaf_weight=5283.2447908818722 1902.2135563790798 84.77949795126915 971.86718666553497 2251.32214859128 873.76715791225433 464.84872400760651 68.558928936719894 6021.1490821838379 4320.1919122338295 1543.4246206879616 6737.083674967289 347.2232680618763 154.55753898620605 130.13502258062363
leaf_count=8296 2785 143 1420 3340 1266 679 89 9072 6493 2286 9892 522 259 220
internal_value=-3.74694e-05 0.00273992 -0.00081599 0.00209668 -9.07422e-05 0.00624704 0.00304263 -0.00163334 -0.0006105 0.00145549 0.000269413 0.00694866 0.00378716 -0.0013565
internal_weight=31154.4 6816.93 24337.4 5765.52 12902.9 1051.41 2319.88 11434.5 5292.06 3445.64 7610.85 812.072 239.337 6151.28
internal_count=46762 10103 36659 8500 19071 1603 3429 17588 7913 5071 11158 1201 402 9292
is_linear=0
shrinkage=0.02


Tree=39
num_leaves=15
num_cat=0
split_feature=34 34 34 34 34 16 14 34 36 14 47 2 20 34
split_gain=161.752 36.6911 34.6402 8.26953 5.46538 4.24328 3.46903 2.6393 2.45274 2.04812 1.55492 1.54599 1.4861 1.08176
threshold=0.71506597382476833 1.5833327684805774 0.36288832018019751 1.0052966871929245 0.23932459734806485 7.9200000000000017 11.500000000000002 0.53448771687660135 2.7071428571428577 11.500000000000002 3.5216972280875196 34.533333333333339 4.7163489494201505 0.15518545513906154
decision_type=2 2 2 2 2 2 2 2 2 2 2 2 2 2
left_child=2 3 4 9 13 -3 7 -4 -7 -2 -5 -8 -6 -1
right_child=1 5 6 10 12 8 11 -9 -10 -11 -12 -13 -14 -15
leaf_value=-0.0019140814723289286 0.001644467164968547 0.0020273560023498687 -2.9007881165941264e-05 0.0030744243572933747 -0.00094860327810407179 0.0060083973004010404 -0.00051723114942636554 0.00068997991022662689 0.0089762710273951479 0.00030906290610642343 0 -0.0025455346335022666 0.0013175949335782764 -0.0014585748025166424
leaf_weight=5283.2447908818722 2874.892957508564 100.94470098614693 4895.7061142027378 2248.2243809401989 4928.866932541132 788.34900659322739 1468.6689195930958 3471.1774724125862 162.11532142758369 570.7452195584774 71.65669658780098 170.18763157725334 113.20079970359802 4006.3861665129662
leaf_count=8296 4264 170 7276 3325 7434 1175 2032 5169 258 807 104 242 163 6047
internal_value=-3.66131e-05 0.00268554 -0.000799657 0.00205494 -0.0014301 0.00612353 0.000102457 0.000268178 0.0065429 0.00142648 0.00298203 -0.000736801 -0.000895239 -0.00171907
internal_weight=31154.4 6816.93 24337.4 5765.52 14331.7 1051.41 10005.7 8366.88 950.464 3445.64 2319.88 1638.86 5042.07 9289.63
internal_count=46762 10103 36659 8500 21940 1603 14719 12445 1433 5071 3429 2274 7597 14343
is_linear=0
shrinkage=0.02


Tree=40
num_leaves=15
num_cat=0
split_feature=34 34 34 34 34 34 2 34 27 5 13 1 22 33
split_gain=158.914 35.6847 23.589 7.11338 5.41053 4.67086 3.4598 2.79939 2.35185 2.0641 1.70123 1.49714 0.918029 0.820117
threshold=0.79232510383189303 0.38918725108888713 1.4278994209382714 0.23932459734806485 2.4137646487890545 1.0754168144497924 22.394916666666667 0.53871795490647167 1.0833909904285275 48.932925406026989 1.0000000180025095e-35 10.773750000000001 -0.57452538198800573 -1.0000000180025095e-35
decision_type=2 2 2 2 2 2 2 2 2 2 2 2 2 2
left_child=1 3 5 -1 6 8 -4 13 -2 -6 -5 -9 -7 -3
right_child=2 7 4 10 9 12 -8 11 -10 -11 -12 -13 -14 -15
leaf_value=-0.0016159774422495438 0.0021761200427592772 -0.00054518490347788484 0.0023046248544040531 -0.001147059330663479 0.0067233778888624611 0.0023867673385407108 0.0052178959086740693 0.0033996994280147009 0.00087443818154320718 0.011764962601165925 -0.00045609549561866878 0.00053297655468340652 0.0035708509051244949 5.7427857399629977e-05
leaf_weight=9299.7639701366425 1911.72531285882 1178.7993292212486 216.15810066461563 2416.1981540620327 154.04326462745667 472.0724239051342 1007.0973230302334 73.423957407474518 830.2872072160244 59.775338977575302 3671.1524721682072 5218.5101757347584 1002.6722703278065 3759.4784763753414
leaf_count=14396 2854 1672 349 3412 263 681 1485 113 1168 87 5749 7658 1494 5590
internal_value=1.10605e-05 -0.000658467 0.0030456 -0.00126717 0.00526315 0.00228534 0.00471586 0.00025616 0.00178654 0.00827511 -0.000732283 0.00057591 0.00320234 -8.45581e-05
internal_weight=31271.2 25617.3 5653.83 15387.1 1437.07 4216.76 1223.26 10230.2 2742.01 213.819 6087.35 5291.93 1474.74 4938.28
internal_count=46971 38590 8381 23557 2184 6197 1834 15033 4022 350 9161 7771 2175 7262
is_linear=0
shrinkage=0.02


Tree=41
num_leaves=15
num_cat=0
split_feature=37 36 37 42 36 42 42 37 25 2 42 27 37 5
split_gain=130.613 33.856 17.4074 12.5357 6.80103 5.71992 3.94628 3.25544 2.44286 1.79435 1.71401 1.6072 1.17201 1.13929
threshold=0.67334023112795971 1.5857142857142861 0.28395717453720642 0.65000000000000002 2.5277777777777781 0.45000000000000007 0.35000000000000003 0.99740806401705007 1.3666666666666669 36.186583333333338 1.2500000000000002 1.1547815078696828 0.11979523794597631 41.060928416323286
decision_type=2 2 2 2 2 2 2 2 2 2 2 2 2 2
left_child=2 3 6 7 8 11 -1 -2 -3 -5 -7 -4 -8 -6
right_child=1 4 5 9 13 10 12 -9 -10 -11 -12 -13 -14 -15
leaf_value=-0.0015497157512646238 0.00047936722081553059 0.0048490379747421226 -0.00072953371989228097 0.0027146587399548422 0.0060815349856642477 0.00025362114097497187 -0.0012337215689956565 0.0017358812484942075 0.0020154849320144176 0.00044944521475548811 0.0017835034976877422 0 -0.00050475013099223582 0.0097959818563053708
leaf_weight=7947.2323071062565 2713.2178680896759 921.59011712670326 5153.0308656692505 2816.4344331622124 92.164262413978577 4108.1544596850872 1424.884723007679 1207.421073704958 159.75885865092278 159.35148897767067 317.15540480613708 1584.0865942537785 2535.8519497513771 130.82337030768394
leaf_count=12010 4058 1378 7845 4022 150 6093 2211 1861 232 235 470 2345 3856 205
internal_value=1.09228e-05 0.00217889 -0.000759408 0.00161698 0.00513523 -0.00019087 -0.00129139 0.000869567 0.00444413 0.0025971 0.00036628 -0.00055832 -0.000770013 0.0083729
internal_weight=31271.2 8200.76 23070.4 6896.42 1304.34 11162.4 11908 3920.64 1081.35 2975.79 4425.31 6737.12 3960.74 222.988
internal_count=46971 12141 34830 10176 1965 16753 18077 5919 1610 4257 6563 10190 6067 355
is_linear=0
shrinkage=0.02


Tree=42
num_leaves=15
num_cat=0
split_feature=34 34 34 34 36 34 15 34 50 14 13 43 5 43
split_gain=147.466 33.173 21.8714 6.63329 6.2225 4.3692 2.66345 2.58031 2.56884 2.46121 1.63016 1.12569 1.11004 1.093
threshold=0.79232510383189303 0.38918725108888713 1.4278994209382714 0.23932459734806485 2.5277777777777781 1.0754168144497924 10.227285156364845 0.53871795490647167 0.29265423682251451 11.500000000000002 1.0000000180025095e-35 0.35000000000000003 47.950427270852543 -1.0000000180025095e-35
decision_type=2 2 2 2 2 2 2 2 2 2 2 2 2 2
left_child=1 3 5 11 6 8 -4 13 -2 -9 -5 -1 -6 -3
right_child=2 7 4 10 12 -7 -8 9 -10 -11 -12 -13 -14 -15
leaf_value=-0.001698699722092056 0.0014612617029406759 0.0014498556338803268 0.0028361611878962175 -0.0011104504216101934 0.0067283363034011294 0.0030888698158392318 0.0050626301369677299 0.00075108254875848031 0.0032515015081708604 -0.00038793516175789598 -0.00043406483142778416 -0.0011889129021503465 0.010487849300224165 -0.00013894757132398779
leaf_weight=6706.980048418045 2356.0375830829144 177.05260124802589 328.77401944994926 2416.1981540620327 142.50385048985481 1474.7446942329407 885.73300585150719 4388.3284176290035 385.97493699193001 903.60571551322937 3671.1524721682072 2592.7839217185974 80.063151508569717 4761.2252043485641
leaf_count=10248 3454 258 528 3412 237 2175 1302 6539 568 1232 5749 4148 117 7004
internal_value=1.07685e-05 -0.000634179 0.00293397 -0.00122107 0.00506946 0.00220176 0.00447379 0.000247644 0.00171909 0.000554632 -0.000704455 -0.00155793 0.00820662 -7.9396e-05
internal_weight=31271.2 25617.3 5653.83 15387.1 1437.07 4216.76 1214.51 10230.2 2742.01 5291.93 6087.35 9299.76 222.567 4938.28
internal_count=46971 38590 8381 23557 2184 6197 1830 15033 4022 7771 9161 14396 354 7262
is_linear=0
shrinkage=0.02


Tree=43
num_leaves=15
num_cat=0
split_feature=34 34 34 34 36 34 15 34 50 14 0 36 5 36
split_gain=141.664 31.8617 21.0167 6.36927 5.98328 4.19364 2.55327 2.47769 2.46633 2.36439 1.57927 1.08464 1.07246 0.91755
threshold=0.79232510383189303 0.38918725108888713 1.4278994209382714 0.23932459734806485 2.5277777777777781 1.0754168144497924 10.227285156364845 0.53871795490647167 0.29265423682251451 11.500000000000002 13.236900662963148 0.41428571428571431 41.060928416323286 1.3875000000000002
decision_type=2 2 2 2 2 2 2 2 2 2 2 2 2 2
left_child=1 3 5 11 6 8 -4 -3 -2 -9 -5 -1 -6 -7
right_child=2 7 4 10 12 13 -8 9 -10 -11 -12 -13 -14 -15
leaf_value=-0.0015537627969314249 0.0014320612575896285 -7.7756949825546847e-05 0.0027797809228771557 0.0012725112811976882 0.0058146496317188915 0.0034241675051636697 0.0049616056800838564 0.00073606772905142044 0.003186806689967514 -0.00038019358266587819 -0.00074354322446135764 0.00014556093928143655 0.0094251487440216129 0.0022772803575064728
leaf_weight=9158.2701739370823 2356.0375830829144 4938.27780559659 328.77401944994926 154.26500990986824 91.743631690740585 950.88364559412003 885.73300585150719 4388.3284176290035 385.97493699193001 903.60571551322937 5933.0856163203716 141.49379619956017 130.82337030768394 523.86104863882065
leaf_count=14114 3454 7262 528 234 149 1413 1302 6539 568 1232 8927 282 205 762
internal_value=1.06045e-05 -0.000621523 0.00287573 -0.0011967 0.00496919 0.00215789 0.00438473 0.000242678 0.00168485 0.000543504 -0.000690409 -0.00152681 0.00804645 0.00302718
internal_weight=31271.2 25617.3 5653.83 15387.1 1437.07 4216.76 1214.51 10230.2 2742.01 5291.93 6087.35 9299.76 222.567 1474.74
internal_count=46971 38590 8381 23557 2184 6197 1830 15033 4022 7771 9161 14396 354 2175
is_linear=0
shrinkage=0.02


Tree=44
num_leaves=15
num_cat=0
split_feature=34 34 34 34 36 42 42 34 17 36 13 34 42 34
split_gain=136.093 30.5984 20.1936 6.11619 5.75223 4.13163 3.77526 2.52718 2.45987 2.14875 1.56592 1.553 1.33539 1.20825
threshold=0.79232510383189303 0.38918725108888713 1.4278994209382714 0.23932459734806485 2.5277777777777781 0.8500000000000002 0.45000000000000007 1.1652870256943313 1.7043753077723738 1.3875000000000002 1.0000000180025095e-35 0.62769473098496076 0.35000000000000003 0.50883465069936207
decision_type=2 2 2 2 2 2 2 2 2 2 2 2 2 2
left_child=1 3 5 12 8 7 13 -2 -4 -7 -5 -8 -1 -3
right_child=2 6 4 10 -6 9 11 -9 -10 -11 -12 -13 -14 -15
leaf_value=-0.0016498200734146645 0.0013273166774365797 -0.0004527108353748601 0.0029835540942706714 -0.0010744392071416228 0.0078891227644406342 0.0033119668214919595 0.00038409721198398453 0.0029386301615913252 0.0049814816673521426 0.0013115093287641656 -0.00041153553516129059 0.0011536498058790626 -0.0011005102406904247 0.00014378991364127208
leaf_weight=6677.1607290804386 2184.728267967701 2426.0909405052662 424.48269122838974 2416.1981540620327 222.56700199842453 1253.2378042638302 3128.2943185567856 493.43786388635635 790.02433407306671 285.35327818989754 3671.1524721682072 1628.9738039970398 2622.6032410562038 3046.8528756797314
leaf_count=10191 3261 3564 672 3412 354 1754 4570 767 1158 415 5749 2366 4205 4533
internal_value=1.04726e-05 -0.000609094 0.0028187 -0.00117275 0.00487086 0.00211497 0.000237786 0.0016299 0.00429746 0.00294963 -0.000676565 0.000650081 -0.00149626 -0.000118874
internal_weight=31271.2 25617.3 5653.83 15387.1 1437.07 4216.76 10230.2 2678.17 1214.51 1538.59 6087.35 4757.27 9299.76 5472.94
internal_count=46971 38590 8381 23557 2184 6197 15033 4028 1830 2169 9161 6936 14396 8097
is_linear=0
shrinkage=0.02


Tree=45
num_leaves=15
num_cat=0
split_feature=34 34 34 42 34 14 34 21 34 16 42 14 21 13
split_gain=130.214 36.6403 18.0824 5.13513 4.50954 3.51973 3.4521 3.2051 3.05286 2.78063 2.32627 2.2792 2.09068 1.21744
threshold=0.89721692632576266 0.38305320100622459 1.5241515419650449 0.75000000000000011 0.21563260988876889 11.500000000000002 1.1652870256943313 0.81358144029123391 0.53022291243022257 8.7675000000000036 1.4500000000000002 12.500000000000002 0.89162941191983858 1.1536772585065889
decision_type=2 2 2 2 2 2 2 2 2 2 2 2 2 2
left_child=1 4 6 5 13 -3 11 -4 -5 -9 -6 -2 -8 -1
right_child=2 3 7 8 10 -7 12 9 -10 -11 -12 -13 -14 -15
leaf_value=-0.0016988163731314618 0.0020329938992777229 0.00025629092502938187 0.0014053942672537529 -1.7276136421165432e-06 -0.00086107775829136202 -0.00078435394411699433 0.0013745608052575786 0.0027854803861525096 0.0016233318320454555 0.0059704897196593675 0.0027076162958611532 -0.00054776932113209632 0.0036180430584993369 -0.0011573138566561693
leaf_weight=5459.681274741888 1836.3224341273308 7972.4200959801674 87.910932332277298 634.9612175822258 6797.1643849909306 1549.0410184860229 221.80758565664291 143.88703551888466 1586.6532183885574 961.63279381394386 70.645962655544281 140.63285532593727 1002.8546712696552 2639.610403418541
leaf_count=8201 2696 11852 135 967 10231 2160 332 229 2296 1441 105 195 1483 4346
internal_value=-2.12157e-05 -0.00054651 0.00316769 0.000289059 -0.00120271 8.58098e-05 0.00237619 0.00527516 0.00115479 0.00557076 -0.000822135 0.00184399 0.00322277 -0.0015239
internal_weight=31105.2 26710.2 4395.05 11743.1 14967.1 9521.46 3201.62 1193.43 2221.61 1105.52 6867.81 1976.96 1224.66 8099.29
internal_count=46669 40158 6511 17275 22883 14012 4706 1805 3263 1670 10336 2891 1815 12547
is_linear=0
shrinkage=0.02


Tree=46
num_leaves=15
num_cat=0
split_feature=34 34 34 42 34 14 34 18 34 12 42 14 18 42
split_gain=125.08 35.19 17.3698 4.93114 4.33079 3.38058 3.31509 3.11983 2.93325 2.47158 2.23684 2.19109 1.21768 1.18992
threshold=0.89721692632576266 0.38305320100622459 1.5241515419650449 0.75000000000000011 0.21563260988876889 11.500000000000002 1.1652870256943313 1.5907038024766227 0.53022291243022257 18.902813488892878 1.4500000000000002 12.500000000000002 2.4278706137464305 1.0500000000000003
decision_type=2 2 2 2 2 2 2 2 2 2 2 2 2 2
left_child=1 4 6 5 -1 -3 11 13 -5 -9 -6 -2 -8 -4
right_child=2 3 7 8 10 -7 12 9 -10 -11 -12 -13 -14 -15
leaf_value=-0.0014934617027062278 0.0019923782623436194 0.00025116638512607658 0.001882391608328756 -1.6931648322067688e-06 -0.0008438612737319902 -0.00076868709416447439 0.0027472233896145178 0.0047123948472381329 0.0015909060682693908 0.0069653994499702622 0.0026549547885458503 -0.00053696751188463967 0.004310554250701557 0.0048194368303390309
leaf_weight=8099.291678160429 1836.3224341273308 7972.4200959801674 158.02949932217598 634.9612175822258 6797.1643849909306 1549.0410184860229 913.76002079248428 518.13357326388359 1586.6532183885574 410.98045301437378 70.645962655544281 140.63285532593727 310.90223613381386 106.28723606467247
leaf_count=12547 2696 11852 275 967 10231 2160 1363 759 2296 615 105 195 452 156
internal_value=-2.07442e-05 -0.000535587 0.00310467 0.000283264 -0.00117867 8.40704e-05 0.00232881 0.00517033 0.00113163 0.00573254 -0.000805652 0.00180704 0.00315864 0.00312831
internal_weight=31105.2 26710.2 4395.05 11743.1 14967.1 9521.46 3201.62 1193.43 2221.61 929.114 6867.81 1976.96 1224.66 264.317
internal_count=46669 40158 6511 17275 22883 14012 4706 1805 3263 1374 10336 2891 1815 431
is_linear=0
shrinkage=0.02


Tree=47
num_leaves=15
num_cat=0
split_feature=34 34 34 34 34 15 34 25 13 43 12 18 12 41
split_gain=120.159 33.7963 16.6903 4.25976 4.15872 3.37283 3.18385 2.2025 2.09166 1.9004 1.87307 1.80446 1.70505 1.3792
threshold=0.89721692632576266 0.38305320100622459 1.5241515419650449 0.67507062557582731 0.21563260988876889 10.227285156364845 1.1652870256943313 1.7750000000000001 0.2713920879376977 -1.0000000180025095e-35 18.877439698070024 0.75169035835689957 18.821799895784917 1.315037716338171
decision_type=2 2 2 2 2 2 2 2 2 2 2 2 2 2
left_child=1 4 6 9 -1 12 8 -5 -2 -3 -7 -6 -4 -8
right_child=2 3 5 7 11 10 13 -9 -10 -11 -12 -13 -14 -15
leaf_value=-0.0014635998429813803 0.0010934810185489812 0.001326422760996358 0.001012932797374626 0.0010770497807262344 0.001093541066587453 0.0047272195834546062 0.0026864541907238178 -0.00058656166008643558 0.0024252056202852573 -2.7098251878577878e-05 0.0067077677928952129 -0.00084534469104097611 0.0045289723270649151 0.0043820220015063638
leaf_weight=8099.291678160429 981.56829807162285 434.91052848100662 120.59975045919418 2890.0882402062416 191.58266377449036 537.32903787493706 939.5459032356739 348.26998609304428 995.3869913816452 8069.8067956566811 416.29921358823776 6676.2276838719845 119.20275974273682 285.11635369062424
leaf_count=12547 1373 622 195 4320 280 788 1400 471 1518 11862 624 10056 198 415
internal_value=-2.02544e-05 -0.000524873 0.00304305 0.000277586 -0.0011551 0.00506804 0.0022824 0.000894799 0.00177082 4.12376e-05 0.00561451 -0.0007895 0.00282507 0.00309586
internal_weight=31105.2 26710.2 4395.05 11743.1 14967.1 1193.43 3201.62 3238.36 1976.96 8504.72 953.628 6867.81 239.803 1224.66
internal_count=46669 40158 6511 17275 22883 1805 4706 4791 2891 12484 1412 10336 393 1815
is_linear=0
shrinkage=0.02


Tree=48
num_leaves=15
num_cat=0
split_feature=34 34 34 42 34 34 34 16 13 23 42 13 42 13
split_gain=115.438 32.4581 16.0353 4.71719 3.99337 3.05661 2.91385 2.81799 2.55561 2.23433 2.14694 2.00726 1.46936 1.17142
threshold=0.89721692632576266 0.38305320100622459 1.5241515419650449 0.65000000000000002 0.21563260988876889 1.1652870256943313 0.53448771687660135 9.4225000000000012 1.0000000180025095e-35 0.90624635796878794 1.4500000000000002 0.2713920879376977 0.75000000000000011 1.1536772585065889
decision_type=2 2 2 2 2 2 2 2 2 2 2 2 2 2
left_child=1 4 5 8 13 11 -5 12 -3 -9 -6 -2 -4 -1
right_child=2 3 7 6 10 -7 -8 9 -10 -11 -12 -13 -14 -15
leaf_value=-0.0016057329255696261 0.00107165586293998 -0.00038319095596017901 0.00064526219844347494 3.1924782539786044e-05 -0.00081114524754791141 0.0030343327483994217 0.0013630768952717642 0.0071055638494330097 0.00031622878064302808 0.0047782718867548576 0.0026165297188000072 0.0023767987446597296 0.0040966007240445471 -0.0010750886411859866
leaf_weight=5459.681274741888 981.56829807162285 3509.6921814680099 87.340131998062134 979.42974084615707 6797.1643849909306 1224.6622569262981 2103.4377588331699 271.50750774145126 5150.5158692896366 690.68914052844048 70.645962655544281 995.3869913816452 143.89398139715195 2639.610403418541
leaf_count=8201 1373 4889 157 1471 10231 1815 3034 391 7881 1050 105 1518 207 4346
internal_value=-1.97616e-05 -0.000514375 0.00298276 0.000272023 -0.001132 0.00223708 0.000943705 0.00496775 3.15999e-05 0.00545872 -0.000773679 0.00173558 0.00285257 -0.00143434
internal_weight=31105.2 26710.2 4395.05 11743.1 14967.1 3201.62 3082.87 1193.43 8660.21 962.197 6867.81 1976.96 231.234 8099.29
internal_count=46669 40158 6511 17275 22883 4706 4505 1805 12770 1441 10336 2891 364 12547
is_linear=0
shrinkage=0.02


Tree=49
num_leaves=15
num_cat=0
split_feature=36 36 36 36 13 12 18 16 25 43 36 43 33 40
split_gain=89.2509 27.9611 13.5051 3.61328 3.58336 3.57955 2.90392 2.65766 2.36189 2.23748 2.1217 1.8829 1.76499 1.75054
threshold=0.70714285714285718 1.5857142857142861 0.41428571428571431 0.11805555555555557 0.38214100281857372 18.902813488892878 0.73322595998167139 8.4633333333333365 1.9000000000000001 -0.14999999999999988 1.788888888888889 -1.0000000180025095e-35 1.0500000000000003 0.033115868809113012
decision_type=2 2 2 2 2 2 2 2 2 2 2 2 2 2
left_child=2 4 3 -1 6 7 -2 -3 -6 -5 -7 13 -13 -4
right_child=1 5 11 9 8 10 -8 -9 -10 -11 -12 12 -14 -15
leaf_value=-0.0012961991133081539 0.0047810775575299735 0.00037080386943868441 0.0024352449737111248 0.0013130471765800465 0.0020020434483232338 0.0033213961667072876 0.00074670739668429489 0.004098361909682071 -0.00042245148333536436 -0.0007249904058835194 0.0065622478758733281 -3.4088742184506178e-05 0.0011769823106840668 -0.00017009618117394928
leaf_weight=6032.2474964559078 72.396885335445404 93.886745125055313 263.94622808694839 214.60130766034126 2696.7638712227345 125.57930362224579 2844.0119786262512 652.8504011631012 163.08465066552162 10952.012538313866 428.64164718985558 5887.0504846572876 521.1704204082489 156.98192575573921
leaf_count=9079 104 133 373 311 4175 181 4008 986 233 16584 652 8842 776 232
internal_value=-1.92847e-05 0.00195406 -0.000601045 -0.000899881 0.00135407 0.00460421 0.000853491 0.0036453 0.00186009 -0.0006847 0.00586047 0.000150138 6.31822e-05 0.00144375
internal_weight=31105.2 7077.22 24028 17198.9 5776.26 1300.96 2916.41 746.737 2859.85 11166.6 554.221 6829.15 6408.22 420.928
internal_count=46669 10472 36197 25974 8520 1952 4112 1119 4408 16895 833 10223 9618 605
is_linear=0
shrinkage=0.02


Tree=50
num_leaves=15
num_cat=0
split_feature=36 36 36 42 42 43 4 36 43 42 40 26 24 24
split_gain=81.9922 20.6579 13.2094 6.00454 5.65332 4.34872 2.90172 2.49195 2.40651 1.97718 2.34041 1.94825 1.84294 0.915594
threshold=0.70714285714285718 1.788888888888889 0.2678571428571429 0.8500000000000002 0.55000000000000016 -0.24999999999999992 27.843102885567927 2.6125000000000003 1.0000000180025095e-35 0.35000000000000003 -0.15991243431957453 1.6125000000000003 1.0474288093456636 0.62339055754032413
decision_type=2 2 2 2 2 2 2 2 2 2 2 2 2 2
left_child=2 3 9 5 12 -2 -3 -8 -6 13 -11 -5 -4 -1
right_child=1 6 4 11 8 -7 7 -9 -10 10 -12 -13 -14 -15
leaf_value=-0.0015672749032590305 0.0026117811866482195 0.00060589460849471246 -0.00059220854772058654 0.0024959541770184115 0.001803165691321445 0.00075435376856398462 0.0043710898078056807 0.0071901356018980725 0.0002890593401286539 0.0015265927893332841 -0.00083031600557046531 -0.00076274495273861932 2.327956868936233e-05 -0.0010905505504383575
leaf_weight=3096.9542356431484 593.35946896672249 70.775281250476837 6998.2216962277889 1885.2732445597649 482.5968699157238 3589.9085394740105 663.09776222705841 182.24070090055466 3406.0077174603939 173.00784233212471 3281.3846215307713 70.671391755342484 2652.3516138195992 3970.0964612066746
leaf_count=4736 889 108 10595 2689 702 5385 993 287 5056 261 5022 91 3944 5929
internal_value=-1.98275e-05 0.00187545 -0.000576107 0.00145405 -0.000162089 0.00102132 0.00467917 0.00500617 0.000480369 -0.00110779 -0.000708566 0.00237245 -0.000422043 -0.00130126
internal_weight=31115.9 7055.33 24060.6 6139.21 13539.2 4183.27 916.114 845.338 3888.6 10521.4 3454.39 1955.94 9650.57 7067.05
internal_count=46687 10442 36245 9054 20297 6274 1388 1280 5758 15948 5283 2780 14539 10665
is_linear=0
shrinkage=0.02


Tree=51
num_leaves=15
num_cat=0
split_feature=37 37 36 42 42 42 42 4 36 37 37 16 0 29
split_gain=80.446 18.4399 15.5709 5.46484 3.90917 3.46163 2.88473 2.7828 2.39089 2.17172 1.74486 1.6516 1.62605 1.58781
threshold=0.86201331970811312 0.34865745274497367 1.788888888888889 0.45000000000000007 0.65000000000000002 0.65000000000000002 1.5500000000000003 27.843102885567927 2.6125000000000003 0.13081955704033879 0.60698593054637062 13.330000000000004 31.569020330021214 1.2500000000000002
decision_type=2 2 2 2 2 2 2 2 2 2 2 2 2 2
left_child=1 5 4 10 12 9 -5 -4 -9 -1 -3 -7 -2 -6
right_child=2 3 7 6 13 11 -8 8 -10 -11 -12 -13 -14 -15
leaf_value=-0.0013937253983278717 0.0014335956547299859 -0.00049847901711405087 0.0005941097642139212 0.00051021863907618954 0.0024348575857509624 -0.00038443426504185192 0.0032311465360948892 0.0042839308518996819 0.0070478938847314846 -0.0008536939856030988 0.00020841138834247011 0.0012931511001912554 0.00018806230751850219 0.00033706344539851952
leaf_weight=5185.3610405921936 1533.3181430399418 4440.402274876833 70.775281250476837 4930.8590038120747 2144.6270101070404 1273.3338344693184 160.77098289132118 663.09776222705841 182.24070090055466 7461.8589505851269 2012.4202066659927 284.92572671175003 604.47860869765282 167.4779204428196
leaf_count=7832 2371 6689 108 7241 3071 1938 241 993 287 11329 3044 436 886 221
internal_value=-1.93708e-05 -0.000483952 0.0022075 0.000108965 0.00171364 -0.000966452 0.000599332 0.00458655 0.00490683 -0.00107608 -0.000276478 -7.00164e-05 0.00108659 0.00228765
internal_weight=31115.9 25749.9 5366.02 11544.5 4449.9 14205.5 5091.63 916.114 845.338 12647.2 6452.82 1558.26 2137.8 2312.1
internal_count=46687 38750 7937 17215 6549 21535 7482 1388 1280 19161 9733 2374 3257 3292
is_linear=0
shrinkage=0.02


Tree=52
num_leaves=15
num_cat=0
split_feature=36 36 36 36 33 13 4 43 13 13 3 40 27 43
split_gain=75.8315 19.0416 12.2066 3.96141 3.84735 2.76637 2.66901 2.63856 2.28769 2.0368 1.92846 1.60379 1.14113 0.858983
threshold=0.70714285714285718 1.788888888888889 0.2678571428571429 0.95000000000000007 -1.0000000180025095e-35 0.38214100281857372 28.025179749359598 -1.0000000180025095e-35 0.25905609100165178 1.4390388223408863 38.570031653041219 -0.16302998817830883 1.4700203008510202 0.45000000000000007
decision_type=2 2 2 2 2 2 2 2 2 2 2 2 2 2
left_child=2 3 11 10 9 -5 -3 -6 -8 -4 -2 13 -13 -1
right_child=1 6 4 5 7 -7 8 -9 -10 -11 -12 12 -14 -15
leaf_value=-0.00039269325673045157 0.0014046155486381357 0.00064037731260587567 -0.0010278046568027641 0.0012742704489788904 0.0013129586741754762 0.0024154702657225042 0.0036340117105253954 -4.5873252847712073e-05 0.005869525541691875 0.00014389680121246339 0.00030028625114230376 -0.0011582877890620807 -0.00017274671792279325 0.0017655721782879005
leaf_weight=214.86337772011757 1171.5583306252956 72.814731538295746 2511.6840256154537 1797.4821220636368 605.1140533387661 1731.8923027515411 406.63855919241905 9664.8711799681187 436.66045364737511 757.5086385011673 1438.2798893153667 9679.7634461224079 520.00453627109528 106.81180059909821
leaf_count=329 1706 111 3576 2541 878 2654 593 14645 684 1198 2153 14677 777 165
internal_value=-1.89083e-05 0.00180376 -0.000553893 0.00139909 -0.000155867 0.00183815 0.00449578 3.34565e-05 0.00481454 -0.000753329 0.000800545 -0.001065 -0.00110907 0.000299542
internal_weight=31115.9 7055.33 24060.6 6139.21 13539.2 3529.37 916.114 10270 843.299 3269.19 2609.84 10521.4 10199.8 321.675
internal_count=46687 10442 36245 9054 20297 5195 1388 15523 1277 4774 3859 15948 15454 494
is_linear=0
shrinkage=0.02


Tree=53
num_leaves=15
num_cat=0
split_feature=37 37 37 43 42 42 37 42 4 14 13 37 40 13
split_gain=74.5373 19.3517 11.6264 5.20438 4.58657 3.6274 3.5479 2.55533 2.06192 2.02333 1.88764 1.82227 1.64184 0.904536
threshold=0.92833861327012224 0.36265830560824525 1.5458128604600454 -1.0000000180025095e-35 1.0500000000000003 0.45000000000000007 2.9708902928387317 0.35000000000000003 27.27602541884114 11.500000000000002 1.5444496586575707 0.017265172630110903 -0.15991243431957453 1.0780143898787966
decision_type=2 2 2 2 2 2 2 2 2 2 2 2 2 2
left_child=1 5 7 10 -5 11 8 13 -4 -9 -3 -1 -7 -2
right_child=2 3 6 4 -6 12 -8 9 -10 -11 -12 -13 -14 -15
leaf_value=-0.0018852456000137902 1.6152779049696831e-05 0.0012458861137144273 0.00074030214048299956 -5.6504582075879656e-05 0.0014711505716877441 0.00084035486450922167 0.0074947943725418012 0.0022036324033018954 0.0038437661314761865 0.00060840888545543701 0.0038218666951967523 -0.0010057667278644759 -0.00051002198268045701 0.0015673730195174878
leaf_weight=1076.7071212232113 444.82767474651337 646.32423257827759 102.87554654479027 10159.853396087885 849.4400427043438 398.77624988555908 107.20393031835556 2247.1765961945057 1095.578213006258 393.76660272479057 145.11599537730217 9999.4869104027748 3212.7628897726536 236.05204570293427
leaf_count=1645 679 923 156 15161 1248 591 169 3272 1644 542 240 15115 4902 400
internal_value=-1.8471e-05 -0.000427973 0.0023226 0.0001744 6.07018e-05 -0.000912583 0.00392682 0.00168706 0.00358737 0.00197021 0.00173926 -0.00109249 -0.000357767 0.0005716
internal_weight=31115.9 26488.5 4627.48 11800.7 11009.3 14687.7 1305.66 3321.82 1198.45 2640.94 791.44 11076.2 3611.54 680.88
internal_count=46687 39825 6862 17572 16409 22253 1969 4893 1800 3814 1163 16760 5493 1079
is_linear=0
shrinkage=0.02


Tree=54
num_leaves=15
num_cat=0
split_feature=37 37 36 42 42 42 42 37 4 37 37 16 0 29
split_gain=71.6102 16.457 13.8561 5.08865 3.62639 3.20409 2.72388 2.55438 2.31616 1.99042 1.6199 1.57699 1.55587 1.51801
threshold=0.86201331970811312 0.34865745274497367 1.788888888888889 0.45000000000000007 0.65000000000000002 0.65000000000000002 1.5500000000000003 2.9708902928387317 28.025179749359598 0.014247935696901352 0.60698593054637062 13.330000000000004 31.569020330021214 1.2500000000000002
decision_type=2 2 2 2 2 2 2 2 2 2 2 2 2 2
left_child=1 5 4 10 12 9 -5 8 -4 -1 -3 -7 -2 -6
right_child=2 3 7 6 13 11 -8 -9 -10 -11 -12 -13 -14 -15
leaf_value=-0.001851299366711093 0.0013520020412426334 -0.00048210693772322594 0.00027836835771845314 0.0004902793688900094 0.00231354323567358 -0.00035711227297498027 0.0031345096617647673 0.007347643774037761 0.0042296853173190456 -0.00093917483115660077 0.00019888012122821173 0.0012825818362849955 0.00013434755311613931 0.00026383451810416293
leaf_weight=1073.2988291084766 1533.3181430399418 4440.402274876833 70.76805305480957 4930.8590038120747 2144.6270101070404 1273.3338344693184 160.77098289132118 107.20393031835556 738.14176100492477 11573.921162068844 2012.4202066659927 284.92572671175003 604.47860869765282 167.4779204428196
leaf_count=1649 2371 6689 107 7241 3071 1938 241 169 1112 17512 3044 436 886 221
internal_value=-1.8024e-05 -0.000456367 0.00208298 0.00010372 0.0016169 -0.000912192 0.000576934 0.00432758 0.00389787 -0.00101765 -0.000268185 -4.96274e-05 0.00101282 0.00216975
internal_weight=31115.9 25749.9 5366.02 11544.5 4449.9 14205.5 5091.63 916.114 808.91 12647.2 6452.82 1558.26 2137.8 2312.1
internal_count=46687 38750 7937 17215 6549 21535 7482 1388 1219 19161 9733 2374 3257 3292
is_linear=0
shrinkage=0.02


Tree=55
num_leaves=15
num_cat=0
split_feature=34 34 34 12 34 33 19 29 12 24 34 13 24 47
split_gain=92.5701 19.3786 18.2572 3.38236 3.20619 2.08809 2.02561 1.99764 1.90508 1.83196 2.55494 1.82284 1.38744 1.03102
threshold=0.75242927553243333 0.29009663342637554 1.5241515419650449 18.911285502448568 0.53871795490647167 0.14999999999999999 0.95421100159081551 1.2500000000000002 19.730728130346399 0.90718396545668145 1.1652870256943313 1.0000000180025095e-35 0.88592124984516551 2.7551245817497825
decision_type=2 2 2 2 2 2 2 2 2 2 2 2 2 2
left_child=1 5 9 6 7 -1 -4 -3 -5 10 -2 -6 -7 -11
right_child=2 4 3 8 11 12 -8 -9 -10 13 -12 -13 -14 -15
leaf_value=-0.0014271755078269985 0.0016179426770913364 -0.00034180948422123721 0.0041532483235051255 0.0066398220660328034 -6.4274389475186085e-05 -0.00103474330062971 0.0015381631908584284 0.00065733476455327039 0.0036984785075039545 0.00093967725881473742 0.0029340006958760365 0.00074085138056007233 -0.00027653432672601299 0.0021724386493663706
leaf_weight=5385.5826205909252 2271.8809042870998 7866.2505663633347 486.8730081319809 340.69348186254501 1871.3201771974564 4711.9809196591377 179.00442349910736 883.25696432590485 157.6252104640007 1562.931732416153 845.52046898007393 2737.8378666639328 1264.8139428198338 351.82406359910965
leaf_count=8030 3399 11712 727 542 2603 7472 270 1278 237 2232 1253 4181 1999 520
internal_value=1.63074e-05 -0.000531295 0.00220211 0.0044629 -1.40806e-05 -0.00113839 0.00347193 -0.000239677 0.00574792 0.00167552 0.00197975 0.000411915 -0.000876109 0.00117344
internal_weight=30917.4 24721 6196.35 1164.2 13358.7 11362.4 665.877 8749.51 498.319 5032.16 3117.4 4609.16 5976.79 1914.76
internal_count=46455 37275 9180 1776 19774 17501 997 12990 779 7404 4652 6784 9471 2752
is_linear=0
shrinkage=0.02


Tree=56
num_leaves=15
num_cat=0
split_feature=37 37 37 42 42 42 44 42 22 37 19 0 19 13
split_gain=74.8494 18.7062 15.5538 6.67257 4.33895 3.10822 2.08563 2.02003 2.30882 1.82639 1.72806 1.65636 1.52902 1.35457
threshold=0.92833861327012224 0.42687693939481913 1.6690004123451307 0.35000000000000003 0.45000000000000007 1.2500000000000002 3.4256183715427801 0.65000000000000002 -0.6955330821308543 0.24129578838264149 0.14047503645447354 12.99954192808349 0.95421100159081551 0.05059795124275366
decision_type=2 2 2 2 2 2 2 2 2 2 2 2 2 2
left_child=1 4 7 13 9 -5 10 12 -9 -1 -4 -6 -2 -3
right_child=2 3 6 5 11 -7 -8 8 -10 -11 -12 -13 -14 -15
leaf_value=-0.0011706234544102026 0.0007280479741839849 -0.00081339027139929365 0.005210730420096653 0.00060411429930324516 0.0019312897508086976 0.0024053262300971334 0.0081250667745430046 0.0010253777972068976 0.0026024120958518995 -0.00065907249637440948 0.0033849789482669431 -0.00031848196850920802 0.002040633064263964 -3.2356429239711246e-05
leaf_weight=7990.8224264681339 1059.4015238285065 1488.5621864199638 449.46058735251427 5371.5000651776791 132.15600490570068 416.28953498601913 66.585769534111023 541.73568251729012 1409.7461160719395 4487.1967159211636 526.79674378037453 4141.3694186210632 567.06120425462723 2268.7123710215092
leaf_count=12071 1623 2150 672 7862 206 606 94 753 2007 6793 824 6306 879 3609
internal_value=1.60355e-05 -0.000396193 0.00236332 0.000309671 -0.000798982 0.000736181 0.00451711 0.00173061 0.00217124 -0.000987602 0.0042447 -0.000245699 0.00119376 -0.000344716
internal_weight=30917.4 26296.6 4620.79 9545.06 16751.5 5787.79 1042.84 3577.94 1951.48 12478 976.257 4273.53 1626.46 3757.27
internal_count=46455 39603 6852 14227 25376 8468 1590 5262 2760 18864 1496 6512 2502 5759
is_linear=0
shrinkage=0.02


Tree=57
num_leaves=15
num_cat=0
split_feature=34 34 34 21 42 34 2 33 42 26 42 41 2 15
split_gain=85.974 18.055 16.9244 3.36782 3.28346 2.39415 2.2712 1.98636 1.96685 1.83082 1.7762 1.62951 1.341 0.623188
threshold=0.75242927553243333 0.29009663342637554 1.5241515419650449 0.82735290681733176 0.45000000000000007 2.4137646487890545 12.909511904761905 0.14999999999999999 0.65000000000000002 1.3875000000000002 0.75000000000000011 1.1558903086970607 34.736166666666676 3.2169097952485437
decision_type=2 2 2 2 2 2 2 2 2 2 2 2 2 2
left_child=1 7 8 -4 9 -5 -6 13 11 -3 -9 -2 -10 -1
right_child=2 4 3 5 6 -7 -8 10 12 -11 -12 -13 -14 -15
leaf_value=-0.00041223835192738133 0.00096078679457734634 -0.00040748543195291454 0.00047113292573553177 0.0041163691656873683 0.0025768519017499085 0.0067118950712843021 0.00028161719913636778 -0.00093869548266029804 0.0021593661016018066 0.00044872219546801713 0.00037684712015915263 0.0024433916229453273 0.00064967164121439039 -0.001431219553847368
leaf_weight=283.39937555789948 2043.1689714491367 6631.1029146909714 91.080261796712875 876.30042186379433 177.6476659476757 196.81544029712677 5386.0722801089287 5545.8452802598476 2341.6754094362259 1163.8427138030529 430.94958221912384 361.45497098565102 285.85781741142273 5102.1832450330257
leaf_count=443 3136 9899 141 1313 255 322 7897 8759 3306 1723 712 562 400 7587
internal_value=1.57731e-05 -0.000511947 0.00212227 0.00429918 -1.26831e-05 0.0046133 0.0003576 -0.00109794 0.00161515 -0.000278282 -0.000842073 0.00118965 0.00199954 -0.00137963
internal_weight=30917.4 24721 6196.35 1164.2 13358.7 1073.12 5563.72 11362.4 5032.16 7794.95 5976.79 2404.62 2627.53 5385.58
internal_count=46455 37275 9180 1776 19774 1635 8152 17501 7404 11622 9471 3698 3706 8030
is_linear=0
shrinkage=0.02


Tree=58
num_leaves=15
num_cat=0
split_feature=34 34 34 42 34 2 33 42 22 26 42 51 1 44
split_gain=82.5885 17.3421 16.2591 3.15376 2.54943 2.18202 1.90722 1.88727 1.86365 1.75867 1.70679 1.63062 1.58953 1.27795
threshold=0.75242927553243333 0.29009663342637554 1.5241515419650449 0.45000000000000007 2.4137646487890545 12.909511904761905 0.14999999999999999 0.65000000000000002 -1.2105997003404616 1.3875000000000002 0.75000000000000011 1.3591858189651098 18.60016666666667 1.7395981762625106
decision_type=2 2 2 2 2 2 2 2 2 2 2 2 2 2
left_child=1 6 7 9 12 -5 -1 11 -9 -3 -8 -2 -4 -6
right_child=2 3 4 5 13 -7 10 8 -10 -11 -12 -13 -14 -15
leaf_value=-0.00135208617254687 0.00096175327689823772 -0.00039933817967589201 0.00068559674186259047 0.0025258886180479436 0.00465157175083221 0.0002759869425111629 -0.00091992833780294456 0.00073992870704763316 0.0022022833892997203 0.00043976316399431891 0.00036934498968994769 0.0025749987566639301 0.0039669978043269634 0.0083397236318552299
leaf_weight=5385.5826205909252 2109.3302514255047 6631.1029146909714 72.307896673679352 177.6476659476757 124.73304229974747 5386.0722801089287 5545.8452802598476 444.10284408926964 2183.430382758379 1163.8427138030529 430.94958221912384 295.29369100928307 879.68127718567848 87.473907798528671
leaf_count=8030 3243 9899 122 255 218 7897 8759 624 3082 1723 712 455 1307 129
internal_value=1.55198e-05 -0.000501699 0.00208013 -1.23758e-05 0.00421393 0.000350504 -0.00107601 0.00158301 0.00195967 -0.000272691 -0.000825202 0.00116599 0.0037302 0.00628222
internal_weight=30917.4 24721 6196.35 13358.7 1164.2 5563.72 11362.4 5032.16 2627.53 7794.95 5976.79 2404.62 951.989 212.207
internal_count=46455 37275 9180 19774 1776 8152 17501 7404 3706 11622 9471 3698 1429 347
is_linear=0
shrinkage=0.02


Tree=59
num_leaves=15
num_cat=0
split_feature=37 37 37 42 42 33 26 0 16 42 13 53 19 0
split_gain=66.6481 16.6614 13.9468 6.0801 3.85059 2.92147 2.06736 1.93881 2.52795 1.80871 1.58714 2.18187 1.60663 1.55794
threshold=0.92833861327012224 0.42687693939481913 1.6690004123451307 0.35000000000000003 0.45000000000000007 0.19999999999999998 1.2111111111111115 31.148528495275681 15.100000000000003 0.75000000000000011 0.05059795124275366 0.24999999999999997 0.086227744060397307 12.99954192808349
decision_type=2 2 2 2 2 2 2 2 2 2 2 2 2 2
left_child=1 4 7 -3 6 -5 -1 9 -9 -2 11 -4 -12 -6
right_child=2 3 10 5 13 -7 -8 8 -10 -11 12 -13 -14 -15
leaf_value=-0.0010269623340013767 0.0013984287828166511 -0.00033213369545392641 0.0046046710053168306 -6.3331751920500358e-05 0.001878763039561879 0.00096210066327898254 -0.00022628942093042093 -0.0002892103626039591 0.0017094261269304178 0.0024961773822994296 0.0062524040225674579 0.0015865932724081159 0.0039768800740678997 -0.0003030817284797247
leaf_weight=10977.469563633204 1332.8225635290146 3757.274557441473 219.57542422413826 1472.1689411103725 132.15600490570068 4315.6206590533257 1500.549578756094 422.89317861199379 600.23572891950607 1221.9930556118488 257.6866443157196 197.80241394042969 367.77861818671227 4141.3694186210632
leaf_count=16617 2065 5759 335 2107 206 6361 2247 584 881 1732 388 278 589 6306
internal_value=1.52936e-05 -0.000373678 0.00223027 0.00029245 -0.000753825 0.000699615 -0.00093153 0.00163091 0.000874616 0.00192895 0.00427004 0.00321259 0.00494726 -0.000232423
internal_weight=30917.4 26296.6 4620.79 9545.06 16751.5 5787.79 12478 3577.94 1023.13 2554.82 1042.84 417.378 625.465 4273.53
internal_count=46455 39603 6852 14227 25376 8468 18864 5262 1465 3797 1590 613 977 6512
is_linear=0
shrinkage=0.02


Tree=60
num_leaves=15
num_cat=0
split_feature=37 39 37 35 13 17 29 43 43 30 5 31 27 37
split_gain=58.9596 15.5405 6.62365 3.53924 3.39032 3.09275 2.65514 2.09455 1.75861 1.49016 1.30137 1.00551 0.944651 0.763148
threshold=0.60698593054637062 1.2500000000000002 0.14417168069355049 2.1000000000000005 0.63190986730035192 1.1534362088326808 1.2500000000000002 -1.0000000180025095e-35 -1.0000000180025095e-35 -0.20347132772145338 42.943331576392815 1.2071836395699078 1.6037345096879736 0.017265172630110903
decision_type=2 2 2 2 2 2 2 2 2 2 2 2 2 2
left_child=2 4 12 9 5 -2 7 -4 -6 -3 -5 -8 13 -1
right_child=1 3 6 10 8 -7 11 -9 -10 -11 -12 -13 -14 -15
leaf_value=-0.0016377507122545306 0.0017833361088915815 0.00024335467822842415 0.00093303981092020814 0.0034295022652026824 0.0026302174025304281 0.00038448647058556316 1.8668096534152798e-05 -0.00048596128775870692 0.0012656204157647818 0.0027660534829246227 0.0056508223688082875 0.0011500469357969654 0.00043457368619199705 -0.0010570062107463835
leaf_weight=1238.5075229108334 761.86457648873329 117.25194931030273 422.60549676418304 262.99092409014702 455.57556748390198 3902.634746491909 788.30933746695518 13742.106617093086 2920.2242823839188 763.2908331155777 262.55678641796112 541.81031849980354 138.49629917740822 4738.6861986815929
leaf_count=1909 1098 174 620 404 712 5540 1156 20814 4541 1130 404 796 214 7116
internal_value=-6.73646e-06 0.00131081 -0.000583194 0.00325235 0.000969307 0.000615773 -0.000362188 -0.000442794 0.00145419 0.00244278 0.00457542 0.000488065 -0.0011412 -0.00117952
internal_weight=31056.9 9446.39 21610.5 1406.09 8040.3 4664.5 15494.8 14164.7 3375.8 880.543 525.548 1330.12 6115.69 5977.19
internal_count=46628 14003 32625 2112 11891 6638 23386 21434 5253 1304 808 1952 9239 9025
is_linear=0
shrinkage=0.02


Tree=61
num_leaves=15
num_cat=0
split_feature=34 34 34 36 42 34 36 13 37 13 42 0 24 34
split_gain=67.1855 14.625 13.4651 2.96774 2.78351 2.4485 2.43656 1.99336 1.86136 1.60759 2.04941 1.55525 1.3851 1.05005
threshold=0.68707647724441567 0.36288832018019751 1.3077082527503954 0.95000000000000007 0.55000000000000016 0.23400884441454292 2.7071428571428577 1.0105215092646536 0.25636339689724458 1.0000000180025095e-35 0.15000000000000005 31.743074305852321 0.068587426900460255 0.88697462835112484
decision_type=2 2 2 2 2 2 2 2 2 2 2 2 2 2
left_child=1 5 4 -4 13 12 -5 -6 -7 10 -3 -11 -1 -2
right_child=2 9 3 6 7 8 -8 -9 -10 11 -12 -13 -14 -15
leaf_value=0.0013322757878394321 0.00031725560351768511 -0.0013214644627960253 -0.00049916317595769671 0.0031102262804282251 0.0012070179704272615 -0.00010839825628631151 0.0058163772336415863 0.0022944833772733301 -0.00087985973515168354 0.00010028081121051296 -2.3461332100177319e-05 0.00085204812516564532 -0.0011477152686467666 0.0011901362080704117
leaf_weight=85.685585379600525 1461.1684748828411 575.14821022748947 77.630003690719604 1516.6977007985115 2095.0339034795761 2099.9525808990002 158.80836820602417 1060.1989174187183 3216.2206521332264 4031.1009848713875 3210.908185839653 1533.3502486050129 9004.0047734975815 931.00286644697189
leaf_count=173 2210 818 161 2232 2901 3061 256 1596 4944 6238 4441 2246 13874 1477
internal_value=-6.51478e-06 -0.000522526 0.00167093 0.0032015 0.00118444 -0.000922339 0.00337931 0.00157681 -0.000577159 9.24431e-05 -0.000223877 0.000309467 -0.00112295 0.000661857
internal_weight=31056.9 23756.4 7300.54 1753.14 5547.4 14405.9 1675.51 3155.23 5316.17 9350.51 3786.06 5564.45 9089.69 2392.17
internal_count=46628 35795 10833 2649 8184 22052 2488 4497 8005 13743 5259 8484 14047 3687
is_linear=0
shrinkage=0.02


Tree=62
num_leaves=14
num_cat=0
split_feature=36 36 36 33 33 3 3 36 36 47 43 24 3
split_gain=50.6047 13.6025 8.59777 3.35034 2.57891 2.42864 2.27876 1.96478 1.90876 1.84784 1.69318 1.09407 1.07213
threshold=0.73214285714285732 1.5857142857142861 0.23611111111111113 0.14999999999999999 1.0000000180025095e-35 38.483010988467932 28.661707788351141 2.7071428571428577 0.5277777777777779 0.57087152266615604 0.75000000000000011 1.3100230269197726 32.202790184360346
decision_type=2 2 2 2 2 2 2 2 2 2 2 2 2
left_child=2 4 10 11 9 -6 -3 -8 -5 -2 12 -4 -1
right_child=1 6 3 8 5 -7 7 -9 -10 -11 -12 -13 -14
leaf_value=-0.00046338560919137673 -0.0026515480362830557 0 -0.00064444164030086131 -7.1306435125512442e-05 0.0017758861911190008 0.0008515437027782764 0.0032575796015155167 0.005804279035563074 0.00056507072807703777 0.00040786321185842122 0.0001554348404548451 0.00019191559218209486 -0.001028691061735645
leaf_weight=1695.5381087660789 84.555677562952042 75.270879924297333 4256.409575343132 5976.3022367954254 2143.97204631567 2573.4203543961048 1014.3949407935143 155.41997155547142 2738.3947105407715 865.56099903583527 590.05132588744164 711.96719092130661 8175.6534385383129
leaf_count=2563 123 122 6295 9089 3162 3777 1510 249 4113 1287 896 1096 12346
internal_value=-6.34297e-06 0.00150188 -0.000438656 -0.000107785 0.00108271 0.00127433 0.00339711 0.00361379 0.000127597 0.00012009 -0.000870368 -0.000522551 -0.000932717
internal_weight=31056.9 6912.59 24144.3 13683.1 5667.51 4717.39 1245.09 1169.81 8714.7 950.117 10461.2 4968.38 9871.19
internal_count=46628 10230 36398 20593 8349 6939 1881 1759 13202 1410 15805 7391 14909
is_linear=0
shrinkage=0.02


Tree=63
num_leaves=15
num_cat=0
split_feature=37 39 42 37 42 25 39 25 32 13 42 23 42 27
split_gain=52.5584 13.8087 8.11449 5.97109 3.5092 2.65077 2.47255 2.44642 2.44471 2.05704 2.02396 1.28541 1.07139 0.96519
threshold=0.60698593054637062 1.2500000000000002 0.65000000000000002 0.14417168069355049 0.45000000000000007 2.3666666666666671 2.2500000000000004 1.2916666666666667 1.0000000180025095e-35 0.56594052180259091 1.1500000000000001 0.9093585407619833 0.15000000000000005 1.6037345096879736
decision_type=2 2 2 2 2 2 2 2 2 2 2 2 2 2
left_child=3 2 9 12 5 -5 8 -4 -3 -2 -6 -8 -1 -14
right_child=1 6 7 4 10 -7 11 -9 -10 -11 -12 -13 13 -15
leaf_value=-0.0014444418953709587 2.0507654221923673e-05 0.005669028730938894 0.0019425744420946411 -0.00059282066382579715 -4.1795300530952292e-05 0.0023247175650998077 0.0071765999686874259 0.00045042493217636089 0.0023012701968170364 0.0008568817873682705 0.0013448479756859965 0.0037924238794923484 -0.00092628561963170857 0.0010823967971871893
leaf_weight=2173.4873302876949 2685.6746890544891 99.103786200284958 2678.6094511151314 10113.797518372536 4799.63827881217 122.85267066955566 76.499964028596878 549.29439878463745 1022.7258276343346 2126.7206338942051 458.54330196976662 207.76091507077217 3850.2468659877777 91.955824494361877
leaf_count=3224 3879 160 3886 15356 7166 181 116 758 1494 3368 683 342 5875 140
internal_value=-6.1787e-06 0.00123777 0.000915756 -0.000550462 -0.000340581 -0.000556383 0.00306812 0.00169219 0.00261724 0.000392402 7.76921e-05 0.00478188 -0.0010803 -0.000876371
internal_weight=31056.9 9446.39 8040.3 21610.5 15494.8 10236.7 1406.09 3227.9 1121.83 4812.4 5258.18 284.261 6115.69 3942.2
internal_count=46628 14003 11891 32625 23386 15537 2112 4644 1654 7247 7849 458 9239 6015
is_linear=0
shrinkage=0.02


Tree=64
num_leaves=15
num_cat=0
split_feature=36 36 42 42 36 43 0 31 3 32 50 35 15 42
split_gain=46.8281 12.6293 8.83852 4.56865 4.13673 3.78731 2.54715 2.40728 2.1713 1.99655 1.30018 1.23111 0.973074 0.872472
threshold=0.73214285714285732 1.5857142857142861 0.55000000000000016 0.45000000000000007 0.11805555555555557 0.55000000000000016 32.440410577581581 1.5231492059142957 28.661707788351141 1.0000000180025095e-35 0.29265423682251451 0.45000000000000007 5.4292620194109089 0.15000000000000005
decision_type=2 2 2 2 2 2 2 2 2 2 2 2 2 2
left_child=2 3 4 10 13 12 -5 -6 -3 -10 -2 -7 -4 -1
right_child=1 8 5 6 7 11 -8 -9 9 -11 -12 -13 -14 -15
leaf_value=-0.0014235234631874915 6.0596822078631643e-05 0 0 0.0017516003084480775 -0.00052167237725879293 -0.00015500611437762636 0.00046767513964695163 0.00042154699311477295 0.0060149983212270863 0.0031697477922018121 0.0015196669922943262 0.00054618033796203483 0.0018641352231871433 -0.0008837747000662936
leaf_weight=2105.8166691958904 1738.9143309295177 75.270879924297333 134.64201998710632 2819.8142065107822 12180.32292047143 3152.594800978899 823.07811066508293 1174.5309764444828 121.13845303654671 1048.676459312439 285.70242920517921 1459.8181749284267 669.97485136985779 3266.6161734163761
leaf_count=3109 2655 122 181 4107 18432 4775 1138 1833 203 1556 449 2162 974 4932
internal_value=-5.97276e-06 0.00144487 -0.000421853 0.00104088 -0.000627812 0.000288292 0.00146467 -0.000437919 0.00327117 0.00348268 0.000272723 6.48912e-05 0.00155319 -0.00109765
internal_weight=31056.9 6912.59 24144.3 5667.51 18727.3 5417.03 3642.89 13354.9 1245.09 1169.81 2024.62 4612.41 804.617 5372.43
internal_count=46628 10230 36398 8349 28306 8092 5245 20265 1881 1759 3104 6937 1155 8041
is_linear=0
shrinkage=0.02


Tree=65
num_leaves=15
num_cat=0
split_feature=34 34 34 34 26 34 24 37 13 0 3 34 37 0
split_gain=68.0928 14.0351 13.3668 3.87022 2.91676 2.17451 2.40767 1.87101 1.8347 2.07861 1.73095 1.1605 1.15159 1.11496
threshold=0.71506597382476833 1.1909437216833367 0.29009663342637554 2.2058421359942662 1.5857142857142861 0.52175211800278332 0.53629385340579472 0.2995478925383554 0.12668717773682839 15.086835503063897 48.886290961545392 0.99231303497424983 0.017265172630110903 12.99954192808349
decision_type=2 2 2 2 2 2 2 2 2 2 2 2 2 2
left_child=2 8 12 4 -3 7 -7 -4 9 -2 -5 -10 -1 -14
right_child=1 3 5 10 -6 6 -8 -9 11 -11 -12 -13 13 -15
leaf_value=-0.0015574674218164883 0.0032608031088407312 0.0028854822994295428 0.0002586453514957502 0.0041747012159023432 -0.00089545593366537339 0.0012639886362505884 9.3173050084471506e-05 -0.00041294223491217637 0.001224537796006629 0.00049964594833348732 0.0079207997794713929 0.0022126381296559399 0.00015091048164066396 -0.00094106127392825484
leaf_weight=1250.5497896969318 116.06931844353676 1855.910253316164 2283.1396496891975 254.06078234314919 80.334419310092926 871.78928861021996 3711.0132373273373 5928.5527867972851 1863.2112194895744 1832.6401336491108 76.832147836685181 701.28963598608971 372.15653923153877 9713.3404133319855
leaf_count=1922 169 2734 3319 427 118 1365 5377 8873 2868 2566 108 1056 578 14956
internal_value=2.38689e-05 0.00179473 -0.00047341 0.00308074 0.00272269 -2.9502e-05 0.000318533 -0.000224982 0.00114542 0.000672407 0.00511693 0.00150015 -0.000973454 -0.000899754
internal_weight=30910.9 6780.35 24130.5 2267.14 1936.24 12794.5 4582.8 8211.69 4513.21 1948.71 330.893 2564.5 11336 10085.5
internal_count=46436 10046 36390 3387 2852 18934 6742 12192 6659 2735 535 3924 17456 15534
is_linear=0
shrinkage=0.02


Tree=66
num_leaves=15
num_cat=0
split_feature=36 36 42 42 43 43 22 36 14 3 47 36 3 3
split_gain=54.1096 18.2553 6.11277 3.94251 3.73961 3.67396 2.64598 2.20125 1.93051 1.69196 1.64033 1.25109 1.08427 0.962546
threshold=0.68333333333333346 1.5857142857142861 0.35000000000000003 0.65000000000000002 0.35000000000000003 -1.0000000180025095e-35 -1.1890094492916845 2.5277777777777781 12.500000000000002 37.428146332385033 1.7007419108425312 0.11805555555555557 48.075032098701939 30.629520163506282
decision_type=2 2 2 2 2 2 2 2 2 2 2 2 2 2
left_child=2 3 11 5 9 -2 -5 10 -6 -4 -3 -1 -9 -13
right_child=1 7 4 6 8 -7 -8 12 -10 -11 -12 13 -14 -15
leaf_value=-0.001058274737548304 0.0022846824176924962 0.0037368467961840604 0.0026005768307058707 0.00025582260259325779 -0.00013347549308347556 0.00036643249923286867 0.0018127941513996252 0.0041630989940314583 -0.0012702583422189982 0.00053211039214695914 0.0019853494449989283 -0.00011348843049407357 0.007580453151951199 -0.00071968024009212846
leaf_weight=4240.8094861805439 450.54173040390015 715.94306388497353 252.89467406272888 548.5279081761837 8173.1021406948566 3654.9750044345856 2498.7834631502628 143.64060881733894 646.68236854672432 464.88154914975166 360.67818588018417 1268.0051690042019 77.525396585464478 7413.8988660871983
leaf_count=6318 671 1062 360 768 12404 5545 3586 235 902 679 543 1917 113 11333
internal_value=2.34564e-05 0.00138776 -0.000489493 0.000989289 -0.000104183 0.000580387 0.00153616 0.00357139 -0.000218229 0.00127999 0.00316412 -0.000773036 0.005463 -0.000632343
internal_weight=30910.9 8450.62 22460.3 7152.83 9537.56 4105.52 3047.31 1297.79 8819.78 717.776 1076.62 12922.7 221.166 8681.9
internal_count=46436 12523 33913 10570 14345 6216 4354 1953 13306 1039 1605 19568 348 13250
is_linear=0
shrinkage=0.02


Tree=67
num_leaves=15
num_cat=0
split_feature=34 34 34 34 13 27 24 3 24 3 3 2 34 34
split_gain=63.2619 13.0267 12.6143 3.57995 1.75832 1.90403 1.68286 1.60796 1.5647 1.41805 1.39448 1.53256 1.27634 1.09337
threshold=0.71506597382476833 1.1909437216833367 0.35039636503422339 2.2058421359942662 0.12668717773682839 0.16278518499283942 0.82310781625338003 48.886290961545392 1.4416890853408739 31.854012367741088 36.820963273457828 28.853666666666673 0.42342097221110131 0.99231303497424983
decision_type=2 2 2 2 2 2 2 2 2 2 2 2 2 2
left_child=2 4 8 6 5 -2 -3 -5 9 -1 12 -12 -4 -6
right_child=1 3 10 7 13 -7 -8 -9 -10 -11 11 -13 -14 -15
leaf_value=-0.00041368582039838601 0.0038478730621970521 0.0031013563675621626 -0.00024353580844685069 0.00401771685456539 0.0011836651699577787 0.00051179115650927152 0.0018307634075940013 0.0076360963283320362 0.00022439434265955505 -0.00098775237511492583 -0.00044874581216913242 0.00015787809929864352 0.00060551834008459979 0.0021435099578402087
leaf_weight=2118.6959309577942 70.331549376249313 1197.5746426284313 938.81089121103287 254.06078234314919 1863.2112194895744 1878.3779027163982 738.67002999782562 76.832147836685181 502.20237803459167 11094.825708031654 2905.4031954109669 3869.1973246634007 2701.4062763750553 701.28963598608971
leaf_count=3219 99 1776 1387 427 2868 2636 1076 108 843 16960 4280 5741 3960 1056
internal_value=2.30416e-05 0.00172994 -0.000456261 0.00296899 0.00110426 0.000641143 0.00262418 0.00492876 -0.000854739 -0.000896538 6.7615e-05 -0.000100863 0.000383788 0.00145151
internal_weight=30910.9 6780.35 24130.5 2267.14 4513.21 1948.71 1936.24 330.893 13715.7 13213.5 10414.8 6774.6 3640.22 2564.5
internal_count=46436 10046 36390 3387 6659 2735 2852 535 21022 20179 15368 10021 5347 3924
is_linear=0
shrinkage=0.02


Tree=68
num_leaves=15
num_cat=0
split_feature=34 34 34 34 14 26 34 24 2 44 40 23 24 18
split_gain=60.7767 12.514 12.1412 3.441 3.07861 2.7614 1.95099 2.29757 1.52151 1.27642 1.21676 1.15268 1.07332 0.952412
threshold=0.71506597382476833 1.1909437216833367 0.29009663342637554 2.2058421359942662 9.5000000000000018 1.5857142857142861 0.52175211800278332 0.53629385340579472 14.49601851851852 2.635952197547542 0.086466660421546007 1.1613490370896431 1.4068528179905084 0.58667464675916303
decision_type=2 2 2 2 2 2 2 2 2 2 2 2 2 2
left_child=2 4 12 5 11 -3 10 -8 -6 -5 -4 -2 13 -1
right_child=1 3 6 9 8 -7 7 -9 -10 -11 -12 -13 -14 -15
leaf_value=0.00089415900788794328 0.0019266221162396147 0.0027304650281124439 -6.1288189040883397e-05 0.0041033277283337366 0.002587482833888309 -0.00094720611416638373 0.0012291445034664612 8.5396969244086948e-05 0.00044523838505423186 0.0076820442588957441 -0.00061536613788644803 0.00084579456354946477 3.9774087321170615e-05 -0.00098083037690581973
leaf_weight=102.41472095251083 1550.332791686058 1855.910253316164 6038.6461959183216 270.18181237578392 141.99021378159523 80.334419310092926 871.78928861021996 3711.0132373273373 2233.4916590452194 60.711117804050446 2173.046240568161 587.395643055439 425.05122154951096 10808.580799758434
leaf_count=176 2321 2734 8922 453 206 118 1365 5377 3215 82 3270 917 725 16555
internal_value=2.26496e-05 0.00169569 -0.000447138 0.00291017 0.00108238 0.0025719 -2.4036e-05 0.000305595 0.000579562 0.00483219 -0.000209245 0.00163538 -0.000923704 -0.000962154
internal_weight=30910.9 6780.35 24130.5 2267.14 4513.21 1936.24 12794.5 4582.8 2375.48 330.893 8211.69 2137.73 11336 10911
internal_count=46436 10046 36390 3387 6659 2852 18934 6742 3421 535 12192 3238 17456 16731
is_linear=0
shrinkage=0.02


Tree=69
num_leaves=14
num_cat=0
split_feature=37 36 37 33 37 33 18 16 37 36 47 2 3
split_gain=48.1969 10.512 10.2559 3.1673 2.8453 2.43136 2.04435 2.19796 1.98386 1.9494 1.56504 1.37738 0.963505
threshold=0.89466662570919542 1.5857142857142861 0.49331068966760111 0.65000000000000013 0.05364007915054201 0.14999999999999999 0.69046100662636956 3.9399999999999999 0.68654324173194381 2.5277777777777781 1.7007419108425312 11.652333333333333 48.075032098701939
decision_type=2 2 2 2 2 2 2 2 2 2 2 2 2
left_child=2 6 4 11 -1 -6 -2 -8 -5 10 -3 -4 -11
right_child=1 9 3 8 5 -7 7 -9 -10 12 -12 -13 -14
leaf_value=-0.0011874896417786661 0.0047347839039843373 0.003551573103307662 0.0025691096769553039 0.00040335020191020618 -0.00076122385158471887 -0.00026073922193946297 -0.0013872562646218582 0.0012979833226489884 0.0016134196946827881 0.0039271674451779757 0.0018428199724969611 -9.9031467723511883e-06 0.0071675198675811985
leaf_weight=2593.6069075465202 67.2069071829319 715.94306388497353 82.159948229789734 1269.8635917305946 6728.0599334836006 9397.4248328208923 121.19721093773842 3482.8408941924572 985.53001844882965 143.64060881733894 360.67818588018417 4885.2121153175831 77.525396585464478
leaf_count=3917 99 1062 123 1899 9981 14402 187 5118 1429 235 543 7328 113
internal_value=2.22612e-05 0.00182662 -0.000323083 0.000316152 -0.000570273 -0.000470246 0.00127409 0.00120419 0.0009375 0.00337758 0.00299287 3.1758e-05 0.00516187
internal_weight=30910.9 4969.03 25941.9 7222.77 18719.1 16125.5 3671.25 3604.04 2255.39 1297.79 1076.62 4967.37 221.166
internal_count=46436 7357 39079 10779 28300 24383 5404 5305 3328 1953 1605 7451 348
is_linear=0
shrinkage=0.02


Tree=70
num_leaves=15
num_cat=0
split_feature=34 34 34 43 12 16 5 50 14 14 28 5 34 43
split_gain=51.269 12.652 7.29235 3.16524 2.90036 3.03255 2.69382 2.67224 2.39961 2.03646 1.4794 1.2169 1.2027 1.1809
threshold=0.79232510383189303 0.29009663342637554 1.5241515419650449 -1.0000000180025095e-35 18.731303174030351 8.4633333333333365 37.19929817506759 0.38392604090516597 11.500000000000002 8.5000000000000018 1.0000000180025095e-35 49.999882700699111 1.2733613874983634 0.75000000000000011
decision_type=2 2 2 2 2 2 2 2 2 2 2 2 2 2
left_child=1 10 6 9 5 -4 12 -8 -5 -3 13 -6 -2 -1
right_child=2 3 4 8 11 -7 7 -9 -10 -11 -12 -13 -14 -15
leaf_value=-0.0011919905218429195 0.0016783599760145523 0.0032627296260302656 -0.0015964784745608421 4.3552090137032352e-05 0.0037525432607391327 0.0026536114078630859 0.00069242292195816264 0.0027433924509384228 -0.00066578300508293318 0.00067927443247959944 -0.0006662579136861149 0.0068654226230827307 0.0030764584422348575 0.00016366849635230426
leaf_weight=5489.7047694027424 1468.6647461950779 162.69856402277946 73.215096175670624 11288.422263115644 503.89627143740654 494.72645929455757 2336.436881005764 289.12478679418564 2289.1723416447639 541.73001742362976 5629.1709063649178 69.129338920116425 328.41408631205559 255.65832620859146
leaf_count=8501 2161 257 117 16864 799 733 3416 421 3189 772 8573 99 493 416
internal_value=-2.61115e-05 -0.000403869 0.00171364 -6.79034e-06 0.00314512 0.00208449 0.00134082 0.000923996 -7.53853e-05 0.00129767 -0.000901479 0.00416804 0.00194256 -0.00112989
internal_weight=31220.2 25656.6 5563.61 14282 1140.97 567.942 4422.64 2625.56 13577.6 704.429 11374.5 573.026 1797.08 5745.36
internal_count=46811 38572 8239 21082 1748 850 6491 3837 20053 1029 17490 898 2654 8917
is_linear=0
shrinkage=0.02


Tree=71
num_leaves=14
num_cat=0
split_feature=34 34 34 36 14 43 36 36 14 36 27 51 28
split_gain=49.2943 9.87768 9.3884 3.00827 2.4386 2.38354 2.38085 2.25684 1.90377 1.86084 1.58137 1.55821 1.33022
threshold=0.70044224910162278 0.29009663342637554 1.1652870256943313 3.0500000000000003 11.500000000000002 -1.0000000180025095e-35 0.84523809523809534 0.78888888888888908 11.500000000000002 0.5634920634920636 1.3226495654488788 0.75104565014750602 1.0000000180025095e-35
decision_type=2 2 2 2 2 2 2 2 2 2 2 2 2
left_child=1 9 4 7 10 11 -6 -4 -7 12 -2 -3 -1
right_child=2 5 3 -5 6 8 -8 -9 -10 -11 -12 -13 -14
leaf_value=-0.0011223980303560633 0.0013108749167732392 0.0023678601682356306 -0.0010744593034324684 0.005827134968988016 0.0011189583009200872 -1.7477589321181755e-05 -0.0011357974485504037 0.002425512904953288 -0.00068389767916266105 0.0021951875359776532 0.00024114561666252525 0.00017219954281611703 -0.00068048891777712788
leaf_weight=5713.4057958424091 3219.9012378752232 252.40920782089233 71.153567641973495 105.10696431994438 337.64920029044151 10204.433593243361 413.46710705757141 2191.4078018069267 2067.4758539497852 74.281795799732208 697.27871415019035 285.34760418534279 5586.8464103341103
leaf_count=8851 4853 363 151 162 480 15230 574 3246 2881 153 969 412 8486
internal_value=-2.55105e-05 -0.000454493 0.00144729 0.00247531 0.000922919 -7.27311e-05 -0.000108659 0.00231018 -0.000130659 -0.000883455 0.00112323 0.00122627 -0.000904962
internal_weight=31220.2 24184.2 7035.96 2367.67 4668.3 12809.7 751.116 2262.56 12271.9 11374.5 3917.18 537.757 11300.3
internal_count=46811 36376 10435 3559 6876 18886 1054 3397 18111 17490 5822 775 17337
is_linear=0
shrinkage=0.02


Tree=72
num_leaves=15
num_cat=0
split_feature=37 37 37 43 24 24 33 40 7 50 32 35 21 13
split_gain=37.3192 8.28908 6.60709 3.43313 2.93889 2.89632 2.33581 2.35301 1.8776 1.82167 1.79093 1.56855 1.47325 1.25127
threshold=0.91665445218986397 0.4887684172999936 1.8146973503612434 -1.0000000180025095e-35 0.83427457570027286 0.82310781625338003 1.0500000000000003 0.23082447751797083 1.0000000180025095e-35 0.11269286286092316 1.6500000000000001 1.9000000000000001 0.70303287107761392 0.4268356308303059
decision_type=2 2 2 2 2 2 2 2 2 2 2 2 2 2
left_child=1 3 4 -1 12 -5 7 -3 13 -8 -6 -10 -2 -4
right_child=2 6 8 5 10 -7 9 -9 11 -11 -12 -13 -14 -15
leaf_value=0.0015937126307225072 0.0045432612074131247 0.00026551832927281118 0.0010261003862169992 -0.00078455882798517639 0.00078319535112267259 -0.00027063480731859572 0.00057113657299561523 -0.00079824897529293852 0.0014066346396732707 0.002758879335128805 -0.0022781791507410099 0.0048551899800552793 0.0016485109549343794 0.0033957053023493805
leaf_weight=291.35807740688324 76.009391456842422 6130.7741268575191 201.05536454916 11038.64571762085 1617.5075424611568 7404.3328784108162 466.06258726119995 957.42266201972961 75.347853451967239 237.63515272736549 76.819930970668793 334.43177381157875 2122.8020204305649 189.95977488160133
leaf_count=434 112 9080 301 16774 2346 11071 683 1444 114 353 104 521 3175 299
internal_value=-2.49671e-05 -0.00031619 0.00161809 -0.000544339 0.00127236 -0.000578827 0.000231073 0.000120237 0.00327909 0.00132982 0.000635977 0.00425529 0.00175716 0.00221415
internal_weight=31220.2 26526.2 4693.93 18734.3 3893.14 18443 7791.89 7088.2 800.795 703.698 1694.33 409.78 2198.81 391.015
internal_count=46811 39839 6972 28279 5737 27845 11560 10524 1235 1036 2450 635 3287 600
is_linear=0
shrinkage=0.02


Tree=73
num_leaves=15
num_cat=0
split_feature=37 37 37 43 48 27 41 14 0 23 37 0 23 17
split_gain=35.8536 7.99186 6.35157 3.17842 2.53503 2.42927 2.06423 1.97937 1.86548 1.82906 1.7791 1.63948 1.48765 1.46034
threshold=0.91665445218986397 0.40790670157145498 1.8146973503612434 -1.0000000180025095e-35 1.7500000000000002 0.69506555427045902 1.2896837911642329 8.5000000000000018 31.232392510307658 0.93208077257151856 1.4159675832869303 15.313834694055823 1.0532972530452873 1.5624428797554841
decision_type=2 2 2 2 2 2 2 2 2 2 2 2 2 2
left_child=1 3 4 -1 10 -5 7 -3 -6 13 -2 -8 -11 -4
right_child=2 6 9 5 8 -7 11 -9 -10 12 -12 -13 -14 -15
leaf_value=0.001906597394546912 0.0013413383012831775 0.00093359560606285795 0.0018234001413966838 -0.00087060229987341326 0.0012665785103192337 -0.00037543000468300263 0.0014977038732932029 0.0001328735644468123 -0.00015932807144266925 0.00082150129515248262 0.0026743603335760923 -0.00042581270349258777 0.0032028160581847528 0.005480737391559163
leaf_weight=198.34594085812569 1909.4041089713573 1599.8011978566647 70.615132629871368 7822.804409891367 745.64879462122917 8250.1548481583595 185.01348516345024 5585.41240426898 698.61044639348984 168.21340945363045 539.47553533315659 2884.6989161074162 359.44189071655273 202.52433389425278
leaf_count=297 2815 2525 106 11967 1125 12344 280 8127 1001 254 796 4299 576 299
internal_value=-2.43925e-05 -0.000309846 0.00158607 -0.000585525 0.00124701 -0.000617134 0.000126622 0.000312757 0.000570665 0.00321479 0.00164102 -0.000305726 0.00246852 0.00459167
internal_weight=31220.2 26526.2 4693.93 16271.3 3893.14 16073 10254.9 7185.21 1444.26 800.795 2448.88 3069.71 527.655 273.139
internal_count=46811 39839 6972 24608 5737 24311 15231 10652 2126 1235 3611 4579 830 405
is_linear=0
shrinkage=0.02


Tree=74
num_leaves=15
num_cat=0
split_feature=34 34 34 24 12 34 37 2 36 34 0 33 2 29
split_gain=44.4792 11.0884 6.32352 2.32471 2.06623 2.00171 3.23495 1.89239 1.76835 1.71741 1.64723 1.41713 1.29352 1.15974
threshold=0.79232510383189303 0.29009663342637554 1.6493113854075918 0.87050540166102452 18.911285502448568 0.43031204747250579 0.30586174169497943 37.888750000000009 0.5634920634920636 1.2168626973380638 25.851299901730226 0.14999999999999999 24.262444444444451 1.0000000180025095e-35
decision_type=2 2 2 2 2 2 2 2 2 2 2 2 2 2
left_child=1 8 3 9 12 6 -3 -7 11 -2 -5 -1 -4 -6
right_child=2 5 4 10 13 7 -8 -9 -10 -11 -12 -13 -14 -15
leaf_value=-0.0011035108557652217 0.0013260021214776621 0.00031717792665986069 -0.00010165854359384768 -0.00048976222655664403 0.0025093386285984236 0.00022933684360959211 -0.00069233833478762083 -0.0015444016588533715 0.0021593440194439088 0.0024410595128978364 0.0010207367141997444 -0.00064745342671395268 0.0026376041857529629 0.0050440022614973157
leaf_weight=5303.6444022059441 1975.2902098298073 2028.4829487502575 73.412343561649323 346.13933426141739 135.32567828893661 8664.2172935605049 3345.0415220856667 244.28142181038857 74.281795799732208 825.95657354593277 1505.2292268276215 5996.6078039705753 436.06223654747009 266.19206327199936
leaf_count=7877 2941 2938 116 534 223 12706 5074 364 153 1220 2143 9460 653 409
internal_value=-2.38287e-05 -0.000375706 0.00159661 0.00129355 0.00312722 -3.92994e-06 -0.000309414 0.000179241 -0.000841551 0.00165985 0.000732708 -0.000862541 0.00222449 0.00423118
internal_weight=31220.2 25656.6 5563.61 4652.62 910.992 14282 5373.52 8908.5 11374.5 2801.25 1851.37 11300.3 509.475 401.518
internal_count=46811 38572 8239 6838 1401 21082 8012 13070 17490 4161 2677 17337 769 632
is_linear=0
shrinkage=0.02


Tree=75
num_leaves=15
num_cat=0
split_feature=42 38 38 41 43 41 27 38 38 43 0 16 14 24
split_gain=24.446 8.4461 5.95196 5.53992 5.00755 3.06975 2.92019 2.84314 2.21238 2.03685 1.50067 1.42696 1.04335 0.985889
threshold=0.75000000000000011 1.0000000180025095e-35 0.75000000000000011 1.0192452430022649 -0.34999999999999992 0.61875606849745579 1.1622744028977923 1.7500000000000002 2.5000000000000004 0.75000000000000011 31.058462304892071 13.167500000000002 8.5000000000000018 1.0365788747318077
decision_type=2 2 2 2 2 2 2 2 2 2 2 2 2 2
left_child=1 4 9 11 12 10 -6 -7 -5 13 -4 -3 -1 -2
right_child=2 3 5 8 6 7 -8 -9 -10 -11 -12 -13 -14 -15
leaf_value=0.0040315846804115339 0.0010788895513215433 0.0010791236746288859 0.0048276718071200361 3.5468825784944467e-05 -0.00059058748518493168 0.0011551719908634067 5.6014247184298315e-05 0.0025219243090902357 0.0034520291200386606 0.00016503320436263448 0.0011601380609671038 0.0025073603101202413 0.0012815608646696165 0.0032136101712217906
leaf_weight=77.701178938150406 578.84535425901413 933.82787796854973 193.36301580071449 4621.9217205941677 15666.961109817028 1875.8410997092724 3365.9935651421547 943.56563410162926 75.242093533277512 1894.1451062858105 70.010749906301498 433.5263896882534 263.47619599103928 109.75998985767365
leaf_count=124 845 1431 272 6904 23749 2691 5023 1364 123 2841 101 668 382 157
internal_value=3.62682e-05 -0.000228027 0.0012244 0.000422407 -0.000432165 0.00181879 -0.000475716 0.00161759 9.37714e-05 0.000510203 0.00390653 0.00154226 0.00195685 0.00144195
internal_weight=31104.2 25438.7 5665.53 6064.52 19374.1 3082.78 19033 2819.41 4697.16 2582.75 263.374 1367.35 341.177 688.605
internal_count=46675 38404 8271 9126 29278 4428 28772 4055 7027 3843 373 2099 506 1002
is_linear=0
shrinkage=0.02


Tree=76
num_leaves=14
num_cat=0
split_feature=34 34 34 20 14 33 52 0 43 0 24 13 25
split_gain=42.6023 14.3239 6.14368 2.65203 2.49595 2.82485 1.91237 1.90221 1.86795 1.69088 1.94966 1.83395 1.57484
threshold=0.88697462835112484 0.36288832018019751 1.5241515419650449 -2.9942838209848772 11.500000000000002 -1.0000000180025095e-35 2.1500000000000008 16.227673802734021 -1.0000000180025095e-35 24.427311108228547 0.82310781625338003 0.38214100281857372 0.45000000000000007
decision_type=2 2 2 2 2 2 2 2 2 2 2 2 2
left_child=1 8 9 -4 5 -3 -5 -6 -1 10 -2 -11 -10
right_child=2 4 3 6 7 -7 -8 -9 12 11 -12 -13 -14
leaf_value=0.0025897865786860676 0.002328806975884504 -0.00031552597066189091 -0.0003237645008289028 0.0036658770784267244 0.0014579940864547084 0.00052088825395284926 0.0011388492743335322 -0.00060659762162978699 -0.0010108743896590335 0.00042196432019799251 0.00011493518912270027 0.0016301122093420727 -0.00056157768850242668
leaf_weight=65.515907853841782 1036.0184783637524 1988.4986400008202 79.944028079509735 957.2611036002636 193.30237820744514 8292.423388928175 153.27761000394821 1850.0047934949398 4848.5864973366261 1047.3749774992466 199.5298555791378 1020.9753796458244 9371.468042999506
leaf_count=112 1532 2884 128 1453 265 12411 231 2567 7482 1481 309 1523 14297
internal_value=3.56534e-05 -0.000268252 0.00183652 0.00307496 0.000230707 0.00035811 0.00332876 -0.000405158 -0.000699378 0.00138567 0.00198013 0.00102416 -0.000715597
internal_weight=31104.2 26609.8 4494.38 1190.48 12324.2 10280.9 1110.54 2043.31 14285.6 3303.9 1235.55 2068.35 14220.1
internal_count=46675 40018 6657 1812 18127 15295 1684 2832 21891 4845 1841 3004 21779
is_linear=0
shrinkage=0.02


Tree=77
num_leaves=15
num_cat=0
split_feature=39 39 42 26 28 26 42 5 23 5 35 5 35 45
split_gain=26.9541 7.44234 6.64499 3.38393 2.72359 2.07018 2.01544 1.6304 3.58477 1.77704 1.40353 2.04605 1.38634 1.00587
threshold=0.75000000000000011 1.2500000000000002 0.75000000000000011 1.1180555555555558 2.7500000000000004 0.68333333333333346 0.35000000000000003 43.214172485987042 0.89577080334506676 38.766292008483362 0.55000000000000016 40.980579167567377 0.22500000000000003 3.4500000000000006
decision_type=2 2 2 2 2 2 2 2 2 2 2 2 2 2
left_child=2 4 3 6 5 -2 -1 9 -9 -3 13 -12 -5 -4
right_child=1 7 10 12 -6 -7 -8 8 -10 -11 11 -13 -14 -15
leaf_value=-0.00067064951922101064 0.0014107168841737789 0.0023759421845266451 0.0001622580508140446 -0.00026417171244234964 -0.0028520920045244638 0.00055461879096392001 -0.00022068119031993646 0.0057693172453485795 0.0022734767873298363 0.00017224464580746824 0.0019847328558914895 0.00027633300368090039 0.00045753634072942967 0.0026121682045968419
leaf_weight=11188.735526323318 1852.2859180569649 608.62969335913658 1695.5534282922745 1988.1496863663197 76.387592643499374 3067.1717906594276 6307.018079161644 168.84215468168259 454.90611389279366 206.18327587842941 599.0665228664875 555.92881509661674 2266.5551652014256 68.767319113016129
leaf_count=16954 2839 919 2543 2946 109 4466 9535 237 702 295 885 804 3335 106
internal_value=3.49738e-05 0.00118787 -0.000265393 -0.00038594 0.000819258 0.000879433 -0.000509056 0.00245813 0.00325116 0.00183234 0.000628973 0.00117298 0.00011798 0.000266258
internal_weight=31104.2 6434.41 24669.8 21750.5 4995.85 4919.46 17495.8 1438.56 623.748 814.813 2919.32 1155 4254.7 1764.32
internal_count=46675 9567 37108 32770 7414 7305 26489 2153 939 1214 4338 1689 6281 2649
is_linear=0
shrinkage=0.02


Tree=78
num_leaves=14
num_cat=0
split_feature=34 34 34 14 43 2 15 52 14 24 15 5 47
split_gain=39.7626 13.4524 5.72186 2.39474 1.78763 1.77533 1.65972 1.93163 1.62301 1.52239 1.45861 1.1476 0.971421
threshold=0.88697462835112484 0.36288832018019751 1.5241515419650449 11.500000000000002 -1.0000000180025095e-35 15.437416666666667 8.6389864730734622 2.1500000000000008 13.500000000000002 1.0935962364069411 8.4187604848092885 36.464587051751202 0.98144509390116541
decision_type=2 2 2 2 2 2 2 2 2 2 2 2 2
left_child=1 4 8 10 -1 -5 12 -8 11 -6 -3 -2 -4
right_child=2 3 6 5 9 -7 7 -9 -10 -11 -12 -13 -14
leaf_value=0.002540191932470921 0.0018949701661512008 6.9951346238956676e-05 0.0022750441509268608 0.0015332303811674409 -0.00077899638186611372 -0.00058023369814520992 0.0035639950699419623 0.0010139414567229214 -0.0015523703762090352 -0.00018720018474825957 0.00055455197467410718 0.0010944313744402326 -0.0012961832505500107
leaf_weight=65.515907853841782 1243.6544825136662 4381.1710551083088 62.711764603853226 169.65120407938957 12134.674344539642 1873.6559676229954 923.54774031043053 151.75589600205421 71.119914948940277 2085.3801957964897 5899.7509738206863 1989.1242936253548 52.467340767383575
leaf_count=112 1860 6565 112 232 18508 2600 1380 227 97 3271 8730 2888 93
internal_value=3.4331e-05 -0.00025926 0.00177416 0.000224261 -0.00067707 -0.000398541 0.00296958 0.00321594 0.00133885 -0.000692951 0.000349068 0.00140647 0.000568552
internal_weight=31104.2 26609.8 4494.38 12324.2 14285.6 2043.31 1190.48 1075.3 3303.9 14220.1 10280.9 3232.78 115.179
internal_count=46675 40018 6657 18127 21891 2832 1812 1607 4845 21779 15295 4748 205
is_linear=0
shrinkage=0.02


Tree=79
num_leaves=15
num_cat=0
split_feature=35 42 35 27 43 24 43 2 26 42 3 0 12 38
split_gain=23.0924 7.53024 5.18336 3.80017 3.26872 3.19455 2.84926 1.85995 1.78213 1.4211 1.22483 1.41164 1.21349 1.03646
threshold=0.90000000000000013 0.8500000000000002 1.9000000000000001 1.1622744028977923 -1.0000000180025095e-35 0.65507364779997068 0.75000000000000011 31.787000000000006 0.47222222222222227 0.55000000000000016 48.831424802002097 30.889546565550884 17.95938064085728 0.75000000000000011
decision_type=2 2 2 2 2 2 2 2 2 2 2 2 2 2
left_child=1 3 5 4 -1 9 13 -5 -7 -2 12 -12 -4 -3
right_child=2 6 10 7 -6 8 -8 -9 -10 -11 11 -13 -14 -15
leaf_value=0.00091597297964625185 0.00088698679043285619 0.0013341191523662751 0.00060488552927015504 -0.00015182845386818033 -0.00050456051379816377 -0.0021555721542816288 0.00036695871677685658 0.00067339042708489507 0.00062828197868703849 0.0021257730733618726 0.0063534391197439203 0.0023085159149944115 0.0026563912304090188 0.0030096087181192299
leaf_weight=665.35204753279686 653.52003914117813 522.7502304315567 163.72136217355728 2568.4229081273079 18116.913162648678 91.548385709524155 1548.4696919322014 1881.0869814157486 2936.5831753015518 993.56248635053635 73.75175404548645 91.030376344919205 562.08123710751534 235.38724333047867
leaf_count=981 1021 759 252 3767 27460 142 2320 2812 4240 1478 113 127 866 337
internal_value=3.36767e-05 -0.000220417 0.00120103 -0.000328962 -0.000453614 0.000930551 0.000867831 0.000194943 0.000539451 0.00164199 0.00260447 0.00423334 0.0022103 0.00187403
internal_weight=31104.2 25538.4 5565.8 23231.8 18782.3 4675.21 2306.61 4449.51 3028.13 1647.08 890.585 164.782 725.803 758.137
internal_count=46675 38436 8239 35020 28441 6881 3416 6579 4382 2499 1358 240 1118 1096
is_linear=0
shrinkage=0.02


Tree=80
num_leaves=14
num_cat=0
split_feature=34 34 34 13 26 16 4 13 24 1 22 29 37
split_gain=41.4431 9.70962 7.37313 2.69533 2.24074 1.86224 1.84001 1.75859 1.68938 1.33869 1.33125 1.2627 1.15573
threshold=0.71506597382476833 0.29009663342637554 1.1652870256943313 0.21755937125375005 1.5857142857142861 8.5225000000000044 42.246817121941241 1.0000000180025095e-35 1.4416890853408739 11.144722222222224 -2.0791587662780406 1.2500000000000002 0.014247935696901352
decision_type=2 2 2 2 2 2 2 2 2 2 2 2 2
left_child=1 8 3 6 5 -4 -2 11 12 -9 -5 -3 -1
right_child=2 7 4 10 -6 -7 -8 9 -10 -11 -12 -13 -14
leaf_value=-0.0014632803969206025 0.00089184352659610236 -0.00038307633014812682 0.0012965040270410124 -0.00048198596447228154 -0.00041601769246557579 0.0027341883520135084 -0.00031752239925352861 0.0023386295100435478 0.00049279618296576926 0.00017029300661649711 0.0014850335665417666 0.00060256548161304524 -0.00076410263425059596
leaf_weight=1089.5078151226044 1162.6318819224834 4613.1982618272305 495.05376639962196 137.61155357956886 109.46630299091339 1799.4069395661354 869.03283515572548 114.52713903784752 386.41618543863297 7626.9170088171959 2266.396016150713 576.99045860767365 9851.789068967104
leaf_count=1664 1640 6445 761 205 164 2680 1230 180 663 11670 3456 792 15119
internal_value=2.61854e-05 -0.000361171 0.00140127 0.000913418 0.00229577 0.00242975 0.000369823 1.25697e-05 -0.000788641 0.000204259 0.00136797 -0.000271387 -0.000834894
internal_weight=31098.9 24259.3 6839.6 4435.67 2403.93 2294.46 2031.66 12931.6 11327.7 7741.44 2404.01 5190.19 10941.3
internal_count=46669 36533 10136 6531 3605 3441 2870 19087 17446 11850 3661 7237 16783
is_linear=0
shrinkage=0.02


Tree=81
num_leaves=13
num_cat=0
split_feature=34 34 34 3 26 24 15 3 50 42 36 51
split_gain=39.8025 9.33388 7.08074 2.16102 2.15471 2.11523 1.84865 1.77333 1.32124 1.31192 1.21111 1.05241
threshold=0.71506597382476833 0.34349571661650552 1.1652870256943313 42.912449185845269 1.5857142857142861 1.4416890853408739 12.908431130703576 46.035455606065476 0.18033925333597398 0.95000000000000007 1.1055555555555558 1.0540685132903749
decision_type=2 2 2 2 2 2 2 2 2 2 2 2
left_child=1 5 3 6 7 9 -2 -4 -5 -1 11 -3
right_child=2 10 4 8 -6 -7 -8 -9 -10 -11 -12 -13
leaf_value=-0.00078664459282087222 0.0010592101710296831 -6.1419004283422971e-05 0.0020066643621293435 -7.9269564745435058e-05 -0.00040784661781850589 0.00055170435622244149 0.0028886618799806741 0.0032825587918295404 0.0011735583580079068 0.0004566881200670138 0.0027110613950886591 0.00037167108976196317
leaf_weight=12667.989403486252 2608.3326994180679 7492.9080943465233 1633.1270187199116 1103.4831444621086 109.46630299091339 506.0250823199749 249.18176680803299 661.33368724584579 474.67467612028122 337.29269883036613 67.991053283214569 3187.1396055519581
leaf_count=19317 3812 11008 2438 1672 164 853 336 1003 711 532 124 4699
internal_value=2.56761e-05 -0.00035393 0.00137327 0.000895119 0.00224991 -0.000703865 0.00122415 0.00238131 0.000292233 -0.000753565 8.5091e-05 6.6933e-05
internal_weight=31098.9 24259.3 6839.6 4435.67 2403.93 13511.3 2857.51 2294.46 1578.16 13005.3 10748 10680
internal_count=46669 36533 10136 6531 3605 20702 4148 3441 2383 19849 15831 15707
is_linear=0
shrinkage=0.02


Tree=82
num_leaves=14
num_cat=0
split_feature=34 34 34 36 3 33 12 15 24 0 4 33 0
split_gain=38.2303 9.01084 6.79889 2.09717 2.07561 2.04125 1.85662 1.77515 1.55973 1.4172 1.2466 1.13891 0.905162
threshold=0.71506597382476833 0.29009663342637554 1.1652870256943313 0.78888888888888908 42.912449185845269 -1.0000000180025095e-35 18.814430360944211 12.908431130703576 1.4416890853408739 17.129668898655133 48.170460118647775 0.35000000000000003 20.040115894695777
decision_type=2 2 2 2 2 2 2 2 2 2 2 2 2
left_child=1 8 4 -4 7 12 -5 -2 11 -7 -6 -1 -3
right_child=2 5 3 6 10 9 -8 -9 -10 -11 -12 -13 -14
leaf_value=-0.00096897651512628188 0.0010380422094275711 -0.0013328456844656548 -0.0011446171117082912 0.0017920919026073326 -0.00030307966384818686 0.00074853340996306503 0.0029722085288935423 0.0028313486423458883 0.00047201374382988519 5.5410136531814506e-05 0.00081568203977117537 -0.00054323537747921877 -0.00030008637567169999
leaf_weight=6650.9912441074848 2608.3326994180679 399.15229141712189 67.534113317728043 1329.6405625939369 738.24258282780647 1376.0361085236073 1006.7523330450058 249.18176680803299 386.41618543863297 8529.4518789350986 839.91523775458336 4290.3056399822235 2626.9925894141197
leaf_count=10000 3812 567 143 1976 1146 2034 1486 336 663 12708 1237 6783 3778
internal_value=2.52052e-05 -0.000346821 0.00134592 0.00220499 0.000877307 1.31932e-05 0.00230699 0.00119979 -0.000758624 0.000152837 0.00028629 -0.000803078 -0.000440401
internal_weight=31098.9 24259.3 6839.6 2403.93 4435.67 12931.6 2336.39 2857.51 11327.7 9905.49 1578.16 10941.3 3026.14
internal_count=46669 36533 10136 3605 6531 19087 3462 4148 17446 14742 2383 16783 4345
is_linear=0
shrinkage=0.02


Tree=83
num_leaves=15
num_cat=0
split_feature=36 36 36 42 13 41 15 42 24 1 42 25 24 1
split_gain=27.2111 7.9604 4.59797 4.23821 2.87982 2.64995 2.58455 2.06485 2.04323 1.48515 1.3894 1.37025 1.25685 1.15639
threshold=0.95000000000000007 0.2678571428571429 1.788888888888889 0.65000000000000002 0.7508375073440946 0.94261660954849302 23.102652948081236 0.95000000000000007 0.91177766871150101 33.142833333333343 0.75000000000000011 1.9000000000000001 1.275366522440962 23.671500000000005
decision_type=2 2 2 2 2 2 2 2 2 2 2 2 2 2
left_child=1 10 4 6 7 9 -3 -2 -6 -4 12 -5 -1 -7
right_child=2 3 5 11 8 13 -8 -9 -10 -11 -12 -13 -14 -15
leaf_value=-0.00076869608203568914 0.00021221671981217323 -0.00014562502059081966 0.0046215551457197577 0.00074360468557346554 0.0024593427323342928 0.0040722229656986924 0.0026416878482676161 0.0015344501246549874 0.00082979187016451875 0.0014745454664684013 0.00021254987872376359 -0.0010027253008998616 0.00010548741349558998 0.0013164326189161991
leaf_weight=9122.7841299176216 1407.2680999934673 12313.117751210928 316.54083600640297 3532.9525264203548 856.7093648314476 75.679047793149948 132.22203084826469 727.19561564922333 519.04713234305382 89.496443837881088 686.95435333251953 182.89774405956268 687.05567556619644 449.02448177337646
leaf_count=13782 2060 18507 485 5202 1345 114 216 985 782 133 1036 253 1078 691
internal_value=2.47154e-05 -0.000216454 0.00147409 6.15218e-05 0.00113666 0.00273081 -0.000114789 0.000668387 0.0018539 0.00396304 -0.000645318 0.000654466 -0.000706442 0.00174685
internal_weight=31098.9 26658 4440.96 16161.2 3510.22 930.741 12445.3 2134.46 1375.76 406.037 10496.8 3715.85 9809.84 524.704
internal_count=46669 40074 6595 24178 5172 1423 18723 3045 2127 618 15896 5455 14860 805
is_linear=0
shrinkage=0.02


Tree=84
num_leaves=15
num_cat=0
split_feature=34 34 34 13 27 26 33 16 15 27 13 42 37 33
split_gain=35.6083 8.4307 6.29862 2.55182 2.49485 2.04832 1.88968 1.7501 1.74827 1.59084 1.50286 1.48375 1.13517 1.11831
threshold=0.71506597382476833 0.34349571661650552 1.1652870256943313 0.13225278764451434 0.15011461277603519 1.5857142857142861 -1.0000000180025095e-35 8.5225000000000044 3.8944811375901822 0.69506555427045902 1.0000000180025095e-35 0.95000000000000007 0.69378754987829538 0.14999999999999999
decision_type=2 2 2 2 2 2 2 2 2 2 2 2 2 2
left_child=1 9 3 4 -2 7 12 -4 -5 11 -8 -1 -3 -11
right_child=2 6 5 8 -6 -7 10 -9 -10 13 -12 -13 -14 -15
leaf_value=-0.00093193246602772976 0.0040280649913217491 -0.00022365325563595062 0.0011566158221639855 -0.0017958865131138492 0.00013278116347468515 -0.0004647021691129965 -0.00010010771997087827 0.0025489405876333231 0.0013489946927014618 -0.00069175505210769192 0.00044404404585065334 0.00084198784924110549 -0.0014560165689748033 -0.00016680189153890174
leaf_weight=6687.0490945279598 66.650743901729584 2010.928758084774 495.05376639962196 68.413348913192749 1810.9993009567261 109.46630299091339 3367.6064953505993 1799.4069395661354 2489.6088930368423 3474.3326320052147 5012.5437889099121 186.66587018966675 356.95971083641052 3163.2595879137516
leaf_count=10312 93 2870 761 115 2547 164 4722 2680 3776 5183 7716 296 523 4911
internal_value=2.42961e-05 -0.000334735 0.00129893 0.000847736 0.000280511 0.00212591 8.24653e-05 0.00225416 0.00125964 -0.000667315 0.000224209 -0.000882074 -0.000414724 -0.000443211
internal_weight=31098.9 24259.3 6839.6 4435.67 1877.65 2403.93 10748 2294.46 2558.02 13511.3 8380.15 6873.71 2367.89 6637.59
internal_count=46669 36533 10136 6531 2640 3605 15831 3441 3891 20702 12438 10608 3393 10094
is_linear=0
shrinkage=0.02


Tree=85
num_leaves=15
num_cat=0
split_feature=34 34 34 13 45 36 50 37 34 43 24 36 24 36
split_gain=28.8258 6.38817 4.5754 2.94411 2.65502 2.3772 2.29664 2.19082 2.01735 1.77829 1.46385 1.08474 0.967993 0.811507
threshold=0.71506597382476833 0.3164897478257529 1.1652870256943313 2.4555399228720467 0.77500000000000013 0.5634920634920636 0.27054777674611025 1.2586526414815238 2.7344846369021023 -1.0000000180025095e-35 1.275366522440962 1.1833333333333336 0.36678518077111305 1.2928571428571431
decision_type=2 2 2 2 2 2 2 2 2 2 2 2 2 2
left_child=1 5 6 9 11 10 7 -2 -6 -3 -1 -4 -5 -8
right_child=2 3 4 12 8 -7 13 -9 -10 -11 -12 -13 -14 -15
leaf_value=-0.00068940090288558634 0.00074747740769271365 0.0010842273804154204 -0.0017587485581000042 0.0038237133683629173 0.0020163246074759774 0.0021269977389801447 0.0021002091686433202 -0.00092161772685972411 0.0050119470292915025 -8.7299754593704042e-05 0.00016950691747806703 0.00087127786744860963 0.0010938929525147266 0
leaf_weight=11627.725813299417 3370.7752936780453 542.26700699329376 76.881284832954407 60.509538292884827 1927.8725661337376 122.72918978333473 621.82592496275902 340.05385485291481 98.807860344648361 10662.200434237719 831.39834427833557 285.7054388821125 552.53006583452225 94.110320001840591
leaf_count=17753 4948 765 130 111 2863 254 924 520 158 15663 1346 434 881 140
internal_value=3.13301e-05 -0.000289584 0.00118132 4.35502e-05 0.00188956 -0.000603232 0.000796124 0.000591417 0.0021721 -2.95252e-05 -0.000631265 0.000279602 0.00139115 0.00183863
internal_weight=31215.4 24399.4 6816.03 11817.5 2389.27 12581.9 4426.77 3710.83 2026.68 11204.5 12459.1 362.587 613.04 715.936
internal_count=46890 36773 10117 17420 3585 19353 6532 5468 3021 16428 19099 564 992 1064
is_linear=0
shrinkage=0.02


Tree=86
num_leaves=15
num_cat=0
split_feature=36 36 42 13 42 0 0 13 14 42 32 28 1 40
split_gain=20.0848 6.21479 4.24367 3.23142 2.62825 2.42657 2.07317 2.05883 2.45173 1.74305 1.46588 1.35915 1.26787 1.11781
threshold=0.64583333333333337 1.788888888888889 0.45000000000000007 2.4555399228720467 0.8500000000000002 35.064390718520677 13.84048608128291 0.05059795124275366 8.5000000000000018 1.2500000000000002 0.95000000000000007 1.0000000180025095e-35 9.2587500000000009 -0.020203473149351697
decision_type=2 2 2 2 2 2 2 2 2 2 2 2 2 2
left_child=2 4 11 9 6 -6 -2 10 -9 -4 -3 12 -1 -13
right_child=1 7 3 -5 5 -7 -8 8 -10 -11 -12 13 -14 -15
leaf_value=0.0011728666410808384 0.0026020336425499851 0.0018470914294066911 -5.8097994512559371e-05 0.0019283333631072179 0.0013902518901584419 -0.0017894782784998306 0.00035376516078792049 0.0010787875718721036 0.0041349077611407114 0.0013079905057843402 -0.0011936352018337016 -3.6046929978532842e-05 -0.00070337540007676383 -0.00050232834635780248
leaf_weight=141.34447231888771 169.1143864095211 322.0152196586132 6100.2799831032753 375.8972641825676 2118.9741258025169 96.183977752923965 5346.1304172575474 162.81694710254669 368.57336011528969 395.66930195689201 73.187547385692596 3860.1071010529995 7161.56433776021 4523.534494549036
leaf_count=211 271 471 9107 638 3023 131 8018 257 577 585 104 5743 10997 6757
internal_value=3.07618e-05 0.000849873 -0.000283184 0.000130106 0.000662177 0.00124619 0.000425435 0.00240022 0.00322482 2.39487e-05 0.00125563 -0.000464866 -0.000665381 -0.000288889
internal_weight=31215.4 8657 22558.4 6871.85 7730.4 2215.16 5515.24 926.593 531.39 6495.95 395.203 15686.6 7302.91 8383.64
internal_count=46890 12852 34038 10330 11443 3154 8289 1409 834 9692 575 23708 11208 12500
is_linear=0
shrinkage=0.02


Tree=87
num_leaves=15
num_cat=0
split_feature=37 36 43 13 14 18 21 52 26 36 53 37 40 47
split_gain=20.4206 5.94527 3.06041 2.46498 2.31768 2.55408 1.99471 2.30926 1.86571 1.55141 1.24359 1.01416 0.934193 0.788739
threshold=0.62941707175824668 1.788888888888889 -1.0000000180025095e-35 2.4555399228720467 9.5000000000000018 0.73322595998167139 0.88576897494974294 2.1500000000000008 1.1055555555555558 0.95000000000000007 0.35000000000000003 0.34515135326843288 -0.066487100510733838 2.1861566933197705
decision_type=2 2 2 2 2 2 2 2 2 2 2 2 2 2
left_child=2 4 10 8 9 -6 -3 -8 -4 -2 12 -5 -1 -12
right_child=1 6 3 11 5 -7 7 -9 -10 -11 13 -13 -14 -15
leaf_value=0.0031482145437166614 0.00064937588204284924 0 -0.00047585191043153551 9.204361468423236e-05 0.0038419296053256004 0.00025561136575862552 0.0031532143485286622 0 6.3398104265566364e-06 0.0014684777109477843 -0.00076439987859453385 0.0013430663629282983 0.00080964807879588122 0.001774968526249761
leaf_weight=153.14824870228767 2194.682503670454 129.7455290555954 16603.063092201948 710.3995823264122 79.534999549388885 4127.5086205601692 688.09674578905106 108.75079941749573 3928.1641538739204 1696.9672827422619 149.12936425209045 424.63498130440712 151.44621819257736 70.120814770460129
leaf_count=217 3324 198 25000 1248 109 5959 1047 164 5790 2580 218 713 223 100
internal_value=3.01742e-05 0.00083246 -0.000295731 -0.000332655 0.000656755 0.000327581 0.00235268 0.00272634 -0.000383117 0.00100969 0.0012079 0.000570406 0.00203095 1.12493e-05
internal_weight=31215.4 9025.29 22190.1 21666.3 8098.69 4207.04 926.593 796.848 20531.2 3891.65 523.845 1135.03 304.594 219.25
internal_count=46890 13381 33509 32751 11972 6068 1409 1211 30790 5904 758 1961 440 318
is_linear=0
shrinkage=0.02


Tree=88
num_leaves=15
num_cat=0
split_feature=34 34 34 12 13 42 50 37 45 13 42 24 33 12
split_gain=26.0548 5.89285 4.12344 3.00634 2.69956 2.68487 2.20624 2.1353 1.84152 1.72468 1.50705 1.43936 1.27445 1.01229
threshold=0.71506597382476833 0.3164897478257529 1.1652870256943313 18.877439698070024 2.4555399228720467 0.95000000000000007 0.27054777674611025 1.2586526414815238 0.45000000000000007 1.0000000180025095e-35 0.65000000000000002 1.275366522440962 0.19999999999999998 19.657942331678136
decision_type=2 2 2 2 2 2 2 2 2 2 2 2 2 2
left_child=1 11 6 8 9 -5 7 -2 -4 -3 -6 12 -1 -8
right_child=2 4 3 5 10 -7 13 -9 -10 -11 -12 -13 -14 -15
leaf_value=-0.00085145986436862425 0.00071060533072910047 -0.00031603601583006069 -0.0013160051681761432 0.0015149243505151401 0.00076166117069422206 0.0036712820247335066 0.001430452820087002 -0.00093753555564643292 0.0013956163982537704 0.0001859653018273208 0.0031699304576522287 0.00020980290385012751 -0.00042896780798723738 0.0036427630768422021
leaf_weight=5678.7882044613361 3370.7752936780453 4738.0359588265419 103.14311563968658 468.53284111618996 473.42787194252014 510.72893127799034 610.73121240735054 340.05385485291481 1306.862262159586 6466.4314824044704 139.61173218488693 848.0004680454731 6055.0646748542786 105.20503255724907
leaf_count=8416 4948 6597 161 767 760 706 917 520 1951 9831 232 1380 9557 147
internal_value=2.96471e-05 -0.000275436 0.00112298 0.00179549 4.44939e-05 0.00265494 0.000757103 0.000556456 0.00118859 -2.54423e-05 0.0013349 -0.000576685 -0.000634402 0.00177872
internal_weight=31215.4 24399.4 6816.03 2389.27 11817.5 979.262 4426.77 3710.83 1410.01 11204.5 613.04 12581.9 11733.9 715.936
internal_count=46890 36773 10117 3585 17420 1473 6532 5468 2112 16428 992 19353 17973 1064
is_linear=0
shrinkage=0.02


Tree=89
num_leaves=15
num_cat=0
split_feature=37 39 42 42 13 43 43 26 35 51 13 13 50 13
split_gain=18.8459 5.3423 3.7115 3.31915 2.71376 2.68865 1.90022 1.65904 1.62018 1.70517 1.46568 1.43893 1.08069 0.837201
threshold=0.62941707175824668 1.2500000000000002 0.45000000000000007 0.65000000000000002 2.4555399228720467 -1.0000000180025095e-35 0.45000000000000007 0.70714285714285718 2.4500000000000006 1.1698622560042178 0.38214100281857372 1.0621375573653575 0.41046953078331799 2.1357352343357481
decision_type=2 2 2 2 2 2 2 2 2 2 2 2 2 2
left_child=2 3 7 5 6 -2 -4 13 10 -10 -3 -5 -9 -1
right_child=1 8 4 11 -6 -7 -8 12 9 -11 -12 -13 -14 -15
leaf_value=-0.00072036334936962862 0.0016307721922403948 0.00077339527169379915 0.0010709127664229382 0.00078490988141139187 0.0017911077523281951 5.8483490552719169e-05 -0.00010116895037060523 -0.00030929565557516649 0.0039366163286363789 0.00014024601466593607 0.0022691098082132798 0.0017249548072388564 0.00057958082269552672 0
leaf_weight=7248.7278704345226 488.87633472681046 549.13823214173317 610.49579173326492 2140.423797249794 360.93129670619965 3976.5246534347534 5703.1681864857674 6957.4417585730553 255.91321286559105 64.930715620517731 558.42134022712708 991.05819451808929 584.82944479584694 724.51210689544678
leaf_count=10975 723 781 874 2987 619 6005 8559 10368 397 105 865 1518 890 1224
internal_value=2.90962e-05 0.000799839 -0.000283978 0.000586636 0.000109156 0.000233511 1.08846e-05 -0.000453736 0.00192435 0.00320493 0.00153926 0.00108652 -0.000238911 -0.000655585
internal_weight=31215.4 9025.29 22190.1 7596.88 6674.6 4465.4 6313.66 15515.5 1428.4 320.844 1107.56 3131.48 7542.27 7973.24
internal_count=46890 13381 33509 11233 10052 6728 9433 23457 2148 502 1646 4505 11258 12199
is_linear=0
shrinkage=0.02


Tree=90
num_leaves=15
num_cat=0
split_feature=34 34 34 33 12 13 18 37 13 12 13 0 19 35
split_gain=25.2728 7.73691 3.37486 1.81963 1.70298 1.68789 1.88018 1.55447 1.42173 2.25411 1.75644 1.36618 1.14999 1.12744
threshold=0.89721692632576266 0.36288832018019751 1.8167221222600958 0.75000000000000011 18.8302617628467 1.6715291841261248 0.62956427485362754 0.30288936263841082 0.38214100281857372 16.951554722433794 0.44716370109130299 17.129668898655133 1.3106206322031648 1.9000000000000001
decision_type=2 2 2 2 2 2 2 2 2 2 2 2 2 2
left_child=1 5 8 11 12 6 -1 -5 9 -2 -10 -3 -4 -6
right_child=2 3 4 7 13 -7 -8 -9 10 -11 -12 -13 -14 -15
leaf_value=0.0018097845852628283 -0.0025508083647380136 0.00065289457801065963 0.0021999438493890337 0.0020309773668409394 0.0014951058596473078 -3.5352896369805715e-05 -0.00065185347353126019 0.0004352383401153943 0.0046675869111180556 0.00092742522673867054 0.0014453960329649754 -7.0682315953981902e-05 -0.00063422978582877796 0.0043946913701064863
leaf_weight=121.45472472906113 74.389050424098969 1188.6013588011265 295.11764469742775 272.88707631826401 85.43886062502861 2358.5266649723053 11780.302648156881 2649.587040245533 72.262442708015442 1829.4751607775688 1723.686419993639 8414.4462467432022 63.680751591920853 262.09925121068954
leaf_count=187 103 1735 448 415 140 4011 17669 3889 115 2564 2655 12404 102 405
internal_value=2.05945e-05 -0.000210004 0.00142418 0.00015205 0.00270119 -0.000528692 -0.000625593 0.000588948 0.00117635 0.00078374 0.00158566 1.79534e-05 0.00166848 0.0037231
internal_weight=31192 26785.8 4406.15 12525.5 706.337 14260.3 11901.8 2922.47 3699.81 1903.86 1795.95 9603.05 358.798 347.538
internal_count=46842 40310 6532 18443 1095 21867 17856 4304 5437 2667 2770 14139 550 545
is_linear=0
shrinkage=0.02


Tree=91
num_leaves=15
num_cat=0
split_feature=34 34 14 42 15 13 5 13 25 36 23 40 42 50
split_gain=24.3585 9.08778 3.12478 2.8113 2.2961 1.95945 1.90359 1.65004 1.4508 1.37112 1.28199 1.18843 1.1169 1.1036
threshold=1.0585116074026053 0.36288832018019751 12.500000000000002 0.8500000000000002 10.227285156364845 0.63190986730035192 43.119820604951414 0.036318817743398811 1.2250000000000003 2.0500000000000003 1.9239930656867663 -0.017807329160973547 0.8500000000000002 -0.25773232056063872
decision_type=2 2 2 2 2 2 2 2 2 2 2 2 2 2
left_child=1 7 3 -3 8 6 -6 12 13 -7 -9 -4 -1 -2
right_child=4 2 11 -5 5 9 -8 10 -10 -11 -12 -13 -14 -15
leaf_value=-0.00084486613790256111 -0.00050033327724773122 0.00015830149311989386 -0.00014227160876664462 0.00097607665442734531 0.00065092730740317218 0.002351144370859589 0.0023151304786891416 -0.00038804897521317475 -0.001405691729759794 0.0043232186682903052 0.00099994615046183313 -0.0015126385254949526 0.00061543348460310675 0.0014430637036790569
leaf_weight=5362.2879079282284 126.13736298680305 10838.451766759157 517.62440922856331 2000.5666183829308 524.97409203648567 607.5909571647644 633.13287752866745 8420.1640411019325 90.116145014762878 215.10101607441902 269.18464279174805 529.91816240549088 208.64744603633881 848.05789655447006
leaf_count=7705 214 16090 707 2932 753 902 907 13342 140 338 507 711 313 1281
internal_value=2.02289e-05 -0.000163322 0.000200322 0.000286638 0.00171912 0.00212591 0.00157178 -0.000518115 0.000950088 0.00288812 -0.00034368 -0.000846586 -0.000788178 0.00118068
internal_weight=31192 28146.8 13886.6 12839 3045.11 1980.8 1158.11 14260.3 1064.31 822.692 8689.35 1047.54 5570.94 974.195
internal_count=46842 42307 20440 19022 4535 2900 1660 21867 1635 1240 13849 1418 8018 1495
is_linear=0
shrinkage=0.02


Tree=92
num_leaves=15
num_cat=0
split_feature=36 37 43 12 36 30 2 5 12 3 27 22 31 37
split_gain=18.572 6.2308 2.86853 2.40543 2.1307 2.15319 2.06308 1.83488 2.66307 2.30186 1.73621 1.55539 1.17042 1.16181
threshold=1.1547619047619049 0.48484623914486441 -1.0000000180025095e-35 18.8302617628467 1.788888888888889 0.080682385230784817 36.318333333333342 42.943331576392815 18.698515773512984 38.483010988467932 0.97407350139445448 -1.5188647598179255 1.2115969961333517 0.40790670157145498
decision_type=2 2 2 2 2 2 2 2 2 2 2 2 2 2
left_child=1 2 13 7 -5 -6 11 9 -9 -2 -4 -3 -8 -1
right_child=3 6 10 4 5 -7 12 8 -10 -11 -12 -13 -14 -15
leaf_value=0.0024236712220794725 0.0010068508120343789 -0.00036876115440842783 -0.00050365715773018061 0.001555211063639484 0.0043665163490884092 0.0013341439764891381 -0.0012992628887187358 0.0023444906280616603 -0.0017017535950418113 -0.0012670131895255847 -6.6700213949177637e-05 0.00044475303910282725 0.00078210462412256422 -0.00034770342599624651
leaf_weight=205.13023382425308 820.43641245365143 1049.0048636496067 13185.502169579268 758.97818875312805 293.46065619587898 156.83222159743309 485.5463907122612 572.52947163581848 68.995941251516342 222.219995200634 5100.2608514130116 8065.5754722356796 130.99642744660378 76.4860460460186
leaf_count=308 1216 1546 20062 1094 449 233 754 849 108 342 7590 11986 195 110
internal_value=1.98488e-05 -0.000135916 -0.000350985 0.00154576 0.00223362 0.00334305 0.000273404 0.00104386 0.00188984 0.000511155 -0.000382349 0.000349968 -0.00083977 0.00163857
internal_weight=31192 28298.5 18567.4 2893.45 1209.27 450.293 9731.12 1684.18 641.525 1042.66 18285.8 9114.58 616.543 281.616
internal_count=46842 42551 28070 4291 1776 682 14481 2515 957 1558 27652 13532 949 418
is_linear=0
shrinkage=0.02


Tree=93
num_leaves=14
num_cat=0
split_feature=34 34 14 42 21 34 37 43 13 3 37 46 19
split_gain=22.6814 8.48759 2.86313 2.86038 2.3361 2.01694 1.75174 1.60773 1.50972 1.4821 1.31597 1.17789 1.15294
threshold=1.0585116074026053 0.36956710604985898 12.500000000000002 0.8500000000000002 0.88576897494974294 1.7237610331593929 0.37634075311480103 -1.0000000180025095e-35 1.6715291841261248 38.012849930369065 1.2306416094213801 0.61250000000000016 0.086227744060397307
decision_type=2 2 2 2 2 2 2 2 2 2 2 2 2
left_child=1 7 3 -3 9 11 -4 -1 -9 10 -2 -6 -7
right_child=4 2 6 -5 5 12 -8 8 -10 -11 -12 -13 -14
leaf_value=0.002555234351041713 0.0026598347402149304 0.0001519912048993547 0.0010206819954301041 0.00098135302209363109 -9.012437096296707e-05 0.0037352342167029026 -0.001181191017286869 -0.00060044880922647018 -4.4201952597063946e-05 -0.0016538154185748589 0.00011199829285707592 0.0016871462777131375 0.0020126100278778105
leaf_weight=65.77760910987854 122.5820027589798 10635.143694251776 167.18730714917183 1981.6200606226921 151.78363326191902 327.0625074505806 860.22060251235962 12061.011674791574 2375.8840461969376 107.67414975166321 258.70885834097862 1683.7509788870811 393.54821690917015
leaf_count=115 182 15788 223 2903 228 492 1166 18078 4034 182 380 2459 612
internal_value=1.9463e-05 -0.000157645 0.000199882 0.00028318 0.00165883 0.00190195 -0.000811885 -0.000494678 -0.000509618 0.000364966 0.000966802 0.0015348 0.00281647
internal_weight=31192 28146.8 13644.2 12616.8 3045.11 2556.15 1027.41 14502.7 14436.9 488.965 381.291 1835.53 720.611
internal_count=46842 42307 20080 18691 4535 3791 1389 22227 22112 744 562 2687 1104
is_linear=0
shrinkage=0.02


Tree=94
num_leaves=15
num_cat=0
split_feature=34 34 34 14 14 12 1 34 7 18 34 19 43 14
split_gain=21.8492 6.64355 2.91101 1.97045 1.66412 1.58289 1.56688 1.46241 1.33769 1.32064 1.13503 1.07885 0.929407 0.639529
threshold=0.89721692632576266 0.36288832018019751 1.8167221222600958 11.500000000000002 13.500000000000002 18.8302617628467 27.9815 0.63322022599920158 1.0000000180025095e-35 0.62956427485362754 0.15000179802132654 1.3106206322031648 0.65000000000000013 8.5000000000000018
decision_type=2 2 2 2 2 2 2 2 2 2 2 2 2 2
left_child=1 9 4 7 8 11 -5 -3 -2 13 -11 -4 -7 -1
right_child=2 3 5 6 -6 12 -8 -9 -10 10 -12 -13 -14 -15
leaf_value=-5.5917753261126664e-05 0.00076062582640206659 8.6579311586405493e-05 0.002032176490216081 6.0369454588092637e-05 -0.001877558916798901 0.0024703885574883107 -0.0010432092695255785 0.00059375301458264881 0.0015462909008697213 -0.00075780258912921657 -0.00037772267470890321 -0.00071409650047741732 0.0048022772413465337 0.0022511373687578726
leaf_weight=75.651586592197418 1826.129692196846 7079.5165339410305 295.11764469742775 1144.5466227531433 69.673287183046341 202.31982827186584 909.88505709171295 3391.5735083222389 1804.0100945234299 4969.8294400274754 9115.232202142477 63.680751591920853 145.21828356385231 99.570809096097946
leaf_count=136 2682 10525 448 1576 96 343 1282 5060 2659 7828 13755 102 202 148
internal_value=1.91075e-05 -0.000195281 0.00132418 0.00014017 0.00109367 0.00251099 -0.00042407 0.000251889 0.00115445 -0.000490605 -0.00051263 0.00151579 0.00349528 0.00120926
internal_weight=31192 26785.8 4406.15 12525.5 3699.81 706.337 2054.43 10471.1 3630.14 14260.3 14085.1 358.798 347.538 175.222
internal_count=46842 40310 6532 18443 5437 1095 2858 15585 5341 21867 21583 550 545 284
is_linear=0
shrinkage=0.02


Tree=95
num_leaves=15
num_cat=0
split_feature=37 42 37 43 24 24 14 42 14 14 13 37 1 0
split_gain=19.9707 5.50102 3.32622 2.79493 2.19972 1.81263 1.71128 1.64493 1.58111 1.56454 1.48953 1.19924 1.05663 0.920628
threshold=0.92833861327012224 0.45000000000000007 1.8976714879618195 0.45000000000000007 0.79025421119231998 0.64468205304279447 8.5000000000000018 1.1500000000000001 11.500000000000002 7.5000000000000009 1.0000000180025095e-35 2.9708902928387317 9.2587500000000009 28.17343221391366
decision_type=2 2 2 2 2 2 2 2 2 2 2 2 2 2
left_child=1 5 4 6 9 12 -3 -5 -6 -2 -7 13 -1 -4
right_child=2 3 11 7 8 10 -8 -9 -10 -11 -12 -13 -14 -15
leaf_value=0.00096400609120142109 -0.00052815552567363883 0.0023634190056866337 0.0029835206820441294 -5.4333040583362263e-05 0.0007144371417243091 -0.00056319490540963576 0.00061384992751712341 0.00099143402925439515 -0.00087250705140590418 0.0015805658629765651 -8.2028502035946758e-05 0.0043598535942469844 -0.000732766020232037 0.0012974989084412756
leaf_weight=143.49874764680862 143.73916819691658 304.50658190250397 255.73461771011353 7181.9553259909153 1615.5602524280548 4281.1161459982395 938.90120905637741 653.92739501595497 290.3204080760479 1874.3175563216209 6598.7842988073826 119.67361482977867 6493.0939431786537 338.93343362212181
leaf_count=214 234 452 408 10713 2343 6022 1349 971 405 2786 10189 185 10016 501
internal_value=-1.40794e-05 -0.000225615 0.00119628 0.000173099 0.00096264 -0.000432846 0.00105345 3.18941e-05 0.000466797 0.00142504 -0.00027235 0.00245944 -0.000694292 0.0020469
internal_weight=31234.1 26595.8 4638.28 9079.29 3923.94 17516.5 1243.41 7835.88 1905.88 2018.06 10879.9 714.342 6636.59 594.668
internal_count=46788 39926 6862 13485 5768 26441 1801 11684 2748 3020 16211 1094 10230 909
is_linear=0
shrinkage=0.02


Tree=96
num_leaves=14
num_cat=0
split_feature=34 34 34 34 26 50 0 25 25 36 13 13 18
split_gain=24.7349 5.18452 4.04421 2.90517 1.78518 1.52162 1.57146 1.40067 1.38356 1.68497 1.29577 1.03446 0.815634
threshold=0.70044224910162278 1.1652870256943313 0.41973349560240114 2.7344846369021023 1.4722222222222225 0.66194829453170623 15.086835503063897 0.45000000000000007 1.9000000000000001 0.5277777777777779 2.5237157855268095 2.2250344722002446 0.62956427485362754
decision_type=2 2 2 2 2 2 2 2 2 2 2 2 2
left_child=2 5 7 4 -3 6 -2 12 11 -10 -9 -4 -1
right_child=1 3 8 -5 -6 -7 -8 10 9 -11 -12 -13 -14
leaf_value=0.00096525980332499745 0.0020165979615409881 0.0017613422565579736 5.4706785644332049e-05 0.0049249711389645328 -0.0004931810564772971 0.0034340879854126783 0.000486772997524718 -0.00041561195164787311 0.00026330886267833162 -0.002156615406928256 0.00059873804122485526 0.000964591777830468 -0.0007982060262565374
leaf_weight=100.30503213405609 290.06495067477226 2133.8266077935696 6706.4931715130806 113.51275762915611 142.28137043118477 75.886086583137512 4391.4028668105602 10461.7294023633 206.30917027592659 239.9752651154995 519.64300110936165 541.5705506503582 5311.0624656975269
leaf_count=164 443 3170 9784 180 210 110 6438 15692 283 338 919 872 8185
internal_value=-1.37555e-05 0.00101898 -0.000320658 0.00178108 0.00161571 0.000633497 0.000584517 -0.000498251 5.64327e-05 -0.00101944 -0.000366602 0.000124319 -0.000763327
internal_weight=31234.1 7146.97 24087.1 2389.62 2276.11 4757.35 4681.47 16392.7 7694.35 446.284 10981.4 7248.06 5411.37
internal_count=46788 10551 36237 3560 3380 6991 6881 24960 11277 621 16611 10656 8349
is_linear=0
shrinkage=0.02


Tree=97
num_leaves=14
num_cat=0
split_feature=37 37 36 24 14 21 5 13 26 32 14 13 24
split_gain=18.43 3.75703 3.58089 2.48057 1.86197 1.82947 1.81529 1.52634 1.43735 1.41347 1.40671 1.13162 0.572372
threshold=0.92833861327012224 0.3656963784965383 2.3166666666666669 0.79025421119231998 11.500000000000002 0.74782722738939222 19.027488679168886 0.95995021800316249 1.8944444444444446 0.15000000000000005 7.5000000000000009 1.6715291841261248 0.99489120489866678
decision_type=2 2 2 2 2 2 2 2 2 2 2 2 2
left_child=1 8 3 10 6 -6 -3 12 11 -5 -2 -1 -4
right_child=2 4 7 9 5 -7 -8 -9 -10 -11 -12 -13 -14
leaf_value=-0.00052931832550676225 -0.00034385785412545459 -0.0025455824125018129 0.0012058455966280617 0.0029289323496939253 0.0023052695488551024 -0.00064659585525962942 0.00019258801115237052 0.005018914200711282 0.0012185616388197694 0.00036080162814542722 0.0015867229993849438 -5.1244926080739945e-05 0.0036580374197135246
leaf_weight=12262.921580821276 152.94200840592384 95.386327505111694 147.03610360622406 89.2926225066185 84.703504115343094 1869.5717263817787 9660.3399986326694 119.59418168663979 204.11321505904198 1964.5017896592617 2100.298177331686 2418.7472950816154 64.614167988300323
leaf_count=18222 251 138 237 158 127 2628 14514 193 302 2806 3125 3995 92
internal_value=-1.34207e-05 -0.000216645 0.0011493 0.000990801 5.06037e-05 -0.000511316 0.000164275 0.00316183 -0.000427528 0.000480061 0.00145106 -0.000451256 0.00202851
internal_weight=31234.1 26595.8 4638.28 4307.03 11710 1954.28 9755.73 331.244 14885.8 2053.79 2253.24 14681.7 211.65
internal_count=46788 39926 6862 6340 17407 2755 14652 522 22519 2964 3376 22217 329
is_linear=0
shrinkage=0.02


Tree=98
num_leaves=15
num_cat=0
split_feature=37 42 35 43 40 27 27 14 41 42 12 3 5 12
split_gain=17.708 5.15284 3.00654 2.62836 2.46761 1.90177 1.64891 1.63114 1.597 1.56319 1.55173 1.10251 1.06378 0.570186
threshold=0.92833861327012224 0.45000000000000007 2.1000000000000005 0.45000000000000007 0.12405197892648806 1.8679817179436082 1.1937668967618109 8.5000000000000018 1.0000000180025095e-35 1.1500000000000001 18.537524256654535 32.894296022391465 26.621444913585755 18.497284796763186
decision_type=2 2 2 2 2 2 2 2 2 2 2 2 2 2
left_child=1 6 5 7 13 8 11 -3 -2 -5 -6 -1 -8 -4
right_child=2 3 4 9 10 -7 12 -9 -10 -11 -12 -13 -14 -15
leaf_value=-0.00017151483619013978 -0.00030070238981222804 0.0023065098989044673 0.0023745154578595968 -4.7437195030914954e-05 0.00011753856409855308 -0.0014407294856936714 0.0018718497495854394 0.0005978177776247923 0.0011230125538239464 0.00097191221085238082 0.0025439365798813197 -0.00059338263181784332 -5.749381866661078e-05 0.00515074042914479
leaf_weight=3266.5575878620148 333.36769884824753 304.50658190250397 66.982777982950211 7181.9553259909153 192.32026010751724 127.34666121006012 117.05540204048157 938.90120905637741 3529.561764895916 653.92739501595497 258.99127244949341 11329.927670240402 2802.9524754881859 129.70861569046974
leaf_count=4901 493 452 101 10713 287 173 171 1349 5206 971 401 17183 4186 201
internal_value=-1.31019e-05 -0.000212312 0.00112661 0.000173562 0.00239842 0.000916467 -0.000412889 0.00102733 0.000997468 3.65809e-05 0.0015371 -0.000499694 1.76544e-05 0.00428905
internal_weight=31234.1 26595.8 4638.28 9079.29 648.003 3990.28 17516.5 1243.41 3862.93 7835.88 451.312 14596.5 2920.01 196.691
internal_count=46788 39926 6862 13485 990 5872 26441 1801 5699 11684 688 22084 4357 302
is_linear=0
shrinkage=0.02


Tree=99
num_leaves=15
num_cat=0
split_feature=42 38 43 16 25 13 15 38 38 50 33 44 23 3
split_gain=12.4833 5.45722 3.7362 2.98773 2.54039 2.354 2.12379 1.72129 1.62293 1.53001 1.49617 1.4176 0.86938 0.652078
threshold=0.65000000000000002 1.0000000180025095e-35 -1.0000000180025095e-35 17.670000000000005 1.2916666666666667 2.2250344722002446 21.723153682571041 1.7500000000000002 1.2500000000000002 -0.091703653659880383 0.55000000000000016 2.8762004098635643 0.8160421725029211 49.969894747755752
decision_type=2 2 2 2 2 2 2 2 2 2 2 2 2 2
left_child=2 5 3 9 7 10 8 -3 -4 -1 -2 -6 -7 -8
right_child=1 4 6 -5 11 12 13 -9 -10 -11 -12 -13 -14 -15
leaf_value=0.00031809047130323091 -0.00046099167638204765 0.0011612843599859931 -0.00033110967219573685 -0.001800053364623141 -0.00030069727658218234 0.00026857101486790546 0.0019886446158325437 0.0022289377070488902 0.0010001230513874346 0.0022551155132593723 0.00039347792011566621 0.0023609525422179072 0.0027301502810356459 7.7747635704572085e-05
leaf_weight=274.03787860274315 1576.2435506880283 2368.3473377227783 22247.78177395463 120.50452175736427 558.56316444277763 98.95922839641571 204.85812717676163 861.85284605622292 366.94858545064926 458.39175546169281 1701.5422970056534 91.103325664997101 178.32109114527702 126.60721525549889
leaf_count=415 2316 3427 33522 170 771 157 327 1260 585 680 2530 130 285 213
internal_value=-1.27958e-05 0.00070211 -0.000236595 0.00105918 0.0012209 0.000132741 -0.000285284 0.00145044 -0.00030898 0.00154684 -1.44067e-05 6.33034e-05 0.00189565 0.00129359
internal_weight=31234.1 7434.93 23799.1 852.934 3879.87 3555.07 22946.2 3230.2 22614.7 732.43 3277.79 649.666 277.28 331.465
internal_count=46788 10876 35912 1265 5588 5288 34647 4687 34107 1095 4846 901 442 540
is_linear=0
shrinkage=0.02


Tree=100
num_leaves=14
num_cat=0
split_feature=34 34 34 43 36 16 12 12 12 15 36 36 31
split_gain=18.3027 5.78039 2.84565 2.17387 2.02102 1.82484 2.05368 1.74331 1.45488 1.25054 1.18342 1.07269 0.947578
threshold=0.53022291243022257 1.0585116074026053 0.22110785003229727 1.4500000000000002 0.31666666666666671 8.5225000000000044 18.911285502448568 18.630223520123383 18.358274259559348 3.9634380901621729 2.4142857142857146 0.41428571428571431 0.5167749757489225
decision_type=2 2 2 2 2 2 2 2 2 2 2 2 2
left_child=2 7 11 4 -4 6 -3 8 -2 -9 -7 12 -1
right_child=1 5 3 -5 -6 10 -8 9 -10 -11 -12 -13 -14
leaf_value=-0.00089745032085935888 0.00042796586266096533 -0.0004501832516546156 6.8747602613480788e-05 0.0030436956939389561 -0.00046180446550148546 0.0014687584563663092 0.0017264073444049647 -0.0018563199706027969 0.0013546277824390792 0.0001177548164849308 0.002971509017042644 0.0014149311709537285 -0.00045986323977584103
leaf_weight=4453.7017428576946 3018.0271853208542 406.67305082082748 5423.3478032648563 80.388129502534866 6034.5067120194435 2083.3448332846165 293.6747479736805 130.30424353480339 898.44234156608582 4015.4855279624462 252.05043771862984 92.472283095121384 3819.7499243319035
leaf_count=6959 4434 625 7975 130 9101 3064 455 216 1270 5921 401 190 5834
internal_value=-2.7498e-05 0.00062288 -0.000390659 -0.00018578 -0.000209837 0.00136755 0.000450599 0.000340975 0.000643678 5.24326e-05 0.00163763 -0.000671921 -0.00069679
internal_weight=31002.2 11098 19904.2 11538.2 11457.9 3035.74 700.348 8062.26 3916.47 4145.79 2335.4 8365.92 8273.45
internal_count=46575 16386 30189 17206 17076 4545 1080 11841 5704 6137 3465 12983 12793
is_linear=0
shrinkage=0.02


Tree=101
num_leaves=13
num_cat=0
split_feature=42 36 51 43 36 37 36 19 31 46 13 1
split_gain=13.2457 4.99782 2.94993 2.6687 4.13254 2.15846 1.92488 1.78355 1.5723 1.50538 1.43172 1.43452
threshold=0.8500000000000002 0.61250000000000016 0.41875841914781819 0.75000000000000011 2.5277777777777781 0.017265172630110903 1.5634920634920637 -1.9418407568053906 0.48088951432968086 0.95000000000000007 2.1035913578480474 28.25683333333334
decision_type=2 2 2 2 2 2 2 2 2 2 2 2
left_child=1 5 7 10 9 -1 -4 -3 -7 -5 11 -2
right_child=3 2 6 4 -6 8 -8 -9 -10 -11 -12 -13
leaf_value=-0.0011630720988924997 0.0018809440875065912 -0.0026725462570913634 0.0004056509021198077 0.0010929874188907135 0.0047972550643473853 -0.0004870911765437984 0.0017971913877772227 -0.00027769417978101645 -0.00012485921940615685 1.3903950788528555e-05 0.0034170754082354644 0.00070784822330324044
leaf_weight=1209.7151724696159 1002.8890360295773 142.89233750104904 4314.1556609272957 785.41681933403015 86.50189608335495 8848.8439953029156 443.07056337594986 997.82260197401047 10671.414403140545 1563.0483735203743 156.85555756092072 779.54254603385925
leaf_count=1863 1406 210 6465 1160 123 13553 697 1511 15895 2266 256 1170
internal_value=-2.69049e-05 -0.000194792 0.000317944 0.000992433 0.000544514 -0.000341171 0.000538056 -0.00059059 -0.00028961 0.000379668 0.00154855 0.00137487
internal_weight=31002.2 26627.9 5897.94 4374.25 2434.97 20730 4757.23 1140.71 19520.3 2348.47 1939.29 1782.43
internal_count=46575 40194 8883 6381 3549 31311 7162 1721 29448 3426 2832 2576
is_linear=0
shrinkage=0.02


Tree=102
num_leaves=13
num_cat=0
split_feature=37 37 43 37 33 14 23 24 43 43 23 50
split_gain=11.5275 4.23582 2.66788 2.26863 2.22459 2.03269 1.90375 1.85976 1.76025 1.31914 0.82361 0.643803
threshold=0.60118084728178844 1.7366486748380328 1.2500000000000002 0.023609963580655653 0.19999999999999998 8.5000000000000018 0.46522074878864111 0.99489120489866678 -1.0000000180025095e-35 1.2500000000000002 0.93208077257151856 -0.14654600107725818
decision_type=2 2 2 2 2 2 2 2 2 2 2 2
left_child=2 4 3 -1 5 -2 -6 9 -5 -3 -4 -9
right_child=1 7 10 8 6 -7 -8 11 -10 -11 -12 -13
leaf_value=-0.0010671333150427229 0.00090393803955149182 0.00098957315550446271 0.00060726036077166372 0.00096281178586002576 -0.00095904479155069927 -0.00049123591230015157 0.00067096739030566134 0.0049974574690437581 -0.00028039489858725549 0.0040069771003257036 0.0032410507566416973 0.0024472447222757049
leaf_weight=1471.3651461303234 553.48555925488472 673.68186241388321 111.13533422350883 461.28441917896271 294.02749219536781 1659.3830037117004 6129.5206129848957 78.096649914979935 19246.595832824707 65.175129801034927 101.29463383555412 157.12328678369522
leaf_count=2256 865 1063 176 674 438 2411 9033 115 29059 90 163 232
internal_value=-2.63289e-05 0.000548623 -0.000285128 -0.000307981 0.000405878 -0.000137257 0.000594525 0.00180057 -0.000250694 0.00127934 0.0019283 0.0033711
internal_weight=31002.2 9610.49 21391.7 21179.2 8636.42 2212.87 6423.55 974.077 19707.9 738.857 212.43 235.22
internal_count=46575 14247 32328 31989 12747 3276 9471 1500 29733 1153 339 347
is_linear=0
shrinkage=0.02


Tree=103
num_leaves=15
num_cat=0
split_feature=36 36 23 16 37 13 0 43 36 37 22 13 2 16
split_gain=11.817 4.10549 2.44266 2.71097 2.28391 1.93457 1.84588 1.33804 1.27551 1.24762 1.18287 0.979487 1.07018 0.668181
threshold=0.61250000000000016 1.5634920634920637 0.89577080334506676 9.2450000000000028 0.24406226310294735 0.20411914417461663 19.793044301678503 1.2500000000000002 2.6125000000000003 0.017265172630110903 -1.2764931726311286 2.6149540032731644 14.636145833333336 5.9100000000000028
decision_type=2 2 2 2 2 2 2 2 2 2 2 2 2 2
left_child=4 5 3 -3 7 6 -2 9 -4 -1 -7 12 -6 -13
right_child=1 2 8 -5 11 10 -8 -9 -10 -11 -12 13 -14 -15
leaf_value=-0.0011128556417866803 0.00094934916663082464 0.00074341640241694363 0.00069111297365924125 0.0041714901219168732 0.00058117096590379292 -8.3990755744155692e-05 -0.00019276400133921579 0.0021257946397881772 0.0027988177941867354 -0.00042671242688571438 0.00084865410561336594 -0.00041055187021907062 -0.00017190801182952653 0.0013105151242977728
leaf_weight=1230.0292258262634 718.53609782457352 157.18256729841232 784.90281692147255 257.09901884198189 804.87397691607475 622.77573797106743 2620.7243393659592 74.209420889616013 139.45604684948921 8938.1046622097492 3444.5437060892582 112.98680019378662 10773.245637685061 323.49890837073326
leaf_count=1897 997 220 1202 377 1189 955 3719 120 227 13499 5277 197 16125 574
internal_value=-2.57429e-05 0.000596742 0.00161782 0.00290469 -0.000270811 0.000410459 5.04221e-05 -0.000490409 0.00102525 -0.0005109 0.000703422 -8.27235e-05 -0.000118601 0.000842361
internal_weight=31002.2 8745.22 1338.64 414.282 22256.9 7406.58 3339.26 10242.3 924.359 10168.1 4067.32 12014.6 11578.1 436.486
internal_count=46575 12974 2026 597 33601 10948 4716 15516 1429 15396 6232 18085 17314 771
is_linear=0
shrinkage=0.02


Tree=104
num_leaves=15
num_cat=0
split_feature=34 34 34 14 42 36 15 23 12 36 5 26 36 28
split_gain=16.1306 5.1075 2.55775 2.46483 2.1862 2.12255 1.82818 1.76057 1.59549 1.51523 1.55366 1.51567 1.01158 0.863193
threshold=0.53022291243022257 1.0585116074026053 0.22110785003229727 11.500000000000002 0.8500000000000002 0.31666666666666671 5.8800291455086189 1.7593357140894221 18.063692584637483 2.4142857142857146 47.950427270852543 1.4722222222222225 0.41428571428571431 1.0000000180025095e-35
decision_type=2 2 2 2 2 2 2 2 2 2 2 2 2 2
left_child=2 3 12 4 -2 8 -5 -7 -4 11 -11 -3 13 -1
right_child=1 9 5 6 -6 7 -8 -9 -10 10 -12 -13 -14 -15
leaf_value=-0.000850439190350878 0.00029344564284554679 0.0012696491887117024 0.00070141232527314826 0.0014503636390576253 0.0011959201228312264 -0.00049104028304016638 -0.00073616437785148175 0.0014693576209235612 -8.3675926351014737e-05 0.0014654000560657614 0.0048133910802932002 -0.00052984047114256611 0.001393604279138331 -0.00043283392463912165
leaf_weight=4414.0177932977676 5341.639042198658 2583.1398394703865 1378.4097608029842 171.11647543311119 1360.9818713068962 5891.7481185793877 1188.5219094455242 184.84129318594933 4083.2434722185135 163.80795109272003 96.195073515176773 192.60020571947098 92.472283095121384 3859.4338738918304
leaf_count=6890 7985 3845 2020 246 1977 8854 1633 319 6013 272 144 284 190 5903
internal_value=-2.5187e-05 0.000585359 -0.000366137 0.000320271 0.000478489 -0.000171845 -0.00045191 -0.000429299 0.000112818 0.00128541 0.00276953 0.0011409 -0.000632804 -0.000656993
internal_weight=31002.2 11098 19904.2 8062.26 6702.62 11538.2 1359.64 6076.59 5461.65 3035.74 260.003 2775.74 8365.92 8273.45
internal_count=46575 16386 30189 11841 9962 17206 1879 9173 8033 4545 416 4129 12983 12793
is_linear=0
shrinkage=0.02


Tree=105
num_leaves=15
num_cat=0
split_feature=36 42 43 5 13 36 42 13 19 13 13 36 51 50
split_gain=12.3982 5.82601 3.98786 2.54383 2.65627 2.05783 1.9564 1.84572 1.44874 1.42911 1.2704 1.54005 1.09028 0.763808
threshold=1.1547619047619049 0.35000000000000003 0.35000000000000003 48.018009771187579 0.36061524618027457 2.0500000000000003 1.2500000000000002 0.44716370109130299 1.9151222805785102 0.19031023573834013 0.56594052180259091 0.29285714285714287 1.4199157253976331 0.11518196720254091
decision_type=2 2 2 2 2 2 2 2 2 2 2 2 2 2
left_child=1 10 8 4 9 13 -4 -6 -3 -2 12 -12 -1 -5
right_child=3 2 6 5 7 -7 -8 -9 -10 -11 11 -13 -14 -15
leaf_value=-0.00062183813257646011 0.00048384813742176369 0.0013098346779242852 4.6067215989434488e-07 0.00099428265931031509 0.0045297051459190444 0.0043687904612539621 0.0010896833105985728 0.001381511967697865 -0.00069203070123324741 -0.0019273047826239768 -0.00048559471060092391 0.00012357857380520496 0.00014540038553724466 0.0028533936978335783
leaf_weight=7399.351782143116 1000.334941059351 1493.2914852499962 11077.245624929667 286.32680550217628 82.238312780857086 165.05138722062111 700.62650462985039 1101.4932002723217 152.02150702476501 106.01296812295914 3202.1829838752747 3403.8004279434681 799.66111546754837 149.99619948863983
leaf_count=10740 1417 2157 16536 411 116 247 1041 1742 223 149 5018 5462 1179 228
internal_value=2.23277e-05 -0.000105142 0.000196105 0.00126944 0.000956715 0.00243662 6.62778e-05 0.00161593 0.00111818 0.000240722 -0.000378938 -0.000170256 -0.000545772 0.00166631
internal_weight=31119.6 28228.2 13423.2 2891.45 2290.08 601.374 11777.9 1183.73 1645.31 1106.35 14805 6605.98 8199.01 436.323
internal_count=46666 42356 19957 4310 3424 886 17577 1858 2380 1566 22399 10480 11919 639
is_linear=0
shrinkage=0.02


Tree=106
num_leaves=15
num_cat=0
split_feature=34 34 34 2 2 14 13 14 27 50 42 45 42 2
split_gain=16.0897 5.76831 2.3332 2.2573 1.90523 2.22624 1.57064 1.4556 1.24655 1.12702 1.09766 1.05595 0.972391 0.949655
threshold=0.88697462835112484 0.36288832018019751 1.5241515419650449 21.025395833333338 13.100132275132276 11.500000000000002 1.4021868371523321 13.500000000000002 0.3452594600880135 0.29870337111331441 0.35000000000000003 0.77500000000000013 0.95000000000000007 18.021388888888893
decision_type=2 2 2 2 2 2 2 2 2 2 2 2 2 2
left_child=1 6 7 13 8 -6 12 9 -3 -2 -8 -5 -1 -4
right_child=2 4 3 11 5 -7 10 -9 -10 -11 -12 -13 -14 -15
leaf_value=-0.00058830687934394253 0.00075414504922559182 0.00044632650193894221 0.0011356467543521061 3.3179874591982483e-05 0.00022517265507690957 -0.00051523746140177224 -0.00031886454452980886 -0.0019462556145748771 0.0026933189898051334 0.0018422299140041678 0.00043346160103036909 0.0024105592950361275 0.00059365883130525039 -0.0020981481126401101
leaf_weight=10549.822784125805 2794.6032001674175 236.53578144311905 67.762303829193115 90.410843551158905 9954.4562292397022 1933.687723249197 2315.8575086891651 68.850155234336853 186.69272103905678 461.43770527839661 1158.6985119879246 954.69853532314301 276.01423937082291 70.107003182172775
leaf_count=15689 4111 346 120 144 14822 2700 3773 97 277 675 1948 1429 430 105
internal_value=2.19371e-05 -0.000164929 0.00112688 0.00189639 0.000151807 0.000103832 -0.000438292 0.000849114 0.00146903 0.000912451 -6.49966e-05 0.0022149 -0.000557144 -0.000443742
internal_weight=31119.6 26611.8 4507.87 1182.98 12311.4 11888.1 14300.4 3324.89 423.229 3256.04 3474.56 1045.11 10825.8 137.869
internal_count=46666 39985 6681 1798 18145 17522 21840 4883 623 4786 5721 1573 16119 225
is_linear=0
shrinkage=0.02


Tree=107
num_leaves=15
num_cat=0
split_feature=34 34 34 17 2 14 13 24 14 13 36 1 34 34
split_gain=15.4545 5.54026 2.24064 2.58887 1.83178 2.13825 1.50828 1.43987 1.39995 1.27232 1.15301 1.14371 1.08078 0.84284
threshold=0.88697462835112484 0.36288832018019751 1.5241515419650449 1.6424027830511059 13.100132275132276 11.500000000000002 1.4021868371523321 0.772535701085453 13.500000000000002 0.55864000198866404 1.3875000000000002 10.773750000000001 0.54659945708662327 0.29283569883616478
decision_type=2 2 2 2 2 2 2 2 2 2 2 2 2 2
left_child=1 6 8 7 12 -6 11 -4 10 -5 -2 -1 -3 -8
right_child=2 4 3 9 5 -7 13 -9 -10 -11 -12 -13 -14 -15
leaf_value=0.00064085133927911837 0.0011137209839405125 0.00033296450363002754 0.0011228865886185777 0.0016509505293662591 0.00022067010770505086 -0.00050494336573015882 -0.00021661384723117253 -0.0018739322515553209 -0.0019084293541182578 0.0032672768777954574 0.00022965720093839643 -0.00058157025791649567 0.0024203175508349288 0.00057657832249141281
leaf_weight=305.99545642733574 2435.560797482729 204.73168179392815 225.61429998278618 466.63321432471275 9954.4562292397022 1933.687723249197 2818.1242558062077 86.151332676410675 68.850155234336853 404.57983890175819 820.48010796308517 10519.841567069292 218.49682068824768 656.43176487088203
leaf_count=444 3577 293 361 675 14822 2700 4688 146 97 616 1209 15675 330 1033
internal_value=2.15306e-05 -0.000161603 0.00110445 0.00185868 0.000148796 0.000101738 -0.000429512 0.000256228 0.00083214 0.00241877 0.000894295 -0.000545983 0.00144042 -6.36378e-05
internal_weight=31119.6 26611.8 4507.87 1182.98 12311.4 11888.1 14300.4 311.766 3324.89 871.213 3256.04 10825.8 423.229 3474.56
internal_count=46666 39985 6681 1798 18145 17522 21840 507 4883 1291 4786 16119 623 5721
is_linear=0
shrinkage=0.02


Tree=108
num_leaves=15
num_cat=0
split_feature=34 34 7 39 13 41 46 31 2 1 13 42 27 1
split_gain=14.8448 5.3212 4.04431 2.97641 2.63345 2.24651 2.16903 1.80313 1.76111 1.53454 1.4484 1.24545 1.19599 1.09911
threshold=0.88697462835112484 0.36288832018019751 1.0000000180025095e-35 1.2500000000000002 0.28902588207693386 1.4154070109684997 3.183333333333334 1.4412693935066077 13.100132275132276 21.914000000000005 1.4021868371523321 0.35000000000000003 0.3452594600880135 10.773750000000001
decision_type=2 2 2 2 2 2 2 2 2 2 2 2 2 2
left_child=1 10 4 11 7 -5 -6 -2 12 -10 13 -4 -3 -1
right_child=2 8 3 5 6 -7 -8 -9 9 -11 -12 -13 -14 -15
leaf_value=0.00062811753249735912 5.6909390883361981e-05 0.00041033222296258851 -7.9844721094490627e-05 0.0033196122516231303 0.00090275419775171385 0.0002240607058125954 0.004653224981088556 -0.0024686839803910146 -0.00028771786432879305 0.0002330316309846497 -6.2303400300120325e-05 0.0014352488651372011 0.0026110584527036106 -0.00056994106265531369
leaf_weight=305.99545642733574 935.90081918239594 236.53578144311905 245.70803540945053 568.12214067578316 1154.9003475308418 121.03431937098503 65.121532469987869 125.62145268917084 3024.3515887260437 8863.7923637628555 3474.5560206770897 1291.4610992372036 186.69272103905678 10519.841567069292
leaf_count=444 1324 346 414 847 1766 188 101 180 4395 13127 5721 1861 277 15675
internal_value=2.11341e-05 -0.000158344 0.00108248 0.00169042 0.000483917 0.00279264 0.00111842 -0.000236649 0.000145845 9.96855e-05 -0.000420907 0.00118678 0.00141234 -0.000535044
internal_weight=31119.6 26611.8 4507.87 2226.33 2281.54 689.156 1220.02 1061.52 12311.4 11888.1 14300.4 1537.17 423.229 10825.8
internal_count=46666 39985 6681 3310 3371 1035 1867 1504 18145 17522 21840 2275 623 16119
is_linear=0
shrinkage=0.02


Tree=109
num_leaves=15
num_cat=0
split_feature=37 37 18 42 42 4 13 13 27 42 2 17 2 33
split_gain=9.91807 3.85032 2.87267 2.47437 2.34027 2.04803 1.84002 1.7713 1.51269 1.46855 1.3913 1.01248 1.69648 1.53147
threshold=0.635183745978528 1.6003822684179771 0.69046100662636956 0.95000000000000007 0.35000000000000003 47.484619532964928 0.36061524618027457 2.4555399228720467 1.5823728786777398 0.55000000000000016 35.04675000000001 2.1112318516193924 14.190083333333336 0.65000000000000013
decision_type=2 2 2 2 2 2 2 2 2 2 2 2 2 2
left_child=3 2 -2 7 -4 6 -3 8 -1 -9 -7 12 -5 -13
right_child=1 5 4 11 -6 10 -8 9 -10 -11 -12 13 -14 -15
leaf_value=-0.00033745111177578986 0.0033351885426162681 4.2603023177118392e-05 -0.00019293541411680406 0.002460180343728113 0.00058617296713701179 0.0035329137796383391 0.0019521574847831112 0.00016767954336196011 0.00043731373678597261 0.0020737276366009721 0.00023440801696271476 0.00024253966969161537 -0.00010158313834972132 0.0030673913254667894
leaf_weight=18982.121852099895 131.68757420778275 388.37212762236595 2124.8341418802738 120.67015895247459 5456.6521421074867 289.23102474212646 444.76639994978905 917.44020852446556 1051.8631203174591 198.58688172698021 70.454295605421066 163.95934623479843 620.50060251355171 158.49536922574043
leaf_count=28422 194 570 3278 166 7910 430 699 1580 1541 336 111 243 955 231
internal_value=2.07512e-05 0.000584858 0.000419335 -0.000204995 0.000366503 0.00164432 0.00107622 -0.000252705 -0.000296234 0.000518891 0.00291933 0.000733005 0.000307541 0.0016722
internal_weight=31119.6 8906 7713.17 22213.6 7581.49 1192.82 833.139 21150 20034 1116.03 359.685 1063.63 741.171 322.455
internal_count=46666 13192 11382 33474 11188 1810 1269 31879 29963 1916 541 1595 1121 474
is_linear=0
shrinkage=0.02


Tree=110
num_leaves=14
num_cat=0
split_feature=34 34 5 13 2 23 42 34 37 0 2 40 37
split_gain=14.2771 6.40769 2.99111 2.16499 2.63695 2.29672 2.10528 1.77526 1.97399 1.29715 1.27669 1.01505 0.630878
threshold=0.52175211800278332 1.1909437216833367 48.018009771187579 0.2713920879376977 14.902936507936511 1.1859111459792191 0.75000000000000011 0.20289508814202031 0.30586174169497943 12.142265153550918 12.463386243386244 -0.019017452039343897 0.29666640814358819
decision_type=2 2 2 2 2 2 2 2 2 2 2 2 2
left_child=7 3 6 4 -2 -5 -3 12 10 -10 -9 -4 -1
right_child=1 2 11 5 -6 -7 -8 8 9 -11 -12 -13 -14
leaf_value=-0.00059722653702625275 0.0017686106907917082 0.0001669406927969647 0.0038610295936966988 0.00088535587137932134 -0.00012257636266068986 -0.00012149007849614833 0.0016237480355307257 0.0018912709093701061 0.0020540025175846965 -0.00041920950468851367 6.8999898804345642e-05 0.0019017703366687004 0.00030190608917494163
leaf_weight=7230.4279584288597 315.6984997689724 623.17308202385902 245.33803653717041 3540.6849765479565 4096.4140817523003 1194.7982931435108 1177.151113897562 157.44085505604744 82.638920664787292 6843.8770218789577 5040.3727958500385 251.30057999491692 309.98100844025612
leaf_count=11157 440 1042 360 5382 5747 1866 1687 219 129 10335 7397 364 573
internal_value=9.14832e-06 0.000571033 0.00151621 0.000332327 1.12177e-05 0.000629266 0.00112577 -0.000317376 -0.000166294 -0.000387674 0.000126826 0.0029013 -0.000558868
internal_weight=31109.3 11444.6 2296.96 9147.6 4412.11 4735.48 1800.32 19664.7 12124.3 6926.52 5197.81 496.639 7540.41
internal_count=46698 16888 3453 13435 6187 7248 2729 29810 18080 10464 7616 724 11730
is_linear=0
shrinkage=0.02


Tree=111
num_leaves=14
num_cat=0
split_feature=34 34 17 42 13 27 23 34 22 27 47 47 31
split_gain=13.7134 6.15769 3.05209 2.31773 2.07889 3.21935 2.20645 1.70497 1.42091 1.29271 1.57457 1.53427 0.542188
threshold=0.52175211800278332 1.1909437216833367 2.6317241685626862 0.75000000000000011 0.2713920879376977 0.12382555021018972 1.1859111459792191 0.20289508814202031 -0.093778511745107485 0.97407350139445448 2.9315994443268019 1.1608807718087772 2.7407369430444715
decision_type=2 2 2 2 2 2 2 2 2 2 2 2 2
left_child=7 4 3 -3 5 -2 -6 12 -4 10 -9 -11 -1
right_child=1 2 8 -5 6 -7 -8 9 -10 11 -12 -13 -14
leaf_value=-0.00056487802915448893 0.0036757736159794708 5.4781885389104537e-06 0.0038696747030969227 0.001575684238508842 0.00086765874431562313 -6.6379290175313813e-05 -0.00011906432192538014 -0.00036994215014849596 0.0017717918684805962 0.00073341049267674054 0.00095300492535243077 -0.0001219170959159069 0.0011585024948354563
leaf_weight=7472.2246290445328 91.937960594892502 581.07104852795601 262.93703654408455 1134.8081501722336 3540.6849765479565 4320.1746209263802 1194.7982931435108 7757.7731257081032 318.14657720923424 1186.6593667268753 371.60744345188141 2808.2896575629711 68.184337824583054
leaf_count=11603 136 977 383 1624 5382 6051 1866 11594 469 1708 580 4198 127
internal_value=9.01455e-06 0.0005597 0.00148628 0.00105039 0.000325669 1.0963e-05 0.000616645 -0.000310991 0.00274824 -0.000162907 -0.000308019 0.000129887 -0.000547665
internal_weight=31109.3 11444.6 2296.96 1715.88 9147.6 4412.11 4735.48 19664.7 581.084 12124.3 8129.38 3994.95 7540.41
internal_count=46698 16888 3453 2601 13435 6187 7248 29810 852 18080 12174 5906 11730
is_linear=0
shrinkage=0.02


Tree=112
num_leaves=15
num_cat=0
split_feature=42 43 37 37 16 43 24 44 27 27 41 13 13 16
split_gain=10.4876 3.54002 2.78888 2.41284 2.14744 1.91433 2.32269 1.90141 1.44995 1.37849 1.17993 1.13042 1.08569 0.790069
threshold=0.95000000000000007 -1.0000000180025095e-35 1.3477337570437593 1.6690004123451307 11.020000000000003 0.75000000000000011 1.4068528179905084 2.1988184129125572 0.97407350139445448 0.40141378776311809 0.68495823859573901 1.5190089025187785 0.65746069272798746 5.7225000000000019
decision_type=2 2 2 2 2 2 2 2 2 2 2 2 2 2
left_child=1 10 8 5 -4 13 -7 9 -3 -5 11 -1 -12 -2
right_child=3 2 4 7 -6 6 -8 -9 -10 -11 12 -13 -14 -15
leaf_value=0.00090330575922572089 0.0027026162664953025 -0.00031570042018480479 -0.00031986904805266593 0.0035750257192486402 0.0021610128158531311 5.4436415372791798e-05 0.00268116914109501 0.0044869695260932587 7.8312283810672028e-06 0.0010121152554741096 -0.00033434773466319663 0.0028100351941400992 0.0010143140053477005 0.0011536433205349137
leaf_weight=632.84667959809303 164.14995145797729 17224.707684695721 218.8625126183033 112.75605338811874 352.79882580041885 1422.9856839776039 147.82793197035789 118.06705075502396 8080.199112534523 405.63629099726677 526.46811336278915 165.47437587380409 424.2532978951931 1112.2636590600014
leaf_count=899 232 26222 343 168 558 2095 195 165 11912 591 759 272 672 1615
internal_value=8.87073e-06 -0.000121233 -0.000180424 0.00104294 0.00119596 0.000787507 0.000311089 0.00216391 -0.000212005 0.00160039 0.000747973 0.00131706 0.000257854 0.00136458
internal_weight=31109.3 27625.6 25876.6 3483.69 571.661 2847.23 1570.81 636.459 25304.9 518.392 1749.04 798.321 950.721 1276.41
internal_count=46698 41637 39035 5061 901 4137 2290 924 38134 759 2602 1171 1431 1847
is_linear=0
shrinkage=0.02


Tree=113
num_leaves=15
num_cat=0
split_feature=42 43 37 36 4 46 13 13 43 51 1 13 2 25
split_gain=10.0811 3.40148 2.67773 2.38665 2.22112 1.50683 1.43001 1.33582 1.23778 1.352 1.22347 1.04635 1.08625 0.977956
threshold=0.95000000000000007 -1.0000000180025095e-35 1.3477337570437593 0.95000000000000007 41.27363208843267 1.9500000000000002 2.5237157855268095 0.078599369461628002 0.75000000000000011 0.90301391905812156 13.806500000000003 0.65746069272798746 26.483083333333337 1.1000000000000003
decision_type=2 2 2 2 2 2 2 2 2 2 2 2 2 2
left_child=1 11 6 8 -4 13 -3 -7 9 -2 -10 -1 -13 -5
right_child=3 2 4 5 -6 7 -8 -9 10 -11 -12 12 -14 -15
leaf_value=0.00028667542738389652 0.0019163542860619763 -0.00024086706243778538 -0.00015717339930979978 0.0014495246730304521 0.002308001214049117 0.0013168771242323706 0.00047745080563521759 0.0037459903231822638 0.0022420685049602241 3.2390670080612477e-05 -0.00010914540529741069 0.0005848828749291994 0.0021462761652113319 -5.3962832642993808e-07
leaf_weight=981.9309663772583 399.70108270645142 24153.673356801271 260.21154510974884 1091.5040563046932 311.44979330897331 189.43915832042694 1151.2334404289722 215.40993785858154 94.518830507993698 263.29495227336884 1022.2013314664364 429.13662937283516 337.97487097978592 207.6172721683979
leaf_count=1393 567 36141 399 1579 502 254 1993 309 135 390 1543 659 550 284
internal_value=8.77251e-06 -0.000118778 -0.000176805 0.0010226 0.00117182 0.00156009 -0.000207757 0.00264599 0.000501208 0.00118556 8.45743e-05 0.000733228 0.0012896 0.00121045
internal_weight=31109.3 27625.6 25876.6 3483.69 571.661 1703.97 25304.9 404.849 1779.72 662.996 1116.72 1749.04 767.112 1299.12
internal_count=46698 41637 39035 5061 901 2426 38134 563 2635 957 1678 2602 1209 1863
is_linear=0
shrinkage=0.02


Tree=114
num_leaves=15
num_cat=0
split_feature=34 34 5 30 2 14 34 53 42 40 16 0 24 24
split_gain=12.5564 5.49001 2.66816 1.93494 1.84671 2.19448 1.61894 1.50808 1.38788 0.993796 0.959226 0.74173 0.616343 0.577833
threshold=0.52175211800278332 1.1909437216833367 48.018009771187579 -0.2967144712449466 12.909511904761905 12.500000000000002 0.20289508814202031 -0.14999999999999994 0.65000000000000002 -0.019017452039343897 14.680000000000003 12.485450172348187 0.068587426900460255 0.63404972643017399
decision_type=2 2 2 2 2 2 2 2 2 2 2 2 2 2
left_child=6 4 3 -3 8 -6 12 11 -2 -4 -9 -8 -1 -14
right_child=1 2 9 -5 5 -7 7 10 -10 -11 -12 -13 13 -15
leaf_value=0.0011891714575872087 0.00073145244490253273 -0.0017407913650039966 0.0036649188592684668 0.0011960673224472576 0.00035114636121775795 -0.00085544920351731193 0.0023324205440423797 -0.00037709954702249522 0.0037070950418559702 0.0017347680418479223 0.00011405548480311061 0.0002047270746530262 -0.00073421370786127551 -0.00037334263205882518
leaf_weight=77.246001571416855 177.68904772400856 90.288026571273804 245.33803653717041 1710.0361693501472 8218.6315529346466 644.56466507911682 66.461071372032166 7452.7902226448059 106.71058547496796 251.30057999491692 1984.4540500640869 2620.624249368906 3572.7262831926346 3890.4366821050644
leaf_count=159 268 137 360 2592 12144 867 108 10920 156 364 2970 4082 5578 5993
internal_value=8.6562e-06 0.000535613 0.00141061 0.00104146 0.000314547 0.000262097 -0.000297539 -0.000153223 0.00190096 0.00271919 -0.000272758 0.000262767 -0.000528159 -0.000547587
internal_weight=31109.3 11444.6 2296.96 1800.32 9147.6 8863.2 19664.7 12124.3 284.4 496.639 9437.24 2687.09 7540.41 7463.16
internal_count=46698 16888 3453 2729 13435 13011 29810 18080 424 724 13890 4190 11730 11571
is_linear=0
shrinkage=0.02


Tree=115
num_leaves=15
num_cat=0
split_feature=34 34 14 7 34 26 42 12 12 50 33 26 23 23
split_gain=10.9187 5.15392 2.81365 2.62914 3.11853 1.86039 1.78987 1.6895 1.52561 1.44873 1.2851 1.1975 1.02974 0.641515
threshold=0.88697462835112484 0.29283569883616478 10.500000000000002 1.0000000180025095e-35 2.0458976426377018 0.70714285714285718 0.15000000000000005 18.305768294966406 19.674942222787664 0.28697224323200371 -0.24999999999999992 0.58571428571428574 2.0260352104853125 0.93208077257151856
decision_type=2 2 2 2 2 2 2 2 2 2 2 2 2 2
left_child=1 10 8 5 7 11 -4 -5 -3 -7 -1 -2 -12 -6
right_child=3 2 6 4 13 9 -8 -9 -10 -11 12 -13 -14 -15
leaf_value=-0.00084806236692576767 0.00047155463865857319 0.00019911895767513733 -0.0012361164287254375 0.00038046995810113329 0.0050596988025852808 -0.00047715887088999975 -0.00014094614510373217 0.0015936479766261405 0.0010142598883445346 0.0014322082583845151 -0.00038204931807969981 0.0018338016511801902 0.00094783550350383797 0.0025563263086302856
leaf_weight=2709.7052595317364 713.43884947896004 9362.7639369368553 707.1843583881855 764.68126726150513 90.439208060503006 928.69066882133484 3990.0720945298672 1256.0889976620674 1026.9500839710236 188.52632820606232 8571.7331293225288 431.28235825896263 233.40753084421158 142.65832576155663
leaf_count=3940 1091 14118 1032 1140 144 1347 5602 1833 1524 272 13364 636 434 233
internal_value=8.08923e-06 -0.000145962 9.66947e-05 0.000917451 0.00140263 0.00042877 -0.000308411 0.00114034 0.000280832 -0.000144042 -0.000464724 0.000995815 -0.000345454 0.00360492
internal_weight=31117.6 26601.8 15087 4515.81 2253.87 2261.94 4697.26 2020.77 10389.7 1117.22 11514.8 1144.72 8805.14 233.098
internal_count=46710 40014 22276 6696 3350 3346 6634 2973 15642 1619 17738 1727 13798 377
is_linear=0
shrinkage=0.02


Tree=116
num_leaves=15
num_cat=0
split_feature=42 37 43 7 12 3 27 16 25 0 37 4 37 37
split_gain=9.30213 3.46759 2.59994 2.34767 3.35351 2.17045 2.12668 1.93255 1.40758 1.28216 1.19862 1.13046 1.12382 0.672116
threshold=0.65000000000000002 0.59068093952158018 -1.0000000180025095e-35 1.0000000180025095e-35 18.305768294966406 38.012849930369065 1.2293875388747473 11.700000000000005 1.6333333333333335 14.632170741800229 1.2867801898201494 39.113195674982457 0.039562716055904307 0.54913992296185377
decision_type=2 2 2 2 2 2 2 2 2 2 2 2 2 2
left_child=2 9 5 8 -5 10 12 -8 -3 -2 -1 -7 -4 -11
right_child=1 3 6 4 -6 11 7 -9 -10 13 -12 -13 -14 -15
leaf_value=0.0029746743780735296 0.0015825284029261431 0.0006638597157796203 -0.00078669283219513428 0.00043367334477172455 0.0020580419926372389 -0.0022983722721068621 -0.0002969344014418677 0.00059981702448654278 -0.001207588834793898 7.1427467788975991e-05 0.00015386244621414717 0.00045869120997675701 -0.00026131670152827426 -0.0010585392961396556
leaf_weight=226.98440766334534 212.67652693390846 2043.698108702898 1825.4563439190388 837.68167722225189 1370.1448794305325 65.651152491569519 1713.8662970364094 2158.5933411121368 169.17541602253914 2505.2215699851513 92.51824152469635 472.63575851917267 17195.856397360563 227.46227911114693
leaf_count=334 304 2957 2775 1228 1960 100 2529 3206 224 3796 149 705 26109 334
internal_value=7.9691e-06 0.000629114 -0.000184282 0.000983432 0.00144721 0.000893149 -0.000225163 0.000200405 0.00051531 9.36164e-05 0.002195 9.66592e-05 -0.00031234 -1.9677e-05
internal_weight=31117.6 7366.06 23751.6 4420.7 2207.83 857.79 22893.8 3872.46 2212.87 2945.36 319.503 538.287 19021.3 2732.68
internal_count=46710 10803 35907 6369 3188 1288 34619 5735 3181 4434 483 805 28884 4130
is_linear=0
shrinkage=0.02


Tree=117
num_leaves=15
num_cat=0
split_feature=42 43 35 3 16 13 5 33 36 22 2 3 3 1
split_gain=8.93509 2.49854 2.29789 2.08998 1.91238 1.80072 1.76443 2.31884 1.99071 1.29527 1.31909 1.26082 1.04487 0.880555
threshold=0.65000000000000002 -1.0000000180025095e-35 0.45000000000000007 37.518346415293472 11.700000000000005 1.0000000180025095e-35 36.050606003087104 1.0000000180025095e-35 1.9500000000000002 2.8732430233838575 14.190083333333336 32.894296022391465 39.591104072505097 19.051666666666673
decision_type=2 2 2 2 2 2 2 2 2 2 2 2 2 2
left_child=1 3 9 13 11 -6 7 -4 -8 10 -2 -3 -5 -1
right_child=2 4 6 12 5 -7 8 -9 -10 -11 -12 -13 -14 -15
leaf_value=0.00070577997363084318 0.0015614322508878278 -5.012166627020378e-05 -0.00056182003637102044 -0.0020624676367623045 -0.00034289530534835708 0.00032890415971020928 0.0004080725142984093 0.0017002845780777437 0.0020185495383372339 0.0028528130867111639 -7.0762289757571572e-05 -0.00044704217137291568 0.00047957210242550113 0.0030694542120542328
leaf_weight=115.84375548362732 213.65282121300697 4483.3069803416729 199.28197938203812 72.087817043066025 2624.6982835829258 4046.9758458435535 2749.7979003787041 1431.5943002700806 349.71218875050545 66.672930955886841 2355.3483364582062 11738.791269659996 482.93734741210938 186.92064025998116
leaf_count=172 309 6710 286 99 3753 6380 3929 2123 521 111 3524 17776 728 289
internal_value=7.82654e-06 -0.000180587 0.0006166 0.000875579 -0.000220669 6.30901e-05 0.000880595 0.0014174 0.000594188 0.000138693 6.21999e-05 -0.000337981 0.000125234 0.00220844
internal_weight=31117.6 23751.6 7366.06 857.79 22893.8 6671.67 4730.39 1630.88 3099.51 2635.67 2569 16222.1 555.025 302.764
internal_count=46710 35907 10803 1288 34619 10133 6859 2409 4450 3944 3833 24486 827 461
is_linear=0
shrinkage=0.02


Tree=118
num_leaves=15
num_cat=0
split_feature=34 34 14 1 33 16 34 19 51 14 13 4 24 25
split_gain=9.98777 4.70465 2.79234 2.23368 2.15542 1.97196 1.50196 1.73258 1.37091 1.19413 0.788594 0.688755 0.620537 0.590079
threshold=0.42342097221110131 1.3077082527503954 11.500000000000002 29.255000000000003 0.55000000000000016 9.4225000000000012 0.22345985655842318 1.8812486842633711 0.91965704236868417 10.500000000000002 1.4021868371523321 32.385204945638897 1.2983031020356519 1.2916666666666667
decision_type=2 2 2 2 2 2 2 2 2 2 2 2 2 2
left_child=6 2 4 -4 -2 11 10 9 -7 -8 12 -3 -1 -9
right_child=1 5 3 -5 -6 8 7 13 -10 -11 -12 -13 -14 -15
leaf_value=-0.00067023042944815527 0.00014549737600643608 0.0010247406569732812 0.00010833654570153579 -0.0012266204645977323 0.00072414862797899311 0.0022790478117145937 -6.6279771244594685e-05 0.0003493392401023783 0.00094805418212550428 -0.00063619188522567687 -0.0001693714223263722 -0.00055074702750204836 0.00018992105125074176 0.0015078234923505724
leaf_weight=6107.7065763473511 6335.8907997906208 201.71260285377502 1252.87467238307 820.53986474871635 4402.6335074007511 782.8859589099884 4820.8385474085808 768.8887070119381 574.30044803023338 2145.5654152035713 2089.847676128149 235.61674016714096 335.30837577581406 243.01250487565994
leaf_count=9153 9411 304 1744 1145 6530 1169 7360 1183 858 3061 3527 369 532 364
internal_value=7.69519e-06 0.000388939 0.000253533 -0.000415818 0.000383757 0.00134875 -0.00032897 -0.000129968 0.00172541 -0.000243373 -0.000513793 0.000154522 -0.00062387 0.000639843
internal_weight=31117.6 14606.5 12811.9 2073.41 10738.5 1794.52 16511.2 7978.31 1357.19 6966.4 8532.86 437.329 6443.01 1011.9
internal_count=46710 21530 18830 2889 15941 2700 25180 11968 2027 10421 13212 673 9685 1547
is_linear=0
shrinkage=0.02


Tree=119
num_leaves=15
num_cat=0
split_feature=34 34 14 1 33 16 34 22 0 16 34 42 24 27
split_gain=9.5936 4.51948 2.68165 2.14584 2.06973 1.89422 1.44242 1.38105 1.24311 1.18519 0.843048 0.772605 0.7037 0.946697
threshold=0.42342097221110131 1.3077082527503954 11.500000000000002 29.255000000000003 0.55000000000000016 9.4225000000000012 0.22345985655842318 0.451423978069248 15.895615003477497 3.0400000000000018 0.37274681936218473 0.45000000000000007 0.068587426900460255 0.35543481053991438
decision_type=2 2 2 2 2 2 2 2 2 2 2 2 2 2
left_child=6 2 4 -4 -2 11 12 -7 10 -10 -8 -3 -1 -14
right_child=1 5 3 -5 -6 7 8 -9 9 -11 -12 -13 13 -15
leaf_value=0.0013542108831802152 0.00014258834256848787 -0.0014523741507996805 0.00010617326476331227 -0.0012021477136168802 0.00070967223497837937 0.0022805599577302347 0.0010395463961950212 0.0009557519388077245 -0.001182575136180886 -0.00013656406398028734 -0.00067414871015237425 0.00059937659325994929 -0.00098345624408858025 -0.00042094970844331388
leaf_weight=75.978964895009995 6335.8907997906208 89.714533269405365 1252.87467238307 820.53986474871635 4402.6335074007511 743.48620176315308 548.29275700449944 613.70020517706871 464.9779726266861 6828.8387802243233 136.19566464424133 347.61480975151062 1493.9204089343548 6962.9632544219494
leaf_count=150 9411 172 1744 1145 6530 1113 794 914 661 10311 202 501 2385 10677
internal_value=7.55922e-06 0.000381211 0.000248477 -0.000407427 0.000376104 0.00132196 -0.000322389 0.00169115 -0.000127338 -0.000204923 0.000683027 0.000151019 -0.00050352 -0.000521709
internal_weight=31117.6 14606.5 12811.9 2073.41 10738.5 1794.52 16511.2 1357.19 7978.31 7293.82 684.488 437.329 8532.86 8456.88
internal_count=46710 21530 18830 2889 15941 2700 25180 2027 11968 10972 996 673 13212 13062
is_linear=0
shrinkage=0.02


Tree=120
num_leaves=14
num_cat=0
split_feature=34 34 34 50 27 2 24 27 19 5 5 36 22
split_gain=10.5937 2.25309 1.89011 1.79329 2.16642 1.60912 1.382 1.36918 1.18931 1.05319 1.53198 1.01834 0.803433
threshold=0.76050302998123487 0.19256807545662163 2.4137646487890545 0.29265423682251451 1.1321080578579095 12.215750000000002 1.2983031020356519 0.89194449226835448 2.9084691529654125 48.932925406026989 38.667830485226538 0.31666666666666671 0.25693966355227343
decision_type=2 2 2 2 2 2 2 2 2 2 2 2 2
left_child=1 8 3 4 -2 12 -5 -7 11 10 -4 -1 -3
right_child=2 5 9 6 -6 7 -8 -9 -10 -11 -12 -13 -14
leaf_value=-0.00061183450033335126 0.00073914828620275834 0.0017548564664835865 0.0037554785269553943 0.0011424646784816018 -0.0002513258544634014 -0.00026353403067316079 0.0034222466492325448 9.1312612010110121e-05 0.00047152525200215432 0.0048659580692824878 -0.00014385989781435919 0.00096246933800417963 -9.203870061499991e-05
leaf_weight=6483.8702732920647 3881.49836987257 279.5910396873951 68.03342667222023 694.39630323648453 1124.7381191551685 10116.063045531511 133.03234300017357 7573.4009554088116 455.85512813925743 60.74271234869957 83.732898116111755 162.04527401924133 126.36430352926254
leaf_count=9982 5813 410 114 1031 1588 15227 192 11023 754 89 144 319 181
internal_value=-2.03513e-05 -0.000201073 0.000730965 0.000660597 0.000514613 -8.19115e-05 0.00152843 -0.000111055 -0.000503184 0.00259187 0.0015652 -0.000571667 0.00115782
internal_weight=31243.4 25197.2 6046.17 5833.67 5006.24 18095.4 827.429 17689.5 7101.77 212.509 151.766 6645.92 405.955
internal_count=46867 37896 8971 8624 7401 26841 1223 26250 11055 347 258 10301 591
is_linear=0
shrinkage=0.02


Tree=121
num_leaves=13
num_cat=0
split_feature=34 34 34 50 27 36 24 19 47 5 5 36
split_gain=10.1772 2.16319 1.8175 1.72339 2.0812 1.39376 1.32696 1.14272 1.14098 1.01139 1.47451 0.978871
threshold=0.76050302998123487 0.19256807545662163 2.4137646487890545 0.29265423682251451 1.1321080578579095 1.1547619047619049 1.2983031020356519 2.9084691529654125 0.37273951449181059 48.932925406026989 38.667830485226538 0.31666666666666671
decision_type=2 2 2 2 2 2 2 2 2 2 2 2
left_child=1 7 3 4 -2 8 -5 11 -3 10 -4 -1
right_child=2 5 9 6 -6 -7 -8 -9 -10 -11 -12 -13
leaf_value=-0.0005996015899352408 0.00072437295252694971 -0.00078428852730604156 0.0036825139072181852 0.001119681015921474 -0.00024630824756834981 0.0026197230757802948 0.0033548155508259158 0.00046213595421762545 -5.4909682493403554e-05 0.0047717410358778167 -0.00014104978474884205 0.00094345463331780113
leaf_weight=6483.8702732920647 3881.49836987257 905.01725202798843 68.03342667222023 694.39630323648453 1124.7381191551685 73.906789809465408 133.03234300017357 455.85512813925743 17116.495302319527 60.74271234869957 83.732898116111755 162.04527401924133
leaf_count=9982 5813 1330 114 1031 1588 133 192 754 25378 89 144 319
internal_value=-1.9892e-05 -0.000197032 0.000716501 0.000647454 0.000504285 -8.02589e-05 0.00149832 -0.000493059 -9.21759e-05 0.00254161 0.00153354 -0.000560201
internal_weight=31243.4 25197.2 6046.17 5833.67 5006.24 18095.4 827.429 7101.77 18021.5 212.509 151.766 6645.92
internal_count=46867 37896 8971 8624 7401 26841 1223 11055 26708 347 258 10301
is_linear=0
shrinkage=0.02


Tree=122
num_leaves=15
num_cat=0
split_feature=42 47 15 42 36 36 15 0 0 27 0 26 5 19
split_gain=8.37074 2.27293 2.69207 2.15462 2.3569 1.89576 1.81851 1.79478 1.66042 1.54275 1.50225 1.44075 0.857981 0.822976
threshold=0.75000000000000011 1.6072354561683408 8.8288398583266439 0.35000000000000003 1.2928571428571431 2.5277777777777781 10.336748983682781 14.184167513905194 19.081189243259328 0.77489324222281741 32.355910833637502 0.35416666666666669 47.466124579491712 2.1759736181929008
decision_type=2 2 2 2 2 2 2 2 2 2 2 2 2 2
left_child=3 2 8 4 13 11 7 -5 -2 -8 -4 -3 -6 -1
right_child=1 5 10 6 12 -7 9 -9 -10 -11 -12 -13 -14 -15
leaf_value=-0.00040960114838239908 0.00098184521083249801 0.0023353929288560905 0.0017428083161168018 0.0010686844103515905 0.00071786678349931789 0.0030832686014208095 -0.00019338096466841212 -0.00026728805995958842 -0.00021525983924393865 0.0006270213711022614 0.00011668422745063566 -0.00013744586564103429 0.0033352325794911981 6.5666488720353945e-05
leaf_weight=13401.179558843374 973.47630345821381 97.427483171224594 1585.9608109593391 428.76605775952339 182.57645139098167 80.82535594701767 1316.0829937458038 5665.3059701621532 860.931570738554 2898.8024462461472 281.14085483551025 1799.352428406477 76.815249025821686 1594.7206573188305
leaf_count=20218 1415 157 2327 666 304 115 1996 8546 1294 4210 382 2615 138 2484
internal_value=-1.94482e-05 0.000674612 0.000967342 -0.000174066 -0.000325073 0.00012123 4.84458e-05 -0.000171332 0.000414947 0.000368512 0.00150369 -2.83667e-06 0.00155081 -0.000358391
internal_weight=31243.4 5679.11 3701.51 25564.2 15255.3 1977.61 10309 6094.07 1834.41 4214.89 1867.1 1896.78 259.392 14995.9
internal_count=46867 8305 5418 38562 23144 2887 15418 9212 2709 6206 2709 2772 442 22702
is_linear=0
shrinkage=0.02


Tree=123
num_leaves=15
num_cat=0
split_feature=34 42 42 1 34 15 15 34 37 34 27 27 18 51
split_gain=9.51534 2.38155 1.79486 2.1017 1.77346 1.46775 1.26377 1.22723 2.23564 1.13212 1.00978 0.832853 0.750045 1.29368
threshold=0.76050302998123487 0.35000000000000003 0.75000000000000011 29.866833333333336 2.4137646487890545 10.394850593921815 12.642110168779576 0.62769473098496076 0.72794008936786114 1.1423733188740652 0.89194449226835448 0.4554948980738624 1.326441321015108 0.41875841914781819
decision_type=2 2 2 2 2 2 2 2 2 2 2 2 2 2
left_child=1 12 6 5 -5 -4 9 10 -9 -2 -3 -8 -1 -14
right_child=2 7 3 4 -6 -7 11 8 -10 -11 -12 -13 13 -15
leaf_value=-0.00014518091972017444 0.00033258029129150829 -0.00022309426347618378 0.00095334580685381626 0.00016168466867644179 0.0031464915003154535 0.0021373300275386517 -0.0011295140687514992 0.0011893706020861196 -0.00030365857585801654 -0.00074918781685296494 0.00020130371204391985 0.0011029670699122121 -0.00098384659842062775 -0.00035630356954497388
leaf_weight=4503.3374792933464 1555.4096569418907 5749.4623615443707 1014.4457425177097 1123.7482198476791 84.71073991060257 782.97977301478386 66.166721075773239 916.80998742580414 695.69859653711319 511.05089122056961 3656.6860449910164 907.66242787241936 1602.4667156040668 8072.7288342118263
leaf_count=6801 2347 8779 1447 1575 127 1108 113 1342 1014 862 5396 1392 2407 12157
internal_value=-1.90044e-05 -0.000190298 0.000693029 0.00104114 0.000384029 0.00147646 0.00034511 2.94295e-05 0.000539448 5.97509e-05 -5.70369e-05 0.00093903 -0.000361742 -0.000461456
internal_weight=31243.4 25197.2 6046.17 3005.88 1208.46 1797.43 3040.29 11018.7 1612.51 2066.46 9406.15 973.829 14178.5 9675.2
internal_count=46867 37896 8971 4257 1702 2555 4714 16531 2356 3209 14175 1505 21365 14564
is_linear=0
shrinkage=0.02


Tree=124
num_leaves=14
num_cat=0
split_feature=42 43 43 51 0 18 42 39 44 33 44 0 15
split_gain=7.75734 3.89084 2.1087 1.96594 1.90815 1.83519 1.61999 1.53653 1.64689 1.13594 0.988303 1.71075 0.904527
threshold=0.75000000000000011 0.75000000000000011 -0.34999999999999992 0.41875841914781819 14.184167513905194 2.9168782931201132 0.15000000000000005 2.7500000000000004 1.4019568522245771 1.1500000000000004 2.5325371254339806 31.058462304892071 23.102652948081236
decision_type=2 2 2 2 2 2 2 2 2 2 2 2 2
left_child=2 5 10 4 -4 9 -5 8 -3 -2 11 -1 -7
right_child=1 7 3 6 -6 12 -8 -9 -10 -11 -12 -13 -14
leaf_value=0.00096453326547042727 0.0013417650005211582 0.0005465393600951016 0.00043205515389971105 -0.00042101611475177977 -0.00063112512990651985 -0.0017745021013177817 1.2437806068631254e-05 0.0030951713524021642 -0.00033798529215276938 0.0032460314087066461 0.0026701030431319052 -0.0016175255440701241 0.0010674214643537979
leaf_weight=627.2603432238102 1864.7726102173328 1965.3809686899185 754.24908781051636 4583.9545393586159 5632.8275532126427 106.94711017608643 13746.204943150282 71.791416764259338 1457.0348508954048 143.16383019089699 101.30433437228203 118.44858336448669 70.024020582437515
leaf_count=939 2715 2895 1146 7034 8502 157 20608 102 2109 222 166 167 105
internal_value=-1.86047e-05 0.000649528 -0.000167461 -0.000201434 -0.000503913 0.00131214 -9.54477e-05 0.000231827 0.00016707 0.00148561 0.00081029 0.000537795 -0.000594771
internal_weight=31243.4 5679.11 25564.2 24717.2 6387.08 2184.91 18330.2 3494.21 3422.42 2007.94 847.013 745.709 176.971
internal_count=46867 8305 38562 37290 9648 3199 27642 5106 5004 2937 1272 1106 262
is_linear=0
shrinkage=0.02


Tree=125
num_leaves=15
num_cat=0
split_feature=36 33 7 0 36 15 2 38 14 15 44 18 24 47
split_gain=5.60161 3.02056 2.45372 2.57255 2.76764 2.45005 2.25062 2.24539 2.15541 1.68145 1.44464 1.35021 1.40165 1.05379
threshold=0.95000000000000007 0.14999999999999999 1.0000000180025095e-35 32.696334984832667 2.5277777777777781 9.1120499043407737 14.780648148148151 1.7500000000000002 9.5000000000000018 24.241860142458812 0.59928271357770979 3.3215268276114869 1.3651865190810493 2.6606855893392933
decision_type=2 2 2 2 2 2 2 2 2 2 2 2 2 2
left_child=1 11 8 4 -4 6 -3 -5 10 -7 -2 12 -1 -10
right_child=2 5 3 7 -6 9 -8 -9 13 -11 -12 -13 -14 -15
leaf_value=-0.00038602612146550734 -0.0017253166145808011 0.00055332241562105577 0.0012926513263147644 -0.001304887676834908 0.0049025712574568385 0.00033736305061989887 -0.00024427759337597351 0.0017683499884520149 -0.00061496678397651196 0.0022388278451291785 0.0010796582873674272 -0.001951395714391404 0.00043893997826469316 0.0011251896984225491
leaf_weight=9287.6496974527836 75.013257801532745 1703.6567629873753 1718.1765952110291 276.16156667470932 90.255788594484329 6140.7910254299641 8192.7981087863445 141.31172639131546 1016.081772685051 192.25860381126404 981.60712707042694 205.96432477235794 891.2505390048027 156.03828382492065
leaf_count=13679 119 2626 2559 385 146 9196 12584 205 1485 290 1483 303 1400 234
internal_value=2.95004e-05 -8.00466e-05 0.000685977 0.00115639 0.00148356 8.99014e-05 -0.000105878 -0.000237308 0.000211062 0.000397355 0.000868193 -0.000346571 -0.000312739 -0.00037327
internal_weight=31069 26614.4 4454.65 2225.91 1808.43 16229.5 9896.45 417.473 2228.74 6333.05 1056.62 10384.9 10178.9 1172.12
internal_count=46694 40078 6616 3295 2705 24696 15210 590 3321 9486 1602 15382 15079 1719
is_linear=0
shrinkage=0.02


Tree=126
num_leaves=12
num_cat=0
split_feature=37 37 3 16 24 37 2 37 24 23 41
split_gain=6.34957 2.46346 2.13534 2.22924 1.48707 1.82983 1.59597 1.65052 1.36859 1.26766 1.023
threshold=0.48484623914486441 2.5464382083618449 38.570031653041219 10.200000000000005 0.83057628100785974 0.47646462109675242 14.780648148148151 0.10279284886882431 0.82310781625338003 0.71257589104900754 1.110213553020545
decision_type=2 2 2 2 2 2 2 2 2 2 2
left_child=4 2 8 -4 6 9 7 -1 -2 -6 -3
right_child=1 10 3 -5 5 -7 -8 -9 -10 -11 -12
leaf_value=-0.00058473015442011785 0.00088584864804785188 0.0035989726540085164 -0.00047362575617506558 0.00032773804818809533 -0.00044076130333643704 -0.0023989161642815129 -0.00045048926927591655 0.00067185712658233575 0.00021428512600289319 0.00020285539227212705 0.00080461497082586506
leaf_weight=659.99754416942596 3353.8654354512691 130.11729156970978 1914.8686616122723 4993.5657981336117 1561.7223053872585 121.03465992212296 9565.0468085110188 1114.699782460928 1974.6043808758259 5571.9532879889011 107.53922441601753
leaf_count=990 5003 204 2933 7361 2338 180 14656 1663 2858 8338 170
internal_value=2.8933e-05 0.000378256 0.000337915 0.000104097 -0.000204897 1.74085e-05 -0.000347978 0.00019878 0.000639033 6.04677e-05 0.00239352
internal_weight=31069 12474.6 12236.9 6908.43 18594.5 7254.71 11339.7 1774.7 5328.47 7133.68 237.657
internal_count=46694 18529 18155 10294 28165 10856 17309 2653 7861 10676 374
is_linear=0
shrinkage=0.02


Tree=127
num_leaves=12
num_cat=0
split_feature=34 34 43 50 3 26 29 7 34 13 34
split_gain=10.6598 2.75153 2.15897 2.12854 2.02652 1.77594 1.49742 1.32893 1.16514 1.03761 0.788895
threshold=0.58764056955639077 2.4137646487890545 -1.0000000180025095e-35 0.46669838669494662 38.570031653041219 1.2111111111111115 1.2500000000000002 1.0000000180025095e-35 0.37984819309210105 2.4555399228720467 0.43373707680685136
decision_type=2 2 2 2 2 2 2 2 2 2 2
left_child=2 3 10 4 -2 -5 9 -3 -8 -4 -1
right_child=1 7 6 5 -6 -7 8 -9 -10 -11 -12
leaf_value=0.0026150300829483443 0.00078488232118894641 0.0011162946343569657 -0.00032728721927049689 0.00098899195894335662 0.00017226193440688056 0.0036194387703394359 -0.00016530369560054621 0.0043706477464798797 0.00090366990840526611 0.00032509516959831414 0.00056527665818271707
leaf_weight=124.00345069169998 4039.8405928313732 113.87445920705795 18546.765354245901 376.17842203378677 4754.9955236911774 150.42617180943489 840.43429946899414 109.41566407680511 767.1808910369873 1012.4184052944183 233.4819461107254
leaf_count=202 5962 184 27906 553 7018 214 1302 183 1079 1763 328
internal_value=2.83638e-05 0.000584895 -0.000217992 0.000530655 0.000454916 0.00177016 -0.000244471 0.00278001 0.000339105 -0.000292978 0.0013147
internal_weight=31069 9544.73 21524.3 9321.44 8794.84 526.605 21166.8 223.29 1607.62 19559.2 357.485
internal_count=46694 14114 32580 13747 12980 767 32050 367 2381 29669 530
is_linear=0
shrinkage=0.02


Tree=128
num_leaves=15
num_cat=0
split_feature=36 33 13 7 36 13 15 1 50 15 13 3 36 24
split_gain=5.02616 2.85191 2.47562 4.31861 2.77774 2.35196 2.31535 2.04073 1.79107 1.59247 1.25348 1.2796 0.937707 0.86963
threshold=0.95000000000000007 0.14999999999999999 0.38214100281857372 1.0000000180025095e-35 2.0500000000000003 0.44716370109130299 9.1120499043407737 10.366166666666668 0.25132735827290004 24.241860142458812 2.4769091732542825 29.698043462503474 1.8819444444444446 1.3651865190810493
decision_type=2 2 2 2 2 2 2 2 2 2 2 2 2 2
left_child=1 10 3 12 5 -4 7 -3 -5 -8 13 -12 -2 -1
right_child=2 6 4 8 -6 -7 9 -9 -10 -11 11 -13 -14 -15
leaf_value=-0.00044332424569402728 -0.00041287282457382274 0.0014653106021951495 0.0042953493867624402 0.00066078363684700565 0.0029045679002687231 0.00068133852476823448 0.00032968439906082774 -0.00015452502434578808 0.0027604777560934447 0.0021804942507129832 0.0030516359011919683 0.00018343737954334971 -0.001945044183655221 0.00021116418018561579
leaf_weight=9019.6288809478283 913.50646081566811 318.72630935907364 74.475300788879395 931.37474662065506 305.36033898591995 1826.512653440237 6140.7910254299641 9577.7285624146461 202.47440731525421 192.25860381126404 73.131669223308563 422.55086407065392 200.9422102868557 869.55314698815346
leaf_count=13190 1312 491 110 1316 486 2810 9196 14719 284 290 121 723 298 1348
internal_value=2.78608e-05 -7.58892e-05 0.000649717 0.000177082 0.00112621 0.000832546 8.9235e-05 -0.000101061 0.00104874 0.00038812 -0.000334876 0.00063726 -0.00070108 -0.000384733
internal_weight=31069 26614.4 4454.65 2248.3 2206.35 1900.99 16229.5 9896.45 1133.85 6333.05 10384.9 495.683 1114.45 9889.18
internal_count=46694 40078 6616 3210 3406 2920 24696 15210 1600 9486 15382 844 1610 14538
is_linear=0
shrinkage=0.02


Tree=129
num_leaves=13
num_cat=0
split_feature=34 34 50 7 24 26 34 18 7 23 33 24
split_gain=10.0027 2.6031 2.02926 1.94509 1.74789 1.70113 1.26787 1.28653 1.25367 0.668959 0.700053 0.606249
threshold=0.58764056955639077 2.4137646487890545 0.46669838669494662 1.0000000180025095e-35 1.4783451841957844 1.2111111111111115 0.38918725108888713 0.62956427485362754 1.0000000180025095e-35 1.4235492411759767 0.95000000000000007 0.4478382117154327
decision_type=2 2 2 2 2 2 2 2 2 2 2 2
left_child=4 2 3 -2 6 -4 7 -1 -3 10 -6 -8
right_child=1 8 5 -5 9 -7 11 -9 -10 -11 -12 -13
leaf_value=0.0013287067001397001 0.00013717527254949934 0.0010824668393530389 0.00095885810875435192 0.00073541092449375958 0.00020810108514463316 0.0035342032126306766 0.00054903265748192326 -0.00037205642292617905 0.0042476721774336408 0.0023969598080901666 0.0018429660469303363 -7.7280291957152551e-05
leaf_weight=175.7068033516407 4365.4267809092999 113.87445920705795 376.17842203378677 4429.4093356132507 867.91775465011597 150.42617180943489 702.85045689344406 14554.675882190466 109.41566407680511 75.283391624689102 121.32760107517242 5026.5224570631981
leaf_count=287 6462 184 553 6518 1351 214 1120 22204 183 124 185 7309
internal_value=2.73625e-05 0.000566479 0.000513687 0.000439705 -0.000211269 0.00172402 -0.000252735 -0.000350913 0.00270179 0.000575291 0.000422014 0
internal_weight=31069 9544.73 9321.44 8794.84 21524.3 526.605 20459.8 14730.4 223.29 1064.53 989.245 5729.37
internal_count=46694 14114 13747 12980 32580 767 30920 22491 367 1660 1536 8429
is_linear=0
shrinkage=0.02


Tree=130
num_leaves=14
num_cat=0
split_feature=34 34 21 2 21 42 34 43 0 51 4 34 43
split_gain=8.64639 2.54381 2.14693 2.13828 1.96534 1.75318 1.36497 1.54233 1.42554 1.0638 1.04305 0.642278 0.592881
threshold=0.53448771687660135 1.3077082527503954 1.0847761399781941 34.633416666666676 0.91168841600345762 0.15000000000000005 0.36288832018019751 1.4500000000000002 12.99954192808349 1.4109292693355096 44.975684962300228 0.53022291243022257 0.75000000000000011
decision_type=2 2 2 2 2 2 2 2 2 2 2 2 2
left_child=6 3 4 5 -3 -2 7 8 -1 -5 -4 12 -8
right_child=1 2 10 9 -6 -7 11 -9 -10 -11 -12 -13 -14
leaf_value=0.00067521009376904112 -0.00042176192525949965 0.00010332931894091952 0.00044898374486689995 -0.00058539598397590721 0.0019238897807637365 0.00055619704268986935 0.00013566746302148355 0.0026266479636763047 -0.00038637533805213712 0.0015561969945400663 -0.0018812618888871483 -0.0013713315715658963 -0.00052412713909537919
leaf_weight=516.99447014927864 803.4476380944252 317.84792503714561 307.18253517150879 1198.5874139070511 1096.8092468082905 7169.7204700410366 5076.8919135034084 67.38303342461586 13678.753158867359 96.492900639772415 99.503953576087952 125.26764023303986 604.53168550133705
leaf_count=809 1269 490 455 1760 1650 10450 7479 110 20876 152 142 186 913
internal_value=2.07924e-05 0.000469233 0.00115442 0.000333285 0.00152262 0.000456314 -0.000226517 -0.000331804 -0.000346919 -0.000415969 -0.000103105 3.04052e-05 6.35428e-05
internal_weight=31159.4 11089.6 1821.34 9268.25 1414.66 7973.17 20069.8 14263.1 14195.7 1295.08 406.686 5806.69 5681.42
internal_count=46741 16368 2737 13631 2140 11719 30373 21795 21685 1912 597 8578 8392
is_linear=0
shrinkage=0.02


Tree=131
num_leaves=15
num_cat=0
split_feature=34 34 21 2 21 47 14 19 37 34 37 0 4 13
split_gain=8.3043 2.44347 2.06267 2.05294 1.88614 1.80858 1.34539 1.33435 1.9665 1.12879 2.32827 1.54376 1.00255 0.685893
threshold=0.53448771687660135 1.3077082527503954 1.0847761399781941 34.633416666666676 0.91168841600345762 0.32231704919531035 11.500000000000002 2.2139228185846709 0.40087493032315819 0.36288832018019751 0.4431419961438246 12.99954192808349 44.975684962300228 2.7792027348220318
decision_type=2 2 2 2 2 2 2 2 2 2 2 2 2 2
left_child=7 3 4 5 -3 -2 -5 9 13 11 -11 -1 -4 -9
right_child=1 2 12 6 -6 -7 -8 8 -10 10 -12 -13 -14 -15
leaf_value=0.00077142753029224511 -0.0013302238795172409 0.0001012756642581587 0.00044006219145978896 -0.00014037476306313001 0.0018854819983481095 0.00049869238084520673 -0.0020250068084487847 -0.00022666406521812624 0.0012842230521711493 0.00035398798641412247 -0.00048571693654588492 -0.00042081883650775211 -0.0018443779831815131 0.0016505712388776702
leaf_weight=442.788957208395 217.77422732114792 317.84792503714561 307.18253517150879 1118.7129378318787 1096.8092468082905 7755.3938808143139 176.36737671494484 1370.7094064056873 548.99329257011414 2874.593583881855 2437.1919780373573 12315.751797616482 99.503953576087952 79.792885959148407
leaf_count=686 311 490 455 1669 1650 11408 243 2113 883 4168 3672 18691 142 160
internal_value=2.03867e-05 0.000459872 0.00113145 0.000326603 0.00149237 0.000447164 -0.000407465 -0.000221975 0.000265531 -0.000276494 -2.94474e-05 -0.000378543 -0.000100694 -0.000114381
internal_weight=31159.4 11089.6 1821.34 9268.25 1414.66 7973.17 1295.08 20069.8 1999.5 18070.3 5311.79 12758.5 406.686 1450.5
internal_count=46741 16368 2737 13631 2140 11719 1912 30373 3156 27217 7840 19377 597 2273
is_linear=0
shrinkage=0.02


Tree=132
num_leaves=15
num_cat=0
split_feature=37 2 33 18 47 42 18 36 22 3 16 37 18 31
split_gain=5.65885 2.1384 1.76919 2.76536 1.28167 1.13819 1.24752 1.01907 1.12519 0.854584 0.917934 0.847493 0.803566 0.781571
threshold=0.635183745978528 34.633416666666676 0.55000000000000016 0.75169035835689957 0.34959339190843969 0.45000000000000007 0.88528959439255406 1.1055555555555558 0.88304696671979699 32.778066887106171 5.0633333333333352 0.72152187784263278 3.3954499322489711 1.3895001399416469
decision_type=2 2 2 2 2 2 2 2 2 2 2 2 2 2
left_child=5 2 3 -2 -4 9 -7 11 -9 13 -11 -3 -8 -1
right_child=1 7 4 -5 -6 6 12 8 -10 10 -12 -13 -14 -15
leaf_value=-7.3320323809803863e-05 0.0028884549088629727 0.00025210424570733773 -0.001424818195310166 0.00017890441527557773 0.0009561439499608679 0.0010484678852953986 1.5206923371096249e-05 0.0013375447344909806 -0.00098525606983390201 -0.00066650695463173161 -0.00023224872120965843 -0.0011212022411223354 -0.0021013025520284397 0.00085607869724395845
leaf_weight=2778.6851046085358 155.3773572742939 239.44607692956924 87.809316188097 4023.9717287421227 3490.8800412118435 478.54692479968071 6104.4386094510555 241.57067650556564 120.47875094413757 2477.7302180826664 9873.6715852320194 603.54794788360596 70.565943986177444 412.69370311498642
leaf_count=4184 218 357 130 5989 5152 674 9205 354 180 3817 14883 897 97 604
internal_value=1.99796e-05 0.000444348 0.000566566 0.000283363 0.000894167 -0.000150958 6.67436e-05 -0.000333839 0.000535954 -0.000244792 -0.000320266 -0.000719617 -8.03348e-06 4.41945e-05
internal_weight=31159.4 8963.08 7758.04 4179.35 3578.69 22196.3 6653.55 1205.04 362.049 15542.8 12351.4 842.994 6175 3191.38
internal_count=46741 13277 11489 6207 5282 33464 9976 1788 534 23488 18700 1254 9302 4788
is_linear=0
shrinkage=0.02


Tree=133
num_leaves=15
num_cat=0
split_feature=34 34 21 21 3 13 36 13 34 18 4 17 23 53
split_gain=7.75509 2.30944 1.97964 1.80654 1.66702 1.78515 1.54578 1.31636 1.07435 1.26674 0.964643 0.879481 0.731007 0.703226
threshold=0.53448771687660135 1.3077082527503954 1.0847761399781941 0.91168841600345762 38.661864621851855 0.11387259442214681 1.3875000000000002 2.1872285726798935 0.36288832018019751 0.62956427485362754 44.975684962300228 3.0879567829547918 0.71257589104900754 -0.6499999999999998
decision_type=2 2 2 2 2 2 2 2 2 2 2 2 2 2
left_child=7 4 3 -3 6 -6 -2 8 9 -1 -4 12 -9 -10
right_child=1 2 10 -5 5 -7 -8 11 13 -11 -12 -13 -14 -15
leaf_value=0.0015949419427250995 0.00071696163940893141 8.8986638448502865e-05 0.00042032196365529594 0.0018355637553177601 -0.00035016827614681346 0.00039846153048679329 -0.00089675490514975022 -0.00028288746769577079 0.0013655175916352958 -0.00038068650404091055 -0.0018197658870368061 -0.0016358543613659543 0.00069766723642216994 -6.1513714092711116e-05
leaf_weight=127.31132164597511 3840.470727622509 317.84792503714561 307.18253517150879 1096.8092468082905 2230.7513037919998 2951.0007230639458 246.02566820383072 394.97188544273376 139.66618165373802 12978.767390012741 99.503953576087952 82.47820571064949 1150.9378362298012 5195.6890809834003
leaf_count=200 5649 490 455 1650 3110 4497 375 659 225 19588 142 128 1965 7608
internal_value=1.95812e-05 0.000444295 0.00109724 0.00145088 0.000314695 7.42355e-05 0.000616972 -0.000214618 -0.000263055 -0.000360492 -0.000109515 0.000327452 0.000440638 -2.17864e-05
internal_weight=31159.4 11089.6 1821.34 1414.66 9268.25 5181.75 4086.5 20069.8 18441.4 13106.1 406.686 1628.39 1545.91 5335.36
internal_count=46741 16368 2737 2140 13631 7607 6024 30373 27621 19788 597 2752 2624 7833
is_linear=0
shrinkage=0.02


Tree=134
num_leaves=13
num_cat=0
split_feature=34 15 14 17 34 19 3 34 36 27 15 34
split_gain=7.4484 2.2735 2.48819 2.74035 1.93957 1.26697 1.06198 1.03013 0.900014 1.08261 0.872105 0.735306
threshold=0.53448771687660135 3.9634380901621729 12.500000000000002 1.1360590058536115 1.0960789459665534 2.2139228185846709 38.105702472879194 0.36288832018019751 0.31666666666666671 0.98439807877826702 3.2169097952485437 0.53022291243022257
decision_type=2 2 2 2 2 2 2 2 2 2 2 2
left_child=5 6 4 -4 -3 7 -2 10 -7 -10 -1 -9
right_child=1 2 3 -5 -6 8 -8 11 9 -11 -12 -13
leaf_value=0.00031628018328718865 -0.00061037185704277156 0.00040184366326018731 0.0026037573739310527 -0.00098600102286244286 0.0010438112054760708 -6.5993079917890844e-05 -0.0036980850453827586 6.0805971809699343e-06 0.00025278297829468328 0.0018713028533136715 -0.0004011890821895022 -0.0015926369922163966
leaf_weight=700.85228383541107 194.9501151740551 7433.160201638937 93.078117787837982 735.96129748225212 2571.2110324203968 1223.146765679121 61.231318771839142 5196.3354240655899 522.93204608559608 253.41677317023277 12057.688470989466 115.45013785362244
leaf_count=1138 313 10970 126 1005 3841 1905 113 7668 837 414 18239 172
internal_value=1.91917e-05 0.000435429 0.000480245 -0.000565641 0.00056801 -0.000210323 -0.00141005 -0.000263462 0.000264704 0.000797401 -0.00036095 -2.73715e-05
internal_weight=31159.4 11089.6 10833.4 829.039 10004.4 20069.8 256.181 18070.3 1999.5 776.349 12758.5 5311.79
internal_count=46741 16368 15942 1131 14811 30373 426 27217 3156 1251 19377 7840
is_linear=0
shrinkage=0.02


Tree=135
num_leaves=14
num_cat=0
split_feature=42 37 39 45 13 42 13 2 50 2 45 33 1
split_gain=4.60418 1.91115 1.8783 1.59632 1.50105 1.81453 1.48774 2.37696 1.39857 1.09749 1.07118 1.03109 0.997281
threshold=0.65000000000000002 0.60118084728178844 1.2500000000000002 0.90000000000000013 1.0000000180025095e-35 0.15000000000000005 1.0000000180025095e-35 28.614916666666669 0.047761749433396658 14.190083333333336 3.1000000000000005 -1.0000000180025095e-35 28.97483333333334
decision_type=2 2 2 2 2 2 2 2 2 2 2 2 2
left_child=2 9 4 -4 5 -1 7 -3 -8 -2 -11 -6 -5
right_child=1 6 3 12 11 -7 8 -9 -10 10 -12 -13 -14
leaf_value=-0.00084587374223126692 0.0012506054373018593 0.00090443157681262666 -0.0010290018139768853 0.0036659626440938954 -0.00032217203897857581 -0.00021041810857923778 0.0013847863084829009 -0.00055186390444290467 0.00041879887593178979 -0.00020355918250476322 0.0013210811385300988 5.4042510733999311e-05 0.0010550408665288406
leaf_weight=2484.3530571758747 264.67411071062088 968.16387194395065 90.006771087646484 93.686333894729614 4083.4558797478676 6748.5331764221191 1501.2192062437534 824.09663617610931 1061.2345316112041 2583.490824252367 195.55212271213531 10068.374235570431 202.56883350014687
leaf_count=3570 380 1308 140 149 6179 9530 2237 1139 1582 3878 305 15987 336
internal_value=-2.49258e-05 0.000410335 -0.000160839 0.00121551 -0.000184103 -0.000382633 0.000679061 0.000229372 0.000989263 2.23875e-05 -9.18066e-05 -5.38364e-05 0.00193328
internal_weight=31169.4 7398.43 23771 386.262 23384.7 9232.89 4354.71 1792.26 2562.45 3043.72 2779.04 14151.8 296.255
internal_count=46720 10829 35891 625 35266 13100 6266 2447 3819 4563 4183 22166 485
is_linear=0
shrinkage=0.02


Tree=136
num_leaves=15
num_cat=0
split_feature=34 42 50 1 19 52 0 18 16 24 0 37 14 34
split_gain=5.42446 2.6214 2.17216 1.80087 1.49151 1.32064 1.26881 1.26852 1.18848 1.08313 1.58381 1.04841 0.969398 0.51899
threshold=0.38918725108888713 0.55000000000000016 0.42037899409806273 38.113666666666667 2.9084691529654125 2.1500000000000008 14.476268463386758 0.62956427485362754 10.145000000000005 1.1401150446029436 24.231342056009932 0.40087493032315819 12.500000000000002 0.20030876996015703
decision_type=2 2 2 2 2 2 2 2 2 2 2 2 2 2
left_child=4 2 12 6 7 -5 -3 13 -4 10 -6 -9 -2 -1
right_child=1 3 8 5 9 -7 -8 11 -10 -11 -12 -13 -14 -15
leaf_value=0.00025752045768815968 -2.9146425266112284e-05 0.0018868181071396684 0 -0.0025416344055964974 0.00071207347803222711 0.00051924006039929128 0.00050974850268885156 -0.00030801923143332398 0.0017829066968303286 0.0027149666255366733 -0.0014476381648780524 -0.0008982795273461575 -0.00085875516885486965 0.0026656463448498954
leaf_weight=91.910413235425949 7323.8339702486992 283.34551209211349 237.52107813954353 129.75527477264404 655.96030831336975 89.550283223390579 6850.066748291254 12827.464204370975 398.59334892034531 78.651609510183334 167.40675586462021 1352.7617383897305 611.57028362154961 71.018062055110931
leaf_count=159 11040 405 362 194 1040 124 9873 19378 599 144 266 2193 840 103
internal_value=-2.43992e-05 0.000233392 -3.1301e-06 0.000510406 -0.000294324 -0.00125319 0.000566362 -0.000344357 0.00111828 0.000489197 0.000258402 -0.000365153 -9.45433e-05 0.00138741
internal_weight=31169.4 15924.2 8571.52 7352.72 15245.2 219.306 7133.41 14343.2 636.114 902.019 823.367 14180.2 7935.4 162.928
internal_count=46720 23437 12841 10596 23283 318 10278 21833 961 1450 1306 21571 11880 262
is_linear=0
shrinkage=0.02


Tree=137
num_leaves=14
num_cat=0
split_feature=42 41 14 39 24 16 19 13 42 13 20 33 13
split_gain=4.27111 1.80272 2.13398 1.79027 1.67447 1.62209 1.81504 1.43234 1.73335 1.25652 1.03065 0.981306 0.623963
threshold=0.65000000000000002 0.43696261979674517 13.500000000000002 1.2500000000000002 0.48827835101646977 8.5225000000000044 0.25203800283965633 1.0000000180025095e-35 0.15000000000000005 2.4555399228720467 3.0398162278930205 -1.0000000180025095e-35 2.7393326592517702
decision_type=2 2 2 2 2 2 2 2 2 2 2 2 2
left_child=3 9 4 7 -3 -5 -7 8 -1 10 -2 -9 -11
right_child=1 2 -4 5 -6 6 -8 11 -10 12 -12 -13 -14
leaf_value=-0.00082422581107116177 -0.00010617423613947934 0.0015704162113941386 -0.0025062946014128488 -0.0013301475487074836 0.00053814723867746548 0.0035774301621719381 0.00042307381534721476 -0.00031206088650493003 -0.00020309780146691978 0.0028777676131062687 0.0013201017248017685 5.4966969668749296e-05 0.00046830293786590774
leaf_weight=2484.3530571758747 3210.1610108613968 828.15784448385239 77.869523108005524 75.953457653522491 2872.9290736317635 135.05048429965973 175.25799652934074 4083.4558797478676 6748.5331764221191 88.208096563816071 214.13906532526016 10068.374235570431 106.96668967604637
leaf_count=3570 4729 1304 104 113 4049 218 294 6179 9530 140 313 15987 190
internal_value=-2.3886e-05 0.000395322 0.000701053 -0.000154802 0.000772552 0.00118887 0.00184203 -0.000177524 -0.000371454 7.31481e-05 -1.33448e-05 -5.02601e-05 0.00162611
internal_weight=31169.4 7398.43 3778.96 23771 3701.09 386.262 310.308 23384.7 9232.89 3619.47 3424.3 14151.8 195.175
internal_count=46720 10829 5457 35891 5353 625 512 35266 13100 5372 5042 22166 330
is_linear=0
shrinkage=0.02


Tree=138
num_leaves=12
num_cat=0
split_feature=37 0 37 1 14 18 40 43 19 3 1
split_gain=3.21857 2.37536 1.34526 1.32158 1.22466 1.45025 1.20937 1.07286 1.08545 0.559691 0.557618
threshold=0.62941707175824668 14.782958338927068 0.017265172630110903 15.860958333333334 11.500000000000002 3.1803181046618558 0.53463162105497919 -0.24999999999999992 2.9084691529654125 38.302353027291311 13.96766666666667
decision_type=2 2 2 2 2 2 2 2 2 2 2
left_child=2 3 -1 9 6 -6 -3 10 -9 -2 -4
right_child=1 4 7 -5 5 -7 -8 8 -10 -11 -12
leaf_value=-0.00080155744770751933 0.0016410803815784893 0.00028620765660542435 -0.0005147430515580288 0.0039669261424539774 -0.00015256651367471244 -0.0030441492803452712 0.0018968153508295508 -0.00016833059965232222 0.00050518815201482721 -0.0003242053305074865 0.0013400070364071235
leaf_weight=1214.4376121759415 203.5401785671711 7094.4178990125656 72.78425669670105 92.063185751438141 1318.138229817152 72.080048561096191 192.28812131285667 19546.160185992718 997.90464749932289 69.061593413352966 296.53363224864006
leaf_count=1880 303 10566 108 141 1864 105 293 29348 1578 108 426
internal_value=-2.33819e-05 0.000294139 -0.00015359 0.00187477 0.000226141 -0.00031383 0.000330591 -0.000115411 -0.000135082 0.00110804 0.000946743
internal_weight=31169.4 9041.59 22127.8 364.665 8676.92 1390.22 7286.71 20913.4 20544.1 272.602 369.318
internal_count=46720 13380 33340 552 12828 1969 10859 31460 30926 411 534
is_linear=0
shrinkage=0.02


Tree=139
num_leaves=14
num_cat=0
split_feature=34 34 50 22 13 23 24 34 37 43 47 3 0
split_gain=4.97477 1.90457 1.82384 1.79482 1.29261 1.25432 1.50243 1.05724 1.55991 0.963312 0.725632 0.709944 0.584688
threshold=0.38918725108888713 1.5833327684805774 0.38392604090516597 -1.1890094492916845 0.37411296305807357 0.93208077257151856 0.48827835101646977 0.28125010971949749 0.23250067622593837 0.95000000000000007 0.96654920933277244 31.854012367741088 26.679080510362706
decision_type=2 2 2 2 2 2 2 2 2 2 2 2 2
left_child=4 2 3 -2 12 6 -3 11 -9 -7 -4 -6 -1
right_child=1 5 10 -5 7 9 -8 8 -10 -11 -12 -13 -14
leaf_value=-0.00033851199130840597 -0.000391533637565604 0.0043048642504467305 -0.00094659350799233528 0.0002041004504323554 0.00025173634949363782 0.00092884114847166857 0.0012391786065496474 0.0012918958303339387 -2.9455637096090935e-06 -0.00082400802534935823 0.00099737644603436213 -0.00034661166142515329 -0.00072031897589729967
leaf_weight=4867.67641299963 2465.0894037485123 84.961525619029999 75.071698606014252 11091.92254203558 932.11694669723511 482.31093752384186 326.269077450037 467.81002414226532 1717.5015154480934 161.87648469209671 1236.734829634428 4716.0357579290867 2544.0324345231056
leaf_count=7121 3607 131 112 16288 1489 779 489 692 2681 220 1811 7613 3687
internal_value=-2.29019e-05 0.000223958 0.00016481 9.50162e-05 -0.000281409 0.0010459 0.00191453 -0.000100606 0.000270597 0.000471709 0.000877244 -0.000246042 -0.000471073
internal_weight=31169.4 15924.2 14868.8 13557 15245.2 1055.42 411.231 7833.46 2185.31 644.187 1311.81 5648.15 7411.71
internal_count=46720 23437 21818 19895 23283 1619 620 12475 3373 999 1923 9102 10808
is_linear=0
shrinkage=0.02


Tree=140
num_leaves=15
num_cat=0
split_feature=34 42 12 42 14 0 52 52 1 14 4 51 51 19
split_gain=5.48963 2.59603 1.84947 1.69921 1.48394 1.39419 1.37373 2.16983 1.32968 1.19261 1.00243 0.72637 1.0196 0.725323
threshold=0.88697462835112484 0.35000000000000003 19.534915797842334 1.4500000000000002 11.500000000000002 34.739842916399759 2.7500000000000004 2.0500000000000003 31.451833333333337 10.500000000000002 33.463752309071616 0.81354794727620716 1.2396988758149197 3.298098582025768
decision_type=2 2 2 2 2 2 2 2 2 2 2 2 2 2
left_child=1 2 10 6 8 -6 7 -2 -3 -8 -1 -5 -13 -4
right_child=3 4 13 11 5 -7 9 -9 -10 -11 -12 12 -14 -15
leaf_value=-8.8602612861181688e-05 0.00056039770880735062 6.3173723866488329e-05 0.00016017817250213771 0.0024302973439880959 -0.00023417195917228538 -0.0023945139415434864 0.0030683093356095367 -0.0010950912131991051 0.0005628915498235589 0 -0.00049327900410364766 0.00017423621800872897 0.0026825502408106467 0.0019396940689292653
leaf_weight=3510.6807718873024 3412.8310588002205 7016.8649425506592 2193.4370359778404 275.20798900723457 1839.9345308244228 127.71112695336342 146.57929313182831 343.60239642858505 3092.4552913606167 71.153807729482651 8624.5465620160103 229.27393233776093 94.432122111320496 95.28637707233429
leaf_count=5305 5140 10616 3298 358 2619 172 231 516 4676 113 13041 311 123 143
internal_value=1.30354e-05 -9.70774e-05 -0.000278398 0.000653086 0.000118663 -0.000381756 0.000499286 0.000405807 0.000217108 0.00204815 -0.000377065 0.00165195 0.000948648 0.000240259
internal_weight=31074 26500.9 14424 4573.08 12077 1967.65 3974.17 3756.43 10109.3 217.733 12135.2 598.914 323.706 2288.72
internal_count=46662 39870 21787 6792 18083 2791 6000 5656 15292 344 18346 792 434 3441
is_linear=0
shrinkage=0.02


Tree=141
num_leaves=13
num_cat=0
split_feature=34 42 43 12 14 42 23 53 14 23 13 34
split_gain=5.27466 2.49279 2.55831 1.77733 1.64027 1.6767 2.19978 1.52302 1.34067 1.16095 0.804776 0.718714
threshold=0.88697462835112484 0.35000000000000003 0.35000000000000003 19.534915797842334 13.500000000000002 1.4500000000000002 0.90279411098533513 1.7500000000000002 11.500000000000002 0.70249985509185187 0.25081082253607972 0.16017322247729768
decision_type=2 2 2 2 2 2 2 2 2 2 2 2
left_child=1 3 9 11 5 7 -7 -2 -4 -3 -5 -1
right_child=4 2 8 10 -6 6 -8 -9 -10 -11 -12 -13
leaf_value=-0.0006152014768031793 0.0004442236000072817 -0.00023398701428767123 0.00011868814494809038 -0.0001230290250839429 -0.0018738742398892395 0.0033224762854676178 0.00073498154052460728 0.002204514218254391 -0.0004821468547491595 0.0013210692824652706 0.00062119895667255237 -0.00027004261809762843
leaf_weight=3466.2898825705051 3676.3574596047401 227.81078961491585 9145.0486518740654 1173.1691982448101 97.539661109447479 213.80476614832878 375.55493855476379 209.8237741291523 1769.8842666745186 934.22218352556229 1115.5542148053646 8668.9374513328075
leaf_count=5318 5543 332 13835 1672 137 281 499 332 2518 1398 1769 13028
internal_value=1.27997e-05 -9.5129e-05 0.000116267 -0.000272812 0.000640198 0.000698036 0.00169863 0.000542923 2.02747e-05 0.00100774 0.000235578 -0.000369542
internal_weight=31074 26500.9 12077 14424 4573.08 4475.54 589.36 3886.18 10914.9 1162.03 2288.72 12135.2
internal_count=46662 39870 18083 21787 6792 6655 780 5875 16353 1730 3441 18346
is_linear=0
shrinkage=0.02


Tree=142
num_leaves=15
num_cat=0
split_feature=42 43 33 50 37 23 14 0 50 4 27 4 27 13
split_gain=4.97262 1.65974 1.5631 1.56588 1.56176 1.60522 1.28333 1.18293 1.07675 1.02871 1.00518 0.919503 0.86701 1.00097
threshold=0.55000000000000016 0.55000000000000016 0.35000000000000003 0.38392604090516597 1.7366486748380328 0.9093585407619833 12.500000000000002 14.476268463386758 -0.41794091198437128 42.805297654305953 0.79193122218815037 48.249557054478565 0.70761852790786783 0.36816407316271788
decision_type=2 2 2 2 2 2 2 2 2 2 2 2 2 2
left_child=2 8 12 6 7 -6 -4 -3 10 -10 -2 -5 -1 -14
right_child=1 4 3 11 5 -7 -8 -9 9 -11 -12 -13 13 -15
leaf_value=-0.00049628529184869198 0.0041642758513874634 0.0014855060256899122 3.6025124296047055e-05 0.00038629459860878637 0.0033751144604498074 0.00055132351684945727 -0.00093958090754911385 9.2919849400993073e-05 0.0010190846983552007 0.00017034040310955433 0.00058782336208974828 0.0019605805352152579 -0.00039915579219304944 7.137495005583317e-05
leaf_weight=5295.9363234043121 72.685726642608643 253.55273088812828 7737.5784177482128 437.25825819373131 119.82141229510307 275.13593026995659 576.96590805053711 6266.361931681633 1616.2705403864384 932.3496196269989 68.518391013145447 242.00883564352989 3490.1198623776436 3689.4333499670029
leaf_count=8038 117 373 11963 670 164 392 808 9246 2375 1370 100 368 4974 5704
internal_value=1.25503e-05 0.000391062 -0.000156339 4.36777e-05 0.000224962 0.00144588 -3.06817e-05 0.000149048 0.000813863 0.00071289 0.0025311 0.000965968 -0.00030132 -0.000156014
internal_weight=31074 9604.7 21469.3 8993.81 6914.87 394.957 8314.54 6519.91 2689.82 2548.62 141.204 679.267 12475.5 7179.55
internal_count=46662 14137 32525 13809 10175 556 12771 9619 3962 3745 217 1038 18716 10678
is_linear=0
shrinkage=0.02


Tree=143
num_leaves=15
num_cat=0
split_feature=33 14 36 40 0 53 50 36 33 3 3 43 23 27
split_gain=3.15702 2.69064 1.9002 1.84129 1.76853 1.5542 1.35798 1.28444 1.57541 1.71412 1.46953 1.39516 1.10748 0.95619
threshold=0.35000000000000003 12.500000000000002 1.9500000000000002 -0.11452996709144789 25.310594550814805 1.0000000180025095e-35 -0.71012768269715287 1.1055555555555558 0.19999999999999998 37.113579665058289 31.59048855621214 -1.0000000180025095e-35 0.9093585407619833 0.70761852790786783
decision_type=2 2 2 2 2 2 2 2 2 2 2 2 2 2
left_child=7 2 6 5 -5 -3 -2 11 10 -10 -9 -1 -4 -13
right_child=1 3 12 4 -6 -7 -8 8 9 -11 -12 13 -14 -15
leaf_value=0.0010358643680772324 -0.0020179969510018942 0.0029470244250451518 0.0030586916233531357 -0.000261518283353694 -0.0021315623066205046 -0.00029056037740871695 0.00026111689026764556 -0.0011833907580748001 0.0007903335406413681 -0.0019235567696914686 0.0017563023333660168 -0.00046143092695836996 0.00084255440953105612 -0.00012619156790524865
leaf_weight=332.15861886739731 102.42935740947723 82.117448359727859 140.22186350822449 421.99052554368973 413.83574768900871 185.5733323097229 14010.617075353861 75.305712640285492 200.24419310688972 166.67921078205109 422.9895261824131 5901.0007148683071 308.15992206335068 8310.6739895045757
leaf_count=494 161 116 205 618 555 253 21263 113 297 254 651 8919 483 12280
internal_value=1.23663e-05 0.000212592 0.000285272 -0.000736186 -0.00120223 0.000680019 0.000243584 -0.000190537 0.000553844 -0.000419121 0.00128909 -0.000235578 0.00156831 -0.000266139
internal_weight=31074 15664.9 14561.4 1103.52 835.826 267.691 14113 15409.1 865.219 366.923 498.295 14543.8 448.382 14211.7
internal_count=46662 23654 22112 1542 1173 369 21424 23008 1315 551 764 21693 688 21199
is_linear=0
shrinkage=0.02


Tree=144
num_leaves=13
num_cat=0
split_feature=34 42 43 14 42 50 53 25 14 5 34 4
split_gain=4.82251 2.30137 2.37316 1.54659 1.57905 1.61531 1.47305 1.26751 1.25194 1.03599 0.90493 0.695678
threshold=0.88697462835112484 0.35000000000000003 0.35000000000000003 13.500000000000002 1.4500000000000002 -0.0097400951494988983 1.7500000000000002 0.22500000000000003 11.500000000000002 27.831619167295774 0.16017322247729768 17.808333667611276
decision_type=2 2 2 2 2 2 2 2 2 2 2 2
left_child=1 9 7 4 6 -6 -2 -3 -4 11 -11 -1
right_child=3 2 8 -5 5 -7 -8 -9 -10 10 -12 -13
leaf_value=-0.0010231875438215187 0.00042054963999237804 -0.00025338820589293482 0.00011466254849269056 -0.0018287419473498113 0.0027063807746096923 0.00055884120607925861 0.0021514574951242427 0.0013185317916856985 -0.00046594333393042489 -0.00058364965188115539 -0.00021104904185441695 0.00039835208514917795
leaf_weight=149.14892557263374 3676.3574596047401 250.93993911147118 9145.0486518740654 97.539661109447479 290.35936814546585 299.00033655762672 209.8237741291523 911.09303402900696 1769.8842666745186 3718.1356631815434 9265.7950710654259 1290.8710871338844
leaf_count=244 5543 388 13835 137 383 397 332 1342 2518 5674 13892 1977
internal_value=1.21091e-05 -9.10758e-05 0.000112019 0.000612028 0.000668248 0.00163935 0.000517636 0.000970634 1.95317e-05 -0.00026181 -0.000318592 0.000242968
internal_weight=31074 26500.9 12077 4573.08 4475.54 589.36 3886.18 1162.03 10914.9 14424 12983.9 1440.02
internal_count=46662 39870 18083 6792 6655 780 5875 1730 16353 21787 19566 2221
is_linear=0
shrinkage=0.02


Tree=145
num_leaves=13
num_cat=0
split_feature=34 14 13 34 21 14 25 3 14 24 23 3
split_gain=4.43147 1.99116 1.79009 1.42544 2.81565 1.51046 1.40044 1.37031 1.19012 1.04504 0.856928 0.571871
threshold=0.54659945708662327 13.500000000000002 2.4555399228720467 1.1909437216833367 0.88576897494974294 9.5000000000000018 0.45000000000000007 38.661864621851855 7.5000000000000009 1.080737107506476 1.6881796479517976 49.632836581379159
decision_type=2 2 2 2 2 2 2 2 2 2 2 2
left_child=2 3 9 5 -5 -2 -4 -3 -8 10 -1 -11
right_child=1 7 6 4 -6 -7 8 -9 -10 11 -12 -13
leaf_value=-0.00032422269564266428 0.00052936793363243513 0.00029891214272073288 -0.00042910077383008331 -0.00081309494664150357 0.0011332322141006544 -1.4555962382413711e-05 0.00041499917228620938 -0.0027128742831471109 0.0020973458201178036 0.00020480347988079527 0.00037937655560876685 -0.00048000111363150511
leaf_weight=15072.479798913002 3891.4195066690445 94.30677604675293 336.03722366690636 346.2555758357048 1857.247840732336 4221.890477925539 436.03787237405777 141.52091386914253 294.58703431487083 2914.8372772634029 711.15130922198296 578.27034047245979
leaf_count=22495 5868 126 601 534 2779 6071 709 190 542 4386 1149 867
internal_value=-5.06544e-06 0.000327135 -0.000177893 0.000369554 0.000822395 0.000245162 0.000616452 -0.00147404 0.00111084 -0.000222426 -0.000291844 8.83658e-05
internal_weight=30896 10552.6 20343.4 10316.8 2203.5 8113.31 1066.66 235.828 730.625 19276.7 15783.6 3493.11
internal_count=46317 15568 30749 15252 3313 11939 1852 316 1251 28897 23644 5253
is_linear=0
shrinkage=0.02


Tree=146
num_leaves=13
num_cat=0
split_feature=34 13 15 2 24 27 2 42 24 3 42 3
split_gain=4.25516 1.71966 1.47009 1.51962 1.64534 1.10487 1.01308 1.0079 1.00348 0.851278 0.653737 0.54937
threshold=0.54659945708662327 2.4555399228720467 3.9634380901621729 35.585333333333338 1.6410805755192557 0.42913996637157897 13.100132275132276 0.45000000000000007 1.080737107506476 32.432000342670044 0.35000000000000003 49.632836581379159
decision_type=2 2 2 2 2 2 2 2 2 2 2 2
left_child=1 8 6 4 -4 -3 -2 -5 9 -1 -7 -10
right_child=2 5 3 7 -6 10 -8 -9 11 -11 -12 -13
leaf_value=7.7115348336251597e-06 0.0004782985920857423 -0.00058668396456059162 0.00048710624587690608 0.0003970820479084966 -0.0008763522908642725 0.00045932553314262186 -0.0022033367293179079 -0.00094091671829308395 0.00020071020592200313 -0.0003586799224001827 0.0016427758243461725 -0.00047043418111577954
leaf_weight=3104.2723694741726 79.626822054386139 231.98718985915184 9035.0255148112774 359.26278895139694 361.62398064136505 500.59124192595482 151.55239543318748 565.54958918690681 2914.8372772634029 12679.358738660812 334.0836985707283 578.27034047245979
leaf_count=4615 120 424 13278 555 530 850 261 824 4386 19029 578 867
internal_value=-4.95082e-06 -0.000174312 0.000320568 0.000356737 0.000433395 0.000604201 -0.00124062 -0.000410618 -0.000217967 -0.000285994 0.000947755 8.65381e-05
internal_weight=30896 20343.4 10552.6 10321.5 9396.65 1066.66 231.179 924.812 19276.7 15783.6 834.675 3493.11
internal_count=46317 30749 15568 15187 13808 1852 381 1379 28897 23644 1428 5253
is_linear=0
shrinkage=0.02


Tree=147
num_leaves=13
num_cat=0
split_feature=34 14 33 23 13 28 14 41 25 24 12 37
split_gain=4.08581 1.91152 1.71458 2.14209 1.65193 1.45997 1.35412 1.16377 1.13528 0.963582 1.07122 0.609794
threshold=0.54659945708662327 13.500000000000002 0.55000000000000016 0.51116763124334808 2.4555399228720467 2.2500000000000004 8.5000000000000018 0.62733870549866844 0.45000000000000007 1.080737107506476 19.752662928919744 0.58001854524403751
decision_type=2 2 2 2 2 2 2 2 2 2 2 2
left_child=4 2 5 -4 9 -2 8 -3 -6 10 -1 -11
right_child=1 7 3 -5 6 -7 -8 -9 -10 11 -12 -13
leaf_value=-0.00033687921121000332 0.00016129841754987156 0.00019380683751751065 -0.0010277377327138257 0.00074716404372280969 -0.00062989696472214181 -0.0023356262253176048 0.0028789188013747043 -0.0025774078881714724 0.00082551436636968802 0.00017048227363583419 0.00019746403271559687 -0.00074766170054259642
leaf_weight=14130.50038844347 5518.9644968807697 92.952748984098434 283.50133547186852 4421.4503010213375 306.5107007920742 92.897267788648605 93.619499713182449 142.87494093179703 666.53192985057831 3179.2586176991463 1653.130719691515 313.84900003671646
leaf_count=21197 8239 126 430 6453 530 130 225 190 1097 4766 2447 487
internal_value=-4.84114e-06 0.000314127 0.00035571 0.0006377 -0.000170804 0.000117366 0.000592174 -0.00145063 0.000356449 -0.000213599 -0.000280262 8.4747e-05
internal_weight=30896 10552.6 10316.8 4704.95 20343.4 5611.86 1066.66 235.828 973.043 19276.7 15783.6 3493.11
internal_count=46317 15568 15252 6883 30749 8369 1852 316 1627 28897 23644 5253
is_linear=0
shrinkage=0.02


Tree=148
num_leaves=13
num_cat=0
split_feature=34 14 13 34 21 36 3 14 27 27 27 24
split_gain=3.923 1.83517 1.5871 1.35096 2.69993 1.73571 1.31428 1.30143 1.16037 0.939896 1.0008 0.874487
threshold=0.54659945708662327 13.500000000000002 2.4555399228720467 1.1909437216833367 0.88576897494974294 1.3875000000000002 38.661864621851855 8.5000000000000018 0.42913996637157897 0.35543481053991438 0.37008356100930806 0.068587426900460255
decision_type=2 2 2 2 2 2 2 2 2 2 2 2
left_child=2 3 9 5 -5 -2 -3 8 -4 11 -11 -1
right_child=1 6 7 4 -6 -7 -8 -9 -10 10 -12 -13
leaf_value=0.0015633957152156946 0.00028509880832520708 0.00031358613621567104 -0.00094443900235758986 -0.00081199586712497201 0.0010938550668772328 -0.0012762043780806468 -0.0026351223000163604 0.0028225447285510534 0.00071784125028387076 0.0011462218657071319 -0.00017087203972960787 -0.00061684936614571893
leaf_weight=71.348958849906921 7821.7036739885807 94.30677604675293 209.12683817744255 346.2555758357048 1857.247840732336 291.60631060600281 141.52091386914253 93.619499713182449 763.91579246520996 230.29821574687958 16323.751025915146 2651.3405253589153
leaf_count=143 11493 126 369 534 2779 446 190 225 1258 352 24313 4089
internal_value=-4.73458e-06 0.000307808 -0.000167364 0.000348566 0.000789373 0.00022745 -0.00142117 0.000580445 0.000349123 -0.000209318 -0.000151809 -0.00055494
internal_weight=30896 10552.6 20343.4 10316.8 2203.5 8113.31 235.828 1066.66 973.043 19276.7 16554 2722.69
internal_count=46317 15568 30749 15252 3313 11939 316 1852 1627 28897 24665 4232
is_linear=0
shrinkage=0.02


Tree=149
num_leaves=14
num_cat=0
split_feature=34 33 23 22 2 1 50 23 37 24 12 3 36
split_gain=3.7667 1.61236 2.21679 1.74575 1.71044 1.51445 1.56716 1.27271 1.30286 1.10083 1.04335 0.914357 0.732266
threshold=0.54659945708662327 0.55000000000000016 0.51116763124334808 -1.2105997003404616 34.533333333333339 10.773750000000001 0.29870337111331441 1.7593357140894221 0.24406226310294735 1.080737107506476 19.730728130346399 32.323718941005431 0.43650793650793651
decision_type=2 2 2 2 2 2 2 2 2 2 2 2 2
left_child=7 5 3 -3 -4 -2 -7 9 -9 10 -1 -10 -11
right_child=1 2 4 -5 -6 6 -8 8 11 12 -12 -13 -14
leaf_value=-0.00032182914973789774 0.0028077586354359253 -0.0023851808935662151 0.00083899932255313079 0.00067434719364012103 -0.00027425988074693551 -9.8486521426143899e-05 0.00086808782544280723 -9.804975450443889e-05 0.0033909668163522293 0.00028656706512276449 0.00019875803495075648 0.00088586624966170181 -0.00035923447556692709
leaf_weight=14302.177050977945 77.951755106449127 172.93932619690895 3897.5836851596832 121.8121632039547 627.18378260731697 4880.2525756657124 774.91780313849449 380.58323889970779 86.063936978578568 2704.5764847695827 1699.7417777180672 234.10156404972076 936.15680283308029
leaf_count=21544 119 258 5708 188 879 7249 1167 634 140 4071 2526 410 1424
internal_value=-4.62502e-06 0.000301621 0.000571484 -0.00109105 0.000682427 7.28985e-05 3.24538e-05 -0.000163988 0.000669178 -0.000194285 -0.000265889 0.00160717 0.000117658
internal_weight=30896 10552.6 4819.52 294.751 4524.77 5733.12 5655.17 20343.4 700.749 19642.7 16001.9 320.166 3640.73
internal_count=46317 15568 7033 446 6587 8535 8416 30749 1184 29565 24070 550 5495
is_linear=0
shrinkage=0.02


Tree=150
num_leaves=11
num_cat=0
split_feature=34 14 18 15 41 34 36 18 36 19
split_gain=4.22022 1.91555 2.43891 1.6561 1.64192 1.6271 0.844598 0.656185 0.617004 0.715679
threshold=0.29009663342637554 12.500000000000002 1.3036060243508409 2.3022529588141674 0.59669335752935782 0.89721692632576266 0.5634920634920636 0.96136258835928889 0.38750000000000007 2.9084691529654125
decision_type=2 2 2 2 2 2 2 2 2 2
left_child=6 3 7 -2 -4 -5 8 -3 9 -1
right_child=1 2 4 5 -6 -7 -8 -9 -10 -11
leaf_value=-0.00030587108337724026 -0.0026693074610354035 -0.00012085904696575654 -0.00027565061908911478 0.00016083589894192937 -0.0018344275041777831 0.00061682515202000888 0.0017304988235755637 0.0017577540772152215 -0.00086723919433513718 0.00040469650988413217
leaf_weight=9854.8724992275238 74.800188809633255 103.34794148802757 673.7527911067009 14174.849412471056 472.04271879792213 4057.9091681838036 78.674254655838013 196.7350749373436 745.34048044681549 588.07954496145248
leaf_count=15028 121 142 920 21056 653 6026 166 267 1245 931
internal_value=1.79057e-05 0.000194383 -0.000503684 0.00025011 -0.000928622 0.000262926 -0.00029059 0.00108114 -0.000306002 -0.000264829
internal_weight=31020.4 19753.4 1445.88 18307.6 1145.8 18232.8 11267 300.083 11188.3 10443
internal_count=46555 29185 1982 27203 1573 27082 17370 409 17204 15959
is_linear=0
shrinkage=0.02


Tree=151
num_leaves=11
num_cat=0
split_feature=34 14 35 33 40 51 33 12 53 33
split_gain=4.05233 1.84061 1.67411 1.54624 1.15238 1.3308 0.984492 0.650227 0.614385 0.587445
threshold=0.29009663342637554 12.500000000000002 3.3000000000000003 0.95000000000000007 -0.080959178124553929 0.8736661530354014 0.19999999999999998 19.330546451899625 1.0000000180025095e-35 0.19999999999999998
decision_type=2 2 2 2 2 2 2 2 2 2
left_child=7 2 3 -2 5 -3 -6 8 -1 -9
right_child=1 4 -4 -5 6 -7 -8 9 -10 -11
leaf_value=-0.0001441239830836528 0.00015884108386206964 -0.00060952467191241792 0.0030632622950592602 0.00070543377828500978 0 0.0014125229231674822 -0.0013906457047881873 -0.00030798561551558694 -0.00050079014454358888 0.00027954642270807371
leaf_weight=3155.5386199951172 15824.331920415163 298.16860881447792 82.52184385061264 2400.7050051987171 316.77937942743301 224.2168240249157 606.71371406316757 1361.4816128909588 5395.6015467941761 1354.3449996113777
leaf_count=5069 23498 411 137 3568 432 310 829 2065 8102 2134
internal_value=1.75329e-05 0.00019047 0.000245103 0.00023146 -0.000493762 0.00024138 -0.000920032 -0.000284757 -0.000370407 -1.1322e-05
internal_weight=31020.4 19753.4 18307.6 18225 1445.88 522.385 923.493 11267 8551.14 2715.83
internal_count=46555 29185 27203 27066 1982 721 1261 17370 13171 4199
is_linear=0
shrinkage=0.02


Tree=152
num_leaves=12
num_cat=0
split_feature=42 14 18 39 14 42 24 40 0 0 0
split_gain=2.04084 1.67938 1.27873 1.2299 1.20376 1.18445 1.00987 1.29656 0.845245 0.806522 0.592361
threshold=0.8500000000000002 12.500000000000002 2.9071135963906705 1.2500000000000002 13.500000000000002 0.35000000000000003 0.76550879607695999 -0.1998579969734475 30.088379085114273 14.632170741800229 34.060035277487252
decision_type=2 2 2 2 2 2 2 2 2 2 2
left_child=1 3 4 5 9 -1 -4 -8 -5 -2 -3
right_child=2 10 6 8 -6 -7 7 -9 -10 -11 -12
leaf_value=-0.000147177843096071 0.001879022590132666 -0.00051050641645688534 0.0014807628965342592 0.0015759035366356236 -0.0016932147585237134 0.00013603583026019998 0.0011361398367326552 -0.001332324433741491 -3.2997117271286238e-05 0.00052857215377073035 -0.0018532349079275715
leaf_weight=13829.022599250078 191.68713170289993 1743.1976256370544 86.907548725605011 325.82617008686066 89.752061486244202 10287.786444783211 102.13796427845955 398.72041568160057 197.1946020424366 3619.4618972837925 148.70961412787437
leaf_count=21089 264 2444 139 536 120 15431 135 550 309 5335 203
internal_value=1.7176e-05 -4.92213e-05 0.000411713 -4.69896e-06 0.000543901 -2.59482e-05 -0.000447505 -0.000806538 0.000952438 0.000600067 -0.000623175
internal_weight=31020.4 26531.7 4488.67 24639.8 3900.9 24116.8 587.766 500.858 523.021 3811.15 1891.91
internal_count=46555 40012 6543 37365 5719 36520 824 685 845 5599 2647
is_linear=0
shrinkage=0.02


Tree=153
num_leaves=12
num_cat=0
split_feature=34 34 33 12 0 19 36 36 12 34 33
split_gain=3.84016 1.58032 1.98375 1.92311 1.88659 1.33708 1.01173 0.810366 0.677363 0.617317 0.541242
threshold=0.29009663342637554 1.1652870256943313 0.95000000000000007 18.8018742566505 17.129668898655133 1.8181290495469935 1.1833333333333336 0.5634920634920636 19.330546451899625 2.2058421359942662 0.19999999999999998
decision_type=2 2 2 2 2 2 2 2 2 2 2
left_child=7 2 4 5 -2 -3 -4 8 -1 -5 -10
right_child=1 3 6 9 -6 -7 -8 -9 10 -11 -12
leaf_value=-0.00038035766499618085 0.00061946927431974269 0.00038295879994657543 0.00079943846316633306 0.0010443092941185065 -4.9242021891237487e-05 -0.0016245210930966095 -0.00088383091567248277 0.0017023143009537106 -0.00029783473204585039 0.0023402308719079898 0.00026764874123055349
leaf_weight=8487.7425547540188 1930.5980698764324 1226.6714944541454 2035.3983519375324 857.57068786025047 13209.574272185564 145.77928495407104 146.41409814357758 78.674254655838013 1356.9217751920223 201.43103638291359 1343.6281946897507
leaf_count=13031 2824 1816 3003 1264 19498 231 221 166 2056 328 2117
internal_value=1.68276e-05 0.000185185 0.000117422 0.000663335 3.54388e-05 0.000160399 0.000681195 -0.000277433 -0.00029255 0.00130418 -1.27947e-05
internal_weight=31020.4 19753.4 17322 2431.45 15140.2 1372.45 2181.81 11267 11188.3 1059 2700.55
internal_count=46555 29185 25546 3639 22322 2047 3224 17370 17204 1592 4173
is_linear=0
shrinkage=0.02


Tree=154
num_leaves=15
num_cat=0
split_feature=42 36 3 0 4 13 19 4 37 24 12 35 4 12
split_gain=1.92305 1.83875 1.92103 1.75803 1.13625 1.09824 1.33586 1.19111 1.01615 1.62356 1.20145 1.07002 0.576419 1.15673
threshold=1.2500000000000002 1.1055555555555558 28.661707788351141 28.518646006481379 23.824706986285403 1.0000000180025095e-35 -3.5687460820529657 43.192160037916189 1.1445344215025268 0.79025421119231998 18.885935279595547 1.2250000000000003 39.883636251481803 17.932125293242176
decision_type=2 2 2 2 2 2 2 2 2 2 2 2 2 2
left_child=1 5 4 -4 -3 7 -7 -1 12 11 -11 -10 -2 -14
right_child=8 2 3 -5 -6 6 -8 -9 9 10 -12 -13 13 -15
leaf_value=-4.1920861670977441e-05 0.0016780743202364755 0.00034373038759736549 0.0012766883381143315 8.711466342050082e-05 -0.0025966207324734721 -0.0013150013018608259 6.1143519241294405e-05 -0.00047114836510039123 -0.00084590597726764451 -0.0020769585714866734 0.00045306617227133209 0.0014513464119309811 0.0027013402052947261 5.6245163739010246e-06
leaf_weight=6218.6995663940907 443.78440093994141 84.754012942314148 1070.0464280843735 962.74040478467941 115.48028403520584 284.75451526045799 16207.670713424683 4496.8333839178085 98.733199954032898 171.61502835154533 121.71713212132454 342.26280188560486 79.83160600066185 321.48059698939323
leaf_count=8823 657 131 1674 1425 179 423 25319 6334 137 236 153 471 115 478
internal_value=1.65025e-05 -1.96611e-05 0.000531306 0.000718853 -0.00131151 -6.52835e-05 3.66205e-05 -0.000223036 0.000696099 0.000135666 -0.000997315 0.000912951 0.0011698 0.000577405
internal_weight=31020.4 29441 2233.02 2032.79 200.234 27208 16492.4 10715.5 1579.42 734.328 293.332 440.996 845.097 401.312
internal_count=46555 44308 3409 3099 310 40899 25742 15157 2247 997 389 608 1250 593
is_linear=0
shrinkage=0.02


Tree=155
num_leaves=13
num_cat=0
split_feature=34 33 23 27 27 36 0 36 23 33 36 34
split_gain=3.65157 2.11936 2.14271 1.85176 1.4733 1.2584 1.02068 0.998337 0.865197 1.1024 1.07203 0.501398
threshold=0.45926212432403907 0.55000000000000016 0.51116763124334808 0.58536429800222611 0.16278518499283942 2.8166666666666669 17.129668898655133 0.73214285714285732 1.7593357140894221 0.25000000000000006 0.38750000000000007 0.3862688756764811
decision_type=2 2 2 2 2 2 2 2 2 2 2 2
left_child=7 5 3 -3 -4 6 -2 8 10 -10 -1 -9
right_child=1 2 4 -5 -6 -7 -8 11 9 -11 -12 -13
leaf_value=-0.00012984343614144217 0.00064992031485175362 0.00049269366358090192 0.0028820644669775596 -0.0023137300423330728 0.00059623415996063486 0.0026717295576535755 -7.175462773637886e-05 0.0030570533321590543 -0.00031780486836386181 0.0013679031490359331 -0.00050819753277761049 0.00023408108056189336
leaf_weight=13036.480808645487 885.80315187573433 177.25206962227821 115.98608419299126 186.55690652132034 5314.0119186937809 69.927274435758591 6662.2604605257511 53.303409367799759 288.3267505466938 314.79876205325127 3939.5629378855228 62.601873785257339
leaf_count=19636 1303 283 193 272 7742 113 9838 106 473 567 6042 120
internal_value=9.70381e-06 0.000258887 0.000547237 -0.000923852 0.000647944 3.81864e-05 1.17628e-05 -0.000178605 -0.000191396 0.000547131 -0.000218285 0.00164698
internal_weight=31106.9 13411.8 5793.81 363.809 5430 7617.99 7548.06 17695.1 17579.2 603.126 16976 115.905
internal_count=46688 19744 8490 555 7935 11254 11141 26944 26718 1040 25678 226
is_linear=0
shrinkage=0.02


Tree=156
num_leaves=13
num_cat=0
split_feature=34 33 23 24 27 18 34 1 19 13 37 40
split_gain=3.50738 2.03541 2.05765 1.89584 1.41558 1.11505 1.07823 1.12266 1.06647 1.13382 0.960384 0.659996
threshold=0.45926212432403907 0.55000000000000016 0.51116763124334808 0.57462165755400429 0.16278518499283942 0.62956427485362754 1.9272749415117565 36.782000000000011 2.1759736181929008 2.5237157855268095 0.34179096042276619 0.11852270398817775
decision_type=2 2 2 2 2 2 2 2 2 2 2 2
left_child=5 6 3 -3 -4 -1 7 -2 10 -10 -7 -8
right_child=1 2 4 -5 -6 8 11 -9 9 -11 -12 -13
leaf_value=0.0012295548636407816 6.0114864293661604e-05 0.000820714159677514 0.0028254002513553329 -0.0020808994029306838 0.00058431395621098261 -0.00015911610465318323 0.002053329259781004 -0.00089548310489129235 0.00010640365991171793 0.0019553548141461492 -0.00053065559073059453 0
leaf_weight=219.35901394486427 6814.9200917780399 144.23114332556725 115.98608419299126 219.57783281803131 5314.0119186937809 11923.024538397789 165.34792038798332 527.79099097847939 1718.4332641661167 143.53574088215828 3690.7219848930836 109.93188369274139
leaf_count=345 10002 235 193 320 7742 17935 267 816 2678 288 5698 169
internal_value=9.53366e-06 0.000253754 0.000536338 -0.000905028 0.000635048 -0.000175013 3.74397e-05 -7.43673e-06 -0.000193354 0.000256246 -0.000247636 0.00126194
internal_weight=31106.9 13411.8 5793.81 363.809 5430 17695.1 7617.99 7342.71 17475.7 1861.97 15613.7 275.28
internal_count=46688 19744 8490 555 7935 26944 11254 10818 26599 2966 23633 436
is_linear=0
shrinkage=0.02


Tree=157
num_leaves=12
num_cat=0
split_feature=34 43 34 23 2 19 37 2 37 40 26
split_gain=3.36884 1.77155 1.57711 1.34959 1.47122 0.957424 1.01423 0.895192 0.798477 0.795846 0.870381
threshold=0.45926212432403907 -1.0000000180025095e-35 2.2058421359942662 0.43359647998844847 36.318333333333342 2.1759736181929008 0.34179096042276619 12.909511904761905 0.03311562705568221 -0.034774592067751846 0.78888888888888908
decision_type=2 2 2 2 2 2 2 2 2 2 2
left_child=1 -1 3 7 -5 6 -3 -2 -7 10 -4
right_child=2 5 9 4 -6 8 -8 -9 -10 -11 -12
leaf_value=0.0020206203088240647 0.0011324243999117536 -0.00015119928683394996 -0.00084304586914136375 0.00031638670607107361 -0.00056902127465413815 -0.000829078018218745 -0.0005326857761102289 -0.0010019896502001184 0.00039499072570987176 0.0025345892048431492 0.0020526112899565377
leaf_weight=143.48408856987953 86.121087253093719 11983.272439867258 82.578173458576202 11660.217396527529 792.95649448037148 238.88911664485931 3688.4175924658775 537.97114035487175 1641.0113047361374 176.7370063662529 75.216567426919937
leaf_count=232 133 18042 138 17068 1203 381 5678 802 2611 278 122
internal_value=9.374e-06 -0.000171484 0.000248728 0.000213022 0.000259123 -0.000190203 -0.000241679 -0.000688804 0.000233412 0.00160525 0.000483072
internal_weight=31106.9 17695.1 13411.8 13077.3 12453.2 17551.6 15671.7 624.092 1879.9 334.532 157.795
internal_count=46688 26944 19744 19206 18271 26712 23720 935 2992 538 260
is_linear=0
shrinkage=0.02


Tree=158
num_leaves=15
num_cat=0
split_feature=34 33 23 27 14 53 33 34 0 16 23 34 0 37
split_gain=3.23558 1.94975 1.94039 1.72708 1.41282 1.07025 2.0468 1.00926 1.06297 0.820785 0.707183 0.699867 0.699744 0.57561
threshold=0.45926212432403907 0.55000000000000016 0.51116763124334808 0.58536429800222611 12.500000000000002 -0.099999999999999936 0.35000000000000003 1.9272749415117565 17.129668898655133 17.510000000000009 1.6881796479517976 0.31365878034356365 13.655130305708726 0.19782895229064063
decision_type=2 2 2 2 2 2 2 2 2 2 2 2 2 2
left_child=5 7 3 -3 -4 6 12 8 -2 10 -7 -11 -1 -8
right_child=1 2 4 -5 -6 9 13 -9 -10 11 -12 -13 -14 -15
leaf_value=0.0010390340971725754 0.00063983277797832955 0.00048754969041579424 0.0007071732076682737 -0.0022219231126300249 -0.00052230245452886798 -0.00033513698876138823 0.00021525773270135448 0.001216858136550614 -0.00010134231248385283 -0.00019549087451825123 0.00042455652206691924 0.00075502923904098584 -0.00031798918686384988 0.0010169583384377087
leaf_weight=157.34193867444992 876.63864505290985 177.25206962227821 5037.1036652624607 186.55690652132034 392.89433762431145 11834.950768321753 657.50282514095306 275.27980408072472 6466.0724377036095 658.36079320311546 498.20147812366486 563.68248122930527 2425.3834997713566 899.65075781941414
leaf_count=248 1289 283 7407 272 528 17654 1087 436 9529 989 821 855 3778 1512
internal_value=9.1859e-06 0.000243764 0.000520324 -0.000879051 0.000616212 -0.000168053 0.000111685 3.20345e-05 -1.13425e-05 -0.000254228 -0.000303574 0.000235296 -0.000230709 0.000685567
internal_weight=31106.9 13411.8 5793.81 363.809 5430 17695.1 4139.88 7617.99 7342.71 13555.2 12333.2 1222.04 2582.73 1557.15
internal_count=46688 19744 8490 555 7935 26944 6625 11254 10818 20319 18475 1844 4026 2599
is_linear=0
shrinkage=0.02


Tree=159
num_leaves=13
num_cat=0
split_feature=34 50 22 42 50 22 50 34 36 19 1 3
split_gain=3.118 2.34288 1.73028 1.85907 1.36919 1.29711 1.22563 1.20149 1.24016 1.41895 0.918418 0.643888
threshold=0.58764056955639077 0.31061555626197063 -1.4929416551946233 0.15000000000000005 0.23314645089319083 0.24400632992011892 0.66194829453170623 0.15000179802132654 0.38750000000000007 2.1331077420656448 36.224500000000006 21.459451274906019
decision_type=2 2 2 2 2 2 2 2 2 2 2 2
left_child=7 2 4 -4 -2 10 -7 -1 11 -10 -3 -9
right_child=1 5 3 -5 -6 6 -8 8 9 -11 -12 -13
leaf_value=-0.00039450834434535845 -0.00034571655722541775 0.0018650219682918565 -0.00076455555163586219 0.00039410431688432726 -0.0030518545158697554 -4.8086602452967762e-05 0.002791200301608295 0.0021241261351533352 -0.00033560023813001107 0.00051288464523714064 -0.00043996126784072572 9.9749851927527191e-05
leaf_weight=5036.4458742141724 966.8237532377243 685.66026371717453 597.24715954065323 6634.0285905003548 80.958583056926727 448.66802349686623 67.271521896123886 61.86110383272171 6541.9436604082584 886.19208332896233 68.529881358146667 9031.2419095635414
leaf_count=7931 1409 993 968 9742 119 676 94 96 9827 1388 108 13337
internal_value=9.01866e-06 0.000310136 0.000185847 0.000296841 -0.000569752 0.00111085 0.000312159 -0.000123917 -4.07847e-05 -0.000232918 0.00164174 0.000115085
internal_weight=31106.9 9549.19 8279.06 7231.28 1047.78 1270.13 515.94 21557.7 16521.2 7428.14 754.19 9093.1
internal_count=46688 14109 12238 10710 1528 1871 770 32579 24648 11215 1101 13433
is_linear=0
shrinkage=0.02


Tree=160
num_leaves=15
num_cat=0
split_feature=15 3 0 40 24 40 42 16 37 4 40 20 27 27
split_gain=1.98909 1.72042 1.29109 1.29443 1.34616 1.28985 1.29804 1.00394 0.986611 1.03997 0.774238 0.764448 0.682636 0.548835
threshold=10.570588883839333 37.322880400684063 27.006326776640442 0.16081098793555795 0.49581239301534596 0.13713692986903017 1.2500000000000002 16.710000000000001 0.16077764949595999 16.658703725383173 0.29724903075830655 1.0146940891624328 0.61459941605281909 0.18265854543324087
decision_type=2 2 2 2 2 2 2 2 2 2 2 2 2 2
left_child=1 8 3 7 -5 6 -4 -2 -1 -10 13 -7 -12 -3
right_child=2 10 5 4 -6 11 -8 -9 9 -11 12 -13 -14 -15
leaf_value=-0.0003125670063522555 0.00065951483099569656 0.00028477279458722304 0.00015769264557094601 0.0044517799732592218 0.001117480818064514 -0.00055522935434315082 0.0012879188202905008 -0.0012148962678585906 -0.0013896791809237224 0.00017066738354647862 -0.00033488026821665632 0.0005408488098414204 0.0014520772430943909 -0.00041516449785237243
leaf_weight=2553.8018207252026 1007.3101271688938 454.82927885651588 7410.9708495736122 67.55401086807251 214.35292682051659 1509.6766910254955 431.99827444553375 123.80702188611031 171.38586184382439 8086.6465093195438 149.95114162564278 295.46157136559486 175.63577181100845 8388.8104132711887
leaf_count=3815 1588 779 10883 113 350 2217 586 221 260 11969 243 419 271 12876
internal_value=-2.10042e-05 -0.000140407 0.00019377 0.000759155 0.00197744 0.000109789 0.000221534 0.000443743 2.96526e-05 0.000136745 -0.000341985 -0.000369892 0.000601536 -0.00037798
internal_weight=31042.2 19981.1 11061.1 1413.02 281.907 9648.11 7842.97 1131.12 10811.8 8258.03 9169.23 1805.14 325.587 8843.64
internal_count=46590 30213 16377 2272 463 14105 11469 1809 16044 12229 14169 2636 514 13655
is_linear=0
shrinkage=0.02


Tree=161
num_leaves=15
num_cat=0
split_feature=15 13 42 20 3 20 36 50 51 12 20 42 40 51
split_gain=1.91126 2.7738 1.90341 1.80919 1.65181 1.38945 1.03577 1.01026 1.11952 0.931297 0.928666 0.86766 0.743161 0.686565
threshold=10.570588883839333 0.2713920879376977 0.8500000000000002 1.3158230549122154 37.322880400684063 -0.66035692186786565 1.788888888888889 -0.46688453556063247 0.33576702723735302 18.706327139539649 0.63447035793124951 0.35000000000000003 0.29724903075830655 1.8930636537353045
decision_type=2 2 2 2 2 2 2 2 2 2 2 2 2 2
left_child=4 3 6 10 7 -4 -3 9 -9 -1 -2 -5 13 -6
right_child=1 2 5 11 12 -7 -8 8 -10 -11 -12 -13 -14 -15
leaf_value=0.0029651712578209533 -0.00016387380946505627 0.00026514343393542131 0.002499473426028547 -0.00012697613211702351 -0.00039885666325826261 0.00081349867128984246 0.0021701641678992245 -0.0002325973433321422 0.0001818886084123466 0 -0.0010146197477926863 0.0014264809781397532 0.00058903147051694339 0.00073143915291513332
leaf_weight=87.34094774723053 4082.4927145540714 4577.4618458449841 272.88460198044777 206.11213845014572 8631.0673335194588 810.2464397251606 116.96251171827316 4535.1068453192711 6120.7221434414387 68.664255380630493 595.17799392342567 399.79322695732117 325.58691343665123 212.57235860824585
leaf_count=126 5827 7073 399 294 13285 1190 199 6711 9097 110 843 552 514 370
internal_value=-2.05508e-05 0.000189972 0.000493154 -0.000139725 -0.0001376 0.0012513 0.000315641 2.90169e-05 4.53511e-06 0.00161671 -0.000274645 0.000882909 -0.000335119 -0.000370398
internal_weight=31042.2 11061.1 5777.56 5283.58 19981.1 1083.13 4694.42 10811.8 10655.8 156.005 4677.67 605.905 9169.23 8843.64
internal_count=46590 16377 8861 7516 30213 1589 7272 16044 15808 236 6670 846 14169 13655
is_linear=0
shrinkage=0.02


Tree=162
num_leaves=14
num_cat=0
split_feature=34 13 22 34 22 1 20 47 51 13 26 31 4
split_gain=2.97994 2.39812 1.23848 1.21746 1.65721 1.48417 0.998996 1.02317 0.936484 0.763131 0.651422 0.61254 0.565773
threshold=0.88697462835112484 0.68037072846083124 0.50847842428396561 0.29009663342637554 0.61255389727112519 25.819833333333339 -3.5809716037321659 3.5216972280875196 1.9449564090279503 1.7932042844937348 0.95000000000000007 2.0101229035110681 49.672639137016425
decision_type=2 2 2 2 2 2 2 2 2 2 2 2 2
left_child=3 6 12 8 5 -5 -2 -8 11 -6 -4 -1 -3
right_child=1 2 10 4 9 -7 7 -9 -10 -11 -12 -13 -14
leaf_value=-0.00031286088800387717 -0.0016742033631562006 0.0012307732328128273 0.00076115572023602199 -8.0689095621150171e-05 -0.00037720064084720701 0.0004023895637548372 0.00023698030544936418 -0.0019428995643639162 0.00092667708592751813 0.00031437170956987402 -0.00052503854192571516 0.00055620618447545797 0.0026893337599428789
leaf_weight=10740.034145146608 122.72006830573082 1010.0163789987564 462.60162550210953 4968.3955278098583 4400.1016656756401 5151.1725264787674 2428.1390407979488 86.587354779243469 254.98329123854637 729.06376391649246 227.60290640592575 324.66972026228905 136.10425528883934
leaf_count=16427 176 1569 734 7248 6399 7682 3471 126 454 1200 349 552 203
internal_value=-2.01011e-05 0.00045691 0.00101182 -0.000100828 1.52043e-05 0.000164256 6.62912e-05 0.000156465 -0.000257994 -0.000276867 0.00032228 -0.00028636 0.00141707
internal_weight=31042.2 4473.77 1836.33 26568.4 15248.7 10119.6 2637.45 2514.73 11319.7 5129.17 690.205 11064.7 1146.12
internal_count=46590 6628 2855 39962 22529 14930 3773 3597 17433 7599 1083 16979 1772
is_linear=0
shrinkage=0.02


Tree=163
num_leaves=14
num_cat=0
split_feature=34 14 33 34 0 24 15 12 29 0 36 53 22
split_gain=2.86184 2.00492 1.47971 1.36779 1.22645 1.02409 0.997955 1.35397 1.19629 0.895902 0.839362 0.641781 0.634833
threshold=0.88697462835112484 12.500000000000002 -0.24999999999999992 0.14509732577207637 11.685914839887758 0.758467540165492 12.734290490287101 19.96118791700864 1.2500000000000002 17.411805426442132 0.68333333333333346 -0.44999999999999996 -0.012988612654082949
decision_type=2 2 2 2 2 2 2 2 2 2 2 2 2
left_child=2 6 9 11 -5 -3 8 -8 -2 -1 -11 -4 -7
right_child=1 5 3 4 -6 12 7 -9 -10 10 -12 -13 -14
leaf_value=-0.0011461670887109811 0.00042076820998897892 4.876619497460947e-05 0.00047398230710936698 0.0016845781579353325 2.3564205907140652e-05 -0.0033131148319150501 0.001108878085240889 -0.001395668553557159 -0.0014890449091556704 -0.00021318169279508359 -0.0011802150662358342 -0.00047064328093712526 -0.00055890706874513055
leaf_weight=601.63831350207329 2454.9555323719978 146.17512035369873 303.43633449077606 177.87439501285553 18107.66119146347 90.255127549171448 1491.3899396955967 86.508799314498901 134.70978105068207 3709.1143300235271 403.86956053972244 3264.8265154957771 69.777329742908478
leaf_count=827 3692 208 555 300 27078 126 2180 121 203 5398 581 5223 98
internal_value=-1.96769e-05 0.000447779 -9.87945e-05 -2.89619e-05 4.04512e-05 -0.00109842 0.000564256 0.000963643 0.000316492 -0.000420221 -0.000311096 -0.000387293 -0.00219566
internal_weight=31042.2 4473.77 26568.4 21853.8 18285.5 306.208 4167.56 1577.9 2589.67 4714.62 4112.98 3568.26 160.032
internal_count=46590 6628 39962 33156 27378 432 6196 2301 3895 6806 5979 5778 224
is_linear=0
shrinkage=0.02


Tree=164
num_leaves=14
num_cat=0
split_feature=34 14 34 47 12 24 15 12 29 24 31 12 4
split_gain=2.74716 1.92698 1.14015 1.19021 1.03222 0.986535 0.957764 1.30197 1.14976 0.625252 0.623013 0.590445 0.511549
threshold=0.88697462835112484 12.500000000000002 0.29009663342637554 0.30672485904483054 16.642802263935025 0.758467540165492 12.734290490287101 19.96118791700864 1.2500000000000002 0.068587426900460255 2.7407369430444715 18.77456232052489 35.786512523291165
decision_type=2 2 2 2 2 2 2 2 2 2 2 2 2
left_child=2 6 9 12 -5 -3 8 -8 -2 -1 -11 -7 -4
right_child=1 5 3 4 -6 11 7 -9 -10 10 -12 -13 -14
leaf_value=0.0014444545808178777 0.00041235969232995308 4.7804024107228338e-05 -0.0013741020061337297 0.0013995519211753909 2.4442820535478773e-05 -0.00072883499775443737 0.0010867302237080705 -0.0013683859001833018 -0.00145969972177083 -0.00027642236114984171 0.0014018800697240758 -0.0033758070295778447 0.00033982226958005157
leaf_weight=82.798602730035782 2454.9555323719978 146.17512035369873 339.27089431881905 220.15980279445648 14613.625022113323 79.124292612075806 1491.3899396955967 86.508799314498901 134.70978105068207 11151.553943932056 85.334609985351562 80.90816468000412 75.677764654159546
leaf_count=169 3692 208 496 348 21574 112 2180 121 203 17102 162 112 111
internal_value=-1.92976e-05 0.000438688 -9.68199e-05 1.54502e-05 4.57119e-05 -0.00107695 0.00055291 0.000944236 0.000310069 -0.000248918 -0.00026254 -0.00215394 -0.0010374
internal_weight=31042.2 4473.77 26568.4 15248.7 14833.8 306.208 4167.56 1577.9 2589.67 11319.7 11236.9 160.032 414.949
internal_count=46590 6628 39962 22529 21922 432 6196 2301 3895 17433 17264 224 607
is_linear=0
shrinkage=0.02


Tree=165
num_leaves=15
num_cat=0
split_feature=34 30 50 19 32 40 33 12 33 34 16 16 24 16
split_gain=2.74489 3.11749 1.61518 1.46424 1.2065 1.18508 1.15348 1.08654 1.05801 1.00401 0.997309 0.861323 0.754629 0.732441
threshold=0.71506597382476833 -0.16195903466476494 0.25605802669234662 2.1759736181929008 1.0000000180025095e-35 0.06868538424234126 0.55000000000000016 19.853538219097992 -0.14999999999999988 0.14509732577207637 5.2450000000000019 8.2225000000000037 0.60129715078842971 19.41
decision_type=2 2 2 2 2 2 2 2 2 2 2 2 2 2
left_child=3 6 4 8 -3 11 13 -4 12 -10 -8 -5 -1 -2
right_child=1 2 7 5 -6 -7 10 -9 9 -11 -12 -13 -14 -15
leaf_value=-0.00080952502141688602 -0.0012904947755808405 0.0018739803358786458 0.001104352723541528 0.00060044214373527842 0.00034219250820062428 0.00089413848563916945 -0.0021410045359440133 0.003562730432718696 -0.00039904722094448084 8.48451642344379e-06 0.00036448036376532318 -0.00037603236258845155 -0.00024707194625071338 0.00082063821013261514
leaf_weight=1305.8485922515392 615.7887559235096 218.05947542190552 855.88017138838768 595.84161534905434 4316.0204616189003 1015.7017595469952 68.685509532690048 82.479482978582382 2922.7834440171719 13709.680813848972 599.54168227314949 910.38609018921852 3903.0087323784828 66.21376433968544
leaf_count=1885 929 353 1265 910 6367 1594 106 114 4713 20534 869 1427 5644 110
internal_value=1.07896e-05 0.000365585 0.000578755 -8.81787e-05 0.00041886 0.000366828 -0.000490569 0.00133819 -0.000141203 -6.25683e-05 8.64067e-05 3.90034e-06 -0.000390253 -0.00106911
internal_weight=31185.9 6822.67 5472.44 24363.3 4534.08 2521.93 1350.23 938.36 21841.3 16632.5 668.227 1506.23 5208.86 682.003
internal_count=46820 10113 8099 36707 6720 3931 2014 1379 32776 25247 975 2337 7529 1039
is_linear=0
shrinkage=0.02


Tree=166
num_leaves=15
num_cat=0
split_feature=34 23 37 22 19 23 37 32 33 34 50 0 34 24
split_gain=2.63757 1.5602 2.15009 1.79151 1.40651 1.365 1.68989 1.3817 1.01658 1.10522 0.958538 0.938362 1.02953 0.921322
threshold=0.71506597382476833 0.96054990739225432 1.5458128604600454 -1.3466465005019688 2.1759736181929008 1.0495717083042897 0.99740806401705007 0.15000000000000005 -1.0000000180025095e-35 0.14509732577207637 -0.16982553636823614 23.773466270509378 0.29283569883616478 0.9202626049227941
decision_type=2 2 2 2 2 2 2 2 2 2 2 2 2 2
left_child=4 2 3 -2 8 6 -3 -7 -1 -10 -4 12 -6 -13
right_child=1 5 10 -5 11 7 -8 -9 9 -11 -12 13 -14 -15
leaf_value=-0.00035378213391586393 -0.00036329381224784531 0.00040675266595675851 0.0033130096049301195 0.00079301631681357571 0.00021547941289153292 0.0019324770078953577 -0.0013236528775945613 0.00017644798028069818 -0.00041907556871222877 2.5330776660457636e-05 0.0012885248591874396 -0.0006556632866585836 0.001270169304650835 0.00060416691022193217
leaf_weight=6264.3114411532879 749.51027885079384 380.2842954993248 141.50020331144333 1790.7724829018116 921.39965716004372 192.45161935687065 527.58710074424744 2661.0229197144508 2699.7729770839214 12877.237164258957 379.54040309786797 559.70482301712036 651.81689387559891 389.00809103250504
leaf_count=9078 1104 536 198 2660 1500 319 761 3975 4377 19321 560 865 957 609
internal_value=1.05921e-05 0.000358389 0.000693926 0.000447896 -8.64156e-05 8.24171e-05 -0.000588538 0.000299655 -0.000138391 -5.10948e-05 0.001868 0.00035951 0.000659866 -0.000128383
internal_weight=31185.9 6822.67 3061.32 2540.28 24363.3 3761.35 907.871 2853.47 21841.3 15577 521.041 2521.93 1573.22 948.713
internal_count=46820 10113 4522 3764 36707 5591 1297 4294 32776 23698 758 3931 2457 1474
is_linear=0
shrinkage=0.02


Tree=167
num_leaves=15
num_cat=0
split_feature=34 30 50 19 50 40 33 13 13 40 27 16 16 13
split_gain=2.53438 2.98887 1.55856 1.35146 1.19149 1.12824 1.10868 1.05333 1.02176 1.36858 1.02426 0.957088 0.821246 0.802943
threshold=0.71506597382476833 -0.16195903466476494 0.25605802669234662 2.1759736181929008 0.2237231723548074 0.06868538424234126 0.55000000000000016 1.335692553060974 1.4108715746478684 0.12101130144073501 1.2293875388747473 5.2450000000000019 8.2225000000000037 1.4232271598206714
decision_type=2 2 2 2 2 2 2 2 2 2 2 2 2 2
left_child=3 6 4 8 -3 12 13 -4 10 -10 -1 -8 -5 -2
right_child=1 2 7 5 -6 -7 11 -9 9 -11 -12 -13 -14 -15
leaf_value=-0.00027971881509615369 -0.0014443094296551556 0.00046341764403610563 0.0017150725210209438 0.00058094025784845131 -0.0013643647507268601 0.00086687280759396369 -0.0021035415227953955 0.00016036492592685328 0.00025235877478488772 -0.00064712747963091078 0.00014641828670575876 0.00035116461530503907 -0.00037269498834733656 9.764657152013957e-05
leaf_weight=14069.399707615376 515.50071913003922 4391.1096977889538 684.34732085466385 595.84161534905434 142.97023925185204 1015.7017595469952 68.685509532690048 254.01233351230621 4322.9610140919685 796.27763599157333 2652.6832247972488 599.54168227314949 910.38609018921852 166.50180113315582
leaf_count=20780 768 6503 984 910 217 1594 106 395 6896 1277 3823 869 1427 271
internal_value=1.04148e-05 0.000351345 0.000560102 -8.46698e-05 0.000403003 0.000352421 -0.00048692 0.00130609 -0.000135624 0.000110296 -0.000211512 7.84066e-05 0 -0.00105406
internal_weight=31185.9 6822.67 5472.44 24363.3 4534.08 2521.93 1350.23 938.36 21841.3 5119.24 16722.1 668.227 1506.23 682.003
internal_count=46820 10113 8099 36707 6720 3931 2014 1379 32776 8173 24603 975 2337 1039
is_linear=0
shrinkage=0.02


Tree=168
num_leaves=13
num_cat=0
split_feature=33 12 43 36 3 36 25 21 25 3 53 3
split_gain=1.8921 2.07841 1.7005 1.72214 1.38837 1.90651 1.42815 1.18824 1.14581 0.82396 0.872458 0.69588
threshold=0.75000000000000011 19.688574726264992 -0.24999999999999992 1.5277777777777779 37.713042825389287 1.1833333333333336 0.36666666666666675 0.80911021677476469 0.45000000000000007 49.666548587762698 0.19999999999999998 37.821222729443313
decision_type=2 2 2 2 2 2 2 2 2 2 2 2
left_child=2 9 4 8 6 -6 -1 -5 -4 10 -2 -3
right_child=1 11 3 7 5 -7 -8 -9 -10 -11 -12 -13
leaf_value=0 0.00045141755890882462 0.0023489865009577301 -0.00034285214771750272 -0.0016396496605082904 0.00089378685389206918 -0.0018600750468710967 0.0028394549134279812 0.0010592749806907133 -3.6918365386405832e-05 0.0011570229616986931 -7.7117928299869754e-05 0.00090067511512349513
leaf_weight=102.49850142002106 2022.27331417799 207.0447211265564 7066.0320719480515 67.183286339044571 387.82058396935463 132.68150424957275 205.33753460645676 726.53988218307495 16241.16220703721 331.49260497093201 3200.6551586091518 495.19898042082787
leaf_count=152 3109 310 10779 98 580 206 305 1090 24188 492 4775 736
internal_value=1.02173e-05 0.000321399 -6.75004e-05 -9.85222e-05 0.000821114 0.000168227 0.00188456 0.000814715 -0.000130119 0.000189451 0.000125707 0.00134734
internal_weight=31185.9 6256.66 24929.3 24100.9 828.338 520.502 307.836 793.723 23307.2 5554.42 5222.93 702.244
internal_count=46820 9422 37398 36155 1243 786 457 1188 34967 8376 7884 1046
is_linear=0
shrinkage=0.02


Tree=169
num_leaves=14
num_cat=0
split_feature=34 30 50 19 50 33 22 13 27 13 32 13 34
split_gain=2.38356 2.8636 1.49654 1.29609 1.14393 1.05544 1.03346 0.982175 0.976137 0.974938 0.829567 0.77434 0.759864
threshold=0.71506597382476833 -0.16195903466476494 0.25605802669234662 2.1759736181929008 0.2237231723548074 0.55000000000000016 0.24400632992011892 1.4108715746478684 1.2293875388747473 3.1319292087172745 1.0500000000000003 1.4232271598206714 0.29009663342637554
decision_type=2 2 2 2 2 2 2 2 2 2 2 2 2
left_child=3 5 4 7 -3 11 -4 8 -1 12 -7 -2 -5
right_child=1 2 6 9 -6 10 -8 -9 -10 -11 -12 -13 -14
leaf_value=-0.00027308536824513974 -0.0014163869915654295 0.00045026610963853805 0.0018495258095313054 -6.4125938160553895e-05 -0.0013404867205944284 0.00056263265913191396 0.00046342408226088407 0.00010900389639286639 0.00014286683128645093 0.0025041630621470234 -0.00094486038547027804 9.6960506896821467e-05 0.00063524989159055177
leaf_weight=14069.399707615376 515.50071913003922 4391.1096977889538 541.42403239011765 1265.5563171505928 142.97023925185204 457.71998146176338 396.93562197685242 5119.2386500835419 2652.6832247972488 80.147482931613922 210.50721034407616 166.50180113315582 1176.2256650030613
leaf_count=20780 768 6503 788 2033 217 665 591 8173 3823 160 310 271 1738
internal_value=1.00236e-05 0.000340663 0.000545022 -8.21784e-05 0.000391029 -0.000479785 0.00127606 -0.000132086 -0.000206494 0.000345848 7.14143e-05 -0.0010331 0.000268921
internal_weight=31185.9 6822.67 5472.44 24363.3 4534.08 1350.23 938.36 21841.3 16722.1 2521.93 668.227 682.003 2441.78
internal_count=46820 10113 8099 36707 6720 2014 1379 32776 24603 3931 975 1039 3771
is_linear=0
shrinkage=0.02


Tree=170
num_leaves=14
num_cat=0
split_feature=42 13 43 17 3 0 19 34 3 16 53 43 19
split_gain=3.33537 1.40549 1.33442 1.6875 1.61429 1.29877 1.20605 1.37043 1.17766 1.14871 1.14069 1.10037 0.799907
threshold=0.95000000000000007 2.7792027348220318 0.75000000000000011 2.9743475191355047 26.614611706263698 13.84048608128291 -0.98852695814956071 0.35357512434512639 49.632836581379159 17.370000000000008 0.45000000000000007 -0.34999999999999992 0.77407899461305896
decision_type=2 2 2 2 2 2 2 2 2 2 2 2 2
left_child=1 5 3 4 -2 10 7 -4 -8 12 -1 -7 -3
right_child=2 9 6 -5 -6 11 8 -9 -10 -11 -12 -13 -14
leaf_value=0.00095595254437376377 -0.00095028470768079095 -0.00017997203704383992 0.0015293480470019397 -0.0013733117613358614 0.0013559422885891534 0.00057022291379570935 0.00025540177992846783 -0.001397126204050988 0.0022805894758218211 0.0028542699886018727 -0.00035051641812447221 -0.00019000822228365286 0.0012003992776313281
leaf_weight=781.00948730111122 126.64874535799026 361.37964284420013 75.47699972987175 108.73327815532684 1362.5488261282444 777.4732104241848 1286.4138830602169 315.12457257509232 126.82250356674194 89.953383803367615 390.81991299986839 24978.836079031229 295.44041880965233
leaf_count=1232 198 634 126 161 1984 1164 1876 448 172 162 561 37395 579
internal_value=-3.96718e-05 -0.000112626 0.000550627 0.000972495 0.00115209 -0.000136697 0.000170713 -0.000801254 0.000447172 0.000740022 0.000511855 -0.000166629 0.000427505
internal_weight=31076.7 27674.9 3401.77 1597.93 1489.2 26928.1 1803.84 390.602 1413.24 746.773 1171.83 25756.3 656.82
internal_count=46692 41727 4965 2343 2182 40352 2622 574 2048 1375 1793 38559 1213
is_linear=0
shrinkage=0.02


Tree=171
num_leaves=9
num_cat=0
split_feature=36 33 18 34 0 15 34 2
split_gain=2.31528 1.69176 1.4626 1.35574 1.15898 1.3961 1.30947 1.02256
threshold=2.8166666666666669 0.55000000000000016 0.69046100662636956 0.55574857508023123 14.782958338927068 8.8742740612039501 0.52175211800278332 12.688250000000002
decision_type=2 2 2 2 2 2 2 2
left_child=1 2 3 -1 6 -6 -3 -4
right_child=-2 4 7 -5 5 -7 -8 -9
leaf_value=0.00027251023954369061 0.0025663852974505898 0.00034175776627891666 0.000632464294419212 0.002853148718857394 -0.0001584209929625701 0.00031882438604766475 0.0023181267374080402 -0.0002071984100785379
leaf_weight=311.66462668776512 133.70595267415047 445.55577060580254 590.61051976680756 113.9807645380497 4487.5112443566322 5357.68918004632 200.7287959754467 19435.234089136124
leaf_count=469 215 700 868 166 6927 7906 308 29133
internal_value=-3.88506e-05 -5.05962e-05 -0.000156754 0.000997058 0.00015538 0.000100289 0.000976279 -0.000181875
internal_weight=31076.7 30943 20451.5 425.645 10491.5 9845.2 646.285 20025.8
internal_count=46692 46477 30636 635 15841 14833 1008 30001
is_linear=0
shrinkage=0.02


Tree=172
num_leaves=12
num_cat=0
split_feature=42 36 14 34 5 40 17 17 23 23 17
split_gain=3.16419 1.27017 1.1718 1.25329 1.16468 1.06845 0.75899 0.971002 0.750895 0.600326 0.583596
threshold=0.95000000000000007 2.7071428571428577 11.500000000000002 0.23932459734806485 36.774961848014421 0.064896986131983123 3.1216535343026894 3.0656002656138024 0.95391343206488843 0.65971028384171149 3.2152207612172714
decision_type=2 2 2 2 2 2 2 2 2 2 2
left_child=2 6 3 9 8 -5 7 -2 -4 -1 -8
right_child=1 -3 4 5 -6 -7 10 -9 -10 -11 -12
leaf_value=-0.00057419136135513553 0.00047611675112031764 0.0026956899923393143 0.00040605689716366038 0.00017156567648792491 -0.00063628009401302482 -0.00017584671544149807 -0.0021355065872324737 0.0027549021092770445 -0.00048764372617703263 -0.00015753641074831544 9.9012631719751969e-05
leaf_weight=1881.586505740881 3043.115470290184 105.59602403640747 915.88642376661301 10205.944606393576 2965.9587104916573 5399.9840232133865 73.0504350066185 76.963812261819839 632.37428107857704 5673.177584528923 103.04306697845459
leaf_count=2919 4448 163 1297 15377 4271 8125 105 107 892 8846 142
internal_value=-3.80234e-05 0.000536918 -0.00010909 -5.11242e-05 -0.000404118 5.07058e-05 0.000463135 0.00053726 3.44235e-05 -0.000262756 -0.000785375
internal_weight=31076.7 3401.77 27674.9 23160.7 4514.22 15605.9 3296.17 3120.08 1548.26 7554.76 176.094
internal_count=46692 4965 41727 35267 6460 23502 4802 4555 2189 11765 247
is_linear=0
shrinkage=0.02


Tree=173
num_leaves=13
num_cat=0
split_feature=42 13 43 17 36 16 19 43 40 2 2 19
split_gain=3.04065 1.34428 1.28052 1.61811 1.28504 1.10214 1.04071 1.00098 1.81754 1.11644 0.92446 0.77027
threshold=0.95000000000000007 2.7792027348220318 0.75000000000000011 2.9743475191355047 2.5277777777777781 17.370000000000008 1.3320661510040248 -0.34999999999999992 0.057134989635989404 12.688250000000002 20.234666666666669 0.77407899461305896
decision_type=2 2 2 2 2 2 2 2 2 2 2 2
left_child=1 7 3 6 10 11 -2 8 -1 -9 -4 -3
right_child=2 5 4 -5 -6 -7 -8 9 -10 -11 -12 -13
leaf_value=0.0013005886751365652 0.0013737444156824154 -0.000175204557293785 0.00078513571152284917 -0.0013570504445922179 0.0026348651171852989 0.0027983976570029722 0 0.0005245371852101127 -0.00059360698852760753 -0.00017804868666572459 -0.00024683255228833377 0.0011789495065550192
leaf_weight=507.92684990167618 1201.8466573357582 361.37964284420013 477.40894627571106 108.73327815532684 77.942111730575562 89.953383803367615 287.35091415047646 929.85710069537163 326.28350347280502 25164.071235686541 1248.4869009256363 295.44041880965233
leaf_count=750 1757 634 696 161 108 162 425 1391 499 37712 1818 579
internal_value=-3.72534e-05 -0.000106924 0.000526343 0.000939523 0.000154154 0.000726954 0.00111551 -0.000130473 0.000548108 -0.000152591 3.34165e-05 0.000420451
internal_weight=31076.7 27674.9 3401.77 1597.93 1803.84 746.773 1489.2 26928.1 834.21 26093.9 1725.9 656.82
internal_count=46692 41727 4965 2343 2622 1375 2182 40352 1249 39103 2514 1213
is_linear=0
shrinkage=0.02


Tree=174
num_leaves=15
num_cat=0
split_feature=42 13 22 0 37 35 2 2 35 3 27 51 16 19
split_gain=2.92096 1.29174 1.52641 1.17801 1.25232 1.06002 1.07483 1.03375 1.03714 0.968639 0.883377 0.82861 0.715971 0.573939
threshold=0.95000000000000007 2.7792027348220318 -0.63464394104145094 13.84048608128291 0.31577249434927673 2.1000000000000005 30.045416666666672 20.020527777777783 1.4500000000000002 48.493646328544109 0.21031402680297429 1.4199157253976331 16.970000000000006 1.0270139126683591
decision_type=2 2 2 2 2 2 2 2 2 2 2 2 2 2
left_child=1 3 -3 4 -1 7 13 10 -9 -8 -2 -5 -4 -7
right_child=5 2 12 11 -6 6 9 8 -10 -11 -12 -13 -14 -15
leaf_value=-4.8467250243825945e-06 -0.00053604739394850066 -0.00076441287437025406 0.00090646305521957277 -0.00019277746850280761 0.0013297328133418788 0.0031560588009435287 -0.00077540815047538833 0.00036847274494004954 -0.00073514191794803597 0.0021564989719878667 0.0013114570887074355 0.00019708718563540297 0.002957485794267951 0.00066462828005861574
leaf_weight=731.31593883037567 113.62676671147346 196.35059550404549 463.37111875414848 23378.012955725193 440.51346147060394 148.95836076140404 113.56342798471451 1831.4896247982979 412.36812052130699 69.951248496770859 646.2582850754261 2378.2963337302208 87.051731199026108 65.552974224090576
leaf_count=1098 176 344 875 34907 695 217 168 2703 581 100 918 3652 156 102
internal_value=-3.64725e-05 -0.000104764 0.000712618 -0.000127855 0.000489739 0.00051591 0.00149212 0.000382319 0.000160728 0.000299459 0.00102139 -0.000156377 0.00125848 0.00245406
internal_weight=31076.7 27674.9 746.773 26928.1 1171.83 3401.77 398.026 3003.74 2243.86 183.515 759.885 25756.3 550.423 214.511
internal_count=46692 41727 1375 40352 1793 4965 587 4378 3284 268 1094 38559 1031 319
is_linear=0
shrinkage=0.02


Tree=175
num_leaves=12
num_cat=0
split_feature=37 50 40 3 40 51 15 3 26 26 1
split_gain=1.297 2.0012 1.43525 1.51032 1.06638 1.54589 0.855502 0.732212 0.627658 0.928288 0.652777
threshold=0.3656963784965383 0.31061555626197063 -0.54306826541105147 38.570031653041219 0.10273828012840891 0.84073136800270454 16.136299778949013 21.459451274906019 1.5634920634920637 1.6833333333333336 9.2587500000000009
decision_type=2 2 2 2 2 2 2 2 2 2 2
left_child=7 2 -2 -4 5 -3 -6 -1 10 -10 -9
right_child=1 4 3 -5 6 -7 -8 8 9 -11 -12
leaf_value=0.0015530141345013054 0.0023564634120707088 -0.00090244554093419792 0.00029547755206057633 -0.00012160826814952143 0.0005271217767476719 0.001330540725570031 -0.0009738268825257529 0.0010759508170804846 0.0016102614239992294 0 -0.00014652623897091607
leaf_weight=105.05362829566002 108.32999131083488 131.73372420668602 6237.8996334969997 7792.3753695189953 646.58389544487 1174.8270554244518 193.77910023927689 173.17190369963646 204.51347014307976 442.9414453804493 13890.537042915821
leaf_count=171 170 199 9227 11642 970 1743 282 258 309 665 21060
internal_value=4.55851e-05 0.000168978 8.17418e-05 6.31323e-05 0.00073821 0.00109672 0.000167657 -8.93743e-05 -0.000101992 0.000502762 -0.000130612
internal_weight=31101.7 16285.5 14138.6 14030.3 2146.92 1306.56 840.363 14816.2 14711.2 647.455 14063.7
internal_count=46696 24233 21039 20869 3194 1942 1252 22463 22292 974 21318
is_linear=0
shrinkage=0.02


Tree=176
num_leaves=13
num_cat=0
split_feature=34 22 50 12 12 43 24 1 3 31 33 19
split_gain=2.75836 1.49621 1.45283 2.18428 1.74824 1.17249 0.899905 0.872263 0.823586 0.896941 0.581536 0.569496
threshold=0.45926212432403907 0.7656818166573115 0.31061555626197063 19.657942331678136 17.767728773332291 -0.24999999999999992 1.4598201191489864 9.2587500000000009 49.969894747755752 1.2448606937639328 0.55000000000000016 0.36199141075567814
decision_type=2 2 2 2 2 2 2 2 2 2 2 2
left_child=5 2 4 -4 -2 -1 7 -7 9 -3 -10 -8
right_child=1 8 3 -5 -6 6 11 -9 10 -11 -12 -13
leaf_value=0.0018427397389918741 0.00092352703829976163 -0.00028216388742071649 0.00068050766508023059 0.0030788555066796554 0.00015971970397912833 0.0011824747631245299 2.5280819901843618e-05 -0.00017953060337457021 0.002863072329304191 0.00042184137939730497 1.9327427821133249e-05 0.0011328015155773166
leaf_weight=118.44158017635345 1479.7806591689587 2987.4476493000984 1068.5184762775898 180.42504435777664 6573.6286655664444 186.45318529009819 441.55993521213531 16647.673697710037 62.295069307088852 945.45490893721581 65.352363407611847 344.71502536535263
leaf_count=188 2167 4395 1574 255 9712 278 689 25270 119 1378 103 568
internal_value=4.46909e-05 0.000261912 0.000401842 0.00103934 0.000301502 -0.000118392 -0.000132349 -0.000163713 -5.62345e-05 -0.000110254 0.00150703 0.000525163
internal_weight=31101.7 13362.9 9302.35 1248.94 8053.41 17738.8 17620.4 16834.1 4060.55 3932.9 127.647 786.275
internal_count=46696 19703 13708 1829 11879 26993 26805 25548 5995 5773 222 1257
is_linear=0
shrinkage=0.02


Tree=177
num_leaves=12
num_cat=0
split_feature=42 34 22 22 22 22 43 3 3 25 37
split_gain=2.84732 1.75078 1.60917 1.70333 1.21994 1.07894 1.20414 0.995461 0.956736 0.939506 0.859688
threshold=1.2500000000000002 0.42342097221110131 0.88304696671979699 -1.2105997003404616 1.8517927688531295 0.67145000453800752 1.3500000000000003 49.969894747755752 41.117361303851851 2.2250000000000005 0.3725120692240978
decision_type=2 2 2 2 2 2 2 2 2 2 2
left_child=1 9 3 -3 5 6 -2 -4 -6 10 -1
right_child=4 2 7 -5 8 -7 -8 -9 -10 -11 -12
leaf_value=-8.7617412865946399e-05 0.0014247156106638984 -0.00015412668467314645 -0.00024798425803455876 0.00046113947817111019 0.00049792121973431139 -0.00026645991687425873 -3.3897493631920337e-05 0.0015966140447361591 0.0037497237163891758 0.0015580163121888494 -0.00048363153425047079
leaf_weight=13552.735053181648 743.59130203723907 2370.4442537724972 3529.4148319959641 7191.6399498581886 69.553775131702423 352.56067305803299 306.01964575052261 117.88843870162964 99.419123083353043 126.45585837960243 2642.0233551263809
leaf_count=20534 1033 3513 5193 10670 100 497 449 207 144 189 4167
internal_value=4.38638e-05 0 0.00017086 0.000307569 0.00087294 0.000667538 0.000990684 -0.00018478 0.00249117 -0.000138835 -0.000152893
internal_weight=31101.7 29530.6 13209.4 9562.08 1571.14 1402.17 1049.61 3647.3 168.973 16321.2 16194.8
internal_count=46696 44473 19583 14183 2223 1979 1482 5400 244 24890 24701
is_linear=0
shrinkage=0.02


Tree=178
num_leaves=10
num_cat=0
split_feature=34 27 50 2 43 16 12 0 28
split_gain=2.54967 1.63971 1.44342 1.43426 1.12616 1.11155 1.09602 0.84315 0.961718
threshold=0.45926212432403907 0.12382555021018972 0.7109471923292251 36.460916666666677 -0.24999999999999992 16.710000000000001 18.84885264771771 14.023495361475709 1.0000000180025095e-35
decision_type=2 2 2 2 2 2 2 2 2
left_child=4 6 3 -3 -1 -4 -2 -6 -9
right_child=1 2 5 -5 7 -7 -8 8 -10
leaf_value=0.0018081949875996004 0.00057500644740189806 0.00024903066120526352 0.00055310085539833447 -0.00065403003320554747 0.0004306853076441854 0.0039594701299152709 0.0034957984021464572 -0.00032728017715488294 -2.0636173752980506e-05
leaf_weight=118.44158017635345 124.89626744389534 12227.269501566887 100.65143895149231 739.09051486849785 1008.8165130615234 70.412383019924164 100.58273047208786 7625.4634228348732 8986.1219076812267
leaf_count=188 207 17973 145 1116 1514 98 164 11730 13561
internal_value=4.29904e-05 0.000251841 0.000221795 0.000196692 -0.000113787 0.00204255 0.00194117 -0.000127477 -0.000162024
internal_weight=31101.7 13362.9 13137.4 12966.4 17738.8 171.064 225.479 17620.4 16611.6
internal_count=46696 19703 19332 19089 26993 243 371 26805 25291
is_linear=0
shrinkage=0.02


Tree=179
num_leaves=14
num_cat=0
split_feature=42 28 12 17 18 12 15 33 23 33 17 18 23
split_gain=2.71095 1.12409 1.34664 1.45153 1.2955 1.07553 1.03474 1.15474 1.19038 0.95488 0.609465 0.877648 0.592039
threshold=1.2500000000000002 1.0000000180025095e-35 19.730728130346399 1.1872214921608404 1.2258356499562415 16.083099816964516 7.5020879317092728 0.55000000000000016 1.2119186276939833 0.35000000000000003 0.94541243973027955 0.79885623556302565 0.73668356075679198
decision_type=2 2 2 2 2 2 2 2 2 2 2 2 2
left_child=1 2 4 -4 -1 -3 10 12 -9 -7 11 -2 -8
right_child=6 5 3 -5 -6 9 7 8 -10 -11 -12 -13 -14
leaf_value=8.855596396031498e-05 -0.00049993528560220157 0.00253307131548556 -0.00091129613172540123 0.00075549206116700904 -0.00035583090922357378 -4.2780541220961284e-05 0.0019287596647700159 0.0012070004809234861 0.0033577961876285929 0.00026347601964863147 -0.00074082358437331899 0.00250459753814271 -5.9731326173728727e-05
leaf_weight=3881.5139189064503 73.483724296092987 71.26728692650795 249.24161663651466 1138.5247573554516 7895.5821811258793 8761.2655356824398 68.382699817419052 659.06789818406105 131.13596805930138 7533.2064443826675 220.43089845776558 70.546941131353378 348.09638911485672
leaf_count=5908 100 94 378 1705 12182 12991 93 937 195 11215 314 107 477
internal_value=4.21628e-05 -5.94374e-07 -0.000138499 0.000448062 -0.00020853 0.000109731 0.000851145 0.00113329 0.00158413 9.82083e-05 -5.68085e-05 0.000917368 0.000250525
internal_weight=31101.7 29530.6 13164.9 1387.77 11777.1 16365.7 1571.14 1206.68 790.204 16294.5 364.462 144.031 416.479
internal_count=46696 44473 20173 2083 18090 24300 2223 1702 1132 24206 521 207 570
is_linear=0
shrinkage=0.02


Tree=180
num_leaves=15
num_cat=0
split_feature=34 42 53 22 32 42 42 27 22 12 12 16 25 16
split_gain=2.66668 1.4239 1.56761 1.1033 1.78238 1.4369 2.0121 1.09836 0.920204 0.719955 0.707971 0.681473 0.672613 0.564935
threshold=0.88697462835112484 0.15000000000000005 -0.54999999999999993 0.50847842428396561 1.0000000180025095e-35 1.4500000000000002 1.3500000000000003 1.1777920554320558 0.56687772363824307 19.556926409661315 18.020228197138316 4.3366666666666687 1.2250000000000003 17.93000000000001
decision_type=2 2 2 2 2 2 2 2 2 2 2 2 2 2
left_child=1 9 12 5 -5 6 -2 -4 -6 13 -7 -11 -3 -1
right_child=3 2 7 4 8 10 -8 -9 -10 11 -12 -13 -14 -15
leaf_value=-0.00051997938681697163 0.00060294335257608919 0.00054683324409288559 -0.00014461892846629902 0.0026789294654860278 -0.0022791928082114186 0.00026395936011042859 -0.0021614799258114384 0.00023095362158105932 -3.4510296304981981e-05 0.0013356151437281497 0.0023933587866652975 -0.00010237151682081019 0.002220588841179795 0.00029031394651241754
leaf_weight=4984.3616930246353 2362.4293259084225 831.41366726160049 15560.965176820755 92.350967615842819 75.408162176609039 97.213040471076965 106.91952738165855 3876.7682296335697 1512.453561514616 156.32233798503876 260.37640663981438 738.62959015369415 114.03600758314133 352.13716876506805
leaf_count=7540 3571 1346 23436 157 108 136 148 5598 2233 240 341 1129 192 550
internal_value=-3.49388e-05 -0.000111428 -2.99962e-05 0.000414359 2.41778e-06 0.000655489 0.000477549 -6.91822e-05 -0.000150134 -0.000376093 0.00184696 0.000140073 0.00076353 -0.000464549
internal_weight=31121.8 26614.6 20383.2 4507.15 1680.21 2826.94 2469.35 19437.7 1587.86 6231.45 357.589 894.952 945.45 5336.5
internal_count=46725 40031 30572 6694 2498 4196 3719 29034 2341 9459 477 1369 1538 8090
is_linear=0
shrinkage=0.02


Tree=181
num_leaves=15
num_cat=0
split_feature=34 14 12 12 18 50 32 44 22 22 36 36 24 24
split_gain=2.57372 1.94166 1.19181 1.69265 1.19886 1.18645 1.07352 1.52848 1.38826 1.3361 1.06717 0.794643 0.706851 0.616091
threshold=1.0052966871929245 10.500000000000002 19.688574726264992 20.418638465739658 0.69046100662636956 0.0026670181234611005 1.0000000180025095e-35 1.1287451633546577 0.50847842428396561 -0.48983523046533767 1.3541666666666667 1.8944444444444446 1.1194283283839044 1.392396546468244
decision_type=2 2 2 2 2 2 2 2 2 2 2 2 2 2
left_child=1 2 4 -4 -1 12 7 -2 9 -8 -10 -9 -3 -7
right_child=6 5 3 -5 -6 13 8 11 10 -11 -12 -13 -14 -15
leaf_value=0.00097974716456734326 0 -0.00069807157824525439 0.00074042764968991091 -0.00089648938506530537 -6.7431932564797627e-05 -0.00017190152472830797 0.00023013268426361522 0.004994169276653122 0.00051124048840360179 0.0012854501808026333 -0.00069617151253524676 0.0013958877730253858 -2.5215572297807246e-05 0.00076970493521589785
leaf_weight=446.08384254574776 97.989396542310715 3606.7047918438911 1624.9592767655849 292.30282267928123 16998.875511556864 3681.0196800231934 1096.7450582683086 60.585047096014023 521.50451520085335 893.803835272789 651.76010048389435 60.368729531764984 793.05998885631561 296.02226626873016
leaf_count=676 146 5231 2494 430 25967 5324 1602 106 778 1343 964 114 1128 422
internal_value=-3.42075e-05 -9.80316e-05 1.15374e-05 0.000484981 -3.99722e-05 -0.000352426 0.000485952 0.00184642 0.000387539 0.000709829 -0.000151023 0.0033315 -0.000579127 -9.89503e-05
internal_weight=31121.8 27739 19362.2 1917.26 17445 8376.81 3382.76 218.943 3163.81 1990.55 1173.26 120.954 4399.76 3977.04
internal_count=46725 41672 29567 2924 26643 12105 5053 366 4687 2945 1742 220 6359 5746
is_linear=0
shrinkage=0.02


Tree=182
num_leaves=14
num_cat=0
split_feature=15 41 18 5 44 22 37 44 32 44 41 12 31
split_gain=1.23604 1.91683 1.77088 1.48948 1.34516 1.22222 1.14679 1.12686 0.986166 0.946719 0.805547 0.632422 0.590729
threshold=9.2165322073272655 1.5675982716887322 1.4422295029837462 41.520883585827704 0.68935385055407017 0.52218673199375909 0.67334023112795971 0.84330054808858446 0.45000000000000007 0.66298052667662466 1.6127272242596897 18.241820909281344 1.8997357088765894
decision_type=2 2 2 2 2 2 2 2 2 2 2 2 2
left_child=3 2 8 4 9 -6 -4 -5 -2 -1 -3 -12 -9
right_child=1 10 6 7 5 -7 -8 12 -10 -11 11 -13 -14
leaf_value=-0.00023442722535197948 0.00017955565493168058 -0.0022880626932915826 -5.9597069934601915e-06 0.00015907684203537089 0.00026288675254909009 -0.00024503897926466073 0.00039177758555500943 -0.00074792559473873751 0.00241597301915625 -0.0012789468067110935 -0.0011959538548289869 -0.00011320554701299619 0.00058529388741801827
leaf_weight=4294.1634640097618 140.63952735066414 114.64131689071655 8191.4462994933128 784.04988166689873 5855.3683653473854 2782.766969114542 4446.2325393557549 2788.7460170984268 214.63107225298882 382.81043261289597 338.04952725768089 658.56275671720505 129.67669376730919
leaf_count=6348 224 169 12266 1152 8898 4239 6443 4307 350 557 522 1025 225
internal_value=-3.34944e-05 0.00010453 0.000173365 -0.000148476 -4.89477e-05 9.80827e-05 0.000133222 -0.000503488 0.0015646 -0.000322569 -0.00069018 -0.000492146 -0.000684901
internal_weight=31121.8 14104.2 12992.9 17017.6 13315.1 8638.14 12637.7 3702.47 355.271 4676.97 1111.25 996.612 2918.42
internal_count=46725 20999 19283 25726 20042 13137 18709 5684 574 6905 1716 1547 4532
is_linear=0
shrinkage=0.02


Tree=183
num_leaves=14
num_cat=0
split_feature=34 13 15 34 32 5 22 5 22 36 42 16 22
split_gain=2.4119 1.6813 1.37862 1.23226 1.03548 1.58835 1.3252 1.57891 1.04515 1.02914 0.929385 0.635158 0.589689
threshold=1.0052966871929245 1.0000000180025095e-35 10.17282738147013 0.65048361433290502 1.0000000180025095e-35 35.418323705940459 0.50847842428396561 27.235591811378992 0.46540708126568392 1.3541666666666667 0.15000000000000005 10.910000000000005 1.2379794766426715
decision_type=2 2 2 2 2 2 2 2 2 2 2 2 2
left_child=1 10 11 -4 5 -2 7 -6 -7 -8 -1 -3 -12
right_child=4 2 3 -5 6 8 9 -9 -10 -11 12 -13 -14
leaf_value=-0.00063386371988937177 -0.00040680170929848874 -5.0867508432237825e-05 0.00011945483437866323 0.00081812238365819702 0.0025421668026621158 0.0013972223033388628 0.00049802638840669444 0.00050892826052556289 0.0051311401227556418 -0.00068748943938145668 -0.00010567601262523865 -0.00057405539013820003 -0.00053691488379427809
leaf_weight=2435.0340790748596 76.195973366498947 9945.111236423254 4517.0390287935734 1317.8150989711285 168.97420337796211 84.226427286863327 521.50451520085335 1821.5746901631355 58.520772516727448 651.76010048389435 6911.144648462534 1030.7214394509792 1582.1626493632793
leaf_count=3484 116 15528 7025 1955 260 145 778 2685 105 964 9737 1712 2231
internal_value=-3.28336e-05 -9.46286e-05 3.03799e-05 0.00027919 0.000470695 0.00180683 0.000373989 0.000688923 0.00304682 -0.00015208 -0.00028781 -0.000101006 -0.000187293
internal_weight=31121.8 27739 16810.7 5834.85 3382.76 218.943 3163.81 1990.55 142.747 1173.26 10928.3 10975.8 8493.31
internal_count=46725 41672 26220 8980 5053 366 4687 2945 250 1742 15452 17240 11968
is_linear=0
shrinkage=0.02


Tree=184
num_leaves=15
num_cat=0
split_feature=34 14 12 12 37 44 24 12 50 22 12 27 37 24
split_gain=2.32111 1.75277 1.14228 1.67058 1.12911 1.81817 1.48716 1.34302 1.06357 0.995458 1.30156 0.976056 0.97052 0.796929
threshold=1.0207471595628748 10.500000000000002 19.688574726264992 20.418638465739658 1.2306416094213801 1.0958331026154127 0.68959618028190983 19.330546451899625 0.0026670181234611005 -1.3466465005019688 18.706327139539649 1.7397542671663577 0.78330622522403492 0.98070184565669549
decision_type=2 2 2 2 2 2 2 2 2 2 2 2 2 2
left_child=1 2 13 -4 9 7 -7 -6 11 10 -2 -3 -11 -1
right_child=4 8 3 -5 5 6 -8 -9 -10 12 -12 -13 -14 -15
leaf_value=-0.00012553211692763902 0.0011256120634399597 -0.00060300039043778781 0.00072824930167041048 -0.00089619575282617382 -0.0011917414890807449 0.001395497610242857 9.9250956324345275e-05 0.00091611455991098378 -9.2935686800723596e-05 -0.00059043405840294701 -0.0022216601036567367 0.0010299287501788173 0.0015135927232350669 0.00017017883499302735
leaf_weight=12363.509141683578 102.80199271440506 4279.8368256688118 1630.7939850986004 292.90032330155373 493.49335685372353 567.85302427411079 985.21634310483932 152.96291944384575 3993.4050588309765 90.181959807872772 79.734134256839752 145.44556355476379 793.83967351913452 5149.8105608224869
leaf_count=18982 151 6201 2501 431 755 860 1417 231 5768 166 122 196 1183 7761
internal_value=-3.21602e-05 -9.16139e-05 1.23079e-05 0.000475046 0.000471593 0.000206527 0.000580817 -0.000676277 -0.000332681 0.00100746 -0.000290561 -0.000546631 0.00128682 -3.79976e-05
internal_weight=31121.8 27855.7 19437 1923.69 3266.08 2199.53 1553.07 646.456 8418.69 1066.56 182.536 4425.28 884.022 17513.3
internal_count=46725 41840 29675 2932 4885 3263 2277 986 12165 1622 273 6397 1349 26743
is_linear=0
shrinkage=0.02


Tree=185
num_leaves=13
num_cat=0
split_feature=34 43 30 13 34 30 2 23 1 43 13 34
split_gain=1.52555 2.14836 1.39884 1.37 1.27845 1.23068 1.14155 1.12731 0.860183 0.619614 0.61588 0.575908
threshold=0.45926212432403907 -0.24999999999999992 -0.10998928601361833 1.0105215092646536 1.2733613874983634 -0.061909733050999137 35.934250000000006 0.37173130688136985 9.2587500000000009 1.4500000000000002 1.4989330028202874 0.14280175004929294
decision_type=2 2 2 2 2 2 2 2 2 2 2 2
left_child=1 -1 3 4 -2 6 -4 -7 11 -10 -5 -3
right_child=2 8 5 10 -6 7 -8 -9 9 -11 -12 -13
leaf_value=0.0025150433952299128 -0.00056805426408210039 0 0.0010789340793801077 0.00093507026564267396 0.00069360363555762096 -0.0013856064424100998 -0.0013104414508632691 0.00025376142797700911 -0.00015133862948824465 0.001379033587562524 2.8053028769042172e-05 0.0022237998700939685
leaf_weight=121.66252088546753 2344.2401247620583 79.282252043485641 1120.4159552752972 509.57753324508667 363.82846456766129 167.70881083607674 80.762285053730011 8008.8414807617664 17456.455115497112 103.2609740793705 780.39371556043625 100.74992004036903
leaf_count=189 3327 129 1672 769 532 255 123 11761 26516 167 1248 142
internal_value=1.24973e-05 -0.000108104 0.000174282 -0.000137184 -0.000394474 0.000308138 0.00090806 0.000218583 -0.000126939 -0.000141614 0.000394985 0.00123528
internal_weight=31237.2 17861.4 13375.8 3998.04 2708.07 9377.73 1201.18 8176.55 17739.7 17559.7 1289.97 180.032
internal_count=46830 27143 19687 5876 3859 13811 1795 12016 26954 26683 2017 271
is_linear=0
shrinkage=0.02


Tree=186
num_leaves=10
num_cat=0
split_feature=34 43 14 4 0 36 24 34 1
split_gain=1.46485 2.06464 2.00341 1.65869 1.1987 0.987273 1.59699 1.4266 0.986264
threshold=0.45926212432403907 -0.24999999999999992 13.500000000000002 18.800875409321915 19.004712907276517 0.35416666666666669 0.29816915329985205 0.29009663342637554 30.840000000000003
decision_type=2 2 2 2 2 2 2 2 2
left_child=1 -1 3 -2 -5 7 -7 -3 -4
right_child=2 5 8 4 -6 6 -8 -9 -10
leaf_value=0.0024655560173565496 -0.0017821708012741258 -0.00014739770686629476 -0.00062382426384185693 0.00067873791706343409 0.00015044952348815894 0.0010375471987649758 -0.0004922145717130372 0.00035425208444359751 -0.003169491836806954
leaf_weight=121.66252088546753 161.96071347594261 10542.024398833513 229.29677748680115 2064.3078921735287 10830.4962849617 287.12808722257614 4028.8041632771492 2881.7916123270988 89.706701964139938
leaf_count=189 240 16079 309 3067 15952 512 6187 4176 119
internal_value=1.22715e-05 -0.000105899 0.000170811 0.000209822 0.00023589 -0.000124374 -0.000387694 -3.89232e-05 -0.00138613
internal_weight=31237.2 17861.4 13375.8 13056.8 12894.8 17739.7 4315.93 13423.8 319.003
internal_count=46830 27143 19687 19259 19019 26954 6699 20255 428
is_linear=0
shrinkage=0.02


Tree=187
num_leaves=14
num_cat=0
split_feature=33 23 32 27 13 5 53 19 13 35 19 24 31
split_gain=1.3246 1.32365 1.23206 0.886767 0.864132 0.806538 1.04745 0.825921 0.795504 0.791305 1.46751 0.66122 0.63154
threshold=0.55000000000000016 1.3874353282437648 0.15000000000000005 1.0632850140037762 0.30427145889085688 49.317735951272674 -0.6499999999999998 1.1234778772925245 2.4769091732542825 0.77500000000000013 2.9084691529654125 0.94122701716124191 1.3451755596315891
decision_type=2 2 2 2 2 2 2 2 2 2 2 2 2
left_child=2 5 8 4 -4 6 -2 -7 -1 11 -11 -3 -5
right_child=1 9 3 12 -6 7 -8 -9 -10 10 -12 -13 -14
leaf_value=0.00033668999826537985 0.0017554927024670472 0.00014719153214741144 -0.00037174226256037448 -1.760553515352365e-05 -5.5402650567621132e-05 0.00033947598398151432 1.7036247030924482e-05 0.0017240900176823681 0.0022079912915283985 0.00091388187571318693 0.0041806658750329594 0.0016419713491316081 0.00051688589315197341
leaf_weight=1395.7614359855652 139.29761216044426 593.71867361664772 6706.6453917920589 3876.1346849501133 7299.9276781976223 950.93728411197662 8334.0351426899433 218.41169783473015 98.378149300813675 266.91658958792686 72.919444173574448 152.53243252635002 1131.562935680151
leaf_count=2155 221 968 9630 5705 11366 1352 12474 329 179 435 119 250 1647
internal_value=1.20177e-05 0.000192341 -8.18385e-05 -0.000125723 -0.000207618 0.000116496 4.72031e-05 0.000609134 0.000469372 0.000855073 0.00166446 0.000469659 0.000101333
internal_weight=31237.2 10728.8 20508.4 19014.3 14006.6 9642.68 8473.33 1169.35 1494.14 1086.09 339.836 746.251 5007.7
internal_count=46830 16148 30682 28348 20996 14376 12695 1681 2334 1772 554 1218 7352
is_linear=0
shrinkage=0.02


Tree=188
num_leaves=10
num_cat=0
split_feature=34 43 14 4 30 37 34 30 1
split_gain=1.3878 1.98076 1.92531 1.59201 1.51027 0.955889 1.96987 1.14755 0.948361
threshold=0.45926212432403907 -0.24999999999999992 13.500000000000002 18.800875409321915 -0.10998928601361833 0.34179096042276619 0.29009663342637554 0.056965104932915157 30.840000000000003
decision_type=2 2 2 2 2 2 2 2 2
left_child=1 -1 3 -2 -5 6 -3 -7 -4
right_child=2 5 8 4 -6 7 -8 -9 -10
leaf_value=0.0024154435156178511 -0.0017470141083773835 -0.00016347489864023144 -0.00061149286974875809 -9.8778311002980024e-05 0.00037179375384723982 -0.00064161317904918897 0.00042902108623351482 2.0717459351933584e-05 -0.0031093919724689435
leaf_weight=121.66252088546753 161.96071347594261 10577.565981298685 229.29677748680115 3865.2254995107651 9029.578677624464 2628.9565678238869 2843.5354273021221 1689.6902852356434 89.706701964139938
leaf_count=189 240 16161 309 5689 13330 4059 4116 2618 119
internal_value=1.18393e-05 -0.000103172 0.00016616 0.000204418 0.000229971 -0.000121279 -3.71523e-05 -0.000380269 -0.00136007
internal_weight=31237.2 17861.4 13375.8 13056.8 12894.8 17739.7 13421.1 4318.65 319.003
internal_count=46830 27143 19687 19259 19019 26954 20277 6677 428
is_linear=0
shrinkage=0.02


Tree=189
num_leaves=11
num_cat=0
split_feature=34 14 5 30 1 1 37 34 24 34
split_gain=1.33182 1.85175 1.47012 1.29466 0.965386 0.910449 0.752348 2.12718 1.65763 0.687018
threshold=0.45926212432403907 13.500000000000002 20.183555760831855 -0.10998928601361833 9.2587500000000009 30.840000000000003 0.34179096042276619 0.29009663342637554 0.32521006026116789 0.14280175004929294
decision_type=2 2 2 2 2 2 2 2 2 2
left_child=4 2 -2 -4 9 -3 7 -6 -8 -1
right_child=1 5 3 -5 6 -7 8 -9 -10 -11
leaf_value=0 -0.0019474081445441719 -0.00059936873860427971 -8.1300388368571715e-05 0.00035320077770196377 -0.00017440524113295869 -0.0030485603100546764 0.0010354496898447784 0.00043952201456723617 -0.00045669986467259554 0.0023849885065094461
leaf_weight=79.871445924043655 123.33292722702026 229.29677748680115 3887.1487813591957 9046.2831820249557 10458.773328185081 89.706701964139938 316.05016592144966 2873.1915730834007 4029.5410848855972 103.98318454623222
leaf_count=130 180 309 5722 13357 15981 119 550 4160 6176 146
internal_value=1.15792e-05 0.000162762 0.000200294 0.000221846 -0.000101082 -0.00133396 -0.000116665 -4.13008e-05 -0.000345451 0.00132855
internal_weight=31237.2 13375.8 13056.8 12933.4 17861.4 319.003 17677.6 13332 4345.59 183.855
internal_count=46830 19687 19259 19079 27143 428 26867 20141 6726 276
is_linear=0
shrinkage=0.02


Tree=190
num_leaves=14
num_cat=0
split_feature=13 16 17 42 42 19 4 4 23 23 51 51 4
split_gain=1.50113 1.55278 1.55269 1.42338 1.00521 0.852985 0.823701 0.814627 0.747431 0.918576 0.599626 0.688066 0.643465
threshold=0.37826548569600155 15.200000000000005 3.308625495599224 0.15000000000000005 0.75000000000000011 2.1759736181929008 40.18824904408482 21.366653985327737 1.8044871977507184 1.1900337852645604 1.0045752186049548 1.108875505315601 33.001931850297318
decision_type=2 2 2 2 2 2 2 2 2 2 2 2 2
left_child=3 8 4 10 -3 7 -7 -5 9 -2 12 -12 -1
right_child=1 2 -4 5 -6 6 -8 -9 -10 -11 11 -13 -14
leaf_value=-0.00020308654645565308 7.9819594771557013e-05 0.00047179320160022965 -0.00085036580798097798 -0.0012596431056835649 0.001442668525619052 0.0010293152267285991 -9.2593494221524748e-05 -9.5265171828415256e-05 0.00086780128106073596 -0.000335271487174751 0.00077479602323391611 -0.00043311064942831582 -0.00098219119445131127
leaf_weight=651.54628631472588 9752.6600099503994 1856.8440925180912 278.57781937718391 245.59198322892189 578.90083536505699 527.81223940849304 487.45660576224327 11022.824732095003 397.92398929595947 2725.1285774707794 240.17101058363914 811.04061380028725 1446.0939662754536
leaf_count=952 15130 2963 413 348 866 760 708 15748 718 4336 348 1171 2121
internal_value=-2.91346e-05 0.000108888 0.000543545 -0.00016921 0.000707637 -7.0988e-05 0.000481705 -0.000121749 1.64112e-05 -1.00735e-05 -0.00054891 -0.000146697 -0.000745381
internal_weight=31022.6 15590 2714.32 15432.5 2435.74 12283.7 1015.27 11268.4 12875.7 12477.8 3148.85 1051.21 2097.64
internal_count=46582 24426 4242 22156 3829 17564 1468 16096 20184 19466 4592 1519 3073
is_linear=0
shrinkage=0.02


Tree=191
num_leaves=15
num_cat=0
split_feature=16 18 53 19 34 33 51 33 4 18 51 33 19 12
split_gain=1.30267 1.74364 1.26906 1.18945 1.14079 1.03057 0.878775 0.853386 0.848165 0.822288 0.81193 0.771753 0.710647 0.583433
threshold=15.200000000000005 3.082549726681663 0.14999999999999999 2.9084691529654125 1.0960789459665534 0.25000000000000006 0.99399409267018812 1.0000000180025095e-35 39.395773185103934 1.1934403136926581 0.8736661530354014 -0.54999999999999993 3.1869612828604006 18.669679157630803
decision_type=2 2 2 2 2 2 2 2 2 2 2 2 2 2
left_child=2 4 5 13 11 12 10 -6 -7 -5 -3 -2 -1 -4
right_child=1 6 3 9 7 8 -8 -9 -10 -11 -12 -13 -14 -15
leaf_value=-8.2670640993263452e-05 -0.0011521283668354527 -0.00022533291139029487 -0.00011592296649027973 0.0016101786354170628 0.0032623542906273866 5.3405100878837193e-05 -0.0007652572324316272 0.00097598451630474792 0.00053637263231640705 6.7190763334166776e-05 0.00097314800040286672 0.00041309536103619447 -0.0011842349144974475 -0.00038365447782799092
leaf_weight=5199.4766578674316 127.03317818045616 765.70822244882584 6331.9636521935463 220.09983718395233 79.001217931509018 3821.8434804081917 757.52536484599113 559.82442870736122 2400.8375709950924 405.02422934770584 315.18214386701584 2776.8902042210102 245.75546076893806 7016.4071124792099
leaf_count=7794 193 1120 9240 318 133 5979 1120 824 3822 629 458 4222 376 10354
internal_value=-2.85578e-05 0.000253812 -8.82218e-05 -0.000216946 0.000513963 6.50921e-05 -0.000242096 0.00128364 0.000241463 0.000629809 0.000116055 0.000340437 -0.000134639 -0.000257438
internal_weight=31022.6 5381.16 25641.4 13973.5 3542.75 11667.9 1838.42 638.826 6222.68 625.124 1080.89 2903.92 5445.23 13348.4
internal_count=46582 8070 38512 20541 5372 17971 2698 957 9801 947 1578 4415 8170 19594
is_linear=0
shrinkage=0.02


Tree=192
num_leaves=13
num_cat=0
split_feature=13 16 34 16 36 12 12 1 40 34 19 19
split_gain=1.439 1.45286 1.5076 1.55219 1.12193 0.936265 1.13056 0.786134 0.745491 1.11276 1.11023 0.989505
threshold=0.37826548569600155 15.200000000000005 0.63848414453448632 16.970000000000006 0.31666666666666671 17.727067366620727 17.866824675577877 29.683333333333337 0.064896986131983123 0.36288832018019751 2.1331077420656448 2.3553328423294855
decision_type=2 2 2 2 2 2 2 2 2 2 2 2
left_child=8 5 4 -4 -3 7 -7 -2 9 -1 -10 -12
right_child=1 2 3 -5 -6 6 -8 -9 10 -11 11 -13
leaf_value=-0.00027735095541132942 0.00016554691924385763 0.00069069073280513189 0.0024105251785533593 0.00062995476452193139 -0.0003290193400519489 -0.00094372828454529836 -6.1137392123544697e-06 0.0010761100220050763 -0.0004957809437794974 0.00012853896419784289 0.0020836021722080867 3.9303520712722081e-07
leaf_weight=5356.5339378118515 1414.1757791638374 829.63325408101082 281.89250403642654 720.76465797424316 882.03233116865158 540.55275049805641 10385.166294038296 535.8177530169487 4070.4503290951252 5411.6378502547741 113.48526784777641 480.43005245923996
leaf_count=7789 2135 1322 417 1099 1404 823 16387 839 5861 7646 168 692
internal_value=-2.79686e-05 0.00010716 0.000527617 0.00114431 0.000159621 1.76792e-05 -5.35818e-05 0.00042172 -0.000165121 -7.2453e-05 -0.000376788 0.00042089
internal_weight=31022.6 15590 2714.32 1002.66 1711.67 12875.7 10925.7 1949.99 15432.5 10768.2 4664.37 593.915
internal_count=46582 24426 4242 1516 2726 20184 17210 2974 22156 15435 6721 860
is_linear=0
shrinkage=0.02


Tree=193
num_leaves=14
num_cat=0
split_feature=15 18 14 51 18 19 19 34 40 34 51 53 23
split_gain=1.26927 2.0217 1.38649 1.35324 1.28912 1.06538 1.21994 1.02503 0.899294 0.754536 1.30979 0.882435 0.649593
threshold=10.570588883839333 3.082549726681663 9.5000000000000018 1.5126572000511598 1.4591200610655373 2.8299536184640961 3.7075798658825705 0.049198219945158057 -0.24338610940291697 0.9369882268557751 0.47464256531605414 0.14999999999999999 0.78058667534989479
decision_type=2 2 2 2 2 2 2 2 2 2 2 2 2
left_child=4 2 8 -4 5 7 -7 -1 -2 11 -11 -6 -3
right_child=1 12 3 -5 9 6 -8 -9 -10 10 -12 -13 -14
leaf_value=-0.00093163658624112195 0.0015760382443887756 -0.0011605439787896862 -3.2725008710155307e-05 0.0016112298803940398 -1.2808645791643853e-05 0.0014820236376090604 -7.0630929574235098e-05 1.8730442528195225e-05 0.00046149400338073467 -0.0031785682527816022 -0.00055861403203974784 -0.00041719038955950494 -0.00022469155081992521
leaf_weight=474.73544034361839 322.29733467102051 358.33048224449158 4291.1827989220619 207.74278771877289 3871.2308261394501 414.31050115823746 370.91952326893806 9241.1898030042648 3818.2068035304546 91.412239193916321 527.16605100035667 5031.2116692960262 2002.636500954628
leaf_count=777 494 524 6197 327 5979 633 553 13819 5831 151 789 7559 2949
internal_value=-2.73769e-05 0.000144782 0.00028717 4.16469e-05 -0.000122467 2.94794e-05 0.000737576 -2.68591e-05 0.000551383 -0.000291077 -0.000970896 -0.00024251 -0.000371822
internal_weight=31022.6 11000.4 8639.43 4498.93 20022.2 10501.2 785.23 9715.93 4140.5 9521.02 618.578 8902.44 2360.97
internal_count=46582 16322 12849 6524 30260 15782 1186 14596 6325 14478 940 13538 3473
is_linear=0
shrinkage=0.02


Tree=194
num_leaves=14
num_cat=0
split_feature=13 42 53 18 4 17 33 51 23 1 18 18 51
split_gain=1.3601 1.35178 1.40273 0.921219 1.329 0.918081 0.828116 0.776052 0.769559 0.800677 0.601532 0.581299 0.632264
threshold=0.37826548569600155 0.15000000000000005 1.0000000180025095e-35 1.931336025111295 36.543377496046197 3.1460438255793721 -0.44999999999999996 0.41875841914781819 2.1808295935743547 9.2587500000000009 1.2021895162199316 3.1940085674000569 0.90301391905812156
decision_type=2 2 2 2 2 2 2 2 2 2 2 2 2
left_child=1 11 7 8 -5 -6 -4 -3 9 -2 -10 12 -1
right_child=3 2 6 4 5 -7 -8 -9 10 -11 -12 -13 -14
leaf_value=-0.00071088065194431244 0.0015458744014756173 -0.00017149525008617697 -0.0011088679285636779 0.0013305211893847194 0.00030289532882896939 -0.00037979829024096688 -0.00016775774490009797 0.00042569647013806735 0.0023973232802016005 -8.1043339160224878e-05 0 -0.0019166667761888905 -0.00011165147995065621
leaf_weight=1799.4390816986561 120.29783552885056 1234.1700787842274 396.11875361204147 451.04550194740295 5412.5891663134098 908.40362957119942 7859.3234631419182 2794.0732649564743 89.865615576505661 8524.4163239598274 83.417251080274582 119.25995472073555 1230.1528405547142
leaf_count=2633 189 1774 549 672 8485 1368 11147 4094 156 13383 173 173 1786
internal_value=-2.68505e-05 -0.000160197 -6.44635e-05 0.000104511 0.00028005 0.000203113 -0.000214383 0.000240254 -2.91977e-05 -5.68947e-05 0.00128038 -0.000530204 -0.000471099
internal_weight=31022.6 15432.5 12283.7 15590 6772.04 6320.99 8255.44 4028.24 8818 8644.71 173.283 3148.85 3029.59
internal_count=46582 22156 17564 24426 10525 9853 11696 5868 13901 13572 329 4592 4419
is_linear=0
shrinkage=0.02


Tree=195
num_leaves=11
num_cat=0
split_feature=53 33 14 35 33 50 0 33 33 0
split_gain=1.61864 0.890118 0.837357 1.30693 0.811693 1.05499 0.642129 0.552059 0.57004 0.531748
threshold=1.0000000180025095e-35 0.95000000000000007 12.500000000000002 1.3666666666666669 -0.14999999999999988 0.29265423682251451 36.392589865339296 1.3500000000000003 1.1500000000000004 16.934371128226257
decision_type=2 2 2 2 2 2 2 2 2 2
left_child=1 6 4 9 -2 -6 -1 8 -3 -4
right_child=2 7 3 -5 5 -7 -8 -9 -10 -11
leaf_value=0.00016075939110978988 -0.00035460391885560558 0.00067838522167876518 0.00064571316960270549 -0.0026860103948964133 -7.6845062347060024e-05 0.0004023961446004802 -0.0013841015169426601 -0.00018493155690134762 0.0020979505476547981 -0.00054492940488819913
leaf_weight=10474.524642467499 3317.9720775187016 391.92670157551765 163.08778792619705 107.89586734771729 13012.308638960123 2136.3976180255413 105.52055487036705 140.6944442987442 182.78381863236427 1169.2938274741173
leaf_count=16288 4814 613 227 146 19261 3153 173 224 286 1604
internal_value=5.15881e-09 0.000191538 -0.000108179 -0.000573298 -7.13033e-05 -8.55422e-06 0.000144148 0.000876092 0.00115292 -0.000390947
internal_weight=31202.4 11295.5 19907 1440.28 18466.7 15148.7 10580 715.405 574.711 1332.38
internal_count=46789 17584 29205 1977 27228 22414 16461 1123 899 1831
is_linear=0
shrinkage=0.02


Tree=196
num_leaves=9
num_cat=0
split_feature=53 42 42 22 22 45 14 34
split_gain=1.55476 0.94884 0.908539 0.856311 1.01274 0.719972 0.738039 0.574572
threshold=1.0000000180025095e-35 0.15000000000000005 1.4500000000000002 -0.6955330821308543 0.32743987161770477 0.45000000000000007 8.5000000000000018 0.29009663342637554
decision_type=2 2 2 2 2 2 2 2
left_child=1 -1 5 -3 -5 6 -2 -7
right_child=2 3 -4 4 -6 7 -8 -9
leaf_value=-0.00011277459444993273 0.00017963297766549505 -2.244935673302164e-05 0.00060181241045057573 0.00073226263249202297 0.00019833474221893861 -0.0002443686394192392 -0.00066209730790876722 0
leaf_weight=3027.3610300719738 521.68863332271576 2324.4741142094135 692.98618125915527 2516.9058005511761 3426.7092170119286 5960.905639231205 1767.2419391274452 10964.133424311876
leaf_count=4843 814 3568 981 3874 5299 8930 2557 15923
internal_value=0 0.000187712 -0.000106031 0.000298945 0.000426286 -0.000132141 -0.000465897 -8.63633e-05
internal_weight=31202.4 11295.5 19907 8268.09 5943.62 19214 2288.93 16925
internal_count=46789 17584 29205 12741 9173 28224 3371 24853
is_linear=0
shrinkage=0.02


Tree=197
num_leaves=14
num_cat=0
split_feature=53 33 22 22 0 14 35 33 0 33 33 0 0
split_gain=1.49298 0.852269 0.836329 1.17471 0.909357 0.803121 1.26113 0.784706 0.775973 0.53142 0.547546 0.513169 0.501543
threshold=1.0000000180025095e-35 0.95000000000000007 -0.6955330821308543 0.29880189672480478 30.976864142302428 12.500000000000002 1.3666666666666669 -0.44999999999999996 14.184167513905194 1.3500000000000003 1.1500000000000004 16.934371128226257 19.793044301678503
decision_type=2 2 2 2 2 2 2 2 2 2 2 2 2
left_child=1 2 4 -4 -1 7 11 12 -9 10 -3 -7 -2
right_child=5 9 3 -5 -6 6 -8 8 -10 -11 -12 -13 -14
leaf_value=-0.00028820937524963236 -0.0015731970168880228 0.00065979157661466635 0.00054374437640863514 3.6691582423677454e-05 0.00070905806471038097 0.00063793650261030231 -0.0026348781365824886 0.00058074851984662675 -6.4537125267955333e-05 -0.0001863264154999958 0.0020520191677721789 -0.00053152671070631264 -0.00038285196712635938
leaf_weight=2563.9130276441574 179.8411865234375 391.92670157551765 3166.5213366448879 4428.992378115654 420.6184549331665 163.08778792619705 107.89586734771729 776.51904940605164 16640.383798569441 140.6944442987442 182.78381863236427 1169.2938274741173 869.93430000543594
leaf_count=3963 244 613 4895 6936 667 227 146 1149 24578 224 286 1604 1257
internal_value=0 0.000183943 0.000137552 0.000249482 -0.000143933 -0.000103905 -0.000559407 -6.77808e-05 -3.51301e-05 0.000853774 0.0011255 -0.000380145 -0.000598886
internal_weight=31202.4 11295.5 10580 7595.51 2984.53 19907 1440.28 18466.7 17416.9 715.405 574.711 1332.38 1049.78
internal_count=46789 17584 16461 11831 4630 29205 1977 27228 25727 1123 899 1831 1501
is_linear=0
shrinkage=0.02


Tree=198
num_leaves=9
num_cat=0
split_feature=53 42 42 21 50 50 0 34
split_gain=1.43463 0.907295 0.872975 1.04944 1.27695 0.780351 0.757594 0.524687
threshold=1.0000000180025095e-35 0.15000000000000005 1.4500000000000002 1.0256331687616085 0.010219193947728153 -0.81126268490451781 14.184167513905194 1.1652870256943313
decision_type=2 2 2 2 2 2 2 2
left_child=1 -1 5 -4 -5 -2 -7 -3
right_child=2 7 3 4 -6 6 -8 -9
leaf_value=-0.00011349455512035497 -0.002071334334906149 0.00023218587291782997 0.0013129069792787787 0.0010111731515416286 -0.0014908854231024018 0.00046914695537617881 -0.0001457280134154779 0.00075674917054361127
leaf_weight=3027.3610300719738 80.883313447237015 7392.7473368644714 373.55752351880074 158.08595803380013 161.34269970655441 829.45193693041801 18303.634385615587 875.34179490804672
leaf_count=4843 119 11398 532 216 233 1220 26885 1343
internal_value=0 0.000180312 -0.000101855 0.000591985 -0.000222913 -0.000127459 -0.000118503 0.0002891
internal_weight=31202.4 11295.5 19907 692.986 319.429 19214 19133.1 8268.09
internal_count=46789 17584 29205 981 449 28224 28105 12741
is_linear=0
shrinkage=0.02


Tree=199
num_leaves=11
num_cat=0
split_feature=53 45 34 34 20 34 37 37 20 37
split_gain=1.37777 0.84549 0.829231 0.718222 0.886299 0.684103 0.617777 0.908883 0.502627 0.501073
threshold=1.0000000180025095e-35 0.45000000000000007 2.2058421359942662 1.1652870256943313 -3.4946734230488352 0.29009663342637554 1.0911535800520378 0.9689476050978022 1.6471213146775343 1.3151059414684607
decision_type=2 2 2 2 2 2 2 2 2 2
left_child=3 -2 5 6 -5 -3 7 -1 -6 -8
right_child=1 2 -4 4 8 -7 9 -9 -10 -11
leaf_value=0.00012354647107913841 -0.00045710848401063904 -0.00023940109063534456 0.0012478373765109892 -0.0013985532157136443 0.0011381687203545869 2.3824563047056916e-05 -0.00098836642567821302 0.0011651814956200161 0 0.00043044187304483813
leaf_weight=9529.7789991497993 2342.3922288417816 6004.0514287650585 191.5185526907444 68.835160166025162 684.95515403151512 11368.993606954813 338.70624196529388 348.51957800984383 196.69603532552719 127.95899319648743
leaf_count=14867 3453 8999 304 111 1074 16449 513 517 300 202
internal_value=0 -9.98098e-05 -5.15449e-05 0.000176709 0.000704606 -6.65867e-05 0.000127113 0.000161537 0.000882921 -0.000577817
internal_weight=31202.4 19907 17564.6 11295.5 950.486 17373 10345 9878.3 881.651 466.665
internal_count=46789 29205 25752 17584 1485 25448 16099 15384 1374 715
is_linear=0
shrinkage=0.02


Tree=200
num_leaves=12
num_cat=0
split_feature=34 3 37 43 22 42 24 12 18 22 24
split_gain=1.69026 1.48543 1.42197 1.40567 1.33112 1.28493 0.95367 0.981882 0.952118 0.918056 0.783531
threshold=0.24209343366877165 38.661864621851855 0.20924026353732772 -0.34999999999999992 -0.6955330821308543 1.0500000000000003 0.068587426900460255 19.152319453778549 1.7118679815640556 0.12089032287690932 1.275366522440962
decision_type=2 2 2 2 2 2 2 2 2 2 2
left_child=6 3 10 8 -5 -4 -1 -8 -2 -9 -3
right_child=1 2 5 4 -6 -7 7 9 -10 -11 -12
leaf_value=0.001980402875320197 0.0021656701354634813 0.00050521897330329624 -0.00016230434525270067 -0.00014012786984357901 0.00040195792877357079 0.00052072114546526118 -0.00036685593596488857 -0.0002630084276975349 -0.00021501918799299552 0.00046096762364552195 0.0023360657239629708
leaf_weight=75.82934644818306 256.87932372093201 686.39836096763611 10364.647326350212 2471.3281501829624 6545.0584833025932 1225.9448127150536 6434.0570702850819 1457.1163137853146 80.390664964914322 1334.423839122057 112.9171886742115
leaf_count=155 384 1021 15501 3619 9681 1724 9880 2243 125 2079 169
internal_value=1.40567e-05 0.000110878 -3.20281e-05 0.000301207 0.000252269 -8.91203e-05 -0.000211179 -0.000230701 0.00157082 7.95722e-05 0.000781522
internal_weight=31045 21743.6 12389.9 9353.66 9016.39 11590.6 9301.43 9225.6 337.27 2791.54 799.316
internal_count=46581 32224 18415 13809 13300 17225 14357 14202 509 4322 1190
is_linear=0
shrinkage=0.02


Tree=201
num_leaves=10
num_cat=0
split_feature=34 4 3 27 43 12 22 27 39
split_gain=1.62323 1.61572 1.8322 1.4882 1.2571 0.879637 0.924497 0.718246 0.681556
threshold=0.24209343366877165 17.808333667611276 38.661864621851855 0.15011461277603519 -0.34999999999999992 19.152319453778549 0.12089032287690932 0.48156077563882332 1.0000000180025095e-35
decision_type=2 2 2 2 2 2 2 2 2
left_child=5 8 4 -4 -3 -1 7 -7 -2
right_child=1 2 3 -5 -6 6 -8 -9 -10
leaf_value=-0.00033507066094129679 -0.0023501570497138791 0.001575669080713516 0.0018021721651066097 -5.8033813186361542e-05 0.00029526532011301955 -0.00094289325405956504 0.00046707146273950595 1.9549909695974411e-05 0
leaf_weight=6494.7351418435574 148.37946239113808 320.39306825399399 172.29808884859085 12217.138177096844 8813.0789361596107 429.79334196448326 1343.9377201199532 1032.9603657126427 72.27657812833786
leaf_count=10007 215 485 293 18121 13001 682 2095 1573 109
internal_value=1.37913e-05 0.000108679 0.000126633 -3.10705e-05 0.00034161 -0.000206926 8.60712e-05 -0.000257314 -0.00158301
internal_weight=31045 21743.6 21522.9 12389.4 9133.47 9301.43 2806.69 1462.75 220.656
internal_count=46581 32224 31900 18414 13486 14357 4350 2255 324
is_linear=0
shrinkage=0.02


Tree=202
num_leaves=10
num_cat=0
split_feature=34 4 3 43 3 36 24 22 22
split_gain=1.55882 1.5525 1.75985 1.20736 1.13599 1.09098 0.917855 0.784253 0.545769
threshold=0.24209343366877165 17.808333667611276 38.661864621851855 -0.34999999999999992 41.021762601344577 0.68333333333333346 0.068587426900460255 0.62755047458895785 0.58341303469278449
decision_type=2 2 2 2 2 2 2 2 2
left_child=6 5 3 -3 -4 -2 -1 8 -8
right_child=1 2 4 -5 -6 -7 7 -9 -10
leaf_value=0.0019472612609959846 -0.0024987261047743911 0.0015443511966160934 -0.00046524404487386479 0.00028936135605957426 5.3133548081933788e-05 0.0004090551325510337 -0.00032038248405849519 4.4420632380559218e-05 -0.0017137575001358518
leaf_weight=75.82934644818306 151.85936471819878 320.39306825399399 2014.9570094347 8813.0789361596107 10374.479256510735 68.796675801277161 6165.5684578716755 2943.6525683403015 116.37619698047638
leaf_count=155 222 485 2984 13001 15430 102 9421 4604 177
internal_value=1.35167e-05 0.000106509 0.000124116 0.000334808 -3.04273e-05 -0.00155169 -0.000202769 -0.000221943 -0.000348324
internal_weight=31045 21743.6 21522.9 9133.47 12389.4 220.656 9301.43 9225.6 6281.94
internal_count=46581 32224 31900 13486 18414 324 14357 14202 9598
is_linear=0
shrinkage=0.02


Tree=203
num_leaves=12
num_cat=0
split_feature=42 35 0 24 43 24 42 17 17 27 23
split_gain=1.30497 1.83513 1.26092 1.26327 1.06201 0.9173 0.753259 1.1199 0.725553 0.699137 0.582969
threshold=0.35000000000000003 1.9000000000000001 14.476268463386758 0.15304853351029693 0.45000000000000007 1.8093541491699188 0.8500000000000002 0.70465107738984312 0.96465934324723868 1.1856904713293663 0.70249985509185187
decision_type=2 2 2 2 2 2 2 2 2 2 2
left_child=1 9 6 4 -4 -5 8 -8 -2 -1 -11
right_child=2 -3 3 5 -6 -7 7 -9 -10 10 -12
leaf_value=-0.00019903759746670813 0.00097082650034336184 0.0028586298482743779 0.0036888785190167324 0.00010360500070330403 7.5071613329408135e-05 -0.0010151261215827576 0 0.0032345668879473388 -0.00064514531801820678 -0.00063266543239620622 0.00027859748051707318
leaf_weight=12439.493220955133 417.03073227405548 79.992137253284454 70.095498919487 14784.619740754366 70.119910955429077 295.76101598143578 73.494505047798157 117.46285060048103 141.9794870018959 313.92816224694252 2241.0136185288429
leaf_count=18907 644 138 140 21864 142 426 102 166 217 469 3366
internal_value=1.32519e-05 -0.000119851 0.000139511 9.92648e-05 0.00197845 8.08694e-05 0.000940575 0.0020386 0.000541734 -0.000136786 0.000162312
internal_weight=31045 15074.4 15970.6 15220.6 140.215 15080.4 749.968 190.957 559.01 14994.4 2554.94
internal_count=46581 22880 23701 22572 282 22290 1129 268 861 22742 3835
is_linear=0
shrinkage=0.02


Tree=204
num_leaves=9
num_cat=0
split_feature=23 43 3 36 36 12 0 13
split_gain=1.05712 1.03921 1.69608 1.14894 0.831784 1.02427 0.829698 0.741035
threshold=0.44418939301367194 -0.34999999999999992 37.02311218476698 1.3166666666666669 2.5277777777777781 19.348352339537431 16.007411175585002 3.3098328635711822
decision_type=2 2 2 2 2 2 2 2
left_child=6 2 -2 -4 7 -6 -1 -3
right_child=1 4 3 -5 5 -7 -8 -9
leaf_value=0.00026003700137786762 0.0020591788576484978 6.0598980874895644e-06 0.00047731340290853416 -0.0021577488339683372 0.0022468166643635342 -0.0005494229648900068 -0.00057650002230854962 0.0010345124184983128
leaf_weight=605.46600070595741 265.67980152368546 27163.738840758801 477.3051845729351 74.383923470973969 143.03995418548584 73.272837728261948 1960.6171960234642 281.48714154958725
leaf_count=930 412 40636 697 122 221 114 2944 505
internal_value=1.30155e-05 4.83684e-05 0.000750775 9.74581e-05 2.71988e-05 0.00125747 -0.000375177 1.7047e-05
internal_weight=31045 28478.9 817.369 551.689 27661.5 216.313 2566.08 27445.2
internal_count=46581 42707 1231 819 41476 335 3874 41141
is_linear=0
shrinkage=0.02


Tree=205
num_leaves=11
num_cat=0
split_feature=42 33 23 23 23 23 5 51 1 23
split_gain=1.42035 0.971993 1.0249 0.925694 0.894446 0.983673 0.854575 0.751877 1.19749 0.617762
threshold=1.2500000000000002 1.0500000000000003 1.1696931798523014 0.56759426192857965 0.90624635796878794 1.0699654616222525 26.829003112342559 0.41875841914781819 16.115611111111118 0.41023720706137856
decision_type=2 2 2 2 2 2 2 2 2 2
left_child=1 7 3 -3 6 -6 -2 8 -1 -9
right_child=4 2 -4 -5 5 -7 -8 9 -10 -11
leaf_value=0.00012717592531554824 -0.00073772262396570962 -0.00061155297568265599 -0.00037481974921865432 0.00080089176051358058 -0.00066507928744229225 0.00066529730980077295 0.0014330243510200088 -0.00046337897214605704 -0.00044307169840877993 0
leaf_weight=2086.5314028561115 75.872311621904373 204.52458167076111 556.00522401928902 1388.2208458185196 349.55211108922958 589.40280583500862 547.02210214734077 1220.4033245742321 4814.8153857886791 19365.177424043417
leaf_count=3138 112 319 864 2075 481 844 769 1839 7247 29132
internal_value=-2.48135e-05 -5.61155e-05 0.000352419 0.00061271 0.000562051 0.000159039 0.0011511 -8.84392e-05 -0.000269229 -2.7323e-05
internal_weight=31197.5 29635.7 2148.75 1592.75 1561.85 938.955 622.894 27486.9 6901.35 20585.6
internal_count=46820 44614 3258 2394 2206 1325 881 41356 10385 30971
is_linear=0
shrinkage=0.02


Tree=206
num_leaves=14
num_cat=0
split_feature=42 50 2 42 15 23 15 14 50 50 15 15 23
split_gain=1.36366 1.02412 0.948391 1.1976 1.14529 1.18725 1.13609 0.847386 0.741723 0.749409 0.716324 0.846874 0.828071
threshold=1.2500000000000002 0.004991646994219401 14.636145833333336 0.8500000000000002 8.8742740612039501 2.0260352104853125 5.4292620194109089 10.500000000000002 0.073791004187681516 0.11269286286092316 11.640840425191621 14.453391595085774 0.75038061972880821
decision_type=2 2 2 2 2 2 2 2 2 2 2 2 2
left_child=2 10 3 -1 5 -4 -5 -6 -3 -10 12 -12 -2
right_child=1 8 4 6 7 -7 -8 -9 9 -11 11 -13 -14
leaf_value=0.00019876758462245001 0.0018081142337765723 -0.0010901319021096661 -0.00025286434260977524 0.00015237431394654868 0.0001403224711685102 0.00089661948588466895 0.0035551999836592255 -0.0001996945407762546 0.0019882068668854898 4.4692552505179674e-05 0.0028258902332459813 0.00076485535347031481 -7.8449819144294395e-05
leaf_weight=2152.7309609949589 127.74093493819237 177.54453301429749 13002.214699357748 83.499958872795105 9775.8578660190105 364.17064216732979 85.225656032562256 4171.9784053266048 94.775427728891373 508.50821405649185 160.58335900306702 195.61469718813896 297.0821647644043
leaf_count=3264 183 245 19568 118 14889 647 127 6001 134 724 221 258 441
internal_value=-2.43215e-05 0.0005507 -5.49986e-05 0.000332015 -8.82792e-05 -0.000220669 0.00195128 3.78881e-05 2.49075e-05 0.000372099 0.00106218 0.00173253 0.00047121
internal_weight=31197.5 1561.85 29635.7 2321.46 27314.2 13366.4 168.726 13947.8 780.828 603.284 781.021 356.198 424.823
internal_count=46820 2206 44614 3509 41105 20215 245 20890 1103 858 1103 479 624
is_linear=0
shrinkage=0.02


Tree=207
num_leaves=15
num_cat=0
split_feature=34 37 18 13 13 5 37 14 37 22 22 1 2 37
split_gain=1.14922 1.41175 2.16358 2.00963 1.85072 1.69527 1.28841 0.873477 0.830689 1.50379 1.22827 0.870662 0.983643 0.728143
threshold=0.85105239969846302 1.2306416094213801 1.1626504464541543 1.2651267854566444 1.0000000180025095e-35 42.943331576392815 1.5458128604600454 8.5000000000000018 0.70710138168908465 -1.369338694723061 -0.36496102946962189 38.674666666666674 37.356083333333338 0.52890662490404783
decision_type=2 2 2 2 2 2 2 2 2 2 2 2 2 2
left_child=8 2 4 -4 -2 6 -3 -7 11 -10 -11 12 -1 -13
right_child=1 5 3 -5 -6 7 -8 -9 9 10 -12 13 -14 -15
leaf_value=-3.5856078064178809e-05 0.0034023147190471847 -0.001162347108030725 -6.9713651896700482e-05 0.001327462476516414 0.00071033263014661744 -0.00063529921591728847 3.303879287713346e-05 0.00085158665510494489 -0.0015353997744437218 0.00057193611398230037 -0.00045549373728697926 0.001548226468191733 -0.001209413203244926 -0.0004496850289788019
leaf_weight=22751.731565713882 183.58795475959778 674.55816105008125 1479.9684791862965 562.29188340902328 257.46774816513062 188.5207214653492 738.6557352244854 782.23610261082649 398.91436359286308 602.21382218599319 1952.0794935524464 244.25519967079163 288.07981273531914 92.966476142406464
leaf_count=34273 257 988 2138 881 408 285 1115 1124 587 900 2919 370 432 143
internal_value=-2.37764e-05 0.000258022 0.000592078 0.000310999 0.00186373 -8.59682e-05 -0.000531315 0.000551841 -7.62637e-05 -0.000392549 -0.000209092 -3.58497e-05 -5.10674e-05 0.000968552
internal_weight=31197.5 4867.29 2483.32 2042.26 441.056 2383.97 1413.21 970.757 26330.2 2953.21 2554.29 23377 23039.8 337.222
internal_count=46820 7196 3684 3019 665 3512 2103 1409 39624 4406 3819 35218 34705 513
is_linear=0
shrinkage=0.02


Tree=208
num_leaves=11
num_cat=0
split_feature=33 15 1 22 15 0 1 0 15 0
split_gain=1.1999 1.0916 1.35343 1.33649 1.3227 1.01488 1.37605 0.683945 0.649931 0.603031
threshold=0.55000000000000016 9.0162885968810986 29.340166666666665 -1.1305129108692222 13.001226851800014 19.004712907276517 25.343000000000004 18.671211345804331 9.4323279211329307 19.955382877265453
decision_type=2 2 2 2 2 2 2 2 2 2
left_child=5 3 4 -2 -3 7 -7 -1 -4 -8
right_child=1 2 8 -5 -6 6 9 -9 -10 -11
leaf_value=7.2178451316150399e-05 -0.00073857596034748209 0.00047339843111935905 0.0018739524234202799 9.1186536615482454e-05 0.0017205073211208548 -0.00046249364492638299 0.0017439211075909139 0.0010293703967706072 5.6764460907378487e-05 -7.4099737593954294e-05
leaf_weight=4543.5026723742485 938.6502383351326 1526.4068176448345 79.295823514461517 4395.5677440464497 453.19331178069115 5084.5954565703869 71.119588792324066 321.05806249380112 3313.6133298277855 10470.524474084377
leaf_count=6810 1420 2289 122 6792 625 7436 118 473 4862 15873
internal_value=-2.32972e-05 0.000147872 0.00034929 -5.3173e-05 0.000765396 -0.000113229 -0.000192025 0.000137804 0.000103259 -6.05575e-05
internal_weight=31197.5 10706.7 5372.51 5334.22 1979.6 20490.8 15626.2 4864.56 3392.91 10541.6
internal_count=46820 16110 7898 8212 2914 30710 23427 7283 4984 15991
is_linear=0
shrinkage=0.02


Tree=209
num_leaves=13
num_cat=0
split_feature=42 50 50 50 16 23 16 16 12 18 23 12
split_gain=1.28725 0.980369 0.859255 0.986809 0.919147 0.89666 0.828045 1.2 0.773397 0.693437 0.686657 1.06007
threshold=1.2500000000000002 0.004991646994219401 0.46669838669494662 0.50839028618600646 21.580000000000005 1.9239930656867663 17.510000000000009 13.780000000000003 17.741222586241843 1.2021895162199316 0.87856238143539822 18.464005207348944
decision_type=2 2 2 2 2 2 2 2 2 2 2 2
left_child=2 10 5 -4 -5 8 7 -3 -1 -7 -2 -12
right_child=1 6 3 4 -6 9 -8 -9 -10 -11 11 -13
leaf_value=0.00014970690123123476 0.0018223201549567702 0.00015826337488825907 0.0013377899481286093 -5.0900267156041529e-05 0.0018836434180259051 0.0015834768273512154 0.0015458803001725003 -0.0019717327418550621 -0.00013951509057288149 4.9124616973427723e-05 -0.00056232693689257398 0.0013052488348571747
leaf_weight=4364.1979974210262 289.22702717781067 532.46024271845818 351.84466776251793 1057.3372708559036 105.49253949522972 223.26442933082581 120.13433867692947 128.23359340429306 23256.566071540117 276.97521236538887 194.1914067864418 297.60272192955017
leaf_count=6466 409 751 531 1585 160 370 167 185 34998 504 273 421
internal_value=-2.27854e-05 0.000535887 -5.25999e-05 0.00041006 0.00011895 -7.7903e-05 2.12112e-05 -0.000244759 -9.34472e-05 0.000757418 0.0010363 0.00054827
internal_weight=31197.5 1561.85 29635.7 1514.67 1162.83 28121 780.828 660.694 27620.8 500.24 781.021 491.794
internal_count=46820 2206 44614 2276 1745 42338 1103 936 41464 874 1103 694
is_linear=0
shrinkage=0.02


Tree=210
num_leaves=7
num_cat=0
split_feature=37 4 3 18 1 50
split_gain=0.873679 0.904988 1.37509 0.929727 0.760515 0.679043
threshold=0.017265172630110903 16.658703725383173 23.638224730503765 0.58667464675916303 24.857000000000003 -0.10174408593245894
decision_type=2 2 2 2 2 2
left_child=-1 5 4 -4 -3 -2
right_child=1 2 3 -5 -6 -7
leaf_value=-0.00050582996254539404 -0.0025637057747406804 0.0015887828421831871 0.0020882446495746141 1.7164763928761497e-05 -0.00030877140649544684 -7.6972194748111227e-05
leaf_weight=1257.9682776629925 91.326339274644852 345.71186113357544 85.069462150335312 29172.768980830908 99.944346189498901 99.721019089221954
leaf_count=1946 137 510 126 43667 176 154
internal_value=9.60185e-06 3.16582e-05 4.08531e-05 2.36707e-05 0.00114141 -0.00133175
internal_weight=31152.5 29894.5 29703.5 29257.8 445.656 191.047
internal_count=46716 44770 44479 43793 686 291
is_linear=0
shrinkage=0.02


Tree=211
num_leaves=10
num_cat=0
split_feature=33 14 34 36 21 34 23 37 34
split_gain=1.06408 1.10923 1.33496 1.43518 0.808602 0.784561 0.700976 2.07177 1.62769
threshold=-1.0000000180025095e-35 11.500000000000002 0.23132363433913131 0.35416666666666669 1.0671037936686925 0.87504216314188021 0.91577195527446731 1.6003822684179771 0.51736354766922965
decision_type=2 2 2 2 2 2 2 2 2
left_child=4 2 -2 -4 -1 -6 7 -3 -8
right_child=1 6 3 -5 5 -7 8 -9 -10
leaf_value=-0.00033346333207001291 -0.00015235023919882662 -9.9842663220294748e-05 0.00057858209145558834 0.00011815710509243504 4.8326436867160134e-05 0.00214356705542481 3.1091273677700535e-05 0.0031224191536302326 -0.0011039604056091374
leaf_weight=5256.7638990581036 4856.9437317252159 1746.6484706401825 3574.0904483497143 11535.543720602989 2032.0146552324295 72.709043353796005 1062.1303304731846 81.538152039051056 934.12783485651016
leaf_count=7756 7821 2489 5377 17287 2873 108 1573 115 1317
internal_value=9.39728e-06 7.47249e-05 0.000134814 0.000227792 -0.000200335 0.000127421 -0.00023628 4.16632e-05 -0.000495613
internal_weight=31152.5 23791 19966.6 15109.6 7361.49 2104.72 3824.44 1828.19 1996.26
internal_count=46716 35979 30485 22664 10737 2981 5494 2604 2890
is_linear=0
shrinkage=0.02


Tree=212
num_leaves=10
num_cat=0
split_feature=34 36 4 0 22 12 36 34 23
split_gain=0.978963 1.84372 1.31734 1.33273 0.829948 0.847502 0.770066 0.519569 0.51889
threshold=0.23677392660123592 0.35416666666666669 17.808333667611276 34.341838185687912 1.3741305334083724 18.132529463568041 0.41428571428571431 0.48141015533284243 1.4049815265743468
decision_type=2 2 2 2 2 2 2 2 2
left_child=6 4 -3 -4 5 -2 8 -6 -1
right_child=1 2 3 -5 7 -7 -8 -9 -10
leaf_value=-0.00024833380431811314 0.00092790203914385513 -0.0018337518205167505 5.7621616723081345e-05 -0.0005160463932967639 1.1882164848841631e-05 0.00032597077531702344 0.001339498082980209 -0.0014472936950139128 0.00019505788036346561
leaf_weight=7778.5244849026203 1357.1510108113289 157.37688866257668 14513.31346860528 1820.8925170898438 770.27164894342422 3322.360950499773 130.52065145969391 107.74707078933716 1194.3515945672989
leaf_count=11883 1989 228 21558 2609 1120 4943 259 176 1951
internal_value=9.22134e-06 8.15643e-05 -2.40432e-05 -5.77253e-06 0.000396642 0.000503001 -0.00016488 -0.000158701 -0.000188171
internal_weight=31152.5 22049.1 16491.6 16334.2 5557.53 4679.51 9103.4 878.019 8972.88
internal_count=46716 32623 24395 24167 8228 6932 14093 1296 13834
is_linear=0
shrinkage=0.02


Tree=213
num_leaves=11
num_cat=0
split_feature=33 26 13 2 2 2 47 34 34 34
split_gain=1.01687 0.890844 1.10537 1.31236 0.890298 0.906751 0.793505 1.02461 0.936607 0.844761
threshold=-1.0000000180025095e-35 0.95000000000000007 0.61115202094583509 14.780648148148151 14.190083333333336 15.817145833333333 3.3864405921969554 0.9492524768342947 0.76819023555942056 1.1423733188740652
decision_type=2 2 2 2 2 2 2 2 2 2
left_child=6 2 3 -2 -3 -6 7 8 -1 -9
right_child=1 4 -4 -5 5 -7 -8 9 -10 -11
leaf_value=-0.00015956627496173557 0.00047170310555801949 0.0023062835170701945 0.00017783922748705936 -0.00024556460285313529 -0.0017591853749469517 0.00025420398838077311 -0.0013072088577808683 0.0023972685421391384 -0.0016563282300142684 -3.5232498775121415e-05
leaf_weight=6730.9009865522385 1158.3509128093719 82.655080229043961 7079.0552571117878 8064.3543882966042 87.44753822684288 7319.1595120131969 248.76635026931763 110.56116724014282 171.38362422585487 99.875469356775284
leaf_count=9782 1678 121 11424 11877 127 10752 386 169 260 140
internal_value=9.04181e-06 7.29109e-05 -9.45675e-06 -0.000154311 0.000253489 0.000228614 -0.000195978 -0.00015535 -0.000198648 0.00120624
internal_weight=31152.5 23791 16301.8 9222.71 7489.26 7406.61 7361.49 7112.72 6902.28 210.437
internal_count=46716 35979 24979 13555 11000 10879 10737 10351 10042 309
is_linear=0
shrinkage=0.02


Tree=214
num_leaves=12
num_cat=0
split_feature=33 14 0 34 0 21 21 47 34 47 47
split_gain=0.97712 1.05348 1.53567 1.24983 1.22988 0.773225 0.772493 0.791171 0.741211 0.693996 0.660191
threshold=-1.0000000180025095e-35 11.500000000000002 34.341838185687912 0.23132363433913131 17.129668898655133 1.004607691926817 1.0671037936686925 3.3864405921969554 0.87504216314188021 0.91932178735692316 0.37273951449181059
decision_type=2 2 2 2 2 2 2 2 2 2 2
left_child=6 3 10 -2 -5 -4 7 -1 9 -8 -3
right_child=1 2 5 4 -6 -7 8 -9 -10 -11 -12
leaf_value=-0.00026700815050730925 -0.00014778673053116888 -0.0012066252474228728 -0.003035967841535358 0.00068455757984639781 0.00014871304504225185 -0.00072974979601459454 -0.00044383828633005537 -0.0014739446988901528 0.0020882265714041643 0.00032773959804599956 -4.608931698570352e-05
leaf_weight=5026.7261217534542 4856.9437317252159 208.23814576864243 105.48390623927116 1989.3633833527565 13120.270785599947 165.12519213557243 714.99476486444473 230.03777730464935 72.709043353796005 1317.0198903679848 3345.5975438654423
leaf_count=7394 7821 299 146 2978 19686 228 1000 362 108 1873 4821
internal_value=8.8487e-06 7.14631e-05 -0.00023161 0.000130033 0.000220006 -0.00168108 -0.000192116 -0.000322266 0.000128197 5.11625e-05 -0.000117544
internal_weight=31152.5 23791 3824.44 19966.6 15109.6 270.609 7361.49 5256.76 2104.72 2032.01 3553.84
internal_count=46716 35979 5494 30485 22664 374 10737 7756 2981 2873 5120
is_linear=0
shrinkage=0.02


Tree=215
num_leaves=14
num_cat=0
split_feature=42 46 32 22 15 51 51 24 2 46 15 24 18
split_gain=2.04215 1.41274 1.15202 1.00589 1.27 1.01488 1.42513 0.957339 0.925296 0.912018 0.895097 0.799395 0.764582
threshold=0.8500000000000002 0.47222222222222227 0.75000000000000011 -1.5188647598179255 20.184190138403125 0.46466302427975265 0.49151241271229179 1.2153080601683539 21.658592592592594 0.31666666666666671 15.564767959851652 0.89918946448484238 3.1940085674000569
decision_type=2 2 2 2 2 2 2 2 2 2 2 2 2
left_child=3 8 7 4 -1 10 -7 -3 9 -2 -5 -4 -6
right_child=1 2 11 5 12 6 -8 -9 -10 -11 -12 -13 -14
leaf_value=-0.00044321669626689523 0.00090342269395040883 0.00053698819994238932 0.00036270182319856161 -0.0001486380559519574 0.0024082099095814415 0.0017992811046201782 7.8206141298168617e-05 0.0024135059208097924 -2.1130283631924052e-05 0.0037209769271463228 -0.0014000686106113434 -0.00046371685681889527 -0.00012717254965149396
leaf_weight=3232.4219892024994 98.953229337930679 2151.8708254396915 979.92788574099541 6133.3091741502285 100.8419688642025 193.38869825005531 16630.814979940653 116.8110303580761 72.014884769916534 112.15990582108498 238.23362112045288 889.88542413711548 75.068683624267578
leaf_count=4835 143 3144 1471 9285 158 294 25117 177 113 162 349 1258 117
internal_value=3.60556e-05 0.000434111 0.000337138 -2.97534e-05 -0.000350607 1.69871e-05 9.87952e-05 0.000640052 0.00180419 0.00246812 -0.000197423 -2.53419e-05 0.00128078
internal_weight=31025.7 4421.62 4138.5 26604.1 3408.33 23195.7 16824.2 2268.68 283.128 211.113 6371.54 1869.81 175.911
internal_count=46623 6468 6050 40155 5110 35045 25411 3321 418 305 9634 2729 275
is_linear=0
shrinkage=0.02


Tree=216
num_leaves=13
num_cat=0
split_feature=42 46 16 1 32 16 33 4 12 5 24 22
split_gain=1.96265 1.35746 1.1454 1.45657 1.10685 1.56493 0.978095 1.52396 1.65603 0.996173 0.919629 0.536917
threshold=0.8500000000000002 0.47222222222222227 4.5225000000000017 20.251166666666673 0.75000000000000011 15.330000000000004 -1.0000000180025095e-35 48.170460118647775 19.688574726264992 36.995358404600147 1.2153080601683539 1.4009781076566934
decision_type=2 2 2 2 2 2 2 2 2 2 2 2
left_child=6 2 -2 -4 10 -6 11 9 -9 -8 -3 -1
right_child=1 4 3 -5 5 -7 7 8 -10 -11 -12 -13
leaf_value=-0.00014682367502132009 -6.2223986340810951e-05 0.00052625841151886048 0.004121145297534789 0.0005204718309033162 -0.00039968845465549726 0.00087290315179128664 0.00012236705171812104 0.00024530241071887333 0.0015523726117905071 -0.0001998881370728766 0.0023660483805616654 -0.00060744972545768679
leaf_weight=5979.0734461545944 85.012360811233521 2151.8708254396915 110.35126215219498 87.764396965503693 1327.5295572578907 542.28375262022018 7302.4925803244114 3593.8874165117741 438.54686164855957 8041.7993822097778 116.8110303580761 1248.2794283032417
leaf_count=8665 126 3144 159 133 1978 751 11182 5473 677 12296 177 1862
internal_value=3.53533e-05 0.000425587 0.00176875 0.00259718 0.000330471 -2.47304e-05 -2.91551e-05 4.44788e-05 0.00039063 -4.58763e-05 0.000627391 -0.00022791
internal_weight=31025.7 4421.62 283.128 198.116 4138.5 1869.81 26604.1 19376.7 4032.43 15344.3 2268.68 7227.35
internal_count=46623 6468 418 292 6050 2729 40155 29628 6150 23478 3321 10527
is_linear=0
shrinkage=0.02


Tree=217
num_leaves=12
num_cat=0
split_feature=33 40 14 16 0 24 34 40 39 5 18
split_gain=1.62742 1.58025 1.57648 1.66297 1.49844 1.10892 1.07784 0.838012 0.89232 0.883706 0.713406
threshold=-1.0000000180025095e-35 0.23706899682367219 12.500000000000002 16.590000000000007 17.225231989866867 0.81591048337244831 0.863733296747493 0.016142882107012101 1.0000000180025095e-35 36.774961848014421 3.3215268276114869
decision_type=2 2 2 2 2 2 2 2 2 2 2
left_child=1 6 3 4 -2 -5 10 9 -9 -4 -1
right_child=2 -3 7 5 -6 -7 -8 8 -10 -11 -12
leaf_value=-0.00017277359452060579 0.00045485856475582678 -0.0015039986093958013 0.00073580112497693311 -9.6761688614722296e-05 4.5000296152306874e-06 0.00081423451538088028 0.0012218610723541085 -0.00038733445906955524 -0.0019206275122049235 -0.00052606130018919889 -0.0018042643247535859
leaf_weight=6703.3974299132824 3671.5519092381001 366.30009642243385 328.66332292556763 672.84675720334053 15351.509645760059 2279.1644841730595 216.28720697760582 396.23347294330597 269.27433085441589 661.94023281335831 108.53341153264046
leaf_count=9744 5690 538 461 1077 23387 3380 322 560 377 925 162
internal_value=3.46707e-05 -0.000223775 0.000115977 0.000161174 9.19859e-05 0.000603283 -0.00015522 -0.000477192 -0.0010266 -9.66859e-05 -0.000200757
internal_weight=31025.7 7394.52 23631.2 21975.1 19023.1 2952.01 7028.22 1656.11 665.508 990.604 6811.93
internal_count=46623 10766 35857 33534 29077 4457 10228 2323 937 1386 9906
is_linear=0
shrinkage=0.02


Tree=218
num_leaves=13
num_cat=0
split_feature=42 14 46 22 33 4 2 42 22 3 27 27
split_gain=1.8745 1.53331 1.29503 0.96295 1.00977 1.4722 0.931847 0.920177 0.590071 0.560268 0.571965 0.527138
threshold=0.8500000000000002 13.500000000000002 0.47222222222222227 -1.5188647598179255 -1.0000000180025095e-35 48.170460118647775 21.658592592592594 1.6500000000000001 1.4009781076566934 43.897309648574726 0.94226044411192433 0.68696651662465691
decision_type=2 2 2 2 2 2 2 2 2 2 2 2
left_child=3 2 6 9 8 -6 -2 -4 -5 10 -1 -11
right_child=1 -3 7 4 5 -7 -8 -9 -10 11 -12 -13
leaf_value=-0.00036201268477684324 0.0024749703969981118 -0.0019926423870727057 0.00026228552941567456 -0.00010026496049833274 2.7739971656014843e-06 0.00046804970124107324 -3.0536517616170724e-05 0.0011874481838769022 -0.00058980476386279689 -0.00060647452814241551 -0.0011964889874851129 0.00016480884236413256
leaf_weight=1300.4526987969875 206.97830238938332 99.822449296712875 3543.5112682282925 5038.1883949637413 13489.860709130764 3419.4179410636425 72.014884769916534 499.29628092050552 1248.2794283032417 509.17848035693169 469.91264617443085 1128.7888163626194
leaf_count=1939 299 134 5235 7293 20661 5229 113 687 1862 793 697 1681
internal_value=3.39538e-05 0.000415329 0.000474156 -2.90817e-05 1.66415e-05 9.74982e-05 0.00179704 0.000379548 -0.000199218 -0.000343015 -0.000590252 -6.93018e-05
internal_weight=31025.7 4421.62 4321.8 26604.1 23195.7 16909.3 278.993 4042.81 6286.47 3408.33 1770.37 1637.97
internal_count=46623 6468 6334 40155 35045 25890 412 5922 9155 5110 2636 2474
is_linear=0
shrinkage=0.02


Tree=219
num_leaves=11
num_cat=0
split_feature=33 16 0 16 12 24 18 12 35 37
split_gain=1.50554 1.40737 1.1264 1.75244 1.10257 1.13566 0.805129 0.791535 0.589122 0.714224
threshold=-1.0000000180025095e-35 15.200000000000005 17.129668898655133 6.4400000000000022 19.688574726264992 0.81591048337244831 3.2919334101230815 17.313927605171354 0.90000000000000013 0.88408630653299558
decision_type=2 2 2 2 2 2 2 2 2 2
left_child=6 2 7 -4 5 -3 8 -2 -1 -10
right_child=1 4 3 -5 -6 -7 -8 -9 9 -11
leaf_value=-0.00013254588054898166 0.0014343752118391351 -0.00024073904470030039 -0.00036861283068838921 9.8731730001214426e-05 0.0015569256794953096 0.00054984413551348765 -0.0016648502051198799 0.00026696276301592891 -0.0018148313556205513 -0.00021482855176818518
leaf_weight=6745.8302466571331 252.36060339212418 957.4161741733551 4493.2546822428703 11179.416992723942 332.79820713400841 2820.8566950261593 149.87261915206909 3595.0808012187481 190.01121771335602 308.80406132340431
leaf_count=9821 389 1510 6868 16897 509 4133 226 5551 281 438
internal_value=3.32614e-05 0.000111475 4.00616e-05 -3.46449e-05 0.000447942 0.000346843 -0.000215301 0.000346839 -0.000183483 -0.000849091
internal_weight=31025.7 23631.2 19520.1 15672.7 4111.07 3778.27 7394.52 3847.44 7244.65 498.815
internal_count=46623 35857 29705 23765 6152 5643 10766 5940 10540 719
is_linear=0
shrinkage=0.02


Tree=220
num_leaves=11
num_cat=0
split_feature=42 24 18 18 14 18 16 16 34 16
split_gain=1.21592 1.82408 1.34474 1.06199 0.905629 0.99422 0.874735 0.759299 0.748156 0.511886
threshold=0.8500000000000002 0.88592124984516551 3.061065441159911 3.3215268276114869 13.500000000000002 2.3257021107834652 11.700000000000005 15.76 1.1909437216833367 20.545000000000005
decision_type=2 2 2 2 2 2 2 2 2 2
left_child=1 7 4 6 5 -2 -3 8 -1 -9
right_child=2 3 -4 -5 -6 -7 -8 9 -10 -11
leaf_value=-0.00016286435219522606 0.0002759030864155939 2.535249233036373e-05 -0.00087191568359322393 -0.0008922847885941311 -0.001575042872019559 0.0010174741191649455 0.00040656673059449562 -0.00089188371671062097 0.00062585621295284345 2.7777228072184343e-05
leaf_weight=14848.240198224783 3037.8748537302017 5211.2420055270195 347.18168640136719 361.40356934070587 85.475271433591843 977.11569178104401 4571.8502214848995 920.20219659805298 490.52712014317513 299.97186696529388
leaf_count=22568 4489 7683 485 526 116 1398 6806 1414 823 491
internal_value=4.35762e-06 -4.63182e-05 0.000310744 0.000164341 0.000413692 0.000459283 0.000204571 -0.000175982 -0.000136911 -0.000657933
internal_weight=31151.1 26703.4 4447.65 10144.5 4100.47 4014.99 9783.09 16558.9 15338.8 1220.17
internal_count=46799 40311 6488 15015 6003 5887 14489 25296 23391 1905
is_linear=0
shrinkage=0.02


Tree=221
num_leaves=10
num_cat=0
split_feature=42 24 32 40 34 36 0 24 24
split_gain=1.16731 1.75175 1.02139 0.751821 1.25631 0.713761 0.626083 0.607349 0.567494
threshold=0.8500000000000002 0.88592124984516551 1.3500000000000003 -0.013356344402206748 1.1909437216833367 2.0500000000000003 36.026868073257653 0.068587426900460255 0.90718396545668145
decision_type=2 2 2 2 2 2 2 2 2
left_child=1 3 6 4 -1 8 -2 -5 -3
right_child=2 5 -4 7 -6 -7 -8 -9 -10
leaf_value=-8.279136010820694e-05 0.00043019264424764636 0.00077374714138610777 -0.00072833227805939847 0.0014096269290203342 0.0012066944044073725 0.002178581780254507 -0.001344325289237119 -0.00031888454270979395 0.00010864075751897022
leaf_weight=7618.1030489206314 4026.3716151118279 547.80223187804222 344.65093684196472 78.092555314302444 312.29781284928322 68.379727810621262 76.624951392412186 8550.4479648470879 9528.3138366639614
leaf_count=11543 5879 807 506 158 524 107 103 13071 14101
internal_value=4.26788e-06 -4.53782e-05 0.000304474 -0.000172452 -3.04595e-05 0.000161052 0.000393978 -0.000301759 0.000145939
internal_weight=31151.1 26703.4 4447.65 16558.9 7930.4 10144.5 4103 8628.54 10076.1
internal_count=46799 40311 6488 25296 12067 15015 5982 13229 14908
is_linear=0
shrinkage=0.02


Tree=222
num_leaves=12
num_cat=0
split_feature=42 24 18 18 14 18 40 18 24 26 18
split_gain=1.12016 1.68278 1.27448 1.01964 0.869429 0.958358 0.721896 0.852313 0.660694 0.574956 0.545085
threshold=0.8500000000000002 0.88592124984516551 3.061065441159911 3.3215268276114869 13.500000000000002 2.3257021107834652 -0.013356344402206748 0.62956427485362754 0.90718396545668145 0.76388888888888895 1.5562889677745402
decision_type=2 2 2 2 2 2 2 2 2 2 2
left_child=1 6 4 8 5 -2 10 -8 -3 -4 -1
right_child=2 3 9 -5 -6 -7 7 -9 -10 -11 -12
leaf_value=0.00012997689251481457 0.00026319329929909332 0.00088065787370806864 0.00053708797534292557 -0.00087743829849550319 -0.0015498596943211357 0.00099126368224625476 0.0011155171055965134 -0.00032427743335427655 0.00015620681241051195 -0.0013079731477417245 -0.00020122562834972563
leaf_weight=4074.2515471577644 3037.8748537302017 539.11354345083237 80.118480741977692 361.40356934070587 85.475271433591843 977.11569178104401 162.83305117487907 8465.7074689865112 9243.9786835610867 267.0632056593895 3856.1493146121502
leaf_count=6172 4489 797 115 526 116 1398 253 12976 13692 370 5895
internal_value=4.1936e-06 -4.44327e-05 0.00029828 0.000157883 0.000398556 0.000443276 -0.000168985 -0.000295696 0.000197323 -0.000852916 -2.98195e-05
internal_weight=31151.1 26703.4 4447.65 10144.5 4100.47 4014.99 16558.9 8628.54 9783.09 347.182 7930.4
internal_count=46799 40311 6488 15015 6003 5887 25296 13229 14489 485 12067
is_linear=0
shrinkage=0.02


Tree=223
num_leaves=9
num_cat=0
split_feature=34 14 34 17 37 37 33 17
split_gain=1.04569 0.93552 0.855623 1.12467 1.02565 0.768396 0.637799 1.0854
threshold=0.14509732577207637 12.500000000000002 1.8167221222600958 1.6959078665371623 1.4524578732669318 0.26249259485308457 1.0000000180025095e-35 1.1451168118707207
decision_type=2 2 2 2 2 2 2 2
left_child=5 2 4 -4 -2 -1 -3 -8
right_child=1 6 3 -5 -6 -7 7 -9
leaf_value=-0.00030375591076713679 9.2900666485549823e-05 0.00017224971261471951 -0.00070435750877838918 0.0012633001030321965 -0.00061695614326097166 0.0015602869676188008 0.00063791514732000024 -0.00087431673010844124
leaf_weight=4702.7896434366703 22986.620584845543 570.11458867788315 142.84563016891479 498.34208056330681 839.20101624727249 86.591540068387985 219.80621048808098 1104.7733871340752
leaf_count=7421 34343 785 243 765 1247 162 310 1523
internal_value=4.11591e-06 5.38279e-05 8.73241e-05 0.000808565 6.74285e-05 -0.00026733 -0.000373086 -0.000615249
internal_weight=31151.1 26361.7 24467 641.188 23825.8 4789.38 1894.69 1324.58
internal_count=46799 39216 36598 1008 35590 7583 2618 1833
is_linear=0
shrinkage=0.02


Tree=224
num_leaves=10
num_cat=0
split_feature=34 13 27 36 27 13 37 33 2
split_gain=1.00395 1.17037 1.74142 1.19763 0.900473 0.745457 0.73879 0.604092 0.58504
threshold=0.14509732577207637 0.37826548569600155 0.17353017443646526 2.0500000000000003 1.0237161737540037 0.44716370109130299 0.26249259485308457 0.55000000000000016 30.123250000000002
decision_type=2 2 2 2 2 2 2 2 2
left_child=6 2 7 5 -4 -3 -1 -2 -5
right_child=1 3 4 8 -6 -7 -8 -9 -10
leaf_value=-0.00029768336876610313 0.00059381272556620281 0.00084780888835376894 -0.00023217886889627978 0.0023324785766999818 0.00013057604040635413 0.00012203757803935672 0.001529785778814264 0.0023697855390758444 0.00041537521637247273
leaf_weight=4702.7896434366703 233.0465544462204 597.93333193659782 8857.6973844766617 150.38388001918793 3921.1302227675915 12332.09604293108 86.591540068387985 132.59773889183998 136.81834265589714
leaf_count=7421 349 904 12753 254 5443 19104 162 199 210
internal_value=4.03517e-06 5.27513e-05 -8.03429e-05 0.000185861 -0.000120084 0.000156499 -0.000261931 0.00127444 0.00146297
internal_weight=31151.1 26361.7 13144.5 13217.2 12778.8 12930 4789.38 365.644 287.202
internal_count=46799 39216 18744 20472 18196 20008 7583 548 464
is_linear=0
shrinkage=0.02


Tree=225
num_leaves=13
num_cat=0
split_feature=33 16 14 22 53 16 18 22 35 22 35 16
split_gain=1.93898 1.8978 1.3494 1.32878 1.57703 1.27988 1.24122 1.16521 1.10681 0.98565 0.729535 0.670658
threshold=0.55000000000000016 9.4225000000000012 10.500000000000002 -1.2105997003404616 0.45000000000000007 9.7225000000000019 0.81186794111169247 1.7621489800880756 2.4500000000000006 0.62755047458895785 0.77500000000000013 7.3633333333333342
decision_type=2 2 2 2 2 2 2 2 2 2 2 2
left_child=6 3 9 11 -5 -4 -1 8 -8 -3 -9 -2
right_child=1 2 5 4 -6 -7 7 10 -10 -11 -12 -13
leaf_value=0.00057580058101341458 -0.0003638821828737275 0.0010170185167633114 0.0024786984682345337 0.00045135185764271879 -0.00034333926658933043 -0.00012642092694456421 -0.00010785927851289608 -0.00034152612976779485 0.0016435749603203281 0.00034705121746826629 -0.0011483266835062007 -0.0015288363267572627
leaf_weight=983.93562349677086 989.80139073729515 1911.2165439724922 77.381084650754929 2453.6271368861198 1670.3864398300648 1514.6504876315594 17110.117134749889 1667.1209356784821 142.94338196516037 1739.6583290398121 646.03923192620277 259.97991034388542
leaf_count=1459 1518 2844 111 3832 2487 2162 25559 2554 225 2642 990 385
internal_value=-8.34255e-07 0.000218292 0.000489093 -4.41362e-05 0.000127037 0 -0.000114537 -0.000149819 -9.25801e-05 0.000700878 -0.000571973 -0.00061626
internal_weight=31166.9 10616.7 5242.91 5373.79 4124.01 1592.03 20550.2 19566.2 17253.1 3650.87 2313.16 1249.78
internal_count=46768 15981 7759 8222 6319 2273 30787 29328 25784 5486 3544 1903
is_linear=0
shrinkage=0.02


Tree=226
num_leaves=15
num_cat=0
split_feature=42 12 36 36 40 18 4 2 22 4 4 36 12 12
split_gain=1.86723 1.35504 2.51398 1.39423 1.32783 1.53102 2.03029 1.28452 1.13287 1.1834 0.905665 0.886299 0.734845 0.561524
threshold=0.95000000000000007 18.885935279595547 1.1339285714285716 1.1833333333333336 0.20486912245820491 2.9272277079742932 48.763373829021795 19.620444444444448 -1.5188647598179255 17.808333667611276 48.763373829021795 0.76388888888888895 19.470417242026013 19.203973033664493
decision_type=2 2 2 2 2 2 2 2 2 2 2 2 2 2
left_child=4 2 -2 12 8 6 -6 -4 11 -10 -7 -1 -3 -5
right_child=1 3 7 13 5 10 -8 -9 9 -11 -12 -13 -14 -15
leaf_value=-0.00021094329512735683 0.00066645791690921443 0.00093317437920074572 0.001720856353309454 0.0027694336205104108 -0.00049827286648838442 -0.0033033555677521231 0.0014303874251502234 -0.0010228181947656253 -0.0014009581470206701 5.7042492652333161e-05 -0.00099474354844304442 -0.0011252348202648551 -0.00024954910241461092 0.0012426814850223667
leaf_weight=2851.3833405971527 1273.4418768286705 459.02369746565819 71.024369478225708 161.0041811466217 1982.4694233238697 103.21035417914391 241.43537265062332 726.62498393654823 222.60010871291161 21564.826561897993 262.64881137013435 508.18553397059441 365.86392632126808 373.11508902907372
leaf_count=4270 1878 691 102 224 2999 150 389 1047 350 32478 388 760 524 518
internal_value=-8.14293e-07 0.000438925 0.000111159 0.000930189 -5.55834e-05 -0.000486698 -0.000283301 -0.000762317 -1.07523e-05 4.15601e-05 -0.00168762 -0.000352806 0.000397171 0.00173017
internal_weight=31166.9 3430.1 2071.09 1359.01 27736.8 2589.76 2223.9 797.649 25147 21787.4 365.859 3359.57 824.888 534.119
internal_count=46768 4984 3027 1957 41784 3926 3388 1149 37858 32828 538 5030 1215 742
is_linear=0
shrinkage=0.02


Tree=227
num_leaves=12
num_cat=0
split_feature=42 40 36 22 0 40 0 0 51 36 0
split_gain=1.7949 1.27583 1.24321 1.08838 1.03609 1.00166 0.972666 0.963029 1.4447 0.85102 0.711436
threshold=0.95000000000000007 0.20486912245820491 2.6125000000000003 -1.5188647598179255 32.696334984832667 0.41670485567513604 33.472846538254935 34.341838185687912 0.96482620612087688 0.76388888888888895 19.004712907276517
decision_type=2 2 2 2 2 2 2 2 2 2 2
left_child=1 3 7 9 5 -3 -5 10 -9 -1 -2
right_child=2 4 -4 6 -6 -7 -8 8 -10 -11 -12
leaf_value=-0.00020672738906630809 0.00105980821647773 -0.00046394187401757348 0.0023284568771881776 -6.9363618395950393e-06 -0.00132660475380588 0.00075977553987816103 0.00041151400851122707 0.00043544612889087934 -0.0025321663763373269 -0.0011028183603901945 0.00028989424811797496
leaf_weight=2851.3833405971527 621.66385561227798 1809.3742280900478 132.55296152830124 19284.091877758503 473.51234805583954 306.87738537788391 2503.3347928524017 146.58004087209702 110.11809301376343 508.18553397059441 2419.1831731796265
leaf_count=4270 894 2754 197 29218 687 485 3610 201 153 760 3539
internal_value=-7.97988e-07 -5.45021e-05 0.000430334 -1.05495e-05 -0.000477093 -0.00028122 4.07172e-05 0.000349639 -0.000808676 -0.000345825 0.000451173
internal_weight=31166.9 27736.8 3430.1 25147 2589.76 2116.25 21787.4 3297.55 256.698 3359.57 3040.85
internal_count=46768 41784 4984 37858 3926 3239 32828 4787 354 5030 4433
is_linear=0
shrinkage=0.02


Tree=228
num_leaves=12
num_cat=0
split_feature=42 40 18 4 4 18 14 51 51 1 4
split_gain=1.72492 1.22529 1.43912 1.94993 1.00805 1.12394 0.93153 0.950391 1.26041 1.06834 0.870846
threshold=0.95000000000000007 0.20486912245820491 2.9272277079742932 48.763373829021795 17.808333667611276 0.79885623556302565 13.500000000000002 0.91965704236868417 0.8736661530354014 36.224500000000006 48.763373829021795
decision_type=2 2 2 2 2 2 2 2 2 2 2
left_child=1 4 3 -3 -1 -6 7 8 -2 -9 -4
right_child=6 2 10 -5 5 -7 -8 9 -10 -11 -12
leaf_value=-0.0012442342557983305 0.00059915908661502845 -0.00048099769868847864 -0.0032159876103656469 0.0014091410380155601 0.00069967417189033146 -2.32626085275654e-05 -0.0018098172281278743 0.00021396534195675175 0.0025519883856681132 -0.0019874291041269737 -0.00095211908298687851
leaf_weight=260.11645403504372 1869.0518504977226 1982.4694233238697 103.21035417914391 241.43537265062332 890.08580303192139 23996.793288111687 69.493650645017624 1253.8562250733376 145.12253350019455 92.573864489793777 262.64881137013435
leaf_count=405 2705 2999 150 389 1342 36111 90 1835 213 141 388
internal_value=-7.76067e-07 -5.34293e-05 -0.000467567 -0.000270223 -1.03479e-05 2.24578e-06 0.000421862 0.000472034 0.000747213 5.24691e-05 -0.00163196
internal_weight=31166.9 27736.8 2589.76 2223.9 25147 24886.9 3430.1 3360.6 2014.17 1346.43 365.859
internal_count=46768 41784 3926 3388 37858 37453 4984 4894 2918 1976 538
is_linear=0
shrinkage=0.02


Tree=229
num_leaves=15
num_cat=0
split_feature=33 18 32 36 37 12 53 13 37 36 15 19 40 37
split_gain=1.83976 1.17372 0.998939 2.85714 1.53556 0.85926 0.824018 0.998977 0.750606 1.80334 0.743772 0.729366 0.662456 0.504283
threshold=0.55000000000000016 0.81186794111169247 0.15000000000000005 1.6125000000000003 0.69378754987829538 17.189176870734141 0.75000000000000011 0.11387259442214681 0.61806798176890643 0.95000000000000007 12.556843518429655 -1.1243016753441342 0.026042166425047652 0.50632359382071024
decision_type=2 2 2 2 2 2 2 2 2 2 2 2 2 2
left_child=1 8 3 -3 -4 11 10 -8 13 -10 -7 -2 -13 -1
right_child=5 2 4 -5 -6 6 7 -9 9 -11 -12 12 -14 -15
leaf_value=0.00041715791848025748 -0.00039229364190197487 5.5624755327007844e-05 -9.4401426864628232e-05 0.0030844575131828583 -0.00056065880478431353 0.00019044600992883739 -0.00047444720312701924 0.00021884183757732 0.0031893905443570788 -0.00032633530657399728 0.0007112979635738487 0.002225162360112316 0.00039241013578242062 -0.0013376190101826392
leaf_weight=692.36359113454819 96.677624672651291 1214.8801918029785 14690.901761114597 137.83000192046165 3522.6087294816971 5386.0246007442474 1465.8260640799999 1897.3858317434788 123.29208788275719 99.869449019432068 1410.9422270357609 207.38796007633209 152.4570147395134 68.410495460033417
leaf_count=1043 143 1884 21973 233 5238 8291 2067 2858 176 139 2074 313 235 101
internal_value=-7.72401e-07 -0.000111536 -0.000145856 0.000375718 -0.000185179 0.000212666 0.000173232 -8.04528e-05 0.000559711 0.00158269 0.000300215 0.0010639 0.00148277 0.000243161
internal_weight=31166.9 20550.2 19566.2 1352.71 18213.5 10616.7 10160.2 3363.21 983.936 223.162 6796.97 456.523 359.845 760.774
internal_count=46768 30787 29328 2117 27211 15981 15290 4925 1459 315 10365 691 548 1144
is_linear=0
shrinkage=0.02


Tree=230
num_leaves=9
num_cat=0
split_feature=39 25 32 13 24 4 18 13
split_gain=1.09999 0.793428 0.940689 1.08788 0.708823 0.728244 0.675655 0.536487
threshold=2.7500000000000004 0.55000000000000016 0.8500000000000002 2.5501507561762131 0.068587426900460255 34.794913362326703 0.86048782029331106 1.0018544756743009
decision_type=2 2 2 2 2 2 2 2
left_child=1 4 3 -3 -1 -6 -4 -2
right_child=7 2 6 -5 5 -7 -8 -9
leaf_value=0.0013215209973389838 0.00045519818469059331 0.00012749375610401659 0.00094950935682671614 0.0010788728414299793 3.4116242597230251e-05 -0.00032109168978294384 -0.00013313215450018608 0.002889309438269295
leaf_weight=123.18899637460709 94.552512288093567 11703.134317189455 233.10343620181084 503.4486917257309 3686.4401849508286 5968.5303202271461 8568.422660946846 73.302234560251236
leaf_count=258 154 17322 347 880 5618 9102 12653 119
internal_value=-5.95713e-06 -1.51334e-05 5.37779e-05 0.000167722 -0.000164191 -0.000184452 -0.000103114 0.00159855
internal_weight=30954.1 30786.3 21008.1 12206.6 9778.16 9654.97 8801.53 167.855
internal_count=46453 46180 31202 18202 14978 14720 13000 273
is_linear=0
shrinkage=0.02


Tree=231
num_leaves=7
num_cat=0
split_feature=40 25 50 12 4 50
split_gain=1.06329 0.884979 1.21813 1.02164 0.759047 1.23594
threshold=-0.54306826541105147 0.55000000000000016 -0.81126268490451781 16.083099816964516 42.986793944035512 -0.46688453556063247
decision_type=2 2 2 2 2 2
left_child=-1 4 -3 -4 5 -2
right_child=1 2 3 -5 -6 -7
leaf_value=0.001877066820996818 0.0016064368948042551 -0.0022527402091965195 0.0022354990943732867 6.0216845146984e-05 -0.00043977606995611383 -9.8390775301851905e-05
leaf_weight=117.43438425660133 172.15685006976128 88.504306703805923 85.019453465938568 20880.183594971895 2942.8310034573078 6667.9937615394592
leaf_count=187 281 130 113 31034 4546 10162
internal_value=-5.79095e-06 -1.34069e-05 5.92765e-05 6.97275e-05 -0.000170829 -5.35641e-05
internal_weight=30954.1 30836.7 21053.7 20965.2 9782.98 6840.15
internal_count=46453 46266 31277 31147 14989 10443
is_linear=0
shrinkage=0.02


Tree=232
num_leaves=6
num_cat=0
split_feature=34 12 14 50 34
split_gain=1.17797 0.864105 1.03313 0.954522 0.889612
threshold=2.7344846369021023 19.820744997408365 15.500000000000002 -0.81126268490451781 0.41289277873769287
decision_type=2 2 2 2 2
left_child=1 2 3 -1 -3
right_child=-2 4 -4 -5 -6
leaf_value=-0.0018498285634689189 0.0019959268528082475 -6.2295879840661711e-06 -0.0023067754581820618 -3.1822677017892338e-05 0.00071668451815251047
leaf_weight=114.24076166749001 115.09943848848343 1425.6409540474415 78.818681657314301 27964.535385608673 1255.7881329953671
leaf_count=175 188 2149 105 42042 1794
internal_value=-5.65835e-06 -1.3582e-05 -4.65712e-05 -3.97067e-05 0.000328887
internal_weight=30954.1 30839 28157.6 28078.8 2681.43
internal_count=46453 46265 42322 42217 3943
is_linear=0
shrinkage=0.02


Tree=233
num_leaves=11
num_cat=0
split_feature=34 31 32 31 12 34 31 31 34 31
split_gain=1.15166 0.946954 0.910251 0.83156 0.802182 1.06511 0.96904 0.925668 0.92245 0.654253
threshold=0.88697462835112484 1.7586227877602685 1.7500000000000002 1.093833261135051 19.820744997408365 0.76819023555942056 0.5167749757489225 1.264971067075688 0.41289277873769287 2.1237862865880301
decision_type=2 2 2 2 2 2 2 2 2 2
left_child=4 2 3 -2 5 6 -1 -7 -6 -3
right_child=1 9 -4 -5 8 7 -8 -9 -10 -11
leaf_value=-0.0002012901111217339 0.00023581837602733354 -0.0018235417787244815 -0.0018859068405412986 0.00090647621365733913 -6.1051711368293688e-06 -0.00038324696926854076 6.0101380175727148e-05 -0.0017864723512948473 0.00081365871109997641 0.00038428304881291917
leaf_weight=10341.7309230268 3241.2439385652542 137.12504088878632 67.791512876749039 986.71636587381363 1425.6409540474415 1096.5020506083965 12479.054028809071 234.96887427568436 867.40972229838371 75.939943194389343
leaf_count=15885 4809 209 96 1433 2149 1623 18521 355 1238 135
internal_value=-5.55355e-06 0.000289459 0.000355871 0.000395054 -5.62481e-05 -9.0514e-05 -5.79229e-05 -0.000640686 0.000300075 -0.000993883
internal_weight=30954.1 4508.82 4295.75 4227.96 26445.3 24152.3 22820.8 1331.47 2293.05 213.065
internal_count=46453 6682 6338 6242 39771 36384 34406 1978 3387 344
is_linear=0
shrinkage=0.02


Tree=234
num_leaves=9
num_cat=0
split_feature=39 14 1 1 1 23 1 13
split_gain=1.01676 0.732813 0.688167 0.856301 0.594926 0.757721 0.570331 0.515236
threshold=2.7500000000000004 12.500000000000002 25.343000000000004 27.9815 28.716833333333337 1.1112615160841066 24.857000000000003 1.0018544756743009
decision_type=2 2 2 2 2 2 2 2
left_child=1 2 6 -4 -3 -6 -1 -2
right_child=7 4 3 -5 5 -7 -8 -9
leaf_value=-6.3185954336184458e-05 0.00041621723063954682 -0.00013368938898214694 0.00040068810367040848 2.7607175435693637e-05 -0.0013177093125500583 4.5481943576885646e-05 -0.00072709854780685687 0.0028008112295334871
leaf_weight=13028.961208492517 94.552512288093567 1487.7302991747856 3123.864515542984 11910.863285243511 463.92185801267624 229.47874143719673 541.4486997127533 73.302234560251236
leaf_count=19545 154 2082 4688 18113 629 316 807 119
internal_value=-5.44725e-06 -1.42821e-05 1.23348e-05 0.000105833 -0.000367629 -0.000853352 -9.05156e-05 0.00153716
internal_weight=30954.1 30786.3 28605.1 15034.7 2181.13 693.401 13570.4 167.855
internal_count=46453 46180 43153 22801 3027 945 20352 273
is_linear=0
shrinkage=0.02


Tree=235
num_leaves=15
num_cat=0
split_feature=42 19 37 12 30 19 2 1 23 13 3 13 37 12
split_gain=0.913216 1.56095 2.01029 2.126 1.18231 1.25685 0.886844 1.4072 1.18177 1.03788 1.02687 0.912064 0.858052 0.713168
threshold=1.2500000000000002 1.3106206322031648 0.87300539969800239 18.858067645117945 0.010078117335893002 0.77407899461305896 14.780648148148151 15.193708333333335 0.73668356075679198 0.36816407316271788 41.71430130131349 0.15637367337194158 0.51486800121943921 19.360310112302635
decision_type=2 2 2 2 2 2 2 2 2 2 2 2 2 2
left_child=6 4 12 -4 5 -2 8 11 10 -9 -1 -8 -3 -10
right_child=1 2 3 -5 -6 -7 7 9 13 -11 -12 -13 -14 -15
leaf_value=0.0010899095611425255 0.0010339329534050515 -0.00034425472174235978 -0.0036434135249215739 0.00054698785226451523 9.9892805953370487e-05 0.0036802201435568809 -0.00011901574615273516 -0.0001232369595815754 -0.00031382559489264502 0.00013006803865081234 -0.00038491312088135535 -0.0012905295231455055 0.0026878035210677232 0.00087647222435227167
leaf_weight=998.59704807400703 611.37501931190491 68.630168229341507 120.10898315906525 73.325401574373245 521.29474946856499 85.070404231548309 545.48516023159027 12639.09313595295 964.64929834008217 13244.203175514936 220.36222150921822 558.74689731001854 67.939667552709579 250.91005381941795
leaf_count=1475 860 106 165 103 737 127 779 18193 1442 20747 357 890 100 389
internal_value=3.44312e-05 0.000507747 -0.000692829 -0.00201444 0.000841901 0.00138111 9.15977e-06 -2.34818e-05 0.00037483 5.99019e-06 0.000814909 -0.000722109 0.00110897 -5.88806e-05
internal_weight=30969.8 1547.74 330.004 193.434 1217.74 696.445 29422 26987.5 2434.52 25883.3 1218.96 1104.23 136.57 1215.56
internal_count=46470 2198 474 268 1724 987 44272 40609 3663 38940 1832 1669 206 1831
is_linear=0
shrinkage=0.02


Tree=236
num_leaves=13
num_cat=0
split_feature=42 23 18 22 22 43 3 2 23 12 40 18
split_gain=0.878399 1.09252 1.4758 1.29708 1.02158 0.949477 1.27396 1.01402 0.837323 0.793951 0.78438 0.72153
threshold=1.2500000000000002 0.76350261193091995 2.1404368547630046 1.7898057267576821 1.7621489800880756 -0.34999999999999992 37.713042825389287 14.780648148148151 2.1808295935743547 19.752662928919744 0.06868538424234126 1.5021956378618648
decision_type=2 2 2 2 2 2 2 2 2 2 2 2
left_child=4 2 11 9 5 6 -1 -7 -6 -3 -5 -2
right_child=1 3 -4 10 8 7 -8 -9 -10 -11 -12 -13
leaf_value=0.0018121003803126614 0.0016038644677602275 0.000128897643054398 0.0038072628330403876 0.00010371752594945849 -0.00039708301842675178 0.00043688897011145723 8.7520829369047427e-05 -8.3293946425853778e-06 0.00089722973536262793 -0.0016087392248932209 0.0028722436513732605 -0.00049810338104472611
leaf_weight=281.90658417344093 145.85385227203369 912.03785613179207 83.588956266641617 79.349134802818298 3214.862144857645 2240.2104685008526 466.14456790685654 23011.903818398714 207.019406914711 116.30805587768555 104.7172726392746 105.88926553726196
leaf_count=421 209 1319 112 112 4859 3363 694 34556 379 152 144 150
internal_value=3.37476e-05 0.000497955 0.00150966 0.000207875 8.956e-06 5.20474e-05 0.000753868 3.08031e-05 -0.00031538 -6.06684e-05 0.00174645 0.000683359
internal_weight=30969.8 1547.74 335.332 1212.41 29422 26000.2 748.051 25252.1 3421.88 1028.35 184.066 251.743
internal_count=46470 2198 471 1727 44272 39034 1115 37919 5238 1471 256 359
is_linear=0
shrinkage=0.02


Tree=237
num_leaves=12
num_cat=0
split_feature=14 35 12 30 37 18 1 22 1 22 25
split_gain=0.992921 1.07768 1.80318 1.20881 1.00308 1.16241 0.961609 0.92288 1.23272 0.825277 0.816692
threshold=12.500000000000002 2.1000000000000005 17.973082628801706 0.063066680763029265 0.4342821596486337 1.2427452525573424 31.539166666666677 1.1966655891446651 37.095166666666678 -0.040555304191955695 0.45000000000000007
decision_type=2 2 2 2 2 2 2 2 2 2 2
left_child=1 7 -3 -4 -2 9 -7 10 -9 -6 -1
right_child=4 2 3 -5 5 6 -8 8 -10 -11 -12
leaf_value=-6.6022062098132516e-05 6.5878311224015562e-06 -0.001242848577422753 0.002287991699646834 0.00013636756015415196 0.0021917685091537857 -0.0015913916526007399 -7.6644356181282405e-05 -0.00026899961096271116 0.00081341357034057438 -0.00055730304664443494 0.00018929612310543355
leaf_weight=7433.8414286971092 1206.3471590876579 117.10476842522621 285.99936905503273 180.50485482811928 75.446142822504044 585.98663651943207 254.70654362440109 5215.4136024713516 452.1914447247982 89.839019685983658 15072.410414338112
leaf_count=11442 1682 180 440 274 103 805 346 7929 698 129 22442
internal_value=3.31104e-05 6.4826e-05 0.000914943 0.00148094 -0.000374322 -0.000840127 -0.0011456 4.67976e-05 -0.000180619 0.000648963 0.000104522
internal_weight=30969.8 28757.5 583.609 466.504 2212.33 1005.98 840.693 28173.9 5667.61 165.285 22506.3
internal_count=46470 43405 894 714 3065 1383 1151 42511 8627 232 33884
is_linear=0
shrinkage=0.02


Tree=238
num_leaves=13
num_cat=0
split_feature=34 39 13 18 34 14 12 13 24 18 19 33
split_gain=1.4198 1.50498 1.56777 2.28571 1.51308 1.14974 1.18375 1.1418 1.11588 0.964265 0.882744 0.685949
threshold=0.88697462835112484 1.0000000180025095e-35 0.09614755747849292 0.76860663052758282 0.46296414446001827 12.500000000000002 19.180355011645403 2.7069047619047626 0.87836214164545579 3.1803181046618558 1.8181290495469935 0.19999999999999998
decision_type=2 2 2 2 2 2 2 2 2 2 2 2
left_child=1 4 3 -3 11 9 -7 -4 -6 10 -2 -1
right_child=5 2 7 -5 8 6 -8 -9 -10 -11 -12 -13
leaf_value=-0.00016324432593479147 0.00050183724655799243 0.0027357538290665789 -0.00012384272582282267 -0.0008421034672899194 9.1210829433882527e-05 6.9692409927095221e-05 -0.002416385859974095 0.0015559941116091037 0.00075795323722597911 0.0019891349243601271 -0.00040081232539363257 9.1342249130536507e-05
leaf_weight=8066.2576630711555 3486.7773893475533 70.714861154556274 3049.7311237752438 2182.0059813261032 2242.5878648757935 211.00581791996956 112.03421127796173 168.65276303887367 1876.3320436477661 158.7487311065197 480.84891080856323 8864.0940229296684
leaf_count=11951 5141 95 4688 3088 3382 292 156 303 2672 234 752 13716
internal_value=3.24441e-05 -2.26774e-05 -0.000318399 -0.000723029 5.37341e-05 0.000363101 -0.000771307 -3.17975e-05 0.000397586 0.000454663 0.000389776 -2.93668e-05
internal_weight=30969.8 26520.4 5471.1 2252.72 21049.3 4449.42 323.04 3218.38 4118.92 4126.38 3967.63 16930.4
internal_count=46470 39895 8174 3183 31721 6575 448 4991 6054 6127 5893 25667
is_linear=0
shrinkage=0.02


Tree=239
num_leaves=9
num_cat=0
split_feature=14 33 40 40 3 12 22 1
split_gain=0.93151 1.23687 1.13623 0.973514 0.884729 0.875328 0.825893 0.641423
threshold=12.500000000000002 0.35000000000000003 0.53463162105497919 0.19168226003579689 34.11451109940139 20.355079131834227 1.7898057267576821 38.674666666666674
decision_type=2 2 2 2 2 2 2 2
left_child=1 6 5 4 -2 -3 -1 -8
right_child=3 2 -4 -5 -6 -7 7 -9
leaf_value=-1.2559491209338221e-05 0.00058943510794883718 0.0001507741213242308 0.002007022476729257 -0.001608187565045845 -0.00043667222943399506 0.0012125290130327268 -0.00057942953560161255 0.0012133983938214519
leaf_weight=12687.864727497101 419.20821449160576 13950.425690919161 135.96562764048576 225.80840820074081 1567.3088790476322 318.9627945125103 1585.4052943587303 78.841747611761093
leaf_count=18989 572 21198 204 316 2177 457 2430 127
internal_value=3.18131e-05 6.25417e-05 0.000193633 -0.0003628 -0.000214732 0.000175375 -6.8348e-05 -0.00048714
internal_weight=30969.8 28757.5 14405.4 2212.33 1986.52 14269.4 14352.1 1664.25
internal_count=46470 43405 21859 3065 2749 21655 21546 2557
is_linear=0
shrinkage=0.02


Tree=240
num_leaves=12
num_cat=0
split_feature=40 34 15 0 40 0 34 3 3 51 18
split_gain=0.89468 1.28992 1.66284 1.39348 1.0416 1.31618 0.737522 0.638257 0.66927 0.623048 0.539698
threshold=0.20980801620270115 0.29283569883616478 2.3022529588141674 17.129668898655133 0.41670485567513604 29.108680078294793 0.36589992254747544 32.323718941005431 42.114985764668518 0.93666437780304368 1.7884831769315699
decision_type=2 2 2 2 2 2 2 2 2 2 2
left_child=1 7 -3 -4 6 10 -2 -1 -9 -8 -6
right_child=4 2 3 -5 5 -7 9 8 -10 -11 -12
leaf_value=0.0001839681746864903 0.00015829284544917091 -0.0027382723970143276 0.00066858137628453848 8.2412654497049761e-05 0.00058419208490026377 -0.00081529974965439088 -0.00036207375208435402 -0.0003793896781178499 -3.6702690097716746e-05 -0.0010910774525055018 0.0023303566290258084
leaf_weight=1929.1656570136547 496.91590529680252 77.966159820556641 1828.4475500583649 14958.737276047468 264.56812366843224 211.98347541689873 1134.3468789160252 4750.6351593732834 4517.891378223896 879.51261734962463 110.17349565029144
leaf_count=2952 834 125 2718 22068 405 305 1656 7100 7134 1290 180
internal_value=-1.33984e-05 2.18803e-05 0.000132671 0.000146925 -0.000336052 0.000412197 -0.000515074 -0.000144086 -0.000213471 -0.000686179 0.00113375
internal_weight=31160.3 28062.8 16865.2 16787.2 3097.5 586.725 2510.78 11197.7 9268.53 2013.86 374.742
internal_count=46767 42097 24911 24786 4670 890 3780 17186 14234 2946 585
is_linear=0
shrinkage=0.02


Tree=241
num_leaves=10
num_cat=0
split_feature=42 14 33 22 22 34 21 22 51
split_gain=1.2607 0.988435 1.07065 0.772195 1.21128 1.58351 0.943249 0.711754 0.654776
threshold=1.4500000000000002 11.500000000000002 0.95000000000000007 -1.1890094492916845 -0.14740012980840062 0.29009663342637554 1.4955385669470205 0.67145000453800752 1.1226055768526459
decision_type=2 2 2 2 2 2 2 2 2
left_child=3 2 7 8 5 -5 -6 -2 -1
right_child=1 -3 -4 4 6 -7 -8 -9 -10
leaf_value=-0.00037245231692570503 0.0011052647087767069 -0.0007509109209824416 0.0024534216700767366 -0.00014431383683255177 -9.5354669150001585e-05 0.00043405390250636326 0.002086647738821733 -0.00031490488612676622 0.00012380651844291323
leaf_weight=4205.7485231459141 385.39802917838097 143.60161930322647 164.8008890748024 3016.8904866278172 16586.032373815775 4987.890926450491 77.270035207271576 206.52596235275269 1386.1848316788673
leaf_count=6300 542 193 239 4626 24970 7392 130 294 2081
internal_value=-1.31259e-05 0.000723032 0.00101716 -3.54055e-05 1.23176e-05 0.000214845 -8.43872e-05 0.00059353 -0.000247647
internal_weight=31160.3 900.326 756.725 30260 24668.1 8004.78 16663.3 591.924 5591.93
internal_count=46767 1268 1075 45499 37118 12018 25100 836 8381
is_linear=0
shrinkage=0.02


Tree=242
num_leaves=11
num_cat=0
split_feature=40 34 50 0 40 0 34 34 51 18
split_gain=0.864038 1.20787 1.37117 1.13914 0.99977 1.26785 0.89771 0.71223 0.598369 0.517814
threshold=0.20980801620270115 0.29283569883616478 0.43061075532664078 17.129668898655133 0.41670485567513604 29.108680078294793 0.71506597382476833 0.36589992254747544 0.93666437780304368 1.7884831769315699
decision_type=2 2 2 2 2 2 2 2 2 2
left_child=1 -1 3 -3 7 9 -4 -2 -9 -6
right_child=4 2 6 -5 5 -7 -8 8 -10 -11
leaf_value=-0.00013877251176858878 0.0001560946895979672 0.00055268056114893629 0.00040545936945757255 2.0110327776784561e-05 0.0005719923173321572 -0.00080134860913328083 0.0016894312138807535 -0.00035562599537396054 -0.0010704565163641535 0.0022840976036582871
leaf_weight=11197.692194610834 496.91590529680252 1820.0471511185169 703.3023501932621 14005.399869263172 264.56812366843224 211.98347541689873 336.40161535143852 1134.3468789160252 879.51261734962463 110.17349565029144
leaf_count=17186 834 2707 1048 20654 405 305 502 1656 1290 180
internal_value=-1.28511e-05 2.18128e-05 0.000129031 8.20539e-05 -0.000329938 0.00040293 0.000832941 -0.00050536 -0.000673527 0.00111135
internal_weight=31160.3 28062.8 16865.2 15825.4 3097.5 586.725 1039.7 2510.78 2013.86 374.742
internal_count=46767 42097 24911 23361 4670 890 1550 3780 2946 585
is_linear=0
shrinkage=0.02


Tree=243
num_leaves=13
num_cat=0
split_feature=42 14 40 40 40 3 3 34 51 40 40 51
split_gain=1.20799 0.950113 1.25525 0.838597 0.835842 0.745758 1.91326 1.77654 1.05234 1.26207 0.639853 0.51314
threshold=1.4500000000000002 11.500000000000002 0.20980801620270115 0.086466660421546007 0.34207728707253016 36.820963273457828 42.010469844792397 1.0207471595628748 0.97190727788005571 0.21980841107107321 0.10273828012840891 0.85042847824097412
decision_type=2 2 2 2 2 2 2 2 2 2 2 2
left_child=5 2 3 -2 -4 8 7 -7 11 -10 -8 -1
right_child=1 -3 4 -5 -6 6 10 -9 9 -11 -12 -13
leaf_value=2.3748715063745253e-05 0.001035257066004472 -0.00073630598131782499 -0.0020673046255001242 0.0030452682769932407 0.0006731202064563617 -0.00028643990930246783 0.00010534547550960396 -0.0014708319203743151 0.00050769520744043165 -0.00070518741662978365 -0.00023075270653421173 -0.00047713727320324148
leaf_weight=6293.5133416652679 473.32492384314537 143.60161930322647 73.988094359636307 110.74208542704582 98.669776976108551 5838.7479293346405 10129.410739630461 559.63869079947472 3221.1610196828842 375.85726517438889 2907.6039457917213 934.08424484729767
leaf_count=9393 670 193 106 162 137 8723 15382 842 4782 564 4458 1355
internal_value=-1.25642e-05 0.000708035 0.000996522 0.00144252 -0.000454189 -3.438e-05 -0.000108718 -0.000392023 9.81648e-05 0.000377859 2.95957e-05 -3.97159e-05
internal_weight=31160.3 900.326 756.725 584.067 172.658 30260 19435.4 6398.39 10824.6 3597.02 13037 7227.6
internal_count=46767 1268 1075 832 243 45499 29405 9565 16094 5346 19840 10748
is_linear=0
shrinkage=0.02


Tree=244
num_leaves=10
num_cat=0
split_feature=42 3 3 34 51 3 21 48 45
split_gain=1.16048 0.716213 1.83783 1.70611 1.01035 1.05023 0.646211 0.789352 0.553343
threshold=1.4500000000000002 36.820963273457828 42.010469844792397 1.0207471595628748 0.97190727788005571 25.084056670664676 0.86169794702719382 2.7500000000000004 1.2916666666666667
decision_type=2 2 2 2 2 2 2 2 2
left_child=1 4 3 -3 8 -6 -2 -8 -1
right_child=6 2 -4 -5 5 -7 7 -9 -10
leaf_value=-0.00010510306661930544 0.0020262716731568402 -0.00028071307072983251 2.8988106776413389e-05 -0.0014415200138806106 -0.00078957260497392425 0.00047146788372784762 0.00015945524589053097 0.0019202139953991846 0.00043012749121921242
leaf_weight=6353.6064939498901 127.41859754920006 5838.7479293346405 13037.014685422182 559.63869079947472 279.70991715788841 3317.3083676993847 649.92797183990479 122.97993052005768 873.99109256267548
leaf_count=9438 184 8723 19840 842 445 4901 903 181 1310
internal_value=-1.23136e-05 -3.37023e-05 -0.000106558 -0.000384225 9.61807e-05 0.000370245 0.00069396 0.000456753 -3.88965e-05
internal_weight=31160.3 30260 19435.4 6398.39 10824.6 3597.02 900.326 772.908 7227.6
internal_count=46767 45499 29405 9565 16094 5346 1268 1084 10748
is_linear=0
shrinkage=0.02


Tree=245
num_leaves=9
num_cat=0
split_feature=45 1 37 1 1 1 1 1
split_gain=0.858286 0.655275 0.628352 0.543462 0.705798 0.852538 0.685596 0.556982
threshold=4.1000000000000005 37.648333333333348 0.43859881099094927 23.771833333333337 29.255000000000003 30.2135 10.366166666666668 28.890166666666669
decision_type=2 2 2 2 2 2 2 2
left_child=3 2 -2 6 7 -6 -1 -5
right_child=1 -3 -4 4 5 -7 -8 -9
leaf_value=0.00062007769760073555 -0.00032962360831220131 0.00062790234620791743 -0.00203863115795987 0.00017577935270342643 -0.00050395413827934374 3.461221498956053e-05 -0.00013082276825250458 0.00089348700235213421
leaf_weight=500.36173620820045 185.14749720692635 85.377042949199677 192.61363846063614 6567.9053060412407 1337.5273745656013 9467.1935385465622 12404.965206027031 471.23980721831322
leaf_count=750 275 126 270 9799 2004 14297 18548 713
internal_value=-1.48907e-05 -0.000867633 -0.0012335 -1.66607e-06 6.9505e-05 -3.1213e-05 -0.000100843 0.000225487
internal_weight=31212.3 463.138 377.761 30749.2 17843.9 10804.7 12905.3 7039.15
internal_count=46782 671 545 46111 26813 16301 19298 10512
is_linear=0
shrinkage=0.02


Tree=246
num_leaves=5
num_cat=0
split_feature=17 18 17 17
split_gain=0.685087 0.582694 1.04523 0.625117
threshold=3.1460438255793721 1.8758138207526696 1.8101633089206468 1.9195434504186952
decision_type=2 2 2 2
left_child=1 2 -1 -3
right_child=-2 3 -4 -5
leaf_value=-1.9149250434522094e-05 -0.00038203351366227617 0.00056146247951589226 -0.0005860646155289573 6.6597796896643562e-05
leaf_weight=15245.166380852461 1904.8560087382793 1129.5308063626289 1425.3094829022884 11507.468468368053
leaf_count=23046 2774 1723 2114 17125
internal_value=-1.45809e-05 8.98515e-06 -6.82842e-05 0.000111703
internal_weight=31212.3 29307.5 16670.5 12637
internal_count=46782 44008 25160 18848
is_linear=0
shrinkage=0.02


Tree=247
num_leaves=5
num_cat=0
split_feature=47 37 37 37
split_gain=0.859169 1.17068 0.509044 0.599474
threshold=4.1257848064105112 0.53927062982969765 1.0584539067731054 2.9708902928387317
decision_type=2 2 2 2
left_child=2 -2 -1 -4
right_child=1 -3 3 -5
leaf_value=2.4765492958747533e-05 -8.1215239375388165e-05 -0.0028545922326231659 -0.00027746223456501359 0.0012535030567835002
leaf_weight=27401.482281327248 175.61361277103424 98.216436088085175 3435.6229046881199 101.39591234922409
leaf_count=41159 250 130 5080 163
internal_value=-1.42897e-05 -0.0011257 -4.05755e-06 -0.000230065
internal_weight=31212.3 273.83 30938.5 3537.02
internal_count=46782 380 46402 5243
is_linear=0
shrinkage=0.02


Tree=248
num_leaves=5
num_cat=0
split_feature=47 13 13 13
split_gain=0.826884 0.676234 0.503853 0.662224
threshold=4.1257848064105112 3.3098328635711822 1.0000000180025095e-35 0.012706500820191152
decision_type=2 2 2 2
left_child=1 2 -1 -4
right_child=-2 -3 3 -5
leaf_value=-0.0001132768875967562 -0.0011043372110095442 0.00091710123623386572 0.0018271725719481065 4.345077536888606e-05
leaf_weight=12264.228162914515 273.83004885911942 313.27788463234901 81.966731399297714 18279.02831941843
leaf_count=17304 380 564 117 28417
internal_value=-1.40064e-05 -3.96218e-06 -1.37699e-05 5.21563e-05
internal_weight=31212.3 30938.5 30625.2 18361
internal_count=46782 46402 45838 28534
is_linear=0
shrinkage=0.02


Tree=249
num_leaves=7
num_cat=0
split_feature=45 13 2 2 37 14
split_gain=0.777639 0.672312 0.658884 0.717216 0.590737 0.520627
threshold=4.1000000000000005 3.3098328635711822 36.318333333333342 26.667250000000006 0.76679411895939598 7.5000000000000009
decision_type=2 2 2 2 2 2
left_child=1 2 3 -1 -2 -3
right_child=4 5 -4 -5 -6 -7
leaf_value=-7.8190890163880956e-05 -0.0003776504593849456 0.00047631741267472954 -0.00044972752587412785 0.00012192115310407086 -0.0020858497101195555 0.0026619193532734986
leaf_weight=16462.668279916048 349.51534458994865 254.21046569943428 1308.6252438127995 12667.056366533041 113.62283402681351 56.632612645626068
leaf_count=24583 509 424 1988 18980 162 136
internal_value=-1.37115e-05 -1.10801e-06 -1.09127e-05 8.48693e-06 -0.000825393 0.00092095
internal_weight=31212.3 30749.2 30438.3 29129.7 463.138 310.843
internal_count=46782 46111 45551 43563 671 560
is_linear=0
shrinkage=0.02


Tree=250
num_leaves=12
num_cat=0
split_feature=12 32 34 34 25 19 4 13 34 34 31
split_gain=1.08867 1.09229 1.97036 1.13424 0.933295 1.15152 0.908318 0.879732 0.646162 1.34897 0.68853
threshold=19.710867183964606 1.0000000180025095e-35 1.0052966871929245 0.68069689682801704 0.55000000000000016 4.1472649804018333 28.81953349178573 2.5237157855268095 1.1909437216833367 1.4800446365992974 1.7779524063401329
decision_type=2 2 2 2 2 2 2 2 2 2 2
left_child=1 2 3 -1 6 -6 -3 8 10 -10 -2
right_child=7 4 -4 -5 5 -7 -8 -9 9 -11 -12
leaf_value=0.00057272117829867888 0.00024601951098624105 0.00016269047755843293 0.0023689316558256394 -0.0017159288122818425 -2.0040131014367481e-05 0.0012266480546873043 -0.00035326991675459002 0.0021868083575819473 0.003240301609418606 0.00014541428588058761 -0.0010642028982943326
leaf_weight=354.77744841575623 2957.5664331018925 1668.7325240373611 203.16962844133377 112.34138208627701 18126.58805206418 299.28223955631256 6930.9181960821152 97.060050517320633 86.111794620752335 177.56585267186165 165.39849251508713
leaf_count=562 4323 2563 337 176 26958 484 10628 174 121 261 253
internal_value=-1.75981e-05 -5.98223e-05 0.000735049 0 -7.99597e-05 0 -0.000251972 0.000315062 0.000257208 0.00121057 0.000172791
internal_weight=31179.5 27695.8 670.288 467.119 27025.5 18425.9 8599.65 3483.7 3386.64 263.678 3122.96
internal_count=46840 41708 1075 738 40633 27442 13191 5132 4958 382 4576
is_linear=0
shrinkage=0.02


Tree=251
num_leaves=12
num_cat=0
split_feature=12 7 53 4 17 47 1 31 13 47 17
split_gain=1.04778 0.844439 0.86573 0.862142 0.892224 0.827879 0.853935 1.04981 0.678762 0.650733 0.575927
threshold=19.820744997408365 1.0000000180025095e-35 0.75000000000000011 16.658703725383173 3.1586291817865306 3.103639453364369 32.221666666666671 0.58819426713247702 0.078599369461628002 0.89256571409910512 0.61899482280192097
decision_type=2 2 2 2 2 2 2 2 2 2 2
left_child=1 2 10 -3 -5 6 9 -8 -4 -2 -1
right_child=5 3 8 4 -6 -7 7 -9 -10 -11 -12
leaf_value=0.0008025771146079663 0.00081737137747930433 -0.0018081712746686673 -0.00072024800921761446 0.00010645578346513319 -0.00059614083159032546 -0.001005338619242924 0.0034745236816858221 0.00064512209805898837 -0.00018749046154860444 8.3559899870909142e-05 -8.9921734098229113e-05
leaf_weight=294.33357465267181 713.02727553248405 96.334114849567413 1677.605827152729 13412.996923148632 759.08145377039909 162.1473200917244 77.76662802696228 194.30061173439026 2388.8580537438393 1609.8809354305267 9793.1793759763241
leaf_count=451 1042 150 2340 20260 1106 223 122 301 3599 2350 14896
internal_value=-1.72051e-05 -5.36292e-05 -0.00016325 5.44194e-05 6.80392e-05 0.000354423 0.000443947 0.00150981 -0.000409982 0.000313617 -6.27353e-05
internal_weight=31179.5 28422.4 14154 14268.4 14172.1 2757.12 2594.98 272.067 4066.46 2322.91 10087.5
internal_count=46840 42802 21286 21516 21366 4038 3815 423 5939 3392 15347
is_linear=0
shrinkage=0.02


Tree=252
num_leaves=12
num_cat=0
split_feature=34 32 7 14 25 2 2 18 14 1 1
split_gain=1.00285 1.73381 1.43609 1.27178 1.09339 1.22143 1.02969 0.786514 0.838985 0.610604 0.553608
threshold=1.1652870256943313 1.0000000180025095e-35 1.0000000180025095e-35 8.5000000000000018 0.55000000000000016 9.6193749999999998 20.020527777777783 3.104505766040988 11.500000000000002 8.3383333333333329 30.041166666666665
decision_type=2 2 2 2 2 2 2 2 2 2 2
left_child=4 10 6 -4 5 -1 -3 8 -6 -7 -2
right_child=1 2 3 -5 7 9 -8 -9 -10 -11 -12
leaf_value=0.0020196259457555166 0.0037445000893307771 0.0012036793753002672 -0.00056373093149491736 0.0010781446652878602 0.00013241205333785339 0.0015921789192119152 -0.00053254572927599966 -0.00037607669152730068 -0.00024103020796231944 -0.00027170178480821956 0.0012282081632858303
leaf_weight=92.429935365915298 67.486630916595459 154.5578445494175 230.12718304991722 878.03563696146011 15132.04143294692 67.399306148290634 967.10499674081802 1704.3988449573517 2844.6845754086971 8926.9985343813896 114.2471726834774
leaf_count=137 105 236 364 1293 22754 103 1424 2511 4032 13687 194
internal_value=-1.68526e-05 0.000374248 0.000215206 0.000727775 -5.00091e-05 -0.000231583 -0.000282689 3.33309e-05 7.27411e-05 -0.000256272 0.00224765
internal_weight=31179.5 2411.56 2229.83 1108.16 28768 9086.83 1121.66 19681.1 17976.7 8994.4 181.734
internal_count=46840 3616 3317 1657 43224 13927 1660 29297 26786 13790 299
is_linear=0
shrinkage=0.02


Tree=253
num_leaves=11
num_cat=0
split_feature=12 18 25 2 19 47 47 34 47 34
split_gain=1.01408 0.961106 1.0029 1.02594 1.01153 0.779578 0.89065 0.698019 0.688393 0.529016
threshold=19.710867183964606 3.2099218553014963 0.55000000000000016 10.349071428571431 4.1472649804018333 0.88573110850031955 0.79907719576905822 0.41289277873769287 1.35838546354122 0.29804413164681609
decision_type=2 2 2 2 2 2 2 2 2 2
left_child=1 2 3 -1 -4 6 -2 9 -9 -7
right_child=5 -3 4 -5 -6 7 -8 8 -10 -11
leaf_value=0.0012886901460446238 0.00049190081338394167 -0.0006848808904638858 2.9879055657855599e-05 -0.00024244288949304182 0.0011865942531109346 3.4572192741989192e-05 0.0021396230830607764 -0.00018832447093893259 0.00078039736431455764 -0.00086830881904775749
leaf_weight=174.85484629869461 740.95510905981064 942.37513241171837 17689.215343952179 8582.9245103895664 306.4396376311779 946.68078052997589 166.89818221330643 421.38367345929146 861.65796679258347 346.12691137194633
leaf_count=259 1093 1375 26371 13206 497 1449 249 607 1222 512
internal_value=-1.64848e-05 -5.72478e-05 -3.47164e-05 -0.000210444 5.02615e-05 0.000304564 0.000809843 0.000122109 0.000454665 -0.000200403
internal_weight=31179.5 27695.8 26753.4 8757.78 17995.7 3483.7 907.853 2575.85 1283.04 1292.81
internal_count=46840 41708 40333 13465 26868 5132 1342 3790 1829 1961
is_linear=0
shrinkage=0.02


Tree=254
num_leaves=12
num_cat=0
split_feature=12 14 2 25 2 47 31 31 31 25 2
split_gain=0.974313 0.898876 1.14805 0.91945 0.910625 0.79194 0.721005 0.537536 0.872597 0.526643 0.512354
threshold=19.820744997408365 11.500000000000002 27.857500000000005 0.55000000000000016 10.349071428571431 3.103639453364369 0.75451605991670545 1.4480358184864797 1.1891707417777932 1.9000000000000001 24.16341666666667
decision_type=2 2 2 2 2 2 2 2 2 2 2
left_child=1 3 10 4 -1 7 -4 8 -2 -5 -3
right_child=5 2 6 9 -6 -7 -8 -9 -10 -11 -12
leaf_value=0.0013515499055253277 0.00038211887554126278 -0.00021361299929919647 -0.0011969849821039473 0.00011013176870103056 -0.00021600537274453258 -0.00098745773136962281 -0.00035208825893267908 -0.00032217272059224556 0.0015742461738331324 -0.00036391439475035237 0.00042850531043128715
leaf_weight=147.67711958289146 1990.5707455873489 1929.20413890481 731.39364492893219 15425.559565126896 7526.9039137065411 162.1473200917244 1010.5182079970837 315.88559395074844 288.51911118626595 987.94064527750015 663.19208776950836
leaf_count=224 2924 2785 1045 23256 11688 223 1421 472 419 1437 946
internal_value=-1.61243e-05 -5.12597e-05 -0.000316363 -3.12065e-06 -0.000184195 0.000342226 -0.000713543 0.000429859 0.000538667 8.09485e-05 -4.52868e-05
internal_weight=31179.5 28422.4 4334.31 24088.1 7674.58 2757.12 1741.91 2594.98 2279.09 16413.5 2592.4
internal_count=46840 42802 6197 36605 11912 4038 2466 3815 3343 24693 3731
is_linear=0
shrinkage=0.02


Tree=255
num_leaves=11
num_cat=0
split_feature=5 46 16 37 5 22 30 37 30 46
split_gain=0.989657 1.20785 0.961924 0.900066 0.795528 0.829106 0.742377 0.683145 0.599726 0.571243
threshold=49.999882700699111 3.4722222222222228 15.200000000000005 0.47195452212758454 49.516049428648195 0.5988882454887402 0.012162091808132852 0.40454245371112879 0.44705926280409009 2.4722222222222228
decision_type=2 2 2 2 2 2 2 2 2 2
left_child=1 4 6 -3 5 -1 -2 -6 9 -4
right_child=2 3 8 -5 7 -7 -8 -9 -10 -11
leaf_value=5.3820178813335107e-05 -0.00094535052591917016 -0.00017326274365148675 -5.0604300841955364e-05 -0.0020509443130498719 -0.00010607419052856072 -0.00017971020617279284 0.00052907738183646954 -0.0011341097402980875 0.0024768117007481459 0.00076631622968732522
leaf_weight=18248.720934063196 330.29907953739166 223.50933131575584 454.9395617544651 208.99737858772278 602.782146692276 9098.3471769094467 221.25022184848785 485.62311992049217 67.540637880563736 1151.6441287100315
leaf_count=27280 496 323 693 299 923 13698 344 747 109 1788
internal_value=-2.97471e-05 -6.1384e-05 0.000375795 -0.00110888 -4.50229e-05 -2.3517e-05 -0.000336054 -0.000575171 0.000616405 0.000528995
internal_weight=31093.7 28868 2225.67 432.507 28435.5 27347.1 551.549 1088.41 1674.12 1606.58
internal_count=46700 43270 3430 622 42648 40978 840 1670 2590 2481
is_linear=0
shrinkage=0.02


Tree=256
num_leaves=11
num_cat=0
split_feature=51 5 5 34 34 16 25 34 37 34
split_gain=1.26032 0.962905 1.32196 1.04225 0.848599 0.841852 0.837776 0.618538 0.743178 0.601613
threshold=0.40491070200671919 36.050606003087104 38.072873710546567 1.5241515419650449 0.22110785003229727 3.9399999999999999 0.29166666666666669 1.4800446365992974 1.6690004123451307 1.3077082527503954
decision_type=2 2 2 2 2 2 2 2 2 2
left_child=7 4 6 -4 -2 -6 -3 9 -9 -1
right_child=1 2 3 -5 5 -7 -8 8 -10 -11
leaf_value=-0.000243070594943829 -0.0001615791043997614 -0.0016404977420296063 -9.0960066684807148e-06 0.00081106441576915241 -0.00022199628467831439 0.00051249563593573069 -0.00036911431016276665 0 -0.002615023770614594 0.0014669831681447451
leaf_weight=7402.2504495680332 1412.0759982466698 252.72314217686653 15177.623889654875 643.38463866710663 722.45435652136803 3863.572679579258 1368.3682358264923 77.168763488531113 94.344420790672302 79.687142699956894
leaf_count=11115 2167 400 22824 971 1045 5786 1996 121 149 126
internal_value=-2.9166e-05 4.32322e-05 -3.1433e-05 2.37233e-05 0.000261958 0.000394562 -0.000575257 -0.000252159 -0.00144354 -0.000223134
internal_weight=31093.7 23440.2 17442.1 15821 5998.1 4586.03 1621.09 7653.45 171.513 7481.94
internal_count=46700 35189 26191 23795 8998 6831 2396 11511 270 11241
is_linear=0
shrinkage=0.02


Tree=257
num_leaves=12
num_cat=0
split_feature=51 30 5 5 5 33 37 31 37 37 13
split_gain=1.21017 0.955391 0.964806 1.03638 0.952734 0.821504 0.779192 0.76906 1.30774 0.820778 0.602117
threshold=0.40491070200671919 0.33628485884184256 36.050606003087104 38.072873710546567 28.519737306650093 1.2500000000000002 1.6690004123451307 0.90910178424337129 0.61199990248656944 0.47195452212758454 1.3761066939115774
decision_type=2 2 2 2 2 2 2 2 2 2 2
left_child=5 2 4 -4 -2 6 10 9 -9 -3 -1
right_child=1 7 3 -5 -6 -7 -8 8 -10 -11 -12
leaf_value=-0.00035776202572641034 -0.00020719158201429143 0.0002893037435332522 -0.00056918677872930831 -1.8867574492465499e-05 0.00038619307843934742 0.001011000293801191 -0.0018966338126086468 0.00075010710980249833 -0.00055075894847410735 0.002621052622216576 5.858821115386905e-05
leaf_weight=5537.1383461356163 1433.8718956410885 131.01835054159164 1513.3467328846455 14674.105243861675 4187.3079059422016 196.84235817193985 117.59849348664284 912.03530982136726 456.96331465244293 131.55418732762337 1801.8715787529945
leaf_count=8135 2183 201 2234 22076 6256 309 186 1367 674 198 2881
internal_value=-2.86042e-05 4.23316e-05 6.92155e-06 -7.09979e-05 0.000233032 -0.00024712 -0.000281935 0.000508935 0.000308422 0.00150634 -0.00025419
internal_weight=31093.7 23440.2 21808.6 16187.5 5621.18 7653.45 7456.61 1631.57 1369 262.573 7339.01
internal_count=46700 35189 32749 24310 8439 11511 11202 2440 2041 399 11016
is_linear=0
shrinkage=0.02


Tree=258
num_leaves=13
num_cat=0
split_feature=48 7 3 3 24 30 42 42 3 30 3 50
split_gain=1.02258 1.03829 0.955456 1.02078 0.774393 0.652318 0.604952 1.46277 0.640786 0.599323 0.5929 0.559889
threshold=1.0000000180025095e-35 1.0000000180025095e-35 36.045170107324104 42.310955671944633 1.2153080601683539 0.31358216675345513 0.75000000000000011 0.95000000000000007 22.45603628668054 0.14088726386975467 26.87814009019349 -0.24501286793800586
decision_type=2 2 2 2 2 2 2 2 2 2 2 2
left_child=6 5 4 -4 -3 9 8 -8 -1 -2 -9 -7
right_child=1 2 3 -5 -6 11 7 10 -10 -11 -12 -13
leaf_value=0.0008412104121880271 -7.2384997643146605e-05 0.00036512603177260545 -0.00024054399012578241 0.00021314076429516859 0.0014619282525807965 -0.00088702743513199942 0.0010933596139263396 -0.0015253051964435828 -0.00034978714188893209 -0.00046221689270216555 -5.6132944532509434e-05 0.00055226520401904897
leaf_weight=179.75140058994293 8894.5251481831074 2705.7860389351845 2951.7647223472595 5982.747603058815 292.678816229105 115.93295896053314 436.74071079492569 142.29334688186646 5999.1292861700058 1943.7297785878181 529.9526871740818 918.62121930718422
leaf_count=274 13348 4016 4381 9125 436 170 644 220 9040 2919 763 1364
internal_value=-2.80238e-05 3.5075e-05 0.000167119 6.21141e-05 0.00047642 -9.68021e-05 -0.000235461 0.000188796 -0.000313261 -0.000143292 -0.000385544 0.000379929
internal_weight=31093.7 23805.8 11933 8934.51 2998.46 11872.8 7287.87 1108.99 6178.88 10838.3 672.246 1034.55
internal_count=46700 35759 17958 13506 4452 17801 10941 1627 9314 16267 983 1534
is_linear=0
shrinkage=0.02


Tree=259
num_leaves=12
num_cat=0
split_feature=51 30 33 37 31 37 37 34 22 25 50
split_gain=1.12022 0.897317 0.787661 0.751267 0.741404 1.25673 0.788512 0.710394 0.742821 0.654033 0.646193
threshold=0.40491070200671919 0.33628485884184256 1.2500000000000002 1.6690004123451307 0.90910178424337129 0.61199990248656944 0.47195452212758454 1.8167221222600958 0.68903266068296587 1.9000000000000001 0.29265423682251451
decision_type=2 2 2 2 2 2 2 2 2 2 2
left_child=2 7 3 10 6 -6 -3 9 -9 -2 -1
right_child=1 4 -4 -5 5 -7 -8 8 -10 -11 -12
leaf_value=-0.00022383949002344452 5.6830007271991885e-06 0.00027788362677381518 0.00099415760778411824 -0.0018572863879995753 0.00072912206438650038 -0.00054611935672324661 0.0025648470606675793 0.0012198141628618935 -0.00027837067572144257 -0.00069956096714650817 -0.0021031698313691079
leaf_weight=7265.6378643214703 20706.293822199106 131.01835054159164 196.84235817193985 117.59849348664284 912.03530982136726 456.96331465244293 131.55418732762337 377.42174285650253 187.72042444348335 537.19578883051872 73.372060567140579
leaf_count=10903 31118 201 309 186 1367 674 198 581 285 765 113
internal_value=-2.74621e-05 4.07726e-05 -0.000237707 -0.000271825 0.000492972 0.000295985 0.00147222 6.44164e-06 0.000705311 -1.17444e-05 -0.000244558
internal_weight=31093.7 23440.2 7653.45 7456.61 1631.57 1369 262.573 21808.6 565.142 21243.5 7339.01
internal_count=46700 35189 11511 11202 2440 2041 399 32749 866 31883 11016
is_linear=0
shrinkage=0.02


Tree=260
num_leaves=12
num_cat=0
split_feature=16 35 5 27 3 19 1 40 19 34 3
split_gain=1.2265 1.32234 1.25286 1.20435 1.02624 1.0718 0.926736 0.928016 0.859017 0.766822 0.633313
threshold=13.167500000000002 2.1000000000000005 33.00789770706664 0.40608481650533734 38.570031653041219 2.9084691529654125 36.224500000000006 0.23082447751797083 -0.11926666560549563 1.9272749415117565 40.818127440894351
decision_type=2 2 2 2 2 2 2 2 2 2 2
left_child=1 4 -3 -2 5 -1 9 -8 -4 -5 -6
right_child=3 2 8 6 10 -7 7 -9 -10 -11 -12
leaf_value=-1.049261583637785e-05 -0.00088932071339861175 -0.0004479703099395416 0.00026324776092378891 0.0003399442517296211 -0.00051142536324565407 0.0007955656132287264 3.9200241092241864e-05 -0.0013583774018245368 0.0032758449813987222 0.0014203999988955604 -0.0001447306770054616
leaf_weight=11809.821665674448 368.30734530091286 99.197032988071442 67.039581537246704 5517.6390912234783 2524.5697939097881 695.71201300621033 1483.6824154853821 214.12824374437332 117.94068524241447 281.62022170424461 7986.1670922338963
leaf_count=17490 588 152 104 8180 3803 1037 2242 331 176 435 12235
internal_value=1.70559e-06 -7.0868e-05 0.00127805 0.000217932 -8.80668e-05 3.36708e-05 0.000273885 -0.00013257 0.00225201 0.000394608 -0.000233839
internal_weight=31165.8 23300.4 284.177 7865.38 23016.3 12505.5 7497.07 1697.81 184.98 5799.26 10510.7
internal_count=46773 34997 432 11776 34565 18527 11188 2573 280 8615 16038
is_linear=0
shrinkage=0.02


Tree=261
num_leaves=11
num_cat=0
split_feature=15 24 3 19 0 24 43 43 19 0
split_gain=1.28008 1.30582 1.25191 1.28825 1.12094 0.957497 0.752109 0.673761 0.622628 0.602587
threshold=10.570588883839333 0.28426546096263577 38.570031653041219 2.9084691529654125 36.198053150677318 1.2649125999914514 -0.44999999999999996 0.19999999999999998 0.18142559013261381 19.546143540486273
decision_type=2 2 2 2 2 2 2 2 2 2
left_child=2 -2 3 6 5 -3 -1 -5 -6 -4
right_child=1 4 9 7 8 -7 -8 -9 -10 -11
leaf_value=0.0013819896195895463 0.0026614311370814947 0.00011149614450001747 -4.6434542529311972e-05 -2.6191536495950615e-05 -0.001175263265271512 0.00059619278495293344 -3.9248219088301016e-05 0.0012224658882589075 -5.9662059466208073e-06 -0.00041859245658105629
leaf_weight=148.72843554615974 82.284266382455826 8220.1722939610481 2732.9618717133999 233.34535425901413 365.46990856528282 2059.810188382864 11274.818312853575 528.8193111717701 395.91352197527885 5123.5017172396183
leaf_count=221 158 12178 4307 351 516 3048 16740 792 567 7895
internal_value=1.66862e-06 0.000174016 -9.34954e-05 3.26931e-05 0.000154095 0.000209685 -1.96306e-05 0.000828021 -0.000581946 -0.00029045
internal_weight=31165.8 11123.7 20042.2 12185.7 11041.4 10280 11423.5 762.165 761.383 7856.46
internal_count=46773 16467 30306 18104 16309 15226 16961 1143 1083 12202
is_linear=0
shrinkage=0.02


Tree=262
num_leaves=14
num_cat=0
split_feature=22 33 40 1 40 27 13 22 50 27 50 13 27
split_gain=1.14813 1.29339 1.44526 2.2383 1.17427 0.988317 1.23561 0.951675 0.948309 0.83158 0.924203 0.694045 0.544967
threshold=-1.1890094492916845 0.55000000000000016 0.41670485567513604 31.366333333333333 -0.24338610940291697 0.89194449226835448 1.7782260480820595 -1.1305129108692222 -0.21158699450511828 1.1777920554320558 0.38392604090516597 2.4769091732542825 0.39594137363192144
decision_type=2 2 2 2 2 2 2 2 2 2 2 2 2
left_child=8 5 4 -4 -3 6 -2 -7 12 11 -11 -10 -1
right_child=1 2 3 -5 -6 7 -8 -9 9 10 -12 -13 -14
leaf_value=0.00023425909321842002 -0.00025243255849221582 0.0011213399297872043 0.0032555395103473057 -0.00068943224627598986 0.00015042868571063753 0.0023040394699083118 0.00037120980640437936 0.00012233551764786286 -0.00018569560010418161 0.00013418204870765282 0.0019414476541774945 -0.0015601410207835454 -0.00092366807669500147
leaf_weight=176.03156015276909 8911.2810002267361 535.44677221775055 151.50515720248222 85.229574650526047 7822.1115740537643 79.648583918809891 1468.8322697281837 6385.9983039200306 3530.6306714117527 679.87425392866135 137.85526111721992 154.23595362901688 1047.1442458927631
leaf_count=276 13219 808 231 128 11807 121 2471 9440 5265 1003 205 260 1539
internal_value=1.62788e-06 5.954e-05 0.000259325 0.0017995 0.000214082 -4.18106e-05 -0.000163167 0.000151462 -0.000253865 -0.000116931 0.000455049 -0.000246753 -0.000748754
internal_weight=31165.8 25440.1 8594.29 236.735 8357.56 16845.8 10380.1 6465.65 5725.77 4502.6 817.73 3684.87 1223.18
internal_count=46773 38225 12974 359 12615 25251 15690 9561 8548 6733 1208 5525 1815
is_linear=0
shrinkage=0.02


Tree=263
num_leaves=14
num_cat=0
split_feature=15 0 34 47 23 19 5 33 23 13 33 19 19
split_gain=1.22011 1.13699 0.997317 1.79324 1.26583 0.985471 0.845477 0.818493 0.775185 0.737025 0.623782 0.596606 0.5706
threshold=10.570588883839333 36.198053150677318 1.3077082527503954 0.88573110850031955 0.71257589104900754 2.9084691529654125 43.498199336706172 1.0500000000000003 2.0260352104853125 0.4074438611840181 0.25000000000000006 0.18142559013261381 -0.42189341114340978
decision_type=2 2 2 2 2 2 2 2 2 2 2 2 2
left_child=5 2 4 -4 -2 6 7 -1 9 -7 -10 12 -3
right_child=1 11 3 -5 -6 8 -8 -9 10 -11 -12 -13 -14
leaf_value=-0.00010232704568141408 -0.00048730701473262617 -0.00028070243859777119 -0.0016795286423851373 0.0010010490088602525 0.00023904446161887759 0.00082635515292884165 -0.00041778226117292281 0.00051249253398041189 0.00027162545478087052 -0.00019334379144655733 0.002992643429103286 -7.0093746478706857e-06 -0.0019375626900069412
leaf_weight=14517.872153908014 1080.2244072854519 180.54958140850067 105.16071084141731 1125.3913434743881 8051.4902871251106 498.68435111641884 3330.3820226490498 915.17349562048912 73.00828742980957 626.91201883554459 80.142673224210739 395.91352197527885 184.92032715678215
leaf_count=21827 1588 255 159 1663 11974 711 5069 1418 114 1032 135 567 261
internal_value=1.62231e-06 0.000169892 0.000225425 0.000761505 0.000151939 -9.12782e-05 -0.000128318 -6.51589e-05 0.00044376 0.00025022 0.00178019 -0.000571405 -0.00115224
internal_weight=31165.8 11123.7 10362.3 1230.55 9131.71 20042.2 18763.4 15433 1278.75 1125.6 153.151 761.383 365.47
internal_count=46773 16467 15384 1822 13562 30306 28314 23245 1992 1743 249 1083 516
is_linear=0
shrinkage=0.02


Tree=264
num_leaves=10
num_cat=0
split_feature=15 24 3 19 23 23 34 1 18
split_gain=1.17078 1.25459 1.17692 1.20305 1.06218 1.0506 1.21505 1.08134 0.575647
threshold=10.570588883839333 0.28426546096263577 38.570031653041219 2.9084691529654125 2.0260352104853125 0.71257589104900754 1.5833327684805774 29.433833333333336 0.78448885347037367
decision_type=2 2 2 2 2 2 2 2 2
left_child=2 -2 3 8 -5 6 -3 -7 -1
right_child=1 5 -4 4 -6 7 -8 -9 -10
leaf_value=0.00041323847536592107 0.0026044822781352704 -0.00056956919121471964 -0.00028039929352348083 0.00051606290227840181 0.0029209321931201364 0.00059850408211145525 0.001959507177165495 9.9373058104725511e-05 -6.5096550821592685e-05
leaf_weight=1111.2260497510433 82.284266382455826 1158.6531966030598 7856.4635889530182 678.06081935763359 84.103846073150635 2285.2585734426975 77.925876170396805 7519.5282666683197 10312.320698648691
leaf_count=1664 158 1694 12202 1017 126 3275 116 11224 15297
internal_value=1.57155e-06 0.000166411 -8.94249e-05 3.29068e-05 0.000801473 0.000146868 -0.000399213 0.000216826 -1.76271e-05
internal_weight=31165.8 11123.7 20042.2 12185.7 762.165 11041.4 1236.58 9804.79 11423.5
internal_count=46773 16467 30306 18104 1143 16309 1810 14499 16961
is_linear=0
shrinkage=0.02


Tree=265
num_leaves=8
num_cat=0
split_feature=25 1 27 19 14 27 1
split_gain=1.09262 1.17664 1.10446 0.953077 0.767819 0.743416 0.567571
threshold=0.55000000000000016 9.2587500000000009 0.49476710998938572 4.1472649804018333 12.500000000000002 0.12382555021018972 38.113666666666667
decision_type=2 2 2 2 2 2 2
left_child=1 -1 -2 4 -4 -3 -7
right_child=2 5 3 -5 -6 6 -8
leaf_value=0.0012505348405473565 0.00081720299460044307 0.00049253423823674607 6.687942785926006e-05 0.0011257831587188742 -0.00040846229370708725 -0.00023937989331772075 -0.0020228278491309778
leaf_weight=221.87297338247299 779.3967179954052 554.95656034350395 18645.21239644289 322.53130948543549 1460.857793867588 8991.0113346278667 71.6155004799366
leaf_count=336 1226 925 27789 520 2013 13716 111
internal_value=-2.05711e-06 -0.000176537 7.84302e-05 4.96777e-05 3.18078e-05 -0.000210751 -0.00025502
internal_weight=31047.5 9839.46 21208 20428.6 20106.1 9617.58 9062.63
internal_count=46636 15088 31548 30322 29802 14752 13827
is_linear=0
shrinkage=0.02


Tree=266
num_leaves=14
num_cat=0
split_feature=36 34 23 2 34 15 25 23 22 25 22 2 23
split_gain=1.05573 2.05296 1.49334 1.87682 1.31473 1.36941 1.62299 1.03601 0.831957 0.809914 0.693852 0.684865 0.644273
threshold=1.3875000000000002 1.2168626973380638 0.78058667534989479 25.254416666666668 0.89721692632576266 14.221480046836515 1.1000000000000003 1.0532972530452873 1.3741305334083724 0.55000000000000016 -1.7015130864349783 11.969021164021166 2.0260352104853125
decision_type=2 2 2 2 2 2 2 2 2 2 2 2 2
left_child=4 8 3 -3 9 6 -6 -4 -2 11 -7 -1 -11
right_child=1 2 7 -5 5 10 -8 -9 -10 12 -12 -13 -14
leaf_value=0.00050568711648964453 -0.00249281953277354 0.0031690997612971155 -0.00099426534321007064 -0.0001417582510274898 0.00047860737699293224 -0.00032927890518535605 -0.0010125973018372471 0.00012611261985003209 -0.00012628445009219236 4.5712325432122885e-05 0.001570175964993247 -0.0002244386348083276 0.0010255108709270792
leaf_weight=540.3547554910183 242.44126835465431 110.71647816896439 656.57133361697197 160.53613325953484 1561.2566411793232 79.697809666395187 354.33543840050697 633.55544149875641 90.879754304885864 17961.416418403387 519.26705342531204 7864.596460133791 271.82960072159767
leaf_count=815 367 156 955 230 2384 120 517 983 142 26677 717 12088 485
internal_value=-1.99525e-06 -0.000459509 -0.00014742 0.00118633 2.74261e-05 0.0004645 0.000196789 -0.000436987 -0.00188201 -1.34887e-05 0.00130054 -0.0001762 6.09789e-05
internal_weight=31047.5 1894.7 1561.38 271.253 29152.8 2514.56 1915.59 1290.13 333.321 26638.2 598.965 8404.95 18233.2
internal_count=46636 2833 2324 386 43803 3738 2901 1938 509 40065 837 12903 27162
is_linear=0
shrinkage=0.02


Tree=267
num_leaves=9
num_cat=0
split_feature=33 28 37 37 1 42 21 42
split_gain=0.907677 1.59536 1.5681 1.01188 1.56008 0.893785 0.817665 0.819342
threshold=1.1500000000000004 1.7500000000000002 0.78330622522403492 0.41923677513023067 29.067333333333337 2.2500000000000004 0.50568390950411146 0.15000000000000005
decision_type=2 2 2 2 2 2 2 2
left_child=5 3 -3 -2 -5 6 -1 -8
right_child=1 2 -4 4 -6 -7 7 -9
leaf_value=-0.0016925534732488607 2.0125957565627507e-05 4.6685312810320606e-05 -0.0035276068736359929 0.0020691811505334904 0.00031776254634629034 0.0019742602053956777 -0.00022759270577701968 2.8650906642221218e-05
leaf_weight=116.60045626759529 549.86896684765816 134.50301498174667 70.779681533575058 390.98318809270859 456.73573869466782 86.784030139446259 6369.1211489140987 22872.078361153603
leaf_count=181 877 189 98 601 683 117 9736 34154
internal_value=-1.94685e-06 0.000460887 -0.0011596 0.000707372 0.00114029 -2.75113e-05 -3.39033e-05 -2.68321e-05
internal_weight=31047.5 1602.87 205.283 1397.59 847.719 29444.6 29357.8 29241.2
internal_count=46636 2448 287 2161 1284 44188 44071 43890
is_linear=0
shrinkage=0.02


Tree=268
num_leaves=13
num_cat=0
split_feature=36 36 42 23 19 23 15 13 27 23 27 19
split_gain=1.02308 1.58656 1.21721 1.1396 1.4858 1.22032 0.99827 0.976243 0.939893 0.929337 0.888802 0.524673
threshold=1.3875000000000002 1.4722222222222225 0.15000000000000005 0.78058667534989479 -0.74770053188551511 1.0870563119709236 24.241860142458812 0.58043593001515259 0.69933824937671096 1.4049815265743468 1.1547815078696828 0.44790562070050483
decision_type=2 2 2 2 2 2 2 2 2 2 2 2
left_child=2 11 7 4 -3 -5 9 -1 -9 -4 -8 -2
right_child=1 3 6 5 -6 -7 10 8 -10 -11 -12 -13
leaf_value=-0.00043755004250219733 -0.00085530977545709237 -0.00055284709154808593 3.6089418305994247e-05 -0.00098255793161883351 0.0024033939175446208 0.0002408991972352505 0.0029025415661134615 -0.00031412311657996099 0.00040849355842337087 0.00046187957855167499 0.00046659646031298901 -0.0025523768032469996
leaf_weight=3550.2543628811836 183.84064987301826 119.79486188292503 20135.82120269537 706.42207655310631 141.53929227590561 583.84701529145241 89.823484033346176 1387.9156198501587 1482.3870330452919 2291.8667000234127 214.68577489256859 159.25651332736015
leaf_count=5185 269 170 29905 1032 204 929 135 2224 2388 3646 320 229
internal_value=-1.88342e-06 -0.000452273 2.70744e-05 -0.000172044 0.00101638 -0.000421689 9.60614e-05 -0.000215573 5.56202e-05 8.00837e-05 0.00123202 -0.00168225
internal_weight=31047.5 1894.7 29152.8 1551.6 261.334 1290.27 22732.2 6420.56 2870.3 22427.7 304.509 343.097
internal_count=46636 2833 43803 2335 374 1961 34006 9797 4612 33551 455 498
is_linear=0
shrinkage=0.02


Tree=269
num_leaves=10
num_cat=0
split_feature=25 42 19 23 36 2 43 27 27
split_gain=1.00795 1.35573 1.09756 1.50942 1.08393 0.774579 0.858952 0.670556 0.506063
threshold=0.55000000000000016 2.1500000000000008 4.1472649804018333 2.0260352104853125 1.3875000000000002 11.969021164021166 -0.34999999999999992 0.38036761664634061 0.17353017443646526
decision_type=2 2 2 2 2 2 2 2 2
left_child=5 2 4 -4 -2 -1 7 -7 -8
right_child=1 -3 3 -5 -6 6 8 -9 -10
leaf_value=0.00053398710835883621 8.2116622909206175e-05 0.0024956653293086687 0.0004837866803293921 0.0038572125742815512 -0.00052486806192875211 0 0.00020927010021807522 0.0018344986564150262 -0.00029980345827305163
leaf_weight=579.23615312576294 19520.47338104248 90.400292873382568 282.9607350230217 66.649252504110336 1247.5145563483238 164.14225745201111 839.1250011920929 138.88820633292198 8118.0647507309914
leaf_count=878 29010 124 452 111 1851 251 1381 207 12371
internal_value=-1.83129e-06 7.54618e-05 6.43925e-05 0.00117362 4.51271e-05 -0.000169427 -0.000214611 0.000821634 -0.00025096
internal_weight=31047.5 21208 21117.6 349.61 20768 9839.46 9260.22 303.03 8957.19
internal_count=46636 31548 31424 563 30861 15088 14210 458 13752
is_linear=0
shrinkage=0.02


Tree=270
num_leaves=12
num_cat=0
split_feature=25 42 14 50 34 42 51 40 50 50 14
split_gain=0.763492 0.916703 0.9263 1.00003 0.726805 0.83591 1.02216 0.653283 1.33876 0.882691 0.624994
threshold=2.1000000000000005 0.75000000000000011 11.500000000000002 0.090627765651589365 1.5833327684805774 1.8500000000000003 0.67902288278382339 0.35764168949901726 0.04064232523672346 -0.17847382343641882 12.500000000000002
decision_type=2 2 2 2 2 2 2 2 2 2 2
left_child=4 2 3 -2 5 10 -7 9 -9 -6 -1
right_child=1 -3 -4 -5 7 6 -8 8 -10 -11 -12
leaf_value=4.2089292689502129e-06 -0.0013836145340952229 -0.0022312590099626628 0.0016918455774311992 0.00033219563731776342 0.0017661217894230023 -0.00041662169506472788 0.0023230087819390926 -0.0023690587268614428 0.0010239301536591103 0.00033169494557516201 -0.00035945898927418818
leaf_weight=27084.220246523619 300.01532372832298 121.51834151148796 76.317176282405853 232.1258707344532 247.82347837090492 82.06950843334198 131.38192307949066 85.119954079389572 93.603411048650742 633.8362934589386 2026.4387091994286
leaf_count=40975 434 162 105 332 369 118 185 127 141 968 2812
internal_value=-8.03083e-06 -0.000646466 -0.000307305 -0.000617996 7.0198e-06 -1.12635e-05 0.00122915 0.000521113 -0.000545038 0.000749296 -2.0786e-05
internal_weight=31114.5 729.977 608.458 532.141 30384.5 29324.1 213.451 1060.38 178.723 881.66 29110.7
internal_count=46728 1033 871 766 45695 44090 303 1605 268 1337 43787
is_linear=0
shrinkage=0.02


Tree=271
num_leaves=8
num_cat=0
split_feature=32 4 14 12 42 12 28
split_gain=0.792912 1.16478 0.690236 1.01178 0.707883 0.696103 0.687182
threshold=0.15000000000000005 49.291647045551322 12.500000000000002 18.252274250743667 1.6500000000000001 17.91627965741689 2.7500000000000004
decision_type=2 2 2 2 2 2 2
left_child=1 -1 4 -4 6 -6 -2
right_child=2 -3 3 -5 5 -7 -8
leaf_value=0.00020440104369715982 -7.3361916128461002e-06 0.001817243731491868 -0.0011303284981536061 -0.00011421413284527192 -0.00071590788014777346 0.0011027147015614089 -0.00098829014120681334
leaf_weight=1279.9572805464268 26746.438829392195 210.96208411455154 536.77352711558342 1544.9631104767323 97.27201321721077 410.98663535714149 287.11675623059273
leaf_count=1995 40394 354 732 2152 141 553 407
internal_value=-7.85002e-06 0.000441442 -3.08282e-05 -0.000381851 -3.90745e-06 0.000733622 -1.81969e-05
internal_weight=31114.5 1490.92 29623.6 2081.74 27541.8 508.259 27033.6
internal_count=46728 2349 44379 2884 41495 694 40801
is_linear=0
shrinkage=0.02


Tree=272
num_leaves=10
num_cat=0
split_feature=32 47 27 47 25 47 40 1 47
split_gain=0.762215 1.55696 0.987343 0.904523 1.27624 1.54316 0.853347 0.81675 0.803981
threshold=0.15000000000000005 1.6181938930244664 1.104347535196746 1.586309514797613 2.1000000000000005 1.4126854995315847 -0.46012791514524604 32.221666666666671 2.0398454879837393
decision_type=2 2 2 2 2 2 2 2 2
left_child=1 -1 -3 4 5 -2 -5 -6 -8
right_child=3 2 -4 6 7 -7 8 -9 -10
leaf_value=4.7356541297681291e-05 8.4271934010117353e-06 0.0022617109517630873 5.7483764054924664e-06 0.0017815148255457406 -0.00050237826420585332 0.00060452871480914374 -0.00042869447764750296 -0.0029670783032372874 -5.900570075897443e-05
leaf_weight=1114.9191927611828 17234.316707342863 251.13351544737816 124.86665645241737 84.673365145921707 188.12638428807259 1934.6529533267021 3848.3729820251465 82.607254236936569 6250.8012254238129
leaf_count=1725 25853 419 205 125 256 2900 5783 115 9347
internal_value=-7.69923e-06 0.000432801 0.00154297 -3.02344e-05 4.93508e-05 6.91679e-05 -0.000183114 -0.00130733 -0.000200926
internal_weight=31114.5 1490.92 376 29623.6 19439.7 19169 10183.8 270.734 10099.2
internal_count=46728 2349 624 44379 29124 28753 15255 371 15130
is_linear=0
shrinkage=0.02


Tree=273
num_leaves=8
num_cat=0
split_feature=4 25 13 13 1 34 51
split_gain=0.743091 0.722019 0.707491 1.19359 1.04065 0.681079 0.580184
threshold=16.658703725383173 2.1000000000000005 0.63190986730035192 0.64019168723963482 36.224500000000006 0.54257319330650222 1.1315838116479493
decision_type=2 2 2 2 2 2 2
left_child=-1 2 4 -4 -2 -3 -7
right_child=1 5 3 -5 -6 6 -8
leaf_value=-0.0011833008472345037 -2.819837700834146e-05 0 0.0024577112578866665 0.00011152750256366773 -0.00069124397418239883 -0.001696828786017762 5.0410332756619717e-06
leaf_weight=211.537846326828 16316.456336826086 361.56478452682495 85.805306255817413 12764.504960298538 1006.6246879398823 270.96249106526375 97.013823211193085
leaf_count=326 23545 532 123 20229 1473 364 136
internal_value=-7.52499e-06 2.75957e-07 1.56504e-05 0.000128352 -6.73798e-05 -0.000620236 -0.00122351
internal_weight=31114.5 30902.9 30173.4 12850.3 17323.1 729.541 367.976
internal_count=46728 46402 45370 20352 25018 1032 500
is_linear=0
shrinkage=0.02


Tree=274
num_leaves=10
num_cat=0
split_feature=40 47 47 1 42 50 14 27 1
split_gain=0.682389 1.11344 0.985567 0.966826 1.34393 0.800821 0.634853 0.580528 0.544692
threshold=-0.21337279676174623 3.4520736909838909 3.2620429656726952 25.91383333333334 1.1500000000000001 -0.32428343840978491 10.500000000000002 1.9881855510444739 27.438500000000001
decision_type=2 2 2 2 2 2 2 2 2
left_child=3 2 7 5 8 -1 -3 -2 -5
right_child=1 6 -4 4 -6 -7 -8 -9 -10
leaf_value=-0.0015462702232484108 -1.3867871684444943e-05 -0.00036982188880303155 0.001069575122436854 0.0015876717070674611 0.0022521755003815564 8.2666229495788581e-05 -0.0015774598423326644 -0.0007735975371299371 0.00022690819430563154
leaf_weight=134.01518067717552 27036.158382385969 649.91848996281624 330.48164156079292 137.95447623729706 188.74158164858818 1012.4168566167355 255.67910087108612 407.2992214858532 961.80530500411987
leaf_count=210 40634 980 508 213 258 1508 363 580 1474
internal_value=-7.37649e-06 -3.49895e-05 -1.20961e-05 0.000313518 0.000690027 -0.000101406 -0.00072452 -2.55632e-05 0.000409252
internal_weight=31114.5 28679.5 27773.9 2434.93 1288.5 1146.43 905.598 27443.5 1099.76
internal_count=46728 43065 41722 3663 1945 1718 1343 41214 1687
is_linear=0
shrinkage=0.02


Tree=275
num_leaves=11
num_cat=0
split_feature=13 25 33 24 24 29 21 22 15 24
split_gain=0.843396 0.930956 0.879534 0.873881 0.848544 0.833522 1.56105 1.14714 0.694154 0.599911
threshold=2.4555399228720467 0.55000000000000016 1.1500000000000004 1.4783451841957844 1.1879206908182354 1.0000000180025095e-35 1.0030739024451247 1.7004214497471166 10.17282738147013 0.88221773777769963
decision_type=2 2 2 2 2 2 2 2 2 2
left_child=2 8 5 -3 9 6 -1 -7 -2 -4
right_child=1 3 4 -5 -6 7 -8 -9 -10 -11
leaf_value=0.00010792813309595105 -0.00057351067741432391 0.0010055244593290217 0.00037745979481360818 -0.00081383217626260543 -0.00036723639751818873 0.00012174014494412233 -0.0003825358137487557 -0.00035486185920209737 0.0012196635639732173 0.001364334305040798
leaf_weight=4575.740909487009 427.86622178554535 966.59771764278412 736.58367615938187 110.87796896696091 351.97017577290535 15105.970393389463 5920.4770275056362 2323.0947633087635 104.06654715538025 405.36136275529861
leaf_count=7063 756 1617 1153 203 496 22185 8845 3493 181 595
internal_value=2.29501e-05 0.000468483 -1.11353e-06 0.000807878 0.000470997 -2.676e-05 -0.00016779 5.76074e-05 -0.000200713 0.00073829
internal_weight=31028.6 1609.41 29419.2 1077.48 1493.92 27925.3 10496.2 17429.1 531.933 1141.95
internal_count=46587 2757 43830 1820 2244 41586 15908 25678 937 1748
is_linear=0
shrinkage=0.02


Tree=276
num_leaves=11
num_cat=0
split_feature=51 33 27 53 21 51 27 25 20 34
split_gain=1.01035 0.993352 1.11331 1.35153 0.991997 0.914687 1.62421 0.855153 0.913576 0.855116
threshold=0.46466302427975265 1.1500000000000004 0.90663218310748972 0.14999999999999999 0.98886257615790862 0.48370727623659981 0.95317298842610187 0.45000000000000007 2.4099526516628988 2.2058421359942662
decision_type=2 2 2 2 2 2 2 2 2 2
left_child=1 2 4 -4 -1 6 -2 8 -7 -9
right_child=5 -3 3 -5 -6 7 -8 9 -10 -11
leaf_value=0.00015599621180526472 -1.5459312027497684e-05 0.00091135513609793509 -1.8794946302889883e-05 -0.0011501979685943388 -0.00036016898550957196 -0.00022314282267034725 0.0036940805283516382 0.00013551562221071533 0.00049811500557880503 0.0014482692704383014
leaf_weight=3163.3606575727463 106.58847093582153 320.54190713167191 770.33610993623734 984.88947537541389 2788.2983964085579 5219.0121185779572 75.856404960155487 16595.716727763414 803.29296052455902 200.71353474259377
leaf_count=4842 167 500 1135 1429 4173 8002 108 24705 1203 323
internal_value=2.24933e-05 -0.000170234 -0.000216741 -0.000659923 -8.41826e-05 9.01988e-05 0.001496 7.83906e-05 -0.000125144 0.000151969
internal_weight=31028.6 8027.43 7706.88 1755.23 5951.66 23001.2 182.445 22818.7 6022.31 16796.4
internal_count=46587 12079 11579 2564 9015 34508 275 34233 9205 25028
is_linear=0
shrinkage=0.02


Tree=277
num_leaves=8
num_cat=0
split_feature=4 18 27 13 29 25 15
split_gain=1.1049 1.22397 1.1308 0.92441 0.784226 0.733131 0.535557
threshold=16.658703725383173 0.69046100662636956 0.26219228428276797 2.5795901718015171 1.0000000180025095e-35 0.55000000000000016 4.1506324466137672
decision_type=2 2 2 2 2 2 2
left_child=6 2 -2 4 -3 -5 -1
right_child=1 3 -4 5 -6 -7 -8
leaf_value=-0.0023221000230281038 -0.00026153952443674363 -0.00014374295951668698 0.001725403159932517 -0.00013052295558098364 7.1951571922764155e-05 0.00091127375401394556 -0.00016250215669844523
leaf_weight=116.07984539866447 165.10718908905983 10573.551822602749 318.72429257631302 384.23150876164436 18581.139042973518 796.55725464224815 93.215807884931564
leaf_count=184 249 16081 474 693 27372 1392 142
internal_value=2.205e-05 3.22469e-05 0.00102849 1.5961e-05 -5.93603e-06 0.000564169 -0.00141823
internal_weight=31028.6 30819.3 483.831 30335.5 29154.7 1180.79 209.296
internal_count=46587 46261 723 45538 43453 2085 326
is_linear=0
shrinkage=0.02


Tree=278
num_leaves=8
num_cat=0
split_feature=4 21 29 33 53 19 5
split_gain=1.06327 0.822587 1.30963 0.995006 0.967323 0.601169 0.637554
threshold=16.658703725383173 0.99910650655594202 1.0000000180025095e-35 1.2500000000000002 0.19999999999999998 -3.5687460820529657 20.183555760831855
decision_type=2 2 2 2 2 2 2
left_child=-1 5 3 -3 -4 -2 -7
right_child=1 2 4 -5 -6 6 -8
leaf_value=-0.0013912829609129789 -0.00079696639148988736 -0.00031359920936240053 0.00028551124322311321 0.0012422760242791068 -7.0841100536634541e-05 0.0016115008139569228 0.00017099004132963683
leaf_weight=209.29565328359604 247.89092868566513 6547.027082234621 5077.6912488341331 164.32815727591515 7542.3690334558487 124.15545848011971 11115.84920167923
leaf_count=326 359 9864 7702 262 10713 182 17179
internal_value=2.15893e-05 3.15983e-05 -4.76526e-05 -0.000273655 7.17678e-05 0.000165814 0.000188075
internal_weight=31028.6 30819.3 19331.4 6711.36 12620.1 11487.9 11240
internal_count=46587 46261 28541 10126 18415 17720 17361
is_linear=0
shrinkage=0.02


Tree=279
num_leaves=10
num_cat=0
split_feature=4 13 25 27 33 1 51 4 15
split_gain=1.02158 0.910175 0.794094 0.940955 0.789833 1.28468 0.90474 0.58896 0.515008
threshold=16.658703725383173 2.4555399228720467 0.55000000000000016 1.653191801191416 1.1500000000000004 27.88816666666667 0.45477537684912733 42.527368640712915 4.1506324466137672
decision_type=2 2 2 2 2 2 2 2 2
left_child=8 4 7 -4 6 -6 -2 -3 -1
right_child=1 2 3 -5 5 -7 -8 -9 -10
leaf_value=-0.0022490902618433582 -0.00021344095577089929 -0.0005912086227410733 0.00099360787181313848 -0.0011130902821647878 0.0010833123782465913 -8.4479368665587061e-05 4.8141261611584235e-05 0.00085120624302975167 -0.00013207923446410691
leaf_weight=116.07984539866447 7097.6941076517105 359.99799054861069 978.94179514050484 86.805085480213165 692.93635460734367 791.17167982459068 20651.707743912935 160.05635347962379 93.215807884931564
leaf_count=184 10579 627 1655 144 1047 1182 30737 290 142
internal_value=2.1152e-05 3.09691e-05 0.000497386 0.000810888 5.29345e-06 0.000454763 -1.8416e-05 -0.000126563 -0.00136372
internal_weight=31028.6 30819.3 1585.8 1065.75 29233.5 1484.11 27749.4 520.054 209.296
internal_count=46587 46261 2716 1799 43545 2229 41316 917 326
is_linear=0
shrinkage=0.02


Tree=280
num_leaves=9
num_cat=0
split_feature=20 12 43 20 20 20 20 20
split_gain=0.583338 0.680258 0.7358 0.552873 0.739726 0.683306 0.662728 0.799302
threshold=3.8406644224576891 19.657942331678136 -1.0000000180025095e-35 0.63447035793124951 0.57416886134578082 0.59353347348077545 0.67498699484882618 0.69576834548787414
decision_type=2 2 2 2 2 2 2 2
left_child=3 2 -2 4 -1 -6 -5 -8
right_child=1 -3 -4 6 5 -7 7 -9
leaf_value=6.2174651804645839e-05 0.0022460871573045725 0.0017172211927267106 0.000123651064900641 -0.0011418646960940295 0.0022287060921930175 0.00031954188832649169 0.0015369523098255193 -0.00010212153156061914
leaf_weight=20502.914167493582 69.369173556566238 153.66600969433784 988.56388580799103 240.96581134200096 117.49115535616875 246.85627171397209 118.05713319778442 8693.7784738838673
leaf_count=31017 101 225 1479 355 176 368 174 12849
internal_value=3.95031e-05 0.000469759 0.00027623 2.17157e-05 7.86188e-05 0.000971293 -0.000108333 -7.86836e-05
internal_weight=31131.7 1211.6 1057.93 29920.1 20867.3 364.347 9052.8 8811.84
internal_count=46744 1805 1580 44939 31561 544 13378 13023
is_linear=0
shrinkage=0.02


Tree=281
num_leaves=8
num_cat=0
split_feature=20 22 20 20 20 20 20
split_gain=0.56136 0.588584 0.531134 0.711676 0.655803 0.636646 0.768214
threshold=3.8406644224576891 0.88304696671979699 0.63447035793124951 0.57416886134578082 0.59353347348077545 0.67498699484882618 0.69576834548787414
decision_type=2 2 2 2 2 2 2
left_child=2 -2 3 -1 -5 -4 -7
right_child=1 -3 5 4 -6 6 -8
leaf_value=6.0931281593692479e-05 0.00087032110781168381 0 -0.0011192153995347677 0.0021848780793529564 0.00031320238933898542 0.0015067253653944935 -0.0001000795673051476
leaf_weight=20502.914167493582 649.0666655600071 562.53240349888802 240.96581134200096 117.49115535616875 246.85627171397209 118.05713319778442 8693.7784738838673
leaf_count=31017 958 847 355 176 368 174 12849
internal_value=3.87477e-05 0.000460828 2.12919e-05 7.70706e-05 0.000952691 -0.000106166 -7.70807e-05
internal_weight=31131.7 1211.6 29920.1 20867.3 364.347 9052.8 8811.84
internal_count=46744 1805 44939 31561 544 13378 13023
is_linear=0
shrinkage=0.02


Tree=282
num_leaves=9
num_cat=0
split_feature=20 12 43 20 20 20 20 20
split_gain=0.538832 0.654555 0.705676 0.510252 0.684706 0.629388 0.61159 0.738337
threshold=3.8406644224576891 19.657942331678136 -1.0000000180025095e-35 0.63447035793124951 0.57416886134578082 0.59353347348077545 0.67498699484882618 0.69576834548787414
decision_type=2 2 2 2 2 2 2 2
left_child=3 2 -2 4 -1 -6 -5 -8
right_child=1 -3 -4 6 5 -7 7 -9
leaf_value=5.971277510026226e-05 0.0021902115322506742 0.0016749776222989246 0.00011196808851540494 -0.0010970153636043008 0.0021419118479262069 0.00030698867347583164 0.0014770928786309379 -9.8078438983792166e-05
leaf_weight=20502.914167493582 69.369173556566238 153.66600969433784 988.56388580799103 240.96581134200096 117.49115535616875 246.85627171397209 118.05713319778442 8693.7784738838673
leaf_count=31017 101 225 1479 355 176 368 174 12849
internal_value=3.79857e-05 0.000451518 0.00026155 2.08766e-05 7.55533e-05 0.000934456 -0.000104041 -7.551e-05
internal_weight=31131.7 1211.6 1057.93 29920.1 20867.3 364.347 9052.8 8811.84
internal_count=46744 1805 1580 44939 31561 544 13378 13023
is_linear=0
shrinkage=0.02


Tree=283
num_leaves=11
num_cat=0
split_feature=19 19 12 20 20 22 12 12 12 12
split_gain=0.52668 0.844337 0.692516 0.786969 0.638162 0.619142 0.606047 0.641575 0.579194 0.550002
threshold=-1.0121820145884592 -1.1958533299420206 17.224103731504627 -2.5156136403670479 3.8406644224576891 -1.1093003045165946 17.313927605171354 17.147144321551643 17.054589107390232 17.633163129127627
decision_type=2 2 2 2 2 2 2 2 2 2
left_child=1 6 8 5 -5 -4 7 -1 -2 -8
right_child=2 -3 3 4 -6 -7 9 -9 -10 -11
leaf_value=-0.00016880597868666113 0.00025272441697123918 -0.00065096217863061382 -0.00021536732039516016 -8.1340283974383624e-06 0.00054531031206904326 0.00057121992048420902 0.00077524608410765958 -0.0019215575664621729 0.001199012826157964 -2.1867543529291042e-05
leaf_weight=267.39179411530495 979.97087243199348 1006.8797219693661 488.3815852701664 19631.202749997377 867.25063306093216 1850.1011099815369 367.99195745587349 130.61719596385956 372.08485862612724 5169.7896031737328
leaf_count=397 1485 1495 746 29543 1299 2856 542 195 546 7640
internal_value=3.72604e-05 -0.000115673 8.15742e-05 5.50227e-05 1.48443e-05 0.000402628 -2.29995e-05 -0.000775749 0.000521914 2.95572e-05
internal_weight=31131.7 6942.67 24189 22836.9 20498.5 2338.48 5935.79 398.009 1352.06 5537.78
internal_count=46744 10269 36475 34444 30842 3602 8774 592 2031 8182
is_linear=0
shrinkage=0.02


Tree=284
num_leaves=5
num_cat=0
split_feature=34 34 22 22
split_gain=0.634284 0.577849 0.846535 1.32223
threshold=2.7344846369021023 0.15000179802132654 0.49420610623710459 -1.1890094492916845
decision_type=2 2 2 2
left_child=1 -1 3 -3
right_child=-2 2 -4 -5
leaf_value=-0.0001640404605917356 0.0015346510944251818 -0.00012165607707442008 -8.0911841646828239e-05 0.00027109406093194242
leaf_weight=5065.6817914247513 110.90566945075989 4811.7987829744816 9465.9509354531765 11677.324902743101
leaf_count=7977 178 7119 14101 17369
internal_value=3.65028e-05 3.07256e-05 6.91333e-05 0.000155876
internal_weight=31131.7 31020.8 25955.1 16489.1
internal_count=46744 46566 38589 24488
is_linear=0
shrinkage=0.02


Tree=285
num_leaves=10
num_cat=0
split_feature=12 20 12 37 50 22 31 4 4
split_gain=1.16244 1.40087 1.08436 0.822896 0.800833 0.781126 0.679472 0.876938 0.63589
threshold=19.820744997408365 -2.0828233555495532 20.765894009582848 2.9708902928387317 -0.4990628578285502 0.52218673199375909 0.42276349099599575 16.658703725383173 33.242767554248239
decision_type=2 2 2 2 2 2 2 2 2
left_child=3 5 4 6 -3 -2 8 -8 -1
right_child=1 2 -4 -5 -6 -7 7 -9 -10
leaf_value=3.0791207829109246e-05 -0.00128430267350158 -0.0013489632490199409 -0.00088891136388860993 0.0017030541136293233 0.00075287300052401642 0.00090062238589056506 -0.0022430154230054871 2.986156200992859e-05 -0.00027323659718559785
leaf_weight=3941.2063735425472 280.63590988516808 70.02415519952774 184.95688438415527 102.84360364079475 2099.1427989602089 78.080769211053848 66.124223947525024 15466.682471722364 8703.7466149330139
leaf_count=6038 420 105 287 161 3058 109 102 22887 13346
internal_value=-2.36152e-05 0.000371175 0.000551137 -6.18629e-05 0.000679236 -0.000778637 -6.87798e-05 1.92545e-05 -0.000177696
internal_weight=30993.4 2712.84 2354.12 28280.6 2169.17 358.717 28177.8 15532.8 12645
internal_count=46513 3979 3450 42534 3163 529 42373 22989 19384
is_linear=0
shrinkage=0.02


Tree=286
num_leaves=9
num_cat=0
split_feature=12 15 50 12 50 8 50 37
split_gain=1.11545 1.19369 0.878302 0.937163 0.634775 0.638945 0.601561 0.555371
threshold=19.820744997408365 21.228868208866555 -0.4990628578285502 20.508866821453982 -0.81126268490451781 4.5000000000000009 0.092942224754599262 1.8146973503612434
decision_type=2 2 2 2 2 2 2 2
left_child=1 4 -2 6 -1 -6 -4 -3
right_child=2 7 3 -5 5 -7 -8 -9
leaf_value=-0.0016632586198306696 -0.0014527347521412753 0.00048866646866256244 0.00034940979372577257 -0.00040160955847624863 -6.634049950604119e-05 -0.00099238922965648696 0.0010610112164562682 0.0021974744105826968
leaf_weight=99.948841512203217 98.136809676885605 717.13005587458611 1412.1323577165604 429.94613292813301 27072.904482156038 301.18910524249077 772.62521731853485 89.430803000926971
leaf_count=153 149 1111 2066 655 40705 431 1109 134
internal_value=-2.31398e-05 -6.06125e-05 0.000363576 0.000436627 -8.3222e-05 -7.69666e-05 0.000606376 0.000695472
internal_weight=30993.4 28280.6 2712.84 2614.7 27474 27374.1 2184.76 806.561
internal_count=46513 42534 3979 3830 41289 41136 3175 1245
is_linear=0
shrinkage=0.02


Tree=287
num_leaves=13
num_cat=0
split_feature=33 15 27 40 12 12 15 20 12 27 1 12
split_gain=1.14643 1.01964 1.03483 0.996504 0.966682 1.03723 0.912846 0.718688 0.626063 0.599471 0.596036 0.570159
threshold=0.55000000000000016 9.0162885968810986 0.96358728756940415 0.15098232871244863 17.189176870734141 17.384728938712247 20.854892348139156 3.4751198221985402 20.24388352006714 0.79193122218815037 34.226166666666678 19.590900617347383
decision_type=2 2 2 2 2 2 2 2 2 2 2 2
left_child=3 2 8 6 10 -6 7 -1 -2 -8 -3 -4
right_child=1 4 11 -5 5 -7 9 -9 -10 -11 -12 -13
leaf_value=-0.00010618123861659891 -0.00023520895067481693 0.0026145803249791716 0.00033915036482208512 -0.00044833696783846299 -0.0014040665881224529 0.00033719161983899424 -0.00080759289247446259 0.00047069892751352451 0.00097604668396219824 0.0012304398725311427 0.00017691497920343049 0.0018557700036833341
leaf_weight=16105.362910360098 4149.913203060627 118.47453817725182 892.31343239545822 2988.3277240693569 136.78556296229362 4932.8506108522415 61.896964341402054 905.78367280960083 173.31663292646408 338.25073677301407 74.588459581136703 115.57935711741447
leaf_count=24074 6443 170 1345 4490 203 7245 103 1351 257 545 121 166
internal_value=-2.26776e-05 0.000145692 -4.76162e-05 -0.00011061 0.000343356 0.000287703 -5.20264e-05 -7.48249e-05 -0.000183909 0.000887871 0.00173554 0.0005263
internal_weight=30993.4 10593.8 5331.12 20399.6 5262.7 5069.64 17411.3 17011.1 4323.23 400.148 193.063 1007.89
internal_count=46513 15950 8211 30563 7739 7448 26073 25425 6700 648 291 1511
is_linear=0
shrinkage=0.02


Tree=288
num_leaves=13
num_cat=0
split_feature=33 23 22 27 40 12 23 18 18 27 18 18
split_gain=1.1017 1.82634 1.34075 0.986341 0.95703 0.948328 1.12918 0.942191 0.837568 0.73626 0.939342 0.694524
threshold=0.55000000000000016 0.52834637265368023 -2.4159706360613638 0.39594137363192144 0.15098232871244863 19.798183053388055 1.0196817044273405 3.11587255950012 0.89711115706762101 0.35543481053991438 0.79885623556302565 0.76860663052758282
decision_type=2 2 2 2 2 2 2 2 2 2 2 2
left_child=4 2 -2 -4 9 8 -7 11 -3 -1 -11 -6
right_child=1 5 3 -5 7 6 -8 -9 -10 10 -12 -13
leaf_value=-0.0003737131501462526 -0.0022476633288744975 -0.00058308526666787084 0.00053539284002251963 -0.00076518416800502756 0.0010409174024428639 0.00015620535895738424 0.0016135966399759701 -0.0018201863544658448 0.00022308408807507167 0.00093977344900869001 -2.5286810698600385e-05 -0.00041557484785265412
leaf_weight=2430.585910230875 168.23190534114838 543.15226092934608 348.6175879240036 663.82164663076401 132.24782326817513 463.6389371752739 420.09956681728363 186.6945715546608 7986.2598922550678 412.90023198723793 14567.808142066002 2669.385329246521
leaf_count=3775 255 836 559 991 195 673 616 276 12020 595 21703 4019
internal_value=-2.21918e-05 0.000142852 -0.000595586 -0.000307321 -0.000108397 0.000236642 0.000862369 -0.000439376 0.00017045 -5.09726e-05 7.66767e-07 -0.000342563
internal_weight=30993.4 10593.8 1180.67 1012.44 20399.6 9413.15 883.739 2988.33 8529.41 17411.3 14980.7 2801.63
internal_count=46513 15950 1805 1550 30563 14145 1289 4490 12856 26073 22298 4214
is_linear=0
shrinkage=0.02


Tree=289
num_leaves=8
num_cat=0
split_feature=33 23 15 50 14 37 50
split_gain=1.06923 1.1329 0.875414 0.711592 0.657721 1.06254 0.643568
threshold=0.95000000000000007 0.54455182793717094 21.228868208866555 -0.096807262651893031 12.500000000000002 2.9708902928387317 0.59444396318025372
decision_type=2 2 2 2 2 2 2
left_child=2 3 4 -2 5 -1 -3
right_child=1 6 -4 -5 -6 -7 -8
leaf_value=-5.956306498798583e-05 -0.0020838338540402289 0.00038825027032585234 0.00068019445215947161 -1.5641388338016734e-05 -0.00043656982700712016 0.0023013122657350384 0.0023357696616340788
leaf_weight=25104.236252099276 112.64212656021118 2908.7246959507465 615.98888179659843 182.67124038934708 1924.865705370903 74.298542350530624 70.016360908746719
leaf_count=37807 176 4377 980 280 2669 121 103
internal_value=-2.17502e-05 0.000319445 -6.24311e-05 -0.000846863 -7.97269e-05 -5.20171e-05 0.000438919
internal_weight=30993.4 3274.05 27719.4 295.313 27103.4 25178.5 2978.74
internal_count=46513 4936 41577 456 40597 37928 4480
is_linear=0
shrinkage=0.02


Tree=290
num_leaves=8
num_cat=0
split_feature=12 53 32 2 4 23 19
split_gain=1.02279 0.796886 0.755956 0.677488 0.643991 0.596076 0.530286
threshold=19.820744997408365 -0.099999999999999936 1.6500000000000001 10.349071428571431 17.808333667611276 0.60367310726741674 -0.21040880959450173
decision_type=2 2 2 2 2 2 2
left_child=2 -2 3 -1 -5 -4 -3
right_child=1 6 5 4 -6 -7 -8
leaf_value=0.0010351577999873321 0.00098054636585420121 -0.00018622829249686642 -0.0023119874618925855 -0.00093124467553036203 -2.3317765303070245e-06 -0.00043016388190749642 0.00045779932157230313
leaf_weight=246.86644721031189 678.48286530375481 867.75355005264282 77.091557949781418 300.1672990322113 27035.651060014963 701.2904514670372 1189.2146480977535
leaf_count=366 1037 1257 118 460 40624 1043 1740
internal_value=1.44187e-05 0.000383791 -2.08796e-05 -3.14745e-06 -1.29651e-05 -0.000634803 0.000181336
internal_weight=31096.5 2735.45 28361.1 27582.7 27335.8 778.382 2056.97
internal_count=46645 4034 42611 41450 41084 1161 2997
is_linear=0
shrinkage=0.02


Tree=291
num_leaves=10
num_cat=0
split_feature=33 19 4 32 0 51 53 51 0
split_gain=0.937657 1.27645 1.11939 1.14922 0.756898 0.726133 0.592992 0.816468 0.623646
threshold=0.55000000000000016 -3.5687460820529657 20.338234555988919 1.6500000000000001 19.157861793909294 0.5652388289851481 1.0000000180025095e-35 1.4567979377033795 22.542161782143854
decision_type=2 2 2 2 2 2 2 2 2
left_child=4 5 -3 -4 -1 -2 7 -6 -8
right_child=1 2 3 -5 6 -7 8 -9 -10
leaf_value=0.00014819786429945032 -0.0024406382829196245 -0.0012383290218746081 0.00029500612986080738 -0.00048579363230375242 -4.7372693822677466e-05 -0.00011741725113244021 -0.00059221793014975694 0.00078745504722810375 -0.00015646035376503948
leaf_weight=5011.7052286863327 111.6107602417469 207.61992284655571 9341.2140497863293 809.41968736052513 5258.5604068934917 121.03593751788139 1600.3056606352329 511.53063008189201 8123.5155950784683
leaf_count=7487 163 329 14086 1207 8171 166 2368 822 11846
internal_value=1.41092e-05 0.00016717 0.000201013 0.000231676 -6.44658e-05 -0.00128589 -0.00013391 2.51513e-05 -0.000229311
internal_weight=31096.5 10590.9 10358.3 10150.6 20505.6 232.647 15493.9 5770.09 9723.82
internal_count=46645 15951 15622 15293 30694 329 23207 8993 14214
is_linear=0
shrinkage=0.02


Tree=292
num_leaves=10
num_cat=0
split_feature=51 22 0 22 0 22 53 0 22
split_gain=0.717431 0.843219 1.1857 1.03268 0.857208 0.722876 0.844337 0.632144 0.560423
threshold=1.4199157253976331 0.013707899884650002 33.013514681428028 -0.63464394104145094 23.677711522442049 -1.2105997003404616 -0.44999999999999996 16.631105042094593 0.285066929603707
decision_type=2 2 2 2 2 2 2 2 2
left_child=5 3 8 4 -2 7 -7 -1 -3
right_child=1 2 -4 -5 -6 6 -8 -9 -10
leaf_value=0.0004780256900707162 -0.00039165947589522041 -0.0010990350550310005 0.0018651321247412781 0.0013647506387651103 0.0008440383818186163 0.00042357307194805434 -6.6731891193996462e-06 -0.00030372890796713791 0
leaf_weight=443.28891322016716 430.93888419866562 219.20763114094734 121.98074880242348 528.57452657818794 451.72827032208443 1991.6311601400375 21057.847877770662 4633.0978984236717 1218.2219685316086
leaf_count=671 662 332 175 821 688 3183 31314 6876 1923
internal_value=1.37899e-05 0.00030945 -4.87605e-06 0.000663369 0.000229916 -1.7102e-05 3.01027e-05 -0.000233333 -0.000172884
internal_weight=31096.5 2970.65 1559.41 1411.24 882.667 28125.9 23049.5 5076.39 1437.43
internal_count=46645 4601 2430 2171 1350 42044 34497 7547 2255
is_linear=0
shrinkage=0.02


Tree=293
num_leaves=7
num_cat=0
split_feature=12 42 0 0 53 19
split_gain=0.981665 0.920417 0.852899 1.05622 0.754509 0.506358
threshold=19.820744997408365 0.15000000000000005 17.225231989866867 17.510125441007006 -0.099999999999999936 -0.21040880959450173
decision_type=2 2 2 2 2 2
left_child=1 -1 -3 -4 -2 -6
right_child=4 2 3 -5 5 -7
leaf_value=-0.0002425052183169599 0.00095619433124221611 0.00033959711386146693 -0.0013117788025242738 3.7792973179259051e-06 -0.000180750831853213 0.00044841641759266291
leaf_weight=5944.011539041996 678.48286530375481 3199.0934643745422 245.14419397711754 18972.817618280649 867.75355005264282 1189.2146480977535
leaf_count=9074 1037 4825 360 28352 1257 1740
internal_value=1.35145e-05 -2.10606e-05 3.7227e-05 -1.26164e-05 0.000375395 0.000178221
internal_weight=31096.5 28361.1 22417.1 19218 2735.45 2056.97
internal_count=46645 42611 33537 28712 4034 2997
is_linear=0
shrinkage=0.02


Tree=294
num_leaves=8
num_cat=0
split_feature=12 42 23 51 23 53 23
split_gain=0.942865 0.883988 1.18618 1.34462 0.93799 0.724555 0.510691
threshold=19.820744997408365 0.15000000000000005 1.4049815265743468 0.90650052576674511 1.2716137406546848 -0.099999999999999936 0.11763224965882617
decision_type=2 2 2 2 2 2 2
left_child=1 6 4 -4 -3 -2 -1
right_child=5 2 3 -5 -6 -7 -8
leaf_value=-0.0013799935821739581 0.00093712664984748858 2.9019146402069241e-05 0.00092992009854912794 -6.2333676608427707e-05 -0.0004721422137301127 0.00017456472299390847 -0.0002051651610553953
leaf_weight=153.58441317081451 678.48286530375481 18628.923770070076 1196.125117123127 970.97751516103745 1621.0288742780685 2056.9681981503963 5790.4271258711815
leaf_count=233 1037 27601 1922 1561 2453 2997 8841
internal_value=1.32442e-05 -2.06341e-05 3.64808e-05 0.00048108 -1.06482e-05 0.000367905 -0.000237657
internal_weight=31096.5 28361.1 22417.1 2167.1 20250 2735.45 5944.01
internal_count=46645 42611 33537 3483 30054 4034 9074
is_linear=0
shrinkage=0.02


Tree=295
num_leaves=8
num_cat=0
split_feature=33 15 5 15 5 18 5
split_gain=1.03928 0.728731 1.3904 0.806457 0.778793 0.727241 0.603256
threshold=0.55000000000000016 9.0655462739876693 42.840061441833562 9.3216271065492489 41.238495584474968 3.1667630802651456 26.382258856271129
decision_type=2 2 2 2 2 2 2
left_child=5 2 -2 4 -3 6 -1
right_child=1 3 -4 -5 -6 -7 -8
leaf_value=0.00032501771648649349 0.00012805325209655271 0.0025348111709138053 -0.0007342714526173879 0.00026309457106265789 0 -0.00060449490521390277 -9.8379639729068616e-05
leaf_weight=1444.581675440073 4475.7675185203552 123.45211878418922 895.32465383410454 5111.6589586138725 76.960795134305954 1064.438835054636 17946.275044053793
leaf_count=2190 6837 194 1427 7484 119 1579 26888
internal_value=-1.10454e-05 0.000148456 -1.40491e-05 0.000314592 0.00156309 -9.48433e-05 -6.62914e-05
internal_weight=31138.5 10683.2 5371.09 5312.07 200.413 20455.3 19390.9
internal_count=46718 16061 8264 7797 313 30657 29078
is_linear=0
shrinkage=0.02


Tree=296
num_leaves=10
num_cat=0
split_feature=33 16 16 5 40 5 5 40 40
split_gain=0.998342 1.06417 1.26725 1.05214 0.925144 0.913897 0.665044 0.945152 0.612119
threshold=0.55000000000000016 6.8200000000000003 7.2600000000000025 42.840061441833562 -0.026248358617889645 43.498199336706172 26.382258856271129 0.28835508775479335 0.051583835212571906
decision_type=2 2 2 2 2 2 2 2 2
left_child=6 3 5 -2 -4 -3 8 -8 -1
right_child=1 2 4 -5 -6 -7 7 -9 -10
leaf_value=1.8233760963899583e-05 -7.7819000106072386e-06 0.0019995116797293269 0.00048259213254166699 -0.0010621647219031275 1.7450036357502906e-05 -0.00041839389398913704 -9.332447239640749e-05 -0.0007718277589845538 0.0009034683132815623
leaf_weight=967.20445355772972 2844.6839499175549 272.17505756020546 3038.2162148654461 438.28714630007744 4017.8783721625805 71.923304080963135 18146.566751331091 864.14712777733803 477.37722188234329
leaf_count=1469 4362 417 4495 688 5988 111 27153 1314 721
internal_value=-1.08103e-05 0.000145511 0.00027892 -0.000152151 0.000219228 0.00146573 -9.29472e-05 -0.00012477 0.000318526
internal_weight=31138.5 10683.2 7400.19 3282.97 7056.09 344.098 20455.3 19010.7 1444.58
internal_count=46718 16061 11011 5050 10483 528 30657 28467 2190
is_linear=0
shrinkage=0.02


Tree=297
num_leaves=8
num_cat=0
split_feature=33 23 15 15 18 23 15
split_gain=0.958614 0.80777 0.904356 0.901223 0.697156 0.775494 0.500484
threshold=0.55000000000000016 0.65971028384171149 7.5460290106332275 6.9668703791250941 3.1667630802651456 1.1008554335097593 15.433391335996403
decision_type=2 2 2 2 2 2 2
left_child=4 3 -3 -2 5 -1 -4
right_child=1 2 6 -5 -6 -7 -8
leaf_value=2.7722426452043556e-05 0.00016579564268346043 -7.6281117081678144e-05 0.00047525654256214519 -0.00068905495794248557 -0.00059006884577258035 -0.00023800429219509475 6.1585132894812668e-05
leaf_weight=12725.795283913612 1059.5232300758362 2690.7766681313515 4353.7337860167027 898.84244003891945 1064.438835054636 6665.0614355802536 1680.2879206240177
leaf_count=18878 1630 4163 6528 1346 1579 10200 2394
internal_value=-1.05863e-05 0.000142586 0.000225545 -0.000221762 -9.10783e-05 -6.31131e-05 0.000361777
internal_weight=31138.5 10683.2 8724.8 1958.37 20455.3 19390.9 6034.02
internal_count=46718 16061 13085 2976 30657 29078 8922
is_linear=0
shrinkage=0.02


Tree=298
num_leaves=5
num_cat=0
split_feature=40 4 42 18
split_gain=0.663441 1.27517 0.844681 0.587952
threshold=-0.053203783072143192 20.338234555988919 2.0500000000000003 3.061065441159911
decision_type=2 2 2 2
left_child=1 -1 -3 -2
right_child=3 2 -4 -5
leaf_value=-0.0013029952089947672 -4.6212710995591196e-05 0.00013061152420801176 0.0023289804601662706 -0.00043918659571103263
leaf_weight=245.40548503398895 18316.531578063965 10836.20971673727 68.984269648790359 1671.3285499513149
leaf_count=371 27641 16177 90 2439
internal_value=-1.03693e-05 0.000112848 0.000145859 -7.9613e-05
internal_weight=31138.5 11150.6 10905.2 19987.9
internal_count=46718 16638 16267 30080
is_linear=0
shrinkage=0.02


Tree=299
num_leaves=8
num_cat=0
split_feature=40 15 15 2 2 2 2
split_gain=0.637282 1.0103 0.784293 1.07997 0.731533 0.69196 0.603214
threshold=-0.053203783072143192 2.3022529588141674 9.1641773576223944 21.556750000000005 27.127583333333337 36.318333333333342 37.143916666666676
decision_type=2 2 2 2 2 2 2
left_child=1 -1 3 -3 -4 -2 -7
right_child=5 2 4 -5 -6 6 -8
leaf_value=-0.0019174521621468049 -5.1731442227408321e-05 0.00020321564715111495 0.00078496786981965632 -0.00035289393158674054 0.00018591561983174117 -0.0012210041329630053 -0.0001532452749612678
leaf_weight=94.789188802242279 19078.223820477724 3262.806756913662 1028.8201269209385 2432.8485147058964 4331.3348840773106 384.59007912874222 525.04622840881348
leaf_count=162 28708 4837 1521 3710 6408 587 785
internal_value=-1.0161e-05 0.000110595 0.000129231 -3.2607e-05 0.000303012 -7.80317e-05 -0.000617346
internal_weight=31138.5 11150.6 11055.8 5695.66 5360.16 19987.9 909.636
internal_count=46718 16638 16476 8547 7929 30080 1372
is_linear=0
shrinkage=0.02


Tree=300
num_leaves=7
num_cat=0
split_feature=36 19 36 34 34 36
split_gain=0.7706 0.783673 0.82719 2.36839 0.753743 0.607194
threshold=3.0500000000000003 4.1472649804018333 1.3875000000000002 1.1909437216833367 1.0960789459665534 0.84523809523809534
decision_type=2 2 2 2 2 2
left_child=1 2 4 -4 -1 -3
right_child=-2 5 3 -5 -6 -7
leaf_value=-5.1713698950063264e-05 0.0015859238425649104 0.00040097536246140364 -0.0021296927364208617 -0.00014935822051142812 0.0004988616468433126 0.0023750294281598247
leaf_weight=27662.02019611001 113.92878240346909 366.19086912274361 288.75657883286476 1518.313738822937 1027.4456105828285 79.2880879342556
leaf_count=41477 176 588 442 2232 1559 123
internal_value=-3.92428e-05 -4.56519e-05 -5.81455e-05 -0.000473333 -3.16142e-05 0.000783717
internal_weight=31055.9 30942 30496.5 1807.07 28689.5 445.479
internal_count=46597 46421 45710 2674 43036 711
is_linear=0
shrinkage=0.02


Tree=301
num_leaves=10
num_cat=0
split_feature=13 23 40 23 13 19 22 40 40
split_gain=0.798876 1.07373 1.08138 1.00791 0.887408 0.872432 0.774737 0.686787 0.8646
threshold=1.0000000180025095e-35 1.0362348695890777 0.31680437376815312 1.0495717083042897 0.012706500820191152 3.8885557289332477 -0.6955330821308543 0.63188896561610697 0.15098232871244863
decision_type=2 2 2 2 2 2 2 2 2
left_child=1 2 6 -3 -2 -5 -1 8 -6
right_child=4 3 -4 5 7 -7 -8 -9 -10
leaf_value=-0.00018589062257833079 0.0020623802196674838 -0.0018121955549501769 -0.0013748935923734392 -0.00038712968895433537 8.4709939336907809e-05 0.0011314351075776118 0.00022716644324340552 0.0019668297916875031 -0.00028874586426386179
leaf_weight=3471.0118743479252 84.828708916902542 194.44620785117149 224.37339419126511 4461.6378744244576 15667.146741360426 151.62874594330788 3790.7906514704227 71.330913215875626 2938.7487520873547
leaf_count=4860 120 271 318 6351 24391 217 5353 116 4600
internal_value=-3.84418e-05 -0.000163911 -1.27194e-05 -0.000397152 4.32479e-05 -0.000334582 2.8359e-05 3.33222e-05 2.51615e-05
internal_weight=31055.9 12293.9 7486.18 4807.71 18762.1 4613.27 7261.8 18677.2 18605.9
internal_count=46597 17370 10531 6839 29227 6568 10213 29107 28991
is_linear=0
shrinkage=0.02


Tree=302
num_leaves=10
num_cat=0
split_feature=13 23 23 13 19 23 19 3 3
split_gain=0.767601 1.03106 0.968181 0.853037 0.838541 0.70795 0.662637 0.625057 0.835622
threshold=1.0000000180025095e-35 1.0362348695890777 1.0495717083042897 0.012706500820191152 3.8885557289332477 1.0297496932540462 -3.3734557642807874 36.045170107324104 42.010469844792397
decision_type=2 2 2 2 2 2 2 2 2
left_child=1 5 -3 -2 -4 6 -1 -5 -9
right_child=3 2 4 7 -6 -7 -8 8 -10
leaf_value=0.00078868765797151608 0.0020220826803821592 -0.0017763206357887308 -0.00037939056331997087 0.00019777263840366205 0.0011091010111050307 0.0017089012505744766 -8.0340642182182519e-05 -0.00026431344805196723 7.4798438351325044e-05
leaf_weight=366.34787303209305 84.828708916902542 194.44620785117149 4461.6378744244576 6165.0173033773899 151.62874594330788 92.133824199438095 7027.6942227780819 4556.3936829864979 7955.8154202997684
leaf_count=497 120 271 6351 9451 217 133 9901 7012 12644
internal_value=-3.76647e-05 -0.000160657 -0.000389217 4.24018e-05 -0.000327841 -1.24721e-05 -3.57297e-05 3.26595e-05 -4.79145e-05
internal_weight=31055.9 12293.9 4807.71 18762.1 4613.27 7486.18 7394.04 18677.2 12512.2
internal_count=46597 17370 6839 29227 6568 10531 10398 29107 19656
is_linear=0
shrinkage=0.02


Tree=303
num_leaves=7
num_cat=0
split_feature=13 40 40 13 40 40
split_gain=0.737198 0.965349 1.01676 0.82 0.660096 0.83076
threshold=1.0000000180025095e-35 -0.22404834618373351 -0.24338610940291697 0.012706500820191152 0.63188896561610697 0.15098232871244863
decision_type=2 2 2 2 2 2
left_child=1 2 -1 -2 5 -5
right_child=3 -3 -4 4 -6 -7
leaf_value=0.00015599555687021606 0.001982572598430763 -0.0002074169124932565 0.0019912005477984271 8.2377834992540972e-05 0.0019275575132232767 -0.00028369850458858091
leaf_weight=738.60732132196426 84.828708916902542 11408.822167903185 146.4592590034008 15667.146741360426 71.330913215875626 2938.7487520873547
leaf_count=1052 120 16113 205 24391 116 4600
internal_value=-3.68877e-05 -0.000157423 0.00047476 4.15687e-05 3.20064e-05 2.39954e-05
internal_weight=31055.9 12293.9 885.067 18762.1 18677.2 18605.9
internal_count=46597 17370 1257 29227 29107 28991
is_linear=0
shrinkage=0.02


Tree=304
num_leaves=7
num_cat=0
split_feature=36 50 3 46 40 7
split_gain=0.736434 0.725025 0.802635 0.758317 1.48282 0.903329
threshold=3.0500000000000003 0.42037899409806273 39.691299681475989 1.6458333333333337 0.4824359843432498 1.0000000180025095e-35
decision_type=2 2 2 2 2 2
left_child=1 3 -3 5 -5 -1
right_child=-2 2 -4 4 -6 -7
leaf_value=-0.00013476102628821895 0.0015526803919413451 0.00094044805826751687 6.0012987658805564e-05 -0.00019807925251371191 -0.002741623568897802 0.00013138545830429822
leaf_weight=10250.792777895927 113.92878240346909 592.61928889155388 1459.0463917255402 8400.3606224954128 91.422681927680969 10147.773318469524
leaf_count=15356 176 895 2210 12648 137 15175
internal_value=-3.61169e-05 -4.239e-05 0.000319862 -6.84821e-05 -0.00022728 -1.86976e-06
internal_weight=31055.9 30942 2051.67 28890.3 8491.78 20398.6
internal_count=46597 46421 3105 43316 12785 30531
is_linear=0
shrinkage=0.02


Tree=305
num_leaves=9
num_cat=0
split_feature=34 16 50 51 34 15 27 27
split_gain=1.25069 1.05803 0.77349 0.677615 0.754695 0.640444 0.584651 0.902178
threshold=1.7237610331593929 9.1800000000000033 0.38392604090516597 0.65094239076196403 0.79232510383189303 13.784524838845163 0.24834524098976804 0.17353017443646526
decision_type=2 2 2 2 2 2 2 2
left_child=2 -2 6 -4 -5 -3 7 -1
right_child=1 5 3 4 -6 -7 -8 -9
leaf_value=6.5690406719643753e-05 -0.00089978922217110791 0.0017808037104499847 -0.0015549891762780097 0.0002414985501050154 0.0011778178885537682 0.00051050123239652944 1.0417364209526787e-05 -0.0007778329290930951
leaf_weight=1008.4512455463409 116.04157584905624 319.43556886911392 68.203769952058792 1984.2295314967632 428.9089387357235 376.9757969379425 25871.717837452888 978.97301685810089
leaf_count=1644 190 495 102 3036 626 561 38603 1541
internal_value=3.62892e-05 0.000809953 1.51905e-05 0.000353571 0.000412897 0.00111092 -1.46125e-05 -0.000345153
internal_weight=31152.9 812.453 30340.5 2481.34 2413.14 696.411 27859.1 1987.42
internal_count=46798 1246 45552 3764 3662 1056 41788 3185
is_linear=0
shrinkage=0.02


Tree=306
num_leaves=12
num_cat=0
split_feature=34 37 34 3 34 34 50 3 15 31 15
split_gain=1.20132 0.881569 1.10704 1.38896 1.00167 1.1219 1.00782 0.704844 0.698515 0.884922 1.64761
threshold=1.7237610331593929 1.0090467845213336 0.36288832018019751 38.105702472879194 0.87504216314188021 0.76819023555942056 0.13605960927531949 45.930045995511556 10.394850593921815 0.77287638864643926 13.471788577509644
decision_type=2 2 2 2 2 2 2 2 2 2 2
left_child=1 2 7 -4 5 -3 -6 -1 -2 10 -10
right_child=8 4 3 -5 6 -7 -8 -9 9 -11 -12
leaf_value=-0.00015361516676585323 -0.00048712460524197158 -2.1523095883797644e-05 0.00044028482891384185 1.601806827273904e-05 -0.00040771438253280789 -0.00195510403603505 0.00044980928540507464 0.00016485394944692696 0.0018619609276425322 0.0017840693328234408 -0.00089870586144804785
leaf_weight=10558.951395571232 130.91379553079605 226.22558143734932 5152.0537669956684 7823.7665795087814 1766.9447961747646 282.31679406762123 784.44915956258774 3745.7762667238712 152.17062130570412 338.52734780311584 190.84117701649666
leaf_count=16027 223 370 7555 11534 2574 421 1145 5926 229 510 284
internal_value=3.55769e-05 1.48922e-05 5.13192e-05 0.000185286 -0.000306425 -0.00111799 -0.000139999 -6.95118e-05 0.000793822 0.00105521 0.000300721
internal_weight=31152.9 30340.5 27280.5 12975.8 3059.94 508.542 2551.39 14304.7 812.453 681.539 343.012
internal_count=46798 45552 41042 19089 4510 791 3719 21953 1246 1023 513
is_linear=0
shrinkage=0.02


Tree=307
num_leaves=13
num_cat=0
split_feature=34 16 50 22 34 26 31 16 27 27 31 26
split_gain=1.15333 1.00183 0.738181 0.701058 0.824636 0.682391 0.569118 1.07894 0.560486 0.866703 0.513301 0.500109
threshold=1.7237610331593929 9.1800000000000033 0.38392604090516597 0.35490748621142748 0.38918725108888713 1.2928571428571431 0.77287638864643926 13.890000000000001 0.24834524098976804 0.17353017443646526 0.94782039560279341 2.4142857142857146
decision_type=2 2 2 2 2 2 2 2 2 2 2 2
left_child=2 -2 8 4 -4 -5 7 -3 9 -1 -8 -10
right_child=1 6 3 5 -6 -7 10 -9 11 -11 -12 -13
leaf_value=6.434648258216345e-05 -0.00088499328740424042 0.0016202537480261912 7.7479775834404284e-05 -0.00035312542581437896 0.001045937109638717 0.00086628626131730793 0.0031944622230319058 -0.00056631858463372143 3.9286410492894491e-06 -0.00076226393057118619 0.0011769961628835834 0.0013763539507131665
leaf_weight=1008.4512455463409 116.04157584905624 168.0515410900116 656.77362340688705 766.70821061730385 820.05001091957092 237.81039524078369 74.518285095691681 182.06449690461159 25766.967876672745 978.97301685810089 271.77704271674156 104.74996078014374
leaf_count=1644 190 256 1013 1183 1209 359 109 274 38466 1541 417 137
internal_value=3.486e-05 0.000777811 1.45858e-05 0.000345159 0.000622694 -5.33581e-05 0.00107094 0.000458052 -1.45212e-05 -0.000338159 0.00165569 9.9778e-06
internal_weight=31152.9 812.453 30340.5 2481.34 1476.82 1004.52 696.411 350.116 27859.1 1987.42 346.295 25871.7
internal_count=46798 1246 45552 3764 2222 1542 1056 530 41788 3185 526 38603
is_linear=0
shrinkage=0.02


Tree=308
num_leaves=12
num_cat=0
split_feature=34 16 37 34 22 34 34 37 51 16 16
split_gain=1.10822 0.963809 0.850609 1.05124 1.87804 0.962995 1.07751 0.774456 0.733137 0.59421 0.572266
threshold=1.7237610331593929 9.1800000000000033 1.0090467845213336 0.36288832018019751 0.61255389727112519 0.87504216314188021 0.76819023555942056 2.0068519964919527 1.309722343139095 14.567500000000003 16.222500000000004
decision_type=2 2 2 2 2 2 2 2 2 2 2
left_child=2 -2 3 -1 -5 6 -4 9 -7 -3 -9
right_child=1 7 5 4 -6 8 -8 10 -10 -11 -12
leaf_value=-6.7629068524741842e-05 -0.00086759331885275512 0.00097204410416476723 -2.1630457423853679e-05 0.00034977119392750667 -0.0001607104518349099 -0.00028177770839998292 -0.0019175366454117582 0.0011675554726477823 0.00067048953305336601 0.0031555668441591222 -0.00021716994686915374
leaf_weight=14304.727662295103 116.04157584905624 134.19424152374268 226.22558143734932 8696.6900579035282 4279.1302886009216 2177.8582154512405 282.31679406762123 255.26468685269356 373.53574028611183 104.2005760371685 202.75186139345169
leaf_count=21953 190 194 370 12797 6292 3168 421 406 551 153 303
internal_value=3.41973e-05 0.000762478 1.43169e-05 5.01045e-05 0.000180657 -0.000301302 -0.00109712 0.00105012 -0.000138029 0.00198636 0.000534557
internal_weight=31152.9 812.453 30340.5 27280.5 12975.8 3059.94 508.542 696.411 2551.39 238.395 458.017
internal_count=46798 1246 45552 41042 19089 4510 791 1056 3719 347 709
is_linear=0
shrinkage=0.02


Tree=309
num_leaves=10
num_cat=0
split_feature=34 1 50 22 22 31 13 13 13
split_gain=1.06498 0.760398 0.670484 1.0465 0.622386 0.610092 0.707287 0.61523 1.06889
threshold=1.7237610331593929 39.077333333333343 0.34502429429740872 0.285066929603707 1.7621489800880756 0.77287638864643926 1.335692553060974 1.0910457091752062 1.7345446330663032
decision_type=2 2 2 2 2 2 2 2 2
left_child=1 2 4 -4 -1 7 -7 -2 -9
right_child=5 -3 3 -5 -6 6 -8 8 -10
leaf_value=4.7389022360570211e-06 -0.0003056947219255653 0.00093259381821254536 0.00060398351761796227 -0.00014639337585649857 -0.0003028016683935393 0.0018179613770142164 -8.7624574575172448e-05 0.0031224141946628952 -0.00020599311132003903
leaf_weight=24031.573912531137 286.99438983201981 354.29500553011894 1747.0212322175503 1261.309619396925 2946.2845703661442 289.60057193040848 92.753122240304947 65.774675160646439 77.330182492733002
leaf_count=35940 436 537 2629 1923 4523 440 148 100 122
internal_value=3.34976e-05 1.40023e-05 2.75399e-06 0.000286161 -2.84973e-05 0.000747435 0.00133163 0.000201192 0.00127686
internal_weight=31152.9 30340.5 29986.2 3008.33 26977.9 812.453 382.354 430.099 143.105
internal_count=46798 45552 45015 4552 40463 1246 588 658 222
is_linear=0
shrinkage=0.02


Tree=310
num_leaves=7
num_cat=0
split_feature=42 43 40 43 22 43
split_gain=0.895301 0.682679 0.89382 0.884621 0.738367 0.640947
threshold=2.4500000000000006 1.3500000000000003 -0.54306826541105147 1.4500000000000002 -1.5188647598179255 1.5500000000000003
decision_type=2 2 2 2 2 2
left_child=1 2 -1 -3 -4 -5
right_child=-2 3 4 5 -6 -7
leaf_value=0.0017732936221764024 0.0022339149366215291 -0.0024301731398309379 -0.00025938169564555927 0.0012036792523934224 3.5149408736205965e-05 -0.00081889812625498594
leaf_weight=111.80468201637268 69.504408359527588 101.269471347332 3902.3172292411327 82.286841958761215 26565.981564998627 224.85006174445152
leaf_count=176 92 155 5818 122 39961 330
internal_value=-1.0493e-06 -6.52864e-06 4.02031e-06 -0.000816935 -2.25989e-06 -0.000240388
internal_weight=31058 30988.5 30580.1 408.406 30468.3 307.137
internal_count=46654 46562 45955 607 45779 452
is_linear=0
shrinkage=0.02


Tree=311
num_leaves=8
num_cat=0
split_feature=43 43 43 43 12 19 23
split_gain=0.639971 0.585285 0.902016 0.81346 0.6817 1.0226 0.521593
threshold=2.1500000000000008 1.3500000000000003 1.4500000000000002 1.5500000000000003 17.189176870734141 -1.1458569697179095 1.3963798878610099
decision_type=2 2 2 2 2 2 2
left_child=1 4 -3 -4 5 -1 -6
right_child=-2 2 3 -5 6 -7 -8
leaf_value=-0.00065798075304514519 0.0018562146818257939 -0.0023825110276844579 0.0013439363047124708 -0.0008780031164944259 -4.7707901801133174e-05 0.00065158468197877562 0.00022434846650233988
leaf_weight=283.50782591104507 72.005388379096985 101.269471347332 91.446167856454849 213.18975582718849 25848.666368126869 1292.1521264314651 3155.7771557867527
leaf_count=419 98 155 132 314 38570 1938 5028
internal_value=-1.0132e-06 -5.77126e-06 -0.00075849 -0.00017399 3.94193e-06 0.000409081 -1.77491e-05
internal_weight=31058 30986 405.905 304.636 30580.1 1575.66 29004.4
internal_count=46654 46556 601 446 45955 2357 43598
is_linear=0
shrinkage=0.02


Tree=312
num_leaves=8
num_cat=0
split_feature=42 22 3 19 40 22 3
split_gain=0.847596 0.644737 0.900938 0.541005 0.534731 0.509741 0.599271
threshold=2.4500000000000006 -1.5188647598179255 29.385361863275225 0.79040007093344322 -0.10116926409221734 1.7621489800880756 36.923097654726554
decision_type=2 2 2 2 2 2 2
left_child=1 2 4 -4 -1 6 -3
right_child=-2 5 3 -5 -6 -7 -8
leaf_value=0.0021257469453133727 0.0021736093551979947 0.00018593959838924233 -0.00039079822978946256 0.00045026373544133561 6.752300529816489e-07 -0.00019226750001325975 -1.980640592790986e-05
leaf_weight=93.831047177314758 69.504408359527588 9446.8090827763081 3461.9861489236355 323.12675833702087 112.73093795776367 3603.1470753550529 13946.878800779581
leaf_count=138 92 14011 5131 511 173 5502 21096
internal_value=-9.86355e-07 -6.32642e-06 -0.00024377 -0.000316158 0.00102507 2.84263e-05 6.2859e-05
internal_weight=31058 30988.5 3991.67 3785.11 206.562 26996.8 23393.7
internal_count=46654 46562 5953 5642 311 40609 35107
is_linear=0
shrinkage=0.02


Tree=313
num_leaves=9
num_cat=0
split_feature=3 40 43 34 3 43 13 40
split_gain=0.643681 1.08387 0.939473 0.818077 0.740238 1.09075 0.765639 0.738003
threshold=36.923097654726554 -0.54306826541105147 -0.54999999999999993 0.14509732577207637 42.010469844792397 -0.54999999999999993 1.0000000180025095e-35 0.24335793154880023
decision_type=2 2 2 2 2 2 2 2
left_child=2 -2 -1 -4 5 -3 -6 -5
right_child=1 4 3 7 6 -7 -8 -9
leaf_value=0.0018206870239841832 0.002280463892297073 -0.0027083656841679037 -0.00029344963960148532 0.00023261693688308096 -0.00017875656234591614 -0.00022614578712192823 0.00013132216074159049 -0.00035625779065605274
leaf_weight=126.96656537055969 75.865533471107483 70.47335559129715 1772.6288765966892 8490.3281579911709 5349.1879634559155 6380.0391881465912 7860.5534979403019 931.97112110257149
leaf_count=193 118 102 2723 12492 7616 9559 12463 1388
internal_value=-9.41729e-07 -7.02204e-05 0.000118932 9.84163e-05 -8.00309e-05 -0.000255645 4.9931e-06 0.000173246
internal_weight=31058 19736.1 11321.9 11194.9 19660.3 6450.51 13209.7 9422.3
internal_count=46654 29858 16796 16603 29740 9661 20079 13880
is_linear=0
shrinkage=0.02


Tree=314
num_leaves=5
num_cat=0
split_feature=42 22 3 34
split_gain=0.812795 0.618041 0.920469 0.685517
threshold=2.4500000000000006 -1.4929416551946233 29.385361863275225 0.049198219945158057
decision_type=2 2 2 2
left_child=1 2 -1 -3
right_child=-2 3 -4 -5
leaf_value=0.0010092929022200586 0.0021285584662267694 -0.00052573515451454791 -0.00030801393216799546 4.7165623878780309e-05
leaf_weight=219.44081431627274 69.504408359527588 859.30356582999229 3890.17433360219 26019.591137558222
leaf_count=331 92 1387 5798 39046
internal_value=-9.21988e-07 -6.15796e-06 -0.000234785 2.84405e-05
internal_weight=31058 30988.5 4109.62 26878.9
internal_count=46654 46562 6129 40433
is_linear=0
shrinkage=0.02


Tree=315
num_leaves=8
num_cat=0
split_feature=24 50 3 12 27 24 24
split_gain=1.00211 1.8117 1.11394 0.990384 0.960509 0.703475 0.820377
threshold=1.3512013742656597 0.29870337111331441 49.911427837539385 18.616239783451729 1.5212875698475312 1.5842845226535067 1.6725402239464091
decision_type=2 2 2 2 2 2 2
left_child=-1 2 4 -4 -2 -3 -7
right_child=1 5 3 -5 -6 6 -8
leaf_value=-1.8982279425047457e-05 0.00051987163195365627 0.00074294719722306263 0.0026217862683686759 0 -0.00035652620678240481 0.0042049521368978738 0.0013813527672795003
leaf_weight=28175.615265995264 815.84191969037056 289.85245355963707 126.48174512386322 117.12388828396797 1283.6855545043945 67.740373969078064 154.09137228131294
leaf_count=42248 1301 427 183 214 1818 102 239
internal_value=1.68684e-05 0.000373962 0.000133314 0.00140814 -1.10433e-05 0.00145168 0.00231813
internal_weight=31030.4 2854.82 2343.13 243.606 2099.53 511.684 221.832
internal_count=46532 4284 3516 397 3119 768 341
is_linear=0
shrinkage=0.02


Tree=316
num_leaves=10
num_cat=0
split_feature=15 50 5 34 36 5 5 37 50
split_gain=0.860758 1.3357 0.847514 1.83416 1.14334 2.01035 0.735382 0.692269 0.59707
threshold=21.723153682571041 0.19527695054249769 36.152076024523041 0.23400884441454292 1.3875000000000002 45.770508603783448 38.072873710546567 1.2306416094213801 0.052930657845703104
decision_type=2 2 2 2 2 2 2 2 2
left_child=2 8 3 -1 6 -6 -4 -5 -2
right_child=1 -3 4 7 5 -7 -8 -9 -10
leaf_value=-0.0002560839201567803 0.00051234947091358249 0.0020656218025473273 -0.00039337804814242337 0.00039005278464560923 -0.0014970092327740662 0.00024338137877655868 3.7599311423009829e-06 -0.00020353179915152885 -0.0011197954367976614
leaf_weight=3158.3481675386429 397.37015873193741 203.84319034218788 2091.9621806740761 6502.7855882942677 587.09093502163887 466.83047407865524 16641.04736161232 869.27526265382767 111.87925446033478
leaf_count=4859 616 321 3082 9648 868 688 24979 1304 167
internal_value=1.65614e-05 0.000702412 5.44589e-08 0.000145319 -7.67556e-05 -0.000717639 -4.0093e-05 0.000318668 0.000131239
internal_weight=31030.4 713.093 30317.3 10530.4 19786.9 1053.92 18733 7372.06 509.249
internal_count=46532 1104 45428 15811 29617 1556 28061 10952 783
is_linear=0
shrinkage=0.02


Tree=317
num_leaves=10
num_cat=0
split_feature=15 50 5 34 36 5 5 37 50
split_gain=0.826889 1.2833 0.813615 1.76152 1.09755 1.93172 0.706327 0.665194 0.573867
threshold=21.723153682571041 0.19527695054249769 36.152076024523041 0.23400884441454292 1.3875000000000002 45.770508603783448 38.072873710546567 1.2306416094213801 0.052930657845703104
decision_type=2 2 2 2 2 2 2 2 2
left_child=2 8 3 -1 6 -6 -4 -5 -2
right_child=1 -3 4 7 5 -7 -8 -9 -10
leaf_value=-0.00025096548449734314 0.0005021538066438964 0.0020247107532491643 -0.00038551800790653117 0.00038225412250962685 -0.0014671706972266385 0.00023853452955569651 3.6847448328398163e-06 -0.00019947055532761019 -0.0010977928418663845
leaf_weight=3158.3481675386429 397.37015873193741 203.84319034218788 2091.9621806740761 6502.7855882942677 587.09093502163887 466.83047407865524 16641.04736161232 869.27526265382767 111.87925446033478
leaf_count=4859 616 321 3082 9648 868 688 24979 1304 167
internal_value=1.62234e-05 0.000688446 3.79161e-08 0.000142375 -7.52137e-05 -0.000703144 -3.92813e-05 0.000312269 0.000128175
internal_weight=31030.4 713.093 30317.3 10530.4 19786.9 1053.92 18733 7372.06 509.249
internal_count=46532 1104 45428 15811 29617 1556 28061 10952 783
is_linear=0
shrinkage=0.02


Tree=318
num_leaves=10
num_cat=0
split_feature=42 3 5 37 5 5 27 27 3
split_gain=0.652608 1.13727 0.748966 0.854002 0.834678 0.718269 0.558688 0.54447 0.540013
threshold=0.15000000000000005 31.968431407712455 49.87900626219075 1.2306416094213801 47.382282882826352 37.303556332063884 0.53673562801039842 0.46438480914521046 29.539396984108539
decision_type=2 2 2 2 2 2 2 2 2
left_child=1 8 3 5 -5 -2 7 -4 -1
right_child=2 -3 6 4 -6 -7 -8 -9 -10
leaf_value=2.8859435882474682e-05 0.00021559754915871792 -0.00029409808083250179 0.00013451398454121199 -0.00053637142061623737 0.00053311979379447652 -2.6522036854937499e-05 0.00053680199642103992 -0.0019706649512271305 0.00088695733586073426
leaf_weight=782.67836958169937 8079.7938554883003 5212.4342603683472 135.29625633358955 1737.2774356603622 340.07183560729027 12300.387850791216 1880.317596167326 68.893818318843842 493.28129509091377
leaf_count=1197 12090 7989 221 2578 477 18334 2815 107 724
internal_value=1.58922e-05 -0.000162027 6.33469e-05 2.91902e-05 -0.000356137 6.89882e-05 0.000426163 -0.000539501 0.000369291
internal_weight=31030.4 6488.39 24542 22457.5 2077.35 20380.2 2084.51 204.19 1275.96
internal_count=46532 9910 36622 33479 3055 30424 3143 328 1921
is_linear=0
shrinkage=0.02


Tree=319
num_leaves=10
num_cat=0
split_feature=24 50 25 37 5 5 37 37 3
split_gain=0.937043 1.72802 1.02429 1.26588 0.788719 0.804444 0.890861 0.771018 0.702314
threshold=1.3512013742656597 0.23789833666864205 1.7083333333333337 0.3725120692240978 36.152076024523041 38.072873710546567 1.0256382983370351 0.20924026353732772 49.829679276112891
decision_type=2 2 2 2 2 2 2 2 2
left_child=4 2 8 -4 7 6 -6 -1 -2
right_child=1 -3 3 -5 5 -7 -8 -9 -10
leaf_value=-0.00014494921100428871 0.00027323156637398404 0.0012658898049782298 0.00066118968301262916 -0.00086458127798279315 -0.00029650033865013999 -4.8371748674882182e-05 -0.0015212141769461124 0.00023992150548233479 0.0016698150195939244
leaf_weight=2937.7967518568039 1035.8078301250935 650.82287177443504 309.12956091761589 686.84310358762741 1844.0282273292542 16172.505405515432 279.16898122429848 6942.1159000694752 172.21394100785255
leaf_count=4451 1608 969 465 959 2727 24258 418 10394 283
internal_value=1.55801e-05 0.000360899 8.8224e-05 -0.000380617 -1.90766e-05 -9.71409e-05 -0.000463518 0.000124462 0.000483022
internal_weight=31030.4 2854.82 2203.99 995.973 28175.6 18295.7 2123.2 9879.91 1208.02
internal_count=46532 4284 3315 1424 42248 27403 3145 14845 1891
is_linear=0
shrinkage=0.02


Tree=320
num_leaves=10
num_cat=0
split_feature=24 12 0 42 2 12 0 18 2
split_gain=0.935394 0.861238 0.708235 1.1261 0.851849 0.693938 0.657784 0.524689 0.505675
threshold=1.8093541491699188 17.633163129127627 19.004712907276517 0.8500000000000002 21.025395833333338 19.360310112302635 13.236900662963148 3.0718217991510364 19.818416666666671
decision_type=2 2 2 2 2 2 2 2 2
left_child=2 -2 3 5 8 -1 -5 -6 -4
right_child=1 -3 4 6 7 -7 -8 -9 -10
leaf_value=-3.7283369787644887e-07 0.0011824720695254999 -0.0012165480201295088 -0.00014332692619293657 -0.0006847404323017946 4.9690749023980888e-05 0.00051757240479176965 0.0010883960012387092 -0.00026451971363147055 -0.00070596513677992411
leaf_weight=5077.1283508241177 64.17752280831337 412.89628335833549 1768.0218394696712 85.797016710042953 18121.000796705484 1285.374303817749 739.30535542964935 2402.9993312656879 1056.1129646599293
leaf_count=7722 98 644 2609 117 27186 1960 1077 3517 1588
internal_value=7.03974e-06 -0.000869361 2.11157e-05 0.000194883 -3.19616e-05 0.000102823 0.000890719 1.23929e-05 -0.00035762
internal_weight=31012.8 477.074 30535.7 7187.61 23348.1 6362.5 825.102 20524 2824.13
internal_count=46518 742 45776 10876 34900 9682 1194 30703 4197
is_linear=0
shrinkage=0.02


Tree=321
num_leaves=3
num_cat=0
split_feature=24 13
split_gain=0.899232 0.679594
threshold=1.7537963095789042 2.4555399228720467
decision_type=2 2
left_child=1 -1
right_child=-2 -3
leaf_value=0 -0.00076686697983473391 0.00043060061479048111
leaf_weight=28881.331058114767 586.68306848406792 1544.7996384501457
leaf_count=42971 906 2641
internal_value=6.87937e-06 2.2177e-05
internal_weight=31012.8 30426.1
internal_count=46518 45612
is_linear=0
shrinkage=0.02


Tree=322
num_leaves=6
num_cat=0
split_feature=24 4 12 33 2
split_gain=0.865546 1.05327 0.82765 0.573001 0.693625
threshold=1.8093541491699188 17.808333667611276 17.633163129127627 -1.0000000180025095e-35 10.842430555555556
decision_type=2 2 2 2 2
left_child=1 -1 -2 -3 -5
right_child=2 3 -4 4 -6
leaf_value=-0.0011137615888352473 0.0011744111627513241 -0.00012301375500659402 -0.0011770709446784844 0.0010319112674283702 6.8376626028069387e-05
leaf_weight=321.61798763275146 64.17752280831337 7154.8189361393452 412.89628335833549 302.6377974152565 22756.665237694979
leaf_count=489 98 10393 644 451 34443
internal_value=6.74054e-06 2.02929e-05 -0.000836286 3.27684e-05 8.15444e-05
internal_weight=31012.8 30535.7 477.074 30214.1 23059.3
internal_count=46518 45776 742 45287 34894
is_linear=0
shrinkage=0.02


Tree=323
num_leaves=7
num_cat=0
split_feature=24 0 0 0 33 2
split_gain=0.832067 0.68035 0.800683 0.649464 0.751062 0.551689
threshold=1.7537963095789042 19.004712907276517 20.839751567253476 18.583957053417624 -0.24999999999999992 36.598833333333339
decision_type=2 2 2 2 2 2
left_child=1 3 -3 4 -1 -4
right_child=-2 2 5 -5 -6 -7
leaf_value=-0.00042312101443635379 -0.00073767251281998307 -0.00035966711805116258 3.6040469573287921e-05 0.00083464937531872773 0.00021551955788959716 -0.00041678373366714526
leaf_weight=833.86073660850525 586.68306848406792 2627.4213045835495 19479.192759007215 581.29367005825043 5768.4080156683922 1135.9542106389999
leaf_count=1155 906 4006 29012 883 8832 1724
internal_value=6.59911e-06 2.13265e-05 -3.0884e-05 0.000191608 0.000133242 1.05655e-05
internal_weight=31012.8 30426.1 23242.6 7183.56 6602.27 20615.1
internal_count=46518 45612 34742 10870 9987 30736
is_linear=0
shrinkage=0.02


Tree=324
num_leaves=9
num_cat=0
split_feature=4 24 0 42 13 42 12 23
split_gain=0.827565 0.953615 0.822421 0.847469 0.651842 0.647105 0.581749 0.744685
threshold=17.808333667611276 1.8093541491699188 19.004712907276517 0.8500000000000002 0.59969891527942665 2.0500000000000003 17.633163129127627 1.1947361223144435
decision_type=2 2 2 2 2 2 2 2
left_child=4 2 3 -2 -1 -4 -3 -8
right_child=1 6 5 -5 -6 -7 7 -9
leaf_value=-0.0019203919946866874 0.00014036492229390325 0.00081273731459039703 -3.4107762171747797e-05 0.0008332679080174149 -6.3458109959605062e-05 0.0012817997171138838 -0.0016689707679642335 0.00016796369879188989
leaf_weight=156.10107409954071 6191.795300424099 62.882608473300934 23067.254299879074 806.91331657767296 167.66154581308365 148.15905436873436 301.30669355392456 110.73987185955048
leaf_count=226 9429 96 34489 1169 267 200 467 175
internal_value=6.45313e-06 1.74163e-05 3.17402e-05 0.000221897 -0.000995763 -2.51693e-05 -0.000869188 -0.00115271
internal_weight=31012.8 30689.1 30214.1 6998.71 323.763 23215.4 474.929 412.047
internal_count=46518 46025 45287 10598 493 34689 738 642
is_linear=0
shrinkage=0.02


Tree=325
num_leaves=9
num_cat=0
split_feature=1 32 15 22 22 22 22 1
split_gain=0.880205 0.983655 1.04668 0.775818 0.725723 0.7253 0.860827 0.672817
threshold=36.110166666666679 1.6500000000000001 9.0162885968810986 1.0798520964902296 2.3685179570228541 1.7621489800880756 1.5039189283831125 30.669166666666673
decision_type=2 2 2 2 2 2 2 2
left_child=1 2 -1 -4 5 6 -2 -3
right_child=4 7 3 -5 -6 -7 -8 -9
leaf_value=-5.5262148829782971e-05 -0.00051108282898583077 -0.0012153482168661548 0.00028063871579149025 -9.5577156152814918e-05 0.00050078399521853885 -0.0016651361072320603 0.0013732327405542486 0
leaf_weight=16186.148098319769 1547.7212180495262 417.97428533434868 9163.5416603684425 2834.2855270206928 302.10700461268425 206.92907482385635 99.034213066101074 321.07580462098122
leaf_count=24427 2345 631 13600 4241 472 320 152 481
internal_value=5.62291e-07 2.99523e-05 4.91922e-05 0.00019093 -0.000388775 -0.000539525 -0.000390168 -0.000688425
internal_weight=31078.8 28923 28184 11997.8 2155.79 1853.68 1646.76 739.05
internal_count=46669 43380 42268 17841 3289 2817 2497 1112
is_linear=0
shrinkage=0.02


Tree=326
num_leaves=7
num_cat=0
split_feature=32 2 15 15 13 15
split_gain=0.833573 0.776516 0.806369 0.681453 0.673224 0.804574
threshold=1.6500000000000001 36.598833333333339 9.0162885968810986 12.3965970338181 0.13225278764451434 12.306638701378178
decision_type=2 2 2 2 2 2
left_child=1 2 -1 -3 -2 -6
right_child=4 3 -4 -5 5 -7
leaf_value=-5.4337816352121344e-05 -0.0012294462384009623 -0.0021911257726625658 0.00015752873765712683 -0.00033780206643601235 -0.00086507020769796832 0.00076408791724903486
leaf_weight=16229.85826510191 387.6331399679184 87.26376011967659 12835.860864132643 1057.8060718178749 256.62815260887146 223.76663246750832
leaf_count=24508 554 134 19116 1611 416 330
internal_value=5.30119e-07 1.84271e-05 3.8886e-05 -0.000491333 -0.000609473 -8.5461e-05
internal_weight=31078.8 30210.8 29065.7 1145.07 868.028 480.395
internal_count=46669 45369 43624 1745 1300 746
is_linear=0
shrinkage=0.02


Tree=327
num_leaves=5
num_cat=0
split_feature=1 15 15 1
split_gain=0.831511 0.890231 0.638011 0.577954
threshold=36.110166666666679 9.0162885968810986 12.306638701378178 35.885333333333342
decision_type=2 2 2 2
left_child=1 -1 -2 -3
right_child=2 3 -4 -5
leaf_value=-6.7125330236609751e-05 -0.0012669741664782983 0.00013668096564328739 -0.0002367363595139381 0.0011335515771611847
leaf_weight=16450.366206198931 283.53183349967003 12234.194296091795 1872.2596770524979 238.46487337350845
leaf_count=24835 457 18196 2832 349
internal_value=4.88945e-07 2.90635e-05 -0.000377917 0.00015672
internal_weight=31078.8 28923 2155.79 12472.7
internal_count=46669 43380 3289 18545
is_linear=0
shrinkage=0.02


Tree=328
num_leaves=6
num_cat=0
split_feature=32 1 1 1 13
split_gain=0.801912 0.862284 0.813059 0.670975 0.804309
threshold=1.6500000000000001 36.110166666666679 35.885333333333342 30.669166666666673 0.078599369461628002
decision_type=2 2 2 2 2
left_child=1 2 -1 -2 -5
right_child=3 -3 -4 4 -6
leaf_value=3.6882764064874559e-05 -0.00117385148686114 -0.00037967080868296399 0.001231643897942428 -0.0010458711370852885 0.00065659873363798705
leaf_weight=27955.598503798246 417.97428533434868 2026.8136754631996 228.37678191065788 189.06192049384117 260.99171921610832
leaf_count=41932 631 3101 336 268 401
internal_value=4.65907e-07 1.8026e-05 4.70055e-05 -0.000597835 -3.79294e-05
internal_weight=31078.8 30210.8 28184 868.028 450.054
internal_count=46669 45369 42268 1300 669
is_linear=0
shrinkage=0.02


Tree=329
num_leaves=8
num_cat=0
split_feature=32 1 15 1 13 15 1
split_gain=0.770343 0.82822 0.932134 0.644457 0.772791 0.590243 0.581213
threshold=1.6500000000000001 36.110166666666679 9.0162885968810986 30.669166666666673 0.078599369461628002 12.306638701378178 35.885333333333342
decision_type=2 2 2 2 2 2 2
left_child=1 2 -1 -2 -5 -3 -4
right_child=3 5 6 4 -6 -7 -8
leaf_value=-5.2472636420421064e-05 -0.001150486257691864 -0.0012435747682600403 0.00015963077422659973 -0.0010251726661170653 0.00064356663347129998 -0.00022989554217372855 0.0011958400691010663
leaf_weight=16186.148098319769 417.97428533434868 272.26415657997131 11775.719596624374 189.06192049384117 260.99171921610832 1754.5495188832283 222.10759076476097
leaf_count=24427 631 439 17516 268 401 2662 325
internal_value=4.49288e-07 1.76666e-05 4.60743e-05 -0.000585951 -3.67628e-05 -0.000372085 0.000179843
internal_weight=31078.8 30210.8 28184 868.028 450.054 2026.81 11997.8
internal_count=46669 45369 42268 1300 669 3101 17841
is_linear=0
shrinkage=0.02


Tree=330
num_leaves=7
num_cat=0
split_feature=1 43 2 32 32 40
split_gain=0.702073 0.634473 1.37103 0.890324 0.87237 0.524334
threshold=10.773750000000001 -0.14999999999999988 34.837250000000004 0.15000000000000005 0.15000000000000005 0.0017047874992556003
decision_type=2 2 2 2 2 2
left_child=5 2 4 -3 -2 -1
right_child=1 3 -4 -5 -6 -7
leaf_value=0.00025704266411223224 -0.0013249135787311323 0.00047123410544767745 -0.0021221769983776322 -5.5318264184273234e-05 0.00069559578831675185 0.0015641413611145261
leaf_weight=431.6938019990921 86.697256207466125 1342.6364248692989 77.788985818624496 27641.28232395649 1262.9774749279022 185.70995289087296
leaf_count=652 135 2105 114 41410 1873 275
internal_value=3.30682e-06 -9.94527e-06 0.000400899 -3.05507e-05 0.00055664 0.000670133
internal_weight=31028.8 30411.4 1427.46 28983.9 1349.67 617.404
internal_count=46564 45637 2122 43515 2008 927
is_linear=0
shrinkage=0.02


Tree=331
num_leaves=10
num_cat=0
split_feature=0 40 34 34 1 14 0 34 34
split_gain=0.71907 0.940325 0.816989 0.814497 0.701338 0.692503 0.590233 0.588175 0.556252
threshold=19.227560795824562 -0.54306826541105147 0.52175211800278332 1.4800446365992974 21.311833333333336 13.500000000000002 18.671211345804331 0.30130968498659688 0.049198219945158057
decision_type=2 2 2 2 2 2 2 2 2
left_child=2 -2 6 -4 7 -6 8 -3 -1
right_child=1 4 3 -5 5 -7 -8 -9 -10
leaf_value=-0.00067341397368407682 0.0018692363640463148 -2.3240443610554474e-05 0.00062727159935728406 -0.001026846298729327 9.8859000125585095e-07 -0.00079618217074406623 0.00063281462085704285 -0.00058306389368467226 4.3101475943968291e-05
leaf_weight=477.44038864970207 99.27962788939476 1386.437671482563 1875.0209257006645 121.01523306965828 19873.71449559927 443.13288086652756 609.08616617321968 1741.3876164257526 4402.271214812994
leaf_count=785 150 2122 2768 209 29861 594 937 2498 6640
internal_value=3.24003e-06 -5.07186e-05 0.000174274 0.000521054 -5.94341e-05 -1.59831e-05 4.61997e-05 -0.000338285 -2.52025e-05
internal_weight=31028.8 23544 7484.83 1996.04 23444.7 20316.8 5488.8 3127.83 4879.71
internal_count=46564 35225 11339 2977 35075 30455 8362 4620 7425
is_linear=0
shrinkage=0.02


Tree=332
num_leaves=9
num_cat=0
split_feature=24 0 34 24 43 34 34 34
split_gain=0.731334 1.11521 0.878064 1.25859 0.891386 0.834659 0.665869 0.571385
threshold=1.0935962364069411 19.157861793909294 1.3077082527503954 0.38312129663063271 -0.24999999999999992 0.52175211800278332 0.45548678666453651 1.4800446365992974
decision_type=2 2 2 2 2 2 2 2
left_child=1 5 4 -4 -3 6 -1 -7
right_child=-2 2 3 -5 -6 7 -8 -9
leaf_value=9.4878466625501336e-05 0.00019619535660948069 0.00064000608581892286 -0.0019300888405269956 0.00052220095546617223 -0.00019841476673932324 0.00061531227719210609 -0.00082420541292204709 -0.0008451363759160945
leaf_weight=4806.998946338892 6279.5788408219814 516.87909841537476 86.295989036560059 1269.3418497145176 15846.267144650221 1782.2030720412731 334.52193456888199 106.6993450820446
leaf_count=7318 9311 767 151 1865 23857 2623 486 186
internal_value=3.16887e-06 -4.54153e-05 -0.000130297 0.000356116 -0.000171245 0.000167067 3.28388e-05 0.00052672
internal_weight=31028.8 24749.2 17718.8 1355.64 16363.1 7030.42 5141.52 1888.9
internal_count=46564 37253 26640 2016 24624 10613 7804 2809
is_linear=0
shrinkage=0.02


Tree=333
num_leaves=10
num_cat=0
split_feature=53 40 40 43 0 32 32 18 40
split_gain=0.67208 0.970053 0.790881 0.766153 0.612187 0.578008 1.12287 0.724891 0.504037
threshold=1.0000000180025095e-35 -0.54306826541105147 -0.4153395339242289 -0.14999999999999988 35.550294536415308 1.8500000000000003 2.0500000000000003 3.3954499322489711 0.022432134194973054
decision_type=2 2 2 2 2 2 2 2 2
left_child=2 -2 -1 8 -5 7 -7 -3 -4
right_child=1 5 3 4 -6 6 -8 -9 -10
leaf_value=-0.0013494180528645578 0.0020888189057474251 -4.8361692901637746e-05 0.0013966527227350731 0.00012943421886071186 -0.00091228238879771076 -0.0018713541002434333 0.00044177977103707051 -0.001232256511926384 0.00017108815754382178
leaf_weight=140.10250124335289 80.817730873823166 19119.109812855721 315.68305286765099 10338.032916605473 226.66145649552345 196.52408877015114 134.34017860889435 208.03928935527802 269.47519299387932
leaf_count=226 123 28089 467 16106 360 287 201 292 413
internal_value=3.10327e-06 -6.69595e-05 0.000126474 0.000146154 0.00010597 -7.65426e-05 -0.000905103 -6.17488e-05 0.000851796
internal_weight=31028.8 19738.8 11290 11149.9 10564.7 19658 330.864 19327.1 585.158
internal_count=46564 28992 17572 17346 16466 28869 488 28381 880
is_linear=0
shrinkage=0.02


Tree=334
num_leaves=8
num_cat=0
split_feature=24 1 43 2 53 2 53
split_gain=0.71278 1.26441 1.16006 0.943901 0.821004 0.780697 0.663455
threshold=1.0935962364069411 35.025666666666673 -0.14999999999999988 12.688250000000002 0.55000000000000016 13.488159722222223 0.8500000000000002
decision_type=2 2 2 2 2 2 2
left_child=1 2 5 -4 -2 -1 -6
right_child=4 -3 3 -5 6 -7 -8
leaf_value=-0.0012082459735308882 0.00040889699509706119 -0.00055434973944863913 0.00056328247884794677 -6.7552690395699058e-05 -0.0005354416339933654 0.00074303745081746744 0.00013463231920556466
leaf_weight=83.021485805511475 3332.1431434750557 1804.9558771550655 990.09444186091423 20748.871076107025 810.69662269949913 1122.2644989192486 2136.7390746474266
leaf_count=130 5113 2789 1483 31189 1178 1662 3020
internal_value=3.03323e-06 -4.49267e-05 -4.37126e-06 -3.83124e-05 0.0001936 0.000598569 -4.65202e-05
internal_weight=31028.8 24749.2 22944.3 21739 6279.58 1205.29 2947.44
internal_count=46564 37253 34464 32672 9311 1792 4198
is_linear=0
shrinkage=0.02


Tree=335
num_leaves=5
num_cat=0
split_feature=24 14 18 4
split_gain=0.709522 0.693284 0.84378 0.549636
threshold=1.080737107506476 11.500000000000002 3.1667630802651456 16.658703725383173
decision_type=2 2 2 2
left_child=1 3 -3 -1
right_child=-2 2 -4 -5
leaf_value=-0.001056345870145406 0.00018832076054890113 -0.00022908301571806478 -0.0018354487149939641 1.083223155785959e-05
leaf_weight=192.88058227300644 6538.2554526925087 3859.0192433297634 135.82637676596642 20408.001692682505
leaf_count=296 9702 5532 187 31013
internal_value=2.87202e-06 -4.60304e-05 -0.000287093 2.53584e-07
internal_weight=31134 24595.7 3994.85 20600.9
internal_count=46730 37028 5719 31309
is_linear=0
shrinkage=0.02


Tree=336
num_leaves=6
num_cat=0
split_feature=7 18 24 31 12
split_gain=1.14068 0.944253 0.947638 0.696905 0.544146
threshold=1.0000000180025095e-35 3.2683926913430326 1.1128454638082939 1.2253257148236822 17.945299339674538
decision_type=2 2 2 2 2
left_child=4 2 -2 -4 -1
right_child=1 -3 3 -5 -6
leaf_value=0.00011163618581712659 7.3471216458576976e-05 -0.00087792090805067493 0.0002993957200166368 0.0010575361355624512 -0.00017872496455159545
leaf_weight=3218.4176426529884 12456.583572894335 362.54635497927666 2099.6536644101143 658.56972119212151 12338.212391614914
leaf_count=4816 18736 536 3141 958 18543
internal_value=2.79798e-06 0.000124081 0.000148727 0.000484672 -0.000118005
internal_weight=31134 15577.4 15214.8 2758.22 15556.6
internal_count=46730 23371 22835 4099 23359
is_linear=0
shrinkage=0.02


Tree=337
num_leaves=9
num_cat=0
split_feature=12 7 14 52 52 18 52 18
split_gain=1.11951 0.858475 0.799826 1.37846 0.770665 0.704979 0.600477 0.541524
threshold=17.727067366620727 1.0000000180025095e-35 8.5000000000000018 0.65000000000000002 0.8500000000000002 3.061065441159911 0.25000000000000006 2.896441822896624
decision_type=2 2 2 2 2 2 2 2
left_child=2 4 3 -1 -2 7 -3 -4
right_child=1 6 5 -5 -6 -7 -8 -9
leaf_value=-0.00062137915408151277 7.9428136613962993e-05 -0.00086394636118781608 7.07247440022845e-05 0.00086148952537067004 -0.00025631971845577135 -0.0011063580729981106 8.7446270645564326e-05 0.0010768164812525309
leaf_weight=290.71952793002129 3770.5797229409218 267.44050261378288 2504.4598137438297 1518.6362949609756 9575.7924979627132 184.244304895401 12786.300653040409 235.81002965569496
leaf_count=456 5757 395 3581 2386 14330 262 19229 334
internal_value=2.74907e-06 -4.77167e-05 0.000286202 0.000617285 -0.000160718 7.7667e-05 6.70592e-05 0.000161671
internal_weight=31134 26400.1 4733.87 1809.36 13346.4 2924.51 13053.7 2740.27
internal_count=46730 39711 7019 2842 20087 4177 19624 3915
is_linear=0
shrinkage=0.02


Tree=338
num_leaves=8
num_cat=0
split_feature=12 24 51 52 7 51 4
split_gain=1.07515 0.910682 0.69583 0.795604 0.609004 0.5648 0.538645
threshold=17.727067366620727 1.080737107506476 0.46466302427975265 1.8500000000000003 1.0000000180025095e-35 0.61180681600470332 24.963553381417526
decision_type=2 2 2 2 2 2 2
left_child=2 4 3 -1 -2 -4 -6
right_child=1 -3 5 -5 6 -7 -8
leaf_value=6.7019337075393371e-05 -0.00021481625830638854 0.00017979180051659255 0.0012897765863455705 -0.0015157949033008636 -0.00056137415991346215 0.00035474316186227426 3.8557520429777707e-05
leaf_weight=1313.8736427724361 10521.218749165535 5565.9917465746403 293.49610480666161 137.80871683359146 636.03545221686363 2988.6915067732334 9676.8674286007881
leaf_count=1946 15900 8269 440 212 984 4421 14558
internal_value=2.69323e-06 -4.67562e-05 0.00028048 -7.82374e-05 -0.000107772 0.000442134 4.86336e-07
internal_weight=31134 26400.1 4733.87 1451.68 20834.1 3282.19 10312.9
internal_count=46730 39711 7019 2158 31442 4861 15542
is_linear=0
shrinkage=0.02


Tree=339
num_leaves=8
num_cat=0
split_feature=12 7 12 51 51 51 51
split_gain=1.03282 0.799355 0.690582 0.621579 0.547875 0.624443 0.585413
threshold=17.727067366620727 1.0000000180025095e-35 17.653415733009904 0.91965704236868417 0.46466302427975265 1.2907572991508431 0.3680168797172525
decision_type=2 2 2 2 2 2 2
left_child=2 -2 4 -4 6 -6 -1
right_child=1 -3 3 -5 5 -7 -8
leaf_value=-2.2474762697558384e-05 -0.00015486418296940956 6.4920788032183204e-05 0.00035850716389080537 0.0018500663360831735 0.00048079257593745741 -0.0002701726497541229 -0.0017065477819916647
leaf_weight=1228.3709989190102 13346.372220903635 13053.741155654192 300.46358048915863 200.53877478837967 2393.0648503005505 523.76895743608475 87.662809252738953
leaf_count=1824 20087 19624 442 291 3539 787 136
internal_value=2.64532e-06 -4.58144e-05 0.000274915 0.000980404 0.000188628 0.000342425 -0.00014466
internal_weight=31134 26400.1 4733.87 501.002 4232.87 2916.83 1316.03
internal_count=46730 39711 7019 733 6286 4326 1960
is_linear=0
shrinkage=0.02


Tree=340
num_leaves=12
num_cat=0
split_feature=25 37 37 42 0 34 34 34 37 32 37
split_gain=0.904148 3.11854 0.971135 0.756046 0.678404 0.90353 0.891529 0.667405 1.13129 0.651774 0.534632
threshold=1.9000000000000001 0.58570457687917277 1.1261975753609672 0.75000000000000011 31.312764829976306 1.2733613874983634 0.35039636503422339 0.33197379285786355 0.38021334538424612 1.3500000000000003 0.12477516936078757
decision_type=2 2 2 2 2 2 2 2 2 2 2
left_child=3 7 -3 4 5 -1 -6 10 -9 -5 -2
right_child=1 2 -4 9 6 -7 -8 8 -10 -11 -12
leaf_value=-2.9608835859459774e-05 0.00085828878128912478 -0.0020816296154428115 0 0.00032705577069428604 -0.0001626734403054862 -0.00092583676543080964 0.00039943247519159828 0.0023298092824052259 0.00010931242296834448 -0.00046117031490212294 -0.00095393585689258027
leaf_weight=18918.440135091543 89.311943233013153 425.89901503920555 118.77576717734337 5069.4369714260101 1674.0713101327419 460.25822326540947 3334.2125956118107 139.98908334970474 289.82780990004539 445.71753689646721 200.36086368560791
leaf_count=28724 133 593 167 7408 2504 792 4805 196 412 670 321
internal_value=2.74903e-05 -0.000495271 -0.00163742 4.9957e-05 1.7119e-06 -5.15042e-05 0.000209557 0.00035765 0.000863116 0.000261397 -0.000358852
internal_weight=31166.3 1264.16 544.675 29902.1 24387 19378.7 5008.28 719.49 429.817 5515.15 289.673
internal_count=46725 1822 760 44903 36825 29516 7309 1062 608 8078 454
is_linear=0
shrinkage=0.02


Tree=341
num_leaves=7
num_cat=0
split_feature=24 15 30 1 1 1
split_gain=0.809093 0.681258 1.17602 0.755106 0.708342 0.540829
threshold=0.068587426900460255 9.0162885968810986 0.085279454579893665 9.2587500000000009 29.866833333333336 35.670833333333341
decision_type=2 2 2 2 2 2
left_child=-1 3 5 -2 -4 -3
right_child=1 2 4 -5 -6 -7
leaf_value=0.0015697960125449738 0.0010706768371112547 0.00031432590155058084 0.00019278319414930495 -8.4772519449319856e-05 -0.00031049877059775198 -7.8602585545819016e-05
leaf_weight=133.53280910849571 226.39536988735199 8086.2327266633511 1700.629981637001 16200.080739676952 3172.1502670943737 1647.2793607413769
leaf_count=278 331 12040 2485 24408 4722 2461
internal_value=2.69241e-05 1.98622e-05 0.000119478 -6.81106e-05 -0.000132792 0.000246798
internal_weight=31166.3 31032.8 14606.3 16426.5 4872.78 9733.51
internal_count=46725 46447 21708 24739 7207 14501
is_linear=0
shrinkage=0.02


Tree=342
num_leaves=8
num_cat=0
split_feature=25 24 13 24 13 34 34
split_gain=0.856619 1.46612 1.00215 0.793177 0.747589 0.734613 0.815273
threshold=1.9000000000000001 1.3651865190810493 1.9988490504500656 0.068587426900460255 0.36061524618027457 0.39949843944974478 0.33197379285786355
decision_type=2 2 2 2 2 2 2
left_child=1 3 -3 -1 -5 6 -2
right_child=5 2 -4 4 -6 -7 -8
leaf_value=0.0015388634067675416 -0.00033572051109901144 0.00077389191698888822 -0.00066242375991759194 -9.9924178891552302e-05 0.00010689130288277812 -0.00081613806389819901 0.0016298763470941463
leaf_weight=133.53280910849571 292.25952008366585 1598.8594021201134 212.07387855648994 13784.057564556599 14173.613118082285 857.62491151690483 114.28005078434944
leaf_count=278 459 2398 381 19750 22096 1198 165
internal_value=2.6389e-05 4.82656e-05 0.000599627 1.23252e-05 4.56691e-06 -0.000482433 0.000197614
internal_weight=31166.3 29902.1 1810.93 28091.2 27957.7 1264.16 406.54
internal_count=46725 44903 2779 42124 41846 1822 624
is_linear=0
shrinkage=0.02


Tree=343
num_leaves=10
num_cat=0
split_feature=25 15 2 1 34 1 1 34 34
split_gain=0.822682 0.876128 1.12151 1.2532 0.924666 1.11364 0.710067 0.705554 0.783674
threshold=1.9000000000000001 8.8742740612039501 22.601833333333335 25.819833333333339 0.36956710604985898 27.9815 9.2587500000000009 0.39949843944974478 0.33197379285786355
decision_type=2 2 2 2 2 2 2 2 2
left_child=1 2 6 -4 -3 -6 -1 8 -2
right_child=7 4 3 -5 5 -7 -8 -9 -10
leaf_value=0.0011519872512601823 -0.00032905173179000795 -5.9317249506183795e-05 -0.00064528237582078634 -2.5620583206656954e-05 0.00063153341326107552 0.00014009347611900714 4.017520797444773e-05 -0.00079985326491600623 0.0015978394437525362
leaf_weight=234.18275725841522 292.25952008366585 4846.1522016525269 2275.5016675889492 3142.5383731126785 2605.2584799528122 6589.5974994599819 10208.905793398619 857.62491151690483 114.28005078434944
leaf_count=346 459 7455 3397 4889 3749 9729 15338 1198 165
internal_value=2.58576e-05 4.73025e-05 -5.40809e-05 -0.000287857 0.000162532 0.000280532 6.62804e-05 -0.000472769 0.000193299
internal_weight=31166.3 29902.1 15861.1 5418.04 14041 9194.86 10443.1 1264.16 406.54
internal_count=46725 44903 23970 8286 20933 13478 15684 1822 624
is_linear=0
shrinkage=0.02


Tree=344
num_leaves=7
num_cat=0
split_feature=25 15 13 1 1 32
split_gain=0.790089 0.841386 1.31231 1.64386 0.841124 0.693008
threshold=1.9000000000000001 8.8742740612039501 0.11387259442214681 28.071500000000004 9.2587500000000009 0.15000000000000005
decision_type=2 2 2 2 2 2
left_child=1 4 3 -3 -1 -4
right_child=-2 2 5 -5 -6 -7
leaf_value=0.0011291426472906008 -0.0004632989808243974 0.00040315214863630318 0.0011872905112868381 -0.00029668753263669561 -7.1482564783831645e-05 0.00028476337163249366
leaf_weight=234.18275725841522 1264.1644823849201 2006.3434321880341 363.23775151371956 4024.5374953746796 15626.945834100246 7646.8895019888878
leaf_count=346 1822 2811 595 5758 23624 11769
internal_value=2.53362e-05 4.63581e-05 0.000159283 -6.2152e-05 -5.29853e-05 0.000327225
internal_weight=31166.3 29902.1 14041 6030.88 15861.1 8010.13
internal_count=46725 44903 20933 8569 23970 12364
is_linear=0
shrinkage=0.02


Tree=345
num_leaves=12
num_cat=0
split_feature=37 24 34 37 37 24 24 43 34 36 37
split_gain=0.723036 1.30946 1.22739 1.12376 1.22449 1.02488 1.17138 0.782561 0.718118 0.716231 0.571156
threshold=0.70710138168908465 0.67185559052897836 0.63322022599920158 0.39440115928650754 0.53927062982969765 0.5784676794458099 0.48827835101646977 0.75000000000000011 0.36288832018019751 2.4722222222222228 0.34179096042276619
decision_type=2 2 2 2 2 2 2 2 2 2 2
left_child=2 5 7 -4 -5 6 -2 8 -1 -3 -9
right_child=1 9 3 4 -6 -7 -8 10 -10 -11 -12
leaf_value=-2.7139209699106175e-05 0.00025417264713412167 -0.00041125270262897358 -0.0011533242659418762 0.001581368817473824 0.00035946815577468248 0.00082969504140766623 -0.00079458645594534714 -5.6880135656233978e-05 0.00022683276908771365 0.00096048122073446067 -0.00083594621921154796
leaf_weight=13551.361864119768 1480.8821963369846 4583.0170278847218 134.49680730700493 469.43237352371216 1194.8304132819176 718.81709566712379 594.13257247209549 885.79409861564636 6592.6147514283657 151.48060864210129 694.24540224671364
leaf_count=20686 2329 6627 240 732 1774 1052 890 1364 9622 231 1070
internal_value=8.59604e-06 -0.0001616 6.35003e-05 0.000565487 0.000711611 0.000179298 -4.17767e-05 2.14271e-05 5.54973e-05 -0.000364866 -0.000406135
internal_weight=31051.1 7528.33 23522.8 1798.76 1664.26 2793.83 2075.01 21724 20144 4734.5 1580.04
internal_count=46617 11129 35488 2746 2506 4271 3219 32742 30308 6858 2434
is_linear=0
shrinkage=0.02


Tree=346
num_leaves=11
num_cat=0
split_feature=39 34 21 34 34 36 36 36 36 34
split_gain=0.819085 1.22674 1.02349 0.978124 0.815327 0.622739 0.633036 0.540386 0.515278 0.500427
threshold=1.0000000180025095e-35 0.36288832018019751 0.70303287107761392 1.1423733188740652 0.72245168819043537 1.2111111111111115 0.86607142857142871 2.3166666666666669 2.183333333333334 0.05283452210637906
decision_type=2 2 2 2 2 2 2 2 2 2
left_child=1 9 5 4 -3 6 -2 8 -4 -1
right_child=2 3 7 -5 -6 -7 -8 -9 -10 -11
leaf_value=-0.00043880088006601847 0.00056097961119451261 0.00023851349716501888 -0.00018767240688918362 -0.0020280306193216132 0.0009461343897232354 -0.00041295589003121502 0.0030653652560114725 0.00062949994574475307 -0.0014132819448930572 3.4117557056860465e-06
leaf_weight=1105.4251620173454 106.90495321154594 6492.1542371511459 8947.1489549577236 69.097719043493271 737.80769777297974 68.413055688142776 79.377444803714752 311.60745576024055 140.25876671075821 12992.909764409065
leaf_count=1820 168 9525 13216 133 1131 100 122 488 216 19698
internal_value=8.41888e-06 7.77176e-05 -0.00014413 0.000288275 0.00031235 0.0010965 0.00170247 -0.000179039 -0.000207996 -3.06095e-05
internal_weight=31051.1 21397.4 9653.71 7299.06 7229.96 254.695 186.282 9399.02 9087.41 14098.3
internal_count=46617 32307 14310 10789 10656 390 290 13920 13432 21518
is_linear=0
shrinkage=0.02


Tree=347
num_leaves=13
num_cat=0
split_feature=39 24 43 24 24 44 4 21 36 43 37 43
split_gain=0.786424 1.70062 0.98525 1.06641 0.909554 0.884547 0.729521 0.725869 0.691424 1.20255 0.545776 0.52756
threshold=1.0000000180025095e-35 0.41416874187476987 1.0000000180025095e-35 0.38312129663063271 0.73616372387134021 0.54383325930421267 24.701282457319284 0.90630936219622094 2.4722222222222228 1.3500000000000003 0.39095392722291683 0.55000000000000016
decision_type=2 2 2 2 2 2 2 2 2 2 2 2
left_child=4 2 7 -4 5 -1 -6 -2 9 -3 -8 -10
right_child=1 8 3 -5 6 -7 10 -9 11 -11 -12 -13
leaf_value=-0.00044130927093969182 0 -0.00023323820311463072 -7.6411675622071253e-05 0.0017753670015495182 -0.00054435016170074457 3.0690743174501477e-05 0.00014120558822334654 0.0021152854293868019 -8.5911258196978254e-05 -0.0017904639139864969 0.00045816893504696424 0.0017669316329665011
leaf_weight=1932.6805694103241 78.974691927433014 8014.2516640126705 762.05482465028763 144.82605800032616 484.65707719326019 8715.4525940418243 7013.955280482769 225.84055489301682 107.74452111124992 203.82645177841187 3250.649059265852 116.19186475872993
leaf_count=2890 134 11716 1249 220 745 13386 10504 367 182 276 4782 166
internal_value=8.25174e-06 -0.000141217 0.000556366 0.000211565 7.61608e-05 -5.41071e-05 0.000206119 0.00154155 -0.000242635 -0.000273504 0.000242627 0.000838327
internal_weight=31051.1 9653.71 1211.7 906.881 21397.4 10648.1 10749.3 304.815 8442.01 8218.08 10264.6 223.936
internal_count=46617 14310 1970 1469 32307 16276 16031 501 12340 11992 15286 348
is_linear=0
shrinkage=0.02


Tree=348
num_leaves=4
num_cat=0
split_feature=21 24 34
split_gain=0.641243 0.577635 0.685939
threshold=0.50568390950411146 0.068587426900460255 0.05283452210637906
decision_type=2 2 2
left_child=-1 -2 -3
right_child=1 2 -4
leaf_value=-0.0014681991581865349 0.0013922475666564072 -0.0004885331220793465 2.6463764236965335e-05
leaf_weight=115.12172797322273 119.24492609500885 1069.1041915118694 29747.634365946054
leaf_count=184 250 1745 44438
internal_value=8.0785e-06 1.39899e-05 8.2423e-06
internal_weight=31051.1 30936 30816.7
internal_count=46617 46433 46183
is_linear=0
shrinkage=0.02


Tree=349
num_leaves=9
num_cat=0
split_feature=39 21 37 4 36 47 36 47
split_gain=0.759247 0.988172 0.735671 0.845404 0.85222 0.666911 0.665535 0.581887
threshold=1.0000000180025095e-35 0.70303287107761392 0.014247935696901352 20.338234555988919 0.35416666666666669 3.6070300654640586 0.88194444444444453 0.32231704919531035
decision_type=2 2 2 2 2 2 2 2
left_child=2 -2 -1 4 -4 7 -5 -3
right_child=1 5 3 6 -6 -7 -8 -9
leaf_value=-0.00041649040937727561 0.0010800772424755063 -0.0013416148554398243 0 0.0001129524608195901 -0.0017951601333314215 -0.0010967855917167302 0.0015454268785499575 -0.00011840303741159915
leaf_weight=1144.6242679059505 254.69545370340347 158.28739047050476 273.70191961526871 19666.898446559906 182.34630900621414 303.86178395152092 129.82363730669022 8936.8660030066967
leaf_count=1771 390 239 428 29654 265 435 189 13246
internal_value=7.90979e-06 -0.000138949 7.46409e-05 0.00010293 -0.000743472 -0.000173268 0.000123007 -0.000141081
internal_weight=31051.1 9653.71 21397.4 20252.8 456.048 9399.02 19796.7 9095.15
internal_count=46617 14310 32307 30536 693 13920 29843 13485
is_linear=0
shrinkage=0.02


Tree=350
num_leaves=10
num_cat=0
split_feature=39 13 4 13 13 5 19 4 4
split_gain=0.887949 1.57879 1.47923 1.04672 1.02803 1.63306 1.17878 0.655519 0.621786
threshold=1.0000000180025095e-35 0.63190986730035192 31.123418940916689 0.58860920012812479 1.5365316421167485 25.096870928879749 2.9084691529654125 16.658703725383173 28.178250432382878
decision_type=2 2 2 2 2 2 2 2 2
left_child=7 2 8 -4 6 -6 -3 -1 -2
right_child=1 4 3 -5 5 -7 -8 -9 -10
leaf_value=-0.0011601565836340158 -5.7279205953092659e-05 0.00032539717265406374 -0.00047832614919055607 -0.0025800912421387757 -0.0023407421406357238 -3.6107204358121495e-05 0.0026128830662841616 8.0102418920498605e-05 0.00098824365660690077
leaf_weight=168.92814189195633 560.0228059887886 2114.7043354511261 4577.4826402962208 97.390151411294937 131.03432548046112 1771.9377999603748 93.976031213998795 21126.842288911343 363.18831303715706
leaf_count=266 827 3171 6517 140 211 2865 151 31892 527
internal_value=-2.25618e-06 -0.000161055 -0.000380033 -0.000525334 0.000134696 -0.000202339 0.000429526 6.96865e-05 0.000344465
internal_weight=31005.5 9709.74 5598.08 4674.87 4111.65 1902.97 2208.68 21295.8 923.211
internal_count=46567 14409 8011 6657 6398 3076 3322 32158 1354
is_linear=0
shrinkage=0.02


Tree=351
num_leaves=6
num_cat=0
split_feature=19 19 36 36 33
split_gain=0.691551 0.787189 0.668446 1.22862 0.976504
threshold=2.9084691529654125 3.0810629760021295 1.3875000000000002 1.5277777777777779 1.0500000000000003
decision_type=2 2 2 2 2
left_child=2 -2 4 -4 -1
right_child=1 -3 3 -5 -6
leaf_value=-3.2326766708429325e-05 0.0014744388093956234 0.00020732436149093362 -0.001154849325214686 -3.9601869815546069e-05 0.00042657413846978017
leaf_weight=25612.139211833477 237.05344849824905 1278.0174222290516 578.1318521797657 1302.652326375246 1997.5125725269318
leaf_count=38365 377 2011 849 1953 3012
internal_value=-2.22091e-06 0.000413856 -2.39625e-05 -0.00038859 5.40281e-07
internal_weight=31005.5 1515.07 29490.4 1880.78 27609.7
internal_count=46567 2388 44179 2802 41377
is_linear=0
shrinkage=0.02


Tree=352
num_leaves=8
num_cat=0
split_feature=39 43 19 4 19 4 4
split_gain=0.843363 1.03638 1.21109 1.4864 1.13248 0.629965 0.547348
threshold=1.0000000180025095e-35 1.3500000000000003 -1.9418407568053906 42.15316063971995 -1.2732953735878192 16.658703725383173 47.137556834878545
decision_type=2 2 2 2 2 2 2
left_child=5 2 3 -2 -4 -1 -3
right_child=1 6 4 -5 -6 -7 -8
leaf_value=-0.0011376408861261554 -0.00013143591938431033 -0.0021327857363392451 0.00071806062429827461 -0.0019418091526859857 -0.00011863813925368757 7.8155816049243248e-05 -0.00032689835755108325
leaf_weight=168.92814189195633 462.30147743225098 157.29402089118958 700.82993584871292 311.58468931913376 7934.1123393774033 21126.842288911343 143.61393997073174
leaf_count=266 673 224 1029 437 11855 31892 191
internal_value=-2.16891e-06 -0.000156938 -0.000118672 -0.00087635 -4.94216e-05 6.79361e-05 -0.00131175
internal_weight=31005.5 9709.74 9408.83 773.886 8634.94 21295.8 300.908
internal_count=46567 14409 13994 1110 12884 32158 415
is_linear=0
shrinkage=0.02


Tree=353
num_leaves=8
num_cat=0
split_feature=39 43 4 4 4 4 4
split_gain=0.810459 0.996824 0.815846 1.79726 1.40112 0.605354 0.524667
threshold=1.0000000180025095e-35 1.3500000000000003 42.805297654305953 42.060386735754847 43.473814365194066 16.658703725383173 47.137556834878545
decision_type=2 2 2 2 2 2 2
left_child=5 2 3 -2 -4 -1 -3
right_child=1 6 4 -5 -6 -7 -8
leaf_value=-0.001115154292969454 -3.6546986431851037e-05 -0.0020906656103174695 -0.0017755221717685129 0.0016786553571429077 -0.00023181456790554418 7.6592849971956114e-05 -0.00032045022681285605
leaf_weight=168.92814189195633 5123.2837680578232 157.29402089118958 252.03913360834122 254.27039515972137 3779.2351451516151 21126.842288911343 143.61393997073174
leaf_count=266 7673 224 367 372 5582 31892 191
internal_value=-2.15132e-06 -0.000153877 -0.000116326 4.32891e-05 -0.000331641 6.6566e-05 -0.0012865
internal_weight=31005.5 9709.74 9408.83 5377.55 4031.27 21295.8 300.908
internal_count=46567 14409 13994 8045 5949 32158 415
is_linear=0
shrinkage=0.02


Tree=354
num_leaves=2
num_cat=0
split_feature=5
split_gain=0.568312
threshold=43.029221443526126
decision_type=2
left_child=-1
right_child=-2
leaf_value=6.7095467787473356e-05 -0.00010783655413269035
leaf_weight=18678.586599230766 12326.920234411955
leaf_count=28033 18534
internal_value=-2.13257e-06
internal_weight=31005.5
internal_count=46567
is_linear=0
shrinkage=0.02


Tree=355
num_leaves=8
num_cat=0
split_feature=40 24 24 33 24 24 40
split_gain=1.10941 0.945672 0.87104 0.862113 0.599152 1.55989 0.793009
threshold=0.13713692986903017 1.5842845226535067 0.53629385340579472 0.95000000000000007 1.3512013742656597 1.5842845226535067 0.12898132695962727
decision_type=2 2 2 2 2 2 2
left_child=4 2 -2 -4 6 -6 -1
right_child=1 -3 3 -5 5 -7 -8
leaf_value=2.7828594558134512e-05 0.0001335255820188358 0.000929599103046512 -0.00058004529990802426 0.00029792281713423045 0.0008516310537971198 -0.0002130928854888138 0.0010437085400578632
leaf_weight=23152.422055006027 1302.9060100615025 254.90042921900749 3272.1777138710022 500.89568370580673 1255.4809154570103 956.16473197937012 310.32995608448982
leaf_count=34770 2044 387 4864 737 1876 1445 471
internal_value=1.71177e-05 -0.000244951 -0.000306246 -0.000460745 7.19364e-05 0.000387023 4.17791e-05
internal_weight=31005.3 5330.88 5075.98 3773.07 25674.4 2211.65 23462.8
internal_count=46594 8032 7645 5601 38562 3321 35241
is_linear=0
shrinkage=0.02


Tree=356
num_leaves=10
num_cat=0
split_feature=12 41 12 50 50 24 13 13 13
split_gain=1.42138 1.07095 1.04914 1.0776 0.836364 0.840029 1.35117 0.821326 0.767337
threshold=19.820744997408365 1.4990049471233711 20.508866821453982 0.092942224754599262 -0.81126268490451781 1.3512013742656597 2.1687485704780323 2.2092548836962744 0.95995021800316249
decision_type=2 2 2 2 2 2 2 2 2
left_child=4 2 3 -2 -1 6 -6 -7 -3
right_child=1 8 -4 -5 5 7 -8 -9 -10
leaf_value=-0.0017078440316844259 0.00040527218582474966 -0.0015927955488644738 -0.0003368818725126558 0.0013659750716357374 -9.6959488095427714e-05 0.00044736348248680175 0.00042301056655174202 -0.00077897848745804284 0.00084896932095904242
leaf_weight=115.77096462249756 1348.9878322482109 162.50496765971184 407.36436927318573 753.55207055807114 23441.016156047583 2295.6156180500984 2178.7253678143024 234.21215188503265 67.527997225522995
leaf_count=177 1980 230 619 1077 34965 3410 3622 401 113
internal_value=1.67979e-05 0.000451754 0.000573937 0.000755311 -2.50403e-05 -1.76433e-05 -5.23209e-05 0.000329353 -0.00083176
internal_weight=31005.3 2739.94 2509.9 2102.54 28265.3 28149.6 25619.7 2529.83 230.033
internal_count=46594 4019 3676 3057 42575 42398 38587 3811 343
is_linear=0
shrinkage=0.02


Tree=357
num_leaves=11
num_cat=0
split_feature=12 42 20 12 20 50 50 12 12 20
split_gain=1.36518 0.883977 0.914864 0.775126 0.997823 0.788943 0.743472 0.684871 0.669553 0.62253
threshold=19.820744997408365 0.35000000000000003 0.61291981031020992 20.508866821453982 -3.8014873216520484 -0.4990628578285502 0.7109471923292251 19.556926409661315 17.361857473951826 0.42930779064301389
decision_type=2 2 2 2 2 2 2 2 2 2
left_child=1 2 9 4 -2 -6 7 -3 -4 -1
right_child=3 6 8 -5 5 -7 -8 -9 -10 -11
leaf_value=-6.1947111378340627e-05 -0.0014593289820098365 0.00010501583103064643 0.00044446325059326644 -0.00030952555465114679 -0.0012313853860474646 0.00075267085158346834 0.0013894959439428784 -0.00045179321705322807 -0.00043541686802609197 0.00066112907618852271
leaf_weight=8575.5367683172226 86.37300306558609 13361.738771498203 363.05143737792969 440.94937238097191 77.825336843729019 2134.7895246744156 171.25379106402397 939.16386014223099 4353.2389700710773 501.35665994882584
leaf_count=13182 124 19886 548 669 114 3112 254 1404 6538 763
internal_value=1.64542e-05 -2.45419e-05 -0.000139372 0.000442729 0.000591502 0.00067732 8.42141e-05 6.7692e-05 -0.000365406 -2.07701e-05
internal_weight=31005.3 28265.3 13793.2 2739.94 2298.99 2212.61 14472.2 14300.9 4716.29 9076.89
internal_count=46594 42575 21031 4019 3350 3226 21544 21290 7086 13945
is_linear=0
shrinkage=0.02


Tree=358
num_leaves=11
num_cat=0
split_feature=40 42 24 24 15 15 15 42 15 15
split_gain=1.06572 1.55462 0.887371 0.644404 0.559928 0.869117 0.708361 1.6227 0.888539 0.617794
threshold=0.13713692986903017 0.95000000000000007 1.5842845226535067 0.54065556945542004 12.140052730901747 11.412335315591687 14.563787597959339 0.8500000000000002 16.136299778949013 10.570588883839333
decision_type=2 2 2 2 2 2 2 2 2 2
left_child=4 2 -2 -3 5 9 7 -6 -8 -1
right_child=1 3 -4 -5 6 -7 8 -9 -10 -11
leaf_value=1.1459541171124519e-05 -0.00046229488661565468 0.0012856597838556989 0.00078158953172068795 0.00011808674577509514 0.00025369132439309188 -0.00059141072078411079 -0.00038860271162030998 0.0016103838621966257 0.00025285542141168183 0.00046416082770134353
leaf_weight=16800.37378808856 4214.720618724823 294.06833708286285 235.12654668092728 586.96433436870575 2028.1141681373119 899.42196613550186 1202.8542855083942 433.0791662633419 3008.4701136052608 1302.0841707885265
leaf_count=25404 6394 439 356 843 3063 1344 1754 626 4428 1943
internal_value=1.61114e-05 -0.000240741 -0.000394001 0.00052115 6.98467e-05 1.39309e-05 0.000227533 0.000497593 6.71688e-05 4.46217e-05
internal_weight=31005.3 5330.88 4449.85 881.033 25674.4 19001.9 6672.52 2461.19 4211.32 18102.5
internal_count=46594 8032 6750 1282 38562 28691 9871 3689 6182 27347
is_linear=0
shrinkage=0.02


Tree=359
num_leaves=9
num_cat=0
split_feature=12 42 12 13 50 50 12 12
split_gain=1.31042 0.837794 0.744425 0.7143 0.706481 0.679935 0.663275 0.554514
threshold=19.820744997408365 0.35000000000000003 20.508866821453982 2.4555399228720467 0.092942224754599262 0.057934699579469756 19.556926409661315 17.224103731504627
decision_type=2 2 2 2 2 2 2 2
left_child=1 7 4 6 5 -2 -3 -1
right_child=2 3 -4 -5 -6 -7 -8 -9
leaf_value=0.00037300200638969535 0.00044026947844761196 8.5442528032958083e-05 -0.00030345741164504079 0.0006781093855546328 0.0010480334977631585 -0.0010862354828527795 -0.00047077911561752028 -0.00016798930171962943
leaf_weight=792.40478309988976 1341.4324419796467 12797.546860039234 440.94937238097191 761.02507671713829 834.79450884461403 122.76091375946999 913.58448594808578 13000.779052615166
leaf_count=1202 1975 18902 669 1281 1198 177 1361 19829
internal_value=1.58193e-05 -2.43394e-05 0.000433462 8.15248e-05 0.000579291 0.000304157 4.75885e-05 -0.000136135
internal_weight=31005.3 28265.3 2739.94 14472.2 2298.99 1464.19 13711.1 13793.2
internal_count=46594 42575 4019 21544 3350 2152 20263 21031
is_linear=0
shrinkage=0.02


Tree=360
num_leaves=11
num_cat=0
split_feature=31 1 0 0 0 0 5 5 1 1
split_gain=1.06387 1.17931 1.0722 0.767159 0.730412 0.767065 0.702096 0.623963 0.560532 0.557637
threshold=0.5167749757489225 9.2587500000000009 33.566293438810156 36.026868073257653 19.004712907276517 18.501462852980779 49.273241857724841 49.958810983737671 38.674666666666674 32.051833333333342
decision_type=2 2 2 2 2 2 2 2 2 2
left_child=1 -1 4 9 5 -2 -3 -8 -5 -4
right_child=2 6 3 8 -6 -7 7 -9 -10 -11
leaf_value=0.0014389607342519194 0.00024380585220843781 -7.4870389973821241e-05 0.0018282814673852446 -0.00046422242214825242 0 0.0013453616719617232 -0.0010981600717332211 -0.00015269269162223716 0.00072837971431199879 0.00058989012319132425
leaf_weight=194.25628197193146 2245.7453857064247 12720.598816931248 167.19646799564362 471.0326130092144 11686.154829621315 291.03174802660942 529.65172600746155 650.63690906763077 232.49115663766861 1866.1844145953655
leaf_count=292 3300 19395 234 659 17398 431 825 1026 332 2705
internal_value=3.12505e-05 -9.67311e-05 0.000138203 0.000501138 6.76003e-05 0.000375081 -0.000119115 -0.000586567 -5.49857e-05 0.000698327
internal_weight=31055 14095.1 16959.8 2736.9 14222.9 2536.78 13900.9 1180.29 703.524 2033.38
internal_count=46597 21538 25059 3930 21129 3731 21246 1851 991 2939
is_linear=0
shrinkage=0.02


Tree=361
num_leaves=9
num_cat=0
split_feature=16 5 5 27 3 5 3 5
split_gain=1.0832 0.880679 0.690569 0.601191 0.726282 0.628783 0.545339 0.527778
threshold=17.93000000000001 49.211905013523072 46.151682607071713 0.12382555021018972 31.053214818026728 49.047401646048208 48.729402981623316 49.999882700699111
decision_type=2 2 2 2 2 2 2 2
left_child=1 3 -2 4 -1 -5 -4 -3
right_child=2 7 6 5 -6 -7 -8 -9
leaf_value=-0.000542981858753292 -0.00040304715433779457 -0.00064927307924427067 0.0010008400551168347 0 0.0010674721278934841 0.0010219346179802214 0.00032858990379300485 -1.9679367157460643e-05
leaf_weight=139.61691775918007 372.85732027888298 1300.5129145681858 672.30551669001579 24908.418132632971 439.12732520699501 241.08305993676186 2022.8585337996483 958.20062869787216
leaf_count=224 546 1952 1002 37209 730 376 3095 1463
internal_value=3.06436e-05 -8.12595e-06 0.000387338 2.47625e-05 0.000661213 9.66742e-06 0.000500607 -0.000386861
internal_weight=31055 27987 3068.02 25728.2 578.744 25149.5 2695.16 2258.71
internal_count=46597 41954 4643 38539 954 37585 4097 3415
is_linear=0
shrinkage=0.02


Tree=362
num_leaves=6
num_cat=0
split_feature=16 40 33 40 40
split_gain=1.04042 1.13013 0.639362 0.589669 0.501031
threshold=17.93000000000001 0.13713692986903017 0.35000000000000003 0.41670485567513604 0.31680437376815312
decision_type=2 2 2 2 2
left_child=1 2 -1 4 -3
right_child=-2 3 -4 -5 -6
leaf_value=-5.2812470388210908e-05 0.00037960297364780619 -0.0002731583102493038 0.00015668388477502074 0.00035675347625010621 -0.0009045578578820479
leaf_weight=11867.551411479712 3068.0213707685471 3664.6072532534599 11358.417845785618 490.21110102534294 606.17136725783348
leaf_count=17646 4643 5495 17166 746 901
internal_value=3.00232e-05 -7.96594e-06 4.92137e-05 -0.000288914 -0.000365498
internal_weight=31055 27987 23226 4760.99 4270.78
internal_count=46597 41954 34812 7142 6396
is_linear=0
shrinkage=0.02


Tree=363
num_leaves=8
num_cat=0
split_feature=16 14 40 5 5 1 1
split_gain=0.999277 1.11711 1.08538 0.86215 0.831853 0.573794 1.57516
threshold=17.93000000000001 11.500000000000002 0.13713692986903017 49.211905013523072 49.608217533539431 29.522166666666671 26.391500000000004
decision_type=2 2 2 2 2 2 2
left_child=2 -2 3 -1 -5 6 -4
right_child=1 -3 5 4 -6 -7 -8
leaf_value=8.508115377690757e-05 0.0005319959509488925 -0.00053672482305349995 -0.00036828300989333611 -0.0010200661011934302 -8.6014446343690368e-05 -0.00060347100858842539 0.00068652840087277264
leaf_weight=21316.415972530842 2618.8218329548836 449.19953781366348 2503.3496691286564 543.07341787219048 1366.4798668622971 1531.8036574721336 725.83639493584633
leaf_count=31923 3996 647 3751 835 2054 2289 1102
internal_value=2.94159e-05 0.000372016 -7.80765e-06 4.8221e-05 -0.000357678 -0.000283142 -0.000127816
internal_weight=31055 3068.02 27987 23226 1909.55 4760.99 3229.19
internal_count=46597 4643 41954 34812 2889 7142 4853
is_linear=0
shrinkage=0.02


Tree=364
num_leaves=13
num_cat=0
split_feature=31 0 5 0 40 40 0 0 40 33 5 3
split_gain=1.01563 0.986663 0.746558 0.742439 1.15828 0.728219 0.706816 0.736398 0.687009 0.610941 0.590144 0.505582
threshold=0.5167749757489225 33.566293438810156 49.273241857724841 36.026868073257653 0.16453763641085453 0.41670485567513604 19.004712907276517 18.501462852980779 0.31680437376815312 0.95000000000000007 49.958810983737671 49.32165634515718
decision_type=2 2 2 2 2 2 2 2 2 2 2 2
left_child=2 6 5 11 -5 8 7 -2 -1 10 -4 -3
right_child=1 3 9 4 -6 -7 -8 -9 -10 -11 -12 -13
leaf_value=-4.9331117080129499e-05 0.00023928640020093873 0.00094900640106265939 -0.0012499254973521363 0.00028106064569842037 -0.0018899723148925449 0.0010718898080074265 0 0.0013188796943613829 -0.0010631060703787214 0.00076027510051067339 -0.0002768885299240559 0.00028896866804064712
leaf_weight=12417.100864320993 2245.7453857064247 1174.1591444909573 486.8524711728096 588.01582959294319 115.50794005393982 223.74581533670425 11686.154829621315 291.03174802660942 272.73734939098358 114.27911514043808 580.42811861634254 859.22173810005188
leaf_count=18918 3300 1674 759 829 162 352 17398 431 415 170 924 1265
internal_value=2.88066e-05 0.000133316 -9.62352e-05 0.000481503 -6.55634e-05 -5.13139e-05 6.55535e-05 0.000368023 -7.20718e-05 -0.000577827 -0.00073161 0.000675573
internal_weight=31055 16959.8 14095.1 2736.9 703.524 12913.6 14222.9 2536.78 12689.8 1181.56 1067.28 2033.38
internal_count=46597 25059 21538 3930 991 19685 21129 3731 19333 1853 1683 2939
is_linear=0
shrinkage=0.02


Tree=365
num_leaves=12
num_cat=0
split_feature=32 5 24 22 3 37 5 22 22 3 3
split_gain=1.07702 1.05762 1.14985 0.80775 0.807424 0.793507 1.29655 0.589353 0.583838 0.528338 0.645301
threshold=1.0500000000000003 45.375260401103581 1.7090904247144743 0.5988882454887402 49.829679276112891 0.48069069918955559 48.018009771187579 0.70375623672633758 2.6917972166760458 23.638224730503765 25.747652862367932
decision_type=2 2 2 2 2 2 2 2 2 2 2
left_child=3 2 -2 9 7 -3 -7 -5 -6 -1 -11
right_child=1 5 -4 4 8 6 -8 -9 -10 10 -12
leaf_value=0.0008900343183346265 7.5804940356492497e-05 -0.00021630697518493398 -0.0016274039002496269 -0.00070401593943266317 0.0013327631628977567 -0.00207333654265816 -0.00051766039071567474 -8.216619408854138e-05 -0.0005314258309513729 -0.00064799291881119511 0.00015139405070241073
leaf_weight=378.01581525802612 3590.9641444981098 1668.0998845398426 163.86860227584839 672.54759183526039 256.56328561902046 289.88039487600327 931.13027536869049 7197.6414489448071 80.656097084283829 408.55149355530739 15419.44172257185
leaf_count=582 5377 2508 221 1003 450 422 1337 10780 150 620 23197
internal_value=4.63918e-06 -0.000220742 0 6.63976e-05 -9.44991e-05 -0.00050827 -0.000897957 -0.000136742 0.000856903 0.000148501 0.000130049
internal_weight=31057.4 6643.94 3754.83 24413.4 8207.41 2889.11 1221.01 7870.19 337.219 16206 15828
internal_count=46647 9865 5598 36782 12383 4267 1759 11783 600 24399 23817
is_linear=0
shrinkage=0.02


Tree=366
num_leaves=8
num_cat=0
split_feature=27 23 37 23 23 37 37
split_gain=0.824881 0.717315 0.571921 1.05752 1.39958 0.821529 0.542088
threshold=1.9881855510444739 1.0096067237390323 0.72794008936786114 0.67067179070284089 0.41023720706137856 0.86201331970811312 0.62941707175824668
decision_type=2 2 2 2 2 2 2
left_child=2 -2 6 4 -4 -5 -1
right_child=1 -3 3 5 -6 -7 -8
leaf_value=3.8159068782584356e-05 0.00012173873753893537 -0.0013626685140600953 -0.0010576347849473476 -0.0006362466136372089 0.00095849815021948454 -9.6650726619869082e-05 0.00040532261946654659
leaf_weight=21774.734153181314 197.29876834154129 323.4485542178154 168.49579653143883 1512.9265058338642 651.79312473535538 4682.4880074262619 1746.1758461594582
leaf_count=32907 274 464 251 2221 944 6970 2616
internal_value=4.50911e-06 -0.000782818 1.83134e-05 -0.000139688 0.000530637 -0.000230197 6.58743e-05
internal_weight=31057.4 520.747 30536.6 7015.7 820.289 6195.41 23520.9
internal_count=46647 738 45909 10386 1195 9191 35523
is_linear=0
shrinkage=0.02


Tree=367
num_leaves=9
num_cat=0
split_feature=32 5 24 22 16 5 5 22
split_gain=1.03113 1.0139 1.09518 0.769998 0.949637 0.688863 1.19492 0.633716
threshold=1.0500000000000003 45.375260401103581 1.7090904247144743 0.5988882454887402 3.8000000000000012 47.793724775764922 47.466124579491712 0.70375623672633758
decision_type=2 2 2 2 2 2 2 2
left_child=3 2 -2 4 -1 6 -3 -5
right_child=1 5 -4 7 -6 -7 -8 -9
leaf_value=-0.00017489448473929749 7.4002884272478511e-05 -0.00066131916911050203 -0.0015882218583441849 -0.00067270405829843172 0.00021817461236567923 -0.0003179253847745147 -0.002960146877350146 -3.7533498232144745e-05
leaf_weight=2990.4326566159725 3590.9641444981098 576.37307059764862 163.86860227584839 689.04980364441872 13215.576374769211 2201.3204073905945 111.41707679629326 7518.358619838953
leaf_count=4533 5377 852 221 1034 19866 3256 159 11349
internal_value=4.41039e-06 -0.000216111 0 6.4846e-05 0.000145013 -0.000497633 -0.00105571 -9.2228e-05
internal_weight=31057.4 6643.94 3754.83 24413.4 16206 2889.11 687.79 8207.41
internal_count=46647 9865 5598 36782 24399 4267 1011 12383
is_linear=0
shrinkage=0.02


Tree=368
num_leaves=9
num_cat=0
split_feature=27 23 12 23 23 23 23 18
split_gain=0.77723 0.689898 0.681044 0.764922 0.539473 0.534339 1.14313 0.504707
threshold=1.9881855510444739 1.0096067237390323 19.688574726264992 1.4049815265743468 1.0941198068228046 0.50326374458594436 0.41023720706137856 2.6491982033386896
decision_type=2 2 2 2 2 2 2 2
left_child=2 -2 3 4 -1 6 -4 -5
right_child=1 -3 5 7 -6 -7 -8 -9
leaf_value=3.9829918417832211e-06 0.00012644644645012871 -0.0013288393558755587 0.00016570989815154106 0.00022345316341367626 -0.00020891266281329802 0.0001939959273671573 0.0026438464233173777 0.0013451957674485513
leaf_weight=17823.296869039536 197.29876834154129 323.4485542178154 231.16085147857666 2582.5917936265469 6451.2622629404068 3158.2903976738453 115.41369703412056 174.59756207466125
leaf_count=26537 274 464 343 4140 9757 4687 166 279
internal_value=4.27566e-06 -0.000759962 1.76847e-05 -1.59829e-05 -5.21973e-05 0.000280063 0.00103008 0.000299035
internal_weight=31057.4 520.747 30536.6 27031.7 24274.6 3504.86 346.575 2757.19
internal_count=46647 738 45909 40713 36294 5196 509 4419
is_linear=0
shrinkage=0.02


Tree=369
num_leaves=7
num_cat=0
split_feature=27 12 22 3 3 22
split_gain=0.745951 0.654653 0.688559 0.62622 0.612178 0.524079
threshold=1.9881855510444739 19.688574726264992 -2.664934131621802 23.638224730503765 24.167767340255583 -1.5188647598179255
decision_type=2 2 2 2 2 2
left_child=1 3 -3 -1 -5 -4
right_child=-2 2 5 4 -6 -7
leaf_value=0.00064663461846689184 -0.00074447242643562882 0.0018102278855408474 -0.00047903149685813421 -0.00150797475543019 -2.3321773234349572e-05 0.00030855785425749254
leaf_weight=555.98572710156441 520.74732255935669 112.82734131813049 369.66092821955681 109.83657655119896 26365.926184028387 3022.3766766488552
leaf_count=869 738 164 537 171 39673 4495
internal_value=4.21998e-06 1.7363e-05 0.00027461 -1.5639e-05 -2.99721e-05 0.000219549
internal_weight=31057.4 30536.6 3504.86 27031.7 26475.8 3392.04
internal_count=46647 45909 5196 40713 39844 5032
is_linear=0
shrinkage=0.02


Tree=370
num_leaves=13
num_cat=0
split_feature=41 7 41 36 41 30 50 19 22 41 22 30
split_gain=0.952219 2.09097 2.84474 1.39754 1.08918 1.2283 1.01382 0.992603 0.934872 0.737335 0.814829 0.780873
threshold=0.86488722799420992 1.0000000180025095e-35 1.1558903086970607 1.7071428571428573 1.1318661284190401 -0.13205909307342903 0.13920926438467163 2.5078889491783536 1.3030850875895996 0.52414865371678709 -2.0791587662780406 -0.15654265526375197
decision_type=2 2 2 2 2 2 2 2 2 2 2 2
left_child=8 2 7 -4 6 -6 -3 -2 9 11 -11 -1
right_child=1 4 3 -5 5 -7 -8 -9 -10 10 -12 -13
leaf_value=0.00027239494303814467 -0.0015691784338627902 0.00022060135116884727 -8.0633306783351596e-05 -0.001974247945329864 -0.00086417058350420908 0.00012794067210754773 0.001608977353413763 0.00077568460253521769 -0.00026154250557067091 0.0022029059260472161 0.00037247120770798789 -3.1758546397939545e-05
leaf_weight=4446.1027368307114 1060.5114333927631 726.86507394909859 2438.7003571093082 165.8644811809063 661.56131738424301 1974.2179221212864 307.90874540805817 70.40781956911087 3963.9802130758762 107.8150600194931 1198.39509126544 13857.923526614904
leaf_count=6672 1523 1048 3656 258 982 2975 448 106 6061 155 1744 20864
internal_value=-4.38076e-05 -0.000241694 -0.000575069 -0.000206482 9.49839e-05 -0.000117747 0.000645681 -0.00141326 1.79512e-05 7.49784e-05 0.000534337 4.15967e-05
internal_weight=30980.3 7406.04 3735.48 2604.56 3670.55 2635.78 1034.77 1130.92 23574.2 19610.2 1306.21 18304
internal_count=46492 10996 5543 3914 5453 3957 1496 1629 35496 29435 1899 27536
is_linear=0
shrinkage=0.02


Tree=371
num_leaves=11
num_cat=0
split_feature=36 7 2 19 2 2 2 2 2 2
split_gain=0.752285 3.43619 2.35148 1.16451 0.716592 0.858255 0.530436 0.702372 0.798469 0.621405
threshold=0.88194444444444453 1.0000000180025095e-35 36.460916666666677 -0.90235073213162109 37.356083333333338 35.934250000000006 26.667250000000006 22.499583333333337 21.764166666666672 27.223000000000006
decision_type=2 2 2 2 2 2 2 2 2 2
left_child=6 4 3 -3 5 -2 7 8 -1 -8
right_child=1 2 -4 -5 -6 -7 9 -9 -10 -11
leaf_value=-3.5034807756229224e-05 -0.00071878010546093114 -0.00040973876622499685 -0.0023685251123221869 0.00060979095677509028 0.0011449847819684522 -0.0024186543060093256 0.00072874346858967456 -0.00029110733130958375 0.00065892749540669409 6.9417504130326571e-05
leaf_weight=9356.7233266234398 2574.1574681699276 562.12770515680313 127.73740193247795 2018.44390848279 71.643656671047211 129.16874977946281 608.19024166464806 4309.7076479196548 711.13124570250511 10511.222425818443
leaf_count=14098 3795 809 194 3011 104 191 889 6409 1076 15916
internal_value=-4.29175e-05 -0.000255412 0.000248539 0.000383689 -0.000750682 -0.000805427 2.40499e-06 -7.74119e-05 1.31105e-05 0.000106504
internal_weight=30980.3 5483.28 2708.31 2580.57 2774.97 2703.33 25497 14377.6 10067.9 11119.4
internal_count=46492 8104 4014 3820 4090 3986 38388 21583 15174 16805
is_linear=0
shrinkage=0.02


Tree=372
num_leaves=13
num_cat=0
split_feature=41 7 41 36 50 50 19 36 36 30 30 35
split_gain=0.905869 1.95352 2.69929 1.33066 1.05621 1.03599 0.954279 0.951444 0.89141 0.764957 0.879942 0.597511
threshold=0.86488722799420992 1.0000000180025095e-35 1.1558903086970607 1.8166666666666669 0.11518196720254091 -0.20773769238109616 2.5078889491783536 1.1180555555555558 2.5277777777777781 -0.15654265526375197 -0.16755110295472997 1.6333333333333335
decision_type=2 2 2 2 2 2 2 2 2 2 2 2
left_child=8 2 6 -4 5 -3 -2 -6 9 10 -1 -11
right_child=1 4 3 -5 7 -7 -8 -9 -10 11 -12 -13
leaf_value=0.00014867116601017025 -0.0015268114197747526 0.00047671640194177177 -8.5749149863469028e-05 -0.0020900186855049435 0.00025333826534924489 -0.00042097305908672591 0.00077114907704820001 0.0015949410442274558 0.0020595613114767898 -3.7580271737428812e-05 0.0011451538956421261 -0.0011651172986035887
leaf_weight=4785.2084544599056 1060.5114333927631 726.28217798471451 2465.433703571558 139.13113471865654 958.42778062820435 1705.7567983865738 70.40781956911087 280.08630186319351 83.30328494310379 18130.733736932278 386.20709604024887 188.76405543088913
leaf_count=7213 1523 1084 3698 216 1436 2508 106 425 125 27303 566 289
internal_value=-4.2063e-05 -0.000235079 -0.000557317 -0.000198172 9.02611e-05 -0.000148615 -0.00137381 0.000566881 1.81653e-05 1.03257e-05 0.000225437 -4.98701e-05
internal_weight=30980.3 7406.04 3735.48 2604.56 3670.55 2432.04 1130.92 1238.51 23574.2 23490.9 5171.42 18319.5
internal_count=46492 10996 5543 3914 5453 3592 1629 1861 35496 35371 7779 27592
is_linear=0
shrinkage=0.02


Tree=373
num_leaves=6
num_cat=0
split_feature=37 7 30 30 30
split_gain=1.04679 3.39432 0.833629 0.750783 0.644882
threshold=0.79133505835399198 1.0000000180025095e-35 -0.317499458468877 -0.26798227164214156 0.15833927152149488
decision_type=2 2 2 2 2
left_child=4 -2 -3 -4 -1
right_child=1 2 3 -5 -6
leaf_value=6.9429912937015565e-05 -0.00074329520980469851 -0.0011695706330568068 0.0021367547211565275 0.00021249904765539059 -0.00018106822237328647
leaf_weight=19593.009688913822 3091.5922031104565 165.76017001271248 83.061733573675156 2855.1353850960732 5191.6945972144604
leaf_count=29580 4554 241 124 4211 7782
internal_value=-4.12074e-05 -0.00027378 0.000190823 0.000271715 1.65438e-05
internal_weight=30980.3 6195.55 3103.96 2938.2 24784.7
internal_count=46492 9130 4576 4335 37362
is_linear=0
shrinkage=0.02


Tree=374
num_leaves=6
num_cat=0
split_feature=37 21 41 41 50
split_gain=1.00507 1.10677 0.911589 1.68199 0.970451
threshold=0.79133505835399198 0.69284489500160673 0.86488722799420992 0.43696261979674517 0.10998464248663636
decision_type=2 2 2 2 2
left_child=-1 -2 3 -3 -4
right_child=1 2 4 -5 -6
leaf_value=1.6204692361258839e-05 0.001447338087339597 -0.00076833348975217063 -0.00074107266225558995 0.00038313023921845562 -6.1062739146943446e-05
leaf_weight=24784.704286128283 142.90037968754768 754.96414291858673 2425.2690332829952 1537.1808829605579 1335.2350529432297
leaf_count=37362 221 1121 3564 2243 1981
internal_value=-4.03764e-05 -0.000268269 -0.00031089 0 -0.000502441
internal_weight=30980.3 6195.55 6052.65 2292.15 3760.5
internal_count=46492 9130 8909 3364 5545
is_linear=0
shrinkage=0.02


Tree=375
num_leaves=9
num_cat=0
split_feature=17 20 18 18 20 4 32 32
split_gain=0.774503 0.673035 0.880574 1.17234 0.650959 0.641807 0.625109 0.505846
threshold=0.70465107738984312 -2.5156136403670479 2.6491982033386896 1.8562233926214071 -2.210965307362494 17.808333667611276 0.95000000000000007 0.15000000000000005
decision_type=2 2 2 2 2 2 2 2
left_child=5 2 3 -2 6 -1 -3 -6
right_child=1 4 -4 -5 7 -7 -8 -9
leaf_value=-0.00034529689963063847 6.1809838995901986e-05 -0.0003138799584573354 -0.0017338786050587174 0.0010152091517533943 0.00032434188250114347 0.00071946639738910067 -0.0017644991801163985 -8.9244567910567681e-05
leaf_weight=283.92816752195358 2151.060939759016 476.4341746866703 84.869221687316895 688.07111915946007 1230.6864919662476 926.70163288712502 169.03732785582542 25019.061728775501
leaf_count=439 3320 723 116 1036 1930 1404 260 37402
internal_value=-3.32781e-05 -5.37242e-05 0.000233433 0.00029694 -8.53303e-05 0.000461344 -0.000713493 -6.94499e-05
internal_weight=31029.9 29819.2 2924 2839.13 26895.2 1210.63 645.472 26249.7
internal_count=46630 44787 4472 4356 40315 1843 983 39332
is_linear=0
shrinkage=0.02


Tree=376
num_leaves=5
num_cat=0
split_feature=24 5 5 1
split_gain=0.984811 0.836918 0.529403 0.525736
threshold=0.068587426900460255 26.621444913585755 26.149838106423982 10.773750000000001
decision_type=2 2 2 2
left_child=-1 2 -2 -3
right_child=1 3 -4 -5
leaf_value=0.0017355384892264664 0.00022195854327477249 0.00060116350466001185 0.0012570625590322734 -8.0667282063775947e-05
leaf_weight=123.23867771029472 2011.4639989435673 454.64729306101799 224.98531866073608 28215.5155159235
leaf_count=257 3069 676 342 42286
internal_value=-3.26153e-05 -4.01011e-05 0.000331587 -6.9465e-05
internal_weight=31029.9 30906.6 2236.45 28670.2
internal_count=46630 46373 3411 42962
is_linear=0
shrinkage=0.02


Tree=377
num_leaves=4
num_cat=0
split_feature=24 5 5
split_gain=0.946421 0.804255 0.508337
threshold=0.068587426900460255 26.621444913585755 26.149838106423982
decision_type=2 2 2
left_child=-1 2 -2
right_child=1 -3 -4
leaf_value=0.0017013820253980411 0.00021752376679102351 -6.806795805874796e-05 0.0012321428630922189
leaf_weight=123.23867771029472 2011.4639989435673 28670.162808984518 224.98531866073608
leaf_count=257 3069 42962 342
internal_value=-3.19324e-05 -3.92771e-05 0.000325071
internal_weight=31029.9 30906.6 2236.45
internal_count=46630 46373 3411
is_linear=0
shrinkage=0.02


Tree=378
num_leaves=6
num_cat=0
split_feature=5 1 32 5 32
split_gain=0.764929 0.629741 0.6743 0.505187 0.503648
threshold=26.621444913585755 10.366166666666668 0.55000000000000016 26.149838106423982 0.15000000000000005
decision_type=2 2 2 2 2
left_child=3 2 -2 -1 -3
right_child=1 4 -4 -5 -6
leaf_value=0.00021577658855743951 0.0015060163404034472 0.00030775963127457006 -0.00012108924625289846 0.001221079605893745 -8.9519365613945513e-05
leaf_weight=2020.6207945048809 209.14191722869873 1327.7910625338554 176.18706703186035 227.97987812757492 27068.130084872246
leaf_count=3087 323 2081 262 349 40528
internal_value=-3.12705e-05 -5.93275e-05 0.00073944 0.000323139 -7.05701e-05
internal_weight=31029.9 28781.3 385.329 2248.6 28395.9
internal_count=46630 43194 585 3436 42609
is_linear=0
shrinkage=0.02


Tree=379
num_leaves=4
num_cat=0
split_feature=24 5 2
split_gain=0.906525 0.743007 0.611006
threshold=0.068587426900460255 26.621444913585755 11.286964285714287
decision_type=2 2 2
left_child=-1 -2 -3
right_child=1 2 -4
leaf_value=0.0016657568378696055 0.0003123521667760331 0.00073076083148903334 -7.6487659678131742e-05
leaf_weight=123.23867771029472 2236.4493176043034 376.03337037563324 28294.129438608885
leaf_count=257 3411 551 42411
internal_value=-3.06218e-05 -3.78169e-05 -6.55009e-05
internal_weight=31029.9 30906.6 28670.2
internal_count=46630 46373 42962
is_linear=0
shrinkage=0.02


Tree=380
num_leaves=5
num_cat=0
split_feature=1 49 23 23
split_gain=0.790322 0.630774 0.729102 0.524358
threshold=9.2587500000000009 1.7500000000000002 1.4049815265743468 0.71257589104900754
decision_type=2 2 2 2
left_child=-1 -2 3 -3
right_child=1 2 -4 -5
leaf_value=0.0011279915665799892 5.8536630425424432e-05 -0.00057575335817879232 0.00051599221537405632 -0.00012380634648485823
leaf_weight=249.53262084722519 22224.668028533459 1236.316119402647 612.99524363875389 6744.9541900455952
leaf_count=368 33310 1809 1063 10147
internal_value=1.13887e-05 1.95084e-06 -0.000143196 -0.000195193
internal_weight=31068.5 30818.9 8594.27 7981.27
internal_count=46697 46329 13019 11956
is_linear=0
shrinkage=0.02


Tree=381
num_leaves=9
num_cat=0
split_feature=46 23 33 23 23 23 23 23
split_gain=0.85992 0.941299 0.800155 0.800269 1.10262 0.641033 0.987628 0.560047
threshold=1.5857142857142861 0.71257589104900754 0.75000000000000011 0.52834637265368023 0.62345001374857512 1.4049815265743468 1.2396877111367715 0.49424430750203102
decision_type=2 2 2 2 2 2 2 2
left_child=2 -2 -1 7 -5 6 -3 -4
right_child=1 5 3 4 -6 -7 -8 -9
leaf_value=2.5225286011477936e-05 -0.00056951045312278426 -1.7492768851610129e-05 -8.9108202788643341e-05 0.0018250196107939881 0.00035563462687451558 0.00048213870439331875 -0.00065209960146099825 -0.0020032689003528716
leaf_weight=16056.421510130167 1662.5221061706543 7360.5994690656662 461.62145215272903 220.77432015538216 3285.2379460632801 813.52959477901459 1136.6172394454479 71.142564505338669
leaf_count=24020 2440 10959 723 332 4986 1379 1753 105
internal_value=1.11622e-05 -0.000130844 8.92097e-05 0.000340971 0.000452 -5.13367e-05 -0.00010369 -0.000369951
internal_weight=31068.5 10973.3 20095.2 4038.78 3506.01 9310.75 8497.22 532.764
internal_count=46697 16531 30166 6146 5318 14091 12712 828
is_linear=0
shrinkage=0.02


Tree=382
num_leaves=7
num_cat=0
split_feature=46 1 1 1 24 24
split_gain=0.82604 0.985292 0.767727 0.824846 0.582689 0.540028
threshold=1.5857142857142861 20.469000000000005 9.2587500000000009 25.819833333333339 0.54829525894799136 0.85821986818972518
decision_type=2 2 2 2 2 2
left_child=2 -2 4 5 -1 -4
right_child=1 -3 3 -5 -6 -7
leaf_value=0.0017993164504056811 -0.00093562897946277703 -8.2605036051787043e-05 -8.3789968264071305e-05 0.00025375705060239962 -0.00026581690668815993 0.00023401537309392168
leaf_weight=178.02341356873512 573.34151810407639 10399.926891356707 10469.126525163651 6701.6269617676735 66.553250670433044 2679.8676418364048
leaf_count=264 853 15678 15767 10070 97 3968
internal_value=1.09253e-05 -0.000128248 8.74257e-05 7.31045e-05 0.00119921 -1.82326e-05
internal_weight=31068.5 10973.3 20095.2 19850.6 244.577 13149
internal_count=46697 16531 30166 29805 361 19735
is_linear=0
shrinkage=0.02


Tree=383
num_leaves=3
num_cat=0
split_feature=24 49
split_gain=0.696439 0.634598
threshold=0.068587426900460255 1.7500000000000002
decision_type=2 2
left_child=-1 -2
right_child=1 -3
leaf_value=0.0014743257757314204 6.0669530108630804e-05 -0.00014159519760496343
leaf_weight=127.53980249166489 22359.639978855848 8581.2864211201668
leaf_count=263 33444 12990
internal_value=1.06951e-05 4.24388e-06
internal_weight=31068.5 30940.9
internal_count=46697 46434
is_linear=0
shrinkage=0.02


Tree=384
num_leaves=9
num_cat=0
split_feature=33 46 0 0 1 47 46 47
split_gain=0.779388 1.31274 1.33633 1.2735 1.20215 0.997163 0.981859 0.852565
threshold=0.75000000000000011 3.8452380952380958 34.341838185687912 35.695145843750716 9.2587500000000009 3.5216972280875196 0.31666666666666671 3.0569966308538228
decision_type=2 2 2 2 2 2 2 2
left_child=4 2 6 -4 -1 7 -2 -6
right_child=1 -3 3 -5 5 -7 -8 -9
leaf_value=0.0014362251845022702 -0.00096960783820733616 0.0025188808410244669 -0.0015901390200473659 0.00046508993294319369 -5.3073725830806555e-05 -0.00080080778172979142 0.00031593457862692749 0.00063026592899334045
leaf_weight=216.30082750320435 243.08377778530121 95.548955082893372 315.09918430447578 183.46160963177681 23097.829755306244 692.6965419948101 5473.7049374878407 750.7406133711338
leaf_count=318 363 135 440 253 34704 1014 8306 1164
internal_value=1.0483e-05 0.000209107 0.000171191 -0.000815037 -3.97566e-05 -5.3289e-05 0.000259203 -3.10922e-05
internal_weight=31068.5 6310.9 6215.35 498.561 24757.6 24541.3 5716.79 23848.6
internal_count=46697 9497 9362 693 37200 36882 8669 35868
is_linear=0
shrinkage=0.02


Tree=385
num_leaves=5
num_cat=0
split_feature=16 12 12 16
split_gain=1.0372 0.916728 1.35992 0.612462
threshold=2.3633333333333342 16.642802263935025 16.720772573750228 15.200000000000005
decision_type=2 2 2 2
left_child=-1 -2 -3 -4
right_child=1 2 3 -5
leaf_value=-0.00055991467364228411 0.00090843249292884263 -0.0021428650061407098 -3.463422371502244e-05 0.00020314025682199321
leaf_weight=1316.768296957016 448.53116571903229 116.05548548698425 23954.36641728878 5283.7496074140072
leaf_count=1999 676 173 35992 7894
internal_value=-1.08626e-05 1.30965e-05 -3.04488e-07 8.00402e-06
internal_weight=31119.5 29802.7 29354.2 29238.1
internal_count=46734 44735 44059 43886
is_linear=0
shrinkage=0.02


Tree=386
num_leaves=7
num_cat=0
split_feature=15 42 23 23 23 19
split_gain=0.939731 0.893327 0.859269 0.663218 2.43821 0.649363
threshold=10.336748983682781 0.95000000000000007 0.73668356075679198 1.0532972530452873 0.94442762001112734 2.8299536184640961
decision_type=2 2 2 2 2 2
left_child=5 2 -2 4 -3 -1
right_child=1 3 -4 -5 -6 -7
leaf_value=-0.00012688023673889344 -0.00041627026303997971 0.00091668802847743214 0.00013123310882162269 0.0010143574019326493 -0.0011275983589065877 0.00032896374421771457
leaf_weight=18240.619678527117 1318.8701885342598 677.77815610170364 8476.7331956028938 724.94020527601242 351.06251266598701 1329.4670361578465
leaf_count=27545 1946 962 12661 1047 493 2080
internal_value=-1.06474e-05 0.000132041 5.64272e-05 0.000548137 0.000208598 -9.53717e-05
internal_weight=31119.5 11549.4 9795.6 1753.78 1028.84 19570.1
internal_count=46734 17109 14607 2502 1455 29625
is_linear=0
shrinkage=0.02


Tree=387
num_leaves=7
num_cat=0
split_feature=15 42 23 23 23 19
split_gain=0.902456 0.857965 0.825338 0.636857 2.34229 0.623769
threshold=10.336748983682781 0.95000000000000007 0.73668356075679198 1.0532972530452873 0.94442762001112734 2.8299536184640961
decision_type=2 2 2 2 2 2
left_child=5 2 -2 4 -3 -1
right_child=1 3 -4 -5 -6 -7
leaf_value=-0.00012434291002258794 -0.00040795748615633928 0.00089840820552074523 0.00012860905863753413 0.00099412608549413794 -0.001105174108887673 0.00032239434979527786
leaf_weight=18240.619678527117 1318.8701885342598 677.77815610170364 8476.7331956028938 724.94020527601242 351.06251266598701 1329.4670361578465
leaf_count=27545 1946 962 12661 1047 493 2080
internal_value=-1.04207e-05 0.000129402 5.52771e-05 0.000537193 0.000204224 -9.34537e-05
internal_weight=31119.5 11549.4 9795.6 1753.78 1028.84 19570.1
internal_count=46734 17109 14607 2502 1455 29625
is_linear=0
shrinkage=0.02


Tree=388
num_leaves=10
num_cat=0
split_feature=16 19 15 16 15 47 19 19 19
split_gain=0.980401 0.617257 1.27015 1.01128 0.715008 0.899884 0.583324 0.548025 0.531105
threshold=2.3633333333333342 2.8299536184640961 7.1628611000539575 13.980000000000004 10.336748983682781 1.6072354561683408 -1.701456812346138 -3.8106788715810374 -4.5348623010301585
decision_type=2 2 2 2 2 2 2 2 2
left_child=6 4 -3 -4 8 -6 7 -1 -2
right_child=1 2 3 -5 5 -7 -8 -9 -10
leaf_value=-0.0014147196261351592 0.0013271483853488978 0.00090999894604624999 -0.00087427822776716963 0.00062582482268906203 0.00036154535039252365 -1.3408197302187559e-05 -0.00085961493825778069 0.00033639841627200381 -9.9973508898890855e-05
leaf_weight=85.394538313150406 102.06227144598961 873.51613426208496 410.35153692960739 310.70156648755074 3879.1097276508808 7382.9864772260189 841.94493800401688 389.42882063984871 16843.974961906672
leaf_count=130 140 1349 667 509 5702 10927 1279 590 25441
internal_value=-1.01985e-05 1.30865e-05 0.000395789 -0.000214111 -8.21929e-06 0.000114894 -0.000544016 0 -9.06326e-05
internal_weight=31119.5 29802.7 1594.57 721.053 28208.1 11262.1 1316.77 474.823 16946
internal_count=46734 44735 2525 1176 42210 16629 1999 720 25581
is_linear=0
shrinkage=0.02


Tree=389
num_leaves=7
num_cat=0
split_feature=42 19 23 23 19 34
split_gain=0.702568 0.608695 0.75569 0.719493 0.688014 0.670063
threshold=2.4500000000000006 2.8299536184640961 2.0260352104853125 0.97049307537353047 2.6225974476793152 0.18480821297272393
decision_type=2 2 2 2 2 2
left_child=1 4 3 -3 5 -1
right_child=-2 2 -4 -5 -6 -7
leaf_value=-0.00021043754686693862 0.0019933528916614195 0.0010680237788437657 0.0016493646140460594 -1.450177710965472e-05 -0.00090456170040726931 2.4555528225554434e-05
leaf_weight=6139.3430441319942 67.792923271656036 305.03381559252739 164.17664366960526 1141.8558333218098 358.85444313287735 22942.41426974535
leaf_count=9551 91 503 267 1780 552 33990
internal_value=-9.98773e-06 -1.48116e-05 0.000362922 0.000207974 -3.58451e-05 -2.47202e-05
internal_weight=31119.5 31051.7 1611.07 1446.89 29440.6 29081.8
internal_count=46734 46643 2550 2283 44093 43541
is_linear=0
shrinkage=0.02


Tree=390
num_leaves=6
num_cat=0
split_feature=50 20 3 3 3
split_gain=0.842677 0.576726 0.709928 1.11368 0.609591
threshold=-0.81126268490451781 -2.5156136403670479 30.354715890312711 32.541563917973974 49.999991701188783
decision_type=2 2 2 2 2
left_child=-1 2 -2 -4 -3
right_child=1 4 3 -5 -6
leaf_value=-0.0016216377671868726 -0.00034532445371702287 -4.5220171923232294e-05 0.0013625367190203039 0.00021177200075073817 0.00082650216627675312
leaf_weight=127.31907495856285 663.20472311973572 27187.303173154593 394.66818234324455 2490.8780673742294 321.77786767482758
leaf_count=194 989 40473 573 3859 695
internal_value=-1.03544e-05 -3.32315e-06 0.000236199 0.000373465 -3.46007e-05
internal_weight=31185.2 31057.8 3548.75 2885.55 27509.1
internal_count=46783 46589 5421 4432 41168
is_linear=0
shrinkage=0.02


Tree=391
num_leaves=8
num_cat=0
split_feature=34 15 20 35 34 34 34
split_gain=0.981081 1.03823 0.661271 0.908396 0.860687 0.824996 0.609182
threshold=1.5241515419650449 9.0162885968810986 -2.5156136403670479 0.63333333333333341 0.41973349560240114 0.44406626250996234 0.32564639067976248
decision_type=2 2 2 2 2 2 2
left_child=2 -2 4 -4 6 -6 -1
right_child=1 -3 3 -5 5 -7 -8
leaf_value=0.00013202042713203894 -0.0010749022373587637 0.00077056349415393483 -8.0129427028550561e-07 -0.00027544424253811455 0.0026923566729043984 0.00048388725212364511 -0.00074100162185379863
leaf_weight=1681.8661712408066 131.99798783659935 1048.8675970733166 20169.885625422001 6357.3823202252388 72.197864264249802 1331.546000957489 391.40752160549164
leaf_count=2625 238 1555 30292 9392 107 2001 573
internal_value=-1.01404e-05 0.000554353 -3.27257e-05 -6.70135e-05 0.00022588 0.000608257 -2.85316e-05
internal_weight=31185.2 1180.87 30004.3 26527.3 3477.02 1403.74 2073.27
internal_count=46783 1793 44990 39684 5306 2108 3198
is_linear=0
shrinkage=0.02


Tree=392
num_leaves=3
num_cat=0
split_feature=50 3
split_gain=0.81108 0.539379
threshold=-0.81126268490451781 49.999991701188783
decision_type=2 2
left_child=-1 -2
right_child=1 -3
leaf_value=-0.001590706474698819 -1.1898502942032956e-05 0.00080857531863869807
leaf_weight=127.31907495856285 30736.054145991802 321.77786767482758
leaf_count=194 45894 695
internal_value=-9.92866e-06 -3.02442e-06
internal_weight=31185.2 31057.8
internal_count=46783 46589
is_linear=0
shrinkage=0.02


Tree=393
num_leaves=7
num_cat=0
split_feature=34 15 50 50 50 34
split_gain=0.939392 0.99702 0.967844 0.905011 0.800605 0.57723
threshold=1.5241515419650449 9.0162885968810986 0.0074288363090701014 0.084918385879164213 -0.81126268490451781 0.82036025028862303
decision_type=2 2 2 2 2 2
left_child=4 -2 -3 -4 -1 -6
right_child=1 2 3 -5 5 -7
leaf_value=-0.001639388284337634 -0.0010533601360515218 0.0013342774512743363 -0.0013870977792026973 0.00059035988161708136 9.3000297238776517e-06 -0.00024872541343178977
leaf_weight=121.60511311888695 131.99798783659935 549.03893858194351 119.20139735937119 380.62726113200188 25890.28335365653 3992.3970369398594
leaf_count=184 238 806 180 569 38923 5883
internal_value=-9.73111e-06 0.000542632 0.000754623 9.5191e-05 -3.18382e-05 -2.48525e-05
internal_weight=31185.2 1180.87 1048.87 499.829 30004.3 29882.7
internal_count=46783 1793 1555 749 44990 44806
is_linear=0
shrinkage=0.02


Tree=394
num_leaves=9
num_cat=0
split_feature=34 30 30 15 15 30 34 34
split_gain=0.901613 1.18479 1.70694 1.1169 1.01984 0.776174 0.875078 0.736075
threshold=1.5241515419650449 0.010078117335893002 -0.20347132772145338 12.478193690245275 9.2668862493224236 0.33628485884184256 0.18991198126178319 0.82036025028862303
decision_type=2 2 2 2 2 2 2 2
left_child=5 2 -2 -3 -4 7 -7 -1
right_child=1 3 4 -5 -6 6 -8 -9
leaf_value=-1.7206915716274798e-05 -0.00063993242082060391 -0.0012017454336425745 -0.00045778670606196102 0.00060413781997076417 0.0021146839332597347 -0.00045782084353068845 0.00058578983609944301 -0.00031830572668823667
leaf_weight=24355.080616474152 154.21705660223961 229.33203890919685 64.722625762224197 329.23479929566383 403.35906434059143 397.27230817079544 1489.6396115422249 3762.2929675281048
leaf_count=36640 239 363 110 483 598 627 2176 5547
internal_value=-9.53956e-06 0.000531592 0.00113198 -0.000121111 0.00173728 -3.12039e-05 0.000360521 -5.78714e-05
internal_weight=31185.2 1180.87 622.299 558.567 468.082 30004.3 1886.91 28117.4
internal_count=46783 1793 947 846 708 44990 2803 42187
is_linear=0
shrinkage=0.02


Tree=395
num_leaves=8
num_cat=0
split_feature=50 23 19 14 16 32 23
split_gain=0.918964 0.908031 0.953294 0.775394 0.770998 0.691992 0.563855
threshold=0.46669838669494662 1.6881796479517976 -0.57100554938050319 15.500000000000002 21.93000000000001 0.15000000000000005 1.5868712966061074
decision_type=2 2 2 2 2 2 2
left_child=1 3 -3 5 6 -1 -2
right_child=4 2 -4 -5 -6 -7 -8
leaf_value=0.00039589889801468952 0.00044602125678978936 -0.0015742308050552046 0.00073073400202016694 -0.0018714092435314219 0.002024542807534062 -6.6570251356804194e-05 -0.0010587860298560904
leaf_weight=1352.6498706638813 1342.6243933737278 73.287206262350082 953.6062920987606 91.504623234272003 118.1745817065239 27052.320122718811 102.24620014429092
leaf_count=2116 1999 128 1592 123 185 40409 166
internal_value=-3.77196e-06 -2.91248e-05 0.000553774 -5.05183e-05 0.000468137 -4.4169e-05 0.000331306
internal_weight=31086.4 29523.4 1026.89 28496.5 1563.05 28405 1444.87
internal_count=46718 44368 1720 42648 2350 42525 2165
is_linear=0
shrinkage=0.02


Tree=396
num_leaves=5
num_cat=0
split_feature=14 30 30 32
split_gain=0.873241 0.780187 1.0132 0.777859
threshold=15.500000000000002 0.33628485884184256 0.22251759559785864 0.15000000000000005
decision_type=2 2 2 2
left_child=1 2 3 -1
right_child=-2 -3 -4 -5
leaf_value=0.00048774023134582001 -0.0018873131339139416 0.00038567963174061348 -0.00041682602703833622 -1.294689840510551e-05
leaf_weight=1302.1892043948174 96.148968160152435 1984.6171870231628 2407.378315359354 25296.079615265131
leaf_count=2047 130 2960 3579 38002
internal_value=-3.69134e-06 1.95146e-06 -2.39839e-05 1.12245e-05
internal_weight=31086.4 30990.3 29005.6 26598.3
internal_count=46718 46588 43628 40049
is_linear=0
shrinkage=0.02


Tree=397
num_leaves=7
num_cat=0
split_feature=14 19 23 34 30 4
split_gain=0.839356 0.755526 1.30567 0.652162 0.655278 0.556967
threshold=15.500000000000002 4.1472649804018333 2.1808295935743547 1.7237610331593929 -0.25290634917256777 17.808333667611276
decision_type=2 2 2 2 2 2
left_child=1 3 -3 5 -5 -1
right_child=-2 2 -4 4 -6 -7
leaf_value=-0.00088856697134341925 -0.0018503360731335098 0.00033597856244607047 0.0034232799692941467 -0.0012205344161450844 0.00073432166009851862 -1.6273356262400431e-05
leaf_weight=294.41178420186043 96.148968160152435 381.56922444701195 64.423023045063019 70.2750603556633 738.23498630523682 29441.35024368763
leaf_count=457 130 604 108 110 1125 44184
internal_value=-3.61937e-06 1.90655e-06 0.000817549 -9.72844e-06 0.000549477 -2.53053e-05
internal_weight=31086.4 30990.3 445.992 30544.3 808.51 29735.8
internal_count=46718 46588 712 45876 1235 44641
is_linear=0
shrinkage=0.02


Tree=398
num_leaves=5
num_cat=0
split_feature=14 23 32 37
split_gain=0.806788 0.649588 0.643637 0.515654
threshold=15.500000000000002 1.6881796479517976 0.15000000000000005 1.1081210088291342
decision_type=2 2 2 2
left_child=1 2 -1 -3
right_child=-2 3 -4 -5
leaf_value=0.00040034882353045962 -0.0018140834152872414 0.00035755701358788981 -3.6356200744866296e-05 0.0022173301749931575
leaf_weight=1413.3446016907692 96.148968160152435 1030.5349173545837 28481.843603461981 64.541199535131454
leaf_count=2210 130 1729 42545 104
internal_value=-3.54631e-06 1.86502e-06 -1.53504e-05 0.000480125
internal_weight=31086.4 30990.3 29895.2 1095.08
internal_count=46718 46588 44755 1833
is_linear=0
shrinkage=0.02


Tree=399
num_leaves=3
num_cat=0
split_feature=14 34
split_gain=0.775495 0.61059
threshold=15.500000000000002 1.7237610331593929
decision_type=2 2
left_child=1 -1
right_child=-2 -3
leaf_value=-1.2415754031283845e-05 -0.0017785410234804693 0.00054268014242802936
leaf_weight=30178.38733831048 96.148968160152435 811.87698373198509
leaf_count=45347 130 1241
internal_value=-3.46108e-06 1.83796e-06
internal_weight=31086.4 30990.3
internal_count=46718 46588
is_linear=0
shrinkage=0.02


Tree=400
num_leaves=7
num_cat=0
split_feature=5 2 3 3 27 3
split_gain=0.653498 1.32926 0.85241 0.849598 0.567695 0.501586
threshold=43.498199336706172 15.936481481481485 42.010469844792397 38.661864621851855 0.64709495097117786 38.302353027291311
decision_type=2 2 2 2 2 2
left_child=2 -2 3 5 -4 -1
right_child=1 -3 4 -5 -6 -7
leaf_value=5.6638223113720603e-05 -0.0012374868431607184 -9.2942847704971762e-05 4.6106951105489087e-05 -0.0002594523395408617 0.00071713396580228104 0.00071517950796515792
leaf_weight=13046.485206514597 421.11558243632317 11390.941549777985 923.76836636662483 3741.2278809845448 1206.2664554417133 481.66786989569664
leaf_count=19309 638 17128 1522 5635 1909 694
internal_value=-1.7286e-05 -0.000134796 5.37557e-05 6.5868e-06 0.000431125 8.09268e-05
internal_weight=31211.5 11812.1 19399.4 17269.4 2130.03 13528.2
internal_count=46835 17766 29069 25638 3431 20003
is_linear=0
shrinkage=0.02


Tree=401
num_leaves=5
num_cat=0
split_feature=28 22 0 22
split_gain=1.00962 0.707346 0.69189 0.617685
threshold=2.7500000000000004 1.5812536956193928 36.026868073257653 -1.0720833248707884
decision_type=2 2 2 2
left_child=2 -2 -1 -4
right_child=1 -3 3 -5
leaf_value=1.0477425217904791e-05 -0.00049627170854940888 -0.0027037326624116155 -0.0014400656646955485 -0.00021216777698064801
leaf_weight=30048.902659535408 226.60488033294678 85.359439611434937 236.01381462812424 614.59211730957031
leaf_count=45186 318 125 341 865
internal_value=-1.69275e-05 -0.0011455 -5.13633e-06 -0.000567175
internal_weight=31211.5 311.964 30899.5 850.606
internal_count=46835 443 46392 1206
is_linear=0
shrinkage=0.02


Tree=402
num_leaves=5
num_cat=0
split_feature=28 1 1 1
split_gain=0.971432 0.846549 0.698426 0.829442
threshold=2.7500000000000004 34.529500000000006 36.224500000000006 38.674666666666674
decision_type=2 2 2 2
left_child=2 -2 -1 -4
right_child=1 -3 3 -5
leaf_value=1.9352024274850458e-05 -0.0018300021984432003 0.00033015525723435773 -0.00060172455839334598 0.00035790519328716025
leaf_weight=28945.455666899681 214.23380509018898 97.730514854192734 1495.0365474224091 459.01637715101242
leaf_count=43409 302 141 2274 709
internal_value=-1.6608e-05 -0.00112364 -5.03573e-06 -0.000371055
internal_weight=31211.5 311.964 30899.5 1954.05
internal_count=46835 443 46392 2983
is_linear=0
shrinkage=0.02


Tree=403
num_leaves=2
num_cat=0
split_feature=0
split_gain=0.711982
threshold=36.392589865339296
decision_type=2
left_child=-1
right_child=-2
leaf_value=-2.1378803906361964e-06 -0.00067752661104402215
leaf_weight=30575.381817191839 636.09109422564507
leaf_count=45941 894
internal_value=-1.62652e-05
internal_weight=31211.5
internal_count=46835
is_linear=0
shrinkage=0.02


Tree=404
num_leaves=7
num_cat=0
split_feature=28 22 22 3 3 22
split_gain=0.930973 0.679155 0.587675 0.641895 0.967055 0.577313
threshold=2.7500000000000004 1.5812536956193928 -1.4929416551946233 37.919717312897653 40.536074522047386 0.53763013135560389
decision_type=2 2 2 2 2 2
left_child=2 -2 -1 5 -5 -4
right_child=1 -3 3 4 -6 -7
leaf_value=-0.00022910586855878185 -0.00046313539883037057 -0.0026257331041369936 0.00025147126636960272 -0.00037952460647123717 2.1784370330466102e-05 -4.3561909172194017e-05
leaf_weight=4059.3681860864162 226.60488033294678 85.359439611434937 7223.676893889904 2958.0287390053272 12549.198147118092 4109.2366253733635
leaf_count=6039 318 125 10717 4409 19143 6084
internal_value=-1.59472e-05 -0.00109967 -4.61176e-06 2.89833e-05 -5.41603e-05 0.000143623
internal_weight=31211.5 311.964 30899.5 26840.1 15507.2 11332.9
internal_count=46835 443 46392 40353 23552 16801
is_linear=0
shrinkage=0.02


Tree=405
num_leaves=9
num_cat=0
split_feature=43 41 1 1 1 1 51 51
split_gain=0.606706 1.08238 0.649241 0.551263 1.43689 1.1352 0.82268 0.598577
threshold=1.3500000000000003 1.0597886867446884 21.597666666666672 36.224500000000006 37.279166666666676 35.776333333333341 1.2510413064894899 1.1000666621061905
decision_type=2 2 2 2 2 2 2 2
left_child=3 2 -2 5 -5 7 -7 -1
right_child=1 -3 -4 4 -6 6 -8 -9
leaf_value=-3.190883353059295e-05 -0.0013836686408352842 -0.0022177058512411496 0.00051600915707100605 -0.00093636296847583592 0.00013716220039759836 0.0014137741718345173 -0.00060020342049136558 0.00017870874193586422
leaf_weight=20855.554451644421 102.88066583871841 133.69454258680344 223.27815115451813 838.75241383910179 1193.4874617755413 387.50623318552971 93.438769459724426 7261.5950984358788
leaf_count=31351 155 200 315 1264 1826 568 147 10904
internal_value=4.91571e-06 -0.00071409 -5.75164e-05 1.60825e-05 -0.000301476 3.9018e-05 0.00100092 2.21389e-05
internal_weight=31090.2 459.853 326.159 30630.3 2032.24 28598.1 480.945 28117.1
internal_count=46730 670 470 46060 3090 42970 715 42255
is_linear=0
shrinkage=0.02


Tree=406
num_leaves=3
num_cat=0
split_feature=51 3
split_gain=0.530501 0.513316
threshold=1.4199157253976331 48.292323741912185
decision_type=2 2
left_child=-1 -2
right_child=1 -3
leaf_value=-2.1819570552431386e-05 0.00015316389605751546 0.00094722493561212075
leaf_weight=28101.667757153511 2607.5139255821705 381.00610518455505
leaf_count=42107 3982 641
internal_value=4.80077e-06 0.000258308
internal_weight=31090.2 2988.52
internal_count=46730 4623
is_linear=0
shrinkage=0.02


Tree=407
num_leaves=8
num_cat=0
split_feature=53 41 41 41 41 12 12
split_gain=0.623091 0.966956 0.757719 1.19355 1.05266 0.721625 0.725588
threshold=0.14999999999999999 0.94261660954849302 1.1558903086970607 1.1804092778148969 1.1318661284190401 19.985187174614584 20.624768811575503
decision_type=2 2 2 2 2 2 2
left_child=5 -2 4 -4 -3 -1 -7
right_child=1 2 3 -5 -6 6 -8
leaf_value=7.2641869401013446e-05 5.539367017505704e-06 -0.00057847897927527827 0.0018960273601522505 -0.00026655056207170038 -0.0026580554242725644 0.0010011334533029863 -0.00057108847055899767
leaf_weight=12206.27001696825 14190.85549095273 831.05253520607948 102.97370290756226 2885.0726785361767 113.66764086484909 625.9176279604435 134.37809452414513
leaf_count=19019 20841 1192 148 4221 159 932 218
internal_value=4.70614e-06 -7.06874e-05 -0.000348146 -0.000187461 -0.000844341 0.000110851 0.000709364
internal_weight=31090.2 18123.6 3932.77 2988.05 944.72 12966.6 760.296
internal_count=46730 26561 5720 4369 1351 20169 1150
is_linear=0
shrinkage=0.02


Tree=408
num_leaves=11
num_cat=0
split_feature=53 41 3 3 3 12 12 41 41 41
split_gain=0.598455 0.929093 0.780141 0.886643 0.935744 0.738019 0.869729 0.728382 1.14725 1.01107
threshold=0.14999999999999999 0.94261660954849302 42.704705244988538 45.01832661115975 46.237720115184821 19.985187174614584 20.24388352006714 1.1558903086970607 1.1804092778148969 1.1318661284190401
decision_type=2 2 2 2 2 2 2 2 2 2
left_child=2 -2 5 -4 -5 -1 -7 9 -9 -3
right_child=1 7 3 4 -6 6 -8 8 -10 -11
leaf_value=-2.7939706876356224e-05 5.4285950840120875e-06 -0.00056693718853574485 0.00086427544778844745 -0.00064201576621539973 0.00034568301321109905 0.0015924398228056194 -1.4721218173137227e-05 0.0018588292736978313 -0.00026122324553469039 -0.0026058135620358374
leaf_weight=8960.0038656890392 14190.85549095273 831.05253520607948 1013.103639036417 467.09248161315918 2012.9140875637531 249.48247861862183 263.96918693184853 102.97370290756226 2885.0726785361767 113.66764086484909
leaf_count=13507 20841 1192 1619 790 3491 369 393 148 4221 159
internal_value=4.60417e-06 -6.92772e-05 0.000108635 0.000364133 0.00015526 1.33144e-05 0.000749935 -0.00034125 -0.000183623 -0.000827802
internal_weight=31090.2 18123.6 12966.6 3493.11 2480.01 9473.46 513.452 3932.77 2988.05 944.72
internal_count=46730 26561 20169 5900 4281 14269 762 5720 4369 1351
is_linear=0
shrinkage=0.02


Tree=409
num_leaves=7
num_cat=0
split_feature=43 3 51 1 1 1
split_gain=0.578542 1.3228 1.14523 0.526225 1.37904 1.08948
threshold=1.3500000000000003 49.234331027055184 0.72691844590230192 36.224500000000006 37.279166666666676 35.776333333333341
decision_type=2 2 2 2 2 2
left_child=3 2 -2 5 -5 -1
right_child=1 -3 -4 4 -6 -7
leaf_value=2.1285187142807134e-05 0.00019690809957742961 0.0015601444592366251 -0.0020249853031192224 -0.00091685435330115053 0.00013473002875401122 0.00098016845411093463
leaf_weight=28117.149550080299 136.27797129750252 79.98042032122612 243.59496796131134 838.75241383910179 1193.4874617755413 480.94500264525414
leaf_count=42255 207 101 362 1264 1826 715
internal_value=4.49993e-06 -0.000697617 -0.00120485 1.54121e-05 -0.000294842 3.78282e-05
internal_weight=31090.2 459.853 379.873 30630.3 2032.24 28598.1
internal_count=46730 670 569 46060 3090 42970
is_linear=0
shrinkage=0.02


Tree=410
num_leaves=6
num_cat=0
split_feature=42 18 18 24 22
split_gain=0.935532 1.42414 0.648686 0.620621 0.581225
threshold=0.35000000000000003 3.3954499322489711 3.2451879410838638 0.72163033096637874 0.79730624895081192
decision_type=2 2 2 2 2
left_child=3 2 4 -1 -2
right_child=1 -3 -4 -5 -6
leaf_value=-0.000223352246133955 0.00020808669112532997 -0.001866581579697623 0.0010061498404756969 3.2472161234722436e-05 -6.147620736363293e-05
leaf_weight=7129.7445243299007 11037.078436225653 138.65006390213966 347.86842578649521 7980.2730870842934 4433.3307970166206
leaf_count=10933 16335 197 511 12000 6602
internal_value=2.47905e-05 0.000131832 0.000150215 -8.75918e-05 0.000130194
internal_weight=31066.9 15956.9 15818.3 15110 15470.4
internal_count=46578 23645 23448 22933 22937
is_linear=0
shrinkage=0.02


Tree=411
num_leaves=8
num_cat=0
split_feature=15 20 2 2 24 18 2
split_gain=1.03747 1.20696 1.13103 0.839622 0.699654 0.67296 0.565187
threshold=9.0655462739876693 3.8406644224576891 36.460916666666677 20.234666666666669 0.41416874187476987 3.3954499322489711 20.93383333333334
decision_type=2 2 2 2 2 2 2
left_child=1 -1 3 4 -2 -4 -5
right_child=2 -3 5 6 -6 -7 -8
leaf_value=-0.00012748153603814566 0.0028767223060772226 0.00058182334119231049 -0.00025340594925655639 -0.0012049359053147898 0.00065675902065723182 -0.0018062888974482688 0.00018825451764100895
leaf_weight=15568.050256818533 74.765498042106628 1016.8776659071445 1152.7100068628788 113.74519127607346 314.26275360584259 125.95461401343346 12700.57934781909
leaf_count=23511 112 1532 1757 168 484 179 18835
internal_value=2.42871e-05 -8.33239e-05 0.000148209 0.000203735 0.00112151 -0.000416763 0.000174922
internal_weight=31066.9 16584.9 14482 13203.4 389.028 1278.66 12814.3
internal_count=46578 25043 21535 19599 596 1936 19003
is_linear=0
shrinkage=0.02


Tree=412
num_leaves=8
num_cat=0
split_feature=42 43 2 50 50 50 50
split_gain=0.892234 0.989599 1.46885 0.965979 0.889396 0.743151 0.637325
threshold=0.35000000000000003 0.35000000000000003 36.064083333333343 0.15502574061773053 0.24221979037048372 -0.026279856819673496 0.17228920138913573
decision_type=2 2 2 2 2 2 2
left_child=-1 2 4 5 -2 -3 -5
right_child=1 3 -4 6 -6 -7 -8
leaf_value=-8.594675275075384e-05 0.00073680499662406005 8.5256907876724955e-05 -0.0021318095181006545 0.0012996544174811114 -0.00022845228993946 -0.00027706356812699681 0.00026179907898344127
leaf_weight=15110.017611414194 2140.5559738874435 6283.7427554428577 79.948568940162659 261.05928346514702 445.70678240060806 3521.0330882668495 3224.8812705278397
leaf_count=22933 3165 9311 111 394 661 5215 4788
internal_value=2.37961e-05 0.000128339 0.000480347 5.69093e-05 0.000566545 -4.38677e-05 0.000343091
internal_weight=31066.9 15956.9 2666.21 13290.7 2586.26 9804.78 3485.94
internal_count=46578 23645 3937 19708 3826 14526 5182
is_linear=0
shrinkage=0.02


Tree=413
num_leaves=10
num_cat=0
split_feature=15 20 2 50 2 22 50 22 50
split_gain=0.986449 1.15849 1.07646 0.95641 0.792425 0.767504 0.761281 0.736143 0.710314
threshold=9.0655462739876693 3.8406644224576891 36.460916666666677 -0.71012768269715287 20.234666666666669 -0.067701300218397639 0.45370753535254355 1.0000000180025095e-35 0.032804284635850257
decision_type=2 2 2 2 2 2 2 2 2
left_child=1 5 3 -2 -5 8 -4 -7 -1
right_child=2 -3 6 4 -6 7 -8 -9 -10
leaf_value=-0.00014081320261198228 -0.0014528174100883276 0.00057001014792650842 -0.00058016250411939917 0.0011144250268821554 0.00018827171126928682 -0.0011752077658062111 0.00097871475492995958 -0.00021958520622674708 0.00025260713110907148
leaf_weight=4509.0442961156368 135.32862463593483 1016.8776659071445 1144.0440927445889 384.08096852898598 12683.943197578192 341.06906613707542 134.6205281317234 7631.4735798239708 3086.4633147418499
leaf_count=6812 198 1532 1734 588 18813 521 202 11570 4608
internal_value=2.33133e-05 -8.16095e-05 0.000144157 0.00019834 0.000216424 -0.000124882 -0.00040696 -0.000262006 1.77628e-05
internal_weight=31066.9 16584.9 14482 13203.4 13068 15568.1 1278.66 7972.54 7595.51
internal_count=46578 25043 21535 19599 19401 23511 1936 12091 11420
is_linear=0
shrinkage=0.02


Tree=414
num_leaves=12
num_cat=0
split_feature=15 2 34 50 50 43 18 34 50 2 18
split_gain=0.947429 1.03339 1.31684 0.987557 0.874866 0.866762 0.946027 0.8258 1.01287 0.610831 0.505106
threshold=9.0655462739876693 36.460916666666677 0.35993521341255169 -0.71012768269715287 0.030305114002721303 1.0000000180025095e-35 1.0034980826553299 0.4735420284371622 0.035343504370914755 19.919071428571431 2.9808217827383374
decision_type=2 2 2 2 2 2 2 2 2 2 2
left_child=4 2 9 -4 5 6 -1 10 -9 -2 -3
right_child=1 7 3 -5 -6 -7 -8 8 -10 -11 -12
leaf_value=0.0010303818332975704 0.001157853811262683 0.0011102256370373043 -0.0017208566549559421 0.00035985480567332217 8.7582901644620446e-05 -0.00028547782855767664 -8.628737158628218e-05 -0.0016296655865524531 -5.6637387423632028e-05 -0.00012940521776033843 -0.00019785089751765727
leaf_weight=429.77025401592255 149.58716589212418 156.05117276310921 88.675068289041519 8655.0554731190205 7067.538378238678 8111.7114529907703 975.90783748030663 347.34930944442749 334.2882082760334 4310.0350834429264 440.97593039274216
leaf_count=630 246 249 126 12617 10645 12299 1469 528 498 6610 661
internal_value=2.284e-05 0.000141274 0.000194373 0.000337221 -7.99791e-05 -0.000205452 0.000248997 -0.000398652 -0.000875272 -8.34862e-05 0.000129926
internal_weight=31066.9 14482 13203.4 8743.73 16584.9 9517.39 1405.68 1278.66 681.638 4459.62 597.027
internal_count=46578 21535 19599 12743 25043 14398 2099 1936 1026 6856 910
is_linear=0
shrinkage=0.02


Tree=415
num_leaves=6
num_cat=0
split_feature=3 43 47 53 4
split_gain=0.793609 1.38035 0.831942 0.652702 0.547344
threshold=36.820963273457828 -0.54999999999999993 0.32231704919531035 0.14999999999999999 39.50250638000778
decision_type=2 2 2 2 2
left_child=1 -1 -3 -2 -4
right_child=3 2 4 -5 -6
leaf_value=0.0021652765276833786 7.6954377347564933e-05 -0.00044245200074520183 0.00011674545400888299 -0.00016261011266824785 0.00066084316288040745
leaf_weight=130.48781684041023 6941.5992409586906 992.63870951533318 9239.9738408029079 12963.403858274221 814.98729512095451
leaf_count=197 11073 1465 13707 18980 1212
internal_value=-2.51933e-06 0.000131989 0.000106681 -7.85636e-05 0.000161963
internal_weight=31083.1 11178.1 11047.6 19905 10055
internal_count=46634 16581 16384 30053 14919
is_linear=0
shrinkage=0.02


Tree=416
num_leaves=7
num_cat=0
split_feature=22 20 22 20 5 5
split_gain=1.03298 0.827175 0.739973 0.724029 0.592882 1.10507
threshold=1.7621489800880756 3.280992722711201 0.49420610623710459 0.25802330364172482 36.464587051751202 33.88829841078222
decision_type=2 2 2 2 2 2
left_child=1 4 -3 -2 5 -1
right_child=3 2 -4 -5 -6 -7
leaf_value=1.1587754052009836e-05 6.0665168967445442e-06 0.00091588734035297215 0 -0.00056351300041797574 -5.8472636901869581e-05 0.0005100044057745098
leaf_weight=7009.9621955156326 1502.1400782465935 789.6941936314106 636.57406714558601 2080.8889519274235 16660.902860194445 2402.9284148514271
leaf_count=10587 2366 1171 956 3122 24874 3558
internal_value=-2.44654e-06 3.88538e-05 0.000507682 -0.000322064 1.27878e-05 0.000139967
internal_weight=31083.1 27500.1 1426.27 3583.03 26073.8 9412.89
internal_count=46634 41146 2127 5488 39019 14145
is_linear=0
shrinkage=0.02


Tree=417
num_leaves=12
num_cat=0
split_feature=33 53 47 47 43 5 5 4 47 42 5
split_gain=0.669025 1.0548 0.952427 0.793942 0.781009 1.04744 1.6783 0.789246 0.721931 0.683127 0.666738
threshold=0.95000000000000007 0.45000000000000007 0.47322942750049118 3.2620429656726952 -0.54999999999999993 46.992190599479663 41.060928416323286 49.605004237476663 2.7220366007597749 2.1500000000000008 49.87900626219075
decision_type=2 2 2 2 2 2 2 2 2 2 2
left_child=4 2 -2 -3 5 6 -1 9 -4 -6 -9
right_child=1 3 8 -5 7 -7 -8 10 -10 -11 -12
leaf_value=0.0016334267782855893 -0.00084147859124747415 -0.00017910507445471763 0.00093688332165250477 0.0013736748156522524 -9.6403903077180296e-06 0.0031531284088125162 -0.0015740435588829291 -0.00061636753232457422 -0.0011420993975145596 0.0017460767739828609 -8.1934600216389698e-05
leaf_weight=159.17789992690086 144.47606241703033 1680.2115046977997 1285.7583244740963 140.36576423048973 23431.085279762745 66.272950530052185 105.90358597040176 1648.6071065366268 64.554388791322708 86.963037073612213 2269.7148571014404
leaf_count=239 221 2501 1980 201 35066 95 166 2444 104 118 3499
internal_value=-2.37725e-06 0.000265718 0.000659553 -5.25236e-05 -3.47637e-05 0.000926044 0.000312367 -4.67987e-05 0.000828557 -2.57516e-06 -0.000309544
internal_weight=31083.1 3315.37 1494.79 1820.58 27767.7 331.354 265.081 27436.4 1350.31 23518 3918.32
internal_count=46634 5007 2305 2702 41627 500 405 41127 2084 35184 5943
is_linear=0
shrinkage=0.02


Tree=418
num_leaves=10
num_cat=0
split_feature=22 43 3 5 42 51 47 53 22
split_gain=0.986877 0.793524 1.15125 1.70264 0.724704 0.697102 0.855033 0.700859 0.525646
threshold=1.7621489800880756 -0.54999999999999993 37.518346415293472 46.346560836799398 1.2500000000000002 1.4199157253976331 2.8960401701280927 -0.099999999999999936 2.0785309861851311
decision_type=2 2 2 2 2 2 2 2 2
left_child=1 2 -1 -4 8 7 -7 -3 -2
right_child=4 5 3 -5 -6 6 -8 -9 -10
leaf_value=0.0024445750258362763 -0.00076023837179229584 0.0001898354738287952 -0.0013725583450282458 0.0022333829074286629 0.00091220964589853874 0.00022936706119113505 0.0016213127874569161 -6.5082965495482349e-05 -0.00021096857040698636
leaf_weight=131.84440129995346 1038.5066547691822 5574.5465057790279 128.28681534528732 85.367686033248901 176.36065918207169 2375.4317244589329 192.88087621331215 19011.703722208738 2368.1617162227631
leaf_count=197 1564 8679 193 122 252 3638 298 28019 3672
internal_value=-2.33047e-06 3.80305e-05 0.000988469 2.92099e-05 -0.000314742 2.54975e-05 0.000338973 -6.86677e-06 -0.000381692
internal_weight=31083.1 27500.1 345.499 213.655 3583.03 27154.6 2568.31 24586.3 3406.67
internal_count=46634 41146 512 315 5488 40634 3936 36698 5236
is_linear=0
shrinkage=0.02


Tree=419
num_leaves=10
num_cat=0
split_feature=51 20 20 33 30 13 30 51 20
split_gain=0.682925 0.792761 0.771735 1.16466 0.909383 1.48142 0.836546 0.684494 0.536334
threshold=1.4199157253976331 -1.7957326618967107 -2.5156136403670479 1.0500000000000003 0.063066680763029265 1.0000000180025095e-35 0.023350792523423453 1.6028102944869635 4.7163489494201505
decision_type=2 2 2 2 2 2 2 2 2
left_child=2 -2 3 6 5 -4 -1 -3 -6
right_child=1 7 4 -5 8 -7 -8 -9 -10
leaf_value=-9.5753161450534558e-05 -0.00068742283957030296 0.00073367952959310341 -0.0002179873157678646 0.0017386507913144901 -0.00025739880618284096 0.00017759881099996635 0.00056866940825416024 8.5605070838294545e-05 0.00077971575258897264
leaf_weight=1978.8327371776104 293.00195226073265 1267.8559872806072 6307.6147132515907 197.03495427966118 8757.9732133746147 9452.8815856575966 1207.825818836689 1422.4120524227619 197.65774697065353
leaf_count=3021 465 1895 8910 308 13007 14672 1826 2237 293
internal_value=-2.25784e-06 0.000285004 -3.31295e-05 0.000249394 -7.22292e-05 1.86366e-05 0.000153143 0.000395059 -0.000233224
internal_weight=31083.1 2983.27 28099.8 3383.69 24716.1 15760.5 3186.66 2690.27 8955.63
internal_count=46634 4597 42037 5155 36882 23582 4847 4132 13300
is_linear=0
shrinkage=0.02


Tree=420
num_leaves=11
num_cat=0
split_feature=16 4 36 36 4 36 25 36 16 36
split_gain=0.823687 1.14847 1.06464 1.4636 1.01645 0.873537 0.816192 0.76226 0.711328 0.521773
threshold=15.200000000000005 33.242767554248239 1.3166666666666669 1.1547619047619049 32.140605763671239 2.0500000000000003 1.2250000000000003 1.1055555555555558 16.463333333333335 2.5277777777777781
decision_type=2 2 2 2 2 2 2 2 2 2
left_child=1 4 3 6 7 8 -2 -1 -4 -7
right_child=2 -3 5 -5 -6 9 -8 -9 -10 -11
leaf_value=0.00011744684262924958 1.6329450261997536e-05 -0.00015585992384228552 0.00032907708681140929 0.0018343612772942191 0.00074502299403270134 0.0012819191692606494 0.00057839493264157397 -0.00061562934393536535 -0.0016217441380746941 -0.00050791685042063709
leaf_weight=6028.1176352500916 2867.003198325634 18002.248384267092 88.016707837581635 238.30413088202477 960.18442589044571 122.13318052887917 1648.7368395626545 622.13276094198227 300.22155055403709 125.97756394743919
leaf_count=9133 4353 26943 131 342 1425 183 2428 935 445 197
internal_value=-2.09402e-05 -6.85274e-05 0.000203259 0.000307489 0.000136728 -0.000558279 0.000223923 4.71996e-05 -0.00115443 0.000336358
internal_weight=31003.1 25612.7 5390.39 4754.04 7610.43 636.349 4515.74 6650.25 388.238 248.111
internal_count=46515 38436 8079 7123 11493 956 6781 10068 576 380
is_linear=0
shrinkage=0.02


Tree=421
num_leaves=6
num_cat=0
split_feature=4 15 4 15 50
split_gain=0.675143 1.41502 0.982397 0.561512 0.517264
threshold=33.242767554248239 8.4187604848092885 32.140605763671239 8.4617795425946962 0.12103763991163517
decision_type=2 2 2 2 2
left_child=2 -2 -1 -3 -4
right_child=1 3 4 -5 -6
leaf_value=5.3576800049641415e-05 -0.00027700119900440369 0.0014834293207033758 0.00046715194651234394 3.3493833107214853e-05 0.0016101635453883035
leaf_weight=6687.4971689283848 8667.4914352595806 106.05805546045303 761.00019565224648 14563.751304537058 217.27821815013885
leaf_count=10121 13107 153 1122 21685 327
internal_value=-2.0493e-05 -7.42653e-05 0.000141881 4.48588e-05 0.000733986
internal_weight=31003.1 23337.3 7665.78 14669.8 978.278
internal_count=46515 34945 11570 21838 1449
is_linear=0
shrinkage=0.02


Tree=422
num_leaves=6
num_cat=0
split_feature=25 4 4 25 4
split_gain=0.704203 0.710147 0.953275 0.811886 0.575256
threshold=2.9000000000000004 33.242767554248239 32.140605763671239 0.55000000000000016 48.170460118647775
decision_type=2 2 2 2 2
left_child=1 2 -1 -3 -5
right_child=-2 3 -4 4 -6
leaf_value=5.3914278978734651e-05 0.0017251470574488374 -0.00026726315961039245 0.00072448383320964109 -8.8197426048211463e-05 0.00016250761003433947
leaf_weight=6677.8517827987671 90.044441133737564 6665.6890091001987 977.60607978701591 11147.011083066463 5444.8739821016788
leaf_count=10108 129 10202 1448 16477 8151
internal_value=-2.00466e-05 -2.55648e-05 0.000141019 -8.08348e-05 -5.31254e-06
internal_weight=31003.1 30913 7655.46 23257.6 16591.9
internal_count=46515 46386 11556 34830 24628
is_linear=0
shrinkage=0.02


Tree=423
num_leaves=9
num_cat=0
split_feature=16 27 50 36 25 50 21 36
split_gain=0.772558 1.68883 1.00078 0.836377 0.731907 1.33349 0.624155 0.732299
threshold=15.200000000000005 1.3698036374274063 -0.71012768269715287 1.3166666666666669 1.9000000000000001 -0.11946323640403084 0.97409091428899608 0.18333333333333332
decision_type=2 2 2 2 2 2 2 2
left_child=6 2 -2 -4 -3 -6 -1 -8
right_child=1 4 3 -5 5 -7 7 -9
leaf_value=6.649817077075035e-05 -0.0023820189576928938 0.0011327498427213941 0.00014473411135320689 -0.00071572404340884579 -0.0011960193775568445 0.00090865059095783052 0.00010532804059106616 -0.00021148378899731217
leaf_weight=9102.2798452973366 68.164377301931381 904.09448891878128 3372.0462408065796 518.70931032299995 179.86241179704666 347.51634249091148 3734.3211553990841 12776.082205653191
leaf_count=13952 102 1326 5097 787 262 505 5601 18883
internal_value=-1.96233e-05 0.000197496 -1.29963e-05 2.71415e-05 0.000785823 0.000170157 -6.57201e-05 -0.000139218
internal_weight=31003.1 5390.39 3958.92 3890.76 1431.47 527.379 25612.7 16510.4
internal_count=46515 8079 5986 5884 2093 767 38436 24484
is_linear=0
shrinkage=0.02


Tree=424
num_leaves=7
num_cat=0
split_feature=25 4 4 4 4 4
split_gain=0.675277 0.677682 0.91716 0.760751 1.51771 0.804973
threshold=2.9000000000000004 33.242767554248239 32.140605763671239 48.170460118647775 48.470979858859188 48.09093899845206
decision_type=2 2 2 2 2 2
left_child=1 2 -1 5 -5 -3
right_child=-2 3 -4 4 -6 -7
leaf_value=5.2622279043143239e-05 0.0016897472055827395 -0.00013954956398821677 0.0007104092223963257 0.0012805715378172379 2.1980608496912762e-05 -0.0018836511805298899
leaf_weight=6677.8517827987671 90.044441133737564 16470.904509842396 977.60607978701591 407.62097537517548 6273.4901728332043 105.55841621756554
leaf_count=10108 129 24586 1448 614 9470 160
internal_value=-1.92207e-05 -2.46311e-05 0.000138092 -7.863e-05 0.000100625 -0.000151485
internal_weight=31003.1 30913 7655.46 23257.6 6681.11 16576.5
internal_count=46515 46386 11556 34830 10084 24746
is_linear=0
shrinkage=0.02


Tree=425
num_leaves=4
num_cat=0
split_feature=42 15 15
split_gain=0.738351 0.601782 0.566491
threshold=2.4500000000000006 12.224818839374306 14.221480046836515
decision_type=2 2 2
left_child=1 -1 -3
right_child=-2 2 -4
leaf_value=-3.5834710864812208e-05 0.0020820247671981106 0.00041167656075080715 4.9177587179554701e-05
leaf_weight=22942.440223127604 67.455758452415466 2549.9698913395405 5564.0869397222996
leaf_count=34663 89 3835 8146
internal_value=2.10986e-05 1.61664e-05 0.000164404
internal_weight=31124 31056.5 8114.06
internal_count=46733 46644 11981
is_linear=0
shrinkage=0.02


Tree=426
num_leaves=4
num_cat=0
split_feature=14 42 16
split_gain=0.718374 0.799804 0.66129
threshold=11.500000000000002 1.2500000000000002 11.700000000000005
decision_type=2 2 2
left_child=1 2 -1
right_child=-2 -3 -4
leaf_value=-3.2863794198797066e-05 -0.00019855330277994147 0.0005430465768919391 0.00018866301159884435
leaf_weight=16939.210634738207 4994.7331935167313 1319.1137326955795 7870.8952516913414
leaf_count=25768 7126 1894 11945
internal_value=2.06863e-05 6.29897e-05 3.70211e-05
internal_weight=31124 26129.2 24810.1
internal_count=46733 39607 37713
is_linear=0
shrinkage=0.02


Tree=427
num_leaves=3
num_cat=0
split_feature=14 15
split_gain=0.689961 0.723278
threshold=11.500000000000002 10.570588883839333
decision_type=2 2
left_child=1 -1
right_child=-2 -3
leaf_value=-1.5455588568100897e-05 -0.00019458382576601011 0.00020422983552627422
leaf_weight=16904.343001157045 4994.7331935167313 9224.8766179680824
leaf_count=25815 7126 13792
internal_value=2.02668e-05 6.1731e-05
internal_weight=31124 26129.2
internal_count=46733 39607
is_linear=0
shrinkage=0.02


Tree=428
num_leaves=4
num_cat=0
split_feature=42 14 15
split_gain=0.703847 0.633321 0.671688
threshold=2.4500000000000006 11.500000000000002 10.570588883839333
decision_type=2 2 2
left_child=1 2 -1
right_child=-2 -3 -4
leaf_value=-1.9574336446870631e-05 0.0020320175979953122 -0.00019103175943861511 0.00019243767798225633
leaf_weight=16877.281906545162 67.455758452415466 4984.8738754987717 9194.3412721455097
leaf_count=25777 89 7115 13752
internal_value=1.98486e-05 1.50255e-05 5.48187e-05
internal_weight=31124 31056.5 26071.6
internal_count=46733 46644 39529
is_linear=0
shrinkage=0.02


Tree=429
num_leaves=5
num_cat=0
split_feature=33 24 24 24
split_gain=0.603648 0.713154 0.970462 0.532029
threshold=1.3500000000000003 1.4416890853408739 1.6109850420111682 0.46978519861531398
decision_type=2 2 2 2
left_child=1 -1 -3 -2
right_child=3 2 -4 -5
leaf_value=7.6634629935806499e-06 0.00090439633788781258 0.00085704826434811654 -2.1740679642926016e-05 -0.00074083114634625451
leaf_weight=28414.627091377974 82.327742040157318 958.43303814530373 1009.3408571779728 659.22408390045166
leaf_count=42632 149 1425 1540 987
internal_value=1.94478e-05 3.35343e-05 0.000401645 -0.000542786
internal_weight=31124 30382.4 1967.77 741.552
internal_count=46733 45597 2965 1136
is_linear=0
shrinkage=0.02


Tree=430
num_leaves=13
num_cat=0
split_feature=34 15 21 21 37 37 37 24 24 15 27 27
split_gain=1.17883 0.754004 1.24347 1.07437 0.818655 0.666569 0.680286 0.757603 0.685087 0.54493 0.544906 0.777327
threshold=0.92416870418768526 10.336748983682781 0.768618457393342 1.216752579305967 1.0090467845213336 0.69378754987829538 0.86201331970811312 1.4598201191489864 0.28426546096263577 7.7104666094188525 0.89194449226835448 0.87776100187990791
decision_type=2 2 2 2 2 2 2 2 2 2 2 2
left_child=5 2 9 -4 -3 10 7 -7 -8 -2 11 -1
right_child=1 4 3 -5 -6 6 8 -9 -10 -11 -12 -13
leaf_value=-3.0864392024024748e-05 0.0024587843347249005 0.0013789932653558851 -0.00039312275577662502 0.0011868006007055116 0.00039340268755122721 -0.00063183647607865923 0.0016954077561609792 0.00057734293228112969 -6.0175807631046525e-05 0.00016163207242020472 0.00014937200968458567 -0.0010915854388335536
leaf_weight=14406.116831958294 108.1369206905365 419.76698037981987 1293.9821891188622 194.64035725593567 2034.1088773608208 1912.9350035190582 91.943009585142136 222.23268848657608 1582.6391594409943 82.513559758663177 8453.5600491166115 280.7141555249691
leaf_count=21947 172 610 1961 296 2986 2838 170 319 2326 124 12515 415
internal_value=2.9086e-05 0.000343635 1.09178e-05 -0.000178521 0.000567058 -1.88049e-05 -0.000264066 -0.000500881 3.21575e-05 0.00152848 2.11611e-05 -5.1965e-05
internal_weight=31083.3 4133.15 1679.27 1488.62 2453.88 26950.1 3809.75 2135.17 1674.58 190.65 23140.4 14686.8
internal_count=46679 6149 2553 2257 3596 40530 5653 3157 2496 296 34877 22362
is_linear=0
shrinkage=0.02


Tree=431
num_leaves=9
num_cat=0
split_feature=21 36 21 36 36 21 27 27
split_gain=0.840139 2.60825 0.866496 0.936332 1.92445 1.27195 0.791694 0.578509
threshold=0.70303287107761392 0.70714285714285718 0.82252871460724197 1.5277777777777779 1.3875000000000002 1.0471059864024774 0.79628010190291032 0.76271662754067882
decision_type=2 2 2 2 2 2 2 2
left_child=1 -1 6 4 -4 -5 7 -2
right_child=2 -3 3 5 -6 -7 -8 -9
leaf_value=8.7254196825060104e-05 -0.00018680393600617812 0.0026274148534594709 3.8427160121001944e-05 0.0010655342188722191 -0.0011615692617203339 -0.00027511462588402491 -0.00089834747405986046 0.0016548718902142582
leaf_weight=854.55256840586662 1283.2041720747948 200.20249262452126 26165.996491849422 779.67496553063393 543.52227693796158 426.86196821928024 759.78641837835312 69.488428175449371
leaf_count=1361 2021 308 39134 1178 791 641 1142 103
internal_value=2.85246e-05 0.000582924 8.6808e-06 3.85706e-05 1.35485e-05 0.00058328 -0.000381241 -8.2511e-05
internal_weight=31083.3 1054.76 30028.5 27916.1 26709.5 1206.54 2112.48 1352.69
internal_count=46679 1669 45010 41744 39925 1819 3266 2124
is_linear=0
shrinkage=0.02


Tree=432
num_leaves=14
num_cat=0
split_feature=34 36 36 12 15 36 12 24 24 12 24 15 12
split_gain=1.12267 1.02819 2.17607 1.1401 1.43896 1.0091 0.78887 0.75129 0.759871 0.646963 0.623084 0.592275 0.568399
threshold=0.92416870418768526 1.3541666666666667 1.5277777777777779 19.24279362878514 10.227285156364845 0.78888888888888908 16.083099816964516 0.28426546096263577 1.1128454638082939 19.837761282550353 0.86256876877585886 13.001226851800014 17.985693838783494
decision_type=2 2 2 2 2 2 2 2 2 2 2 2 2
left_child=5 3 12 4 -2 6 -1 -7 -9 -5 -8 -4 -3
right_child=1 2 11 9 -6 7 10 8 -10 -11 -12 -13 -14
leaf_value=0.001892996221617185 0.00022494228226874787 0 5.8202023220491181e-06 -0.00067011704387339073 0.0013977406635546856 0.00097798670697594688 -6.5058373192947221e-05 -0.0006543772391968464 6.6272421909627046e-05 0.00080216530663944406 0.00014397709863332126 0.00087272595773956266 -0.0014255518049462871
leaf_weight=88.055544137954712 792.7864345908165 139.03516289591789 675.3879856467247 359.91640788316727 945.13880351185799 150.66062593460083 14576.521924704313 1993.8762664794922 793.52181515097618 172.50629636645317 9347.504721224308 630.67514577507973 417.7026478946209
leaf_count=119 1219 211 1012 534 1382 278 22175 2941 1159 250 13858 952 589
internal_value=2.79579e-05 0.000334929 -8.10314e-06 0.000620544 0.000869368 -1.87703e-05 2.36584e-05 -0.000368712 -0.000445736 -0.000173165 1.62024e-05 0.000432773 -0.00105811
internal_weight=31083.3 4133.15 1862.8 2270.35 1737.93 26950.1 24012.1 2938.06 2787.4 532.423 23924 1306.06 556.738
internal_count=46679 6149 2764 3385 2601 40530 36152 4378 4100 784 36033 1964 800
is_linear=0
shrinkage=0.02


Tree=433
num_leaves=11
num_cat=0
split_feature=34 12 15 18 21 12 15 18 24 12
split_gain=1.07897 0.831157 0.690833 2.66876 0.821408 0.709286 0.621961 0.60418 0.744083 0.602252
threshold=0.92416870418768526 16.083099816964516 10.336748983682781 1.4674369274597503 0.73184663074819178 17.422161431398365 8.6896549057575712 3.3215268276114869 0.88592124984516551 16.893273769724143
decision_type=2 2 2 2 2 2 2 2 2 2
left_child=1 -1 3 4 -2 9 -5 8 -3 -4
right_child=2 7 5 6 -6 -7 -8 -9 -10 -11
leaf_value=0.00178923166277932 0.0021256719444847486 -9.4310512056000557e-05 0.00017495993025954854 -0.0021094278597332205 0.00037410086067277522 0.00041420156835024024 -0.00061345196076380845 -0.00073972956768499618 0.00012553821451320729 0.0022280528921304853
leaf_weight=99.214430123567581 122.93412831425667 16620.619191080332 102.00213727355003 176.89856991171837 997.13275673985481 2178.7481429874897 382.30757185816765 464.09029668569565 9766.2169797420502 173.12557747960091
leaf_count=135 187 25296 146 299 1509 3189 558 658 14441 261
internal_value=2.74337e-05 -1.83692e-05 0.000328373 9.64599e-06 0.000578705 0.000542232 -0.00111034 -2.55534e-05 -1.25585e-05 0.00150972
internal_weight=31083.3 26950.1 4133.15 1679.27 1120.07 2453.88 559.206 26850.9 26386.8 275.128
internal_count=46679 40530 6149 2553 1696 3596 857 40395 39737 407
is_linear=0
shrinkage=0.02


Tree=434
num_leaves=10
num_cat=0
split_feature=34 21 21 18 21 31 31 18 18
split_gain=1.03842 1.30974 1.07273 0.864291 0.796958 0.584775 0.679906 0.549523 0.533561
threshold=0.88697462835112484 0.768618457393342 0.80911021677476469 1.3114948171324172 1.2115971255603537 1.8780229670833324 1.7779524063401329 0.90846346110473819 1.6393516342467782
decision_type=2 2 2 2 2 2 2 2 2
left_child=5 3 -3 -2 -4 6 -1 -7 -9
right_child=1 2 4 -5 -6 7 -8 8 -10
leaf_value=-2.6886316079995971e-05 0.0026171593968139606 -0.0015227647797596154 0.00019534084321033384 8.7225202212577838e-05 0.0012242097057076691 -0.00062592175940431915 -0.00099436459588580898 0.0011849983749639562 9.963813424211418e-05
leaf_weight=25377.845135569572 156.66595384478569 132.77735757827759 3781.3238096237183 94.90607625246048 331.6178183555603 141.99293357133865 292.75677907466888 411.2108550965786 362.19306322932243
leaf_count=38072 238 199 5592 151 499 214 438 676 600
internal_value=2.69026e-05 0.000308033 0.000221818 0.00171039 0.000281281 -2.02969e-05 -3.83859e-05 0.000475054 0.000691177
internal_weight=31083.3 4497.29 4245.72 251.572 4112.94 26586 25670.6 915.397 773.404
internal_count=46679 6679 6290 389 6091 40000 38510 1490 1276
is_linear=0
shrinkage=0.02


Tree=435
num_leaves=2
num_cat=0
split_feature=36
split_gain=0.514458
threshold=0.38750000000000007
decision_type=2
left_child=-1
right_child=-2
leaf_value=5.9801014147960444e-05 -0.00010278486120253571
leaf_weight=14444.039610445499 16783.405231922865
leaf_count=21890 24955
internal_value=-2.72627e-05
internal_weight=31227.4
internal_count=46845
is_linear=0
shrinkage=0.02


end of trees

feature_importances:
BLK_Season=587
OPP_BLK_ALLOWED=252
BLK_L10=241
BLK_L20=241
USAGE_VACUUM=182
STL_Season=152
PACE_ROLLING=144
STAR_COUNT=135
MIN_Season=130
OPP_STL_ALLOWED_DIFF=130
OPP_BLK_ALLOWED_DIFF=130
USAGE_RATE_Season=123
GAME_SCORE_CONSISTENCY=123
GAME_SCORE_Season=118
GAME_SCORE_STREAK=118
MIN_L5=116
TOV_STREAK=114
STL_L20=103
BLK_STREAK=103
MIN_L10=101
EXP_POSS_SEASON=99
USAGE_RATE_L5=96
USAGE_RATE_L10=95
MIN_STREAK=92
GAME_SCORE_L5=89
TOV_CONSISTENCY=66
STL_L5=54
USAGE_RATE_STREAK=51
TOV_L20=51
BLK_CONSISTENCY=49
OPP_STL_ALLOWED=46
USAGE_RATE_CONSISTENCY=42
OPP_TOV_ALLOWED_DIFF=40
STL_CONSISTENCY=38
STL_L10=37
BLK_L5=37
STL_STREAK=35
EXP_POSS=31
BLK_L10_Median=26
IS_HOME=22
TOV_Season=19
TOV_L10=15
STL_L5_Median=13
STL_L10_Median=12
TOV_L5=11
BLK_L5_Median=10
OPP_TOV_ALLOWED=10
TOV_L5_Median=3
TOV_L10_Median=2
GAMES_7D=1

parameters:
[boosting: gbdt]
[objective: regression]
[metric: l2]
[tree_learner: serial]
[device_type: cpu]
[data_sample_strategy: bagging]
[data: ]
[valid: ]
[num_iterations: 600]
[learning_rate: 0.02]
[num_leaves: 15]
[num_threads: 10]
[seed: 0]
[deterministic: 0]
[force_col_wise: 0]
[force_row_wise: 0]
[histogram_pool_size: -1]
[max_depth: 4]
[min_data_in_leaf: 100]
[min_sum_hessian_in_leaf: 0.001]
[bagging_fraction: 0.7]
[pos_bagging_fraction: 1]
[neg_bagging_fraction: 1]
[bagging_freq: 5]
[bagging_seed: 3]
[bagging_by_query: 0]
[feature_fraction: 0.6]
[feature_fraction_bynode: 1]
[feature_fraction_seed: 2]
[extra_trees: 0]
[extra_seed: 6]
[early_stopping_round: 0]
[early_stopping_min_delta: 0]
[first_metric_only: 0]
[max_delta_step: 0]
[lambda_l1: 0.5]
[lambda_l2: 2]
[linear_lambda: 0]
[min_gain_to_split: 0.5]
[drop_rate: 0.1]
[max_drop: 50]
[skip_drop: 0.5]
[xgboost_dart_mode: 0]
[uniform_drop: 0]
[drop_seed: 4]
[top_rate: 0.2]
[other_rate: 0.1]
[min_data_per_group: 100]
[max_cat_threshold: 32]
[cat_l2: 10]
[cat_smooth: 10]
[max_cat_to_onehot: 4]
[top_k: 20]
[monotone_constraints: ]
[monotone_constraints_method: basic]
[monotone_penalty: 0]
[feature_contri: ]
[forcedsplits_filename: ]
[refit_decay_rate: 0.9]
[cegb_tradeoff: 1]
[cegb_penalty_split: 0]
[cegb_penalty_feature_lazy: ]
[cegb_penalty_feature_coupled: ]
[path_smooth: 0]
[interaction_constraints: ]
[verbosity: -1]
[saved_feature_importance_type: 0]
[use_quantized_grad: 0]
[num_grad_quant_bins: 4]
[quant_train_renew_leaf: 0]
[stochastic_rounding: 1]
[linear_tree: 0]
[max_bin: 255]
[max_bin_by_feature: ]
[min_data_in_bin: 3]
[bin_construct_sample_cnt: 200000]
[data_random_seed: 1]
[is_enable_sparse: 1]
[enable_bundle: 1]
[use_missing: 1]
[zero_as_missing: 0]
[feature_pre_filter: 1]
[pre_partition: 0]
[two_round: 0]
[header: 0]
[label_column: ]
[weight_column: ]
[group_column: ]
[ignore_column: ]
[categorical_feature: ]
[forcedbins_filename: ]
[precise_float_parser: 0]
[parser_config_file: ]
[objective_seed: 5]
[num_class: 1]
[is_unbalance: 0]
[scale_pos_weight: 1]
[sigmoid: 1]
[boost_from_average: 1]
[reg_sqrt: 0]
[alpha: 0.9]
[fair_c: 1]
[poisson_max_delta_step: 0.7]
[tweedie_variance_power: 1.5]
[lambdarank_truncation_level: 30]
[lambdarank_norm: 1]
[label_gain: ]
[lambdarank_position_bias_regularization: 0]
[eval_at: ]
[multi_error_top_k: 1]
[auc_mu_weights: ]
[num_machines: 1]
[local_listen_port: 12400]
[time_out: 120]
[machine_list_filename: ]
[machines: ]
[gpu_platform_id: -1]
[gpu_device_id: -1]
[gpu_use_dp: 0]
[num_gpu: 1]

end of parameters

pandas_categorical:[]
