tree
version=v4
num_class=1
num_tree_per_iteration=1
label_index=0
max_feature_idx=51
objective=regression
feature_names=MIN_Season MIN_L5 MIN_L10 USAGE_RATE_Season USAGE_RATE_L5 USAGE_RATE_L10 DAYS_REST IS_HOME GAMES_7D IS_4_IN_6 IS_B2B IS_FRESH PACE_ROLLING USAGE_VACUUM STAR_COUNT GAME_SCORE_Season GAME_SCORE_L5 EXP_POSS EXP_POSS_SEASON MIN_STREAK USAGE_RATE_STREAK USAGE_RATE_CONSISTENCY GAME_SCORE_STREAK GAME_SCORE_CONSISTENCY STL_Season STL_L5 STL_L10 STL_L20 STL_L5_Median STL_L10_Median STL_STREAK STL_CONSISTENCY OPP_STL_ALLOWED OPP_STL_ALLOWED_DIFF BLK_Season BLK_L5 BLK_L10 BLK_L20 BLK_L5_Median BLK_L10_Median BLK_STREAK BLK_CONSISTENCY OPP_BLK_ALLOWED OPP_BLK_ALLOWED_DIFF SB_Season SB_L5 SB_L10 SB_L20 SB_L5_Median SB_L10_Median OPP_SB_ALLOWED OPP_SB_ALLOWED_DIFF
feature_infos=[6.5459706856228053:41.996888198531956] [5.3722222222222227:48.233333333333334] [6.0533333333333328:45.767333333333326] [3.0454631429302661:50] [3.3518198366569907:50] [6.2706233500235475:50] [0:7] [0:1] [1:5] [0:1] [0:1] [0:1] [15.241541405796715:21.438673522433501] [0:7.0170031880977675] [3:18] [-2.4090852280485029:31.857915805770357] [-2.8333333333333335:41.920000000000002] [0.1175011049851578:3.7391863506726466] [0.055717144287036502:3.6910777435278641] [-9.1463954284185007:11.588257533555982] [-16.156007792588895:18.091371160270725] [0:3] [-7.9387719672752972:8.5630863458271698] [0:3] [0:4.3900960605301114] [0:5.7999999999999998] [0:3.7000000000000002] [0:4.3425703298474252] [0:6] [0:4] [-1.9186716648220876:1.5669322140191619] [0:3] [0:3] [-1:2.8999999999999999] [0:4.4510769110826942] [0:6.5999999999999996] [0:5.2000000000000002] [0:5.3472551484272941] [0:7] [0:5] [-1.3789880224276776:1.497700333104941] [0:3] [0:4.7000000000000002] [-1:4.7000000000000002] [0:5.6752244940829728] [0:8.4000000000000004] [0:7.2000000000000002] [0:6.654550804406437] [0:10] [0:7] [0:6.0999999999999996] [-1:6.0999999999999996]
tree_sizes=1713 1785 1788 1782 1783 1781 1786 1778 1779 1778 1780 1789 1789 1796 1782 1787 1779 1783 1787 1768 1783 1789 1785 1778 1788 1787 1782 1775 1772 1780 1795 1779 1787 1792 1781 1775 1783 1787 1792 1793 1793 1792 1788 1785 1768 1783 1787 1790 1788 1794 1781 1786 1792 1785 1791 1786 1783 1771 1797 1764 1794 1766 1793 1792 1786 1769 1794 1791 1793 1774 1795 1791 1796 1787 1793 1794 1765 1803 1783 1797 1785 1795 1774 1787 1789 1804 1795 1792 1784 1807 1792 1796 1774 1460 1782 1762 1578 1773 1565 1688 1805 1782 1766 1803 1774 1793 1803 1789 1810 1800 1679 1792 1795 1805 1794 1682 1799 1806 1799 1801 1776 1796 1801 1806 1687 1684 1789 1799 1666 1673 1472 1800 1677 1793 1806 1769 1792 1809 1785 1795 1799 1807 1794 1805 1808 1677 1681 1804 1695 1771 1813 1811 1782 1784 1589 1810 1679 1582 1796 1795 1795 1800 1798 1805 1589 1797 1677 1797 1801 1802 1569 1792 1793 1570 1792 1137 1142 1670 1810 1695 1680 1787 1246 1254 1570 1806 1667 1476 1690 1792 1808 1794 1795 1583 1247 1572 1684 1358 1555 1465 1461 1795 1683 1464 1576 1468 1643 1783 1577 1799 1561 1806 1140 1459 1685 1336 1788 1789 1794 1774 1787 1777 1666 1566 1686 1246 1800 1780 1785 1687 1802 1671 1791 1122 1459 1582 1796 1264 1481 1471 1796 1792 1800 1793 1789 1240 1792 1347 1791 1788 1689 1568 1467 1240 1469 1589 1136 1804 1589 1357 1801 1668 1801 1801 1662 1671 1020 1459 1350 1132 1784 1462 1578 1580 1574 1666 1635 1791 1344 1456 1658 1688 1647 1803 1459 1463 1466 1472 1772 1340 1120 1557 1660 1665 1572 1584 1575 1701 1696 1596 1576 1570 1579 1485 1688 1462 1692 1570 1801 1195 1020 1571 1798 1124 1117 1467 1573 1782 1589 1585 1142 1135 1245 1135 1244 1479 1692 1791 1784 1584 1348 1235 1580 1793 1678 1759 1130 1149 808 1805 1798 1662 1802 1772 1697 1461 1577 1472 1806 1465 1531 1793 1307 1327 1807 1798 1683 1696 1664 1801 1773 1136 1779 1802 1228 1348 1353 1350 1814 1469 1781 1690 1245 1466 1812 810 1472 1136 1535 818 1240 1246 1130 1140 1132 1462 1691 1466 1794 1469 1130 1585 1260 1134 1352 1348 1026 1478 1462 1109 1762 1770 1696 1787 1138 1802 1801 1672 1763 1023 1695 1572 1571 1698 1579 1255 1697 1469 1572 1473 1030 813 1250 817 921 1668 1568 1580 1800 1459 1460 1332 1786 1342 1221 904 907 815 924 1259 1561 1487 921 1469 1698 1558 1116 1463 1801 916 1579 1471 1333 1587 1222 1241 1131 910 1029 1557 1684 1753 1428 1782 1783 1680 1569 1686 1684 1566 1133 1571 1805 1130 700 1798 1572 1471 1542 1763 1809 1479 1773 1802 1809 1590 1592 1806 1704 1588 1576 1570 1695 1362 1571 1789 1136 1352 1582 1250 1238 1217 1463 1133 1107 1358 920 1459 1353 1361 1027 1151 1147 1140 1145 1109 1247 1113 1356 1027 1480 1671 1811 1366 1248 1038 925 1148 1105 1477 1014 1480 1034 903 1472 1683 1706 1361 1810 1577 1801 1475 1446 1589 1211 1583 1783 1818 1793 1787 1335 1343 1444 1689 1349 1573 1681 1695 1804 1331 1305 1244 1034 1368 1153 1471 1702 1698 1703 1477 1449 1355 1556 1810 1322 1013 1012 1229 1453 797 1147 1673 1138 1659 1674 1468 1040 1363 1138 1142 1805 1705 1812 1812 1759 1255 1215 1032 918 1329

Tree=0
num_leaves=15
num_cat=0
split_feature=46 46 46 34 34 46 34 1 34 50 46 34 16 1
split_gain=600.347 126.793 89.0972 33.5329 26.1441 25.6857 23.3367 16.9232 10.4182 9.38472 9.11125 9.01248 7.86163 3.37501
threshold=1.5857142857142861 0.88194444444444453 2.3875000000000006 0.42692527566735045 0.27545132989856841 3.3166666666666669 0.71506597382476833 25.433333333333337 1.5241515419650449 1.1500000000000004 0.41428571428571431 0.79232510383189303 12.360000000000005 21.597666666666672
decision_type=2 2 2 2 2 2 2 2 2 2 2 2 2 2
left_child=1 4 6 7 10 8 9 -3 -4 -2 -1 -5 -8 -6
right_child=2 3 5 11 13 -7 12 -9 -10 -11 -12 -13 -14 -15
leaf_value=0.70481091929121675 0.71167736419764682 0.70825198287376723 0.71632129797158839 0.71085716387617548 0.70807788402585103 0.72290293115454651 0.71412314677815336 0.71014702426440846 0.71956090844866016 0.71355859670903021 0.70665506498156616 0.71284042286995331 0.71620067342924576 0.70964504427933806
leaf_weight=1500.3275039494038 1870.4585540294647 3665.5086644589901 1575.2335029244423 4192.8060704171658 1543.3348228931427 377.40194168686867 1720.1222612857819 3919.0257495343685 564.95399558544159 2516.7450864613056 4267.8529627323151 1175.1692376434803 1347.6138111650944 903.09328752756119
leaf_count=2392 2827 5421 2267 6195 2317 560 2527 6024 851 3689 6522 1804 1937 1397
internal_value=0.710758 0.708852 0.714803 0.710086 0.706908 0.718058 0.713701 0.709229 0.717189 0.71276 0.706172 0.711294 0.715042 0.708651
internal_weight=31139.6 21167.1 9972.53 12952.5 8214.61 2517.59 7454.94 7584.53 2140.19 4387.2 5768.18 5367.98 3067.74 2446.43
internal_count=46730 32072 14658 19444 12628 3678 10980 11445 3118 6516 8914 7999 4464 3714
is_linear=0
shrinkage=1


Tree=1
num_leaves=15
num_cat=0
split_feature=44 44 44 47 44 44 44 37 46 44 50 13 19 34
split_gain=683.763 148.988 100.484 38.7907 15.3554 12.7588 12.5415 10.7911 7.13818 5.55603 5.281 3.7939 3.65272 3.52246
threshold=1.3502195778342745 1.9081898788699692 0.87256506259266164 2.9792141212219634 1.641065352184748 0.72770541381982679 1.0251097183779365 1.6690004123451307 1.1055555555555558 3.350584010286628 1.1500000000000004 1.0000000180025095e-35 0.82197182175320382 0.33518195624436087
decision_type=2 2 2 2 2 2 2 2 2 2 2 2 2 2
left_child=2 4 5 7 12 8 -4 -3 -1 -5 -6 -8 -2 -7
right_child=1 3 6 9 10 13 11 -9 -10 -11 -12 -13 -14 -15
leaf_value=-0.0051138278663742263 0.00077551311364842674 0.0050663708132480511 -0.0022964026679265863 0.0092517675048512243 0.0017919253933928272 -0.0036118503218849803 -0.0013926522304500818 0.0082130969101183397 -0.00084647050870639406 0.013468484776501049 0.0035287860001526113 -0.00044294345630584397 0.0019606744198256017 -0.0018180131162739619
leaf_weight=4585.3686955571175 3626.400798946619 3631.3308101594448 3427.5239298939705 510.92474833130836 1133.4181917011738 2126.2929742634296 2812.4300018846989 515.49334713816643 169.10114952921867 208.40401020646095 2004.3056816756725 4305.2521856427193 1491.45397990942 591.94694745540619
leaf_count=7189 5311 5306 5187 744 1741 3200 3939 776 315 314 2888 6659 2216 945
internal_value=-3.08243e-05 0.00344138 -0.00256015 0.00621741 0.00180276 -0.00433471 -0.0013011 0.00546372 -0.00496457 0.0105213 0.00290612 -0.000819895 0.00112348 -0.00322651
internal_weight=31139.6 13121.7 18017.9 4866.15 8255.58 7472.71 10545.2 4146.82 4754.47 719.329 3137.72 7117.68 5117.85 2718.24
internal_count=46730 19296 27434 7140 12156 11649 15785 6082 7504 1058 4629 10598 7527 4145
is_linear=0
shrinkage=0.02


Tree=2
num_leaves=15
num_cat=0
split_feature=47 47 47 47 34 34 34 24 24 34 24 24 0 24
split_gain=567.535 138.982 85.8848 38.4146 25.0435 18.1667 16.6613 15.1416 13.2334 12.4702 12.3656 7.19345 6.00966 4.32932
threshold=1.3392091398158648 2.086088172788676 0.83754050355805587 2.9792141212219634 0.71506597382476833 0.26407387013313083 0.39949843944974478 1.2336383359383578 0.6302628563353514 1.5241515419650449 0.85416860551051621 0.94122701716124191 28.603235134663869 0.56703346632459095
decision_type=2 2 2 2 2 2 2 2 2 2 2 2 2 2
left_child=2 4 5 9 7 8 10 -2 -1 -3 -4 -6 -8 -7
right_child=1 3 6 -5 11 13 12 -9 -10 -11 -12 -13 -14 -15
leaf_value=-0.0051379457480219973 0.0004199971664871881 0.0046742860113893302 -0.0025637407813510239 0.010320411727028331 0.0026740996421426612 -0.0029933180562884479 -0.00063533618112587679 0.00263856727884882 -0.0028335981649704272 0.0079909759960648721 -0.00069777244323232144 0.0050375223796216362 0.0010730351101626442 -0.0010451997456678147
leaf_weight=4144.2579001188278 4705.8236558139324 2890.7882560491562 3526.0547566413879 720.61102426052094 2164.3071061074734 1681.6322492361069 2793.8121582567692 1672.172142714262 1354.2304021120071 556.13288015127182 2410.6885042786598 700.68475836515427 1163.8622073531151 654.58945083618164
leaf_count=6420 6948 4187 5353 1061 3203 2586 4182 2528 2081 838 3612 1036 1731 964
internal_value=-3.01583e-05 0.00307375 -0.00237864 0.00610605 0.00170443 -0.00394326 -0.00113817 0.00100387 -0.00457346 0.00521663 -0.00180822 0.00325872 -0.000130129 -0.00245311
internal_weight=31139.6 13410.5 17729.1 4167.53 9242.99 7834.71 9894.42 6378 5498.49 3446.92 5936.74 2864.99 3957.67 2336.22
internal_count=46730 19801 26929 6086 13715 12051 14878 9476 8501 5025 8965 4239 5913 3550
is_linear=0
shrinkage=0.02


Tree=3
num_leaves=15
num_cat=0
split_feature=47 47 47 47 47 47 42 36 1 37 47 42 24 36
split_gain=545.118 133.488 82.4878 36.8928 20.9202 13.2697 12.0602 11.5065 10.6646 8.6935 6.71131 6.41968 4.9457 4.22624
threshold=1.3392091398158648 2.086088172788676 0.83754050355805587 2.9792141212219634 1.7550387985719393 0.53376316616715058 0.45000000000000007 1.5277777777777779 24.058166666666672 0.62941707175824668 1.192451197513879 0.75000000000000011 0.6302628563353514 3.0500000000000003
decision_type=2 2 2 2 2 2 2 2 2 2 2 2 2 2
left_child=2 4 5 7 6 -1 -2 -3 9 -4 -10 -6 -7 -5
right_child=1 3 8 13 11 12 -8 -9 10 -11 -12 -13 -14 -15
leaf_value=-0.0049923779326094889 0.00017851743018054898 0.0045269100430572959 -0.0022275118133685593 0.0093939550850496087 0.0024394222293240408 -0.0036831260124505121 0.001968507836518371 0.0074844227716533863 -0.00099251647787105732 2.0306845900935972e-05 0.00052772648264317267 0.0045128258823318428 -0.0023160243472534858 0.014333816648774611
leaf_weight=2749.5921445190907 3360.2305878698826 2772.4715051651001 3773.4830192029476 623.02526685595512 2297.6281911730766 3466.4339268505573 2746.7963328957558 674.44963103532791 3582.715717792511 830.85280603170395 1707.3660835027695 838.33255106210709 1618.6839309334755 97.585757404565811
leaf_count=4322 5069 4002 5528 906 3415 5287 4042 1023 5496 1245 2609 1189 2442 155
internal_value=-2.9518e-05 0.00301247 -0.00233116 0.00598425 0.00167045 -0.00386453 0.000985631 0.0051125 -0.00111544 -0.00181989 -0.000499957 0.00299941 -0.003251 0.0101146
internal_weight=31139.6 13410.5 17729.1 4167.53 9242.99 7834.71 6107.03 3446.92 9894.42 4604.34 5290.08 3135.96 5085.12 720.611
internal_count=46730 19801 26929 6086 13715 12051 9111 5025 14878 6773 8105 4604 7729 1061
is_linear=0
shrinkage=0.02


Tree=4
num_leaves=15
num_cat=0
split_feature=44 44 44 47 44 44 44 37 47 44 50 14 19 19
split_gain=612.196 133.227 89.4004 33.8877 13.6331 11.4515 11.1436 9.54779 5.38824 5.29855 5.04574 4.42459 3.41581 3.34609
threshold=1.3502195778342745 1.9081898788699692 0.87256506259266164 2.9792141212219634 1.641065352184748 0.72770541381982679 1.0251097183779365 1.6690004123451307 0.88218388625485067 3.350584010286628 1.1500000000000004 11.500000000000002 0.82197182175320382 1.5224760590393596
decision_type=2 2 2 2 2 2 2 2 2 2 2 2 2 2
left_child=2 4 5 7 12 8 13 -3 -1 -5 -6 -8 -2 -4
right_child=1 3 6 9 10 -7 11 -9 -10 -11 -12 -13 -14 -15
leaf_value=-0.0048993908184592891 0.00073015587094863723 0.0048025865388837841 -0.0024699462092039166 0.0086709059645136699 0.0016580854125139289 -0.003045632628064288 -0.00055396833149165211 0.0077653287464225949 -0.0023997757762591609 0.012774572093645169 0.0033551498566318574 -0.0018932587337969248 0.0018763356606042475 -0.00082307633563847541
leaf_weight=4355.7039523720741 3626.400798946619 3631.3308101594448 2801.6789728403091 510.92474833130836 1133.4181917011738 2718.2399217188358 5922.288933724165 515.49334713816643 398.76589271426201 208.40401020646095 2004.3056816756725 1195.3932538032532 1491.45397990942 625.84495705366135
leaf_count=6800 5311 5306 4217 744 1741 4145 8921 776 704 314 2888 1677 2216 970
internal_value=-2.88491e-05 0.00325661 -0.00242217 0.00588175 0.00170699 -0.00409604 -0.0012345 0.00517686 -0.00469294 0.00990581 0.00274676 -0.000780771 0.00106673 -0.00217281
internal_weight=31139.6 13121.7 18017.9 4866.15 8255.58 7472.71 10545.2 4146.82 4754.47 719.329 3137.72 7117.68 5117.85 3427.52
internal_count=46730 19296 27434 7140 12156 11649 15785 6082 7504 1058 4629 10598 7527 5187
is_linear=0
shrinkage=0.02


Tree=5
num_leaves=15
num_cat=0
split_feature=44 44 44 44 46 44 42 44 44 13 13 46 1 42
split_gain=598.005 120.16 101.333 25.0653 25.0122 13.9988 10.1712 8.09297 5.99984 5.73622 5.72871 5.63396 3.47689 3.30469
threshold=1.4652950690330722 1.0251097183779365 2.0360400352249637 0.7673418609700895 3.3875000000000006 1.6983129739208185 0.75000000000000011 1.1849800575005964 3.6731670969275649 2.2495188956154837 0.28902588207693386 0.95000000000000007 23.463666666666672 0.25000000000000006
decision_type=2 2 2 2 2 2 2 2 2 2 2 2 2 2
left_child=1 3 5 11 6 13 -4 -3 -6 -5 -7 -1 -9 -2
right_child=2 7 4 9 8 10 -8 12 -10 -11 -12 -13 -14 -15
leaf_value=-0.0045852699868504272 0.00054835381841257904 -0.0010742420848920534 0.0049395152970752344 -0.0026452227628258967 0.0096027091460232725 0.0024698795932058129 0.0072068063657722108 -0.00054449308555215732 0.015740672401163235 -0.00018640099183999163 0.0041188482132095573 -0.0021917302922698024 0.00048914929261150396 0.0019144318368882608
leaf_weight=4940.5164259672165 1003.7987996935844 3554.704239487648 1948.1592021584511 5063.2677707672119 287.72516298294067 1701.9199322462082 1436.8859567642212 1964.7068958580494 101.78942030668259 420.11547192931175 1797.7235407233238 451.50196313858032 3825.5451594293118 2625.3557562530041
leaf_count=7663 1511 5336 2991 7628 422 2371 1981 2793 155 692 2764 815 5772 3828
internal_value=4.77939e-05 -0.00198758 0.003823 -0.00341664 0.00647374 0.00241666 0.00590858 -0.000323033 0.0113045 -0.0024588 0.00332166 -0.00438759 0.000136628 0.00153985
internal_weight=31123.7 20220.4 10903.4 10875.4 3774.56 7128.8 3385.05 9344.96 389.515 5483.38 3499.64 5392.02 5790.25 3629.15
internal_count=46722 30699 16023 16798 5549 10474 4972 13901 577 8320 5135 8478 8565 5339
is_linear=0
shrinkage=0.02


Tree=6
num_leaves=15
num_cat=0
split_feature=46 46 46 34 34 34 24 24 24 34 34 0 4 24
split_gain=487.905 107.07 85.7833 30.5429 29.0252 21.5624 18.4984 14.1109 12.7033 12.1884 10.8382 7.06069 4.67651 4.34571
threshold=1.5857142857142861 0.95000000000000007 2.6125000000000003 0.29562338994563214 0.71506597382476833 0.43031204747250579 1.3100230269197726 0.63404972643017399 0.98502090155696853 1.7237610331593929 1.3077082527503954 28.776537492559413 47.563505855351231 0.26004898660586434
decision_type=2 2 2 2 2 2 2 2 2 2 2 2 2 2
left_child=1 3 4 7 6 8 -2 -1 -3 -4 -6 -7 -11 -5
right_child=2 5 9 13 10 11 -8 -9 -10 12 -12 -13 -14 -15
leaf_value=-0.0045447017775769065 0.00092542621134232496 -0.0017121223287350556 0.0067114212821792777 -0.0033622146362060298 0.003606877432651587 0.00012056917465980702 0.0035268589006627249 -0.0025952135714921039 0.00019701766782782124 0.0088975294561220858 0.0061104480306162423 0.0017427669216413901 0.013065927429751338 -0.0011594483579446288
leaf_weight=4706.8554698526859 3012.4770052433014 4356.133380740881 864.05647778511047 425.04006946086884 2916.820433318615 3219.2287336289883 1729.9299682080746 2229.1837040781975 2036.2227298915386 327.54022952914238 937.63669255375862 1619.6495348215103 220.47493034601212 2522.4663382470608
leaf_count=7235 4466 6633 1234 702 4206 4835 2575 3417 3060 513 1363 2375 327 3781
internal_value=4.68969e-05 -0.00167682 0.00368385 -0.00319492 0.00293031 -0.000339667 0.00187757 -0.00392052 -0.00110255 0.00825376 0.00422134 0.000666106 0.0106341 -0.00148255
internal_weight=31123.7 21114.8 10008.9 9883.55 8596.86 11231.2 4742.41 6936.04 6392.36 1412.07 3854.46 4838.88 548.015 2947.51
internal_count=46722 32038 14684 15135 12610 16903 7041 10652 9693 2074 5569 7210 840 4483
is_linear=0
shrinkage=0.02


Tree=7
num_leaves=15
num_cat=0
split_feature=44 44 44 44 44 44 16 42 44 14 34 36 34 42
split_gain=554.36 111.3 93.9024 23.0784 22.82 12.9992 10.191 8.05297 7.50556 5.68057 4.5919 4.42157 4.31487 3.15187
threshold=1.4652950690330722 1.0251097183779365 2.0360400352249637 0.7673418609700895 2.8824798444514097 1.6983129739208185 9.4225000000000012 0.75000000000000011 1.151055361359768 9.5000000000000018 0.32888267794775444 0.58571428571428574 0.23932459734806485 0.25000000000000006
decision_type=2 2 2 2 2 2 2 2 2 2 2 2 2 2
left_child=1 3 5 11 7 13 -6 -4 -3 -7 -5 -1 -10 -2
right_child=2 8 4 10 6 9 -8 -9 12 -11 -12 -13 -14 -15
leaf_value=-0.0043224415683946124 0.00051348360472406413 -0.0011774023072153024 0.0046831094046460766 -0.0027694155386922235 0.0023992985520615217 0.004030511091000639 0.010858605955229608 0.0067776333523364421 -0.0010916602466628821 0.0023899461720675425 -0.0015086220790905573 -0.00088577000794542841 0.00028836175740487032 0.0018476703001401467
leaf_weight=5229.0695724487305 1003.7987996935844 2802.4978750348091 1875.7454011440277 3734.1688740551472 68.995929211378098 1716.1973142027855 516.23856410384178 1313.5798477530479 1083.7163323163986 1783.4461587667465 1749.2143686413765 162.94881665706635 5458.7420874238014 2625.3557562530041
leaf_count=8164 1511 4220 2838 5622 128 2602 780 1803 1630 2533 2698 314 8051 3828
internal_value=4.60251e-05 -0.00191365 0.00368087 -0.00328902 0.00623263 0.00232699 0.0098899 0.00555262 -0.000311608 0.00319916 -0.00236974 -0.0042208 5.79782e-05 0.00148188
internal_weight=31123.7 20220.4 10903.4 10875.4 3774.56 7128.8 585.234 3189.33 9344.96 3499.64 5483.38 5392.02 6542.46 3629.15
internal_count=46722 30699 16023 16798 5549 10474 908 4641 13901 5135 8320 8478 9681 5339
is_linear=0
shrinkage=0.02


Tree=8
num_leaves=15
num_cat=0
split_feature=44 44 44 47 44 44 42 44 44 13 14 47 1 14
split_gain=532.469 106.897 90.1938 23.377 22.1615 12.4829 8.90462 7.41677 7.20842 5.48561 5.45276 5.08524 3.51115 3.11617
threshold=1.4652950690330722 1.0251097183779365 2.0360400352249637 2.9792141212219634 0.7673418609700895 1.6983129739208185 0.75000000000000011 3.6731670969275649 1.151055361359768 2.2495188956154837 9.5000000000000018 0.55058202674716539 21.597666666666672 8.5000000000000018
decision_type=2 2 2 2 2 2 2 2 2 2 2 2 2 2
left_child=1 4 5 6 11 13 -4 -5 -3 -6 -7 -1 -10 -2
right_child=2 8 3 7 9 10 -8 -9 12 -11 -12 -13 -14 -15
leaf_value=-0.0047853648269463676 0.0025581624908909894 -0.001153871036237223 0.0043825215884880867 0.0084154706661250991 -0.002504653469837238 0.0039499947217371562 0.0066263466084099344 0.014408182845468019 -0.00071097745094515113 -0.00010086571727328148 0.0023422008042808945 -0.0035219604486948115 0.00033694989504995658 0.0011312800136254633
leaf_weight=2608.0922982692719 806.41186231374741 2802.4978750348091 1778.2757898569107 625.75516587495804 5063.2677707672119 1716.1973142027855 1263.8567288219929 106.67205765843391 1738.7823944985867 420.11547192931175 1783.4461587667465 2783.926090836525 4803.6760252416134 2822.7426936328411
leaf_count=4099 1247 4220 2736 916 7628 2602 1731 166 2474 692 2533 4379 7207 4092
internal_value=4.51458e-05 -0.00187544 0.0036075 0.0061084 -0.00322333 0.00228058 0.00532175 0.00933874 -0.000305384 -0.00232241 0.00313531 -0.00413646 5.67832e-05 0.00145233
internal_weight=31123.7 20220.4 10903.4 3774.56 10875.4 7128.8 3042.13 732.427 9344.96 5483.38 3499.64 5392.02 6542.46 3629.15
internal_count=46722 30699 16023 5549 16798 10474 4467 1082 13901 8320 5135 8478 9681 5339
is_linear=0
shrinkage=0.02


Tree=9
num_leaves=15
num_cat=0
split_feature=44 44 44 44 37 44 13 44 16 3 13 47 47 13
split_gain=511.45 102.668 86.7096 21.2863 18.4655 17.6603 7.57486 7.00077 6.55791 6.0718 5.49015 4.32438 3.82311 2.86083
threshold=1.4652950690330722 1.0251097183779365 2.1622464576547906 0.72770541381982679 2.1395916153143149 1.6983129739208185 0.15637367337194158 1.223158362627401 9.3600000000000048 48.987956964261741 2.3251849958155941 0.55058202674716539 0.80556543669477032 0.99254714198077232
decision_type=2 2 2 2 2 2 2 2 2 2 2 2 2 2
left_child=1 3 5 11 8 13 -7 -3 -4 -6 -5 -1 -9 -2
right_child=2 7 4 10 9 6 -8 12 -10 -11 -12 -13 -14 -15
leaf_value=-0.0047736557249136629 0.0010202227410386728 -0.00087785884759151035 0.0037428368711573939 -0.002547227400279749 0.0089146982929010927 0.0023557865617544354 0.0040555685623217784 -0.0037035841021554748 0.0063577048085669777 0.015056823371405072 -0.00014940983680011665 -0.0035128029320174448 0.00029798964980556848 0.0022303848752796619
leaf_weight=2466.0930078625679 2431.4210954606533 4416.1925852894783 519.04562968015671 5794.4025920033455 344.36002466082573 1913.4372315108776 2470.2218342721462 95.149251818656921 1932.6879525184631 94.450542539358139 418.70400103926659 2196.2020308971405 4833.6144576668739 1197.7334604859352
leaf_count=3878 3463 6619 808 8732 549 2658 3751 162 2784 134 698 3490 7120 1876
internal_value=4.42961e-05 -0.001838 0.00353564 -0.00315896 0.00650649 0.00246133 0.00331732 -0.000299283 0.0058117 0.0103217 -0.00238735 -0.00418363 0.000217241 0.00142338
internal_weight=31123.7 20220.4 10903.4 10875.4 2890.54 8012.81 4383.66 9344.96 2451.73 438.811 6213.11 4662.3 4928.76 3629.15
internal_count=46722 30699 16023 16798 4275 11748 6409 13901 3592 683 9430 7368 7282 5339
is_linear=0
shrinkage=0.02


Tree=10
num_leaves=15
num_cat=0
split_feature=44 44 44 47 44 34 44 46 44 1 14 50 46 50
split_gain=481.145 98.0237 72.1714 23.5147 16.9496 10.1031 9.37392 6.85931 6.17569 6.00141 5.99019 5.69862 4.11202 2.91203
threshold=1.3502195778342745 2.0360400352249637 0.89514425043147938 2.9792141212219634 1.6983129739208185 0.26695538303205052 1.1398252750614755 1.3875000000000002 3.6731670969275649 24.156833333333338 9.5000000000000018 1.3500000000000003 1.3166666666666669 0.75000000000000011
decision_type=2 2 2 2 2 2 2 2 2 2 2 2 2 2
left_child=2 4 5 7 11 9 13 -3 -5 -1 -6 -2 -7 -4
right_child=1 3 6 8 10 12 -8 -9 -10 -11 -12 -13 -14 -15
leaf_value=-0.0043663237817560679 0.00063445109075121813 -0.0011049125983278697 -0.0023324562421193394 0.0080023395627031278 0.0037859581617259875 -0.0024378723627895417 -0.00031111572887072895 0.0049920703214138707 0.013494444012276816 -0.0029931967621918284 0.0021039750838373855 0.0019019594038526876 0.0018655468778246082 -0.001260513252753083
leaf_weight=4119.3060795068741 3422.8380598127842 72.276574462652206 1404.2238461375237 643.7388157248497 1708.3262315094471 1776.718902528286 4615.0249314010143 2969.8928600847721 106.49224188923836 1964.2208242714405 1784.2039167284966 2467.990117162466 89.414982259273529 4059.7820830345154
leaf_count=6396 5038 149 2129 941 2586 2767 6857 4305 166 3038 2554 3600 172 6126
internal_value=1.94527e-05 0.00292458 -0.00210321 0.00563865 0.00182562 -0.00352832 -0.000977709 0.0048433 0.00882902 -0.00392575 0.00293125 0.00116764 -0.00222455 -0.00153858
internal_weight=31204.5 13175.8 18028.7 3792.4 9383.36 7949.66 10079 3042.17 750.231 6083.53 3492.53 5890.83 1866.13 5464.01
internal_count=46824 19339 27485 5561 13778 12373 15112 4454 1107 9434 5140 8638 2939 8255
is_linear=0
shrinkage=0.02


Tree=11
num_leaves=15
num_cat=0
split_feature=46 46 46 46 50 50 46 46 46 50 1 1 13 0
split_gain=388.726 80.456 61.0814 21.0641 18.2749 11.547 10.2847 9.81408 7.27826 5.79645 4.90621 4.23177 3.87507 3.78861
threshold=1.5857142857142861 1.0500000000000003 2.6125000000000003 0.78888888888888908 1.6500000000000004 1.3500000000000003 2.0500000000000003 3.4222222222222229 0.43650793650793651 0.95000000000000007 31.539166666666677 23.864500000000003 1.0000000180025095e-35 21.77991383150351
decision_type=2 2 2 2 2 2 2 2 2 2 2 2 2 2
left_child=1 3 4 8 6 10 -2 13 -1 -5 -3 -7 -6 -4
right_child=2 5 7 9 12 11 -8 -9 -10 -11 -12 -13 -14 -15
leaf_value=-0.0044895184494049183 0.0013957429433650243 -0.00092746651004452414 0.0018605767646381463 -0.0024218113734762172 0.0030224831627811395 -0.00012565061700691184 0.0032083853217729995 0.010349051790890356 -0.0029533070313548372 -0.0011281101575405874 0.00042838210208084128 0.0014169952832735545 0.0045907925874248039 0.0065187193588561766
leaf_weight=1753.4689928293228 3950.9457170069218 4580.5767870545387 83.514025181531906 2516.4048708379269 1139.3547174930573 1067.7221655845642 1861.5402761101723 303.5942234992981 4615.6396518349648 3196.9515148103237 1379.1392323672771 2061.3424572944641 1650.2889169156551 1043.966917693615
leaf_count=2787 5878 6835 131 3780 1547 1548 2806 460 7049 4826 2139 3126 2405 1507
internal_value=1.90918e-05 -0.00151727 0.00326165 -0.00258649 0.00262215 -9.45129e-05 0.00197889 0.00708971 -0.00337909 -0.00170031 -0.000611993 0.000887665 0.00395647 0.00618644
internal_weight=31204.5 21171.2 10033.2 12082.5 8602.13 9088.78 5812.49 1431.08 6369.11 5713.36 5959.72 3129.06 2789.64 1127.48
internal_count=46824 32090 14734 18442 12636 13648 8684 2098 9836 8606 8974 4674 3952 1638
is_linear=0
shrinkage=0.02


Tree=12
num_leaves=15
num_cat=0
split_feature=47 47 34 47 47 34 0 34 42 15 34 31 36 17
split_gain=377.649 89.8665 59.5128 28.845 19.0349 16.7595 11.4633 9.80367 8.93652 8.91682 6.72128 5.59088 5.47159 3.27311
threshold=1.3392091398158648 2.086088172788676 0.2698979714233149 2.9792141212219634 0.86967001645208752 0.45169087611827491 28.776537492559413 1.1909437216833367 0.55000000000000016 8.5956851368740921 0.79232510383189303 0.97676087990082083 2.8166666666666669 1.5711156755205422
decision_type=2 2 2 2 2 2 2 2 2 2 2 2 2 2
left_child=2 5 4 7 9 11 10 -3 -7 -1 -4 -2 -5 -6
right_child=1 3 6 12 13 8 -8 -9 -10 -11 -12 -13 -14 -15
leaf_value=-0.0041295048144983724 0.00098462010428732928 0.0034631173449908184 -0.0013187056692400474 0.0076220242785532992 -0.0026107769890875831 0.001328362671239374 0.00060065362641593067 0.0058311198777754236 0.0028773353630975958 -0.0022535688495090868 0.00090608467953047142 -0.00068255012631949466 0.012279229931901952 -0.0013019847432967952
leaf_weight=4536.6291654109955 1953.4795610308647 2377.6996921300888 5784.8105281591415 614.75188755989075 1270.6226059794426 3158.1285249590874 2066.7587668895721 1031.3581964373589 2892.232168763876 1351.0795515179634 592.57670733332634 1359.0963442623615 140.01720085740089 2075.2095652222633
leaf_count=6985 2969 3453 8678 892 1908 4698 3087 1526 4118 2120 922 2047 224 3197
internal_value=1.87494e-05 0.00253411 -0.00190548 0.00497898 -0.00301537 0.00144495 -0.000690227 0.00418545 0.00207117 -0.00370163 -0.00111019 0.000297591 0.00852936 -0.00180327
internal_weight=31204.5 13526.8 17677.7 4163.83 9233.54 9362.94 8444.15 3409.06 6050.36 5887.71 6377.39 3312.58 754.769 3345.83
internal_count=46824 19927 26897 6095 14210 13832 12687 4979 8816 9105 9600 5016 1116 5105
is_linear=0
shrinkage=0.02


Tree=13
num_leaves=15
num_cat=0
split_feature=34 34 24 24 34 34 34 36 13 24 1 18 13 50
split_gain=293.473 95.2224 82.7857 62.4604 19.6472 18.4903 13.9841 12.8181 9.88622 7.83239 7.75593 7.49967 4.27476 4.12491
threshold=0.42342097221110131 1.3077082527503954 0.79406416556149761 1.0743289675168315 0.79232510383189303 0.2698979714233149 0.23677392660123592 2.8166666666666669 0.11387259442214681 1.275366522440962 24.156833333333338 1.7799193827754523 0.45650901626830015 0.95000000000000007
decision_type=2 2 2 2 2 2 2 2 2 2 2 2 2 2
left_child=2 3 5 4 -2 10 12 11 -5 -8 -1 -3 -4 -7
right_child=1 7 6 8 -6 13 9 -9 -10 -11 -12 -13 -14 -15
leaf_value=-0.0040569426600578808 -2.6330669830871308e-05 0.0041094916482535713 -0.0018458387101394334 0.0024358907826454298 0.0019652989402417164 -0.0024479284352162227 0.00023685079349292348 0.012149499269120418 0.0045698459036406722 0.0024986793843527317 -0.0026165800325110363 0.0069235661734076259 -0.00034848384215589419 -0.00091737572803058764
leaf_weight=4490.6596623659134 6402.7096648514271 660.38321033120155 1548.1524772047997 1533.7203820049763 2860.8243164718151 1366.8546216189861 2870.3431219160557 143.1123731136322 2117.3910129070282 781.24995848536491 2345.7840374708176 1021.2513816654682 1542.0332969725132 1519.9809491336346
leaf_count=6918 9494 1024 2255 2108 4241 2061 4235 230 3121 1199 3625 1496 2531 2286
internal_value=1.84175e-05 0.00206856 -0.00181628 0.00146275 0.000587949 -0.00299701 -0.000111509 0.00634442 0.003678 0.000724604 -0.00356508 0.0058306 -0.00110259 -0.00164671
internal_weight=31204.5 14739.4 16465.1 12914.6 9263.53 9723.28 6741.78 1824.75 3651.11 3651.59 6836.44 1681.63 3090.19 2886.84
internal_count=46824 21714 25110 18964 13735 14890 10220 2750 5229 5434 10543 2520 4786 4347
is_linear=0
shrinkage=0.02


Tree=14
num_leaves=15
num_cat=0
split_feature=47 47 34 47 47 34 1 34 42 1 34 1 36 47
split_gain=350.196 83.3375 54.6034 26.9773 17.704 15.5129 9.62393 9.03343 8.46393 7.02788 6.07578 5.88611 4.92538 3.11708
threshold=1.3392091398158648 2.086088172788676 0.2698979714233149 2.9792141212219634 0.86967001645208752 0.45169087611827491 25.719833333333337 1.1909437216833367 0.55000000000000016 24.156833333333338 0.83037083496848763 31.781333333333333 2.8166666666666669 1.1502640098916828
decision_type=2 2 2 2 2 2 2 2 2 2 2 2 2 2
left_child=2 5 4 7 9 11 10 -3 -7 -1 -4 -2 -5 -6
right_child=1 3 6 12 13 8 -8 -9 -10 -11 -12 -13 -14 -15
leaf_value=-0.0040481053093491641 -0.00033561415414671197 0.003333325994297595 -0.0013950031433546364 0.0073638248961749022 -0.0021311292604624258 0.0012709007462761218 0.00019735221172472949 0.005607489177463244 0.0027784631592104492 -0.0025520924641424685 0.0010957202356310805 0.0014218340685745918 0.011797535818277834 -0.00077893664949673855
leaf_weight=3955.606689542532 2133.4996800720692 2377.6996921300888 4853.8141918480396 614.75188755989075 2341.3775689601898 3158.1285249590874 3170.2120089828968 1031.3581964373589 2892.232168763876 1932.1020273864269 420.11980155110359 1179.0762252211571 140.01720085740089 1004.4546022415161
leaf_count=6168 3174 3453 7167 892 3569 4698 4872 1526 4118 2937 648 1842 224 1536
internal_value=1.80781e-05 0.0024403 -0.00183488 0.00479472 -0.00289802 0.00139139 -0.000670757 0.00402716 0.00199389 -0.00355991 -0.00119436 0.000287394 0.00822854 -0.00172888
internal_weight=31204.5 13526.8 17677.7 4163.83 9233.54 9362.94 8444.15 3409.06 6050.36 5887.71 5273.93 3312.58 754.769 3345.83
internal_count=46824 19927 26897 6095 14210 13832 12687 4979 8816 9105 7815 5016 1116 5105
is_linear=0
shrinkage=0.02


Tree=15
num_leaves=15
num_cat=0
split_feature=46 34 34 24 24 1 34 34 34 3 34 24 1 42
split_gain=331.846 73.2707 54.9388 35.5504 24.218 16.3975 11.0622 10.4337 10.3422 6.33404 6.24652 4.8993 4.7529 4.4287
threshold=1.5857142857142861 0.29009663342637554 1.1909437216833367 0.73616372387134021 1.4068528179905084 25.819833333333339 1.8167221222600958 0.45169087611827491 0.79232510383189303 49.040615838299225 0.3862688756764811 0.87836214164545579 24.255333333333336 0.35000000000000003
decision_type=2 2 2 2 2 2 2 2 2 2 2 2 2 2
left_child=1 3 4 12 7 8 -4 -2 -3 -8 -6 -5 -1 -7
right_child=2 5 6 11 10 13 9 -9 -10 -11 -12 -13 -14 -15
leaf_value=-0.0039021880360542273 5.7423533287174012e-05 -0.001296585407346308 0.0048286573107149825 -0.002013454292280024 0.0021830626857076191 -0.00011890800066030571 0.0070726504129196488 0.0020428607419182604 0.0010626635674194241 0.012573741856283318 0.0048261245139679908 -0.00058306625884922106 -0.0027151710197945412 0.0011474177278672497
leaf_weight=4502.1762535572052 1396.7843372523785 5133.7898630797863 1381.6751847267151 1594.0418019294739 503.03280267119408 1835.5190571844578 572.04725047945976 4513.7628153860569 862.74944022297859 109.28387781977654 1446.4902313947678 2472.9109162390232 2065.5741031467915 2721.7639032304287
leaf_count=6911 2151 7514 2015 2422 797 2845 898 6510 1327 155 2051 3804 3179 4105
internal_value=-3.53772e-05 -0.00144922 0.00298225 -0.00262079 0.00221678 -0.000267459 0.00588888 0.00157553 -0.000955241 0.00800387 0.0041522 -0.00114688 -0.00353133 0.000635363
internal_weight=31111.6 21188.5 9923.08 10634.7 7860.07 10553.8 2063.01 5910.55 5996.54 681.331 1949.52 4066.95 6567.75 4557.28
internal_count=46684 32107 14577 16316 11509 15791 3068 8661 8841 1053 2848 6226 10090 6950
is_linear=0
shrinkage=0.02


Tree=16
num_leaves=15
num_cat=0
split_feature=34 34 24 24 34 34 37 24 26 4 34 15 17 24
split_gain=270.252 84.3084 73.5465 60.8921 14.3084 13.6438 12.4264 9.73487 8.464 6.19398 6.02229 5.72119 4.06173 2.682
threshold=0.40977877589771716 1.1909437216833367 0.82310781625338003 1.0634959543874769 0.71506597382476833 0.24209343366877165 1.8146973503612434 1.2871871826287744 1.8452380952380956 47.39816429976279 0.20780063536999324 8.3191856808020734 2.5236378365787364 0.60867869990640633
decision_type=2 2 2 2 2 2 2 2 2 2 2 2 2 2
left_child=2 3 5 4 -2 11 12 -5 10 -8 -4 -1 -3 -7
right_child=1 6 8 7 -6 13 9 -9 -10 -11 -12 -13 -14 -15
leaf_value=-0.0037776201473699901 -0.00021797868809501287 0.003643253832020001 -0.0010229582416258797 0.0022915708307380896 0.0014398264006396373 -0.0024168532825109392 0.0061390797956345942 0.0043615109947783568 0.0038478916484659753 0.010027254602331585 0.00029566615374232826 -0.0023559141688407684 0.0061480809151628277 -0.0013086707021099629
leaf_weight=4883.4105534851551 5822.4778525531292 1063.7368443906307 2290.6039801537991 1728.9490413069725 3233.103679805994 1921.7372854948044 547.88548141717911 2008.4415172934532 209.36552777886391 267.88093203306198 3482.9055537879467 1550.1143556535244 375.16572511196136 1725.823508054018
leaf_count=7479 8612 1607 3589 2477 4803 2930 851 2877 314 401 5211 2435 544 2554
internal_value=-3.46116e-05 0.00189088 -0.00183892 0.00126093 0.000372989 -0.0028813 0.00545652 0.00340835 -8.04625e-05 0.00744951 -0.000225931 -0.00343746 0.00431091 -0.00189627
internal_weight=31111.6 15047.6 16064 12793 9055.58 10081.1 2254.67 3737.39 5982.88 815.766 5773.51 6433.52 1438.9 3647.56
internal_count=46684 22172 24512 18769 13415 15398 3403 5354 9114 1252 8800 9914 2151 5484
is_linear=0
shrinkage=0.02


Tree=17
num_leaves=15
num_cat=0
split_feature=44 44 44 47 44 46 46 42 44 44 44 2 13 44
split_gain=371.08 78.1647 59.9183 16.6996 14.9812 9.06481 8.09658 7.42922 5.75619 5.43523 4.41494 3.54999 2.98259 2.86112
threshold=1.4790090002074414 0.89514425043147938 2.0047655741546095 2.9002079930241877 1.1230944580898174 1.2928571428571431 1.3875000000000002 0.45000000000000007 3.350584010286628 0.72770541381982679 1.6496823740356883 22.927916666666672 1.874202037351443 1.7698952075895478
decision_type=2 2 2 2 2 2 2 2 2 2 2 2 2 2
left_child=1 5 7 6 12 9 -4 13 -5 -1 -9 -6 -3 -2
right_child=2 4 3 8 11 -7 -8 10 -10 -11 -12 -13 -14 -15
leaf_value=-0.0037017260812898696 0.00074038478413303993 -0.0016432276823594297 -0.0016346721203473861 0.0064179594491868041 -0.00069155477628039016 0.0010111900320912298 0.0044374668537950955 0.0015332933133969304 0.010380487487854782 -0.002604909085255121 0.0030475420418689704 0.00024939223140819759 -0.00021766776372975202 0.0020495211055443262
leaf_weight=4612.3253020346165 2217.9558136463165 4410.0153899788857 87.089254796504974 650.15943992137909 2329.616702914238 199.74503636360168 2986.9035020768642 1257.8717265427113 215.51805844902992 3167.6886775195599 2169.9473344683647 5125.9757671356201 696.98783338069916 983.80199909210205
leaf_count=7227 3287 6543 179 945 3341 383 4343 1837 330 4785 3121 7717 1151 1495
internal_value=-3.38589e-05 -0.0016009 0.00301061 0.00496516 -0.000616467 -0.00314889 0.00426124 0.00184645 0.00743764 -0.00325722 0.00249601 -4.33871e-05 -0.00145079 0.00114679
internal_weight=31111.6 20542.4 10569.2 3939.67 12562.6 7979.76 3073.99 6629.58 865.677 7780.01 3427.82 7455.59 5107 3201.76
internal_count=46684 31147 15537 5797 18752 12395 4522 9740 1275 12012 4958 11058 7694 4782
is_linear=0
shrinkage=0.02


Tree=18
num_leaves=15
num_cat=0
split_feature=47 47 47 47 34 34 34 0 1 34 47 0 47 32
split_gain=297.151 79.6018 44.2475 21.3235 14.4928 12.5825 11.6143 8.26344 6.90856 6.87533 5.97753 5.18324 4.35998 3.37845
threshold=1.3392091398158648 2.0706324054263754 0.86329107472498146 2.9002079930241877 0.71506597382476833 0.26407387013313083 0.39261767604083331 29.829663436194171 23.463666666666672 1.1909437216833367 0.51469610910092622 28.776537492559413 3.9247117682369308 0.55000000000000016
decision_type=2 2 2 2 2 2 2 2 2 2 2 2 2 2
left_child=2 4 5 9 7 10 8 -2 -4 -3 -1 -8 -5 -6
right_child=1 3 6 12 13 -7 11 -9 -10 -11 -12 -13 -14 -15
leaf_value=-0.004169460778500095 1.4796760351466095e-05 0.0031501696036688696 -0.0022302500849564403 0.0066416136587970718 0.0014822382943757307 -0.0016213421509700698 -0.00042595176847522105 0.0014852056998198727 -0.00078352343610881936 0.0051729446948730311 -0.0028104119298837161 0.0011734619213077373 0.010956726413189758 0.0029159799768486662
leaf_weight=2130.4597921669483 3684.0593594908714 2364.2850188910961 2268.5137543976307 749.49508601427078 1138.3665668666363 2566.2427238821983 2747.8323349952698 2628.2386800348759 3239.9589366912842 986.69495123624802 3620.7944453656673 1146.4921144843102 122.96745207905769 1717.2006217241287
leaf_count=3366 5550 3418 3361 1103 1696 3896 4122 3838 4970 1454 5510 1695 186 2519
internal_value=-3.31311e-05 0.0022148 -0.00173252 0.00448688 0.00116626 -0.00279545 -0.000790825 0.000628888 -0.00138173 0.00375149 -0.00331686 4.2711e-05 0.0072849 0.00234936
internal_weight=31111.6 13391.3 17720.3 4223.44 9167.87 8317.5 9402.8 6312.3 5508.47 3350.98 5751.25 3894.32 872.463 2855.57
internal_count=46684 19764 26920 6161 13603 12772 14148 9388 8331 4872 8876 5817 1289 4215
is_linear=0
shrinkage=0.02


Tree=19
num_leaves=15
num_cat=0
split_feature=44 44 44 47 44 50 46 46 44 44 1 44 1 44
split_gain=344.232 72.4604 55.5707 15.7994 13.9099 8.6792 8.55744 6.76692 5.40314 5.0188 4.93809 4.65859 2.35516 2.3353
threshold=1.4790090002074414 0.89514425043147938 1.9919625457720906 2.9002079930241877 1.151055361359768 1.1500000000000004 1.2928571428571431 1.3875000000000002 3.350584010286628 0.72770541381982679 21.701000000000004 1.641065352184748 23.463666666666672 1.8244016872395743
decision_type=2 2 2 2 2 2 2 2 2 2 2 2 2 2
left_child=1 6 5 7 12 13 9 -4 -5 -1 -6 -7 -3 -2
right_child=2 4 3 8 10 11 -8 -9 -10 -11 -12 -13 -14 -15
leaf_value=-0.0035647978135545659 0.00049931483277059093 -0.0017602529874323858 -0.0012002373502591197 0.0061632911339629956 -0.00088773178597637155 0.0014184033610599685 0.0010088657540177277 0.0042333816318359451 0.010003372849233172 -0.0025101571245147564 0.00033523782879040182 0.0028527087389021944 -0.00093465877778752524 0.0020228550041517276
leaf_weight=4612.3253020346165 1983.2162436246872 2662.4146066009998 90.733257442712784 650.762342274189 1785.9015434980392 1474.983488291502 199.74503636360168 3102.9878806173801 215.51805844902992 3167.6886775195599 5048.4947184920311 2536.263730853796 3065.7848248183727 514.78212743997574
leaf_count=7227 2957 3912 186 946 2541 2162 383 4515 330 4785 7583 3634 4716 807
internal_value=-3.24158e-05 -0.00154171 0.00289984 0.00473717 -0.000593846 0.0017512 -0.00303217 0.00407523 0.00715101 -0.00313743 1.40337e-05 0.00232876 -0.00132061 0.00081865
internal_weight=31111.6 20542.4 10569.2 4060 12562.6 6509.25 7979.76 3193.72 866.28 7780.01 6834.4 4011.25 5728.2 2498
internal_count=46684 31147 15537 5977 18752 9560 12395 4701 1276 12012 10124 5796 8628 3764
is_linear=0
shrinkage=0.02


Tree=20
num_leaves=15
num_cat=0
split_feature=44 44 44 44 44 44 42 16 0 46 44 13 13 1
split_gain=342.896 62.3225 46.2358 20.8456 7.27719 7.05734 6.53215 6.1861 5.5738 5.34802 5.09987 3.64556 3.35327 2.96589
threshold=1.3502195778342745 1.9081898788699692 0.89514425043147938 2.8824798444514097 1.1568847730595773 0.72770541381982679 0.95000000000000007 7.0400000000000018 25.495207830937968 1.1180555555555558 1.641065352184748 0.49878279298888734 2.5501507561762131 31.451833333333337
decision_type=2 2 2 2 2 2 2 2 2 2 2 2 2 2
left_child=2 7 5 6 13 9 -3 -2 -5 -1 -9 -6 -7 -4
right_child=1 3 4 8 11 12 -8 10 -10 -11 -12 -13 -14 -15
leaf_value=-0.0035647464072365341 0.0003562949533812084 0.0032851647560737918 -0.0015501630707266977 0.0032263725067500819 -0.00079742177101841077 -0.0023394516792218747 0.0050897015211392258 0.0012233787049980677 0.008685004457333145 9.8677886705565029e-05 0.0023813484262988037 0.00038262768909019573 0.00086494853612888915 -0.00035257099675197091
leaf_weight=4485.7903853654861 1793.0049311220646 3158.8706805408001 4806.1105834841728 99.399911522865295 2237.2800295650959 3137.6866963207722 1131.2966388761997 3843.247541218996 490.97774875164032 159.6555198431015 2597.0565632581711 1952.9439260363579 130.65320405364037 1028.1241387724876
leaf_count=7027 2632 4717 7154 184 3186 4732 1538 5640 728 305 3815 3033 226 1629
internal_value=8.60829e-06 0.00246677 -0.00178796 0.00425819 -0.000884079 -0.00293114 0.00376549 0.00140286 0.00779683 -0.0034367 0.00169248 -0.000245129 -0.00220785 -0.00134103
internal_weight=31052.1 13113.9 17938.2 4880.54 10024.5 7913.79 4290.17 8233.31 590.378 4645.45 6440.3 4190.22 3268.34 5834.23
internal_count=46546 19254 27292 7167 15002 12290 6255 12087 912 7332 9455 6219 4958 8783
is_linear=0
shrinkage=0.02


Tree=21
num_leaves=15
num_cat=0
split_feature=44 44 44 47 44 44 46 44 16 46 44 13 13 1
split_gain=329.348 59.8615 44.4018 20.9896 6.98934 6.77534 6.51132 6.45132 5.94017 5.17774 4.89646 3.50157 3.22322 2.84712
threshold=1.3502195778342745 1.9081898788699692 0.89514425043147938 2.9002079930241877 1.1568847730595773 0.72770541381982679 1.267857142857143 2.8824798444514097 7.0400000000000018 0.95000000000000007 1.641065352184748 0.49878279298888734 2.5501507561762131 31.451833333333337
decision_type=2 2 2 2 2 2 2 2 2 2 2 2 2 2
left_child=2 8 5 6 13 9 -3 -5 -2 -1 -10 -6 -7 -4
right_child=1 3 4 7 11 12 -8 -9 10 -11 -12 -13 -14 -15
leaf_value=-0.0035539675004994113 0.00034917700258251861 -0.0018768598235445516 -0.0015191726950947041 0.0049837189859941386 -0.00078148758498639156 -0.0022926924761433316 0.0036705885361666551 0.0085849570945325943 0.0011989238533205418 -0.00091302468911755698 0.0023337581231236979 0.00037498294790124962 0.00084791032530090785 -0.00034553328323201822
leaf_weight=4313.6272301077843 1793.0049311220646 82.944126546382904 4806.1105834841728 392.60441610217094 2237.2800295650959 3137.6866963207722 3923.596600741148 481.39983630180359 3843.247541218996 331.81867510080338 2597.0565632581711 1952.9439260363579 130.65320405364037 1028.1241387724876
leaf_count=6718 2632 172 7154 572 3186 4732 5713 710 5640 614 3815 3033 226 1629
internal_value=8.48377e-06 0.0024176 -0.00175223 0.00417331 -0.000866427 -0.00287252 0.00355237 0.00699376 0.00137487 -0.00336795 0.00165868 -0.000240183 -0.00216365 -0.00131425
internal_weight=31052.1 13113.9 17938.2 4880.54 10024.5 7913.79 4006.54 874.004 8233.31 4645.45 6440.3 4190.22 3268.34 5834.23
internal_count=46546 19254 27292 7167 15002 12290 5885 1282 12087 7332 9455 6219 4958 8783
is_linear=0
shrinkage=0.02


Tree=22
num_leaves=15
num_cat=0
split_feature=47 47 47 47 50 0 50 47 1 46 46 6 37 17
split_gain=261.138 62.2282 39.1708 21.0509 11.1311 9.98435 7.07333 6.52234 5.65167 5.28848 4.70058 4.25457 4.19214 4.06155
threshold=1.3392091398158648 2.0706324054263754 0.7270313854396192 2.9002079930241877 1.6500000000000004 23.0084797310132 0.95000000000000007 1.1445710094799486 25.343000000000004 3.9500000000000006 0.38750000000000007 5.5000000000000009 0.62399444468202003 2.3205943893006697
decision_type=2 2 2 2 2 2 2 2 2 2 2 2 2 2
left_child=2 4 10 6 8 12 -3 -7 -2 -5 -1 -6 -4 -12
right_child=1 3 5 9 11 7 -8 -9 -10 -11 13 -13 -14 -15
leaf_value=-0.0041313352700416469 -3.0987251921667087e-05 0.0013438014939971623 -0.0018124361790396002 0.0062118477255138672 0.0025689544101625966 -0.00088957100869639194 0.0037944874133242967 0.00042535092325012019 0.0011795453652057187 0.011051557751053862 -0.0028937064533634937 -0.00083348820518498908 -0.00027712345726327872 -0.0010815532222540377
leaf_weight=1129.7400475740433 2347.9255055785179 585.23977202177048 4577.8813869357109 764.37894630432129 2242.6616105735302 4101.6235196590424 2821.3162378072739 2373.1220933794975 4408.9457729160786 113.25147560238838 3982.6068363785744 151.75714135169983 861.88621279597282 589.76193985342979
leaf_count=1802 3406 926 6884 1119 3248 6211 4043 3543 6684 171 6108 210 1303 888
internal_value=8.32833e-06 0.00210865 -0.00159299 0.0040984 0.00117536 -0.000939062 0.00337743 -0.0004061 0.000757537 0.00687145 -0.0029568 0.00234862 -0.00157121 -0.00266273
internal_weight=31052.1 13435.5 17616.6 4284.19 9151.29 11914.5 3406.56 6474.75 6756.87 877.63 5702.11 2394.42 5439.77 4572.37
internal_count=46546 19807 26739 6259 13548 17941 4969 9754 10090 1290 8798 3458 8187 6996
is_linear=0
shrinkage=0.02


Tree=23
num_leaves=15
num_cat=0
split_feature=49 37 37 26 45 2 42 13 2 37 3 37 42 15
split_gain=210.887 47.4333 42.1823 25.0609 13.3316 10.749 7.81084 7.3386 6.8315 5.54291 5.53979 4.98156 3.18969 2.7732
threshold=1.2500000000000002 1.5458128604600454 0.41180472397890838 0.68333333333333346 1.9000000000000001 25.161027777777779 0.35000000000000003 0.10695994030176686 28.450833333333339 0.92833861327012224 48.493646328544109 0.24406226310294735 1.1500000000000001 9.3816911631813742
decision_type=2 2 2 2 2 2 2 2 2 2 2 2 2 2
left_child=2 4 3 11 6 9 -2 -6 -5 -4 13 -1 -7 -3
right_child=1 10 5 8 7 12 -8 -9 -10 -11 -12 -13 -14 -15
leaf_value=-0.002956874152971147 8.7522738342479434e-05 0.0029125948079025184 -0.0008825583383007936 -0.0014108385100877999 0.0016191427320873977 0.00092184471987326994 0.0017331470622165899 0.0032914046416041695 -0.0001052797943876742 0.0013001433606186518 0.0086947851741073744 -0.0018285282305486763 0.0036915624345178026 0.0057486243473617391
leaf_weight=4959.4572301208973 1933.1941694319248 192.31195944547653 3039.9422951936722 4128.849585801363 1827.787701189518 2617.6516374945641 2909.6010772585869 2593.1915222108364 2648.946540415287 544.40640687942505 247.39510637521744 2395.3197939991951 179.23856520652771 834.80490770936012
leaf_count=7636 2916 298 4577 6084 2506 4043 4193 3894 4029 815 368 3656 277 1254
internal_value=8.16773e-06 0.00230781 -0.00117282 -0.00178223 0.00180774 0.000175409 0.0010786 0.00260334 -0.000902247 -0.000547712 0.0059262 -0.00259135 0.00110543 0.00523403
internal_weight=31052.1 10538.3 20513.8 14132.6 9263.77 6381.24 4842.8 4420.98 6777.8 3584.35 1274.51 7354.78 2796.89 1027.12
internal_count=46546 15429 31117 21405 13509 9712 7109 6400 10113 5392 1920 11292 4320 1552
is_linear=0
shrinkage=0.02


Tree=24
num_leaves=15
num_cat=0
split_feature=47 47 47 47 42 2 42 47 2 14 36 37 47 2
split_gain=242.248 57.791 36.3641 19.7139 9.72602 9.29274 6.22029 5.23957 5.21713 5.18371 4.40518 4.26437 3.73376 3.2385
threshold=1.3392091398158648 2.0706324054263754 0.69194741313045471 2.9002079930241877 0.35000000000000003 28.614916666666669 0.95000000000000007 1.2282614306509241 26.667250000000006 9.5000000000000018 2.8166666666666669 0.53927062982969765 0.32902703703637537 32.544750000000001
decision_type=2 2 2 2 2 2 2 2 2 2 2 2 2 2
left_child=2 4 12 6 8 11 -3 -7 -2 -6 -5 -4 -1 -14
right_child=1 3 5 10 9 7 -8 -9 -10 -11 -12 -13 13 -15
leaf_value=-0.0042497606296330028 -0.00057294400218926161 0.0027525130635246853 -0.0015271315933997449 0.0059600392193416675 0.0023268823389826928 -0.00051765140250863086 0.0047757814012489063 0.001280810689711173 0.00095129402290170374 0.0010768841070461469 0.010086648366033025 -0.00040903892163185164 -0.0028421232397361283 -0.00023011881540090082
leaf_weight=790.62646868824959 1484.7490686178207 2576.9569802582264 7057.0614656209946 741.63632243871689 2573.5257333219051 2908.4382448196411 829.59902957081795 830.36796304583549 2248.9929031133652 2844.0223253667355 135.99409946799278 1725.8977756202221 4095.9725352525711 208.2575835287571
leaf_count=1279 2195 3818 10467 1074 3861 4496 1151 1263 3443 4049 216 2634 6267 333
internal_value=8.05953e-06 0.002031 -0.00153424 0.00394853 0.00113154 -0.000953178 0.00325069 -0.000115079 0.000342511 0.00167316 0.00663233 -0.0013087 -0.00295943 -0.00271823
internal_weight=31052.1 13435.5 17616.6 4284.19 9151.29 12521.8 3406.56 3738.81 3733.74 5417.55 877.63 8782.96 5094.86 4304.23
internal_count=46546 19807 26739 6259 13548 18860 4969 5759 5638 7910 1290 13101 7879 6600
is_linear=0
shrinkage=0.02


Tree=25
num_leaves=15
num_cat=0
split_feature=47 47 47 46 50 50 0 2 36 16 50 31 24 47
split_gain=242.126 60.8956 36.7149 14.2201 11.7316 10.7882 6.2151 4.6611 4.55845 4.26159 4.13524 4.02457 3.72426 3.19583
threshold=1.3392091398158648 2.086088172788676 0.74030394378492337 2.7888888888888892 1.6500000000000004 0.75000000000000011 28.429985785519261 27.397416666666668 2.8166666666666669 11.020000000000003 2.5500000000000003 0.87610914353072966 0.79406416556149761 0.42368222586998172
decision_type=2 2 2 2 2 2 2 2 2 2 2 2 2 2
left_child=2 4 9 10 7 12 -7 -2 -5 13 -3 -6 -4 -1
right_child=1 3 5 8 11 6 -8 -9 -10 -11 -12 -13 -14 -15
leaf_value=-0.0038116795664320654 0.00013628556773332182 0.0031120607906514083 -0.0023729933368704134 0.0054398179695036956 0.0030247331187388932 -0.00087116785175695853 0.00026808608422657386 0.0011915909718845162 0.0094383644372756786 -0.0012500444084444374 0.0061935902812583722 0.0013398663469282471 -0.00081331931039468647 -0.0026706590897338151
leaf_weight=1418.6950252950191 3072.2771489620209 2789.4696700870991 2069.3178882300854 1025.0785621702671 1432.7303949296474 5968.8943072259426 2802.0757857263088 3741.0490245819092 141.47088223695755 667.31292855739594 194.40801474452019 992.62975439429283 905.41453421115875 3896.1691953837872
leaf_count=2280 4500 4109 3133 1487 2082 9026 4184 5666 227 1048 262 1432 1386 5936
internal_value=2.09104e-05 0.0020511 -0.0015119 0.00406388 0.0011451 -0.000860863 -0.000506091 0.000717378 0.00594862 -0.00278778 0.00332019 0.00234096 -0.0019025 -0.00297843
internal_weight=31117 13389.1 17727.9 4150.43 9238.69 11745.7 8770.97 6813.33 1166.55 5982.18 2983.88 2425.36 2974.73 5314.86
internal_count=46758 19765 26993 6085 13680 17729 13210 10166 1714 9264 4371 3514 4519 8216
is_linear=0
shrinkage=0.02


Tree=26
num_leaves=15
num_cat=0
split_feature=47 47 47 47 42 50 1 15 1 15 47 36 36 15
split_gain=232.573 58.4939 35.2628 13.511 11.5195 10.4914 6.57194 4.6056 4.32468 4.19504 4.1018 3.78928 3.54998 3.47712
threshold=1.3392091398158648 2.086088172788676 0.74030394378492337 2.9002079930241877 0.35000000000000003 1.3500000000000003 27.056500000000003 12.140052730901747 27.533833333333334 9.2165322073272655 0.32902703703637537 1.5634920634920637 2.8166666666666669 10.17282738147013
decision_type=2 2 2 2 2 2 2 2 2 2 2 2 2 2
left_child=2 4 10 11 8 6 -4 -6 -2 -7 -1 -3 -5 -12
right_child=1 3 5 12 7 9 -8 -9 -10 -11 13 -13 -14 -15
leaf_value=-0.004083207473917572 -0.00051127960331416816 0.0030516424407020836 -0.0016512111197766006 0.0055862840754357032 0.0012402152554996362 -0.00055028257327752541 -0.00046751516748233339 0.0024416021998204126 0.00086010078199946825 0.00084412962752542062 -0.0027219175420595721 0.0048742044777815323 0.0092732812610805369 -0.0011554167094901466
leaf_weight=805.4631829559803 1623.6213908493519 2691.2418167591095 5325.0883817672729 731.45289394259453 3400.6887911558151 1912.2042762637138 2941.4838414788246 2112.1681049764156 2102.2080358862877 1566.9260158836842 4496.3830741345882 587.35875290632248 140.37366563081741 680.3308921456337
leaf_count=1314 2395 3893 7932 1072 5018 2871 4523 3046 3221 2403 6883 895 225 1067
internal_value=2.05286e-05 0.00201027 -0.00148173 0.00398297 0.00112229 -0.000843675 -0.00123144 0.00170304 0.000259852 7.49825e-05 -0.00273215 0.00338397 0.00621124 -0.0025185
internal_weight=31117 13389.1 17727.9 4150.43 9238.69 11745.7 8266.57 5512.86 3725.83 3479.13 5982.18 3278.6 871.827 5176.71
internal_count=46758 19765 26993 6085 13680 17729 12455 8064 5616 5274 9264 4788 1297 7950
is_linear=0
shrinkage=0.02


Tree=27
num_leaves=15
num_cat=0
split_feature=47 34 46 24 47 47 24 34 1 34 2 46 16 34
split_gain=224.017 58.4072 30.401 19.3018 16.4996 11.0205 7.98534 5.75869 4.5846 4.40487 3.93751 4.5159 3.47916 3.28456
threshold=1.6190297649539132 0.2698979714233149 2.7888888888888892 0.6302628563353514 1.1867562940791816 2.0706324054263754 0.79727689746951536 0.79232510383189303 24.35616666666667 1.2423149972615535 35.824000000000005 3.3875000000000006 11.100000000000003 0.41630649477590792
decision_type=2 2 2 2 2 2 2 2 2 2 2 2 2 2
left_child=1 3 5 12 6 9 -3 -6 -5 -2 11 -4 -1 -7
right_child=2 4 10 8 7 13 -8 -9 -10 -11 -12 -13 -14 -15
leaf_value=-0.0032807098379478428 0.0014175419270059178 -0.0011526336150385159 0.005133721504971385 -0.0020193303050200615 0.00033939216540230339 0.0011173693289223588 0.00074797428005242872 0.0019484234257033186 -0.00081416859001843134 0.003603984892656282 0.0023125746345344636 0.008094463249258655 -0.0014889721989550975 0.0033719928982845738
leaf_weight=4335.8500094711781 4274.7579334974289 5222.1967557966709 702.24108871817589 2256.2200605273247 4687.2811161875725 302.53114512562752 1056.2802993059158 1104.188126295805 2971.3949308991432 410.71825957298279 135.19760483503342 336.24240884184837 510.97129389643669 2810.9220837652683
leaf_count=6691 6269 7915 1017 3418 6939 480 1560 1679 4552 598 206 500 854 4080
internal_value=2.01399e-05 -0.00105973 0.00268601 -0.0021839 -0.000120377 0.00223119 -0.00083115 0.000648459 -0.0013368 0.00161279 0.00569078 0.00611568 -0.00309457 0.00315698
internal_weight=31117 22144.4 8972.61 10074.4 12069.9 7798.93 6278.48 5791.47 5227.61 4685.48 1173.68 1038.48 4846.82 3113.45
internal_count=46758 33608 13150 15515 18093 11427 9475 8618 7970 6867 1723 1517 7545 4560
is_linear=0
shrinkage=0.02


Tree=28
num_leaves=15
num_cat=0
split_feature=46 46 46 50 50 24 46 36 37 1 46 37 1 36
split_gain=206.521 49.0842 33.7322 13.6805 13.2992 8.68687 7.05898 6.06637 5.82685 5.72555 5.06284 2.66546 2.45922 2.33226
threshold=1.5857142857142861 0.95000000000000007 2.6125000000000003 1.2500000000000002 1.6500000000000004 0.6302628563353514 2.0500000000000003 0.47222222222222227 0.39095392722291683 27.9815 3.3875000000000006 1.3151059414684607 23.864500000000003 1.5634920634920637
decision_type=2 2 2 2 2 2 2 2 2 2 2 2 2 2
left_child=1 5 4 9 6 7 -2 -1 -5 -3 13 -6 -7 -4
right_child=2 3 10 8 11 12 -8 -9 -10 -11 -12 -13 -14 -15
leaf_value=-0.0027065877966760236 0.00088484059571021837 -0.0011970472838028342 0.0035020071960816862 -8.2811057515497184e-05 0.0027608833476942406 -0.0018100583775362989 0.0023959448309117354 -0.00073369059395308859 0.0013688906460835887 1.0374162030386015e-05 0.007286647863042923 0.0044733316703020401 -0.00066288295088780757 0.0055145310321440908
leaf_weight=6240.285390406847 3951.5316624939442 4246.244080811739 544.3302041888237 2082.6350458264351 2300.4661947488785 1482.9373928010464 1826.2212737798691 710.51551339030266 2326.5549687743187 2466.7518610358238 377.39720979332924 468.64974105358124 1589.7886046767235 502.68397295475006
leaf_count=9573 5872 6291 769 3127 3273 2283 2751 1098 3510 3838 563 649 2397 764
internal_value=1.97877e-05 -0.00109874 0.00239256 -0.00018292 0.00191496 -0.00211371 0.00136486 -0.00250662 0.000681201 -0.000752009 0.00524455 0.00305733 -0.00122059 0.00448645
internal_weight=31117 21145.7 9971.28 11122.2 8546.87 10023.5 5777.75 6950.8 4409.19 6713 1424.41 2769.12 3072.73 1047.01
internal_count=46758 32117 14641 16766 12545 15351 8623 10671 6637 10129 2096 3922 4680 1533
is_linear=0
shrinkage=0.02


Tree=29
num_leaves=15
num_cat=0
split_feature=44 44 44 44 44 44 45 45 16 51 4 34 34 12
split_gain=256.673 50.1888 36.2227 10.9333 9.0678 7.22871 4.75605 3.89204 3.86496 3.19048 3.12246 3.05047 2.84968 1.68779
threshold=1.3502195778342745 2.0360400352249637 0.83043979783833211 1.6983129739208185 2.6485207790552856 1.1568847730595773 1.5500000000000003 2.9000000000000004 11.020000000000003 1.1500000000000004 21.366653985327737 0.25588344008111535 0.19256807545662163 17.851144525896519
decision_type=2 2 2 2 2 2 2 2 2 2 2 2 2 2
left_child=2 3 6 10 9 13 8 -6 -1 -3 -2 -7 -5 -4
right_child=1 4 5 12 7 11 -8 -9 -10 -11 -12 -13 -14 -15
leaf_value=-0.002947233398262345 -0.0024634336890278661 0.003009884432382719 -0.0019100016922920661 -0.0013492446353544185 0.0039838037742329791 -0.001209196554627569 0.00091433586610308829 0.0067912314415785446 -0.0013647927088911822 0.0044789770627589251 0.00089382430511231615 0.00011045022766183059 0.0023429796645382515 -0.001078520736516528
leaf_weight=5822.4603952467442 109.59079691767693 1882.5256053507328 1222.2746435105801 81.04970908164978 343.52543663978577 887.35616487264633 137.85983529686928 609.02677434682846 724.16321325302124 956.2195049226284 5738.8789601624012 3257.986301869154 3369.3755014836788 5974.7002737820148
leaf_count=9012 162 2816 1826 148 559 1339 261 901 1187 1303 8441 4818 4934 9051
internal_value=1.94318e-05 0.00215118 -0.00152805 0.0013583 0.00409147 -0.000838279 -0.00269637 0.00579971 -0.00277419 0.00351107 0.000828385 -0.00017007 0.00225262 -0.00122161
internal_weight=31117 13090.2 18026.8 9298.89 3791.3 11342.3 6684.48 952.552 6546.62 2838.75 5848.47 4145.34 3450.43 7196.97
internal_count=46758 19264 27494 13685 5579 17034 10460 1460 10199 4119 8603 6157 5082 10877
is_linear=0
shrinkage=0.02


Tree=30
num_leaves=15
num_cat=0
split_feature=44 44 44 44 44 16 14 13 37 44 44 46 14 13
split_gain=229.959 50.1102 35.9767 12.9371 8.48483 5.41245 5.34923 5.22143 4.30757 4.23104 4.13869 3.36745 2.44356 2.14579
threshold=1.5355864274150115 1.0969645092369282 2.4212105330238112 0.78749892358958229 1.9081898788699692 7.8799999999999999 9.5000000000000018 2.1872285726798935 0.53419363142136189 3.350584010286628 1.308724899797151 1.5634920634920637 10.500000000000002 1.0000000180025095e-35
decision_type=2 2 2 2 2 2 2 2 2 2 2 2 2 2
left_child=1 3 4 8 6 -4 -2 -5 -1 -7 13 -6 -12 -3
right_child=2 10 5 7 11 9 -8 -9 -10 -11 12 -13 -14 -15
leaf_value=-0.0028389695801147329 0.0021048173347416096 -0.0010215997356511329 0.001413967755686123 -0.0016083137337746442 0.00014411725353628206 0.0051199741936379063 0.00074124015609407028 0.00039633901144616823 0.00019556930284923249 0.0082495142854399836 0.00066642102723394226 0.0029059756602475497 -0.00035233286509714026 -0.00014196640194690644
leaf_weight=5570.7362372279167 2269.4756318330765 1889.4243666827679 142.63148182630539 6121.4266552627087 195.69294160604477 1234.2510075867176 2402.3597070276737 558.60830801725388 186.99389863014221 223.45890092849731 3059.3942526876926 3071.4926114678383 1344.5135469138622 2761.4276873469353
leaf_count=8677 3452 2645 243 9181 332 1822 3455 910 341 347 4549 4393 1921 4285
internal_value=-7.06217e-05 -0.00121793 0.00251298 -0.00204184 0.00195859 0.00525107 0.00140639 -0.00143911 -0.00273865 0.00561721 -8.48908e-05 0.0027438 0.000353107 -0.000501755
internal_weight=31031.9 21492.5 9539.36 12437.8 7939.02 1600.34 4671.84 6680.03 5757.73 1457.71 9054.76 3267.19 4403.91 4650.85
internal_count=46553 32509 14044 19109 11632 2412 6907 10091 9018 2169 13400 4725 6470 6930
is_linear=0
shrinkage=0.02


Tree=31
num_leaves=15
num_cat=0
split_feature=44 44 44 44 44 37 37 0 44 37 42 3 46 47
split_gain=220.881 48.1232 34.5606 12.4232 8.1473 5.24046 4.1844 4.05022 3.97498 3.6676 3.65839 3.49494 3.25131 2.93551
threshold=1.5355864274150115 1.0969645092369282 2.4212105330238112 0.7673418609700895 1.9081898788699692 1.8976714879618195 0.53927062982969765 22.343825445364502 1.308724899797151 0.91665445218986397 0.35000000000000003 48.783046278525141 1.3875000000000002 1.0273891779895707
decision_type=2 2 2 2 2 2 2 2 2 2 2 2 2 2
left_child=1 3 4 6 10 7 -1 -4 13 -5 -2 -7 -6 -3
right_child=2 8 5 9 12 11 -8 -9 -10 -11 -12 -13 -14 -15
leaf_value=-0.0028210890570163649 0.00062314026956181785 0.00040616602678211495 0.00036676112050985736 -0.001496873868868121 -0.00097199088196578149 0.0057232915704803714 0.00042628426033677343 0.0046679968039146794 0.00034600225073809916 0.0024515827194669672 0.0018004248269956821 0.0096215943551186296 0.0027957048465051728 -0.00077179389251459749
leaf_weight=5246.0750858783722 1685.265775769949 1096.8821964263916 102.72282460331917 6942.2521965801716 89.39838832616806 432.75880348682404 157.67388278245926 925.42284271121025 4403.9077996015549 91.763933897018433 2986.5695630908012 139.43691954016685 3177.787164747715 3553.9698576033115
leaf_count=8189 2558 1632 187 10470 165 681 293 1340 6470 157 4349 204 4560 5298
internal_value=-6.915e-05 -0.00119359 0.00246293 -0.002001 0.00191953 0.00514667 -0.00272436 0.00424951 -8.32189e-05 -0.00144326 0.00137833 0.00672088 0.00268902 -0.000491773
internal_weight=31031.9 21492.5 9539.36 12437.8 7939.02 1600.34 5403.75 1028.15 9054.76 7034.02 4671.84 572.196 3267.19 4650.85
internal_count=46553 32509 14044 19109 11632 2412 8482 1527 13400 10627 6907 885 4725 6930
is_linear=0
shrinkage=0.02


Tree=32
num_leaves=15
num_cat=0
split_feature=44 44 44 44 44 15 14 37 44 44 37 46 14 21
split_gain=212.157 46.218 33.2072 11.9565 7.82152 5.33979 5.13421 3.98232 3.81731 3.64421 3.2125 3.14912 2.34688 2.01981
threshold=1.5355864274150115 1.0969645092369282 2.4212105330238112 0.78749892358958229 1.9081898788699692 8.7386558967164287 9.5000000000000018 0.53419363142136189 1.308724899797151 3.350584010286628 0.91665445218986397 1.5634920634920637 10.500000000000002 1.0427924822122441
decision_type=2 2 2 2 2 2 2 2 2 2 2 2 2 2
left_child=1 3 4 7 6 -4 -2 -1 13 -7 -5 -6 -10 -3
right_child=2 8 5 10 11 9 -8 -9 12 -11 -12 -13 -14 -15
leaf_value=-0.0027273817767991498 0.0020350197840753228 -0.00015056441279235897 0.0013147345195061214 -0.0014331976421792089 0.00011999128805218631 0.0049419973276860806 0.00069916960462808656 0.00018846404032976882 0.00064618580129072471 0.0078296180487151153 0.002339259679068085 0.0027920162521513376 -0.00035220642538790425 -0.0010137153813735964
leaf_weight=5570.7362372279167 2269.4756318330765 2878.7200653553009 148.05045080184937 6592.2085569500923 195.69294160604477 1222.635296434164 2402.3597070276737 186.99389863014221 3059.3942526876926 229.6556431055069 87.826406329870224 3071.4926114678383 1344.5135469138622 1772.1319886744022
leaf_count=8677 3452 4376 257 9939 332 1799 3455 341 4549 356 152 4393 1921 2554
internal_value=-6.76855e-05 -0.00116971 0.00241388 -0.00196097 0.00188118 0.00504462 0.00135083 -0.00263092 -8.15104e-05 0.00541564 -0.00138142 0.0026352 0.000339085 -0.000481898
internal_weight=31031.9 21492.5 9539.36 12437.8 7939.02 1600.34 4671.84 5757.73 9054.76 1452.29 6680.03 3267.19 4403.91 4650.85
internal_count=46553 32509 14044 19109 11632 2412 6907 9018 13400 2155 10091 4725 6470 6930
is_linear=0
shrinkage=0.02


Tree=33
num_leaves=15
num_cat=0
split_feature=44 44 44 44 44 15 13 14 37 44 0 34 14 13
split_gain=203.781 44.3848 31.9001 11.4814 7.51031 5.15229 5.00873 4.92976 3.82735 3.66632 3.31074 3.06542 2.25436 2.06063
threshold=1.5355864274150115 1.0969645092369282 2.4212105330238112 0.78749892358958229 1.9081898788699692 12.3965970338181 2.1872285726798935 9.5000000000000018 0.53419363142136189 1.308724899797151 35.85050632907781 0.23132363433913131 10.500000000000002 1.0000000180025095e-35
decision_type=2 2 2 2 2 2 2 2 2 2 2 2 2 2
left_child=1 3 4 8 7 -4 -5 -2 -1 13 -7 -6 -11 -3
right_child=2 9 5 6 11 10 -8 -9 -10 12 -12 -13 -14 -15
leaf_value=-0.0026728536951853834 0.0019943552191793927 -0.00098163277284096752 0.0033169108191453077 -0.0015195293310454943 -0.0015271544848118532 0.0060842316637797021 0.00044398079956388387 0.00068519783144387156 0.00018473468183117701 0.00063327052392125492 0.0012958032208069711 0.002672397319037516 -0.00034517276214665452 -0.00011974884967766265
leaf_weight=5570.7362372279167 2269.4756318330765 1889.4243666827679 552.2145679295063 6121.4266552627087 66.799614727497101 979.71373242139816 558.60830801725388 2402.3597070276737 186.99389863014221 3059.3942526876926 68.413089990615845 3200.385938346386 1344.5135469138622 2761.4276873469353
leaf_count=8677 3452 2645 862 9181 119 1444 910 3455 341 4549 106 4606 1921 4285
internal_value=-6.6271e-05 -0.00114633 0.00236581 -0.00192174 0.00184366 0.00494432 -0.00135375 0.00132388 -0.00257828 -7.99061e-05 0.00578427 0.00258259 0.000332261 -0.000472313
internal_weight=31031.9 21492.5 9539.36 12437.8 7939.02 1600.34 6680.03 4671.84 5757.73 9054.76 1048.13 3267.19 4403.91 4650.85
internal_count=46553 32509 14044 19109 11632 2412 10091 6907 9018 13400 1550 4725 6470 6930
is_linear=0
shrinkage=0.02


Tree=34
num_leaves=15
num_cat=0
split_feature=44 44 44 44 44 34 3 37 1 44 42 37 46 23
split_gain=195.73 42.6246 30.6441 11.0425 7.20975 4.96265 5.07667 3.74028 3.61428 3.5213 3.50814 3.3852 3.00511 2.29592
threshold=1.5355864274150115 1.0969645092369282 2.4212105330238112 0.7673418609700895 1.9081898788699692 1.7237610331593929 48.987956964261741 0.53927062982969765 24.255333333333336 1.308724899797151 0.35000000000000003 0.91665445218986397 1.3875000000000002 0.80810598997263938
decision_type=2 2 2 2 2 2 2 2 2 2 2 2 2 2
left_child=1 3 4 7 10 8 -7 -1 -4 -3 -2 -5 -6 -11
right_child=2 9 5 11 12 6 -8 -9 -10 13 -12 -13 -14 -15
leaf_value=-0.0026568631281403059 0.00055811932698411225 -0.00046291897121798233 0.00028186877930058484 -0.0014088582619892348 -0.0009864115689046265 0.0052280076775425574 0.0097016203682654088 0.00041049488358324375 0.0042727820443479248 -0.00034994108664121546 0.0017106682528163499 0.0023835903809864591 0.0026335481608204935 0.00063303818224930467
leaf_weight=5246.0750858783722 1685.265775769949 4650.8520540297031 109.36505085229874 6942.2521965801716 89.39838832616806 586.94309186935425 135.16674217581749 157.67388278245926 768.86650544404984 1367.2350769340992 2986.5695630908012 91.763933897018433 3177.787164747715 3036.6727226674557
leaf_count=8189 2558 6930 169 10470 165 927 195 293 1121 1977 4349 157 4560 4493
internal_value=-6.49067e-05 -0.00112342 0.00231864 -0.0018833 0.00180683 0.00484595 0.00610369 -0.00256539 0.00378893 -7.83337e-05 0.00129747 -0.0013573 0.0025309 0.000325573
internal_weight=31031.9 21492.5 9539.36 12437.8 7939.02 1600.34 722.11 5403.75 878.232 9054.76 4671.84 7034.02 3267.19 4403.91
internal_count=46553 32509 14044 19109 11632 2412 1122 8482 1290 13400 6907 10627 4725 6470
is_linear=0
shrinkage=0.02


Tree=35
num_leaves=15
num_cat=0
split_feature=47 47 37 42 0 1 17 1 37 47 14 36 42 1
split_gain=162.357 44.9543 23.9251 9.1776 7.5345 7.51982 6.57002 6.41842 5.31588 5.28866 5.27064 3.64456 3.44585 1.98124
threshold=1.6190297649539132 0.96638572703462999 1.5458128604600454 0.35000000000000003 29.393569251417691 25.343000000000004 1.5448181712152924 27.9815 0.3973949726641629 0.58597872526915606 10.500000000000002 2.7071428571428577 0.65000000000000002 18.822111111111116
decision_type=2 2 2 2 2 2 2 2 2 2 2 2 2 2
left_child=1 5 4 7 12 9 13 -3 -5 -1 -6 -8 -2 -4
right_child=2 3 6 8 10 -7 11 -9 -10 -11 -12 -13 -14 -15
leaf_value=-0.0029334942546691114 0.00069026772014111921 -0.0012258556326652636 -0.00067714121636526005 -0.0003187395509010108 0.0028581161555332425 -0.0010561504508854816 0.0050323226818570644 0.00011737410656278212 0.00091735591374230514 -0.0018191326672196532 0.0012515999269873002 0.0086947806806343137 0.0020099725874157281 0.0030344412644378372
leaf_weight=2834.2286825180054 2390.2683173418045 3383.3685459196568 67.343293339014053 2206.6583950221539 2923.0005174577236 3024.0142159461975 827.4972750544548 2432.3506149053574 3718.7845526337624 4552.9676463603973 1176.2525347173214 140.55097326636314 1213.4187715351582 263.66277500987053
leaf_count=4448 3625 4986 100 3312 4231 4662 1228 3769 5531 6866 1614 225 1753 412
internal_value=-2.61628e-05 -0.000946857 0.00223811 -9.7499e-05 0.00181169 -0.00190355 0.00475225 -0.000662501 0.00045539 -0.00224871 0.00240041 0.00559121 0.00113828 0.00224976
internal_weight=31154.4 22152.4 9001.99 11741.2 7702.94 10411.2 1299.05 5815.72 5925.44 7387.2 4099.25 968.048 3603.69 331.006
internal_count=46762 33574 13188 17598 11223 15976 1965 8755 8843 11314 5845 1453 5378 512
is_linear=0
shrinkage=0.02


Tree=36
num_leaves=15
num_cat=0
split_feature=44 44 44 44 42 15 46 47 1 44 13 47 47 13
split_gain=196.068 46.2349 25.3361 9.00668 6.94932 6.42478 4.97818 4.39185 4.33574 3.51896 3.45046 3.12535 3.00474 2.98224
threshold=1.5355864274150115 0.89514425043147938 2.3870142982021316 1.2625952766388695 0.35000000000000003 10.227285156364845 1.3166666666666669 1.5752567001505418 25.343000000000004 3.350584010286628 0.13225278764451434 1.3938815927995047 2.8292693961874349 1.980939643689051
decision_type=2 2 2 2 2 2 2 2 2 2 2 2 2 2
left_child=1 6 4 13 7 12 8 -2 -1 -7 -6 -5 -4 -3
right_child=2 3 5 11 10 9 -8 -9 -10 -11 -12 -13 -14 -15
leaf_value=-0.0026339120389573035 -0.00045741122673947145 -0.00092155540191254243 0.00038524186383435196 0.00074757677878592682 0.0016955046920585698 0.0046858207412806899 0.0011621970891578833 0.0014686729475645686 -0.0015256077063858936 0.0076577788843906524 0.0027468703677759779 -0.00022138534465364007 0.0044882206521602817 0.00027703440437145793
leaf_weight=5908.8318427205086 608.65537565946579 7318.1494547724724 202.6050540804863 2694.5694790184498 2317.2736968696117 1196.059806406498 158.69652023911476 2012.4864475429058 1935.9124454557896 205.61097452044487 2953.115677177906 2606.5331235229969 114.09553191065788 921.7716811299324
leaf_count=9109 987 10857 351 3958 3157 1738 298 3023 3025 308 4390 3862 172 1527
internal_value=-2.55926e-05 -0.00108556 0.00234944 -0.000372266 0.00186722 0.00455345 -0.00229074 0.0010176 -0.00236214 0.00513919 0.00228732 0.000269352 0.00191366 -0.000786225
internal_weight=31154.4 21544.5 9609.9 13541 7891.53 1718.37 8003.44 2621.14 7844.74 1401.67 5270.39 5301.1 316.701 8239.92
internal_count=46762 32636 14126 20204 11557 2569 12432 4010 12134 2046 7547 7820 523 12384
is_linear=0
shrinkage=0.02


Tree=37
num_leaves=15
num_cat=0
split_feature=47 34 34 24 50 50 34 24 24 4 2 3 15 16
split_gain=149.86 46.3719 25.1402 16.2639 11.1669 7.93675 7.21111 6.35384 5.28983 4.73653 3.32305 3.24458 2.81886 1.98676
threshold=1.6190297649539132 0.29009663342637554 1.5241515419650449 0.71808567006099866 0.8500000000000002 1.1500000000000004 0.97872626364973014 1.4966891256562751 0.79025421119231998 47.484619532964928 28.450833333333339 44.71400273919668 8.7386558967164287 7.0400000000000018
decision_type=2 2 2 2 2 2 2 2 2 2 2 2 2 2
left_child=1 3 5 11 8 10 -6 -7 -3 12 -2 -1 -4 -5
right_child=2 4 9 13 6 7 -8 -9 -10 -11 -12 -13 -14 -15
leaf_value=-0.0027296588889917117 0.00011585178418930541 -0.0015681841197815636 0.00035664510852611312 -0.0015086356011889915 0.00021130896069929277 0.00183688911321853 0.0026458701935495551 0.0035698001693970972 0.00027138153205355129 0.0068690086033142105 0.001517056954977093 -0.0016001908448475613 0.004414816029627522 -0.0006018319777130629
leaf_weight=5036.8351283967495 1274.295351088047 2199.7994946539402 82.344506114721298 1493.2895839214325 7760.3030743896961 4004.1157924830914 518.65889930725098 1100.1154194772243 860.48198291659355 361.70452955365181 1484.3221799731255 1350.2744312882423 695.09667903184891 2932.7300584316254
leaf_count=7599 1891 3364 147 2340 11520 5729 801 1541 1277 534 2311 2237 1035 4436
internal_value=-2.50171e-05 -0.00090958 0.00215035 -0.00184651 -1.50711e-05 0.00174521 0.000365639 0.00221359 -0.00104783 0.00493007 0.00087397 -0.00249302 0.00399983 -0.000910579
internal_weight=31154.4 22152.4 9001.99 10813.1 11339.2 7862.85 8278.96 5104.23 3060.28 1139.15 2758.62 6387.11 777.441 4426.02
internal_count=46762 33574 13188 16612 16962 11472 12321 7270 4641 1716 4202 9836 1182 6776
is_linear=0
shrinkage=0.02


Tree=38
num_leaves=15
num_cat=0
split_feature=44 44 44 44 0 44 50 34 44 12 34 47 50 46
split_gain=182.185 38.2511 26.6359 9.16988 6.67732 6.38845 5.55504 5.13336 3.31509 3.30079 3.17525 3.0812 2.72711 2.15502
threshold=1.4790090002074414 0.89514425043147938 2.3870142982021316 1.6983129739208185 23.677711522442049 1.2625952766388695 1.1500000000000004 0.29283569883616478 3.350584010286628 18.400275103420714 0.73644000997051939 1.3938815927995047 0.45000000000000007 1.3166666666666669
decision_type=2 2 2 2 2 2 2 2 2 2 2 2 2 2
left_child=1 7 3 10 -4 12 -5 9 -6 -1 -2 -7 -3 -9
right_child=2 5 4 6 8 11 -8 13 -10 -11 -12 -13 -14 -15
leaf_value=-0.003050647448526368 0.00045469272918732936 -0.0020804546429864092 0.0010755433442009579 0.0012211094331274371 0.0044566448291243378 0.00067670471749754128 0.0026018602142001673 -0.001329075779062285 0.0073230751795337222 -0.0020948282921566057 0.0018345324267316871 -0.00039693580713378858 -0.00065666877162699603 0.0019671649003097417
leaf_weight=2403.4313262999058 2462.5745967924595 586.12663704156876 221.65251943469048 1746.9541438519955 1291.0004727840424 2358.4170360267162 3752.3068245649338 1451.3466867506504 205.71837469935417 4068.8399434685707 930.61796462535858 1941.7632339298725 7653.794498860836 79.822851896286011
leaf_count=3692 3592 892 375 2724 1882 3458 5318 2286 312 6309 1387 2898 11492 145
internal_value=-2.44605e-05 -0.00112392 0.00210307 0.00166007 0.00438517 -0.000433351 0.00216566 -0.00220431 0.00486654 -0.00245214 0.000836931 0.000189615 -0.00075964 -0.00114837
internal_weight=31154.4 20543.5 10610.8 8892.45 1718.37 12540.1 5499.26 8003.44 1496.72 6472.27 3393.19 4300.18 8239.92 1531.17
internal_count=46762 31172 15590 13021 2569 18740 8042 12432 2194 10001 4979 6356 12384 2431
is_linear=0
shrinkage=0.02


Tree=39
num_leaves=15
num_cat=0
split_feature=47 34 34 24 1 34 13 1 18 1 47 14 36 14
split_gain=138.357 43.0491 23.4525 14.9321 10.9001 7.94739 7.52352 9.01239 4.93706 4.03541 3.7656 2.57575 2.50047 1.92853
threshold=1.6190297649539132 0.29009663342637554 1.5241515419650449 0.71808567006099866 25.433333333333337 0.79232510383189303 0.13225278764451434 28.97483333333334 1.5907038024766227 25.343000000000004 1.7655900193302363 11.500000000000002 2.7071428571428577 8.5000000000000018
decision_type=2 2 2 2 2 2 2 2 2 2 2 2 2 2
left_child=1 3 6 9 5 -3 10 -8 -4 -1 -2 -6 -10 -5
right_child=2 4 8 13 11 -7 7 -9 12 -11 -12 -13 -14 -15
leaf_value=-0.0027028240697141558 -0.00027295467595342404 -0.00089159149785387017 0.0020823457887749709 -8.9349511253913311e-05 0.00085163655628906604 0.0011110369829051554 0.0010635090409358405 0.0029141216969760168 0.0049116158708923724 -0.001546401714146019 0.001315128184215689 -0.00035707157019658432 0.0079976693587850665 -0.0011035576698296343
leaf_weight=4681.3797596693039 763.29396796226501 5189.7679059207439 236.08990675210953 987.58131438493729 4393.7905098199844 929.64866322278976 1728.9678713083267 2788.8628582656384 758.94839149713516 1705.7298000156879 2581.7240454852581 826.03637230396271 144.10741645097733 3438.4383279681206
leaf_count=7170 1073 7609 381 1580 6764 1413 2595 4231 1104 2666 3573 1176 231 5196
internal_value=-2.39302e-05 -0.000873878 0.00206627 -0.00177662 -1.19821e-05 -0.000585459 0.0016749 0.00220889 0.00475118 -0.00239614 0.000949812 0.00065838 0.00543171 -0.000879658
internal_weight=31154.4 22152.4 9001.99 10813.1 11339.2 6119.42 7862.85 4517.83 1139.15 6387.11 3345.02 5219.83 903.056 4426.02
internal_count=46762 33574 13188 16612 16962 9022 11472 6826 1716 9836 4646 7940 1335 6776
is_linear=0
shrinkage=0.02


Tree=40
num_leaves=15
num_cat=0
split_feature=44 44 44 47 44 16 20 13 42 12 13 46 0 0
split_gain=168.051 35.3141 21.3657 10.0081 5.27655 3.97482 4.82553 3.28144 3.2666 3.19894 3.00346 2.91748 2.09039 2.06579
threshold=1.3569124920998157 1.9081898788699692 0.82462847535832162 2.9792141212219634 1.151055361359768 9.1800000000000033 3.4751198221985402 0.21054210210589464 0.65000000000000002 18.785792894838838 0.95995021800316249 1.1055555555555558 14.023495361475709 15.563214995714118
decision_type=2 2 2 2 2 2 2 2 2 2 2 2 2 2
left_child=2 5 11 7 13 6 -2 -3 -7 -5 -6 12 -1 -4
right_child=1 3 4 9 10 8 -8 -9 -10 -11 -12 -13 -14 -15
leaf_value=-0.001276705475898598 0.00015039972889263132 0.0020403955582629658 -3.9358847015477462e-05 0.0038535793081131155 -0.00056373842753169184 0.00093973960486650214 0.0035929862011967644 0.0031985903733316385 0.0020656663840839056 0.0066525919157715205 0.00052180487047785642 -0.00015786647557794936 -0.0023916333452168783 -0.0011722733789109167
leaf_weight=824.28544002771378 2873.2563184201717 1840.2535316050053 735.26330500841141 373.62215426564217 2890.2827287614346 3640.9195155203342 171.33015719056129 2330.9515395462513 1479.5601495802402 357.50442296266556 1565.3061853051186 290.66774472594261 5412.8570004999638 6485.0975832939148
leaf_count=1248 4226 2583 1055 561 4154 5396 241 3532 2154 514 2475 541 8440 9851
internal_value=3.88234e-06 0.00173453 -0.00123795 0.00307691 -0.000724128 0.000926773 0.000349641 0.00269124 0.00126771 0.00525029 -0.000180067 -0.00215496 -0.00224635 -0.00105833
internal_weight=31271.2 13067.4 18203.8 4902.33 11675.9 8165.07 3044.59 4171.21 5120.48 731.127 4455.59 6527.81 6237.14 7220.36
internal_count=46971 19207 27764 7190 17535 12017 4467 6115 7550 1075 6629 10229 9688 10906
is_linear=0
shrinkage=0.02


Tree=41
num_leaves=15
num_cat=0
split_feature=47 47 47 47 50 50 15 13 47 36 31 12 47 42
split_gain=130.884 30.9555 17.2744 10.9197 9.60418 5.57706 4.17743 4.01163 3.88001 3.8771 3.73516 2.98026 2.86061 2.82445
threshold=1.3392091398158648 2.1029988650138747 0.83754050355805587 2.9792141212219634 1.2500000000000002 0.8500000000000002 12.3965970338181 1.2979882295408169 0.53376316616715058 1.5277777777777779 0.94782039560279341 18.785792894838838 1.2041186861586139 0.15000000000000005
decision_type=2 2 2 2 2 2 2 2 2 2 2 2 2 2
left_child=2 4 8 9 7 12 -6 -2 13 -3 -7 -5 -4 -1
right_child=1 3 5 11 6 10 -8 -9 -10 -11 -12 -13 -14 -15
leaf_value=-0.0033551979433007729 -0.00015907617733062617 0.0020934320003492051 -0.0015955425651306859 0.0038205979639598453 0.0009654510255240863 0.00012368432393200659 0.0021665100477366436 0.0011457528862578758 -0.0014964459176997225 0.0038133237844095529 -0.00083680536838076039 0.0065260294400289014 -0.00012528686680792135 -0.0019628850330685042
leaf_weight=930.46886023879051 3338.2602601647377 2641.0257321298122 2421.1577603518963 375.31665936112404 2753.8961707055569 4171.5517598092556 2067.5111729204655 1306.3216942846775 5098.743197530508 684.42804419994354 2630.51774045825 357.96743604540825 697.09235370159149 1796.8989348113537
leaf_count=1441 4903 3822 3687 565 4078 6271 2959 2086 7759 1036 3943 515 1049 2857
internal_value=3.83975e-06 0.00148619 -0.00112535 0.00294806 0.000857833 -0.000569478 0.00148325 0.000206099 -0.00182836 0.0024525 -0.000246426 0.00516907 -0.00127036 -0.00244366
internal_weight=31271.2 13524.7 17746.4 4058.74 9465.99 9920.32 4821.41 4644.58 7826.11 3325.45 6802.07 733.284 3118.25 2727.37
internal_count=46971 19964 27007 5938 14026 14950 7037 6989 12057 4858 10214 1080 4736 4298
is_linear=0
shrinkage=0.02


Tree=42
num_leaves=15
num_cat=0
split_feature=47 47 34 47 34 24 24 42 34 34 3 12 1 2
split_gain=125.721 29.736 18.9088 10.49 9.28181 8.31063 5.68257 5.07685 4.91801 4.62321 3.24253 2.85829 2.79818 2.30066
threshold=1.3392091398158648 2.1029988650138747 0.24209343366877165 2.9792141212219634 0.44406626250996234 0.85416860551051621 0.7791693560887204 0.55000000000000016 0.53022291243022257 0.87504216314188021 39.691299681475989 18.8302617628467 34.049500000000016 28.028250000000003
decision_type=2 2 2 2 2 2 2 2 2 2 2 2 2 2
left_child=2 4 5 9 12 10 8 -6 -4 -3 -1 -5 -2 -7
right_child=1 3 6 11 7 13 -8 -9 -10 -11 -12 -13 -14 -15
leaf_value=-0.0025091395271161815 -0.00033641976453876841 0.0016318199191258792 -0.0011610456624248765 0.0037888562201173772 0.00073973558629125875 -0.0011766514339138225 0.00031565798088295787 0.0018929152846787465 -1.2198132366528126e-05 0.003146312088546115 -0.0016039549585760279 0.0064444437654305256 0.0010688677227115716 0.00030336593073414741
leaf_weight=3733.8360399603844 2536.1483917534351 1640.6025608778 4591.7389849424362 388.1409125328064 3227.4781234562397 961.86595675349236 2559.6201412379742 2975.0059350728989 2232.6049744486809 1684.8512154519558 2938.4576651155949 345.14318287372589 727.35684779286385 728.30684444308281
leaf_count=5574 3824 2378 6898 583 4793 1493 3779 4254 3426 2480 4727 497 1155 1110
internal_value=3.77719e-06 0.0014566 -0.00110291 0.00288941 0.000840715 -0.00179482 -0.000485001 0.0012949 -0.000786775 0.00240358 -0.0021126 0.00506652 -1.96898e-05 -0.000533388
internal_weight=31271.2 13524.7 17746.4 4058.74 9465.99 8362.47 9383.96 6202.48 6824.34 3325.45 6672.29 733.284 3263.51 1690.17
internal_count=46971 19964 27007 5938 14026 12904 14103 9047 10324 4858 10301 1080 4979 2603
is_linear=0
shrinkage=0.02


Tree=43
num_leaves=15
num_cat=0
split_feature=44 44 44 47 44 14 13 14 12 46 37 1 3 13
split_gain=150.798 31.8051 19.0659 8.68347 4.63056 3.70651 3.1554 2.87065 2.82947 2.7062 2.58416 2.42199 2.09992 1.93589
threshold=1.3569124920998157 1.9081898788699692 0.82462847535832162 2.9792141212219634 1.151055361359768 8.5000000000000018 0.21054210210589464 11.500000000000002 18.785792894838838 1.1055555555555558 0.95519641350972539 29.160833333333333 39.591104072505097 2.2092548836962744
decision_type=2 2 2 2 2 2 2 2 2 2 2 2 2 2
left_child=2 5 9 6 13 11 -3 -6 -5 12 -7 -2 -1 -4
right_child=1 3 4 8 7 10 -8 -9 -10 -11 -12 -13 -14 -15
leaf_value=-0.0024283005457316829 0.00082286201050723511 0.0019195696675194222 -0.0010963190449231029 0.0036255393019432236 4.7289558260535477e-05 0.00046069804455126025 0.0030546804967495804 -0.0013115805989517917 0.0062642085031817743 -0.00011501894108108233 0.0015590987830545241 0.0023097208101672552 -0.001654239592620464 0.00010130887475895765
leaf_weight=3790.5823873281479 807.43692538142204 1840.2535316050053 6649.6371041834354 373.62215426564217 3713.4788268208504 5279.657015055418 2330.9515395462513 742.11008724570274 357.50442296266556 290.66774472594261 1036.8257288038731 1041.1464714705944 2446.5600531995296 570.72378411889076
leaf_count=5705 1243 2583 9965 561 5588 7640 3532 1041 514 541 1508 1626 3983 941
internal_value=3.73047e-06 0.00164314 -0.00117261 0.00291714 -0.000687154 0.000876485 0.00255745 -0.000177284 0.004943 -0.00203891 0.000643015 0.00166728 -0.0021269 -0.00100027
internal_weight=31271.2 13067.4 18203.8 4902.33 11675.9 8165.07 4171.21 4455.59 731.127 6527.81 6316.48 1848.58 6237.14 7220.36
internal_count=46971 19207 27764 7190 17535 12017 6115 6629 1075 10229 9148 2869 9688 10906
is_linear=0
shrinkage=0.02


Tree=44
num_leaves=15
num_cat=0
split_feature=44 44 44 36 50 44 26 43 44 13 46 23 0 0
split_gain=144.848 30.5485 18.3125 7.9292 4.70939 4.44664 4.20607 3.98493 3.54507 2.81958 2.59715 2.25336 2.03642 1.96583
threshold=1.3569124920998157 1.9081898788699692 0.82462847535832162 2.5277777777777781 1.2500000000000002 1.151055361359768 0.88194444444444453 0.55000000000000016 2.4212105330238112 0.95995021800316249 1.1055555555555558 0.77257871858654759 14.023495361475709 15.563214995714118
decision_type=2 2 2 2 2 2 2 2 2 2 2 2 2 2
left_child=2 4 10 8 11 13 -6 -5 -3 -7 12 -2 -1 -4
right_child=1 3 5 7 6 9 -8 -9 -10 -11 -12 -13 -14 -15
leaf_value=-0.0011291732692871237 -0.000471077888575905 0.0023122389629668329 0 0.0036271682218367057 0.0021615084594965744 -0.00054550058371025069 0.00083746058285705098 0.009284740337087349 0.0035499744326773172 0.00050624407544820496 -0.00011273429770269947 0.00063335492425138499 -0.0022275709025524762 -0.0010913261605915027
leaf_weight=824.28544002771378 968.61571756005287 3310.7827031314373 735.26330500841141 110.47925341129303 1541.2313855588436 2890.2827287614346 2659.3001165688038 111.65344002842903 1369.4162518084049 1565.3061853051186 290.66774472594261 2995.9189210236073 5412.8570004999638 6485.0975832939148
leaf_count=1248 1410 4784 1055 193 2266 4154 3852 160 2053 2475 541 4489 8440 9851
internal_value=3.69879e-06 0.00161045 -0.00114919 0.00285904 0.000859054 -0.000673402 0.00132645 0.006573 0.0026779 -0.000173704 -0.00199822 0.000360897 -0.00208442 -0.00098024
internal_weight=31271.2 13067.4 18203.8 4902.33 8165.07 11675.9 4200.53 222.133 4680.2 4455.59 6527.81 3964.53 6237.14 7220.36
internal_count=46971 19207 27764 7190 12017 17535 6118 353 6837 6629 10229 5899 9688 10906
is_linear=0
shrinkage=0.02


Tree=45
num_leaves=15
num_cat=0
split_feature=44 44 44 34 13 44 0 50 1 21 25 13 0 25
split_gain=144.77 27.521 20.105 6.90626 4.30158 4.29365 4.29021 4.06692 3.71811 3.43172 3.18003 2.99017 2.97351 2.91605
threshold=1.4790090002074414 0.96722622613813736 2.0047655741546095 1.8167221222600958 1.4108715746478684 0.53689115985340885 21.967650828072802 1.1500000000000004 19.387500000000006 0.83546087356636967 1.7750000000000001 2.2092548836962744 29.654469414203231 0.77500000000000013
decision_type=2 2 2 2 2 2 2 2 2 2 2 2 2 2
left_child=1 5 4 6 7 13 -4 -2 -3 -5 -10 -7 -6 -1
right_child=2 8 3 9 12 11 -8 -9 10 -11 -12 -13 -14 -15
leaf_value=-0.0029207517291326168 0.00019677473788886189 -0.0010287208672453058 0.00039602393559375011 0.00017583885706208465 0.0012844269089419776 -0.0016880373332185939 0.0028511353380109099 0.0013637419258443104 -5.1854098750122922e-05 0.005270164478502393 -0.002333102938044201 -0.00020639707866155463 0.0030610090184795954 -0.00010469717291970162
leaf_weight=1653.0382632911205 1953.1938585340977 2279.3518908321857 326.26628643274307 62.290351301431656 838.15316918492317 7034.3007214069366 2970.782011538744 3167.9798353016376 8420.4065267145634 634.59790486097336 250.22064712643623 608.07552939653397 736.84562742710114 169.72326093912125
leaf_count=2762 2874 3280 507 98 1399 10556 4275 4474 12692 977 372 990 1099 314
internal_value=-6.00751e-06 -0.00099365 0.00187901 0.00300357 0.00120607 -0.00178358 0.0026116 0.000920868 -0.000309722 0.00483093 -0.000119363 -0.00157154 0.00212475 -0.00266442
internal_weight=31105.2 20415.1 10690.1 3993.94 6696.17 9465.14 3297.05 5121.17 10950 696.888 8670.63 7642.38 1575 1822.76
internal_count=46669 30966 15703 5857 9846 14622 4782 7348 16344 1075 13064 11546 2498 3076
is_linear=0
shrinkage=0.02


Tree=46
num_leaves=15
num_cat=0
split_feature=44 44 44 51 44 2 13 44 45 44 15 42 13 26
split_gain=139.063 26.4315 19.3095 6.34172 5.73872 5.39133 4.13138 4.12297 5.6465 3.46198 3.3625 3.23367 2.87021 2.72444
threshold=1.4790090002074414 0.96722622613813736 2.0047655741546095 1.1500000000000004 3.6731670969275649 20.132833333333334 1.4108715746478684 0.53689115985340885 1.1000000000000003 1.308724899797151 16.781763474973737 0.45000000000000007 2.2092548836962744 0.41428571428571431
decision_type=2 2 2 2 2 2 2 2 2 2 2 2 2 2
left_child=1 7 6 5 -5 -4 11 8 -1 13 -8 -2 -9 -3
right_child=2 9 3 4 -6 -7 10 12 -10 -11 -12 -13 -14 -15
leaf_value=-0.0028914862296967438 0.00037085712106186316 0.00035115802117355598 -0.0013331749132082548 0.0036985087027893155 0.0093445879155235421 0.0025655314168670706 0.0016063944342437182 -0.001654286177086456 0.0017644378611448562 0.00022851839776893323 0.0039650740455238415 0.0013842144948466337 -0.00020228266762416718 -0.00070103957066043295
leaf_weight=1715.8597062528133 2445.9670162498951 1146.9676665663719 146.00977364182472 1339.8199776113033 78.054306238889694 2430.0524966418743 1264.2844955325127 7034.3007214069366 106.90181797742844 3361.8260898590088 310.71430107951164 2675.2066775858402 608.07552939653397 6441.1853082478046
leaf_count=2863 3585 1733 238 1839 115 3665 2030 10556 213 4959 468 3763 990 9652
internal_value=-5.86645e-06 -0.000973852 0.00184162 0.00294374 0.00402909 0.00233981 0.00118208 -0.00174799 -0.00261131 -0.000303576 0.00208249 0.000902502 -0.00154015 -0.000540629
internal_weight=31105.2 20415.1 10690.1 3993.94 1417.87 2576.06 6696.17 9465.14 1822.76 10950 1575 5121.17 7642.38 7588.15
internal_count=46669 30966 15703 5857 1954 3903 9846 14622 3076 16344 2498 7348 11546 11385
is_linear=0
shrinkage=0.02


Tree=47
num_leaves=15
num_cat=0
split_feature=47 47 47 50 37 50 17 1 4 0 51 42 42 50
split_gain=106.991 25.6818 15.1283 8.26044 7.91115 6.58746 4.99489 4.68162 4.42527 4.3577 3.513 2.35612 1.9755 1.80571
threshold=1.3392091398158648 2.086088172788676 0.69194741313045471 1.4500000000000002 1.8976714879618195 0.65000000000000013 2.3205943893006697 25.433333333333337 47.39816429976279 28.429985785519261 1.2500000000000002 0.75000000000000011 0.15000000000000005 1.0000000180025095e-35
decision_type=2 2 2 2 2 2 2 2 2 2 2 2 2 2
left_child=2 3 6 7 10 13 12 -2 -6 -7 -3 -5 -1 -4
right_child=1 4 5 11 8 9 -8 -9 -10 -11 -12 -13 -14 -15
leaf_value=-0.0027804198034564287 -0.00047043267222898982 0.0018230691769639249 0.00078838119846459274 0.0010184857225302853 0.0034033683977295077 -0.00071340565326407116 -5.7511327782305061e-05 0.00071061027045702914 0.006877239880495596 0.00017863295723857258 0.0032588922315558355 0.0020778937278644895 -0.0018632924245782032 -0.0017425526636815362
leaf_weight=1488.3874601721764 2087.9542225897312 2475.0951932072639 112.06886905431747 1859.8593308031559 475.1849981546402 7085.9771687686443 509.1854248046875 3721.1238374114037 233.54042285680771 3146.2883388102055 989.63403508067131 1634.0095354318619 3056.6267960965633 2230.2902510464191
leaf_count=2251 3027 3637 177 2723 736 10700 779 5688 355 4715 1356 2352 4787 3386
internal_value=-5.68676e-06 0.00133545 -0.00103152 0.000748875 0.00263958 -0.000658696 -0.00195649 0.000284372 0.00457829 -0.000438157 0.00223771 0.00151771 -0.00216692 -0.00161663
internal_weight=31105.2 13476.4 17628.8 9302.95 4173.45 12574.6 5054.2 5809.08 708.725 10232.3 3464.73 3493.87 4545.01 2342.36
internal_count=46669 19874 26795 13790 6084 18978 7817 8715 1091 15415 4993 5075 7038 3563
is_linear=0
shrinkage=0.02


Tree=48
num_leaves=15
num_cat=0
split_feature=47 47 15 47 36 13 2 30 15 51 47 4 36 13
split_gain=102.769 24.6703 14.5429 8.09109 6.87108 4.8466 4.83676 4.52796 3.88155 3.12976 2.97517 2.95626 2.7121 2.23652
threshold=1.3392091398158648 2.086088172788676 8.3676549532304509 0.69194741313045471 1.788888888888889 0.95223645941716673 32.294750000000015 0.41529743618751963 15.710714185971348 1.2500000000000002 1.1985256028496212 47.484619532964928 0.10555555555555557 2.7393326592517702
decision_type=2 2 2 2 2 2 2 2 2 2 2 2 2 2
left_child=2 5 3 13 9 7 -7 -2 10 -3 -4 -6 -5 -1
right_child=1 4 8 12 11 6 -8 -9 -10 -11 -12 -13 -14 -15
leaf_value=-0.0022536972569637166 0.00051472355350636577 0.0017577198900481969 -0.00072092367565619391 -0.0018545060091482064 0.0033120765953261978 0.00084777749676135262 0.0025351182671144537 -0.0020760376874205261 0.00082011705991715173 0.003151868982076545 0.00042564286395604045 0.0059059609568535253 -0.00084231379680953277 0.00021395467202555888
leaf_weight=3931.3918636143208 5700.4767606854439 2356.8982318043709 4328.3256610929966 1334.1571296751499 597.47135040163994 2346.9658274948597 975.49590858817101 280.00842946767807 1094.9849323034286 935.8901574909687 1131.3837932348251 283.19490960240364 5663.9681974053383 144.61273142695427
leaf_count=6023 8198 3461 6662 1968 911 3654 1538 400 1631 1286 1715 426 8526 270
internal_value=-5.53121e-06 0.00130887 -0.00101093 -0.00145301 0.00258708 0.000733933 0.00134743 0.000391098 -0.000262291 0.00215868 -0.000481428 0.00416901 -0.00103719 -0.00216363
internal_weight=31105.2 13476.4 17628.8 11074.1 4173.45 9302.95 3322.46 5980.49 6554.69 3292.79 5459.71 880.666 6998.13 4076
internal_count=46669 19874 26795 16787 6084 13790 5192 8598 10008 4747 8377 1337 10494 6293
is_linear=0
shrinkage=0.02


Tree=49
num_leaves=15
num_cat=0
split_feature=37 24 37 24 50 17 16 0 13 24 43 37 24 50
split_gain=76.3505 29.1279 23.3416 16.5207 7.96519 5.91234 5.72542 5.44989 3.87593 3.78008 3.60393 3.38408 3.30529 1.85835
threshold=0.4472570152495447 0.8664984994745043 1.5458128604600454 1.0743289675168315 1.3500000000000003 1.6876157147380855 11.020000000000003 34.060035277487252 1.0000000180025095e-35 0.40902967914745908 0.65000000000000013 0.31577249434927673 1.392396546468244 0.75000000000000011
decision_type=2 2 2 2 2 2 2 2 2 2 2 2 2 2
left_child=1 6 3 4 -2 -4 9 11 -5 -1 -7 -3 -9 -8
right_child=2 7 5 8 -6 10 13 12 -10 -11 -12 -13 -14 -15
leaf_value=-0.0024030586976362656 -9.8863367181683935e-05 -0.00037885728693016471 0.0015619122010802795 0.0011723495600301464 0.0011142271998071233 0.0034893266232183043 -0.0016244634741688089 0.00083456590448311926 0.0025724891054023391 -0.0014592770414635643 0.0061807869458477436 0.00074332511432714343 0.0034112853003036791 -0.0001951787516703208
leaf_weight=2326.1858881413937 5369.3237044215202 3516.4913947880268 400.33693999052048 1344.3888915479183 3610.8151125609875 571.85015448927879 477.58469450473785 723.68784746527672 2067.1963897943497 6918.6554391980171 347.2483888566494 1544.605946958065 282.91761925816536 1603.9374723136425
leaf_count=3813 8114 5337 617 1847 5303 895 752 1031 3133 10158 475 2301 393 2500
internal_value=-5.36693e-06 -0.000885386 0.00111027 0.00083961 0.000387933 0.00363952 -0.00148445 0.000231345 0.00202468 -0.0016983 0.00452827 -3.42429e-05 0.00157402 -0.000529158
internal_weight=31105.2 17394.1 13711.2 12391.7 8980.14 1319.44 11326.4 6067.7 3411.59 9244.84 919.099 5061.1 1006.61 2081.52
internal_count=46669 26285 20384 18397 13417 1987 17223 9062 4980 13971 1370 7638 1424 3252
is_linear=0
shrinkage=0.02


Tree=50
num_leaves=15
num_cat=0
split_feature=44 44 44 44 42 30 50 17 46 44 23 31 37 50
split_gain=111.441 23.2557 17.585 5.52774 4.98723 4.15471 3.90712 2.98931 2.53712 2.47985 2.89108 2.61981 2.36514 2.35038
threshold=1.3569124920998157 1.9482448205638194 0.80065933253662558 2.8824798444514097 0.35000000000000003 -0.34344980296161071 0.65000000000000013 1.6606483604721303 1.5634920634920637 0.96722622613813736 1.2396877111367715 0.97028049534975069 0.029875317975141903 1.7500000000000002
decision_type=2 2 2 2 2 2 2 2 2 2 2 2 2 2
left_child=2 4 6 8 7 -5 -1 -2 -3 10 -4 -11 -8 -6
right_child=1 3 9 5 13 -7 12 -9 -10 11 -12 -13 -14 -15
leaf_value=-0.0026763129143771457 -0.00075384353595764775 -7.0685782906356828e-05 -0.001370227100083479 -0.00040778924154719228 0.00085068176573287939 0.0049240175091057091 -0.0025828633984867643 0.00054685472023108304 0.0023661948370282287 -0.00014307041114915416 0 -0.00085974514489414668 -0.0013304818731433459 0.0017811067393160246
leaf_weight=1962.1434445679188 1004.181032627821 170.61146166920662 2712.5632071495056 61.473405092954636 3496.0599313676357 531.92506062984467 772.49290058016777 2352.7508619427681 3744.237237662077 5229.6803730130196 779.5711404979229 3389.2623268961906 3273.0180607438087 1635.9770028293133
leaf_count=3049 1510 308 4073 108 5068 814 1187 3519 5372 7885 1200 5031 5185 2378
internal_value=-3.6679e-05 0.00137606 -0.00105068 0.00253762 0.000757552 0.00435536 -0.00193596 0.000154574 0.00225746 -0.000610464 -0.00106192 -0.000426185 -0.00157325 0.00114981
internal_weight=31115.9 12997.2 18118.7 4508.25 8488.97 593.398 6007.65 3356.93 3914.85 12111.1 3492.13 8618.94 4045.51 5132.04
internal_count=46687 19077 27610 6602 12475 922 9421 5029 5680 18189 5273 12916 6372 7446
is_linear=0
shrinkage=0.02


Tree=51
num_leaves=15
num_cat=0
split_feature=46 34 34 46 50 50 5 16 2 34 34 15 25 2
split_gain=82.0425 26.1672 15.6485 6.60381 6.50739 6.10798 5.33519 4.45026 3.82487 3.77253 2.8123 2.77697 2.74522 2.39858
threshold=1.5857142857142861 0.29283569883616478 1.3077082527503954 0.73214285714285732 0.8500000000000002 1.1500000000000004 48.018009771187579 23.410000000000007 29.279333333333337 0.76819023555942056 2.4137646487890545 8.5956851368740921 0.45000000000000007 11.969021164021166
decision_type=2 2 2 2 2 2 2 2 2 2 2 2 2 2
left_child=1 3 5 11 12 8 -4 -7 -2 -6 -8 -1 -3 -5
right_child=2 4 6 13 9 7 10 -9 -10 -11 -12 -13 -14 -15
leaf_value=-0.0022403395753736559 -0.00031579079239931114 -0.0015360359776121055 0.0025458137695484489 0.0025989852176118915 8.7255129468842511e-05 0.0013405950310134526 0.0042876331937170813 0.0035454951812407209 0.0011002572708413965 0.0013265816692302123 0.0086675078632691503 -0.00099399917825425182 -0.00028295231448817243 -0.0010365924640998482
leaf_weight=3787.8431729674339 1536.060538738966 1264.1617969274521 1264.3361991643906 70.102612227201462 6388.9724516570568 4847.892863124609 340.16308328509331 402.44759741425514 1497.7428076267242 1164.1645780801773 81.021069556474686 926.71271803975105 1618.7457929849625 5925.5801654756069
leaf_count=5850 2267 1953 1896 103 9440 6909 490 615 2332 1770 122 1458 2413 9069
internal_value=-3.59585e-05 -0.000741411 0.0014592 -0.00143581 -2.76686e-05 0.00109944 0.00321804 0.00151279 0.000380261 0.000279897 0.00519078 -0.001998 -0.000836583 -0.000991565
internal_weight=31115.9 21146.3 9969.66 10710.2 10436 8284.14 1685.52 5250.34 3033.8 7553.14 421.184 4714.56 2882.91 5995.68
internal_count=46687 32056 14631 16480 15576 12123 2508 7524 4599 11210 612 7308 4366 9172
is_linear=0
shrinkage=0.02


Tree=52
num_leaves=15
num_cat=0
split_feature=44 44 44 50 2 19 34 50 13 13 41 34 13 27
split_gain=103.578 21.7771 16.3257 5.32952 4.8932 4.5092 3.72558 3.71668 3.67049 3.46772 2.68885 2.13721 1.32521 1.28465
threshold=1.3569124920998157 2.1409224027858325 0.80065933253662558 1.7500000000000002 18.636583333333338 2.9084691529654125 0.54257319330650222 0.65000000000000013 2.2092548836962744 0.8544669416322962 1.1019437876483875 0.72924500373220358 0.28228905397220766 0.30529875835363801
decision_type=2 2 2 2 2 2 2 2 2 2 2 2 2 2
left_child=2 3 7 9 -3 8 -6 13 -4 -2 -9 -5 -7 -1
right_child=1 4 5 11 6 12 -8 10 -10 -11 -12 -13 -14 -15
leaf_value=-0.0033160550846550343 0.00029645837464431496 -0.0015023465980021902 -0.00077763492439682268 0.001178045533084033 0.00067991118272382029 -3.7547863180506853e-05 0.0032072727276168012 -0.0016350151463355909 0.00060899496567516827 0.0011796040171529749 0.00062317526926662637 0.0024369614857244776 0.0018151416690790456 -0.0021800780991455839
leaf_weight=690.5288060605526 4868.3924517035484 96.823729813098907 10680.479230612516 1312.8067215979099 268.71206864714622 244.79498082399368 2620.4361238777637 3829.9432820379734 812.74843594431877 2841.690855294466 215.56767928600311 988.35404288768768 373.05440017580986 1271.6146385073662
leaf_count=1113 6924 172 15890 1927 407 349 3827 5993 1341 4440 379 1380 609 1936
internal_value=-3.51891e-05 0.00132678 -0.00101277 0.000877903 0.00282682 -0.000588569 0.0029763 -0.00186579 -0.00067862 0.000623476 -0.00151197 0.00172474 0.00106721 -0.00258792
internal_weight=31115.9 12997.2 18118.7 10011.2 2985.97 12111.1 2889.15 6007.65 11493.2 7710.08 4045.51 2301.16 617.849 1962.14
internal_count=46687 19077 27610 14671 4406 18189 4234 9421 17231 11364 6372 3307 958 3049
is_linear=0
shrinkage=0.02


Tree=53
num_leaves=15
num_cat=0
split_feature=44 44 44 47 42 13 50 34 1 30 47 44 4 6
split_gain=99.4858 21.2463 15.4413 5.73275 4.63301 4.37909 3.56944 3.21703 2.86069 2.64483 2.61585 2.27774 2.26928 1.49802
threshold=1.3502195778342745 1.9482448205638194 0.80065933253662558 2.9792141212219634 0.35000000000000003 2.2092548836962744 0.65000000000000013 0.21056902960106069 28.450833333333339 0.22251759559785864 1.0153455395618416 3.6731670969275649 21.843159547523801 1.5000000000000002
decision_type=2 2 2 2 2 2 2 2 2 2 2 2 2 2
left_child=2 4 6 7 8 9 -1 -3 -2 -4 -8 -5 -6 -7
right_child=1 3 5 11 12 13 10 -9 -10 -11 -12 -13 -14 -15
leaf_value=-0.002536373845667093 -0.00048500879414624837 -0.002177842475381362 -0.00057481543733709688 0.0035323041110776523 -0.0018005131983358056 0.0025756530588503627 -0.001598931283078511 0.0021583285530043686 0.00067451714342794294 -0.0015202080071035498 0.00069958729011219717 0.0069303790508151988 0.00114138294478879 0.00037184210291715559
leaf_weight=1962.1434445679188 1595.7948560714722 65.909655719995499 9741.3792386353016 640.24553102254868 102.75797420740128 151.33897435665131 3844.014304548502 3701.2522041499615 1810.4009597301483 1366.8486126959324 201.49665677547455 100.83977416157722 5102.7114456892014 728.81381493806839
leaf_count=3049 2355 125 14505 932 153 251 5995 5387 2747 2028 377 158 7406 1219
internal_value=-3.44563e-05 0.00128957 -0.00100032 0.00240259 0.000705317 -0.000584209 -0.00182855 0.0020787 0.000128382 -0.000692297 -0.00148169 0.00402555 0.00108072 0.000767095
internal_weight=31115.9 13119.9 17996 4508.25 8611.67 11988.4 6007.65 3767.16 3406.2 11108.2 4045.51 741.085 5205.47 880.153
internal_count=46687 19263 27424 6602 12661 18003 9421 5512 5102 16533 6372 1090 7559 1470
is_linear=0
shrinkage=0.02


Tree=54
num_leaves=15
num_cat=0
split_feature=46 34 34 1 1 13 2 5 34 42 50 13 34 17
split_gain=72.8592 23.7856 14.1372 6.3681 6.14556 5.64916 5.94825 5.01377 4.32004 4.11761 3.36911 2.68392 2.61499 2.52258
threshold=1.5857142857142861 0.29283569883616478 1.3077082527503954 25.433333333333337 25.343000000000004 1.0000000180025095e-35 29.279333333333337 48.018009771187579 0.92416870418768526 0.25000000000000006 1.1500000000000004 0.11387259442214681 2.4137646487890545 3.1710963448222889
decision_type=2 2 2 2 2 2 2 2 2 2 2 2 2 2
left_child=1 3 5 10 8 9 -7 -4 -3 -2 -1 -6 -9 -5
right_child=2 4 7 13 11 6 -8 12 -10 -11 -12 -13 -14 -15
leaf_value=-0.0020397020623207762 -0.00083711455025512859 -0.0006308030497431717 0.0023954036964318015 -0.00088556024788983873 -4.8504225324674977e-05 0.00063228948704460914 0.0020474333777409127 0.0040870868544365694 0.0012826767980871207 0.0007937979032586679 -0.001035078453541912 0.00091841109560159798 0.008313546614184741 0.00090993445007571047
leaf_weight=4664.3692806661129 814.44584554433823 5230.5234072208405 1264.3361991643906 3762.3589981198311 1933.8517116308212 2059.8703473806381 2896.4210776090622 340.16308328509331 513.85848942399025 2513.4065363705158 1949.1644767224789 2757.8110113739967 81.021069556474686 334.34591320157051
leaf_count=7152 1169 7668 1896 5859 2767 3119 4408 490 798 3427 2998 4343 122 471
internal_value=-3.37448e-05 -0.000698562 0.00137523 -0.0013606 -1.80367e-05 0.00103321 0.0014618 0.0030471 -0.000457507 0.000391388 -0.00174553 0.000517878 0.00495919 -0.000736212
internal_weight=31115.9 21146.3 9969.66 10710.2 10436 8284.14 4956.29 1685.52 5744.38 3327.85 6613.53 4691.66 421.184 4096.7
internal_count=46687 32056 14631 16480 15576 12123 7527 2508 8466 4596 10150 7110 612 6330
is_linear=0
shrinkage=0.02


Tree=55
num_leaves=15
num_cat=0
split_feature=44 44 44 37 12 44 8 50 4 50 46 46 14 12
split_gain=104.742 18.47 13.1277 5.76166 4.844 4.42072 3.54143 3.45127 3.35436 3.21014 2.77325 2.52726 2.23411 1.88055
threshold=1.4724656877614704 0.88967609733407171 1.8946424518684022 1.7366486748380328 18.073118115592184 1.1177563810987052 1.5000000000000002 0.95000000000000007 48.470979858859188 1.4500000000000002 0.89444444444444449 1.1055555555555558 10.500000000000002 18.484802529433875
decision_type=2 2 2 2 2 2 2 2 2 2 2 2 2 2
left_child=1 4 6 7 -1 10 13 -4 -5 -8 -3 -6 -7 -2
right_child=2 5 3 8 11 12 9 -9 -10 -11 -12 -13 -14 -15
leaf_value=-0.0024787617738096005 -0.0028304862543255395 -5.5059638169766139e-05 0.0006878064411692808 0.0030359214668039115 -0.0014016604665150715 0.00020446753786662326 0.00069307535394512367 0.0023184942802687929 0.0058802409062571719 0.0016959967874606388 -0.0010871765903080588 0.00034159704178331565 -0.00055148860624559825 0.00021986443344649371
leaf_weight=1863.3168225586414 135.01820039749146 1486.8390447795391 635.23375993967056 610.29476982355118 5533.263722628355 5127.8409732878208 3233.2105186581612 3448.8940089344978 251.25845730304718 2173.534890383482 3646.0428052246571 343.51307040452957 2245.6776996552944 183.45760688185692
leaf_count=2903 189 2221 1056 933 8535 7745 4829 4896 375 3157 5529 619 3203 265
internal_value=2.87596e-05 -0.000816008 0.00163237 0.00238845 -0.00158409 -0.00033967 0.000976895 0.00206777 0.0038887 0.00109858 -0.000790289 -0.00129798 -2.44976e-05 -0.00105173
internal_weight=30917.4 20246.5 10670.9 4945.68 7740.09 12506.4 5725.22 4084.13 861.553 5406.75 5132.88 5876.78 7373.52 318.476
internal_count=46455 30755 15700 7260 12057 18698 8440 5952 1308 7986 7750 9154 10948 454
is_linear=0
shrinkage=0.02


Tree=56
num_leaves=15
num_cat=0
split_feature=46 34 34 46 2 13 34 32 21 13 33 13 5 5
split_gain=72.8241 24.2689 15.4151 6.51364 5.19634 4.46412 4.4141 3.47484 3.1669 2.48358 2.28756 2.07656 2.02448 1.18988
threshold=1.5857142857142861 0.2698979714233149 1.5241515419650449 2.7888888888888892 26.577666666666669 2.3785982876930603 0.18480821297272393 1.1500000000000001 0.82735290681733176 1.4989330028202874 -0.54999999999999993 0.022169094722521255 48.018009771187579 24.539255052272846
decision_type=2 2 2 2 2 2 2 2 2 2 2 2 2 2
left_child=1 4 3 6 10 7 -2 -3 -4 -6 -1 -5 -10 -7
right_child=2 5 8 11 9 13 -8 -9 12 -11 -12 -13 -14 -15
leaf_value=-0.0029786273399032563 -0.001448439176533346 -0.0002443419489338193 -4.9654899924844628e-05 0.0015314100897077124 -0.00097567195466750553 -0.00086446745512022108 0.001102630894342461 0.00084851355718667252 0.0033119728196814597 0.00039267819985543356 -0.0015668852494452375 0.0042059861528320804 0.0053515502102817339 0.0017864014653388416
leaf_weight=517.14880156517029 275.87527000904083 9094.8448903858662 80.199798196554184 198.7806453704834 2539.0388019382954 68.977918863296509 7955.5041257143021 1330.2289570569992 721.05634361505508 657.63170874118805 6154.2938207685947 352.43571847677231 316.50996017456055 654.86958998441696
leaf_count=728 459 13553 120 265 3823 108 11642 1987 1107 1098 9521 507 459 1078
internal_value=2.8206e-05 -0.00063766 0.0014426 0.00115884 -0.00135994 8.74207e-07 0.00101559 -0.0001038 0.00365718 -0.000690974 -0.00167868 0.00326858 0.00395286 0.00151833
internal_weight=30917.4 21017 9900.36 8782.6 9868.11 11148.9 8231.38 10425.1 1117.77 3196.67 6671.44 551.216 1037.57 723.848
internal_count=46455 31896 14559 12873 15170 16726 12101 15540 1686 4921 10249 772 1566 1186
is_linear=0
shrinkage=0.02


Tree=57
num_leaves=15
num_cat=0
split_feature=34 34 26 34 26 1 1 5 31 21 12 41 12 32
split_gain=68.6234 25.5136 12.4079 10.1732 7.45442 5.84903 4.96746 4.08646 3.1262 3.10591 2.78999 2.64224 1.88929 1.09305
threshold=0.29283569883616478 0.75242927553243333 1.2361111111111114 1.5241515419650449 0.61250000000000016 25.433333333333337 23.964500000000005 49.694081332533877 0.48088951432968086 0.82735290681733176 18.616239783451729 2.5872940017944956 18.073118115592184 0.8500000000000002
decision_type=2 2 2 2 2 2 2 2 2 2 2 2 2 2
left_child=4 2 5 6 11 -2 -3 10 -4 -5 -6 12 -1 -9
right_child=1 3 8 9 7 -7 -8 13 -10 -11 -12 -13 -14 -15
leaf_value=-0.0024686312411033784 -0.00052201326330960653 0.00051682031488817963 -0.0013729583902096657 0 -0.0014473589506746043 0.00041822848825463023 0.0018612266166838783 -0.00011871728476709349 0.0016384859236214849 0.0038015554918155378 -0.00051938733271750357 0.001766906140888255 -0.0015723169339135468 0.0014686662562890668
leaf_weight=1325.4961542189121 5289.5517524182796 1670.9888237714767 140.74969261884689 91.080261796712875 2229.080434024334 5287.6447229981422 3361.1683455109596 304.10581561923027 2523.8200036585331 1073.1158621609211 3222.9556623101234 80.045142412185669 3947.0645626783371 370.52911466360092
leaf_count=2052 7749 2460 206 141 3335 7976 4944 485 3660 1635 4978 139 6129 566
internal_value=2.76553e-05 0.000752042 0.000255407 0.00181133 -0.00119801 -5.10417e-05 0.00141717 -0.000718491 0.00147475 0.00350112 -0.000901016 -0.00174454 -0.00180039 0.000740105
internal_weight=30917.4 19438.1 13241.8 6196.35 11479.3 10577.2 5032.16 6126.67 2664.57 1164.2 5452.04 5352.61 5272.56 674.635
internal_count=46455 28771 19591 9180 17684 15725 7404 9364 3866 1776 8313 8320 8181 1051
is_linear=0
shrinkage=0.02


Tree=58
num_leaves=15
num_cat=0
split_feature=47 46 46 50 50 50 2 13 47 16 13 31 40 13
split_gain=68.4223 18.444 11.0579 7.18262 5.36496 5.30133 3.5532 3.49553 3.3673 2.84449 2.56994 2.17322 2.16153 2.02907
threshold=1.6190297649539132 1.0500000000000003 2.7888888888888892 1.6500000000000004 0.95000000000000007 1.2500000000000002 21.025395833333338 1.3186010565114741 0.56885560569933269 8.8900000000000023 0.14897436876886072 1.4031721588102157 -0.022624092621085948 1.0000000180025095e-35
decision_type=2 2 2 2 2 2 2 2 2 2 2 2 2 2
left_child=1 4 3 10 8 6 -3 -7 -1 -5 -2 -4 -6 -13
right_child=2 5 11 9 12 7 -8 -9 -10 -11 -12 13 -14 -15
leaf_value=-0.0022514498427261636 0.00025087394905048814 -0.0011308900050120733 0.0037914880838055866 0.00070346312042480683 -0.00027528953856631569 0.00026336911337294976 -2.4387364450646452e-05 0.0016006242040675672 -0.0012065036337620438 0.0023853810958017786 0.0011690835393757834 -0.00090004361939130583 -0.0010401102571813675 0.0029450489136861346
leaf_weight=1833.1961443126202 2133.5243017077446 1601.0765732824802 912.95796763896942 517.56519788503647 2850.4245599210262 3121.8562013506889 4279.3778944611549 1053.6790797412395 4078.7541274726391 2185.0052434504032 2951.2944401204586 82.366379946470261 3174.5680208802223 141.75021868944168
leaf_count=2870 3033 2348 1317 746 4316 4570 6502 1668 6180 3076 4590 120 4895 224
internal_value=2.70975e-05 -0.000571921 0.0015042 0.00123254 -0.00110349 5.81784e-05 -0.000327638 0.000603818 -0.00153287 0.00206774 0.000786031 0.0033505 -0.000680144 0.00149223
internal_weight=30917.4 21992.9 8924.46 7787.39 11936.9 10056 5880.45 4175.54 5911.95 2702.57 5084.82 1137.07 6024.99 224.117
internal_count=46455 33349 13106 11445 18261 15088 8850 6238 9050 3822 7623 1661 9211 344
is_linear=0
shrinkage=0.02


Tree=59
num_leaves=15
num_cat=0
split_feature=44 44 44 37 44 6 37 50 18 50 13 49 14 19
split_gain=91.584 16.0882 11.3945 4.93824 3.8918 3.37082 3.3616 3.19886 3.08745 2.94015 2.8242 2.76506 2.10708 1.983
threshold=1.4724656877614704 0.88967609733407171 1.8946424518684022 1.7366486748380328 1.1177563810987052 6.5000000000000009 0.011326867194673202 0.95000000000000007 2.5243976369588492 1.4500000000000002 2.2092548836962744 0.75000000000000011 10.500000000000002 1.2464012079253985
decision_type=2 2 2 2 2 2 2 2 2 2 2 2 2 2
left_child=1 6 5 7 11 9 -1 -4 -5 -2 -8 -3 -6 -7
right_child=2 4 3 8 12 13 10 -9 -10 -11 -12 -13 -14 -15
leaf_value=-0.0027148182842400182 0.00064575631502820127 0 0.00060473423612395351 0.0026915321700109345 0.00019941802834382596 -0.0019144017470331641 -0.001460740507562691 0.0021745883926125274 0.0052949090115812589 0.0016057685985968878 -2.6822438784442748e-05 -0.0010325976373858708 -0.00053473295688554791 0.0018173830884946431
leaf_weight=805.90969675779343 3233.2105186581612 1449.6523948311806 635.23375993967056 561.260827511549 5127.8409732878208 249.09938672184944 6316.7578648626804 3448.8940089344978 300.29239961504936 2173.534890383482 617.42605397105217 3683.2294551730156 2245.6776996552944 69.376420557498932
leaf_count=1245 4829 2139 1056 860 7745 355 9752 4896 448 3157 1060 5611 3203 99
internal_value=2.65637e-05 -0.000763342 0.00152609 0.0022306 -0.000318707 0.000915204 -0.00148022 0.00193328 0.00362067 0.00103399 -0.00133455 -0.000741514 -2.29034e-05 -0.001064
internal_weight=30917.4 20246.5 10670.9 4945.68 12506.4 5725.22 7740.09 4084.13 861.553 5406.75 6934.18 5132.88 7373.52 318.476
internal_count=46455 30755 15700 7260 18698 8440 12057 5952 1308 7986 10812 7750 10948 454
is_linear=0
shrinkage=0.02


Tree=60
num_leaves=15
num_cat=0
split_feature=34 46 15 46 24 13 42 21 22 34 27 13 31 15
split_gain=54.8344 22.3216 8.96068 7.0759 6.50932 4.70507 4.0854 3.21371 3.00922 2.84692 2.59794 2.1733 3.2428 2.72252
threshold=0.29283569883616478 1.9500000000000002 12.224818839374306 2.7888888888888892 0.91177766871150101 0.11387259442214681 0.35000000000000003 0.91690667179084617 1.9589456514712469 1.3077082527503954 0.35543481053991438 0.86918181792603566 0.77722866306802851 13.089518365331793
decision_type=2 2 2 2 2 2 2 2 2 2 2 2 2 2
left_child=4 2 6 9 8 -4 -2 -5 10 -3 -1 12 -6 -13
right_child=1 3 5 7 11 -7 -8 -9 -10 -11 -12 13 -14 -15
leaf_value=-0.0021231150907444576 -0.00049718985527303283 0.0011304253163325461 0.0002728498932865351 0.00048757182737066001 0.00037335168861858409 0.0017154644240546225 0.00029555161364088785 0.0036537183851628077 -0.00010861152893624284 0.0025121570032297937 -0.0012598476265731383 -0.00011636955393897917 -0.0013731947570209274 0.0021583725882018527
leaf_weight=1890.3709506392479 4469.5406995415688 3172.1455499231815 1599.42552703619 157.38886162638664 675.91558492183685 2138.4507681429386 6205.4817565977573 958.09569415450096 727.60662367939949 757.98588767647743 6014.6172468960285 912.78949996829033 1108.2472417652607 268.84956380724907
leaf_count=3024 6755 4581 2252 234 1018 3266 9172 1399 1156 1116 9096 1504 1615 440
internal_value=1.13617e-05 0.000660477 0.000258777 0.0018054 -0.00107672 0.00110132 -3.54568e-05 0.00321761 -0.00135467 0.0014006 -0.00146804 -0.000263948 -0.000706254 0.00039551
internal_weight=31056.9 19458.5 14412.9 5045.62 11598.4 3737.88 10675 1115.48 8632.59 3930.13 7904.99 2965.8 1784.16 1181.64
internal_count=46628 28775 21445 7330 17853 5518 15927 1633 13276 5697 12120 4577 2633 1944
is_linear=0
shrinkage=0.02


Tree=61
num_leaves=15
num_cat=0
split_feature=46 46 15 36 50 27 42 6 16 36 50 30 3 13
split_gain=52.2397 11.7486 11.4867 8.82041 5.33581 5.29234 3.56776 2.65047 2.32921 1.9382 1.93605 1.88026 1.77493 1.05714
threshold=1.5857142857142861 2.7321428571428577 15.710714185971348 0.47222222222222227 1.6500000000000004 0.35543481053991438 0.35000000000000003 4.5000000000000009 5.4900000000000029 0.29285714285714287 1.7500000000000002 -0.22113847010744803 48.783046278525141 1.9344858420268258
decision_type=2 2 2 2 2 2 2 2 2 2 2 2 2 2
left_child=2 4 3 5 8 -1 -5 12 -2 13 -11 -6 -3 -4
right_child=1 7 9 6 11 -7 -8 -9 -10 10 -12 -13 -14 -15
leaf_value=-0.0017302778301492023 -0.00067278476030026096 0.0028506736996866014 -6.6977927931948666e-05 -0.00064156595756054472 0.0028874212958619992 -0.00074387162453543423 0.00046464173104373446 0 0.00073964157494719215 0.0011400985896253908 0.0033204905637841081 0.001443911583821028 0.004786290663885466 0.0024103974567208763
leaf_weight=2686.6014641225338 502.61459290981293 739.86808377504349 554.7723813354969 1862.8926990032196 449.22177284955978 11997.258707135916 3105.2638616859913 93.951177060604095 5360.4606992900372 712.72283309698105 222.93324488401413 2393.9707001745701 298.69843330979347 75.680805742740631
leaf_count=4239 733 1096 795 2908 631 18046 4656 133 8024 1097 324 3397 432 117
internal_value=1.11566e-05 0.0012159 -0.000547072 -0.000678773 0.000964513 -0.000925239 4.77475e-05 0.00313455 0.000616668 0.00109794 0.00167625 0.00167737 0.00342511 0.000221281
internal_weight=31056.9 9838.79 21218.1 19652 8706.27 14683.9 4968.16 1132.52 5863.08 1566.11 935.656 2843.19 1038.57 630.453
internal_count=46628 14446 32182 29849 12785 22285 7564 1661 8757 2333 1421 4028 1528 912
is_linear=0
shrinkage=0.02


Tree=62
num_leaves=15
num_cat=0
split_feature=44 44 44 46 21 46 14 15 46 6 22 36 44 1
split_gain=71.448 12.3715 11.1884 4.57029 3.98196 3.29374 3.27697 2.88476 2.73137 2.65594 2.58165 1.87704 1.8478 1.42177
threshold=1.4790090002074414 0.88413410853286456 1.8946424518684022 3.3875000000000006 0.93481478774976312 1.1055555555555558 8.5000000000000018 16.136299778949013 1.5857142857142861 4.5000000000000009 1.1158244707199938 0.70714285714285718 1.1628085019563479 17.924166666666668
decision_type=2 2 2 2 2 2 2 2 2 2 2 2 2 2
left_child=1 5 4 8 11 10 12 -8 -4 -6 -1 -2 -3 -7
right_child=2 6 3 -5 9 13 7 -9 -10 -11 -12 -13 -14 -15
leaf_value=-0.0015817936315170263 -0.00099143903741162609 -0.00019621245097622647 -0.00011368575888794902 0.0042168585737402883 0.0011734333839429714 0.0022172369234044055 -0.00055508746206231138 0.00074462365916308146 0.0019958395606969252 -0.00051727882157274368 -0.00060552161544826129 0.00061769646075558033 0.0008268498855369329 -0.00033170792223043242
leaf_weight=5964.8280307650566 664.83554527163506 1398.7563753724098 250.79138976335526 368.95522591471672 4003.5532865822315 124.55356335639954 9342.0758881866932 728.91202631592751 4266.739001750946 399.90241760015488 1372.1989040672779 504.23107689619064 1398.7195996046066 267.85912492871284
leaf_count=9187 1003 2238 448 545 5906 203 13705 1078 6183 564 2140 742 2181 505
internal_value=1.09685e-05 -0.00067226 0.00135734 0.00205692 0.000741575 -0.00130497 -0.000291302 -0.000459896 0.00187652 0.00101746 -0.00140078 -0.000288993 0.000311965 0.000459125
internal_weight=31056.9 20597.9 10459 4886.49 5572.52 7729.44 12868.5 10071 4517.53 4403.46 7337.03 1169.07 2797.48 392.413
internal_count=46628 31237 15391 7176 8215 12035 19202 14783 6631 6470 11327 1745 4419 708
is_linear=0
shrinkage=0.02


Tree=63
num_leaves=15
num_cat=0
split_feature=44 44 44 46 46 34 50 46 20 24 3 16 33 1
split_gain=68.6209 11.8821 10.7454 4.38919 3.16364 3.14306 3.49122 2.62514 2.26573 3.76608 2.13975 2.08658 1.6937 1.36673
threshold=1.4790090002074414 0.88413410853286456 1.8946424518684022 3.3875000000000006 1.1055555555555558 0.23677392660123592 0.55000000000000016 1.5857142857142861 -0.16889125433928232 0.83057628100785974 40.724490500856682 11.640000000000002 0.55000000000000016 17.924166666666668
decision_type=2 2 2 2 2 2 2 2 2 2 2 2 2 2
left_child=1 4 8 7 11 10 -7 -4 9 -2 -3 -1 -10 -6
right_child=2 5 3 -5 13 6 -8 -9 12 -11 -12 -13 -14 -15
leaf_value=-0.001486387744419487 0.0015552771528651425 -0.0013872031335332941 -0.0001114299873938968 0.0041329761168504356 0.0021735929786192644 -0.0012480183574516252 2.2921689531176554e-05 0.001955941482725123 0.00071734096445176 -0.00028357756763845206 -0.00034614164984276635 -0.00034827232305212488 0.0016750450366062233 -0.00032512296906612374
leaf_weight=6595.2226051986217 613.16160747408867 1478.192576020956 250.79138976335526 368.95522591471672 124.55356335639954 956.77558478713036 8665.2924833893776 4266.739001750946 2193.0603465139866 1596.4058695435524 1768.2032452821732 741.80432963371277 1169.8945028185844 267.85912492871284
leaf_count=10147 925 2207 448 545 203 1435 12850 6183 3235 2358 2710 1180 1697 505
internal_value=1.07452e-05 -0.000658824 0.00133022 0.00201584 -0.0012789 -0.000285457 -0.000102649 0.00183896 0.000726709 0.000223133 -0.000823812 -0.00137281 0.00105427 0.000449627
internal_weight=31056.9 20597.9 10459 4886.49 7729.44 12868.5 9622.07 4517.53 5572.52 2209.57 3246.4 7337.03 3362.95 392.413
internal_count=46628 31237 15391 7176 12035 19202 14285 6631 8215 3283 4917 11327 4932 708
is_linear=0
shrinkage=0.02


Tree=64
num_leaves=15
num_cat=0
split_feature=44 44 44 17 13 13 13 30 44 44 21 42 22 21
split_gain=66.0132 17.5275 5.53985 4.3328 3.68496 3.55925 3.50828 3.33713 3.18607 3.08513 2.89631 2.82043 2.28244 1.89792
threshold=1.6983129739208185 1.0251097183779365 2.3870142982021316 2.5699039125052212 1.3186010565114741 2.2092548836962744 0.14897436876886072 -0.2967144712449466 1.3741306170369578 0.5700522215856576 0.91168841600345762 0.15000000000000005 1.9960871624095431 0.781202210460059
decision_type=2 2 2 2 2 2 2 2 2 2 2 2 2 2
left_child=1 5 6 7 8 9 11 -4 -3 -1 -8 -2 -7 -6
right_child=2 4 3 -5 13 12 10 -9 -10 -11 -12 -13 -14 -15
leaf_value=-0.0019054093586958784 -0.0012174971718276685 -0.00050004054375341511 -0.0014309435197998595 0.0038507481862767282 -0.0011342790547671912 -0.00024173986291449283 0.00037477270814152577 0.0022149216360460421 0.0002366879842271092 -0.0010157985814773062 0.0020984800113781907 0.0010365999279767831 0.0029860427765996118 0.00070873793468203259
leaf_weight=1987.563110679388 241.98951900005341 5662.5888947546482 109.91484633088112 752.14628058671951 235.08829429745674 851.52300575375557 476.82755336165428 801.65722015500069 3987.8074473142624 7992.0900870859623 2604.8415808975697 2148.2508314847946 95.457291722297668 3109.16549295187
leaf_count=3254 374 8281 193 1085 387 1430 750 1229 5733 12011 3915 2952 167 4867
internal_value=1.0526e-05 -0.000492773 0.00169884 0.0027159 2.91553e-06 -0.00108308 0.0013869 0.0017622 -0.000194582 -0.00119432 0.00183543 0.000803386 7.86962e-05 0.000575592
internal_weight=31056.9 23921.3 7135.63 1663.72 12994.7 10926.6 5471.91 911.572 9650.4 9979.65 3081.67 2390.24 946.98 3344.25
internal_count=46628 36130 10498 2507 19268 16862 7991 1422 14014 15265 4665 3326 1597 5254
is_linear=0
shrinkage=0.02


Tree=65
num_leaves=15
num_cat=0
split_feature=44 44 44 36 42 34 13 20 25 44 13 3 0 13
split_gain=72.2365 18.7393 10.4874 5.99488 3.38154 3.0964 2.5744 2.47826 2.33836 2.23231 2.2237 2.11792 2.35174 1.3856
threshold=1.3502195778342745 1.9081898788699692 0.83043979783833211 1.5277777777777779 0.35000000000000003 0.19758890796456177 2.2092548836962744 4.1271819338291982 0.90000000000000013 3.6731670969275649 0.14897436876886072 39.591104072505097 13.84048608128291 2.2727709370360674
decision_type=2 2 2 2 2 2 2 2 2 2 2 2 2 2
left_child=2 4 11 5 7 -3 8 -2 -4 -5 -6 12 -1 -8
right_child=1 3 6 9 10 -7 13 -9 -10 -11 -12 -13 -14 -15
leaf_value=-0.00054791407570395757 0 -0.0023005857722903146 -0.00029800199912217789 0.0031261147322573556 0.00043978442391951421 0.0018385667613439614 0.0032702155647641243 0.0036615995199472009 -0.00095039868801744323 0.0064806375883071626 0.0013040966853401514 -0.00096919672296238123 -0.0019235815959280187 0.00037544670207743269
leaf_weight=611.39326015114784 3178.4680765271187 70.035649597644806 7272.3733368813992 1098.7346248924732 2191.1333692371845 3548.618635982275 72.181929975748062 73.795483887195587 3197.535334020853 92.994318842887878 2735.337535649538 2649.4607297182083 3339.760845541954 779.06648415327072
leaf_count=895 4786 131 10866 1636 3031 5132 118 101 4760 146 4127 4348 5063 1296
internal_value=4.01499e-05 0.00117603 -0.000782581 0.00216711 0.000591508 0.00175447 -0.000411791 8.74893e-05 -0.000498344 0.00340667 0.000922042 -0.00141672 -0.00171363 0.00063972
internal_weight=30910.9 12989.1 17921.8 4810.38 8178.73 3618.65 11321.2 3252.26 10469.9 1191.73 4926.47 6600.61 3951.15 851.248
internal_count=46436 19090 27346 7045 12045 5263 17040 4887 15626 1782 7158 10306 5958 1414
is_linear=0
shrinkage=0.02


Tree=66
num_leaves=15
num_cat=0
split_feature=47 47 37 50 37 14 1 50 1 18 40 51 40 16
split_gain=54.8584 14.5253 8.2064 7.09155 4.80706 4.62796 3.57248 3.31374 3.20356 2.89408 2.07439 1.80702 1.61447 1.30324
threshold=1.7655900193302363 0.83754050355805587 1.6690004123451307 1.3500000000000003 0.41180472397890838 12.500000000000002 31.451833333333337 1.1500000000000004 29.067333333333337 1.8758138207526696 -0.028633925666086198 1.5500000000000005 -0.13007163245139283 7.9200000000000017
decision_type=2 2 2 2 2 2 2 2 2 2 2 2 2 2
left_child=1 8 5 6 -5 7 -3 -2 10 13 -1 -11 -7 -4
right_child=2 3 9 4 -6 12 -8 -9 -10 11 -12 -13 -14 -15
leaf_value=-0.00090364722246077088 0.00073493678736974476 -0.00057361818542704874 -0.0006577004804859749 -0.00012771329476333793 0.0010584595459871308 0.0014646361801546762 0.00030498828256295889 0.0017894757860493404 -0.00013000637700644831 0.0032462951939108056 -0.0016243259213702458 0.0056356754219600725 -0.0014272459009228985 0.0022940412451102027
leaf_weight=3059.6740131378174 1805.4390563070774 8242.7767154276371 67.078490376472473 2521.5749351382256 2946.2616853117943 97.039081037044525 2369.5091924667358 3768.5411756634712 1123.7640755176544 480.65198621153831 3594.7948068678379 207.55148854851723 317.37575897574425 308.85715407133102
leaf_count=4647 2791 12326 101 3790 4384 131 3666 5350 1740 746 5562 283 426 493
internal_value=3.93754e-05 -0.000418399 0.0015891 -7.44771e-05 0.000509763 0.00129789 -0.00037648 0.00145009 -0.00112791 0.00321298 -0.00129484 0.00399563 -0.000722288 0.00174021
internal_weight=30910.9 23858.4 7052.53 16080.1 5467.84 5988.4 10612.3 5573.98 7778.23 1064.14 6654.47 688.203 414.415 375.936
internal_count=46436 36115 10321 24166 8174 8698 15992 8141 11949 1623 10209 1029 557 594
is_linear=0
shrinkage=0.02


Tree=67
num_leaves=15
num_cat=0
split_feature=47 34 34 1 1 14 50 14 32 27 18 22 34 16
split_gain=52.6957 17.7021 8.00238 5.45808 5.04822 4.36341 3.99828 3.81339 3.65979 3.09434 2.20287 1.9573 1.95605 1.90314
threshold=1.7655900193302363 0.2871433887478369 1.3077082527503954 25.91383333333334 28.890166666666669 12.500000000000002 0.95000000000000007 11.500000000000002 0.95000000000000007 0.29411044726970026 1.8758138207526696 2.8732430233838575 2.7344846369021023 9.4225000000000012
decision_type=2 2 2 2 2 2 2 2 2 2 2 2 2 2
left_child=1 4 5 6 9 8 -3 -5 -2 -1 13 -6 -12 -4
right_child=2 3 10 7 11 -7 -8 -9 -10 -11 12 -13 -14 -15
leaf_value=-0.0021732080902769186 0.00085753333215959698 -0.00089864561658988722 0.00043459153060853531 0.00074357983576535196 -0.00041263339082082181 -0.00089725618473040602 8.4863716601507711e-05 -0.00064950168029055471 0.0019550483045056946 -0.0010867396901670381 0.003068841171829264 0.0017191707649106245 0.0063779697809587046 0.002746011043100861
leaf_weight=1271.5322487354279 2852.0045607686043 2678.572587698698 258.49373787641525 5106.0404386818409 2633.2291310727596 368.82149520516396 4272.8822357058525 919.71464613080025 2192.1527946591377 6795.3943175375462 942.60198038816452 180.98981830477715 84.970620393753052 353.48900189995766
leaf_count=2055 4237 4011 393 7818 4118 494 6237 1313 3150 10268 1377 295 132 538
internal_value=3.86023e-05 -0.000410051 0.00155748 8.81008e-05 -0.00100499 0.00118271 -0.000292819 0.000529149 0.00133707 -0.00125973 0.00278572 -0.000270857 0.00336405 0.00179058
internal_weight=30910.9 23858.4 7052.53 12977.2 10881.1 5412.98 6951.45 6025.76 5044.16 8066.93 1639.56 2814.22 1027.57 611.983
internal_count=46436 36115 10321 19379 16736 7881 10248 9131 7387 12323 2440 4413 1509 931
is_linear=0
shrinkage=0.02


Tree=68
num_leaves=15
num_cat=0
split_feature=34 24 15 34 34 34 24 13 27 8 13 13 15 5
split_gain=50.189 19.6284 8.42193 6.13052 5.74314 5.34001 4.61072 4.10644 3.34016 3.30547 2.90998 2.83189 2.22623 1.55868
threshold=0.71506597382476833 0.79406416556149761 9.6961523458836982 0.29009663342637554 0.32888267794775444 1.5833327684805774 1.3228330911981661 0.12668717773682839 0.26219228428276797 3.5000000000000004 2.2092548836962744 1.5190089025187785 16.781763474973737 38.5769207131355
decision_type=2 2 2 2 2 2 2 2 2 2 2 2 2 2
left_child=1 4 9 11 8 7 -5 -4 -1 -2 -6 -3 -7 -11
right_child=2 3 5 6 10 12 -8 -9 -10 13 -12 -13 -14 -15
leaf_value=-0.0022324895131963459 1.310423597312465e-05 -0.00066652312253929374 0.00089793355011693135 0.00030493630411915906 -0.00052152485355380846 0.0028933621257658045 0.0015308659350881987 0.0023560828762558077 -0.0010726923380685754 0.0018791745527474296 0.0012349860198796621 0.00061850518635986459 0.0053428621387195509 0.00022174545259369958
leaf_weight=1186.1815589666367 1434.5709052681923 3199.8695444464684 1391.6796262562275 5475.0523801445961 4488.3352776169777 707.35756552219391 1593.1331069171429 1830.4159720540047 6917.2341283559799 879.26653268933296 407.0912019610405 863.64450627565384 211.29650378227234 325.76080480217934
leaf_count=1916 2174 4796 1947 7933 6737 1054 2340 2740 10509 1302 676 1483 311 518
internal_value=3.78585e-05 -0.00038902 0.00155821 0.000226643 -0.000916972 0.00212197 0.000583024 0.00173033 -0.00124421 0.000669125 -0.000372971 -0.000390778 0.00347801 0.00144051
internal_weight=30910.9 24130.5 6780.35 11131.7 12998.8 4140.75 7068.19 3222.1 8103.42 2639.6 4895.43 4063.51 918.654 1205.03
internal_count=46436 36390 10046 16552 19838 6052 10273 4687 12425 3994 7413 6279 1365 1820
is_linear=0
shrinkage=0.02


Tree=69
num_leaves=15
num_cat=0
split_feature=34 24 36 34 34 16 24 24 13 13 20 19 18 50
split_gain=48.2142 18.8531 8.87317 5.88889 5.51595 4.80963 4.25547 2.99946 2.79551 2.6007 2.262 2.19131 1.9391 1.28661
threshold=0.71506597382476833 0.79406416556149761 1.5857142857142861 0.23932459734806485 0.32888267794775444 14.99 1.4966891256562751 1.3367937178947205 2.2092548836962744 0.09614755747849292 4.9915709712567464 2.9869821049570313 1.5907038024766227 1.3500000000000003
decision_type=2 2 2 2 2 2 2 2 2 2 2 2 2 2
left_child=1 4 5 11 10 7 -5 -2 -6 -7 -1 -3 13 -4
right_child=2 3 12 6 8 9 -8 -9 -10 -11 -12 -13 -14 -15
leaf_value=-0.0012728527331302252 0.00067813874374725162 -0.00063428818364323701 -6.9679693851601752e-05 0.00033471736589776039 -0.00051109901855266623 0.0011344975614267941 0.0017347621086025225 0.0026702051018805328 0.0012104070377146651 0.0030023238681430283 0.00085289068876690671 0.0017681456457410286 0.0034697213541572446 0.0025178680916997684
leaf_weight=7904.969157487154 3863.580220490694 2980.5904412269592 110.75549176335335 6998.4367666244507 4488.3352776169777 532.04934221506119 996.5263694524765 331.38489100337029 407.0912019610405 759.35121366381645 198.44652983546257 156.14596047997475 979.24688673019409 203.97986450791359
leaf_count=12122 5768 4580 178 10226 6737 740 1462 469 676 1125 303 284 1462 304
internal_value=3.71567e-05 -0.000381233 0.00152731 0.000222134 -0.000898656 0.00117217 0.000510866 0.000839084 -0.000365465 0.00224347 -0.00121936 -0.000510459 0.0030212 0.00158105
internal_weight=30910.9 24130.5 6780.35 11131.7 12998.8 5486.37 7994.96 4194.97 4895.43 1291.4 8103.42 3136.74 1293.98 314.735
internal_count=46436 36390 10046 16552 19838 8102 11688 6237 7413 1865 12425 4864 1944 482
is_linear=0
shrinkage=0.02


Tree=70
num_leaves=15
num_cat=0
split_feature=44 44 44 35 14 12 14 15 23 23 50 21 40 19
split_gain=54.7622 12.3954 9.14185 3.66314 3.61184 3.45866 2.89597 3.08083 2.45939 2.3107 2.26909 2.18365 2.15719 2.06902
threshold=1.3502195778342745 1.9081898788699692 0.89514425043147938 2.1000000000000005 8.5000000000000018 18.400275103420714 8.5000000000000018 18.126263265018263 0.47519836902278217 1.4666012725087569 1.7500000000000002 1.022528458100062 0.12405197892648806 1.6483526159488673
decision_type=2 2 2 2 2 2 2 2 2 2 2 2 2 2
left_child=2 4 5 8 -2 9 12 -8 -3 -1 -6 -5 -4 -7
right_child=1 3 6 11 10 13 7 -9 -10 -11 -12 -13 -14 -15
leaf_value=-0.0019874851859028346 0.0012564028447672377 -0.00092247533923418932 0.00057035322033510629 0.0044368406547958374 6.8783111630677733e-05 -0.001125526435268837 -0.00058919112322706666 0.0017319880581992127 0.0016468355741753296 -7.1676227880957156e-05 0.0010154483061016544 0.0018317194161361486 -0.0011278543208942252 -9.2231856800464797e-05
leaf_weight=2622.6546577811241 1884.0969454646111 148.32408908009529 1866.3536817133427 310.6629763841629 5153.7740922868252 4062.3846320807934 7662.4707136154175 231.8155409693718 4126.6224908530712 290.75892212986946 1267.4825449585915 256.48285815119743 351.41565856337547 984.86505028605461
leaf_count=4049 2927 225 2962 468 7452 6263 11255 360 6023 461 1826 393 567 1580
internal_value=-2.53754e-05 0.000956285 -0.000740088 0.00176115 0.000485524 -0.00124745 -0.000339513 -0.000519342 0.00155496 -0.0017999 0.000257459 0.00328686 0.000295986 -0.000925998
internal_weight=31220.2 13147.4 18072.7 4842.09 8305.35 7960.66 10112.1 7894.29 4274.95 2913.41 6421.26 567.146 2217.77 5047.25
internal_count=46811 19314 27497 7109 12205 12353 15144 11615 6248 4510 9278 861 3529 7843
is_linear=0
shrinkage=0.02


Tree=71
num_leaves=15
num_cat=0
split_feature=44 44 44 46 13 36 12 50 43 23 0 6 5 13
split_gain=52.6018 11.9044 8.78137 4.07897 3.92677 3.4769 3.32085 2.8362 2.82968 2.21748 2.17425 2.1565 2.02443 1.77127
threshold=1.3502195778342745 1.9081898788699692 0.89514425043147938 1.5634920634920637 2.2092548836962744 2.7071428571428577 18.400275103420714 1.6500000000000004 1.0000000180025095e-35 1.4666012725087569 19.466553786951685 6.5000000000000009 21.603050765357214 2.1357352343357481
decision_type=2 2 2 2 2 2 2 2 2 2 2 2 2 2
left_child=2 7 6 -3 8 -5 9 12 -4 -1 -6 -9 -2 -8
right_child=1 3 4 5 10 -7 13 11 -10 -11 -12 -13 -14 -15
leaf_value=-0.0019477657835531837 -0.0029784806039495006 -0.00082467232878545831 0.00043648534389301624 0.0017473782816854379 -0.00050912239346822933 0.0047698915222747981 -0.0010252925295008894 0.0012685890454312285 -0.00058436156138936613 -7.0252462744072611e-05 0.0017386482471595053 -0.0015938648103773088 0.00030123997307693546 0.00027036024347274124
leaf_weight=2622.6546577811241 73.73078179359436 232.23000460863113 1241.5324604809284 4449.0667885839939 243.18636208772659 160.79562127590179 4596.4440221786499 1975.4866099357605 8090.8475044667721 290.75892212986946 536.48926782608032 106.4961519241333 6149.6400390565395 450.80566018819809
leaf_count=4049 100 414 1850 6443 401 252 7052 2885 12001 461 892 151 9069 791
internal_value=-2.48465e-05 0.000937249 -0.000725326 0.00172603 -0.000332701 0.001857 -0.00122259 0.000475873 -0.000447418 -0.001764 0.00102525 0.00111598 0.000259833 -0.000907527
internal_weight=31220.2 13147.4 18072.7 4842.09 10112.1 4609.86 7960.66 8305.35 9332.38 2913.41 779.676 2081.98 6223.37 5047.25
internal_count=46811 19314 27497 7109 15144 6695 12353 12205 13851 4510 1293 3036 9169 7843
is_linear=0
shrinkage=0.02


Tree=72
num_leaves=15
num_cat=0
split_feature=44 44 44 36 14 12 14 43 0 43 12 0 50 32
split_gain=50.5202 11.4336 8.43414 3.65833 3.46911 3.18915 2.7131 2.734 2.36672 2.23884 2.1324 2.11821 1.74177 1.48518
threshold=1.3502195778342745 1.9081898788699692 0.89514425043147938 2.7071428571428577 8.5000000000000018 18.400275103420714 8.5000000000000018 1.0000000180025095e-35 21.77991383150351 0.55000000000000016 19.630589677102353 15.785189380795543 1.3500000000000003 0.15000000000000005
decision_type=2 2 2 2 2 2 2 2 2 2 2 2 2 2
left_child=2 4 5 8 -2 11 13 -8 -3 -5 -6 -1 -7 -4
right_child=1 3 6 9 10 12 7 -9 -10 -11 -12 -13 -14 -15
leaf_value=-0.00074864985027727371 0.0012217832732797972 0.00025596720214305919 0.0027593430723418929 0.0019203212068165882 9.1203339143591154e-05 -0.0010761041786096122 0.00046228700073403802 -0.00064369187036547105 0.0017404195549968939 0.0069287495198737808 0.0011316089592927018 -0.0020361286589722434 -0.00013734465728520309 0.00017514219144193041
leaf_weight=704.82695755362511 1884.0969454646111 497.51185074448586 91.80148321390152 75.998459309339523 5497.2185214757919 4031.7817295491695 1015.3121661245823 6878.974088460207 4183.7849424481392 84.797161966562271 924.03811576962471 2208.5866223573685 1015.4679528176785 2125.9678570628166
leaf_count=1055 2927 774 148 131 7978 6202 1502 10113 6083 121 1300 3455 1641 3381
internal_value=-2.43483e-05 0.000918512 -0.000710834 0.00169156 0.000466317 -0.00119818 -0.000326022 -0.000500101 0.00158497 0.00467567 0.000242783 -0.00172881 -0.000889343 0.000289006
internal_weight=31220.2 13147.4 18072.7 4842.09 8305.35 7960.66 10112.1 7894.29 4681.3 160.796 6421.26 2913.41 5047.25 2217.77
internal_count=46811 19314 27497 7109 12205 12353 15144 11615 6857 252 9278 4510 7843 3529
is_linear=0
shrinkage=0.02


Tree=73
num_leaves=15
num_cat=0
split_feature=44 44 34 14 13 34 50 2 3 37 50 50 44 32
split_gain=48.6118 15.2457 4.79867 4.60241 4.2925 4.02258 3.21965 2.60453 2.5923 2.34181 2.27855 1.71958 1.26376 0.92024
threshold=1.6875689564605885 0.96722622613813736 1.6493113854075918 8.5000000000000018 2.2092548836962744 0.19256807545662163 2.4500000000000006 23.244250000000005 48.493646328544109 0.51486800121943921 0.8500000000000002 0.75000000000000011 2.8824798444514097 0.65000000000000002
decision_type=2 2 2 2 2 2 2 2 2 2 2 2 2 2
left_child=1 4 5 7 11 -2 -7 -3 12 -6 -5 -1 -4 -10
right_child=2 3 8 10 9 6 -8 -9 13 -11 -12 -13 -14 -15
leaf_value=-0.0015801048448419186 -0.0023177931000071565 -0.00022162165471454701 0.0028115599816464698 -0.00072244171549975828 -4.6580259321491348e-05 0.0011442875592809019 0.0029014195693702438 0.0010042358662315266 0.0066202133587407634 0.0034561552409068091 -6.9468434472048324e-05 -0.0009883888781633569 0.00097641663436748576 0.0033920965089924808
leaf_weight=3241.0210528969765 123.50442260503769 993.38700303435326 456.22374379634857 2906.8232292532921 717.23732775449753 5848.137991219759 457.94275388121605 2200.1570639908314 81.759215325117111 82.789115160703659 8227.2561816871166 5510.9163911640644 257.5190586745739 115.49030387401581
leaf_count=4890 232 1525 693 4269 1222 8556 617 3478 121 156 11989 8476 422 165
internal_value=-2.38075e-05 -0.000461691 0.00139905 -4.83085e-05 -0.00108056 0.0012031 0.00127435 0.00061989 0.00276537 0.000311139 -0.00024094 -0.00120897 0.00216799 0.00483335
internal_weight=31220.2 23879.6 7340.58 14327.6 9551.96 6429.59 6306.08 3193.54 910.992 800.026 11134.1 8751.94 713.743 197.25
internal_count=46811 36005 10806 21261 14744 9405 9173 5003 1401 1378 16258 13366 1115 286
is_linear=0
shrinkage=0.02


Tree=74
num_leaves=15
num_cat=0
split_feature=44 44 44 51 36 14 12 1 50 43 23 50 50 1
split_gain=46.8612 10.5545 7.77922 3.49916 3.61911 3.24116 3.14639 2.70417 2.5767 3.37192 2.0903 2.07332 1.57954 1.48107
threshold=1.3502195778342745 1.9081898788699692 0.88967609733407171 1.5500000000000005 2.5277777777777781 8.5000000000000018 18.400275103420714 17.688166666666671 0.8500000000000002 1.0000000180025095e-35 1.4666012725087569 1.7500000000000002 1.3500000000000003 32.221666666666671
decision_type=2 2 2 2 2 2 2 2 2 2 2 2 2 2
left_child=2 5 6 7 -5 13 10 -3 -4 -10 -1 -7 -8 -2
right_child=1 3 8 4 -6 11 12 -9 9 -11 -12 -13 -14 -15
leaf_value=-0.001870303170290644 0.00069909198074629309 -0.0010999632635510961 -0.00079639611053061363 0.0023301076375187323 0.0068448700407628613 5.3691287926702505e-05 -0.0010290674395180646 0.0014706923711143207 0.0011990312502663048 -0.00025346068327550719 -3.764814624851377e-05 0.00095857947780965836 -0.00012676541390025341 0.0018640669621381872
leaf_weight=2581.5513908565044 1116.4801461100578 165.27261701226234 3148.9573359489441 850.44805252552032 79.55747726559639 5153.7740922868252 3967.4114351570606 3746.8142676651478 707.21169817447662 6381.8021069765091 287.95004427433014 1267.4825449585915 997.83484575152397 767.61679935455322
leaf_count=3986 1743 268 4710 1150 113 7452 6104 5578 1080 9546 455 1826 1616 1184
internal_value=-2.32976e-05 0.000884764 -0.000684468 0.00162753 0.00274091 0.000450235 -0.00115922 0.00135903 -0.000320029 -0.00010685 -0.00169004 0.000234106 -0.000849875 0.0011805
internal_weight=31220.2 13147.4 18072.7 4842.09 930.006 8305.35 7834.75 3912.09 10238 7089.01 2869.5 6421.26 4965.25 1884.1
internal_count=46811 19314 27497 7109 1263 12205 12161 5846 15336 10626 4441 9278 7720 2927
is_linear=0
shrinkage=0.02


Tree=75
num_leaves=15
num_cat=0
split_feature=44 44 34 33 34 15 47 14 4 3 1 1 15 23
split_gain=50.9018 10.6384 6.34741 3.84937 3.82521 3.35592 3.16284 3.08294 2.39794 2.37647 2.32596 2.1653 2.71853 2.16665
threshold=1.2625952766388695 1.8713084074165749 0.22345985655842318 0.25000000000000006 1.5241515419650449 23.102652948081236 0.78642377659030649 8.5000000000000018 47.484619532964928 37.919717312897653 25.91383333333334 25.719833333333337 6.7213824675452818 0.78058667534989479
decision_type=2 2 2 2 2 2 2 2 2 2 2 2 2 2
left_child=2 6 3 9 5 -3 -2 -8 -6 -1 -5 13 -13 -4
right_child=1 4 11 10 8 -7 7 -9 -10 -11 -12 12 -14 -15
leaf_value=-0.0013333637377396449 -0.0037060110455333214 0.0011012867658908953 -0.00017539364345201924 -0.0020097504162540185 0.0019051955962909851 0.0033118140654024041 0.0011421871304037234 0.00028125701519362954 0.0038843692530506763 -0.0003439860821018853 -0.00084861535863329401 0.0017227146482545253 -0.00018489976019541208 -0.0009712390066017693
leaf_weight=1740.8029804229736 70.399364650249481 3773.185288131237 2415.5124019086361 2552.0901138484478 779.20887100696564 301.0801505446434 2161.1961899697781 7463.0298883318901 390.83262771368027 2280.0195970833302 999.24222725629807 335.76674458384514 2575.5599224567413 3266.2547136843204
leaf_count=2554 127 5481 3560 4089 1195 440 3355 10799 580 3447 1599 534 4040 4875
internal_value=-3.43631e-06 0.000837807 -0.000781488 -0.0012043 0.00156407 0.00126864 0.000443665 0.000475822 0.00258034 -0.00077527 -0.00168652 -0.000407557 3.27068e-05 -0.000634838
internal_weight=31104.2 14938.9 16165.2 7572.15 5244.31 4074.27 9694.63 9624.23 1170.04 4020.82 3551.33 8593.09 2911.33 5681.77
internal_count=46675 21977 24698 11689 7696 5921 14281 14154 1775 6001 5688 13009 4574 8435
is_linear=0
shrinkage=0.02


Tree=76
num_leaves=15
num_cat=0
split_feature=34 34 24 15 24 6 34 1 17 33 17 13 34 1
split_gain=37.9725 13.5748 9.08791 5.97185 4.6794 3.28745 3.27792 3.20198 2.74079 2.0696 1.92895 1.85834 1.687 1.56089
threshold=0.29283569883616478 0.79232510383189303 0.8664984994745043 19.615100196400089 0.87836214164545579 6.5000000000000009 1.5241515419650449 25.719833333333337 3.2152207612172714 0.19999999999999998 1.5886140160485376 1.980939643689051 0.19256807545662163 31.781333333333333
decision_type=2 2 2 2 2 2 2 2 2 2 2 2 2 2
left_child=4 2 7 6 8 -4 -3 -2 9 -1 12 -12 -6 -5
right_child=1 3 5 13 10 -7 -8 -9 -10 -11 11 -13 -14 -15
leaf_value=-0.00085007237698442577 -0.00060951464452976313 0.0008989118876696631 0.00084890239729570633 0.0008361561288905147 -0.0017762627904127802 -0.0010508872155871294 0.0021728403388652636 0.0002423108257092648 0.001936192535492717 -0.0015028854526497484 -0.00016969108984766609 0.001629439364726992 0 0.0040146746558104305
leaf_weight=3611.1908815205097 4570.7372120022774 4059.1126102507114 6236.2033596634865 84.228609919548035 532.04247879981995 380.66828560829163 1031.5123629570007 2852.9220496118069 107.84842163324356 4509.7117149531841 2127.2210277915001 255.23825547099113 343.52458620071411 402.0192252099514
leaf_count=5347 6737 5960 9021 117 866 536 1571 4421 159 7149 3237 437 511 606
internal_value=-3.36272e-06 0.000531028 0.000198548 0.00136593 -0.000916813 0.000737812 0.00115976 -0.000280833 -0.00117114 -0.00121411 -0.000271068 2.00651e-05 -0.00107289 0.00349025
internal_weight=31104.2 19617.4 14040.5 5576.87 11486.8 6616.87 5090.62 7423.66 8228.75 8120.9 3258.03 2382.46 875.567 486.248
internal_count=46675 28969 20715 8254 17706 9557 7531 11158 12655 12496 5051 3674 1377 723
is_linear=0
shrinkage=0.02


Tree=77
num_leaves=15
num_cat=0
split_feature=34 34 24 15 24 6 34 1 1 40 34 30 33 33
split_gain=36.4715 13.0409 8.72724 5.7378 4.49362 3.15838 3.14736 3.07552 2.35069 1.75496 1.74545 2.73328 2.17394 1.54981
threshold=0.29283569883616478 0.79232510383189303 0.8664984994745043 19.615100196400089 0.87836214164545579 6.5000000000000009 1.5241515419650449 25.719833333333337 25.91383333333334 0.17112081484263061 0.20030876996015703 0.3877831367258856 0.14999999999999999 0.19999999999999998
decision_type=2 2 2 2 2 2 2 2 2 2 2 2 2 2
left_child=4 2 7 6 8 -4 -3 -2 13 -10 11 -6 -12 -1
right_child=1 3 5 -5 10 -7 -8 -9 9 -11 12 -13 -14 -15
leaf_value=-0.00096343263383138328 -0.0005973296867343551 0.00088094250931717525 0.0008319297858414605 0.0034212506667348516 -0.00043754682588316462 -0.0010299793049482946 0.0021294676141758442 0.00023746799242670277 -0.00074605539461497885 0.0017300342088256166 -0.00043013373325488918 -0.0033653489559284933 0.0011746549814612669 -0.0016479583670407272
leaf_weight=2343.6258138418198 4570.7372120022774 4059.1126102507114 6236.2033596634865 486.24783512949944 1766.4202927947044 380.66828560829163 1031.5123629570007 2852.9220496118069 2362.1833499372005 116.21113559603691 751.14726305007935 137.34951522946358 603.10927718877792 3406.7307187318802
leaf_count=3410 6737 5960 9021 723 2809 536 1571 4421 3665 194 1125 198 919 5386
internal_value=-3.26312e-06 0.000520453 0.000194561 0.00133878 -0.000898484 0.000723025 0.00113663 -0.000275192 -0.00114772 -0.000624619 -0.000265607 -0.000657334 0.000277853 -0.00137114
internal_weight=31104.2 19617.4 14040.5 5576.87 11486.8 6616.87 5090.62 7423.66 8228.75 2478.39 3258.03 1903.77 1354.26 5750.36
internal_count=46675 28969 20715 8254 17706 9557 7531 11158 12655 3859 5051 3007 2044 8796
is_linear=0
shrinkage=0.02


Tree=78
num_leaves=15
num_cat=0
split_feature=44 44 34 34 5 50 15 23 34 13 50 13 4 37
split_gain=45.3198 8.69534 6.94439 3.36298 3.1457 3.12528 3.05276 2.89841 3.9603 2.37933 2.32925 2.27999 2.2629 1.85261
threshold=1.3033060596941104 1.8713084074165749 0.22345985655842318 1.5241515419650449 39.046549923405429 0.8500000000000002 23.102652948081236 0.71257589104900754 0.88697462835112484 2.3785982876930603 1.1500000000000004 1.8577993205358798 47.484619532964928 0.17970019858666778
decision_type=2 2 2 2 2 2 2 2 2 2 2 2 2 2
left_child=2 7 4 6 -1 13 -3 8 -2 -7 -9 -6 -5 -4
right_child=1 3 5 12 11 9 -8 10 -10 -11 -12 -13 -14 -15
leaf_value=-0.0015494239004300375 -0.00070545288189476248 0.0010450191375611564 0.00062005267609481984 0.0017799492167382171 -0.0009173744353603877 -0.00016476873028121138 0.0031541747593117194 0.00020503514064207636 0.0018785155233195076 0.001465772434700261 0.00094299022939547147 0.00054368136484547432 0.0037018986385778489 -0.0009896236621396038
leaf_weight=3847.0716806650162 1448.2228860855103 3773.185288131237 307.80184870958328 779.20887100696564 3367.9075695574284 5734.6058416068554 301.0801505446434 3018.1266969144344 280.49046257138252 379.26798939704895 4077.8730258047581 478.91845998167992 390.83262771368027 2919.587682902813
leaf_count=5882 2098 5481 466 1195 5143 8592 440 4515 406 640 5967 856 580 4414
internal_value=-3.19633e-06 0.000836468 -0.000697263 0.00148216 -0.00114267 -0.000329172 0.00120481 0.00045137 -0.00027873 -6.15384e-05 0.000630672 -0.000732691 0.0024357 -0.00083272
internal_weight=31104.2 14069 17035.2 5244.31 7693.9 9341.26 4074.27 8824.71 1728.71 6113.87 7096 3846.83 1170.04 3227.39
internal_count=46675 20682 25993 7696 11881 14112 5921 12986 2504 9232 10482 5999 1775 4880
is_linear=0
shrinkage=0.02


Tree=79
num_leaves=15
num_cat=0
split_feature=47 47 47 47 13 24 50 15 36 36 50 13 36 51
split_gain=31.5068 8.44876 4.11267 3.80889 3.69125 3.24526 3.2034 2.85727 2.76845 1.93971 1.81497 1.77002 1.02321 1.01542
threshold=1.210090210281255 1.9365382106409805 0.69194741313045471 3.3658780001312776 2.1872285726798935 0.47925004283465289 1.1500000000000004 23.102652948081236 0.95000000000000007 0.10555555555555557 0.8500000000000002 1.7653252169131124 0.5277777777777779 0.099999999999999964
decision_type=2 2 2 2 2 2 2 2 2 2 2 2 2 2
left_child=2 4 5 7 8 12 11 -3 -2 -8 -6 -4 -1 -7
right_child=1 3 6 -5 10 13 9 -9 -10 -11 -12 -13 -14 -15
leaf_value=-0.0015996806692567434 4.4994303421896945e-05 0.00099159377947138114 -0.0008585405690836284 0.0032073442703717666 -6.189568185872629e-05 0.00016206901668748674 -0.00080702021265728 0.0030315179652840437 0.0010271057182231859 0.00023500703587196471 0.0021278963730783605 0.00010422986873139977 0.0006203601610916599 -0.00078981980504607102
leaf_weight=2932.6701098978519 8373.3039440214634 4673.2223539352417 5080.4104515314102 380.34067770838737 189.47403606772423 618.28862562775612 912.3605874478817 296.52838796377182 1333.5909326672554 3265.7677710950375 609.05260115861893 877.12274026870728 77.872825413942337 1484.1750367879868
leaf_count=4654 12315 6798 7550 563 329 861 1357 441 1988 4968 1000 1461 125 2265
internal_value=-3.07967e-06 0.000620794 -0.000652434 0.00126814 0.000289989 -0.00111598 -0.000417432 0.00111649 0.000181136 4.79434e-06 0.00159696 -0.000715127 -0.00153856 -0.00050525
internal_weight=31104.2 15855.5 15248.7 5350.09 10505.4 5113.01 10135.7 4969.75 9706.89 4178.13 798.527 5957.53 3010.54 2102.46
internal_count=46675 23434 23241 7802 15632 7905 15336 7239 14303 6325 1329 9011 4779 3126
is_linear=0
shrinkage=0.02


Tree=80
num_leaves=15
num_cat=0
split_feature=44 44 44 14 19 40 31 17 15 0 49 42 6 0
split_gain=42.8101 14.5946 3.49806 3.49644 3.33558 2.97862 2.74764 2.6887 2.50765 2.39853 2.09583 2.54965 1.78712 1.32636
threshold=1.6983129739208185 1.0251097183779365 2.2042289590626925 8.5000000000000018 2.7585286103664566 -0.019017452039343897 0.74959957133378208 1.6235169941398924 8.2781841152164048 35.85050632907781 1.7500000000000002 0.35000000000000003 6.5000000000000009 27.941325945128607
decision_type=2 2 2 2 2 2 2 2 2 2 2 2 2 2
left_child=1 4 10 8 5 -1 -5 13 -3 -9 11 -2 -12 -4
right_child=2 3 7 6 -6 -7 -8 9 -10 -11 12 -13 -14 -15
leaf_value=-0.000640739039272923 0.000463960293833694 -1.5944561050043682e-06 0.0010682759938190633 0.00028259476198202636 0.00029788708642885029 -0.0013388942495968187 -0.00038212144036680538 0.0024863419024449933 0.0011828448647244988 -6.0887792412904833e-05 0.00082374641864134434 0.0020950928592882766 -0.0013834861752655867 -0.001824620411469036
leaf_weight=4677.6616358160973 580.50632441043854 1198.2409806251526 443.74075669050217 4368.6039837896824 827.84013268351555 5320.2791070342064 5748.1255421340466 1939.3543218970299 1711.2638787329197 151.68399640917778 2666.1675622165203 1245.2926126718521 150.26708817481995 69.917310297489166
leaf_count=7140 945 1860 701 6433 1312 8256 8324 2825 2678 213 3877 1789 210 106
internal_value=3.91762e-05 -0.000369528 0.00138547 8.07842e-05 -0.00091221 -0.00101345 -9.40964e-05 0.00197663 0.000691949 0.00229691 0.00105091 0.00158303 0.000701536 0.000649563
internal_weight=31098.9 23852 7246.93 13026.2 10825.8 9997.94 10116.7 2604.7 2909.5 2091.04 4642.23 1825.8 2816.43 513.658
internal_count=46669 36003 10666 19295 16708 15396 14757 3845 4538 3038 6821 2734 4087 807
is_linear=0
shrinkage=0.02


Tree=81
num_leaves=15
num_cat=0
split_feature=34 34 1 26 34 50 17 1 17 4 19 12 17 34
split_gain=32.4708 12.6664 7.51533 4.8942 4.2633 3.72434 2.85239 2.79875 2.38458 2.30921 2.25026 2.94579 1.80719 1.60138
threshold=0.3164897478257529 0.79232510383189303 21.914000000000005 0.61250000000000016 1.5833327684805774 0.75000000000000011 1.7043753077723738 31.27416666666667 1.2702296312036372 41.761959956303023 2.7585286103664566 19.306316880242331 1.5190751792565786 0.083819204272138806
decision_type=2 2 2 2 2 2 2 2 2 2 2 2 2 2
left_child=3 2 8 10 7 -4 -6 -3 -2 -5 13 -12 -11 -1
right_child=1 4 5 9 6 -7 -8 -9 -10 12 11 -13 -14 -15
leaf_value=-0.0020250682324496308 -9.546579043511418e-05 0.00072930721149750116 -0.0004128900287372326 -0.00078185762739456702 0.00077902845194683669 0.00070629472691225413 0.0031342656473446269 0.0017953444867751002 -0.0011075038125872795 0.0015466035364541037 -0.00074273225913932801 0.0032469144444880137 -0.00016655723801760902 -0.0011196299017220373
leaf_weight=1007.0164605081081 2304.0225747227669 3024.2133811414242 1390.0375937223434 3155.8278017044067 297.85873368382454 7798.3495551347733 781.92140567302704 1505.5504921078682 1589.8207204043865 263.75263139605522 276.91220226883888 98.10116708278656 3315.4412406682968 4290.1192733645439
leaf_count=1644 3402 4430 2146 4778 492 11469 1161 2236 2259 397 441 149 5098 6567
internal_value=3.83966e-05 0.0005652 0.000223284 -0.000754406 0.00136045 0.000535841 0.00249646 0.00108647 -0.000511595 -0.000387486 -0.00118803 0.000286098 -3.67279e-05 -0.00129435
internal_weight=31098.9 18691.8 13082.2 12407.2 5609.54 9188.39 1079.78 4529.76 3893.84 6735.02 5672.15 375.013 3579.19 5297.14
internal_count=46669 27595 19276 19074 8319 13615 1653 6666 5661 10273 8801 590 5495 8211
is_linear=0
shrinkage=0.02


Tree=82
num_leaves=15
num_cat=0
split_feature=44 44 44 13 42 13 12 46 2 25 46 19 44 13
split_gain=39.9565 10.1415 5.85449 3.61642 3.57131 3.22235 3.18876 3.00093 2.89266 2.40407 2.35686 2.0135 1.87859 1.57187
threshold=1.5205869311519828 1.0251097183779365 2.2042289590626925 0.13225278764451434 0.15000000000000005 1.8404785466883447 18.123914453234764 1.1180555555555558 27.489666666666668 1.6333333333333335 1.5634920634920637 4.4672972965928901 3.350584010286628 1.5265012231067774
decision_type=2 2 2 2 2 2 2 2 2 2 2 2 2 2
left_child=1 5 3 4 -2 6 -1 -7 -5 11 -4 -3 -12 -11
right_child=2 9 10 8 -6 7 -8 -9 -10 13 12 -13 -14 -15
leaf_value=-0.0016656081657025431 -0.0015106354887500883 2.2594965658782108e-05 -0.0014439690100997002 0.00045656127050416613 0.00053417837421153292 -0.0003299224173619265 -0.00080146691970905059 0.002513957917408753 0.001576332274644672 -0.0024700257181606978 0.0018293205765329413 0.0031093877408524774 0.0037913090390337542 0.00071458499141125126
leaf_weight=2301.68161252141 386.34664025902748 9993.9249941110611 76.734000980854034 1456.5196390450001 2751.6381469070911 1282.1471907496452 7076.1363862454891 165.81568601727486 2672.9960966408253 248.12262961268425 2301.6269681751728 83.353927314281464 226.33541613817215 75.565898865461349
leaf_count=3506 573 14812 153 2254 3802 2170 10723 309 4052 367 3340 134 352 122
internal_value=3.76229e-05 -0.000450937 0.00108899 0.000794672 0.000278436 -0.000879378 -0.00101494 0 0.00118421 -3.95328e-06 0.00190512 4.97313e-05 0.00201179 -0.00169604
internal_weight=31098.9 21226.7 9872.2 7267.5 3137.98 10825.8 9377.82 1447.96 4129.52 10401 2604.7 10077.3 2527.96 323.689
internal_count=46669 32143 14526 10681 4375 16708 14229 2479 6306 15435 3845 14946 3692 489
is_linear=0
shrinkage=0.02


Tree=83
num_leaves=15
num_cat=0
split_feature=44 44 34 14 19 13 2 40 17 31 1 42 37 42
split_gain=38.4563 12.958 3.7646 3.31185 3.10696 2.89055 3.4358 2.85387 2.68268 2.62188 2.54069 2.21615 1.30301 1.25135
threshold=1.6983129739208185 1.0251097183779365 1.5833327684805774 8.5000000000000018 2.7585286103664566 0.14897436876886072 29.789916666666674 -0.019017452039343897 1.7043753077723738 0.74959957133378208 25.343000000000004 0.15000000000000005 0.14417168069355049 1.4500000000000002
decision_type=2 2 2 2 2 2 2 2 2 2 2 2 2 2
left_child=1 4 5 10 7 11 -7 -1 13 -5 -3 -2 -6 -4
right_child=2 3 8 9 12 6 -8 -9 -10 -11 -12 -13 -14 -15
leaf_value=-0.00059476051864619029 -0.0010605360998625492 -8.0269058262388146e-05 5.4591703158241404e-06 0.0002715571172569444 -0.0007446872398657714 0.00071339667068126978 0.0019971129754711003 -0.0012780347446880657 0.0030286330190391103 -0.00037772798176100665 0.0011298369874472064 0.00080918294956096044 0.00090041218730563385 0.003154347936382721
leaf_weight=4677.6616358160973 278.49680608510971 1101.1854314506054 232.55881983041763 4368.6039837896824 292.90675356984138 1416.8040602207184 2147.8450547158718 5320.2791070342064 781.92140567302704 5748.1255421340466 1808.3194279074669 2324.4182807207108 534.93337911367416 64.885545521974564
leaf_count=7140 438 1683 400 6433 454 2163 3225 8256 1161 8324 2855 3188 858 91
internal_value=3.68914e-05 -0.000350456 0.0013129 7.38166e-05 -0.00086181 0.0011185 0.00149038 -0.000959539 0.00241035 -9.63673e-05 0.000668663 0.000604634 0.0003059 0.000742244
internal_weight=31098.9 23852 7246.93 13026.2 10825.8 6167.56 3564.65 9997.94 1079.37 10116.7 2909.5 2602.92 827.84 297.444
internal_count=46669 36003 10666 19295 16708 9014 5388 15396 1652 14757 4538 3626 1312 491
is_linear=0
shrinkage=0.02


Tree=84
num_leaves=15
num_cat=0
split_feature=44 44 44 13 42 34 13 12 43 25 27 1 37 19
split_gain=36.9683 9.3258 5.42765 3.36662 3.35384 3.34973 3.08794 3.06282 2.33659 2.29921 2.26255 2.17148 2.15365 1.93239
threshold=1.5205869311519828 1.0251097183779365 2.2042289590626925 0.13225278764451434 0.15000000000000005 0.41973349560240114 1.8404785466883447 18.123914453234764 0.65000000000000013 1.6333333333333335 1.9223391352074402 21.501000000000005 0.70009593171720741 4.4672972965928901
decision_type=2 2 2 2 2 2 2 2 2 2 2 2 2 2
left_child=1 6 3 4 -2 -5 7 -1 11 13 -10 -4 -8 -3
right_child=2 9 8 5 -6 -7 12 -9 10 -11 -12 -13 -14 -15
leaf_value=-0.0016149823883533454 -0.0014678008763341927 2.0801109987433962e-05 -0.00090903018479730757 -5.2493080910761517e-05 0.00051370989174972267 0.0014090742935600287 -0.00014268847874884807 -0.00076808474818561442 0.003141864596171984 -0.0016598468693226121 9.8141160898937939e-05 0.0016156443473536739 0.0037748126014637406 0.003044763577189814
leaf_weight=2301.68161252141 386.34664025902748 9993.9249941110611 142.2313549220562 754.06826907396317 2751.6381469070911 3375.4474666118622 1391.4904679059982 7076.1363862454891 717.96459391713142 323.6885284781456 121.08448448777199 1623.4159519672394 56.47240886092186 83.353927314281464
leaf_count=3506 573 14812 228 1248 3802 5058 2369 10723 966 489 163 2488 110 134
internal_value=3.61766e-05 -0.000433747 0.00104748 0.000764006 0.000265783 0.00113987 -0.000844598 -0.000977313 0.00183339 -5.07396e-06 0.00271579 0.00140581 8.19838e-06 4.74051e-05
internal_weight=31098.9 21226.7 9872.2 7267.5 3137.98 4129.52 10825.8 9377.82 2604.7 10401 839.049 1765.65 1447.96 10077.3
internal_count=46669 32143 14526 10681 4375 6306 16708 14229 3845 15435 1129 2716 2479 14946
is_linear=0
shrinkage=0.02


Tree=85
num_leaves=15
num_cat=0
split_feature=34 2 13 46 27 40 15 13 42 14 40 42 51 34
split_gain=21.5302 8.01719 6.60312 4.82182 4.7643 3.49661 3.26116 3.06384 2.8564 2.51962 1.74959 1.61061 1.56203 1.38503
threshold=0.3164897478257529 24.563000000000006 0.10695994030176686 2.8944444444444448 0.37008356100930806 -0.11675921293660908 15.433391335996403 2.1687485704780323 0.35000000000000003 13.500000000000002 -0.16621728292629948 0.15000000000000005 1.0500000000000003 0.18480821297272393
decision_type=2 2 2 2 2 2 2 2 2 2 2 2 2 2
left_child=4 7 9 -4 11 10 -7 8 -2 -3 -6 -1 -9 -13
right_child=1 2 3 -5 5 6 -8 12 -10 -11 -12 13 -14 -15
leaf_value=-0.0021453858000101034 -0.00070905542551746522 0.00035659696807588382 0.0010617025227658563 0.003098128399378884 -0.00046576344330325923 -0.00062264727851382067 0.00073214926404237106 0.0021112449726286803 0.00016345480178318829 -0.0016883992451982236 0.0013041636814218045 -0.0014935585643682484 -0.00014356980261304985 -0.00022645462693715764
leaf_weight=785.49761062860489 2418.8394330441952 4611.3562118113041 6382.7897295057774 507.26551267504692 320.20682218670845 8529.79793420434 767.00446599721909 374.94296243786812 3917.2427600324154 250.9853572845459 682.31777229905128 906.08075734972954 170.11762225627899 590.94798469543457
leaf_count=1229 3603 6536 9819 751 494 13054 1126 602 5611 337 1029 1502 278 919
internal_value=6.60781e-05 0.000497957 0.000815396 0.00121394 -0.000572712 -0.000387997 -0.000509665 -4.28267e-05 -0.000168172 0.000248331 0.000729091 -0.00140074 0.00139127 -0.00100101
internal_weight=31215.4 18633.5 11752.4 6890.06 12581.9 10299.3 9296.8 6881.14 6336.08 4862.34 1002.52 2282.53 545.061 1497.03
internal_count=46890 27537 17443 10570 19353 15703 14180 10094 9214 6873 1523 3650 880 2421
is_linear=0
shrinkage=0.02


Tree=86
num_leaves=15
num_cat=0
split_feature=44 44 13 1 14 36 44 7 35 0 1 17 4 27
split_gain=29.6064 7.26215 4.74222 4.18483 2.92875 2.74228 2.63205 2.49807 3.29558 2.68707 2.31419 1.83187 1.81342 1.63332
threshold=1.4790090002074414 0.75424304244358076 0.14897436876886072 29.956833333333339 10.500000000000002 0.5634920634920636 3.1500051390188157 1.0000000180025095e-35 1.2250000000000003 17.89473681141865 31.451833333333337 0.96465934324723868 30.994925356264442 0.27601985160639436
decision_type=2 2 2 2 2 2 2 2 2 2 2 2 2 2
left_child=1 5 7 12 10 13 -5 9 -9 -2 -3 -7 -4 -1
right_child=2 4 3 6 -6 11 -8 8 -10 -11 -12 -13 -14 -15
leaf_value=-0.0016760221416051229 0.0030594443823514787 -0.00013266076376897728 -0.00016734330332527077 0.0016637466557919045 -0.00057834845147576586 -0.001071248310260694 0.0045968535621638907 0.00050225150988379599 0.0023436679334060883 -0.00018495946973761971 0.00057318456839124327 0.0028536302021939701 0.0010120408273178937 -0.00087169645179895408
leaf_weight=1485.1181905865669 105.08339884877205 8385.4011525213718 678.54969242215157 3088.7686329782009 4620.3261135816574 73.044168949127197 130.73810139298439 1868.4519737660885 497.94989416003227 2170.3330490291119 2383.1448466181755 117.38516870141029 2063.7546652555466 3547.3438875973225
leaf_count=2390 154 12641 1064 4695 6647 123 188 2592 705 3052 3788 233 3141 5477
internal_value=6.47454e-05 -0.000376689 0.000923675 0.00129769 -0.000157162 -0.00102129 0.00178874 0.000440796 0.000895606 -2.81801e-05 2.26961e-05 0.00130069 0.000716663 -0.00111162
internal_weight=31215.4 20611.8 10603.6 5961.81 15388.9 5222.89 3219.51 4641.82 2366.4 2275.42 10768.5 190.429 2742.3 5032.46
internal_count=46890 31299 15591 9088 23076 8223 4883 6503 3297 3206 16429 356 4205 7867
is_linear=0
shrinkage=0.02


Tree=87
num_leaves=15
num_cat=0
split_feature=44 44 13 1 36 47 13 45 7 35 30 12 42 42
split_gain=28.4397 6.97493 4.5534 4.01939 2.63336 2.54678 2.44904 2.72476 2.39955 3.16482 2.34136 2.15785 2.13628 1.80111
threshold=1.4790090002074414 0.75424304244358076 0.14897436876886072 29.956833333333339 0.5634920634920636 3.5631592153527989 0.45650901626830015 2.2250000000000005 1.0000000180025095e-35 1.2250000000000003 -0.034791036456531692 18.073118115592184 0.35000000000000003 0.35000000000000003
decision_type=2 2 2 2 2 2 2 2 2 2 2 2 2 2
left_child=1 4 8 12 11 -5 7 -3 -2 -10 -6 -1 -4 -8
right_child=2 6 3 5 10 -7 13 -9 9 -11 -12 -13 -14 -15
leaf_value=-0.0018246710108118674 -2.7478218353392493e-05 -0.00035550682298315754 -8.9917073755050475e-05 0.0016475140835428615 -0.0019155614669072285 0.0049914481853888873 -0.0001769937966328863 -0.0039074760366143912 0.0004922172197065716 0.0022969821216049066 0.0027687199565305056 -0.00084819917175085995 0.0010906353184141273 0.00044998695912361889
leaf_weight=1229.8271783292294 2275.4164478778839 7944.7171450555325 894.16942405700684 3123.758808940649 58.449979513883591 95.74792543053627 3992.3618540167809 86.002244621515274 1868.4519737660885 497.94989416003227 131.9793581366539 3802.63489985466 1848.1349336206913 3365.7908690273762
leaf_count=1931 3206 11411 1427 4748 99 135 6235 127 2592 705 257 5936 2778 5303
internal_value=6.34658e-05 -0.000369176 0.000905306 0.00127182 -0.0010009 0.0017531 -0.000154019 -0.000395754 0.000432072 0.000877826 0.001274 -0.00108944 0.00070227 0.000108488
internal_weight=31215.4 20611.8 10603.6 5961.81 5222.89 3219.51 15388.9 8030.72 4641.82 2366.4 190.429 5032.46 2742.3 7358.15
internal_count=46890 31299 15591 9088 8223 4883 23076 11538 6503 3297 356 7867 4205 11538
is_linear=0
shrinkage=0.02


Tree=88
num_leaves=15
num_cat=0
split_feature=34 50 13 24 34 3 26 13 19 50 0 0 26 40
split_gain=19.382 8.35321 5.29298 5.18088 5.06806 4.6124 3.36748 3.02786 2.52993 2.44237 2.17415 1.60105 1.45681 1.26367
threshold=0.3164897478257529 0.8500000000000002 0.24075079837500812 1.2064050945622655 1.5241515419650449 48.729402981623316 0.29285714285714287 0.13225278764451434 1.572873996016549 0.8500000000000002 28.776537492559413 21.77991383150351 0.68333333333333346 -0.074918580894498696
decision_type=2 2 2 2 2 2 2 2 2 2 2 2 2 2
left_child=5 2 10 4 -3 6 13 -5 -8 -7 -2 -4 -11 -1
right_child=1 3 11 7 -6 9 8 -9 -10 12 -12 -13 -14 -15
leaf_value=-0.00027821713968060441 -0.001580786273967632 0.00037812274892283905 -0.00031518699222978972 0.00066604584477880061 0.0018846767236653001 -0.00077745976622876076 -0.00071812168324350567 0.0019984266681728246 0.00010752123638846779 -0.0002726422727516814 0 0.00079288181352543186 0.0013316239940384326 -0.0019579034453931143
leaf_weight=234.26994422078133 1296.4697687327862 10878.558349967003 889.71931600570679 1193.9093450605869 976.56775003671646 461.74312093853951 7857.0308322310448 1691.5377523303032 1804.5770571529865 290.02756655216217 481.41768160462379 1225.3596253097057 887.53556829690933 1046.6692579686642
leaf_count=373 1890 15968 1403 1635 1466 778 11856 2496 2760 487 703 1976 1401 1698
internal_value=6.21895e-05 0.000471972 -0.000350185 0.000689799 0.000503366 -0.000543876 -0.000692438 0.00145143 -0.000562884 0.000441335 -0.00115516 0.000322186 0.000928232 -0.00165941
internal_weight=31215.4 18633.5 3892.97 14740.6 11855.1 12581.9 10942.5 2885.45 9661.61 1639.31 1777.89 2115.08 1177.56 1280.94
internal_count=46890 27537 5972 21565 17434 19353 16687 4131 14616 2666 2593 3379 1888 2071
is_linear=0
shrinkage=0.02


Tree=89
num_leaves=15
num_cat=0
split_feature=44 44 46 50 14 13 12 46 50 1 7 18 12 13
split_gain=26.4692 6.50018 4.56646 3.43122 2.71575 2.52948 2.49553 2.41619 2.26877 2.17932 2.12274 1.38221 1.34921 1.07922
threshold=1.4790090002074414 0.75424304244358076 3.3875000000000006 1.1500000000000004 10.500000000000002 0.24075079837500812 18.073118115592184 0.41428571428571431 1.1500000000000004 31.451833333333337 1.0000000180025095e-35 0.76860663052758282 18.43437830700433 0.15637367337194158
decision_type=2 2 2 2 2 2 2 2 2 2 2 2 2 2
left_child=1 6 3 5 9 -2 11 -8 -6 -3 -5 -1 -4 -14
right_child=2 4 12 10 8 -7 7 -9 -10 -11 -12 -13 13 -15
leaf_value=-0.00018959618541207449 -0.00031089318531042919 -0.00012626579898849949 0.0011932439828353416 0.00069356009034984086 -0.00094637915853012914 0.00077330014659850014 -0.0015131516054723662 -0.00040221684179315146 -4.8020074439149436e-05 0.00055867719139730246 0.0014103809765678291 -0.0020367832874953846 0.0019866007409036208 0.0049959373846463475
leaf_weight=206.12601548433304 1577.2943458557129 8385.4011525213718 122.73359525203705 3393.6143078804016 2591.7042265534401 1867.9757176339626 1100.0467341542244 2857.4068269729614 2028.6218870282173 2383.1448466181755 3393.4676353037357 1059.311839222908 94.289216071367264 154.25458985567093
leaf_count=318 2304 12641 185 4847 3729 3030 1743 4486 2918 3788 4860 1676 138 227
internal_value=6.09387e-05 -0.000356434 0.000873101 0.000792334 -0.000148702 0.000274148 -0.000966295 -0.000714155 -0.000554296 2.44634e-05 0.00105375 -0.00174456 0.00305608 0.00391918
internal_weight=31215.4 20611.8 10603.6 10232.4 15388.9 3445.27 5222.89 3957.45 4620.33 10768.5 6787.08 1265.44 371.277 248.544
internal_count=46890 31299 15591 15041 23076 5334 8223 6229 6647 16429 9707 1994 550 365
is_linear=0
shrinkage=0.02


Tree=90
num_leaves=15
num_cat=0
split_feature=44 44 46 32 13 13 2 1 23 8 20 40 27 12
split_gain=28.8513 8.4709 3.28619 3.7066 3.23197 3.10053 4.20346 2.8179 2.72605 2.63995 2.09571 1.37794 1.26276 1.25042
threshold=1.2681324917656636 1.8595607427822654 1.4365079365079367 0.15000000000000005 2.2092548836962744 0.12668717773682839 21.025395833333338 24.058166666666672 0.43359647998844847 2.5000000000000004 6.5467966185759776 -0.14288975720801297 0.17353017443646526 17.767728773332291
decision_type=2 2 2 2 2 2 2 2 2 2 2 2 2 2
left_child=4 2 3 -2 7 9 -7 10 -4 -3 -1 -6 -9 -13
right_child=1 5 8 -5 11 6 -8 12 -10 -11 -12 13 -14 -15
leaf_value=-0.00091674788172003507 0.0039799055713891102 -0.00060775553384167082 -0.0023646306683246321 0.00061043596595934647 0.0021795502746528605 -0.00055146800148712634 0.0019207271311771591 0.0017160482368714924 5.769659623663483e-05 0.0010595815398911142 0.0024512447722579976 -0.0011970682202591097 -0.00036810243080402291 0.00044070259458244292
leaf_weight=8713.1802694797516 134.80176085233688 474.81873461604118 190.35137832164764 3736.4003502726555 146.50416514277458 296.75727313756943 2860.1804474592209 115.0370389521122 5412.0714881122112 1757.4330449402332 71.081588804721832 226.41325312852859 6070.9924975335598 985.93205124139786
leaf_count=13075 195 640 278 5574 243 473 4280 180 7939 2490 107 385 9293 1690
internal_value=8.07008e-06 0.000645903 0.000284313 0.000732343 -0.000571883 0.00127934 0.00168497 -0.000656888 -2.36361e-05 0.000700223 -0.000887804 0.000356858 -0.000327187 0.000125136
internal_weight=31192 14862.8 9473.62 3871.2 16329.1 5389.19 3156.94 14970.3 5602.42 2232.25 8784.26 1358.85 6186.03 1212.35
internal_count=46842 21869 13986 5769 24973 7883 4753 22655 8217 3130 13182 2318 9473 2075
is_linear=0
shrinkage=0.02


Tree=91
num_leaves=15
num_cat=0
split_feature=34 24 34 15 1 8 30 20 40 46 27 35 31 17
split_gain=20.4954 12.8887 4.80216 4.37236 4.01196 2.8159 2.61819 2.25565 2.23249 1.84071 1.7586 1.61161 1.55519 1.12891
threshold=0.79232510383189303 0.8664984994745043 0.23932459734806485 12.306638701378178 23.671500000000005 1.5000000000000002 0.055124105487623358 6.5467966185759776 0.075548537229558163 3.9500000000000006 1.5029566272660329 2.1000000000000005 1.6500027158805359 0.96465934324723868
decision_type=2 2 2 2 2 2 2 2 2 2 2 2 2 2
left_child=1 4 8 6 7 -4 11 -1 -3 12 -8 -2 -5 -6
right_child=3 2 5 9 13 -7 10 -9 -10 -11 -12 -13 -14 -15
leaf_value=-0.00090217291023077977 0.00089527990932330873 -0.00013699071972280997 -0.0010227719301054007 0.001786125712498845 -0.0018973904946041258 0.00067773329589574662 -0.00033838148634884375 0.0024733488327218296 -0.001682732484100752 0.0047277356603125133 0.0023714317010422119 0.0030098060985283533 -0.00072094564424258849 -0.00017700689665768225
leaf_weight=8815.9850161075592 2039.5135499536991 2111.022336691618 406.02834412455559 2043.9816437661648 155.82589915394783 7049.2079831957817 1104.3796270489693 76.481692790985107 457.40987181663513 84.458525359630585 102.55248960852623 159.17464151978493 97.128247976303101 6488.8054728806019
leaf_count=13321 3049 3215 572 2970 248 10257 1670 118 775 125 143 240 145 9994
internal_value=7.93229e-06 -0.000232393 0.000326062 0.00110028 -0.000593317 0.00058353 0.000644553 -0.000871467 -0.000417256 0.00179194 -9.63158e-05 0.0010555 0.00166716 -0.000219416
internal_weight=31192 25560.8 10023.7 5631.19 15537.1 7455.24 3405.62 8892.47 2568.43 2225.57 1206.93 2198.69 2141.11 6644.63
internal_count=46842 38500 14819 8342 23681 10829 5102 13439 3990 3240 1813 3289 3115 10242
is_linear=0
shrinkage=0.02


Tree=92
num_leaves=15
num_cat=0
split_feature=34 34 26 16 16 3 16 4 23 50 46 31 16 22
split_gain=19.6893 9.52367 4.49052 3.80485 2.60751 2.47055 2.39476 2.13101 2.07686 1.94689 1.47616 1.41224 1.27047 1.05977
threshold=0.79232510383189303 0.23932459734806485 1.5857142857142861 14.99 5.3100000000000032 39.691299681475989 17.11000000000001 20.879389831376994 0.46522074878864111 1.7500000000000002 4.0500000000000007 1.4253671484031487 16.463333333333335 0.50847842428396561
decision_type=2 2 2 2 2 2 2 2 2 2 2 2 2 2
left_child=1 5 4 9 -3 7 -4 -1 -7 11 12 -2 -5 -11
right_child=3 2 6 10 -6 8 -8 -9 -10 13 -12 -13 -14 -15
leaf_value=0.00076961870373595473 0.00063512751640548259 -0.00054508646739167123 0.0017212577252666537 0.0028089746742198758 9.9856432020605516e-05 -0.0017205768957662989 -5.8577066103256737e-05 -0.0011660023655113859 -0.00026848136168256817 0.0018029747663109632 0.0048384804098717494 -0.0006719425629917213 0.0014134797725876248 0.00043154711902658081
leaf_weight=232.22692766785622 2488.5732110440731 3183.854581028223 941.89227160811424 374.50982448458672 11735.203887611628 437.76061037182808 429.04100281000137 4411.059662759304 4189.7276729047298 865.50960743427277 68.812573730945587 372.41828534007072 1126.4060499072075 334.95917329192162
leaf_count=376 3765 4701 1323 540 17482 725 638 6602 6653 1235 100 582 1645 475
internal_value=7.77244e-06 -0.000227773 6.29083e-05 0.00107842 -3.71643e-05 -0.000739521 0.00115769 -0.00106675 -0.000408694 0.000750532 0.0019184 0.000461141 0.00177161 0.00142998
internal_weight=31192 25560.8 16290 5631.19 14919.1 9270.77 1370.93 4643.29 4627.49 4061.46 1569.73 2860.99 1500.92 1200.47
internal_count=46842 38500 24144 8342 22183 14356 1961 6978 7378 6057 2285 4347 2185 1710
is_linear=0
shrinkage=0.02


Tree=93
num_leaves=12
num_cat=0
split_feature=44 44 34 22 30 18 13 24 23 30 37
split_gain=25.9995 6.54345 3.75233 2.99215 3.36734 3.27477 2.7323 2.40604 2.17596 1.93892 1.57309
threshold=1.641065352184748 1.0969645092369282 0.13485344293767829 -1.299630375293334 0.071957547925185911 2.3257021107834652 2.5501507561762131 0.22139969705907453 0.37173130688136985 0.21440848701534707 0.62399444468202003
decision_type=2 2 2 2 2 2 2 2 2 2 2
left_child=1 6 -2 5 -5 -4 10 -3 -8 -9 -1
right_child=2 7 3 4 -6 -7 8 9 -10 -11 -12
leaf_value=-0.00076484312468449544 -0.0032207129679446929 0.0033850001658007407 -0.000977807753971798 0.0015912914296500817 0.00066125473718404092 0.0010017888047439568 -0.0028819296857901587 0.00011988505251214078 0.0010614279747031767 -0.00062657557521629179 0.00024576698273095609
leaf_weight=11244.336826980114 80.760097205638885 82.869395703077316 566.68611147999763 3875.98848721385 2688.9493652284145 803.61713626980782 59.304828971624374 8958.0913677513599 550.29065236449242 1645.7067892849445 635.35428354144096
leaf_count=17103 154 147 835 5722 3892 1158 102 13271 998 2434 1026
internal_value=7.64276e-06 -0.000331628 0.000989631 0.00103454 0.0012122 0.000175612 -0.000642488 3.0785e-05 0.000653276 2.99536e-06 -0.000709919
internal_weight=31192 23176 8016 7935.24 6564.94 1370.3 12489.3 10686.7 609.595 10603.8 11879.7
internal_count=46842 35081 11761 11607 9614 1993 19229 15852 1100 15705 18129
is_linear=0
shrinkage=0.02


Tree=94
num_leaves=15
num_cat=0
split_feature=44 44 46 22 33 13 18 46 15 16 3 46 3 13
split_gain=24.969 6.28469 3.33129 3.10262 2.8842 2.62294 2.42084 2.38036 2.54544 2.26054 1.99569 1.81697 1.05181 0.564866
threshold=1.641065352184748 1.0969645092369282 3.4222222222222229 -1.2764931726311286 0.55000000000000016 2.5501507561762131 2.3141063887106732 1.4722222222222225 15.710714185971348 4.0633333333333352 29.022039093180922 1.6125000000000003 37.713042825389287 0.12668717773682839
decision_type=2 2 2 2 2 2 2 2 2 2 2 2 2 2
left_child=1 5 3 6 -5 11 -2 8 -3 -7 -9 -1 -4 -14
right_child=2 7 12 4 -6 9 -8 10 -10 -11 -12 -13 13 -15
leaf_value=-0.00071800549614064568 -0.00095016447968260145 0.00010263324791342635 0.00057129630522154921 0.00069659180465006857 0.0015679660537095096 -0.0013511147619323205 0.00074847144013714939 -0.0017631584380737215 0.0012391140221676554 0.0013790868459936446 -0.00021228784736320583 0.0020877215193277833 0.0021656500595753966 0.0044537563005720253
leaf_weight=11790.309170842171 585.59338319301605 5862.8731018900871 67.877334773540497 3625.7868289351463 2706.1516571342945 160.96398460865021 779.95435303449631 367.974574893713 914.17882126569748 448.63149672746658 3541.6410546898842 89.381939679384232 102.11551508307457 148.52212524414062
leaf_count=17968 871 8682 110 5400 3891 291 1124 532 1350 809 5288 161 149 216
internal_value=7.49579e-06 -0.000324977 0.000969833 0.000884518 0.00107096 -0.00062963 1.24019e-05 3.01801e-05 0.000257732 0.000639764 -0.00036164 -0.000695706 0.00298204 0.00358564
internal_weight=31192 23176 8016 7697.49 6331.94 12489.3 1365.55 10686.7 6777.05 609.595 3909.62 11879.7 318.515 250.638
internal_count=46842 35081 11761 11286 9291 19229 1995 15852 10032 1100 5820 18129 475 365
is_linear=0
shrinkage=0.02


Tree=95
num_leaves=15
num_cat=0
split_feature=37 1 24 50 37 14 2 12 14 27 32 33 51 39
split_gain=15.4331 11.3585 4.43904 3.38281 2.86829 2.70857 2.65678 2.4146 2.16045 2.10322 2.05214 2.14543 1.67811 1.5909
threshold=0.92833861327012224 23.964500000000005 1.4966891256562751 0.95000000000000007 2.3117949336627786 11.500000000000002 13.292442129629631 18.43437830700433 10.500000000000002 0.37564121158114244 0.55000000000000016 1.0000000180025095e-35 1.6500000000000001 0.75000000000000011
decision_type=2 2 2 2 2 2 2 2 2 2 2 2 2 2
left_child=1 3 5 9 10 -3 -5 -6 -4 -1 11 -2 -9 -12
right_child=4 2 8 6 7 -7 -8 12 -10 -11 13 -13 -14 -15
leaf_value=-0.0015780912003789094 0.0019111778169625974 0.0002063694117022054 0.0018992199045684912 0.00091874477944487939 0.00015828069402172072 -0.000571693772908897 -0.00045868927417924276 0.0026591802673051209 0 -0.00073385627158135784 6.5488580146153618e-05 2.8130759944977481e-05 0.0065127451933180459 0.0014792860367824532
leaf_weight=1761.6612708866596 294.35370463132858 11449.9245890975 846.02396595478058 616.05072006583214 103.26461008191109 2115.2537584900856 5619.62729626894 169.02912193536758 322.49708586931229 3864.744960963726 389.12227347493172 1383.7876138687134 73.644880056381226 2225.0768471360207
leaf_count=2800 465 17427 1281 916 162 2992 8292 279 472 5746 557 2048 102 3249
internal_value=2.03822e-06 -0.00018332 0.000187008 -0.000644095 0.00106666 8.42405e-05 -0.000320752 0.00282841 0.00136929 -0.00100043 0.000921088 0.00036626 0.00391318 0.00127288
internal_weight=31234.1 26595.8 14733.7 11862.1 4638.28 13565.2 6235.68 345.939 1168.52 5626.41 4292.34 1678.14 242.674 2614.2
internal_count=46788 39926 22172 17754 6862 20419 9208 543 1753 8546 6319 2513 381 3806
is_linear=0
shrinkage=0.02


Tree=96
num_leaves=13
num_cat=0
split_feature=44 44 34 34 51 14 46 44 22 2 4 31
split_gain=22.6296 7.76549 3.73338 3.46726 3.18782 2.93752 2.32472 1.65161 2.56786 2.10707 0.575512 0.549799
threshold=1.6983129739208185 1.0251097183779365 2.7344846369021023 0.19256807545662163 -0.54999999999999993 8.5000000000000018 1.2361111111111114 0.72039126124513497 0.9890188506343649 14.780648148148151 41.074552131094684 0.85747909429888558
decision_type=2 2 2 2 2 2 2 2 2 2 2 2
left_child=1 7 3 10 11 -6 -5 8 -1 -9 -2 -3
right_child=2 4 -4 6 5 -7 -8 9 -10 -11 -12 -13
leaf_value=-0.0012303346982483548 -0.0038490351531279207 -0.0010555359091217183 0.0045722184820468767 -0.0014642225014136932 0.00064236918104042858 -8.4075339425455486e-05 0.0010360740535615349 0.00049088948196593309 -8.7346904523139237e-05 -0.00061157529982015519 -0.00086068490873227055 -0.0032653260442598538
leaf_weight=3579.5587879121304 56.613469928503036 102.17850270867348 113.51275762915611 147.08137500286102 2859.420310229063 9974.7115572094917 6863.2459107339382 781.03933569788933 1032.4335213601589 5533.9986211657524 68.598298847675323 121.67025035619736
leaf_count=5612 102 150 180 267 4459 14574 9922 1121 1676 8421 134 170
internal_value=2.04047e-06 -0.000293603 0.00098143 0.000921641 3.48779e-05 7.70709e-05 0.000981787 -0.000686993 -0.000976783 -0.000473528 -0.00232972 -0.0023192
internal_weight=31234.1 23985 7249.05 7135.54 13058 12834.1 7010.33 10927 4611.99 6315.04 125.212 223.849
internal_count=46788 36183 10605 10425 19353 19033 10189 16830 7288 9542 236 320
is_linear=0
shrinkage=0.02


Tree=97
num_leaves=15
num_cat=0
split_feature=46 1 46 20 6 15 4 40 4 6 1 17 14 14
split_gain=14.7194 6.94676 3.04627 2.82932 2.8096 2.52761 2.8235 2.41624 2.33539 2.15242 2.08333 1.65593 1.56779 1.3858
threshold=1.5857142857142861 23.964500000000005 2.3875000000000006 3.8406644224576891 4.5000000000000009 16.603669898865494 48.549963164412127 -0.12089899443493908 48.318887938774616 1.5000000000000002 13.473125000000001 1.3347620606369586 12.500000000000002 11.500000000000002
decision_type=2 2 2 2 2 2 2 2 2 2 2 2 2 2
left_child=1 3 8 7 12 6 -3 -1 11 -10 -5 -2 -4 -7
right_child=2 5 4 10 -6 13 -8 -9 9 -11 -12 -13 -14 -15
leaf_value=-4.2606207130501985e-05 0.00086578039858062469 0.00015498610385019157 0.0015768881653270778 0.0025472483161829368 -0.00095937458376865335 0.0012171654128597159 -0.00071408825701612831 -0.00085884195795191457 -0.00059523329470772212 0.0012758369561099451 0 2.4126884235073443e-05 -0.00048206005305537219 -0.00067039737617341705
leaf_weight=1772.1626550853252 1206.9999843835831 6923.6717721223831 2167.233206808567 162.18331348896027 206.86748084425926 1044.8027543127537 1903.7003925442696 8706.2849485874176 277.39306458830833 1736.982574403286 555.42743360996246 4246.1070271730423 150.07621574401855 174.16987508535385
leaf_count=2641 1775 10510 3180 245 289 1570 2986 13133 403 2554 818 6234 207 243
internal_value=1.95386e-06 -0.000295489 0.000635255 -0.000638152 0.00123782 8.54442e-05 -3.14241e-05 -0.000721785 0.00042996 0.00101288 0.00056776 0.000212502 0.00143893 0.000938619
internal_weight=31234.1 21242.4 9991.66 11196.1 2524.18 10046.3 8827.37 10478.4 7467.48 2014.38 717.611 5453.11 2317.31 1218.97
internal_count=46788 32146 14642 16837 3676 15309 13496 15774 10966 2957 1063 8009 3387 1813
is_linear=0
shrinkage=0.02


Tree=98
num_leaves=13
num_cat=0
split_feature=34 1 34 14 1 1 34 32 31 32 34 19
split_gain=17.401 8.18556 3.70233 3.57692 3.79758 3.76228 2.99604 2.48304 3.133 2.2692 2.01624 1.65286
threshold=0.71506597382476833 23.964500000000005 2.7344846369021023 11.500000000000002 31.451833333333337 26.391500000000004 0.23932459734806485 0.95000000000000007 1.3967324279984945 0.95000000000000007 1.5241515419650449 2.8299536184640961
decision_type=2 2 2 2 2 2 2 2 2 2 2 2
left_child=1 6 7 4 -3 -5 11 10 -9 -8 -2 -1
right_child=2 3 -4 5 -6 -7 9 8 -10 -11 -12 -13
leaf_value=-0.0010775313197435214 0.00040929376562188043 -0.0001045339375534939 0.004461371238865041 0.0009753682320839199 0.0006329134911262443 -0.0011272041838084404 -0.00055083205621747025 0.001786259931875494 -0.00082094988972307035 0.0003909933285518543 0.0014733643846952308 0.0008506702426396538
leaf_weight=4918.7184609770775 4148.726185053587 6214.3338731229305 113.51275762915611 424.52675530314445 5043.7924192845821 1615.5036554634571 4653.9311772286892 1549.948345631361 202.44726920127869 1297.2183005213737 874.15961375832558 177.24388560652733
leaf_count=7595 6128 9441 180 590 7751 2301 6781 2240 304 1876 1320 281
internal_value=1.90648e-06 -0.000248895 0.000889514 8.46979e-05 0.000225018 -0.000684239 -0.00065131 0.000826897 0.00147877 -0.000343793 0.000596982 -0.0010082
internal_weight=31234.1 24345.3 6888.79 13298.2 11258.1 2040.03 11047.1 6775.28 1752.4 5951.15 5022.89 5095.96
internal_count=46788 36616 10172 20083 17192 2891 16533 9992 2544 8657 7448 7876
is_linear=0
shrinkage=0.02


Tree=99
num_leaves=14
num_cat=0
split_feature=46 15 36 13 14 42 17 24 17 14 43 42 31
split_gain=13.6613 4.76008 4.1808 3.87957 2.90062 2.63341 2.39821 2.36708 1.89982 1.24848 1.1855 1.01995 0.868932
threshold=1.5857142857142861 16.603669898865494 2.6125000000000003 2.2092548836962744 10.500000000000002 0.35000000000000003 1.1180023256370661 1.4068528179905084 1.6141367136239719 11.500000000000002 0.55000000000000016 0.65000000000000002 0.90304652182847633
decision_type=2 2 2 2 2 2 2 2 2 2 2 2 2
left_child=1 3 4 5 7 -1 -6 -2 -5 11 -4 -3 -11
right_child=2 9 10 8 6 -7 -8 -9 -10 12 -12 -13 -14
leaf_value=-0.00065273003986235617 0.00058346006008680787 0.00086659659289367369 0.0016544357946210657 -1.4225128100657042e-06 0.0020664955287739454 -0.00016755047814768459 -0.00012725766837045171 0.0015035007696931005 0.0013664019071052591 0.00050022190178187185 0.0050269533836707478 0.0025170896877359534 -0.0022599625307625688
leaf_weight=10400.165773183107 5381.2659003734589 860.16778343915939 93.531290024518967 947.01007649302483 212.69224798679352 7972.6869612038136 2760.1247607171535 1441.6912718713284 690.6286812722683 105.16917714476585 102.35408297181129 193.59884038567543 72.975851714611053
leaf_count=15614 8013 1285 160 1600 301 11958 3897 2128 1141 145 143 300 103
internal_value=1.8905e-06 -0.000284652 0.000612018 -0.000359321 0.000552541 -0.000442777 2.76182e-05 0.000779714 0.000570284 0.000918751 0.00350018 0.00118349 -0.000587495
internal_weight=31234.1 21242.4 9991.66 20010.5 9795.77 18372.9 2972.82 6822.96 1637.64 1231.91 195.885 1053.77 178.145
internal_count=46788 32146 14642 30313 14339 27572 4198 10141 2741 1833 303 1585 248
is_linear=0
shrinkage=0.02


Tree=100
num_leaves=15
num_cat=0
split_feature=34 34 2 14 2 16 40 12 36 40 16 18 36 17
split_gain=16.1371 6.1994 3.74828 3.46327 2.68634 2.65133 2.65042 2.47203 2.20639 2.1296 1.84508 1.74155 1.65913 1.3834
threshold=0.29283569883616478 0.79232510383189303 20.93383333333334 11.500000000000002 19.718888888888895 9.4225000000000012 -0.024953817198176294 18.425003975886025 1.5634920634920637 -0.1254789098516744 10.020000000000003 0.73322595998167139 1.0000000180025095e-35 1.6333900575530731
decision_type=2 2 2 2 2 2 2 2 2 2 2 2 2 2
left_child=6 2 4 -4 -2 9 7 -1 -7 -3 11 -8 -9 -12
right_child=1 5 3 -5 -6 8 10 12 -10 -11 13 -13 -14 -15
leaf_value=-0.00087598083328846866 -0.00021591042511049808 -0.00056808653679553866 0.0004420742337242474 -0.00055529206415676853 -0.001662417145994292 0.00086306429283476553 0.00060127365582780747 0.0010394905202648107 0.0019555150855857847 0.00078810174153407843 0.0011095816435676149 -0.0012067413921701161 -0.00015603416862976384 -0.00056954577018689492
leaf_weight=1758.9978525340557 3079.1359968483448 740.35811761021614 8585.5924411118031 1652.3849920034409 620.90691229701042 2579.4804981648922 215.28135162591934 565.78369241952896 1078.6322952508926 1209.3822664320469 214.92674911022186 4380.2040312588215 2520.499343931675 1800.6024226546288
leaf_count=2674 4490 1129 12906 2312 894 3747 357 839 1648 1784 337 6801 3832 2825
internal_value=-3.99446e-05 0.000309039 8.22743e-05 0.000280048 -0.000462118 0.000870637 -0.000636177 -0.00027768 0.00118881 0.00026795 -0.000897247 -0.00111964 6.04251e-05 -0.000384612
internal_weight=31002.2 19545.9 13938 10238 3700.04 5607.85 11456.3 4845.28 3658.11 1949.74 6611.01 4595.49 3086.28 2015.53
internal_count=46575 28910 20602 15218 5384 8308 17665 7345 5395 2913 10320 7158 4671 3162
is_linear=0
shrinkage=0.02


Tree=101
num_leaves=15
num_cat=0
split_feature=1 42 43 14 46 6 42 46 42 24 15 20 33 17
split_gain=11.8938 6.24934 4.73768 4.36267 4.20917 3.37032 3.13232 2.24905 2.01627 1.59943 1.35997 1.25167 1.25001 1.09114
threshold=25.623500000000003 0.35000000000000003 0.35000000000000003 10.500000000000002 2.8944444444444448 1.5000000000000002 1.2500000000000002 2.4365079365079372 0.25000000000000006 0.87424071631593026 5.4292620194109089 -0.44283654306353343 0.75000000000000011 0.64512468614572727
decision_type=2 2 2 2 2 2 2 2 2 2 2 2 2 2
left_child=1 9 10 4 6 -5 -2 -4 -7 13 -3 -11 -6 -1
right_child=3 2 7 5 12 8 -8 -9 -10 11 -12 -13 -14 -15
leaf_value=0 0.00038504701115071226 -0.000442937566825568 -0.00030443630198449047 -0.0015613789934378756 0.0028950553981093737 -0.0006548512316385288 0.0019984216635305372 0.0020008484451896277 0.00033727747522873319 -0.00090003228319231415 0.0014503302787902629 0.00018195853264431691 0.00077433865766455374 -0.0010329980507155874
leaf_weight=418.52988243103027 10338.523692250252 169.22852370142937 5665.1795064210892 612.31245750188828 382.27486971020699 1177.0067806839943 506.92467367649078 171.57625707983971 2676.8880173563957 730.54083412885666 989.20361939072609 999.8151268362999 179.52522847056389 5984.6394936144352
leaf_count=648 15933 245 8437 868 572 1761 722 243 3850 1103 1427 1447 259 9060
internal_value=-3.91444e-05 -0.000440667 -8.95547e-07 0.000342918 0.000550579 -0.000185247 0.000461734 -0.000234296 3.14984e-05 -0.000817568 0.00116485 -0.000269588 0.00224026 -0.00096396
internal_weight=31002.2 15128.7 6995.19 15873.5 11407.2 4466.21 10845.4 5836.76 3853.89 8133.53 1158.43 1730.36 561.8 6403.17
internal_count=46575 22610 10352 23965 17486 6479 16655 8680 5611 12258 1672 2550 831 9708
is_linear=0
shrinkage=0.02


Tree=102
num_leaves=15
num_cat=0
split_feature=37 1 50 50 13 2 47 16 36 32 0 47 12 27
split_gain=12.0871 8.94431 4.09669 3.04899 2.87036 2.60172 2.48512 2.14503 1.97651 2.0957 1.59369 1.54402 2.0014 1.5963
threshold=0.92833861327012224 25.433333333333337 2.4500000000000006 1.2500000000000002 0.47750086988601309 13.488159722222223 0.44827440520904421 9.4225000000000012 1.5634920634920637 0.45000000000000007 28.935462777502966 1.5576072099104563 18.197154439824619 0.35044582729921786
decision_type=2 2 2 2 2 2 2 2 2 2 2 2 2 2
left_child=1 3 4 6 -3 -5 -1 11 9 -9 -4 13 -13 -2
right_child=7 2 10 5 -6 -7 -8 8 -10 -11 -12 12 -14 -15
leaf_value=-0.0016198642089659977 0.00029368065056492484 -0.00018813572058801236 0 0.0014884696541601263 0.00041349757177476374 -0.00027311625141951043 -0.0006407787606609401 -0.00033973600447347816 0.0019003264432511189 0.001171211262950379 0.0029777180725312968 -0.0013676485501568686 0.00046474671402902594 0.0030481540657654295
leaf_weight=1212.7240809202194 228.93576791882515 6472.09913367033 101.67551451921463 365.10558813810349 6194.8440576791763 3779.712792634964 7980.5853800475597 462.85933116078377 1081.1347578465939 1604.2498908936977 280.33191025257111 345.376021027565 751.72444105148315 140.81029549241066
leaf_count=1930 357 9392 171 545 9795 5592 11897 693 1654 2330 400 500 1112 207
internal_value=-3.83292e-05 -0.000203809 0.000167869 -0.000568149 0.000105326 -0.000114888 -0.000771345 0.000905326 0.00120043 0.000828051 0.00220432 0.000264379 -0.000104447 0.00138032
internal_weight=31002.2 26387.1 13049 13338.1 12666.9 4144.82 9193.31 4615.09 3148.24 2067.11 382.007 1466.85 1097.1 369.746
internal_count=46575 39722 19758 19964 19187 6137 13827 6853 4677 3023 571 2176 1612 564
is_linear=0
shrinkage=0.02


Tree=103
num_leaves=15
num_cat=0
split_feature=44 44 34 20 47 12 47 21 2 36 14 36 42 18
split_gain=18.0612 4.0544 3.38609 3.1403 2.78207 2.69243 2.58544 2.31064 2.14956 2.10262 2.02428 1.81839 1.5735 1.31228
threshold=1.3323325273529816 1.9081898788699692 0.2698979714233149 3.8406644224576891 1.5659637194787754 18.410724617428659 0.46060498666442828 1.1004957195166714 21.124583333333337 0.43650793650793651 13.500000000000002 0.23611111111111113 0.25000000000000006 0.69046100662636956
decision_type=2 2 2 2 2 2 2 2 2 2 2 2 2 2
left_child=2 3 5 4 -2 13 -7 11 9 -3 -10 -4 -9 -1
right_child=1 8 7 -5 -6 6 -8 12 10 -11 -12 -13 -14 -15
leaf_value=0.00060443675430714178 0.0005677983368436412 -0.0035889291317997363 0.00082516892722237542 0.0024968531673071588 -0.00016209425342487649 -0.0014174368977042376 -0.00028240550506820542 -0.0015292994555133155 0.0011749808838074525 0.00022164790830228647 -0.0016208049043740967 -0.00011338384109617789 -0.00034070154891585922 -0.0012585864394239752
leaf_weight=150.11596783995628 3969.9774175584316 65.984253168106079 984.49163430929184 240.64184951782227 4373.8118128180504 960.10243743658066 5131.847305983305 675.48660129308701 4326.3317155838013 368.56730455160141 101.48519405722618 5030.8568544089794 1398.5837930738926 3223.8848216533661
leaf_count=242 5889 112 1471 343 6403 1548 7856 1006 6342 543 137 7730 2037 4916
internal_value=-3.75301e-05 0.000513648 -0.000460293 0.000250608 0.000184043 -0.000717331 -0.000463336 -0.000158178 0.000975691 -0.000347852 0.00110794 3.87841e-05 -0.000733723 -0.00117243
internal_weight=31002.2 13446.8 17555.4 8584.43 8343.79 9465.95 6091.95 8089.42 4862.37 434.552 4427.82 6015.35 2074.07 3374
internal_count=46575 19769 26806 12635 12292 14562 9404 12244 7134 655 6479 9201 3043 5158
is_linear=0
shrinkage=0.02


Tree=104
num_leaves=15
num_cat=0
split_feature=44 44 34 15 6 47 45 1 2 15 37 47 47 47
split_gain=17.3721 4.53913 3.47328 3.26171 2.56415 3.24994 2.18421 1.97318 2.70212 2.47935 1.80221 1.50126 1.47652 1.0294
threshold=1.5205869311519828 0.87256506259266164 0.36956710604985898 13.369695037761128 4.5000000000000009 2.9792141212219634 1.5500000000000003 21.808125 18.834250000000004 6.1026949216360036 0.017265172630110903 1.8957971845663788 2.6165741598349355 1.3451637080668206
decision_type=2 2 2 2 2 2 2 2 2 2 2 2 2 2
left_child=1 6 3 11 5 -4 10 8 -3 -9 -1 -2 -6 -8
right_child=2 7 4 -5 12 -7 13 9 -10 -11 -12 -13 -14 -15
leaf_value=-0.0016389302546407176 -0.00069861597047521558 -8.0263022086738865e-05 0.00076344265811917984 0.00093805967256755426 0 0.0021972061393187494 0.0025665948238165811 0.0010436074970161116 -0.0010787723118181227 -8.1030638316979177e-05 -0.00068833824034779736 -0.0029243212729990579 -0.002641843509825183 -0.00051072832993936761
leaf_weight=936.846290320158 456.91763600707054 2715.3690369725227 7367.5573027431965 413.13292679190636 630.98680865764618 701.02759429812431 112.16542622447014 862.99370503425598 1829.9490189552307 8339.2194390296936 6305.4594113230705 174.13843131065369 94.745649456977844 61.660286128520966
leaf_count=1439 749 3937 10719 638 896 1040 201 1332 2658 12623 9808 281 133 121
internal_value=-3.67981e-05 -0.000359895 0.000657132 -0.00042657 0.00078701 0.000889766 -0.000758933 -0.000143826 -0.00048476 2.35566e-05 -0.000813103 -0.00133589 -0.000340984 0.00142472
internal_weight=31002.2 21163.7 9838.51 1044.19 8794.32 8068.58 7416.13 13747.5 4545.32 9202.21 7242.31 631.056 725.732 173.826
internal_count=46575 32119 14456 1668 12788 11759 11569 20550 6595 13955 11247 1030 1029 322
is_linear=0
shrinkage=0.02


Tree=105
num_leaves=15
num_cat=0
split_feature=44 1 44 7 33 45 20 6 31 17 42 37 17 20
split_gain=16.8056 3.80639 2.9664 3.00862 2.76929 2.563 2.37163 3.68112 2.4307 2.35046 2.25057 1.7919 1.66973 1.40999
threshold=1.5275389704899442 27.34500000000001 2.3870142982021316 1.0000000180025095e-35 1.0500000000000003 2.3666666666666671 0.25802330364172482 1.5000000000000002 1.4555963206225497 1.4091889110355782 1.2500000000000002 0.21801421722196354 2.6157914733968703 0.12795494013481348
decision_type=2 2 2 2 2 2 2 2 2 2 2 2 2 2
left_child=1 4 6 12 13 -5 7 -2 -8 -3 -11 -6 -4 -1
right_child=2 9 3 5 11 -7 8 -9 -10 10 -12 -13 -14 -15
leaf_value=-0.00077448411801648686 -0.0011334379037656725 0.0014880485646616604 -0.00020118002283903456 0.00032711406996025497 -0.00071157059897236587 0.0029090958086874954 0.0011528138982291631 0.00045587147918153896 -0.0005322500694189908 -8.7447838565837908e-05 0.0028785545640821388 0.0013732751645302893 0.0015524109034506207 -0.00036001734446753942
leaf_weight=7127.3039908409119 671.25413948297501 425.57065796852112 471.24319726228714 214.67380607128143 239.1650073826313 641.989680737257 2751.4247585535049 4243.5985794365406 381.20485842227936 6637.7725640535355 101.83728635311127 491.27970263361931 387.35785505175591 6333.9591614603996
leaf_count=10749 973 682 731 349 379 938 4005 6266 534 10262 170 739 555 9334
internal_value=-1.04798e-05 -0.00032503 0.000676528 0.00143457 -0.00051479 0.00227598 0.000513397 0.000236402 0.000944362 4.94634e-05 -4.03068e-05 0.000676915 0.000580102 -0.000580289
internal_weight=31119.6 21356.9 9762.75 1715.26 14191.7 856.663 8047.48 4914.85 3132.63 7165.18 6739.61 730.445 858.601 13461.3
internal_count=46666 32315 14351 2573 21201 1287 11778 7239 4539 11114 10432 1118 1286 20083
is_linear=0
shrinkage=0.02


Tree=106
num_leaves=15
num_cat=0
split_feature=46 13 50 30 16 0 24 8 41 22 31 42 20 39
split_gain=10.4503 5.83199 5.65918 3.11462 2.90357 3.13361 2.67984 2.62554 2.27748 2.04836 1.94678 1.70403 1.63864 1.43586
threshold=1.8944444444444446 0.21054210210589464 1.3500000000000003 0.063066680763029265 9.0633333333333344 14.632170741800229 0.72163033096637874 2.5000000000000004 1.4417683988026435 -1.369338694723061 0.81241767708451251 0.35000000000000003 -0.42293625453701356 1.2500000000000002
decision_type=2 2 2 2 2 2 2 2 2 2 2 2 2 2
left_child=2 7 6 9 5 -4 11 13 -9 -3 -8 -1 -5 -2
right_child=1 3 4 12 -6 -7 10 8 -10 -11 -12 -13 -14 -15
leaf_value=-0.00079605183434297425 -0.0016901811220037775 0.00042238951815426289 0.0016888900989761241 -0.00042122595818203172 0.00063098434598597686 -0.00033254726121440421 0.00027997048256596396 0.00062482062518787022 -0.0011338111778391373 0.0021386930644195366 -0.00037714805903700765 -0.00022846864659068511 0.0010179826515771067 0.00082418455279458446
leaf_weight=6607.9348304569721 444.86266124248505 359.15003669261932 334.78307241201401 439.9353521168232 3996.8809063434601 3350.8207233548164 3044.1876721680164 1912.6670304238796 343.02414336800575 1543.1163248717785 4388.8137285113335 3197.8677486479282 1048.7409021854401 106.85011291503906
leaf_count=10093 594 533 491 668 6016 5047 4710 2690 487 2336 6435 4838 1580 148
internal_value=-1.02467e-05 0.000724173 -0.000193354 0.00128224 0.000257278 -0.000145401 -0.000394765 4.61183e-05 0.000352188 0.00182069 -0.000106677 -0.000612056 0.000585963 -0.00118395
internal_weight=31119.6 6198.35 24921.3 3390.94 7682.48 3685.6 17238.8 2807.4 2255.69 1902.27 7433 9805.8 1488.68 551.713
internal_count=46666 9036 37630 5117 11554 5538 26076 3919 3177 2869 11145 14931 2248 742
is_linear=0
shrinkage=0.02


Tree=107
num_leaves=15
num_cat=0
split_feature=44 44 13 1 46 46 21 12 30 1 3 47 0 0
split_gain=15.688 3.96696 3.82883 3.4685 2.60778 2.4778 2.42792 1.87816 1.72478 2.52293 2.17897 1.48793 1.72761 1.61945
threshold=1.641065352184748 0.89514425043147938 0.14897436876886072 21.107000000000003 1.3166666666666669 3.4222222222222229 0.93481478774976312 18.529609099801096 0.19154575350577102 21.597666666666672 38.396957662719366 1.4467257015986996 24.606329739638589 18.06524979419213
decision_type=2 2 2 2 2 2 2 2 2 2 2 2 2 2
left_child=1 4 11 6 7 -5 -4 -1 9 -3 -10 12 -2 -13
right_child=2 8 3 5 -6 -7 -8 -9 10 -11 -12 13 -14 -15
leaf_value=-0.0010518857982523614 -0.00018156102528234586 -0.0004072763509891989 -0.0021278205712748229 0.0012154859133735702 0.0018798221334161553 0.0035882817675692126 0.00068534897154873709 -0.00041833763588570413 0.00014613839425800675 0.00020580332217095537 -0.0010168480661835527 0.0023548002643792431 0.0034992132905776346 4.9340402679227248e-05
leaf_weight=3313.4980619549751 81.50681859254837 3900.6380636394024 199.72218999266624 3852.2391620278358 157.49853110313416 188.34245601296425 304.75607916712761 4494.2927015423775 1060.4308239817619 8595.1613998115063 1587.1256191134453 125.36592930555344 114.7806750535965 3144.2767344117165
leaf_count=5040 129 5682 334 5827 299 282 472 7025 1555 12938 2363 183 168 4369
internal_value=-1.00255e-05 -0.00027474 0.000752206 0.00113453 -0.000636184 0.00133028 -0.000412641 -0.000688686 -8.39046e-05 1.35922e-05 -0.000547502 0.000247594 0.00193395 0.000142179
internal_weight=31119.6 23108.6 8010.99 4545.06 7965.29 4040.58 504.478 7807.79 15143.4 12495.8 2647.56 3465.93 196.287 3269.64
internal_count=46666 34902 11764 6915 12364 6109 806 12065 22538 18620 3918 4849 297 4552
is_linear=0
shrinkage=0.02


Tree=108
num_leaves=15
num_cat=0
split_feature=44 44 13 7 34 46 46 36 40 30 23 46 12 26
split_gain=15.0803 3.15994 3.00158 4.0796 3.24384 3.00151 2.50613 2.43234 2.21648 1.8352 2.01621 1.99848 1.80316 1.27138
threshold=1.5275389704899442 0.89514425043147938 0.14897436876886072 1.0000000180025095e-35 0.17980768842862332 3.4222222222222229 1.3166666666666669 0.21111111111111114 -0.22972946361560795 0.19154575350577102 0.88548812424270984 1.4365079365079367 18.529609099801096 0.78888888888888908
decision_type=2 2 2 2 2 2 2 2 2 2 2 2 2 2
left_child=1 6 3 7 -4 -6 12 -2 -5 11 -11 -3 -1 -8
right_child=2 9 4 8 5 -7 13 -9 -10 10 -12 -13 -14 -15
leaf_value=-0.0010308607701234578 -0.0029645509225492955 0.00011929602302137257 -0.0019403733180846814 0.0025289764099595737 0.00093618137757701047 0.0035172702373586309 0.0042997219713525499 -0.00020985239613451376 0.00058976067565249938 -0.0015712305210960175 -0.00025050182763546069 -0.00055831835116814418 -0.00040997461142426117 0.00041556808543212741
leaf_weight=3313.4980619549751 136.68588098883629 8936.8498534858227 147.1759666800499 273.23076543211937 5198.1494022905827 188.34245601296425 53.814947605133057 1910.1038105487823 1909.0585930645466 656.77118054032326 1638.7143860459328 2159.2636560201645 4494.2927015423775 103.6835834980011
leaf_count=5040 193 13285 281 405 7870 282 102 2682 2638 960 2444 3262 7025 197
internal_value=-9.78844e-06 -0.000307772 0.000640982 0.000236516 0.00094809 0.00102956 -0.000623459 -0.000401408 0.000839229 -0.00011919 -0.000633773 -1.17411e-05 -0.000674945 0.0018427
internal_weight=31119.6 21356.9 9762.75 4229.08 5533.67 5386.49 7965.29 2046.79 2182.29 13391.6 2295.49 11096.1 7807.79 157.499
internal_count=46666 32315 14351 5918 8433 8152 12364 2875 3043 19951 3404 16547 12065 299
is_linear=0
shrinkage=0.02


Tree=109
num_leaves=15
num_cat=0
split_feature=34 1 50 1 21 50 3 23 13 2 1 45 12 12
split_gain=11.6267 4.58122 3.91754 2.71861 3.92471 2.48642 2.47245 2.14673 2.4874 2.0928 2.68325 1.83122 1.27987 1.18048
threshold=0.52175211800278332 25.433333333333337 1.1500000000000004 30.929833333333338 1.0139563917658416 1.2500000000000002 38.012849930369065 0.67067179070284089 2.1872285726798935 13.292442129629631 21.311833333333336 1.5500000000000003 18.706327139539649 17.823573833566204
decision_type=2 2 2 2 2 2 2 2 2 2 2 2 2 2
left_child=1 5 3 6 -5 12 -2 13 -9 -4 -11 -7 -1 -3
right_child=2 7 9 4 -6 11 -8 8 -10 10 -12 -13 -14 -15
leaf_value=-0.0010305940053639293 0.00017464931379121513 -0.0023288157034819577 0.0029703536552597733 -0.00023811406246122466 0.0019737001282583429 -0.00030094196554400038 -0.00097885164603989756 2.8571708385541176e-05 0.001313419457397389 -0.00014305709703216682 0.00090758536776764298 0.0010792517192566324 -0.00050775831125700419 -0.00050727712715713756
leaf_weight=3893.8081106245518 1775.6902474462986 181.2020271718502 172.66590562462807 671.79860508441925 599.8025823533535 2534.8292006850243 1262.3651499450207 7408.0901263356209 656.01144990324974 1150.0128676891327 5758.858332157135 449.90949800610542 3837.2189531624317 767.37218952178955
leaf_count=5761 2669 264 259 1063 938 3816 1957 11211 1121 1664 8283 648 5866 1146
internal_value=-9.58821e-06 -0.000303646 0.000498778 2.09162e-05 0.000798788 -0.000583154 -0.00030169 2.76255e-05 0.000134633 0.000788093 0.000731263 -8.89647e-05 -0.000772581 -0.000869925
internal_weight=31119.6 19728.4 11391.2 4309.66 1271.6 10715.8 3038.06 9012.68 8064.1 7081.54 6908.87 2984.74 7731.03 948.574
internal_count=46666 29833 16833 6627 2001 16091 4626 13742 12332 10206 9947 4464 11627 1410
is_linear=0
shrinkage=0.02


Tree=110
num_leaves=14
num_cat=0
split_feature=44 46 44 30 37 15 2 50 24 46 12 12 44
split_gain=16.6524 3.1959 2.69405 2.32894 3.02943 2.22774 2.16278 1.88045 1.8617 1.72222 1.51215 1.10771 0.802388
threshold=1.6775382355307316 3.5277777777777781 0.76095737778803774 0.21440848701534707 0.8005053299457715 10.227285156364845 37.888750000000009 2.4500000000000006 0.41416874187476987 2.7888888888888892 18.123914453234764 19.055927835412977 3.350584010286628
decision_type=2 2 2 2 2 2 2 2 2 2 2 2 2
left_child=2 7 5 6 -5 10 -4 8 -2 -9 -1 -7 -3
right_child=1 12 3 4 -6 11 -8 9 -10 -11 -12 -13 -14
leaf_value=-0.0013862413399942952 0.00271768704980887 0.0013718391347070545 -4.0650847726659187e-05 -0.00091036567475355251 0.0015790075634045 -5.1963654377092827e-05 -0.0021356355720475381 0.0024409714866157235 0.00057484656721623227 -0.00011407137645964899 -0.00057784413819144515 0.0020408168557016814 0.0039420665685657259
leaf_weight=1292.9308519363403 167.43804350495338 95.449861317873001 15541.473045825958 2439.5900338888168 208.04784718155861 256.2790858745575 197.96100091934204 437.17877712845802 6441.7248081862926 129.00980979204178 3589.4610439538956 156.09586250782013 156.65715196728706
leaf_count=2017 274 145 23211 3605 319 443 309 603 9501 163 5619 255 234
internal_value=-1.6724e-05 0.000809054 -0.000276186 -0.000160964 -0.000709936 -0.000674217 -6.79035e-05 0.000728919 0.000631452 0.00184284 -0.000794447 0.000722108 0.00302677
internal_weight=31109.3 7427.46 23681.8 18387.1 2647.64 5294.77 15739.4 7175.35 6609.16 566.189 4882.39 412.375 252.107
internal_count=46698 10920 35778 27444 3924 8334 23520 10541 9775 766 7636 698 379
is_linear=0
shrinkage=0.02


Tree=111
num_leaves=15
num_cat=0
split_feature=44 47 34 3 2 42 32 24 26 34 21 4 36 36
split_gain=15.998 3.10073 2.82851 3.3907 2.71619 2.60569 2.50571 2.14551 1.63555 1.56656 1.50191 1.27194 0.896065 0.850105
threshold=1.6775382355307316 3.3658780001312776 0.21563260988876889 39.591104072505097 13.292442129629631 0.95000000000000007 1.1500000000000001 0.23121676103569247 0.29285714285714287 0.23132363433913131 1.1765520407696417 43.838080812159063 2.7638888888888893 1.2928571428571431
decision_type=2 2 2 2 2 2 2 2 2 2 2 2 2 2
left_child=2 5 3 10 7 9 -6 -4 -5 -2 -1 -7 13 -3
right_child=1 12 4 8 6 11 -8 -9 -10 -11 -12 -13 -14 -15
leaf_value=-0.0011604872573319652 -0.0013735639026472798 0.0035734607699014665 -0.00097411757962761851 -0.001450470804751501 -0.00027563132380618296 0.00091667874122214484 0.00048799449209931258 0.0015939916868907046 -2.6204728079135876e-05 0.00054402507818620161 -0.00012575770815254639 0.0020790013320670839 0.00396761339025833 0.00086188228948588038
leaf_weight=3348.6630106568336 171.48836851119995 72.675317108631134 159.01038205623627 354.12397634983063 12942.939961522818 989.71026235818863 1972.1746996045113 605.43428313732147 3598.2215411663055 5227.03337469697 701.27091759443283 668.4543129503727 131.64003297686577 166.45678329467773
leaf_count=5037 306 95 260 610 19327 1373 2976 854 5656 7775 1058 921 208 242
internal_value=-1.6371e-05 0.000793013 -0.00027069 -0.000576908 -0.000113716 0.000696926 -0.000173937 0.00104561 -0.000157015 0.000480774 -0.000983936 0.00139321 0.00258139 0.00175024
internal_weight=31109.3 7427.46 23681.8 8002.28 15679.6 7056.69 14915.1 764.445 3952.35 5398.52 4049.93 1658.16 370.772 239.132
internal_count=46698 10920 35778 12361 23417 10375 22303 1114 6266 8081 6095 2294 545 337
is_linear=0
shrinkage=0.02


Tree=112
num_leaves=15
num_cat=0
split_feature=44 47 1 18 2 18 46 37 14 14 20 40 12 12
split_gain=15.3702 2.98348 2.71548 2.4406 2.49352 1.7775 1.75715 2.21822 1.80515 1.62884 2.10404 1.72418 0.898143 0.858161
threshold=1.6775382355307316 3.3658780001312776 25.343000000000004 2.3380930635888677 13.292442129629631 2.4964062125045445 1.4722222222222225 0.39095392722291683 10.500000000000002 10.500000000000002 -0.44283654306353343 -0.22404834618373351 18.484802529433875 19.630589677102353
decision_type=2 2 2 2 2 2 2 2 2 2 2 2 2 2
left_child=2 9 3 4 -1 -5 7 -4 -8 10 -2 -11 -3 -14
right_child=1 12 6 5 -6 -7 8 -9 -10 11 -12 -13 13 -15
leaf_value=0.00028172061987645372 0.00028058528467071216 0.0009853333062696582 -9.2973415119872158e-05 0.0027758195944667286 -0.00060053211831540552 -6.7299973136110167e-05 -0.00011892264370393028 0.00064434272145229776 -0.0012220128490277814 0.0015492132205256438 0.0011701195082271282 -2.6858764880028258e-05 0.0040187735478582117 0.00116713542956905
leaf_weight=1426.0940233469009 1612.7945660352707 122.33255207538605 5244.0367286205292 154.34551727771759 11401.759019970894 185.81736695766449 2068.0263819098473 2356.9362967014313 844.82343730330467 324.26078850030899 3331.6956950426102 1787.9352689385414 175.65989196300507 72.779689341783524
leaf_count=2133 2442 186 7963 221 17095 248 3241 3642 1235 471 4942 2520 254 105
internal_value=-1.60196e-05 0.000777317 -0.000265305 -0.000456693 -0.000501643 0.0012022 -2.46087e-05 0.00013445 -0.000442905 0.000683028 0.000882224 0.000211604 0.00253174 0.00323932
internal_weight=31109.3 7427.46 23681.8 13168 12827.9 340.163 10513.8 7600.97 2912.85 7056.69 4944.49 2112.2 370.772 248.44
internal_count=46698 10920 35778 19697 19228 469 16081 11605 4476 10375 7384 2991 545 359
is_linear=0
shrinkage=0.02


Tree=113
num_leaves=15
num_cat=0
split_feature=34 42 1 1 30 17 14 4 17 0 22 19 19 22
split_gain=10.0159 4.3496 3.41999 3.37721 2.20989 2.20784 2.14212 2.03385 2.62382 1.9344 1.89224 1.66233 1.50122 1.41105
threshold=0.52175211800278332 0.95000000000000007 24.255333333333336 31.451833333333337 0.21035234375095044 2.553665602308143 11.500000000000002 48.971981293752002 2.3205943893006697 25.759809614227869 0.50847842428396561 0.27856611990708835 0.46183942325244237 0.054312305985103157
decision_type=2 2 2 2 2 2 2 2 2 2 2 2 2 2
left_child=2 3 7 10 9 -3 -5 8 -1 -4 -2 -9 -6 -7
right_child=1 5 4 6 12 13 -8 11 -10 -11 -12 -13 -14 -15
leaf_value=-0.00066450834340484369 0.00019693568235630725 0.00080408952143971174 0.00069041562697516232 0.00099546903519145665 -0.0013696342705937542 0.0030990948592604763 -0.00048580874698403404 -8.6387140985598695e-05 0.0023484372311934269 -5.1661574274673915e-05 -0.00058430343221758528 0.0023583018881213518 -0.00018004750690657292 0.0012385173712291348
leaf_weight=9072.8652295172215 3836.8833429217339 2040.8850912749767 1793.1891911029816 2580.0647958219051 722.22327083349228 327.40315821766853 449.08570757508278 340.84101822972298 113.78000211715698 6381.0526579022408 1826.071968048811 158.08270683884621 1082.7044837772846 384.16459980607033
leaf_count=13694 5732 2921 2837 3887 1058 459 632 505 163 9619 2726 248 1686 531
internal_value=-1.56597e-05 0.000454361 -0.000289731 0.000233387 -2.88094e-05 0.00114788 0.000772388 -0.000557469 -0.000625601 0.000110034 -5.33342e-05 0.000674566 -0.000662572 0.0021149
internal_weight=31109.3 11444.6 19664.7 8692.11 9979.17 2752.45 3029.15 9685.57 9186.65 8174.24 5662.96 498.924 1804.93 711.568
internal_count=46698 16888 29810 12977 15200 3911 4519 14610 13857 12456 8458 753 2744 990
is_linear=0
shrinkage=0.02


Tree=114
num_leaves=15
num_cat=0
split_feature=44 34 2 1 5 40 44 16 50 23 14 12 15 12
split_gain=14.4145 2.64275 2.57555 3.12057 2.55669 2.65096 2.52409 2.96352 2.28809 2.17776 2.12596 1.70219 1.20511 1.01985
threshold=1.6775382355307316 0.21563260988876889 13.292442129629631 21.006166666666672 35.834448545193467 -0.026248358617889645 2.4212105330238112 7.9200000000000017 2.4500000000000006 1.0667382644802181 9.5000000000000018 18.785792894838838 3.1064983649340943 18.75182374705933
decision_type=2 2 2 2 2 2 2 2 2 2 2 2 2 2
left_child=1 4 9 -4 12 -6 8 13 10 -3 -2 -9 -1 -8
right_child=6 2 3 -5 5 -7 7 11 -10 -11 -12 -13 -14 -15
leaf_value=6.6647556396493197e-05 0.00085599015528173934 0.001599200825673141 -0.00059810149790138134 2.8068474553636329e-05 0.00024527982365132953 -0.00066917701876389513 0.00017653588358547518 0.0010923768856821478 0.0021331472231679869 -0.00092983307047173535 6.4715828394241339e-05 0.002511886790722177 -0.0011900549620913973 -0.0030651181889937867
leaf_weight=330.65838575363159 2695.2988988757133 594.79412186145782 4581.4096384346485 10333.70502269268 2159.9732666909695 3026.0569290518761 80.956255853176117 794.11468172073364 348.18756705522537 169.65054333209991 2795.9591225683689 648.92725542187691 2485.5908642709255 64.0146704018116
leaf_count=552 4060 867 6693 15610 3248 4765 136 1193 486 247 3982 953 3796 110
internal_value=-1.53229e-05 -0.000256743 -0.000104993 -0.000163653 -0.000552731 -0.000286432 0.000752942 0.00146352 0.000557556 0.00102393 0.000455091 0.00174024 -0.00103901 -0.00120907
internal_weight=31109.3 23681.8 15679.6 14915.1 8002.28 5186.03 7427.46 1588.01 5839.45 764.445 5491.26 1443.04 2816.25 144.971
internal_count=46698 35778 23417 22303 12361 8013 10920 2392 8528 1114 8042 2146 4348 246
is_linear=0
shrinkage=0.02


Tree=115
num_leaves=14
num_cat=0
split_feature=44 50 50 3 30 5 47 44 44 8 37 19 2
split_gain=11.6589 3.94332 3.69777 3.14453 2.89406 2.5792 2.32405 2.10322 2.06311 1.60428 1.42224 1.40663 1.27941
threshold=1.3569124920998157 1.2500000000000002 0.75000000000000011 37.322880400684063 -0.44333470878951153 38.475717422895777 2.8292693961874349 1.0195110371693548 2.5414562362984947 1.5000000000000002 0.0019896142343955505 2.9869821049570313 31.87241666666667
decision_type=2 2 2 2 2 2 2 2 2 2 2 2 2
left_child=2 4 10 7 -2 -5 -6 -4 9 -3 -1 -12 -10
right_child=1 8 3 5 6 -7 -8 -9 12 -11 11 -13 -14
leaf_value=-0.0025009931468546109 -0.0025306977723972245 -0.0006935554149714217 -9.510673884924274e-05 -0.0013337281762877597 3.6690242621916647e-05 -0.00024340265319177997 0.001913108816530059 0.00073478197431167637 0.0009476858353683926 0.0007102339147803359 -0.0007851144998780071 0.00047194528863955576 0.0025371060550389798
leaf_weight=183.5825172662735 165.63381412625313 334.69701859354973 2836.6113358736038 1003.6305167078972 5054.0867404043674 6708.7467067539692 277.44425311684608 2119.805634945631 481.77956396341324 6282.0702646374702 4902.2120434343815 372.43659669160843 394.88539052009583
leaf_count=298 270 457 4259 1635 7656 10264 450 3139 702 9005 7452 571 552
internal_value=5.06388e-06 0.000462643 -0.00032232 -0.000133816 5.38056e-05 -0.000386895 0.000136892 0.000257964 0.000761137 0.000637527 -0.000757806 -0.000694315 0.00167915
internal_weight=31117.6 12990.6 18127 12668.8 5497.16 7712.38 5331.53 4956.42 7493.43 6616.77 5458.23 5274.65 876.665
internal_count=46710 19092 27618 19297 8376 11899 8106 7398 10716 9462 8321 8023 1254
is_linear=0
shrinkage=0.02


Tree=116
num_leaves=15
num_cat=0
split_feature=44 44 34 3 0 16 12 31 6 3 16 12 14 46
split_gain=11.1992 3.39339 2.84191 2.69022 3.71683 2.60076 2.49877 2.05304 1.94219 3.14619 2.48203 1.73764 1.66991 1.38167
threshold=1.3569124920998157 2.4212105330238112 0.24209343366877165 37.322880400684063 27.082183194871416 7.9200000000000017 18.529609099801096 1.0138141502042954 1.5000000000000002 41.619794114760296 2.3633333333333342 18.72395477515742 12.500000000000002 0.41428571428571431
decision_type=2 2 2 2 2 2 2 2 2 2 2 2 2 2
left_child=2 8 6 4 -4 -3 7 -1 9 -2 -10 -7 -5 -8
right_child=1 5 3 12 -6 11 13 -9 10 -11 -12 -13 -14 -15
leaf_value=-0.00068679337589498928 0.00056176080876174032 -0.001096002573300485 9.9533663423697011e-05 -0.00026297425709541719 0.0020711031585892857 0.00089055547763786059 -0.0010766873043856243 -0.0017845335576653371 -0.0024799459793379951 -0.0011839783801284585 0.00047465465482128853 0.0023233250873219151 -0.0015475195618891752 -0.00015187995026938935
leaf_weight=2560.0646926164627 824.13346466422081 153.91339182853699 3697.1378618180752 4934.9308196008205 426.60372942686081 733.4141688644886 767.00816160440445 960.22301697731018 112.09693646430969 815.92830210924149 9661.0652574300766 690.04552400112152 444.50313547253609 4336.5539341568947
leaf_count=3895 1165 262 5455 7588 680 1098 1249 1430 166 1194 14195 1012 617 6704
internal_value=4.95511e-06 0.00045343 -0.000315904 -7.61045e-05 0.000306823 0.00132451 -0.000578917 -0.000989904 0.000331955 -0.000301036 0.000439242 0.00159441 -0.00037151 -0.000293194
internal_weight=31117.6 12990.6 18127 9503.18 4123.74 1577.37 8623.85 3520.29 11413.2 1640.06 9773.16 1423.46 5379.43 5103.56
internal_count=46710 19092 27618 14340 6135 2372 13278 5325 16720 2359 14361 2110 8205 7953
is_linear=0
shrinkage=0.02


Tree=117
num_leaves=15
num_cat=0
split_feature=34 50 12 24 24 34 27 6 1 13 50 19 21 34
split_gain=10.6302 4.15537 3.94137 3.70653 2.88028 2.88168 2.44846 2.32823 2.26543 2.24782 1.91534 1.56302 1.40122 1.38746
threshold=0.29283569883616478 0.8500000000000002 18.520236108624964 0.79727689746951536 1.2983031020356519 1.6493113854075918 0.9999711116606832 1.5000000000000002 23.964500000000005 1.7183305701168028 0.55000000000000016 1.1659408786102772 1.0040924291558198 0.044651208952346554
decision_type=2 2 2 2 2 2 2 2 2 2 2 2 2 2
left_child=2 3 9 -2 5 -3 -6 11 -9 10 -1 -4 -5 -11
right_child=1 4 7 12 6 -7 -8 8 -10 13 -12 -13 -14 -15
leaf_value=-0.002049646213859173 -0.00075369234399123603 0.00024893663156426205 -0.0015271968672150578 -0.00019556274193786055 -0.0025306572112519356 0.0014926565713375215 0.001213216107129966 -0.00039362370659085186 0.00039231710144972101 -0.0026033590872958489 -0.00090207810017138926 0.00020038368845537842 0.0009273062091036487 0.00032642280001884434
leaf_weight=742.89642664790154 2521.4277314841747 12196.178365111351 747.92870765924454 770.494195997715 68.636502623558044 796.59874725341797 2240.4963326752186 3074.1669318079948 2800.2697656452656 69.068339467048645 3103.4717121422291 276.64171329140663 1008.9446021914482 700.40232303738594
leaf_count=1106 3884 17891 1151 1193 125 1205 3158 4802 4356 114 4623 442 1516 1144
internal_value=4.82535e-06 0.000288449 -0.000477111 -0.000259247 0.000443056 0.000326178 0.00109551 -0.000172573 -1.72679e-05 -0.000929848 -0.00112727 -0.00105151 0.000435819 4.44135e-05
internal_weight=31117.6 19602.8 11514.8 4300.87 15301.9 12992.8 2309.13 6899.01 5874.44 4615.84 3846.37 1024.57 1779.44 769.471
internal_count=46710 28972 17738 6593 22379 19096 3283 10751 9158 6987 5729 1593 2709 1258
is_linear=0
shrinkage=0.02


Tree=118
num_leaves=15
num_cat=0
split_feature=50 47 1 14 6 16 1 13 33 21 50 33 27 22
split_gain=7.42994 3.68741 3.64839 4.68426 2.73928 3.37602 2.94957 2.52868 3.08822 2.33978 1.99212 1.83906 1.48098 1.4537
threshold=1.2500000000000002 2.086088172788676 27.158833333333337 11.500000000000002 1.5000000000000002 15.330000000000004 28.25683333333334 2.4555399228720467 0.19999999999999998 1.1207879000702374 0.75000000000000011 -0.54999999999999993 2.3865142105686705 -1.4929416551946233
decision_type=2 2 2 2 2 2 2 2 2 2 2 2 2 2
left_child=2 4 7 11 6 -6 -2 10 -9 -5 -1 -4 13 -3
right_child=1 12 3 9 5 -7 -8 8 -10 -11 -12 -13 -14 -15
leaf_value=-0.00086643893061180059 0.00017463782399745764 -0.00028797128481600236 -0.00078195246233251411 -0.0015368611123369232 0.00013366929061225916 0.0011186926525430403 -0.0015961607662411826 0.0025677384256798741 -0.00033483851084267069 0.0014236748867081442 -0.00030943219101414699 0.00043677991196141994 0.0034314909517031149 0.0011015384755039409
leaf_weight=4617.4899106621742 854.02453389763832 332.81277003884315 539.33791008591652 861.8873844742775 7116.5314384400845 1738.8314619362354 658.07262822985649 232.99889048933983 376.16478312015533 116.76985490322113 5976.621552079916 5285.4205624163151 99.432574957609177 2311.2261413037777
leaf_count=6930 1267 463 823 1249 10669 2600 961 394 655 168 8865 8276 131 3259
internal_value=4.70808e-06 0.000367168 -0.000258661 0.000105439 0.000193346 0.000328426 -0.000590509 -0.000480639 0.000763775 -0.00117124 -0.000553267 0.000321987 0.00101977 0.000922772
internal_weight=31117.6 13110.9 18006.7 6803.42 10367.5 8855.36 1512.1 11203.3 609.164 978.657 10594.1 5824.76 2743.47 2644.04
internal_count=46710 19350 27360 10516 15497 13269 2228 16844 1049 1417 15795 9099 3853 3722
is_linear=0
shrinkage=0.02


Tree=119
num_leaves=15
num_cat=0
split_feature=34 14 24 36 32 23 18 40 32 18 1 24 34 37
split_gain=10.048 4.06648 4.14125 3.55685 2.21016 2.1517 2.41734 1.97285 1.95197 1.77048 1.64577 1.59029 1.58896 1.41357
threshold=0.29283569883616478 12.500000000000002 1.2064050945622655 1.5857142857142861 0.75000000000000011 1.5868712966061074 2.7230902182669126 -0.10668958310946389 0.95000000000000007 1.3967980279491339 9.2587500000000009 0.76199862594802248 0.75242927553243333 0.066663288623216466
decision_type=2 2 2 2 2 2 2 2 2 2 2 2 2 2
left_child=4 2 3 -2 7 6 -6 -1 -4 11 -9 -3 -11 -7
right_child=1 9 8 -5 5 13 -8 10 -10 12 -12 -13 -14 -15
leaf_value=0.000274162510887135 0.00013632218060069366 -0.00029519395842833135 0.00046041914031501151 0.0013492143075890587 -0.00048504841219977553 -0.00071849565954337064 0.00065752065837964017 0.0016218696662446508 0.0014666485529711952 -0.0016718319360689144 -0.00087187532934779896 0.0027018624740043191 -3.1579445441912946e-05 0.0021934832597051736
leaf_weight=718.28373259305954 13909.489271640778 262.08429557085037 1444.267275094986 1040.9311045408249 3685.8977833986282 84.197557717561722 918.85790702700615 103.31017559766769 1754.6705137789249 731.24337494373322 5760.8063386082649 92.862766474485397 367.22787529230118 243.49242475628853
leaf_count=1087 20725 355 2189 1600 5696 142 1359 159 2479 988 8872 128 508 423
internal_value=4.61993e-06 0.000280377 0.000362281 0.000221608 -0.000463925 -0.000141206 -0.000254697 -0.000704115 0.00101605 -0.000734613 -0.000825699 0.000471639 -0.00113362 0.00141512
internal_weight=31117.6 19602.8 18149.4 14950.4 11514.8 4932.45 4604.76 6582.4 3198.94 1453.42 5864.12 354.947 1098.47 327.69
internal_count=46710 28972 26993 22325 17738 7620 7055 10118 4668 1979 9031 483 1496 565
is_linear=0
shrinkage=0.02


Tree=120
num_leaves=15
num_cat=0
split_feature=44 44 42 50 16 42 2 44 22 24 14 41 16 24
split_gain=9.94582 5.09999 3.08286 2.9296 2.53948 2.03056 1.9567 2.15387 1.84084 1.57006 1.51919 1.44075 1.76476 1.52445
threshold=1.8946424518684022 0.72770541381982679 0.55000000000000016 1.3500000000000003 1.9666666666666675 0.95000000000000007 28.028250000000003 2.3280603022941588 -1.6047928378755081 0.58214910601256864 11.500000000000002 0.70825072649039356 7.8799999999999999 1.6109850420111682
decision_type=2 2 2 2 2 2 2 2 2 2 2 2 2 2
left_child=1 5 6 10 -5 9 8 -8 -2 -1 -3 12 -4 -13
right_child=2 3 11 4 -6 -7 7 -9 -10 -11 -12 13 -14 -15
leaf_value=-0.0007181798461067168 -0.0037555959747386236 -9.9218026339964048e-05 0 0.0034485920446331005 0.00025372991603940639 0.0015292875160141559 0.00012370559712484029 0.0017670639612517064 -0.00028167431967392355 -0.0021613655496181723 -0.0006600042355161662 0.0010605045853315435 0.0021271689261691566 -0.00097892360122899349
leaf_weight=4224.7829937636852 67.797043889760971 11837.864555239677 176.82514235377312 99.513613402843475 7290.0625118017197 146.51981112360954 1049.3151769638062 466.35242033004761 569.22684380412102 332.66502359509468 2324.9473172724247 1508.4545524120331 993.31791093945503 155.71927511692047
leaf_count=6694 116 17859 251 149 10853 240 1570 735 918 481 3271 2131 1388 211
internal_value=1.27759e-06 -0.000153933 0.000820192 -2.32078e-05 0.000299029 -0.000750493 0.000243484 0.000637598 -0.000677642 -0.000826618 -0.000192062 0.0012542 0.0018 0.000862724
internal_weight=31243.4 26256.4 4987.01 21552.4 7389.58 4703.97 2152.69 1515.67 637.024 4557.45 14162.8 2834.32 1170.14 1664.17
internal_count=46867 39547 7320 32132 11002 7415 3339 2305 1034 7175 21130 3981 1639 2342
is_linear=0
shrinkage=0.02


Tree=121
num_leaves=15
num_cat=0
split_feature=34 44 50 22 23 15 6 13 50 13 16 23 31 18
split_gain=9.68556 4.57992 3.48857 2.88511 2.74977 2.72112 2.63521 2.22354 1.93975 1.77023 1.81625 1.63932 1.45979 1.26175
threshold=0.75242927553243333 0.72770541381982679 0.95000000000000007 -1.299630375293334 0.83431615601114306 5.7036018366011856 1.5000000000000002 2.1872285726798935 2.5500000000000003 2.2092548836962744 6.8200000000000003 1.7593357140894221 0.64604619778810646 0.73322595998167139
decision_type=2 2 2 2 2 2 2 2 2 2 2 2 2 2
left_child=1 9 4 6 12 -5 -4 8 -3 13 -11 -9 -2 -1
right_child=2 7 3 5 -6 -7 -8 11 -10 10 -12 -13 -14 -15
leaf_value=0.0003742653860065648 0.00019646311672459477 -0.00013127603617559517 -0.0031894150297009805 -0.00090194843609077576 -0.00099640444478047959 0.0012585020786949268 0.00025739239969677595 0.00053064001235053376 0.001410394848979254 -0.00040847451852530329 0.0022896583761577954 0.0037042680845347717 0.0029816152357840077 -0.00095638833376704695
leaf_weight=294.79989311099052 240.45231977105141 18470.836254090071 100.03573432564735 240.54064598679543 746.47880357503891 4061.8367899954319 659.42890360951424 1508.7358615398407 329.43177428841591 301.55749547481537 144.02298074960709 67.598131328821182 114.02114501595497 3963.5874591469765
leaf_count=452 403 27232 139 387 1221 5857 965 2445 498 528 268 128 177 6167
internal_value=1.24305e-06 -0.000173002 0.000711812 0.000934152 -0.000301214 0.00113503 -0.000190669 -4.25998e-05 -0.000103583 -0.000735494 0.000447623 0.000677592 0.0011321 -0.00086179
internal_weight=31243.4 25080.6 6162.79 5061.84 1100.95 4302.38 759.465 20376.6 18800.3 4703.97 445.58 1576.33 354.473 4258.39
internal_count=46867 37718 9149 7348 1801 6244 1104 30303 27730 7415 796 2573 580 6619
is_linear=0
shrinkage=0.02


Tree=122
num_leaves=15
num_cat=0
split_feature=34 44 32 16 2 32 22 19 44 18 22 18 22 37
split_gain=9.30121 4.39822 2.59076 2.30992 2.2713 2.03122 2.14701 1.98142 1.94248 1.68781 2.03668 1.6695 1.46751 1.52868
threshold=0.75242927553243333 0.72770541381982679 0.95000000000000007 9.6633333333333358 14.780648148148151 0.55000000000000016 -1.4929416551946233 0.56275560353548582 2.1020982558139947 1.2021895162199316 0.74879451271723163 0.89711115706762101 1.0208221416163192 0.17631473697207503
decision_type=2 2 2 2 2 2 2 2 2 2 2 2 2 2
left_child=1 12 7 9 -4 8 -7 -3 -5 11 -11 -2 -1 -14
right_child=3 2 4 5 -6 6 -8 -9 -10 10 -12 -13 13 -15
leaf_value=-0.00090492472404664391 -0.00028036627822054219 -0.00038421661435362168 0.002560946845156324 -0.00031336901076017316 0.00021999522987631957 -0.00042657968105871448 0.0015189303496072825 0.00011138181198258868 0.001245131252793736 7.1881941499828859e-06 -0.0026027327487676529 0.0015133264529847157 -0.00072333311769223296 0.000846281556327928
leaf_weight=3698.6981402337551 308.31209290027618 8620.2469534873962 169.25454542040825 742.56866523623466 6472.8728513121605 242.23313868045807 2299.2808140516281 5114.2276710271835 550.43233403563499 1309.9344772100449 128.81048604846001 581.22233411669731 569.48374941945076 435.78593882918358
leaf_count=5784 459 12757 244 1127 9612 353 3324 7690 849 1963 204 870 884 747
internal_value=1.23922e-06 -0.000169507 -4.17075e-05 0.000697573 0.000281905 0.000999821 0.00132938 -0.000198956 0.000343263 0.000195071 -0.000222825 0.000881183 -0.000720731 -3.26456e-05
internal_weight=31243.4 25080.6 20376.6 6162.79 6642.13 3834.51 2541.51 13734.5 1293 2328.28 1438.74 889.534 4703.97 1005.27
internal_count=46867 37718 30303 9149 9856 5653 3677 20447 1976 3496 2167 1329 7415 1631
is_linear=0
shrinkage=0.02


Tree=123
num_leaves=15
num_cat=0
split_feature=34 50 50 13 22 23 15 4 14 30 19 13 16 27
split_gain=8.9319 3.33367 3.29828 3.17603 2.70475 2.64205 2.58225 2.35461 2.00561 1.98721 2.40468 1.98584 1.69873 1.68227
threshold=0.75242927553243333 1.1500000000000004 0.95000000000000007 1.8577993205358798 -1.299630375293334 0.83431615601114306 5.7036018366011856 40.889953415880271 11.500000000000002 -0.23622667526324861 1.7048414871364754 1.5444496586575707 3.0400000000000018 0.33447637887650994
decision_type=2 2 2 2 2 2 2 2 2 2 2 2 2 2
left_child=1 3 5 8 11 13 -6 -5 -1 12 -11 -4 -3 -2
right_child=2 9 4 7 6 -7 -8 -9 -10 10 -12 -13 -14 -15
leaf_value=-0.00036318630862612551 -0.0011814359362372128 0.0032352496401175279 -0.0006658754831598959 -0.00020174601724687609 -0.00088953709343583928 -0.00098281005086753239 0.0012146521030455602 0.0012537702889157158 -0.0010293471640124008 -0.00014250904437361679 0.00074078672276880044 0.0020284523559403597 0.00058572203506000167 0.0019149856597003182
leaf_weight=10037.290062904358 89.446135938167572 105.41660213470459 629.89730620384216 1036.6092897355556 240.54064598679543 746.47880357503891 4061.8367899954319 763.92790475487709 2237.0162380039692 8150.4220318198204 1450.1837840080261 129.56733173131943 1299.703936368227 265.02732884883881
leaf_count=15004 145 151 903 1741 387 1221 5857 1304 3205 12143 2240 201 1930 435
internal_value=1.21749e-06 -0.000166098 0.000683594 -0.000370118 0.000899813 -0.000301279 0.00109433 0.000410955 -0.000485558 9.39268e-05 -7.91821e-06 -0.000188961 0.000795921 0.00110335
internal_weight=31243.4 25080.6 6162.79 14074.8 5061.84 1100.95 4302.38 1800.54 12274.3 11005.7 9600.61 759.465 1405.12 354.473
internal_count=46867 37718 9149 21254 7348 1801 6244 3045 18209 16464 14383 1104 2081 580
is_linear=0
shrinkage=0.02


Tree=124
num_leaves=14
num_cat=0
split_feature=42 50 36 37 13 27 16 30 22 2 14 33 36
split_gain=8.68295 3.45959 3.28434 2.68676 2.4293 2.40996 2.3386 2.21876 2.2079 1.86438 1.72848 1.71084 0.747608
threshold=0.35000000000000003 1.3500000000000003 1.5277777777777779 0.38364323172120313 1.7345446330663032 0.3452594600880135 17.510000000000009 -0.51360491227287908 -0.71281259647571005 10.349071428571431 12.500000000000002 -0.34999999999999992 1.8944444444444446
decision_type=2 2 2 2 2 2 2 2 2 2 2 2 2
left_child=2 4 5 6 10 9 -3 -7 -5 -1 -2 -6 -4
right_child=1 3 12 8 11 7 -8 -9 -10 -11 -12 -13 -14
leaf_value=0.0017968270083674413 -7.755927527865948e-05 -0.00012726124195144498 0.004122300410294019 0.00021536074323847993 0.0030344543102644147 -0.0029466855103888996 0.0015676322007391337 -0.00024005823625994322 0.0010398208361085178 -0.0011335905134852433 -0.0013333953643356105 0.00054709982497334647 0.00079557866442347036
leaf_weight=86.523866534233093 5074.7505680918694 2659.7529459893703 73.907814204692841 1863.0010899305344 129.48445892333984 121.05173256993294 368.32466071844101 12938.661875754595 4571.2914709746838 1977.8942238688469 480.72574278712273 840.74133801460266 57.252403646707535
leaf_count=129 7523 4046 124 2695 206 200 554 19479 6625 3107 665 1409 105
internal_value=1.1874e-06 0.000327171 -0.000339797 0.000571496 -2.56394e-05 -0.000367869 7.6498e-05 -0.000266359 0.000802799 -0.00100431 -0.000188469 0.000894902 0.00277902
internal_weight=31243.4 15988.1 15255.3 9462.37 6525.7 15124.1 3028.08 13059.7 6434.29 2064.42 5555.48 970.226 131.16
internal_count=46867 23723 23144 13920 9803 22915 4600 19679 9320 3236 8188 1615 229
is_linear=0
shrinkage=0.02


Tree=125
num_leaves=14
num_cat=0
split_feature=44 34 50 19 34 2 40 1 32 47 40 43 22
split_gain=9.54269 3.85305 2.4053 2.41737 2.0585 1.9121 1.86899 2.25354 1.76313 1.57253 1.48887 1.18801 1.1602
threshold=1.8595607427822654 0.29283569883616478 0.45000000000000007 2.2575899438180822 2.4137646487890545 15.817145833333333 -0.019017452039343897 28.97483333333334 0.75000000000000011 1.6840328524886439 0.14744606625041923 0.75000000000000011 -0.18882809272845244
decision_type=2 2 2 2 2 2 2 2 2 2 2 2 2
left_child=1 6 10 -4 5 -2 9 -8 -7 -1 -3 12 -6
right_child=4 2 3 -5 11 8 7 -9 -10 -11 -12 -13 -14
leaf_value=-4.6561009074079314e-05 -0.0021287922643656869 -0.00049457098488827321 8.3279568982388901e-05 0.0010369547397503505 0.003320236892544503 0.0003266889530521326 -0.00084793659713241359 1.667737939342885e-05 0.0010911504917736363 -0.0021756157501737114 -0.0026372298721251903 0.0044518014206587977 -0.00031316668992907646
leaf_weight=5026.2335734367371 88.630455255508423 668.83888494968414 12270.884954720736 1166.4667112231255 60.336413204669952 2109.9426565170288 4634.2893278002739 1599.1495001018047 2974.3992657959461 141.20733088254929 165.68239653110504 93.058251053094864 69.895459026098251
leaf_count=7623 153 1034 18193 1750 104 3175 7184 2522 4231 215 247 141 122
internal_value=4.35076e-05 -0.000116867 0.000101566 0.000166952 0.000808103 0.00072362 -0.000391152 -0.000624587 0.000776127 -0.000107494 -0.000937208 0.00269713 0.00131932
internal_weight=31069 25672.8 14271.9 13437.4 5396.26 5172.97 11400.9 6233.44 5084.34 5167.44 834.521 223.29 130.232
internal_count=46694 38768 21224 19943 7926 7559 17544 9706 7406 7838 1281 367 226
is_linear=0
shrinkage=0.02


Tree=126
num_leaves=15
num_cat=0
split_feature=44 34 13 46 4 13 0 27 43 13 21 16 44 43
split_gain=9.16692 3.70072 2.9294 2.58498 2.39508 2.26747 3.57898 2.07793 2.7687 1.99726 1.90678 1.72693 1.53479 1.40844
threshold=1.8595607427822654 0.29283569883616478 2.1687485704780323 1.6833333333333336 23.224784267245479 0.14125109274087677 21.967650828072802 1.1622744028977923 0.19999999999999998 1.7345446330663032 1.1629811480458572 17.11000000000001 3.6731670969275649 -0.34999999999999992
decision_type=2 2 2 2 2 2 2 2 2 2 2 2 2 2
left_child=1 9 3 -3 -4 7 -7 13 -9 11 -11 -1 -8 -2
right_child=5 2 4 -5 -6 6 12 8 -10 10 -12 -13 -14 -15
leaf_value=-0.00056257175427359214 -0.0015522738773883114 0.00016559468284287626 -0.0020934689778476972 -0.00050877005307276197 0.00135017063523226 -0.00074838378230919099 0.0012974573372559954 -0.0020642840420738492 0.00023975884735586133 -1.1841007947989029e-05 0.001945443736871891 0.00054764979472429363 0.0042606821967373669 0.0011897694934756848
leaf_weight=9118.3588039875031 76.596874207258224 10232.008615374565 83.690865039825439 2919.9641726613045 1036.2092943489552 347.92961886525154 2707.9900584518909 261.33030956983566 981.76200556755066 1469.5129224658012 226.55235153436661 586.45565423369408 73.542551696300507 947.11108249425888
leaf_count=13735 116 15115 137 4275 1697 591 4028 389 1332 2566 367 876 113 1357
internal_value=4.26332e-05 -0.000114545 9.95146e-05 1.50593e-05 0.00108064 0.000792028 0.00114198 0.000303904 -0.000239117 -0.000383357 0.000245698 -0.000494353 0.0013824 0.000972226
internal_weight=31069 25672.8 14271.9 13152 1119.9 5396.26 3129.46 2266.8 1243.09 11400.9 1696.07 9704.81 2781.53 1023.71
internal_count=46694 38768 21224 19390 1834 7926 4732 3194 1721 17544 2933 14611 4141 1473
is_linear=0
shrinkage=0.02


Tree=127
num_leaves=15
num_cat=0
split_feature=47 13 21 36 2 15 1 24 2 13 27 2 26 30
split_gain=6.14992 5.05982 3.05897 3.28904 1.98195 2.34991 2.19142 1.91963 1.88545 1.83974 1.66272 2.39461 1.527 1.13083
threshold=1.1682477350538221 0.21054210210589464 1.1300136901774021 1.9500000000000002 29.963249999999999 13.999106504000485 31.962833333333339 0.85821986818972518 14.780648148148151 2.5501507561762131 0.79193122218815037 16.498875000000002 0.29285714285714287 0.23580899981552242
decision_type=2 2 2 2 2 2 2 2 2 2 2 2 2 2
left_child=7 4 3 -3 5 -2 -6 8 12 -10 11 -9 -1 -4
right_child=1 2 13 -5 6 -7 -8 10 9 -11 -12 -13 -14 -15
leaf_value=-0.00046707832831326351 6.6265614055307202e-05 0.00037710471375426295 0.0018011350488893491 0.0024046115646786503 -0.0012629316266427354 0.0018341268931392264 -0.00011553821443462703 -0.0018369469716275693 -0.00051701211257644715 0.00079818712635705547 -0.00015123630243658127 0.0014900369527991316 0.00063897924808195344 0.00030974572029267679
leaf_weight=818.94603186845779 3968.6406578123569 7452.1493632495403 1067.1338455677032 334.986192882061 942.72582918405533 324.94753271341324 2336.9490039348602 95.214593350887299 9988.9253518879414 436.80893647670746 1113.2865593731403 663.39367666840553 1251.6754992902279 273.23210623860359
leaf_count=1266 5594 11468 1631 528 1343 413 3354 158 15199 776 1670 1043 1840 411
internal_value=4.17849e-05 0.000303042 0.000620212 0.000466203 -7.79619e-05 0.000203181 -0.000448967 -0.000261188 -0.00035105 -0.000460807 0.000333109 0.00105558 0.000196672 0.00150548
internal_weight=31069 16700.8 9127.5 7787.14 7573.26 4293.59 3279.67 14368.3 12496.4 10425.7 1871.89 758.608 2070.62 1340.37
internal_count=46694 24742 14038 11996 10704 6007 4697 21952 19081 15975 2871 1201 3106 2042
is_linear=0
shrinkage=0.02


Tree=128
num_leaves=14
num_cat=0
split_feature=44 42 19 46 37 46 4 18 30 30 41 16 33
split_gain=8.64926 3.7763 3.07618 2.26666 2.12346 2.03504 1.85111 1.82276 1.81398 1.94782 1.75706 1.06604 0.990771
threshold=1.8946424518684022 0.35000000000000003 0.5030799570293355 1.6458333333333337 0.0019896142343955505 1.3875000000000002 20.338234555988919 0.76860663052758282 0.063066680763029265 0.37605460914503447 1.6993949489995537 9.9600000000000044 0.35000000000000003
decision_type=2 2 2 2 2 2 2 2 2 2 2 2 2
left_child=1 4 3 -3 11 12 -4 -6 10 -10 -7 -1 -2
right_child=5 2 6 -5 7 8 -8 -9 9 -11 -12 -13 -14
leaf_value=-0.0023413582726613986 -0.003536311236993443 5.7302653415714617e-05 -0.00243203062619634 -0.00086554433246479809 0.00086331415225226311 0.0012892415721461247 0.00060143529198925492 -0.00033421120542467478 4.1248639144036432e-05 0.0015523949136838782 -0.0010098396974596705 9.2163473190491895e-05 0
leaf_weight=303.53237426280975 59.177296340465546 6050.1559521853924 78.702815383672714 1286.2830937206745 522.84456148743629 2803.6410710215569 4689.5392647981644 13029.019837528467 1528.8879566192627 442.84013929963112 133.23960408568382 83.85488498210907 57.296328783035278
leaf_count=491 117 9052 115 1885 818 4099 7167 19656 2208 633 209 131 113
internal_value=4.0969e-05 -0.000105288 0.000152571 -0.000103327 -0.000329917 0.000800719 0.000548271 -0.000287151 0.000864311 0.00038694 0.00118092 -0.00179114 -0.00176422
internal_weight=31069 26043.9 12104.7 7336.44 13939.3 5025.08 4768.24 13551.9 4908.61 1971.73 2936.88 387.387 116.474
internal_count=46694 39315 18219 10937 21096 7379 7282 20474 7149 2841 4308 622 230
is_linear=0
shrinkage=0.02


Tree=129
num_leaves=14
num_cat=0
split_feature=44 42 31 14 44 34 25 32 31 1 21 46 23
split_gain=8.31401 3.73547 2.64305 2.71502 2.02933 1.88873 1.7164 1.7069 2.2823 1.70637 1.58251 1.13037 1.04812
threshold=1.8595607427822654 0.35000000000000003 2.1237862865880301 8.5000000000000018 0.5700522215856576 2.4137646487890545 2.1000000000000005 0.75000000000000011 1.4331081508618353 36.36716666666667 1.0173919740343982 0.95000000000000007 0.21769922283585505
decision_type=2 2 2 2 2 2 2 2 2 2 2 2 2
left_child=1 4 3 -3 12 7 -6 9 -9 -2 -7 -4 -1
right_child=5 2 11 -5 6 10 -8 8 -10 -11 -12 -13 -14
leaf_value=-0.0025982567957615445 0.00041487966099913737 0.00068906455991754286 5.4634024621206142e-05 -5.1373264389577618e-05 -0.00022371872317499577 0.004065379123438807 -0.0030220436286868537 0.0011653026924147499 -0.00066495765222215691 -0.0015731602308750822 0.0005434408698363946 0.0032975529973722929 -0.00082722390868974073
leaf_weight=154.11234346032143 1982.0034748315811 2522.6194016337395 69.152079164981842 9111.1493126451969 12154.500720083714 124.06680560112 86.96243217587471 2710.8025146126747 294.43061983585358 185.73576828837395 99.223317682743073 148.87039399147034 1425.3859964907169
leaf_count=251 2989 3997 129 13466 18188 192 131 3857 428 285 175 264 2342
internal_value=4.01466e-05 -0.000109525 0.000150403 0.000108412 -0.000333132 0.00075384 -0.000244905 0.000672836 0.000982339 0.000238639 0.00256344 0.00232426 -0.00100941
internal_weight=31069 25672.8 11851.8 11633.8 13821 5396.26 12241.5 5172.97 3005.23 2167.74 223.29 218.022 1579.5
internal_count=46694 38768 17856 17463 20912 7926 18319 7559 4285 3274 367 393 2593
is_linear=0
shrinkage=0.02


Tree=130
num_leaves=12
num_cat=0
split_feature=37 16 14 37 14 16 40 19 32 33 37
split_gain=5.08919 2.94695 2.19167 2.69104 2.17369 2.13782 1.90347 1.60554 1.53038 1.51102 1.31657
threshold=0.95519641350972539 18.060000000000006 10.500000000000002 0.35196433210329797 13.500000000000002 18.390000000000004 -0.016649097824924398 0.36199141075567814 0.55000000000000016 0.19999999999999998 1.8976714879618195
decision_type=2 2 2 2 2 2 2 2 2 2 2
left_child=1 2 3 -1 8 -3 -4 -7 9 -2 -10
right_child=4 5 6 -5 -6 7 -8 -9 10 -11 -12
leaf_value=-0.0002560975875776835 0.0012831363813853875 0.0027203241813619095 -0.00011270175183605071 0.0002505487780104439 -0.002144035899670339 -0.00018030756548204112 -0.00075335956027925918 0.00092143802016270539 0.00083106771028701259 -8.3464569334607453e-05 0.0021583373960627917
leaf_weight=9343.3219898939133 422.65869137644768 174.6591078042984 3694.8103058636189 7597.417162746191 105.73355993628502 961.45123615860939 3812.472208827734 1139.7356297373772 2233.1451450288296 1313.8235400319099 360.18540754914284
leaf_count=14326 661 255 5300 11507 147 1452 5580 1750 3260 1952 551
internal_value=1.32425e-05 -9.05753e-05 -0.000154994 -2.82888e-05 0.000640751 0.000596568 -0.000439497 0.00041286 0.000712022 0.000244507 0.00102079
internal_weight=31159.4 26723.9 24448 16940.7 4435.55 2275.85 7507.28 2101.19 4329.81 1736.48 2593.33
internal_count=46741 40170 36713 25833 6571 3457 10880 3202 6424 2613 3811
is_linear=0
shrinkage=0.02


Tree=131
num_leaves=15
num_cat=0
split_feature=34 13 50 23 51 32 31 14 31 5 4 22 33 22
split_gain=6.27258 4.52368 2.91402 2.59839 2.4148 2.18183 2.05684 2.03867 1.47186 1.26877 3.3926 1.38249 1.21563 1.62672
threshold=0.71506597382476833 2.1872285726798935 0.95000000000000007 0.84841465464970378 -0.54999999999999993 0.75000000000000011 1.4480358184864797 13.500000000000002 2.0873959220203924 31.446746366239584 31.636337005978408 -0.75972936571076299 -0.34999999999999992 2.4801841982480197
decision_type=2 2 2 2 2 2 2 2 2 2 2 2 2 2
left_child=1 3 9 5 -5 -1 7 -4 -8 11 -11 -2 -3 -14
right_child=2 12 6 4 -6 -7 8 -9 -10 10 -12 -13 13 -15
leaf_value=-0.00077329514727101734 0.0033043160729033616 0.0020012599103116364 0.00094732809149205286 -0.0017344199226038929 -5.1912607185398876e-06 -0.00012703962807400059 -0.00075359204991146957 -0.0015801779306586232 0.0018101450580232518 -0.0049592908412629975 -0.00032380184771412998 9.1231783156201844e-06 0.00040580053829832014 0.0031106269587678381
leaf_weight=4837.1313831806183 67.559093743562698 282.952088534832 4844.2212157249451 329.34692490100861 13384.607471048832 3753.0097138881683 533.24910464882851 126.45148134231567 104.21213895082474 66.520039111375809 923.62649103999138 213.59688878059387 1598.937429279089 93.992520779371262
leaf_count=7169 104 457 7002 468 20064 5551 783 172 171 101 1515 330 2682 172
internal_value=1.29772e-05 -0.000137747 0.000546276 -0.000219371 -4.76954e-05 -0.000492207 0.000742743 0.000880409 -0.000314484 -0.000312352 -0.000654672 0.000853989 0.000777863 0.000565367
internal_weight=31159.4 24280 6879.44 22304.1 13714 8590.14 5608.13 4970.67 637.461 1271.3 990.147 281.156 1975.88 1692.93
internal_count=46741 36563 10178 33252 20532 12720 8128 7174 954 2050 1616 434 3311 2854
is_linear=0
shrinkage=0.02


Tree=132
num_leaves=14
num_cat=0
split_feature=34 34 19 37 15 15 0 27 47 21 30 33 3
split_gain=6.02343 2.55681 3.37978 3.0648 2.24664 1.98797 1.52947 1.46078 1.4187 1.37389 1.0319 0.684749 0.62893
threshold=0.71506597382476833 0.29009663342637554 2.2139228185846709 0.23250067622593837 13.6766766891931 3.8944811375901822 13.84048608128291 1.1856904713293663 3.3658780001312776 1.0417550794733375 -0.056222145836683647 0.25000000000000006 32.778066887106171
decision_type=2 2 2 2 2 2 2 2 2 2 2 2 2
left_child=1 4 3 -3 6 12 -1 -4 10 -6 -7 -10 -2
right_child=5 2 7 -5 9 8 -8 -9 11 -11 -12 -13 -14
leaf_value=0.00042656895378992697 -0.00037937769863796196 0.00095153223574812788 0.00067574700421845282 -0.0001490305656988315 0.0002148643998451685 0.00082289470526001511 -0.00051863666220427704 0.0023829800942268744 0.0033787496637393576 0.002397852823385358 0.00029856397038151332 0.001231108691492031 -0.0034707780216215512
leaf_weight=725.05861288309097 62.969199389219284 1115.4327446520329 881.70190161466599 10656.134225428104 1047.6682967245579 2574.9076521992683 9452.589270055294 271.26326259970665 90.169461756944656 130.12921765446663 3827.6212745010853 266.11674433946609 57.652121156454086
leaf_count=1114 103 1649 1316 15743 1578 3792 14568 403 136 192 5648 396 103
internal_value=1.27065e-05 -0.000134988 5.67225e-05 -4.37518e-05 -0.00035404 0.000535313 -0.000450247 0.0010895 0.000582091 0.000468184 0.000511187 0.00181837 -0.001971
internal_weight=31159.4 24280 12924.5 11771.6 11355.4 6879.44 10177.6 1152.97 6758.82 1177.8 6402.53 356.286 120.621
internal_count=46741 36563 19111 17392 17452 10178 15682 1719 9972 1770 9440 532 206
is_linear=0
shrinkage=0.02


Tree=133
num_leaves=15
num_cat=0
split_feature=44 13 23 42 22 34 1 15 2 50 22 15 13 47
split_gain=7.11627 4.45211 2.97075 4.63472 1.94615 1.91201 1.69728 2.62531 2.55608 1.64403 1.1901 1.5369 0.838549 0.54805
threshold=1.3502195778342745 2.2092548836962744 0.76826248265433972 1.4500000000000002 -2.3532956807667258 0.29283569883616478 25.433333333333337 6.3195089776666711 15.817145833333333 1.0500000000000003 1.8211720069552084 2.7005166739282065 2.7393326592517702 2.1207209544692067
decision_type=2 2 2 2 2 2 2 2 2 2 2 2 2 2
left_child=1 6 3 5 13 -2 8 -8 -1 -6 11 -3 -12 -4
right_child=2 10 4 -5 9 -7 7 -9 -10 -11 12 -13 -14 -15
leaf_value=9.355415433883506e-06 -0.0019947386059360962 -0.0019910553819255479 0.0032692104694934006 0.0035715851245313808 8.342931929831014e-05 -0.0002008919801990327 0.0011604292833629999 -0.00021536957759059724 -0.00069363942120322087 0.00064656803342761845 0.0035705914391723466 0.00077669830309268055 0.00056130612449276616 0.00077690815992733492
leaf_weight=2828.4840516149998 264.06324037909508 82.330682963132858 130.44827657938004 121.86048999428749 2974.7041610777378 2459.4792410731316 612.44483703374863 5625.8935646116734 7427.9504081904888 7192.6126789152622 100.18142253160477 1199.0339372158051 73.433920383453369 66.493072390556335
leaf_count=4163 423 154 193 164 4603 3541 923 8634 11152 10376 159 2010 142 104
internal_value=1.24951e-05 -0.000246447 0.000365096 -0.000204692 0.0005225 -0.000379821 -0.000340447 -7.83703e-05 -0.000498831 0.00048284 0.000811352 0.000588246 0.00237559 0.00249427
internal_weight=31159.4 17949.8 13209.7 2845.4 10364.3 2723.54 16494.8 6238.34 10256.4 10167.3 1454.98 1281.36 173.615 196.941
internal_count=46741 27337 19404 4128 15276 3964 24872 9557 15315 14979 2465 2164 301 297
is_linear=0
shrinkage=0.02


Tree=134
num_leaves=15
num_cat=0
split_feature=50 34 23 41 15 0 24 19 50 0 19 25 47 0
split_gain=5.75151 5.00447 3.04785 2.55041 2.14207 1.96179 2.34674 1.95608 1.94405 1.91495 1.67206 1.10773 0.910807 0.763169
threshold=0.95000000000000007 0.55123190551456813 0.44418939301367194 1.8488981699253932 3.4306925405726432 35.85050632907781 1.4243126031923665 -1.0829461385035193 1.0000000180025095e-35 16.734602086435135 1.1659408786102772 0.90000000000000013 0.51469610910092622 34.535703996758237
decision_type=2 2 2 2 2 2 2 2 2 2 2 2 2 2
left_child=2 3 9 4 -2 6 -3 -5 13 12 -10 -11 -1 -4
right_child=1 5 8 7 -6 -7 -8 -9 10 11 -12 -13 -14 -15
leaf_value=-0.0012905338436066274 0.0013045038328587547 0.00053821208805738304 0.0017251442619826008 -0.00147229446508298 -0.00017340454224100852 -0.00091090350675257297 0.0016789273929469024 0.0016988052533321036 -0.00045008797782880659 -0.0015304979934454707 0.00013536873397047052 -0.0037823107743936747 0.00058052865845192425 -0.00040421978753499266
leaf_weight=172.85762628912926 404.06880167126656 7106.0255520939827 272.72059255838394 86.740969985723495 10686.36561062932 325.61601611971855 814.21429836750031 511.7331959605217 6956.0927734971046 707.36407253146172 2678.4763104319572 109.01900073885918 249.09689563512802 79.022268444299698
leaf_count=269 646 10378 453 135 16007 470 1124 839 10566 1072 4125 159 384 114
internal_value=1.22829e-05 0.000216482 -0.000349454 -4.88938e-05 -0.000118431 0.000593798 0.000657136 0.00121917 -0.000232043 -0.00128633 -0.000286295 -0.00185193 -0.000164854 0.00121891
internal_weight=31159.4 19934.8 11224.6 11688.9 11090.4 8245.86 7920.24 598.474 9986.31 1238.34 9634.57 816.383 421.955 351.743
internal_count=46741 29599 17142 17627 16653 11972 11502 974 15258 1884 14691 1231 653 567
is_linear=0
shrinkage=0.02


Tree=135
num_leaves=15
num_cat=0
split_feature=42 12 44 19 1 2 2 47 30 18 27 14 3 37
split_gain=4.17097 2.97526 2.68074 2.70422 2.31936 2.36765 2.09906 1.86018 1.8226 1.66102 1.49287 1.24137 0.972829 0.932056
threshold=0.35000000000000003 19.674942222787664 1.3800372523707047 3.0810629760021295 38.674666666666674 37.888750000000009 37.888750000000009 1.5154872803674502 -0.3109752561424487 1.5562889677745402 1.279171214910779 9.5000000000000018 49.040615838299225 0.029875317975141903
decision_type=2 2 2 2 2 2 2 2 2 2 2 2 2 2
left_child=1 4 3 10 5 -1 7 -4 -3 -5 -2 -8 -6 -10
right_child=2 8 6 9 12 -7 11 -9 13 -11 -12 -13 -14 -15
leaf_value=-0.00036369435200236027 -9.8129838468333631e-05 -0.0022038088064631699 0.001099609804268158 0.002840821974919347 0.0004054303086604013 -0.0035162437894799775 -0.00016529544791358901 0.00035412532379173231 -0.0010413345111100192 0 -0.0022379697126227037 -0.003198901662695759 0.0034479446765990564 0.00079509891183418839
leaf_weight=13053.046912789345 7248.0062724351883 90.105361700057983 1723.054966956377 200.07197791337967 101.48043432831764 94.813579469919205 148.8137903213501 6386.5966608524323 112.60314604640007 128.70432814955711 131.43288812041283 90.326817542314529 82.997805207967758 1577.3546492159367
leaf_count=19832 11058 135 2536 314 153 146 218 9112 175 216 203 123 138 2361
internal_value=-1.39785e-05 -0.000252741 0.000210119 -5.76745e-05 -0.000355732 -0.00038772 0.000458517 0.000513983 0.000512563 0.00170924 -0.000138193 -0.00136963 0.0018502 0.000665739
internal_weight=31169.4 15112.4 16057 7708.22 13332.3 13147.9 8348.79 8109.65 1780.06 328.776 7379.44 239.141 184.478 1689.96
internal_count=46720 22940 23780 11791 20269 19978 11989 11648 2671 530 11261 341 291 2536
is_linear=0
shrinkage=0.02


Tree=136
num_leaves=15
num_cat=0
split_feature=1 6 18 25 6 23 15 4 23 22 23 23 26 2
split_gain=4.0035 3.0026 1.90652 1.87908 2.10687 1.95948 1.75233 1.72354 1.68771 1.64467 1.54695 1.40093 1.3181 1.45485
threshold=25.433333333333337 1.5000000000000002 0.79885623556302565 1.3666666666666669 5.5000000000000009 0.76826248265433972 8.9700856214953522 49.03465348178851 1.0233299473651112 1.2379794766426715 1.0060528543659066 1.3874353282437648 0.47222222222222227 16.389708333333335
decision_type=2 2 2 2 2 2 2 2 2 2 2 2 2 2
left_child=2 8 12 4 -3 -5 7 -4 10 -10 -2 -8 13 -1
right_child=1 3 6 5 -6 -7 11 -9 9 -11 -12 -13 -14 -15
leaf_value=0.00034241992582578008 -0.00080376691605488345 0.00053110190923317982 -0.00046781505653245104 -0.0013976306963188042 -0.00060604842594324669 8.6736337556295488e-05 5.755981008960266e-05 0.0010046477193038652 0.00070961586218068766 -0.00077549316579450349 -0.0039002097707810952 0.0024126448331545001 0.0012192506423176835 -0.0019255872209393364
leaf_weight=628.22184982895851 1068.6808467805386 9599.6448769271374 10945.197758555412 398.47761663794518 689.46412318944931 3124.5264334082603 2325.2063616216183 321.5055718421936 684.938770622015 523.45232480764389 69.287881463766098 104.26971536874771 550.98070034384727 135.5547596514225
leaf_count=951 1560 14632 16397 588 993 4613 3425 497 1029 788 100 147 800 200
internal_value=-1.37159e-05 0.000204401 -0.000249169 0.000317201 0.000453828 -7.90173e-05 -0.000319452 -0.000424739 -0.000455057 5.78143e-05 -0.00100759 0.000164651 0.000474764 -5.10242e-05
internal_weight=31169.4 16158.5 15010.9 13812.1 10289.1 3523 13696.2 11266.7 2346.36 1208.39 1137.97 2429.48 1314.76 763.777
internal_count=46720 24303 22417 20826 15625 5201 20466 16894 3477 1817 1660 3572 1951 1151
is_linear=0
shrinkage=0.02


Tree=137
num_leaves=15
num_cat=0
split_feature=50 1 30 2 36 1 12 0 51 42 0 22 22 12
split_gain=5.8982 2.65815 2.90922 2.13071 1.90844 1.89318 1.97317 1.67788 1.60643 2.6874 1.87234 1.42845 1.68574 1.49471
threshold=1.4500000000000002 25.433333333333337 0.16150689832381335 36.767500000000005 0.23611111111111113 13.806500000000003 20.10868634568331 23.773466270509378 0.45000000000000001 0.35000000000000003 17.225231989866867 -0.94504039914697813 -1.9480125067038594 17.557378336462069
decision_type=2 2 2 2 2 2 2 2 2 2 2 2 2 2
left_child=1 8 3 -3 5 -2 -7 -4 9 -1 -10 12 -6 -13
right_child=4 2 7 -5 11 6 -8 -9 10 -11 -12 13 -14 -15
leaf_value=-0.00041945950235761298 0.0020517695029279807 0.00030894992471253087 0.00071342996907962895 -0.0011541308378150165 0.00087321710209160061 -0.00044453388478286562 0.0024823150758477696 -0.00079336083016169634 -0.00016933650430623067 0.00056888816880157258 -0.00092754457145173531 -0.00013416700736134738 -0.00039690829403637691 0.00082798789120672699
leaf_weight=4371.8595286607742 145.03733846545219 7287.75962844491 337.54448869824409 416.81634396314621 648.41377472877502 1871.4622456133366 94.15071240067482 2025.1695819795132 2117.8712094128132 1462.2837967276573 3543.4497081637383 721.76143538951874 1162.2948576509953 4963.5349407494068
leaf_count=6409 212 11110 547 659 943 2840 139 3057 3318 2054 5442 1047 1690 7253
internal_value=-1.34333e-05 -0.000197378 3.90063e-05 0.000228221 0.000398357 -0.000128963 -0.000296878 -0.000573446 -0.000405235 -0.000169914 -0.000645829 0.000548163 5.28679e-05 0.000704078
internal_weight=31169.4 21562.8 10067.3 7704.58 9606.66 2110.65 1965.61 2362.71 11495.5 5834.14 5661.32 7496.01 1810.71 5685.3
internal_count=46720 32596 15373 11769 14124 3191 2979 3604 17223 8463 8760 10933 2633 8300
is_linear=0
shrinkage=0.02


Tree=138
num_leaves=15
num_cat=0
split_feature=42 32 44 19 12 12 2 20 43 15 18 23 12 19
split_gain=3.84472 2.94744 2.50444 2.58316 2.09394 2.15528 2.00637 1.96459 1.84733 1.77434 1.604 1.59402 2.10384 1.53941
threshold=0.35000000000000003 0.55000000000000016 1.3800372523707047 3.0810629760021295 19.674942222787664 19.767461702905191 37.888750000000009 -0.20471109397908901 1.0000000180025095e-35 13.279865858295151 1.5562889677745402 0.86525347875473535 19.688574726264992 2.4098769561407498
decision_type=2 2 2 2 2 2 2 2 2 2 2 2 2 2
left_child=1 4 3 8 9 -6 7 -4 -2 -1 -5 13 -13 -3
right_child=2 11 6 10 5 -7 -8 -9 -10 -11 -12 12 -14 -15
leaf_value=-0.00085742530460364492 0.0009575210100947637 -0.00027403470132865405 9.6811799605703243e-05 0.0027821808266593551 0.0029476210556196175 -4.3371089749162748e-05 -0.0013451182607828601 0.00074144788188372642 -0.0002279776290310994 0.00030242885802162606 0 5.2316996872543929e-05 0.0012779427530644465 -0.0028384434367361351
leaf_weight=4659.8671931326389 565.48092746734619 3496.2648508250713 3100.1747707724571 200.07197791337967 112.20963096618652 578.11619958281517 239.14060786366463 5009.4768570363522 6813.9582330882549 580.18027612566948 128.70432814955711 4957.5312449336052 632.87548649311066 95.357006698846817
leaf_count=7140 865 5213 4505 314 177 863 341 7143 10396 928 216 7506 959 154
internal_value=-1.31602e-05 -0.000242407 0.000201981 -5.6821e-05 -0.000589924 0.000435469 0.000442079 0.000496332 -0.000135544 -0.000727032 0.00167004 -1.67885e-05 0.000193262 -0.000346444
internal_weight=31169.4 15112.4 16057 7708.22 5930.37 690.326 8348.79 8109.65 7379.44 5240.05 328.776 9182.03 5590.41 3591.62
internal_count=46720 22940 23780 11791 9108 1040 11989 11648 11261 8068 530 13832 8465 5367
is_linear=0
shrinkage=0.02


Tree=139
num_leaves=15
num_cat=0
split_feature=42 12 24 27 44 1 2 19 30 13 13 16 34 24
split_gain=3.69236 2.73025 2.67883 2.47334 3.38528 2.22326 2.27883 2.15858 1.75498 1.32124 1.38567 1.23755 0.958379 0.632361
threshold=0.35000000000000003 19.674942222787664 1.4068528179905084 0.98937765913252196 1.1963838433635618 38.674666666666674 37.888750000000009 -0.29861190832282242 -0.3109752561424487 0.13225278764451434 1.3932285758635932 11.322500000000003 0.23932459734806485 1.1128454638082939
decision_type=2 2 2 2 2 2 2 2 2 2 2 2 2 2
left_child=1 5 3 4 -2 6 -1 -5 -3 11 -11 -4 -10 -7
right_child=2 8 9 7 -6 13 -8 -9 12 10 -12 -13 -14 -15
leaf_value=-0.00034398237034870575 -9.110816582709447e-05 -0.0021697766301144957 0.0017006729310949226 -0.001026593892850999 0.00060946639834475759 0.00048978915464860905 -0.0034366147996073601 2.181800051678469e-06 9.6496440175604468e-05 0.0022548597619917996 0.00051750005563857085 -0.00034264515049821912 0.001071084962080425 0.0029923394089067376
leaf_weight=13053.046912789345 5321.7437578141689 90.105361700057983 167.20409628748894 1193.3290527462959 5678.8503085970879 91.476527065038681 94.813579469919205 2508.8324485421181 748.57712441682816 479.65477210283279 327.22596487402916 380.16730132699013 941.38067084550858 93.001712471246719
leaf_count=19832 8217 135 227 1710 8263 150 146 3656 1140 687 509 511 1396 141
internal_value=-1.28795e-05 -0.000237544 0.000197949 0.000118711 0.000269686 -0.000336226 -0.000367564 -0.000327102 0.000495505 0.0010494 0.00156567 0.000267238 0.00064592 0.0018236
internal_weight=31169.4 15112.4 16057 14702.8 11000.6 13332.3 13147.9 3702.16 1780.06 1354.25 806.881 547.371 1689.96 184.478
internal_count=46720 22940 23780 21846 16480 20269 19978 5366 2671 1934 1196 738 2536 291
is_linear=0
shrinkage=0.02


Tree=140
num_leaves=15
num_cat=0
split_feature=34 32 14 3 49 13 12 4 34 13 12 4 47 13
split_gain=6.41944 3.28709 2.8123 2.3425 2.03171 1.98256 2.34654 1.96807 1.88884 1.79499 2.30465 1.59032 1.24881 0.778574
threshold=0.23132363433913131 0.95000000000000007 12.500000000000002 39.691299681475989 2.7500000000000004 1.0000000180025095e-35 17.753074439189231 31.512829177619299 0.63848414453448632 1.4461028543252763 18.75182374705933 40.586784260689448 1.4227534854216985 1.3253763719364138
decision_type=2 2 2 2 2 2 2 2 2 2 2 2 2 2
left_child=7 2 4 -4 -2 6 -3 12 -7 10 -9 -11 13 -1
right_child=1 5 3 -5 -6 8 -8 9 -10 11 -12 -13 -14 -15
leaf_value=-0.00063291525692281425 4.5479896765057939e-05 -0.00112510527670509 5.3709882333501201e-06 -0.001834654593663774 0.0011762683180268003 0.00050982778451019869 0.00041383277353111768 -0.00090637440535557359 0.0014323862545903814 -0.00046162623561631381 -7.850826503480213e-05 0.00082947160982058718 -0.0035018082980016203 -0.0015815412665315426
leaf_weight=1278.7563153207302 13842.712172210217 482.68329659104347 513.90011557936668 571.67375898361206 665.84326431155205 2562.3831567466259 2140.1125601232052 2558.8143750727177 1406.2764662802219 636.78212240338326 2895.3993645906448 924.6809920668602 79.394675731658936 514.5846021771431
leaf_count=1947 20691 674 702 790 1019 3937 3027 3870 2100 1033 4304 1595 117 856
internal_value=7.67631e-07 0.000183041 2.40763e-05 -0.000956002 9.82195e-05 0.000557484 0.000126165 -0.000453004 0.000839807 -0.000297071 -0.00046892 0.000296634 -0.00103089 -0.000912144
internal_weight=31074 22185.6 15594.1 1085.57 14508.6 6591.46 2622.8 8888.41 3968.66 7015.68 5454.21 1561.46 1872.74 1793.34
internal_count=46662 32940 23202 1492 21710 9738 3701 13722 6037 10802 8174 2628 2920 2803
is_linear=0
shrinkage=0.02


Tree=141
num_leaves=15
num_cat=0
split_feature=34 50 51 0 23 4 13 30 15 15 4 31 47 19
split_gain=6.16814 3.74243 2.17835 2.57286 2.55609 1.8913 1.72386 1.6338 2.21971 2.11202 1.52779 1.29997 1.19987 0.941629
threshold=0.23132363433913131 1.2500000000000002 4.1633363423443376e-17 34.841284215366777 1.2562634629244569 31.512829177619299 1.4461028543252763 -0.23622667526324861 9.2165322073272655 9.6961523458836982 40.586784260689448 1.2300834726049761 1.4227534854216985 2.8299536184640961
decision_type=2 2 2 2 2 2 2 2 2 2 2 2 2 2
left_child=5 2 3 -2 -4 12 11 8 -3 -9 -8 -7 13 -1
right_child=1 7 4 -5 -6 6 10 9 -10 -11 -12 -13 -14 -15
leaf_value=-0.0010072842137553613 0.00046359166081204274 0.0022959112433568137 -8.6386479012988504e-05 -0.001576244059022188 -0.0010142560666957479 -0.00029828473453796648 -0.00045242265370289017 -2.0744583638440176e-06 0.00053765352463348479 0.00060263003056444057 0.00081291797935149413 -0.0010666506833511018 -0.0034334931038685289 0.00094651069230319992
leaf_weight=1695.3884147405624 3512.8251946270466 426.42325845360756 6122.8588687479496 262.33748197555542 1481.0822400152683 4324.6001237928867 636.78212240338326 3916.9700988829136 945.47144517302513 5517.6162029504776 924.6809920668602 1129.6136158704758 79.394675731658936 97.952502757310867
leaf_count=2642 5248 620 9262 400 2291 6482 1033 5824 1348 7947 1595 1692 117 161
internal_value=7.32058e-07 0.000179409 -7.2976e-05 0.000318436 -0.000268649 -0.000444062 -0.000291162 0.000446056 0.00109399 0.000350567 0.000290583 -0.000459585 -0.0010106 -0.000894062
internal_weight=31074 22185.6 11379.1 3775.16 7603.94 8888.41 7015.68 10806.5 1371.89 9434.59 1561.46 5454.21 1872.74 1793.34
internal_count=46662 32940 17201 5648 11553 13722 10802 15739 1968 13771 2628 8174 2920 2803
is_linear=0
shrinkage=0.02


Tree=142
num_leaves=15
num_cat=0
split_feature=44 12 14 21 12 0 40 31 3 40 46 32 43 5
split_gain=5.38526 2.11689 1.99941 2.40903 2.84058 2.19991 3.15863 2.10254 1.74158 1.57109 1.33808 1.28763 1.18631 1.00583
threshold=1.151055361359768 17.782583576402672 11.500000000000002 0.81358144029123391 19.338957048606854 25.226572761936474 -0.10841355511814683 1.093833261135051 39.691299681475989 -0.15385462306966247 1.7071428571428573 1.6500000000000001 0.25000000000000006 20.183555760831855
decision_type=2 2 2 2 2 2 2 2 2 2 2 2 2 2
left_child=1 9 3 7 -5 8 -7 -2 -4 12 11 -3 -1 -11
right_child=2 10 5 4 -6 6 -8 -9 -10 13 -12 -13 -14 -15
leaf_value=0.0028215356468961924 -0.0010288764423130724 -0.000179888841407962 0.0011370531655009938 0.00025781199038250115 0.00098601666194439875 0.0006026681064041806 -0.0011735218932925786 0.0010232014498490882 -0.000613282868257514 0.0010974232096379033 0.0023523317408796923 -0.0018255035163890041 -0.00046535150133511575 -0.0011537390861128172
leaf_weight=73.26901638507843 867.27931171655655 11378.823938220739 640.99042743444443 10658.708623498678 2704.6668474376202 561.29609608650208 1338.7488829195499 253.07824802398682 342.11432409286499 76.953659266233444 79.618624627590179 193.04781383275986 94.739631026983261 1810.6617936193943
leaf_count=112 1352 17452 891 15841 4002 780 1859 377 520 121 144 312 145 2754
internal_value=6.87454e-07 -0.000295328 0.000234906 0.000330939 0.00040607 -0.000243954 -0.000643475 -0.000555424 0.000517787 -0.000888081 -0.000189759 -0.000208517 0.000925578 -0.00105561
internal_weight=31074 13707.1 17366.9 14483.7 13363.4 2883.15 1900.04 1120.36 983.105 2055.62 11651.5 11571.9 168.009 1887.62
internal_count=46662 21040 25622 21572 19843 4050 2639 1729 1411 3132 17908 17764 257 2875
is_linear=0
shrinkage=0.02


Tree=143
num_leaves=15
num_cat=0
split_feature=50 16 30 27 30 47 14 0 2 42 36 42 43 18
split_gain=5.85849 2.27896 2.87514 2.72764 2.26542 2.10833 1.98906 1.9183 1.83481 2.00855 1.7213 1.64329 1.70593 1.68096
threshold=1.2500000000000002 9.1225000000000005 0.14088726386975467 1.0304378791504363 -0.21669459599340501 1.7872177761750601 11.500000000000002 14.184167513905194 24.961000000000002 0.35000000000000003 1.5277777777777779 1.0000000180025095e-35 0.35000000000000003 1.9217231903867831
decision_type=2 2 2 2 2 2 2 2 2 2 2 2 2 2
left_child=6 4 5 -4 -2 -3 8 -6 9 -1 -10 13 -13 -8
right_child=1 2 3 -5 7 -7 11 -9 10 -11 -12 12 -14 -15
leaf_value=-0.00054418628711852513 0.00097360958261699649 0.00044410664561827677 0.00084327888194583151 -0.00061020065335469292 0.0013449913190238638 0.0012293691045444338 -0.000890750473279171 -0.0002971408891002138 2.9462056662954405e-05 0.00015484776650370242 0.0016445142142749204 -0.00016833819423260442 -0.0013426707018597541 -0.0036231985203441343
leaf_weight=5820.1846199631691 799.8315524160862 3385.6559769809246 811.24344551563263 1407.7690020799637 302.15841284394264 2368.0566136240959 270.22505784034729 4111.9179379343987 6682.5994110107422 2262.6001450419426 273.60475206375122 1724.8638386428356 706.97844842076302 146.30802381038666
leaf_count=8875 1191 5109 1227 2024 438 3336 388 6149 10349 3395 467 2471 1013 230
internal_value=6.78643e-07 0.000320811 0.000533398 -7.40432e-05 -2.42564e-06 0.00076935 -0.000234774 -0.000181909 -0.000142112 -0.00034728 9.48776e-05 -0.000720065 -0.000514668 -0.00188715
internal_weight=31074 13186.6 7972.73 2219.01 5213.91 5753.71 17887.4 4414.08 15039 8082.78 6956.2 2848.38 2431.84 416.533
internal_count=46662 19474 11696 3251 7778 8445 27188 6587 23086 12270 10816 4102 3484 618
is_linear=0
shrinkage=0.02


Tree=144
num_leaves=15
num_cat=0
split_feature=34 50 23 22 12 5 23 34 15 20 44 13 47 50
split_gain=5.69103 3.42491 2.05575 1.90401 1.84876 1.90692 1.97683 1.65569 1.53158 1.53116 1.52706 2.61106 1.39203 1.24257
threshold=0.23132363433913131 1.2500000000000002 1.2562634629244569 -1.8303251690205347 18.083869787595827 39.046549923405429 0.78502464988273191 0.14509732577207637 3.9634380901621729 4.4812385397745578 1.7081408479831268 0.036318817743398811 0.44827440520904421 1.5500000000000003
decision_type=2 2 2 2 2 2 2 2 2 2 2 2 2 2
left_child=4 2 3 -2 7 -6 -7 8 -1 -4 12 -12 -3 -9
right_child=1 10 9 -5 5 6 -8 13 -10 -11 11 -13 -14 -15
leaf_value=0.00015648129610468977 -0.00077882130655377647 0.0029756760706707215 -0.00075031622022400343 0.00016058969771879703 -0.00063381645337167835 -0.00070426613318647503 0.00031822800957300433 -0.0006288336512197786 -0.0018567854617142616 0.0015418603914878835 0.00012825864775422511 0.0010998364676059289 0.00018439233821733 0.0015247673600688758
leaf_weight=171.52255150675774 960.37050107121468 70.898281931877136 2070.9125809073448 8228.7951377928257 3133.7391675114632 1044.3094688057899 2718.7759091854095 828.68648341298103 872.25713333487511 119.02556559443474 1903.9910188317299 2727.6912920773029 6103.9004126191139 119.12173360586166
leaf_count=275 1449 109 3197 12384 4765 1637 4248 1259 1354 171 2579 3939 9112 184
internal_value=6.64026e-07 0.000172304 -6.91031e-05 6.11746e-05 -0.000426569 -0.000269399 3.15921e-05 -0.000965012 -0.00151672 -0.000619879 0.000427394 0.000702826 0.000219014 -0.000344997
internal_weight=31074 22185.6 11379.1 9189.17 8888.41 6896.82 3763.09 1991.59 1043.78 2189.94 10806.5 4631.68 6174.8 947.808
internal_count=46662 32940 17201 13833 13722 10650 5885 3072 1629 3368 15739 6518 9221 1443
is_linear=0
shrinkage=0.02


Tree=145
num_leaves=14
num_cat=0
split_feature=50 34 6 32 27 20 51 47 36 40 36 22 34
split_gain=5.07875 3.5413 2.90865 2.67494 2.56279 2.40819 1.92056 1.83443 1.6858 1.38196 1.12127 0.82544 0.631807
threshold=0.75000000000000011 0.75242927553243333 3.5000000000000004 0.45000000000000007 0.3452594600880135 -0.44283654306353343 0.95000000000000018 1.540962862183384 1.5277777777777779 0.18755376733777812 0.81666666666666676 1.2379794766426715 0.27545132989856841
decision_type=2 2 2 2 2 2 2 2 2 2 2 2 2
left_child=4 5 3 -3 11 7 -7 -2 9 -6 -4 12 -1
right_child=1 2 10 -5 8 6 -8 -9 -10 -11 -12 -13 -14
leaf_value=-0.0018948927660197197 -0.00017258393012448757 -0.00013944641421954632 0.00076189186740660499 0.00098051340313608519 -0.00026825662767561312 0.00033128791030116234 -0.00019195658953070744 -0.0010042159750453291 0.0024301860437058748 -0.0013536076996508858 -0.0010361925262061559 0 -0.00089085438738360236
leaf_weight=690.03526031970978 5168.7003882825375 1089.8417597711086 174.09224390983582 3684.056559920311 5038.3498532176018 7360.1935115456581 4507.1477465331554 1349.2687619328499 84.346074879169464 523.40320748090744 579.58976209163666 165.6327460706234 481.38407135009766
leaf_count=1090 7866 1595 254 5397 7647 10913 6780 1980 154 800 816 270 755
internal_value=-4.25686e-05 9.56558e-05 0.000539552 0.000722791 -0.000517223 -3.73029e-05 0.000131721 -0.000346527 -0.000328156 -0.000372644 -0.000606705 -0.00130646 -0.00149304
internal_weight=30896 23912.9 5527.58 4773.9 6983.15 18385.3 11867.3 6517.97 5646.1 5561.75 753.682 1337.05 1171.42
internal_count=46317 35601 8062 6992 10716 27539 17693 9846 8601 8447 1070 2115 1845
is_linear=0
shrinkage=0.02


Tree=146
num_leaves=14
num_cat=0
split_feature=50 27 35 16 22 12 36 6 1 37 0 0 12
split_gain=4.87825 2.46184 2.12823 2.03877 1.73144 1.65219 1.62073 1.58867 1.54754 1.36623 0.948829 1.10198 0.618988
threshold=0.75000000000000011 0.3452594600880135 1.2250000000000003 23.410000000000007 -1.369338694723061 18.282952909804052 1.5277777777777779 3.5000000000000004 19.607333333333337 0.26546948429189182 25.495207830937968 11.685914839887758 18.464005207348944
decision_type=2 2 2 2 2 2 2 2 2 2 2 2 2
left_child=1 10 3 4 -2 -5 9 8 -4 -3 11 -1 -9
right_child=2 6 7 5 -6 -7 -8 12 -10 -11 -12 -13 -14
leaf_value=0.00076533666518072867 -0.00041005279892235828 -3.6694752066058197e-05 -0.00071324861898879402 0.00019269344991173644 7.9457697214567e-05 0.0023865683341017271 0.0023827081150395546 -0.0016464122546637047 0.0010559359504586825 -0.00066808764244621216 0.00031720031704927167 -0.0016117161046732254 0.00011899003135006852
leaf_weight=76.698289453983307 3458.5684180259705 2684.6232196390629 213.27917543053627 313.98438274860382 17534.234549432993 258.77643272280693 84.346074879169464 139.03404957056046 1835.3426500558853 2877.1298410594463 123.9010343849659 1136.4527539014816 159.67107599973679
leaf_count=131 5135 4034 319 471 26126 413 154 196 2711 4413 194 1790 230
internal_value=-4.17446e-05 -0.00050694 9.37168e-05 3.09549e-05 -7.44325e-07 0.00120615 -0.000321588 0.000665555 0.000866356 -0.000365238 -0.00128053 -0.00145219 -0.000674957
internal_weight=30896 6983.15 23912.9 21565.6 20992.8 572.761 5646.1 2347.33 2048.62 5561.75 1337.05 1213.15 298.705
internal_count=46317 10716 35601 32145 31261 884 8601 3456 3030 8447 2115 1921 426
is_linear=0
shrinkage=0.02


Tree=147
num_leaves=15
num_cat=0
split_feature=50 34 6 1 20 12 26 47 17 17 2 3 23 20
split_gain=4.68471 3.33467 2.73773 2.38169 2.29931 2.17761 1.87743 1.76345 1.73904 2.74278 1.85635 1.72392 1.64093 1.54165
threshold=0.75000000000000011 0.75242927553243333 3.5000000000000004 19.161833333333337 -0.44283654306353343 18.885935279595547 2.3166666666666669 1.540962862183384 1.1708596517494065 1.0919161840222504 27.397416666666668 25.747652862367932 0.51116763124334808 3.8406644224576891
decision_type=2 2 2 2 2 2 2 2 2 2 2 2 2 2
left_child=3 4 12 5 7 11 -6 -2 9 -5 -10 -1 -3 -7
right_child=1 2 -4 8 6 13 -8 -9 10 -11 -12 -13 -14 -15
leaf_value=0.00057635267660468322 -0.00016872559537636382 -0.00094773261934852295 -0.00058925044567195153 -1.8084938049907653e-05 0.00010724263160916352 -0.00048349398370235589 0.0033197228993092839 -0.00098418049298008739 -0.00080045469926150333 0.0029951864980462101 6.676009451170855e-05 -0.0016863074013656492 0.00078382070871902386 0.0024249173975755588
leaf_weight=141.28969737887383 5168.7003882825375 223.17826917767525 753.68200600147247 447.76925033330917 11795.867817878723 871.18315410614014 71.473440200090408 1349.2687619328499 2013.4396779537201 160.28780698776245 1896.6484453082085 1375.6431941986084 4550.7200505137444 76.889987051486969
leaf_count=212 7866 333 1070 697 17594 1322 99 1980 3016 243 3020 2087 6659 119
internal_value=-4.08874e-05 9.18526e-05 0.000522611 -0.000496766 -3.71548e-05 -0.000997736 0.000127989 -0.000339315 -0.000220915 0.000767056 -0.000377424 -0.00146849 0.000700414 -0.000232484
internal_weight=30896 23912.9 5527.58 6983.15 18385.3 2465.01 11867.3 6517.97 4518.15 608.057 3910.09 1516.93 4773.9 948.073
internal_count=46317 35601 8062 10716 27539 3740 17693 9846 6976 940 6036 2299 6992 1441
is_linear=0
shrinkage=0.02


Tree=148
num_leaves=14
num_cat=0
split_feature=50 13 16 13 24 37 19 26 49 22 40 19 40
split_gain=4.4983 3.52014 2.8061 2.77164 2.01126 1.92616 1.80416 1.53749 1.4704 1.15456 1.32642 1.14789 1.10081
threshold=0.75000000000000011 0.41418302138711033 5.3100000000000032 2.4555399228720467 1.3651865190810493 0.94169965738158401 -2.8547101303885394 0.81666666666666676 1.0000000180025095e-35 -2.773713380978915 0.2145869631071968 0.99060703178835585 0.024255083008087704
decision_type=2 2 2 2 2 2 2 2 2 2 2 2 2
left_child=1 9 7 4 5 -2 -6 -3 -5 -1 -11 -4 -10
right_child=3 2 11 8 6 -7 -8 -9 12 10 -12 -13 -14
leaf_value=0.001480002837628039 -0.00010867414808734349 -0.0011542149039609625 1.7780265866712891e-05 -0.00077163254432115983 0.0032232494058121825 0.00041019498215574249 0.00048110323412412013 0.00079238708124572822 0.0018317293824782624 -0.00087319641946120234 -0.0024101059070292378 0.00094662819555730963 0.00046652323587734082
leaf_weight=72.513813138008118 17071.142716884613 982.77897799015045 1458.7871253192425 150.42870360612869 100.43132671713829 3433.7582774162292 2111.6768319606781 186.54602938890457 627.51534032821655 3175.0785612165928 250.38422846794128 857.06247779726982 417.93753707408905
leaf_count=111 25332 1577 2327 280 140 5032 3079 279 1023 4664 371 1387 715
internal_value=-4.00637e-05 -0.000486785 -3.38553e-05 9.00014e-05 4.00977e-05 -2.1265e-05 0.000612914 -0.000834307 0.00102798 -0.000934922 -0.000989795 0.000366368 0.00129744
internal_weight=30896 6983.15 3485.17 23912.9 22717 20504.9 2212.11 1169.33 1195.88 3497.98 3425.46 2315.85 1045.45
internal_count=46317 10716 5570 35601 33583 30364 3219 1856 2018 5146 5035 3714 1738
is_linear=0
shrinkage=0.02


Tree=149
num_leaves=15
num_cat=0
split_feature=44 19 40 22 34 37 40 19 27 19 2 3 3 3
split_gain=5.62491 2.27433 2.54502 2.00137 2.01141 2.03367 1.85973 2.31491 1.68079 1.4749 1.47455 1.47018 1.12626 0.847173
threshold=1.223158362627401 2.6905298340759392 -0.019017452039343897 -1.2339579764924846 1.6493113854075918 0.17970019858666778 -0.21337279676174623 -3.3734557642807874 0.2880277001932004 1.572873996016549 30.794583333333343 48.153417550163034 33.696333161879714 41.415510922022271
decision_type=2 2 2 2 2 2 2 2 2 2 2 2 2 2
left_child=1 2 8 4 5 -2 9 -8 -1 -5 12 -4 -3 -6
right_child=3 10 11 6 13 -7 7 -9 -10 -11 -12 -13 -14 -15
leaf_value=-0.00082861023295444883 0.0012909845587956849 0.0017097770181808032 -0.0007402523190110751 0.0012766904953255642 0 -0.00055097740678435123 0.0031482457132590361 0.00022210912734849439 3.9322599602249817e-05 -0.00075570972771098232 -0.0018844129244461642 0.00012355558682132365 0.00029195301119619514 0.0029135778002665701
leaf_weight=1056.1569469571114 260.365054666996 334.31510958075523 6569.7749212682247 1203.8754728734493 67.665855079889297 2518.5569349527359 107.81034180521965 11213.70806157589 5594.9350906908512 154.22950085997581 89.084503591060638 872.9025102853775 745.775819003582 106.88582411408424
leaf_count=1661 394 505 9986 1776 102 3684 143 16499 8379 246 158 1444 1175 165
internal_value=-3.92245e-05 -0.000312591 -0.000383334 0.000227036 -0.000239745 -0.000373999 0.000336573 0.000251408 -9.7205e-05 0.00103776 0.000530833 -0.000637593 0.000742395 0.001821
internal_weight=30896 15262.9 14093.8 15633.1 2953.47 2778.92 12679.6 11321.5 6651.09 1358.1 1169.18 7442.68 1080.09 174.552
internal_count=46317 23308 21470 23009 4345 4078 18664 16642 10040 2022 1838 11430 1680 267
is_linear=0
shrinkage=0.02


Tree=150
num_leaves=15
num_cat=0
split_feature=44 31 24 50 27 0 0 12 51 34 34 30 3 43
split_gain=5.60925 2.37896 2.28056 2.44326 2.04892 2.74456 2.01999 1.97095 1.80503 1.83307 1.34176 1.08595 1.01321 0.89582
threshold=1.1398252750614755 0.80119215304520897 1.7090904247144743 1.6500000000000004 0.79628010190291032 17.973478801075817 28.022615128223567 17.692668893833844 0.45000000000000001 0.22110785003229727 0.19483812341904164 -0.15654265526375197 28.250194160528281 0.65000000000000013
decision_type=2 2 2 2 2 2 2 2 2 2 2 2 2 2
left_child=7 2 3 -2 6 -6 -3 12 11 -10 -4 -9 -1 -14
right_child=1 4 10 -5 5 -7 -8 8 9 -11 -12 -13 13 -15
leaf_value=0.00018171014648974752 0.00035382896973842171 0.00011671890813855973 -0.0038174698217230503 0.0011182050212339839 0.0016836708408590544 -0.00015947377997051548 0.0015464829755370048 0.00072908653792738102 -0.00074901066267667865 -7.8085471720172237e-05 -0.00041370966351473134 -2.4358209904858255e-05 -0.00095961979253844296 -0.0029108981708916445
leaf_weight=272.99263769388199 5622.5593441426754 1008.0198737978935 63.085706353187561 2421.8250705003738 335.46579164266586 7373.2211762666702 667.09396222233772 933.84941300749779 3040.0794375538826 3588.1419601738453 193.57882246375084 4076.0382535457611 1317.5425450503826 106.91008067131042
leaf_count=415 8494 1496 119 3486 472 10662 1008 1367 4918 5546 318 6088 2002 164
internal_value=4.46943e-05 0.000278498 0.00052524 0.000585414 5.90954e-05 -7.75512e-05 0.000693233 -0.000264608 -0.000170609 -0.000387451 -0.00131203 0.000114324 -0.000902245 -0.00111696
internal_weight=31020.4 17684.8 8301.05 8044.38 9383.8 7708.69 1675.11 13335.6 11638.1 6628.22 256.665 5009.89 1697.45 1424.45
internal_count=46555 26055 12417 11980 13638 11134 2504 20500 17919 10464 437 7455 2581 2166
is_linear=0
shrinkage=0.02


Tree=151
num_leaves=15
num_cat=0
split_feature=34 14 1 3 12 34 22 33 34 50 36 50 30 37
split_gain=5.19283 2.5766 2.69792 2.6753 2.47957 2.38037 2.25517 1.98816 2.40367 1.80854 1.77843 1.52752 1.10983 1.48495
threshold=0.2871433887478369 10.500000000000002 31.27416666666667 37.919717312897653 17.708394048892941 0.50097740096954058 1.7898057267576821 0.19999999999999998 0.22110785003229727 1.2500000000000002 0.43650793650793651 1.0000000180025095e-35 -0.09136778303166683 0.18415327528832723
decision_type=2 2 2 2 2 2 2 2 2 2 2 2 2 2
left_child=4 2 6 5 12 -3 -2 11 -9 -5 -4 -6 13 -1
right_child=1 3 10 9 7 -7 -8 8 -10 -11 -12 -13 -14 -15
leaf_value=0.00054189511322833266 0.00028098748725264764 -0.00040960400614659136 0.0014148430084668683 -0.00092833600535914692 0.0022086008548378045 0.00090315221557015857 -0.00086948735053697852 -0.00074536658945261499 0.00024319262031648363 -3.3738113287672071e-05 0.00053348530078380833 3.3515431929560559e-05 -0.00150771141454875 -0.0018719244831503193
leaf_weight=294.86079126596451 8408.4475349485874 862.14917078614235 1293.1671308875084 1674.3001071214676 131.17809838056564 1494.5949671566486 736.33258038759232 3568.3700622320175 1338.5211933851242 2014.8552129268646 3391.2138833701611 4753.5218129754066 907.70461592078209 151.1869133412838
leaf_count=449 12617 1205 1945 2450 202 2101 1104 5758 2055 2841 5113 7110 1372 233
internal_value=4.37832e-05 0.000237833 0.000388539 -0.000105247 -0.000301342 0.000418737 0.000187089 -0.000189074 -0.000473677 -0.000442738 0.000779426 9.48535e-05 -0.00110452 -0.000258649
internal_weight=31020.4 19875.1 13829.2 6045.9 11145.3 2356.74 9144.78 9791.59 4906.89 3689.16 4684.38 4884.7 1353.75 446.048
internal_count=46555 29376 20779 8597 17179 3306 13721 15125 7813 5291 7058 7312 2054 682
is_linear=0
shrinkage=0.02


Tree=152
num_leaves=15
num_cat=0
split_feature=37 24 2 1 27 50 33 1 50 37 3 20 20 37
split_gain=3.24176 2.91192 2.06748 2.09345 2.03447 1.79477 1.70669 1.64279 1.6476 1.62609 1.59067 1.57981 1.458 1.35939
threshold=0.50632359382071024 0.87836214164545579 35.934250000000006 31.539166666666677 0.96887698411890233 1.7500000000000002 0.19999999999999998 35.563666666666677 1.9500000000000002 0.59068093952158018 49.829679276112891 -4.3689480113914341 4.9915709712567464 0.4887684172999936
decision_type=2 2 2 2 2 2 2 2 2 2 2 2 2 2
left_child=1 6 3 5 11 -2 13 -4 -9 -5 -6 -3 -8 -1
right_child=2 4 7 9 10 -7 12 8 -10 -11 -12 -13 -14 -15
leaf_value=2.8987199850870426e-05 3.3713455129720492e-05 -0.0021928262631336305 -0.0027122237775707605 0.0018897767049488865 -0.00011112468596299997 0.00073923185759533852 -0.00053487433173728658 -0.00078044515497528515 0.0014023775517838855 0.00061470834209725856 0.0012119338964465603 0.00088975793246345836 0.0013403231220784489 -0.0025712735203255351
leaf_weight=4915.9313037991524 6065.9850325584412 65.403369158506393 127.66161024570465 486.1435546875 4377.0402129590511 1904.3385158479214 7269.7452611029148 578.67811906337738 177.74962717294693 2597.0749419033527 394.37686291337013 1815.618404597044 164.93751177191734 79.719747304916382
leaf_count=7250 9093 108 186 718 6417 2756 11294 885 263 3845 634 2734 254 118
internal_value=4.29072e-05 -0.000118424 0.000301615 0.00037664 0.00021838 0.00020368 -0.000299484 -0.000623844 -0.000251983 0.00082009 0 0.00077505 -0.000491579 -1.15188e-05
internal_weight=31020.4 19082.8 11937.6 11053.5 6652.44 7970.32 12430.3 884.089 756.428 3083.22 4771.42 1881.02 7434.68 4995.65
internal_count=46555 28809 17746 16412 9893 11849 18916 1334 1148 4563 7051 2842 11548 7368
is_linear=0
shrinkage=0.02


Tree=153
num_leaves=15
num_cat=0
split_feature=34 12 32 40 1 50 34 1 23 47 2 5 2 2
split_gain=4.89392 2.38247 2.37005 1.92691 1.94223 1.89026 1.66215 2.09862 1.42266 2.44256 1.83656 1.11181 0.68389 1.05995
threshold=0.2871433887478369 17.708394048892941 0.95000000000000007 -0.0011323480898167498 18.822111111111116 1.0000000180025095e-35 1.1909437216833367 31.539166666666677 0.53613557198868789 1.386440301895157 28.283000000000001 48.079365355353012 13.853333333333333 12.463386243386244
decision_type=2 2 2 2 2 2 2 2 2 2 2 2 2 2
left_child=1 12 6 5 -5 -3 7 -2 9 -4 -10 -8 13 -1
right_child=2 3 8 4 -6 -7 11 -9 10 -11 -12 -13 -14 -15
leaf_value=-0.0012142185691482519 -0.00015222724537157327 0.0031146869962958997 0.00067730258527208781 -0.0011699065250862272 -0.00022450027862738848 1.5185987989486121e-05 0.00039828982510429372 0.0004604844599147643 0.0011240811747086478 -0.0023183169251489348 0.00036671270498013411 0.0016734440184866385 -0.0012469344442630969 0.0020078628880390564
leaf_weight=94.906125336885452 9029.1204125285149 77.987847328186035 264.22667819261551 1241.3921135365963 3020.6463822126389 5451.5648238956928 1488.4580629467964 2969.8550193607807 2066.2212978303432 179.05701661109924 3532.4420032203197 345.68009689450264 1190.869990170002 67.97620502114296
leaf_count=145 13269 115 399 1969 4812 8229 2246 4478 3078 253 5141 512 1802 107
internal_value=4.2061e-05 -0.000292973 0.000230452 -0.000182904 -0.000502631 6.1819e-05 8.52301e-05 0 0.000561147 -0.000515248 0.000648311 0.000645625 -0.00108028 7.7858e-05
internal_weight=31020.4 11145.3 19875.1 9791.59 4262.04 5529.55 13833.1 11999 6041.95 443.284 5598.66 1834.14 1353.75 162.882
internal_count=46555 17179 29376 15125 6781 8344 20505 17747 8871 652 8219 2758 2054 252
is_linear=0
shrinkage=0.02


Tree=154
num_leaves=13
num_cat=0
split_feature=44 47 27 37 51 20 13 37 0 22 44 0
split_gain=4.90587 2.27704 2.43271 1.76312 1.73494 1.76128 1.68252 1.55885 1.26955 1.01739 0.905493 0.894814
threshold=1.1398252750614755 0.81179258726678183 0.77489324222281741 0.51486800121943921 4.1633363423443376e-17 5.7936770156728761 1.0000000180025095e-35 0.0019896142343955505 35.550294536415308 -1.0904890767781985 1.2462437701609359 13.236900662963148
decision_type=2 2 2 2 2 2 2 2 2 2 2 2
left_child=4 9 3 -3 7 8 -4 -1 -6 -2 -11 -9
right_child=1 2 6 -5 5 -7 -8 11 -10 10 -12 -13
leaf_value=-0.0018099282520505277 -0.0037397820933601773 0.0013707670373143143 -0.00015488482872145969 0.00045566531986048555 -0.00038022961614932025 0.0019831991602203788 0.0003225822099931402 0.0020360587806314929 -0.002758750663251713 0.00072256860798355601 -0.0023522484148050448 0.00019755339473080186
leaf_weight=148.55568537116051 70.625541895627975 1080.2051535844803 4909.4005893468857 4153.3412734270096 10048.510443389416 121.97570836544037 7327.559067517519 109.79444405436516 90.078280627727509 74.579647898674011 69.138473719358444 2816.6397658884525
leaf_count=220 114 1606 6756 6210 15672 188 11124 148 129 120 125 4143
internal_value=4.12372e-05 0.000259909 0.000285625 0.000646904 -0.000247999 -0.000373167 0.000130214 0.000166382 -0.000402888 -0.00177313 -0.000699991 0.000271289
internal_weight=31020.4 17684.8 17470.5 5233.55 13335.6 10260.6 12237 3074.99 10138.6 214.344 143.718 2926.43
internal_count=46555 26055 25696 7816 20500 15989 17880 4511 15801 359 245 4291
is_linear=0
shrinkage=0.02


Tree=155
num_leaves=15
num_cat=0
split_feature=44 19 25 16 8 43 31 30 21 22 47 30 31 21
split_gain=5.23834 2.92336 2.58759 2.26187 1.72702 1.93153 1.54364 1.46538 1.4209 1.73575 1.3248 0.989428 0.980118 0.933571
threshold=1.223158362627401 1.596167250305115 0.77500000000000013 7.0400000000000018 1.5000000000000002 0.35000000000000003 2.0101229035110681 0.010078117335893002 0.89162941191983858 0.61255389727112519 1.540962862183384 0.069549174483144724 1.7944740141344451 0.86882470125757372
decision_type=2 2 2 2 2 2 2 2 2 2 2 2 2 2
left_child=1 2 11 8 10 -6 12 -4 13 -10 -5 -1 -3 -2
right_child=3 6 7 4 5 -7 -8 -9 9 -11 -12 -13 -14 -15
leaf_value=-0.00027136561969947438 -0.00056960612725275462 0.00026372751107549611 -9.5948802640295777e-05 -0.0019049044958142265 0.00018328327210657088 0.00069140436907694225 0.001858760005864258 -0.0010327999940788763 0.00028248171934666438 -0.0017661278758178776 1.5847316570041502e-05 0.00035822911269665236 -0.0017497557273203916 -0.0024538849799315473
leaf_weight=7475.2258031070232 957.64410656690598 2489.0801532864571 898.09452804923058 212.76310390233994 5952.0627204179764 6160.3733542263508 241.03734368085861 2915.5385168492794 1864.9694631099701 178.95815339684486 403.30173245072365 1137.9602425396442 97.642869502305984 122.22031706571579
leaf_count=11386 1440 3859 1339 306 8996 8845 430 4388 2724 272 565 1800 150 188
internal_value=1.60633e-05 -0.000248151 -0.000380591 0.000270945 0.00038956 0.00044261 0.000330192 -0.000814962 -0.000209116 9.66747e-05 -0.000635338 -0.00018696 0.000182567 -0.000796256
internal_weight=31106.9 15254.6 12426.8 15852.3 12728.5 12112.4 2827.76 3813.63 3123.79 2043.93 616.065 8613.19 2586.72 1079.86
internal_count=46688 23352 18913 23336 18712 17841 4439 5727 4624 2996 871 13186 4009 1628
is_linear=0
shrinkage=0.02


Tree=156
num_leaves=14
num_cat=0
split_feature=50 0 23 13 22 15 28 1 0 31 24 0 5
split_gain=3.56466 2.64069 2.71541 2.28211 2.01493 1.84909 1.81215 1.61364 2.48105 1.663 1.50959 1.58081 1.34216
threshold=1.3500000000000003 14.476268463386758 0.51937562690180705 2.1872285726798935 -1.299630375293334 21.723153682571041 1.7500000000000002 21.404666666666675 19.157861793909294 0.93137504827664719 0.64793157849639915 12.99954192808349 44.701847399809829
decision_type=2 2 2 2 2 2 2 2 2 2 2 2 2
left_child=3 10 4 7 -3 -4 12 8 -1 -9 11 -2 -5
right_child=1 2 5 6 -6 -7 -8 9 -10 -11 -12 -13 -14
leaf_value=-0.00018777687956294926 0.00087475971720339164 -0.0017316327383896427 0.00027284662466112023 1.6247171731576729e-05 0.00020582662297102109 0.0015079544916903986 0.0029152635694684489 0.00014106820873271148 -0.0010099791943654164 -0.00034764491796389146 -0.00041239414270816344 0.0041828135160889533 0.0014078499714010289
leaf_weight=4584.3729641139507 112.96103259921074 460.38857787847519 9638.5479920506477 1121.0015281736851 384.72361499071121 513.57828959822655 121.29788488149643 6593.752225369215 2187.6923345327377 4802.6821340322495 69.421473264694214 143.37504470348358 373.07731196284294
leaf_count=6862 169 682 14185 1865 582 776 198 9978 3256 7170 105 206 654
internal_value=1.57212e-05 0.000298981 0.000245178 -0.000145906 -0.000839427 0.000336598 0.000572374 -0.000210376 -0.000455082 -6.40327e-05 0.00207222 0.0027818 0.000371837
internal_weight=31106.9 11323 10997.2 19783.9 845.112 10152.1 1615.38 18168.5 6772.07 11396.4 325.758 256.336 1494.08
internal_count=46688 16705 16225 29983 1264 14961 2717 27266 10118 17148 480 375 2519
is_linear=0
shrinkage=0.02


Tree=157
num_leaves=13
num_cat=0
split_feature=47 13 2 24 20 30 50 27 3 45 23 37
split_gain=3.47508 2.1507 2.96174 3.20396 1.80385 1.70168 1.67233 3.05046 1.8261 1.53525 1.65 1.34338
threshold=1.1867562940791816 1.0000000180025095e-35 29.369833333333336 0.42361419428449537 6.5467966185759776 0.41529743618751963 1.6500000000000004 1.775445717524333 38.850515054196144 1.1000000000000003 1.7218252427478711 0.017265172630110903
decision_type=2 2 2 2 2 2 2 2 2 2 2 2
left_child=4 6 3 -3 9 -4 8 -8 -2 11 -11 -1
right_child=1 2 5 -5 -6 -7 7 -9 -10 10 -12 -13
leaf_value=-0.00082476128579827656 0.00019891730650000789 0.0017294265105448215 0.00084894970859460269 -8.9485353163963109e-05 0.0025493630438712983 -0.00079865516966987494 0.0006622344297693547 -0.002218625597285966 -0.00060785755370975064 -0.00083639929780361579 0.0013437012335299255 -7.087595291488303e-05
leaf_weight=1035.7618544697762 1893.7394558191299 420.5126895904541 4549.5717187523842 4601.2820482850075 91.781025379896164 257.58148449659348 1799.9974841177464 156.91695287823677 2699.652958124876 2186.2160172760487 143.15946546196938 11270.699253499508
leaf_count=1597 2632 729 6994 6953 141 406 2463 203 3837 3310 241 17182
internal_value=1.54362e-05 0.000216172 0.000403371 6.14632e-05 -0.000207131 0.000758291 -6.32384e-05 0.000424096 -0.000273127 -0.000225446 -0.000697087 -0.000135262
internal_weight=31106.9 16379.3 9828.95 5021.79 14727.6 4807.15 6550.31 1956.91 4593.39 14635.8 2329.38 12306.5
internal_count=46688 24217 15082 7682 22471 7400 9135 2666 6469 22330 3551 18779
is_linear=0
shrinkage=0.02


Tree=158
num_leaves=15
num_cat=0
split_feature=44 19 16 23 47 47 44 13 16 23 43 1 18 1
split_gain=4.83386 2.77767 2.09872 1.86877 1.8526 1.7519 3.20695 1.50499 2.9075 1.46131 1.43429 1.36363 2.48282 1.39288
threshold=1.223158362627401 1.596167250305115 7.0400000000000018 1.136017802403233 0.76053771975031637 1.4379785638925333 2.0360400352249637 2.2092548836962744 5.6633333333333367 0.71700615752601848 0.55000000000000016 24.35616666666667 1.4591200610655373 32.307166666666681
decision_type=2 2 2 2 2 2 2 2 2 2 2 2 2 2
left_child=1 3 11 4 -1 9 -7 -3 -9 -4 -5 12 -2 -13
right_child=2 7 5 10 -6 6 -8 8 -10 -11 -12 13 -14 -15
leaf_value=8.3621795561357438e-05 -3.1170611243380388e-06 0.00015456171530564371 -0.00030311856421242847 -0.00099863441669607411 -0.00047845982620807432 -2.7361530238084018e-05 0.0007332422543795716 -0.0018442054094840838 0.0026330957448579963 0.00096398072459725841 0.00017415613820149418 0.00072442450066212947 -0.0014293363207000711 -0.0021774327813232196
leaf_weight=4184.6194556355476 1551.5085308551788 2505.5229204893112 407.63649928569794 2499.9397392272949 5259.1431689560413 6248.0736682116985 3415.0628662109375 70.99184376001358 251.24560222029686 2657.7278772890568 483.11672672629356 783.24712818861008 720.07348132133484 68.962899774312973
leaf_count=6363 2297 3862 584 3900 7877 9188 4965 130 447 3975 773 1163 1067 97
internal_value=1.5117e-05 -0.000238678 0.000259973 -0.00036779 -0.000228373 0.000374241 0.000240506 0.000325036 0.00161057 0.000792132 -0.000805357 -0.000202378 -0.000460475 0.000473344
internal_weight=31106.9 15254.6 15852.3 12426.8 9443.76 12728.5 9663.14 2827.76 322.237 3065.36 2983.06 3123.79 2271.58 852.21
internal_count=46688 23352 23336 18913 14240 18712 14153 4439 577 4559 4673 4624 3364 1260
is_linear=0
shrinkage=0.02


Tree=159
num_leaves=15
num_cat=0
split_feature=44 13 18 46 6 50 27 13 30 45 25 22 22 22
split_gain=4.64118 2.33487 2.00437 2.12295 1.93141 2.04167 1.8422 1.8043 1.69503 1.57835 1.45312 1.14642 2.35612 1.56172
threshold=1.223158362627401 2.2092548836962744 0.81186794111169247 1.3166666666666669 5.5000000000000009 1.5500000000000003 2.0687430439901795 2.2727709370360674 0.12740395689441061 1.7750000000000001 1.6333333333333335 0.50847842428396561 0.9890188506343649 -0.22657729707592536
decision_type=2 2 2 2 2 2 2 2 2 2 2 2 2 2
left_child=1 2 3 -1 5 6 -2 -3 -7 -9 -4 13 -13 -6
right_child=4 7 10 -5 11 8 -8 9 -10 -11 -12 12 -14 -15
leaf_value=0.00027310497525882257 9.6774406219454889e-05 0.0030901609282182182 -0.00035780092972932144 0.0037649954425734767 -0.00069730596450658198 0.00084915231502284011 0.0022751902461787183 0.0001641678120873531 5.6951845284003814e-05 0.0035035159917025001 -0.0030780152495825199 -0.0037845190183542249 -0.00029110699892445163 0.0015027154415414965
leaf_weight=922.52299398183823 9324.8040420413017 104.54961541295052 12919.199021995068 74.420778721570969 461.88777074217796 3836.2728735804558 156.49946928024292 1097.3931947350502 1542.7174230515957 58.39707624912262 78.09677591919899 118.79424065351486 235.12213507294655 176.19499671459198
leaf_count=1378 13991 169 19595 110 656 5508 236 1867 2190 110 123 170 329 256
internal_value=1.47995e-05 -0.000233879 -0.000308621 0.000550797 0.000254732 0.000312231 0.000134258 0.000587277 0.00062391 0.000347288 -0.000375386 -0.000595445 -0.00150647 -7.13897e-05
internal_weight=31106.9 15254.6 13994.2 996.944 15852.3 14860.3 9481.3 1260.34 5378.99 1155.79 12997.3 991.999 353.916 638.083
internal_count=46688 23352 21206 1488 23336 21925 14227 2146 7698 1977 19718 1411 499 912
is_linear=0
shrinkage=0.02


Tree=160
num_leaves=15
num_cat=0
split_feature=1 34 0 1 23 6 37 24 29 50 23 3 15 1
split_gain=3.84313 1.98939 1.85185 2.64696 3.45888 1.75286 3.2411 1.72158 1.51899 2.49567 2.14981 1.51663 1.71864 1.44713
threshold=22.533666666666672 0.74442583268725226 17.129668898655133 18.822111111111116 0.98005636653752193 6.5000000000000009 0.23250067622593837 0.4835629113105403 1.0000000180025095e-35 2.1500000000000008 0.59042303026669862 31.183733528163263 8.9700856214953522 20.78583333333334
decision_type=2 2 2 2 2 2 2 2 2 2 2 2 2 2
left_child=2 5 3 4 -1 7 -7 -2 9 -3 -10 -4 -13 -5
right_child=1 8 11 13 -6 6 -8 -9 10 -11 -12 12 -14 -15
leaf_value=0.00027341510626690218 -0.00062189583084316404 -0.00047510627063280023 1.0698100912483337e-05 0.002124137772460222 -0.00095312115910388959 0.0009631702148162509 -0.0018150377103227557 0.00015377062371054156 -0.0017535108092357056 0.0019396589529519362 0.0008252732116819986 -0.0008628074441409825 4.5414997685205049e-05 -0.00012951435701101345
leaf_weight=2524.5827348232269 1249.4660977721214 1062.1852395534515 1606.3708711266518 335.09752511978149 1438.5234811306 243.39400199055672 509.41686224937439 13020.292398780584 130.35849407315254 201.61528748273849 3319.7656985521317 4229.5670114159584 1011.8823734521866 159.67419308423996
leaf_count=3806 2115 1619 2324 512 2197 351 731 19482 190 291 4847 6386 1492 247
internal_value=-2.00993e-05 0.00014798 -0.000314375 6.5359e-07 -0.000169526 3.47617e-05 -0.000903385 8.50746e-05 0.0005065 -7.95203e-05 0.000723981 -0.000520857 -0.000685614 0.00137911
internal_weight=31042.2 19736.5 11305.7 4457.88 3963.11 15022.6 752.811 14269.8 4713.92 1263.8 3450.12 6847.82 5241.45 494.772
internal_count=46590 29626 16964 6762 6003 22679 1082 21597 6947 1910 5037 10202 7878 759
is_linear=0
shrinkage=0.02


Tree=161
num_leaves=15
num_cat=0
split_feature=1 34 0 1 23 34 30 25 1 27 1 23 23 2
split_gain=3.69017 1.91029 1.79206 2.4461 3.46426 1.93876 1.75571 1.71256 1.74382 1.38705 1.34985 1.32175 1.1427 1.11554
threshold=22.533666666666672 0.74442583268725226 17.973478801075817 18.822111111111116 0.98005636653752193 0.97872626364973014 -0.14634871586054385 0.29166666666666669 15.860958333333334 0.37008356100930806 25.433333333333337 0.46522074878864111 0.95715096702588731 35.585333333333338
decision_type=2 2 2 2 2 2 2 2 2 2 2 2 2 2
left_child=2 6 3 4 -1 -5 13 8 -4 -9 -8 -3 -13 -2
right_child=1 11 7 5 -6 -7 10 9 -10 -11 -12 12 -14 -15
leaf_value=0.00017383416788646554 0.00056315334734342881 -0.0021044545604412246 -0.0014822968127014315 0.00065248978326400944 -0.00097028448484925327 0.0041932983602784987 -0.00051842341993067341 -0.0022020035310057872 0.00042281439221126193 -0.00064688855671814509 2.2723448768742401e-05 0.0009459548890875482 0.000290819299493862 -0.00052149332611011671
leaf_weight=3030.6532434225082 3054.5966083407402 73.427416443824768 230.9260481595993 729.92465800046921 1616.4038431346416 67.58995121717453 2291.5208943486214 247.61573573946953 1082.269038528204 4300.3156719505787 9254.5223421752453 1751.3600687682629 2889.1372344493866 421.92951592803001
leaf_count=4555 4635 105 357 1112 2459 105 3401 392 1677 6307 14012 2566 4276 631
internal_value=-1.96848e-05 0.000145008 -0.000308051 -4.47527e-05 -0.000222224 0.000974822 3.40497e-05 -0.000550831 7.84515e-05 -0.000734687 -8.38822e-05 0.000496332 0.000540528 0.000428416
internal_weight=31042.2 19736.5 11305.7 5444.57 4647.06 797.515 15022.6 5861.13 1313.2 4547.93 11546 4713.92 4640.5 3476.53
internal_count=46590 29626 16964 8231 7014 1217 22679 8733 2034 6699 17413 6947 6842 5266
is_linear=0
shrinkage=0.02


Tree=162
num_leaves=15
num_cat=0
split_feature=1 14 34 51 27 23 1 50 20 36 25 20 3 15
split_gain=3.54372 2.41288 2.313 2.23349 2.7755 2.02505 1.8995 1.44815 1.50328 2.0378 1.6657 1.31094 1.21389 1.79834
threshold=22.533666666666672 11.500000000000002 0.4063268864954942 0.35000000000000003 1.279171214910779 0.49424430750203102 25.433333333333337 0.95000000000000007 4.4812385397745578 0.58571428571428574 0.55000000000000016 2.4609865241516045 45.331298441077109 6.5344204487322051
decision_type=2 2 2 2 2 2 2 2 2 2 2 2 2 2
left_child=7 2 6 4 -3 -4 -2 12 10 -10 -9 -5 13 -1
right_child=1 3 5 11 -6 -7 -8 8 9 -11 -12 -13 -14 -15
leaf_value=-0.00042394147506393068 -0.00062092591814714309 -0.00056347734718667931 -0.001303183116968381 -9.8364329806531622e-05 -0.003061198854404268 0.00049847958664143305 0.00014576008586248578 0.00020856051369529298 0.0028935578468539131 -0.00087031053224489812 -0.00047081074785497201 0.002067985208895614 0.00039804026146929766 -0.0013494764721708741
leaf_weight=3705.1021628081799 1662.0168242454529 873.84663373231888 251.86656349897385 1831.2445796728134 227.45524340867996 9001.1439365148544 5772.0832637548447 2686.743901014328 148.50907960534096 86.556892395019531 3084.8184704482555 116.83703562617302 483.63215267658234 1110.3355312049389
leaf_count=5608 2494 1234 377 2609 324 13425 8995 4070 218 127 4494 168 788 1659
internal_value=-1.92797e-05 0.000142105 0.000237008 -0.000373765 -0.00109302 0.000448087 -2.44214e-05 -0.000301871 -8.72257e-05 0.00146978 -0.000152859 2.84231e-05 -0.000543167 -0.000639897
internal_weight=31042.2 19736.5 16687.1 3049.38 1101.3 9253.01 7434.1 11305.7 6006.63 235.066 5771.56 1948.08 5299.07 4815.44
internal_count=46590 29626 25291 4335 1558 13802 11489 16964 8909 345 8564 2777 8055 7267
is_linear=0
shrinkage=0.02


Tree=163
num_leaves=15
num_cat=0
split_feature=44 13 0 30 1 1 0 12 34 1 12 44 12 13
split_gain=3.72776 2.7355 1.8904 1.93788 1.48515 2.15291 1.79261 1.88586 1.57946 1.41541 1.25242 1.03947 1.01536 0.960556
threshold=1.6983129739208185 0.14897436876886072 29.480002892299435 0.059067147935250607 25.433333333333337 25.153833333333338 25.310594550814805 18.029644033183654 0.79232510383189303 35.776333333333341 19.688574726264992 1.7181195861037657 17.291455217243257 0.05059795124275366
decision_type=2 2 2 2 2 2 2 2 2 2 2 2 2 2
left_child=4 11 3 -3 5 8 7 -6 -1 -4 -8 -2 -13 -7
right_child=1 2 9 -5 6 13 10 -9 -10 -11 -12 12 -14 -15
leaf_value=-0.00030398447766197517 0.001850228866994561 0.00074328778142826446 0.0014416825005479411 -0.00058311095585625132 -0.00070431806646294008 -0.00057732089725696727 -0.00016596561962010567 0.00091311681794453909 0.00053861493801891686 0.00034117148412610322 0.00061597666048758548 -0.0014305775490847253 -3.1265328131315725e-05 -0.0029984423477771804
leaf_weight=12029.025105535984 106.39479556679726 1153.3632017970085 1562.9752657711506 703.30779549479485 348.24668347835541 129.95208358764648 7783.856548845768 1499.5863655805588 951.20073428750038 706.40815261006355 910.31694135069847 223.87396833300591 2769.7974266707897 163.88720169663429
leaf_count=18004 147 1879 2238 1102 531 181 11755 2451 1402 1053 1373 322 3893 259
internal_value=-1.89103e-05 0.000378542 0.000715926 0.00023538 -0.000139944 -0.000280762 3.64397e-05 0.000602454 -0.000241394 0.00110412 -8.28202e-05 -6.74506e-05 -0.000140133 -0.00197263
internal_weight=31042.2 7226.12 4126.05 1856.67 23816.1 13274.1 10542 1847.83 12980.2 2269.38 8694.17 3100.07 2993.67 293.839
internal_count=46590 10634 6272 2981 35956 19846 16110 2982 19406 3291 13128 4362 4215 440
is_linear=0
shrinkage=0.02


Tree=164
num_leaves=13
num_cat=0
split_feature=44 13 32 40 43 13 47 36 40 16 36 36
split_gain=3.58052 2.62797 2.52617 1.94654 1.48233 1.59825 1.70321 1.45957 1.45294 1.19384 0.895474 1.04446
threshold=1.6983129739208185 0.14897436876886072 1.7500000000000002 -0.096012173009216092 -0.34999999999999992 1.7932042844937348 1.4379785638925333 0.21111111111111114 0.061005005397894711 3.3600000000000017 0.78888888888888908 0.38750000000000007
decision_type=2 2 2 2 2 2 2 2 2 2 2 2
left_child=4 7 3 -3 10 6 -6 -2 -9 -7 11 -1
right_child=1 2 -4 -5 5 9 -8 8 -10 -11 -12 -13
leaf_value=0.002187755302717212 -0.0020652014915484144 -3.5837243300804833e-05 0.0031577382467021689 0.00090413504767233703 -0.00013305941039276349 -0.00079526310851698017 -0.00059333582029139997 0.00039164106616747734 -0.00051032345967724259 0.00040198554301929548 0.0020987344571151445 -0.00040251619151467712
leaf_weight=82.095071077346802 137.63811677694321 1281.5991358160973 160.92275324463844 2683.5325266122818 16133.880071878433 371.95931008458138 4048.2575254738331 1768.7821668684483 1193.6459069252014 2778.9147399961948 174.66592279076576 226.29902306199074
leaf_count=126 200 1981 221 4070 24009 637 5906 2478 1684 4685 265 328
internal_value=-1.85325e-05 0.000370984 0.000701675 0.000597934 -0.000137158 -0.000160261 -0.00022593 -6.60966e-05 2.47417e-05 0.000257064 0.000954233 0.000264455
internal_weight=31042.2 7226.12 4126.05 3965.13 23816.1 23333 20182.1 3100.07 2962.43 3150.87 483.06 308.394
internal_count=46590 10634 6272 6051 35956 35237 29915 4362 4162 5322 719 454
is_linear=0
shrinkage=0.02


Tree=165
num_leaves=15
num_cat=0
split_feature=44 14 34 18 30 50 23 44 27 7 37 3 12 31
split_gain=4.63598 2.54925 2.47495 2.30603 3.56524 1.9257 1.6018 1.5774 3.18922 1.45033 1.34215 1.31276 1.28213 1.26813
threshold=1.223158362627401 12.500000000000002 0.092893219839391153 1.4112876112103259 0.017989211480870303 2.4500000000000006 2.0260352104853125 0.72039126124513497 0.12382555021018972 1.0000000180025095e-35 0.0085395977026867017 34.424717150797079 18.72395477515742 0.60727195109276344
decision_type=2 2 2 2 2 2 2 2 2 2 2 2 2 2
left_child=6 2 13 4 -3 -4 7 10 -9 -5 -1 12 -8 -2
right_child=1 3 5 9 -6 -7 11 8 -10 -11 -12 -13 -14 -15
leaf_value=-0.0015193107065623434 -0.0037783381676226198 -0.0013142687589685184 0.00029333490532502818 -0.0018706159445028977 0.0042330980246268728 0.0013419406230388135 0.0043505831118628062 0.0027741855899555494 -0.00018023258759305847 -0.00026670941892200305 -0.00045400726248410339 5.4375934641915986e-05 0.00031652541192085291 -0.00027373792685703359
leaf_weight=551.63901883363724 83.733833581209183 90.492555052042007 13793.788540154696 463.33375629782677 87.788771331310272 743.25966429710388 74.414831668138504 145.89973372220993 10456.880341589451 471.54964923858643 3849.1668424010277 216.60815525054932 64.014888733625412 93.349768906831741
leaf_count=864 161 128 20408 643 117 1062 121 237 15728 638 6061 387 109 156
internal_value=7.67946e-06 0.000248186 0.000318484 -0.000670965 0.00137854 0.000347814 -0.000239515 -0.000271521 -0.00013812 -0.00107459 -0.000590443 0.00107897 0.00258738 -0.00201041
internal_weight=31185.9 15827.3 14714.1 1113.16 178.281 14537 15358.6 15003.6 10602.8 934.883 4400.81 355.038 138.43 177.084
internal_count=46820 23313 21787 1526 245 21470 23507 22890 15965 1281 6925 617 230 317
is_linear=0
shrinkage=0.02


Tree=166
num_leaves=14
num_cat=0
split_feature=34 14 18 50 1 34 5 21 1 30 6 4 34
split_gain=3.34648 2.96966 2.16806 2.1664 2.24563 1.56178 1.40137 1.39722 1.50801 1.74426 1.04246 1.0424 0.951429
threshold=0.22345985655842318 12.500000000000002 1.4039837831698654 2.4500000000000006 34.049500000000016 2.7344846369021023 30.923421977462635 1.3748961903878119 24.950166666666671 0.15833927152149488 2.5000000000000004 40.083288846913639 0.75242927553243333
decision_type=2 2 2 2 2 2 2 2 2 2 2 2 2
left_child=7 3 6 5 -5 -2 -3 8 10 -10 -1 -9 -4
right_child=1 2 12 4 -6 -7 -8 11 9 -11 -12 -13 -14
leaf_value=-0.00077807871301348839 0.00014490598354276117 -0.00089780745651800681 -0.0014914413296773267 0.00057675267395655271 0.0029818138675871803 0.0029709439522769276 0.0014543763070130711 -4.6932801701399383e-05 0.00020896659767778068 -0.00082889890618191174 -0.00013197204309107962 0.0033766786905798942 -0.00021330537697106505
leaf_weight=3454.2562913298607 20097.109693318605 159.14086753129959 844.1370442211628 644.84935313463211 210.3089973628521 76.927212417125702 257.81866773962975 60.846818536520004 2646.6630032360554 853.99778100848198 1462.5147659778595 68.059844225645065 349.29001101851463
leaf_count=5369 29994 215 1149 929 301 130 353 103 4073 1324 2284 110 486
internal_value=7.5178e-06 0.000135124 -0.000690712 0.0001989 0.00118547 0.000156471 0.00053275 -0.000329298 -0.000362087 -4.16979e-05 -0.000588056 0.00170824 -0.00112671
internal_weight=31185.9 22639.6 1610.39 21029.2 855.158 20174 416.96 8546.34 8417.43 3500.66 4916.77 128.907 1193.43
internal_count=46820 33557 2203 31354 1230 30124 568 13263 13050 5397 7653 213 1635
is_linear=0
shrinkage=0.02


Tree=167
num_leaves=15
num_cat=0
split_feature=44 13 12 7 1 12 43 0 44 27 12 32 27 31
split_gain=4.36311 3.23031 2.96775 2.7241 1.96137 1.77403 1.43545 1.3706 1.28489 2.09492 1.99278 1.1008 1.02084 1.5181
threshold=1.223158362627401 0.95995021800316249 17.291455217243257 1.0000000180025095e-35 27.056500000000003 20.10868634568331 0.25000000000000006 13.84048608128291 0.72039126124513497 0.12382555021018972 18.073118115592184 1.5500000000000003 0.2880277001932004 0.85131511652718383
decision_type=2 2 2 2 2 2 2 2 2 2 2 2 2 2
left_child=7 2 6 -4 5 -3 -2 12 10 -10 -9 -6 -1 -14
right_child=1 4 3 -5 11 -7 -8 8 9 -11 -12 -13 13 -15
leaf_value=-0.00031610103638331813 -2.4800025479916428e-05 3.0784272102781727e-06 -0.00021633736886895541 0.00045874294168340285 0.00080530122013069885 0.0033466446253836942 -0.0019062180895531458 -0.0013972991204562132 0.0024661695185947351 -0.00019960749852028454 -0.00033680813499046988 0.0021919790931568452 0.0016641213483356587 -0.00016500352050137835
leaf_weight=442.33757269382477 271.79431039094925 1924.8802147805691 4724.4743538498878 4814.7425402104855 3326.6525919437408 63.861827045679092 445.08239206671715 946.79700592160225 116.827322691679 10147.256846755743 2983.0729061961174 255.80830857157707 421.15721595287323 301.17494198679924
leaf_count=713 398 3002 6756 6866 5177 103 627 1505 191 15311 4730 384 616 441
internal_value=7.37042e-06 0.000240701 2.90607e-05 0.000123374 0.000628369 0.000118724 -0.00120887 -0.00023243 -0.000286981 -0.000167817 -0.000595429 0.000908276 0.000423174 0.000889316
internal_weight=31185.9 15827.3 10256.1 9539.22 5571.2 1988.74 716.877 15358.6 14194 10264.1 3929.87 3582.46 1164.67 722.332
internal_count=46820 23313 14647 13622 8666 3105 1025 23507 21737 15502 6235 5561 1770 1057
is_linear=0
shrinkage=0.02


Tree=168
num_leaves=15
num_cat=0
split_feature=34 12 6 13 2 6 36 19 26 32 51 30 12 15
split_gain=3.1178 1.82192 2.42121 1.74428 2.84257 2.39322 2.12646 1.73196 1.60287 1.56018 1.63102 1.20024 2.33983 1.15465
threshold=0.22345985655842318 18.520236108624964 2.5000000000000004 1.3253763719364138 14.780648148148151 3.5000000000000004 1.5634920634920637 1.3776807425136461 0.5634920634920636 1.1500000000000001 0.25000000000000006 0.15833927152149488 18.282952909804052 3.1064983649340943
decision_type=2 2 2 2 2 2 2 2 2 2 2 2 2 2
left_child=1 11 7 4 5 -2 -6 -3 -4 10 -5 13 -13 -1
right_child=3 2 8 9 6 -7 -8 -9 -10 -11 -12 12 -14 -15
leaf_value=0.0010668052645511684 0.0015248075047406648 -0.00059087621716584504 -0.00019854334945247957 0.00080660764220885596 -0.00010137823568172907 -0.00075543518950876019 0.00086586107373532101 0.00041270832128050173 0.0011530121700092846 0.0011444542243000302 1.9100655752410963e-05 -0.00076485366120491755 -0.0037194131358543958 -0.00060598768093537221
leaf_weight=170.47917976975441 835.67823553085327 2864.7332318127155 567.32350718975067 1564.8719588220119 14748.611328125 228.17139142751694 965.89608520269394 891.37617617845535 871.35704666376114 1011.3152012526989 3285.0376463830471 461.20991662144661 144.19187498092651 2575.6675710976124
leaf_count=276 1196 4413 899 2452 21408 327 1429 1477 1376 1548 5197 706 210 3906
internal_value=7.21836e-06 -0.000317874 -8.10548e-05 0.000130398 2.59882e-05 0.00102587 -4.11877e-05 -0.000349958 0.000613568 0.000427466 0.000275486 -0.000681687 -0.00149495 -0.000497802
internal_weight=31185.9 8546.34 5194.79 22639.6 16778.4 1063.85 15714.5 3756.11 1438.68 5861.22 4849.91 3351.55 605.402 2746.15
internal_count=46820 13263 8165 33557 24360 1523 22837 5890 2275 9197 7649 5098 916 4182
is_linear=0
shrinkage=0.02


Tree=169
num_leaves=15
num_cat=0
split_feature=44 13 2 19 23 23 20 22 23 44 23 15 3 16
split_gain=4.11893 3.03706 2.78159 2.02717 1.95253 1.52616 1.49709 1.44866 1.41608 1.7066 1.59054 1.05579 0.843347 0.814714
threshold=1.223158362627401 0.95995021800316249 13.488159722222223 2.6905298340759392 0.55991636602004657 2.0260352104853125 -0.75377957088420888 -1.2552125058646306 1.0941198068228046 0.43967756076756653 1.4666012725087569 5.5916655845167051 36.534475162011212 8.7100000000000062
decision_type=2 2 2 2 2 2 2 2 2 2 2 2 2 2
left_child=3 2 -2 8 11 13 -6 -4 9 -1 -10 -3 -7 -5
right_child=1 4 7 5 6 12 -8 -9 10 -11 -12 -13 -14 -15
leaf_value=-0.0011779117445145184 0.0027261504892173846 0.0012590401122093847 -0.00050609409317899014 0.0008124145412573546 0.00013789091717889254 0.004040578298070128 0.00092364764177291128 0.00010419792726658215 -0.00082254377078201418 -8.8257747333546615e-05 3.0694404996986564e-05 -0.0011622689593743785 0.00085210082282770826 -0.00028051549925720151
leaf_weight=614.61491903662682 148.68075904250145 85.200039029121399 1917.6308263540268 549.95310887694359 1346.8341579139233 70.27738294005394 3788.9518992900848 8189.7820111215115 3218.9724187552929 9133.6274271011353 1168.5726330578327 350.21684610843658 82.461617052555084 520.14430537819862
leaf_count=1076 219 132 2725 853 2128 108 5854 11703 4952 13658 1896 552 133 831
internal_value=7.07433e-06 0.000233791 2.85464e-05 -0.00022591 0.000609688 0.000551876 0.000719667 -1.06779e-05 -0.000293969 -0.000158212 -0.000593105 -0.000662028 0.00241705 0.000272312
internal_weight=31185.9 15827.3 10256.1 15358.6 5571.2 1222.84 5135.79 10107.4 14135.8 9748.24 4387.55 435.417 152.739 1070.1
internal_count=46820 23313 14647 23507 8666 1925 7982 14428 21582 14734 6848 684 241 1684
is_linear=0
shrinkage=0.02


Tree=170
num_leaves=13
num_cat=0
split_feature=44 13 18 0 44 26 32 13 16 22 21 33
split_gain=2.56734 2.92432 2.94742 2.51024 2.22982 1.73268 1.57428 1.54999 1.12813 1.11961 1.11312 0.774924
threshold=2.1622464576547906 2.2092548836962744 0.73322595998167139 22.253401540639562 1.1067134549704036 1.5857142857142861 1.1500000000000001 0.09614755747849292 15.980000000000006 0.3674272757636885 0.781202210460059 0.25000000000000006
decision_type=2 2 2 2 2 2 2 2 2 2 2 2
left_child=1 2 4 11 -1 10 -4 8 -5 -9 -3 -2
right_child=3 5 6 7 -6 -7 -8 9 -10 -11 -12 -13
leaf_value=0.00040934508945348973 -0.0030456630346044106 -0.00083886183272129328 -0.00027189156882579578 0.00071174342343046022 0.0029605511952003195 0.0034248968116857843 0.00016735339818886434 0.0015966447391674785 -0.00059467269554266023 0.00048291376396521614 0.00063313807388624564 -0.00055352686247138504
leaf_weight=552.60724046826363 75.73376139998436 223.25632560253143 21464.820565491915 576.65741729736328 186.45061215758324 82.151397377252579 3818.1006087958813 863.06638842821121 480.41557487845421 678.67700681090355 1892.0982072651386 182.6458378136158
leaf_count=835 134 398 32025 812 265 137 5678 1280 669 1022 3131 306
internal_value=-5.0774e-05 -0.000108921 -0.000168398 0.000519702 0.00107271 0.000590349 -0.000205156 0.00070935 0.000108563 0.00111412 0.000472413 -0.00134019
internal_weight=31076.7 28219.5 26022 2857.2 739.058 2197.51 25282.9 2598.82 1057.07 1541.74 2115.35 258.38
internal_count=46692 42469 38803 4223 1100 3666 37703 3783 1481 2302 3529 440
is_linear=0
shrinkage=0.02


Tree=171
num_leaves=15
num_cat=0
split_feature=50 13 18 24 34 1 22 22 18 34 16 34 32 34
split_gain=3.03418 2.60084 2.576 2.37598 1.89179 1.99717 1.69473 1.53589 1.61916 1.39519 1.24805 1.12475 0.885351 0.877921
threshold=1.3500000000000003 1.9024647109500992 0.82379445179664568 1.1255537583367974 0.15000179802132654 23.671500000000005 -1.0179551335494377 -2.773713380978915 3.082549726681663 0.34349571661650552 3.0400000000000018 0.51268763751549484 0.8500000000000002 0.23932459734806485
decision_type=2 2 2 2 2 2 2 2 2 2 2 2 2 2
left_child=1 7 9 12 5 -4 -6 10 -9 -2 -1 -11 -3 -5
right_child=2 3 4 13 6 -7 -8 8 -10 11 -12 -13 -14 -15
leaf_value=-0.00113359765498916 0.0035817101313753807 0.00033104356888809944 -0.001628619999131547 0.00027455900146783742 -0.00023810713204651615 0.00018402641008685407 0.00038046227590083108 -0.00026672140492781766 -0.0011347455933640575 -0.00081975274106811571 0.0015484743909337654 0.0019237252861961959 -0.00082877930265860453 0.0026798129912977138
leaf_weight=83.562726557254791 125.00756141543388 1817.1206965744495 465.68225449323654 96.392396003007889 2282.4837927520275 487.57116252183914 7655.233544677496 16064.620482861996 915.76574212312698 87.780983567237854 306.70580267906189 158.29989609122276 302.56825709342957 227.88564437627792
leaf_count=127 190 3025 767 174 3323 816 11208 24003 1355 120 453 234 505 392
internal_value=-4.97263e-05 -0.000198967 0.000211951 0.000410003 0.00015494 -0.000692573 0.000237365 -0.000285259 -0.000314252 0.00184857 0.000945855 0.000906054 0.00016015 0.00200156
internal_weight=31076.7 19814.6 11262.1 2443.97 10891 953.253 9937.72 17370.7 16980.4 371.088 390.269 246.081 2119.69 324.278
internal_count=46692 30034 16658 4096 16114 1583 14531 25938 25358 544 580 354 3530 566
is_linear=0
shrinkage=0.02


Tree=172
num_leaves=15
num_cat=0
split_feature=44 13 18 44 18 12 13 31 44 22 22 22 51 43
split_gain=2.43281 2.74458 2.80533 2.13856 1.89508 1.90891 1.98311 1.67185 1.49361 1.30181 0.888241 0.849039 0.844472 0.737681
threshold=2.1622464576547906 2.2092548836962744 0.73322595998167139 1.1067134549704036 1.5907038024766227 19.137669156978372 0.41418302138711033 1.264971067075688 1.7181195861037657 0.68903266068296587 0.68903266068296587 1.3030850875895996 0.29999999999999999 0.65000000000000013
decision_type=2 2 2 2 2 2 2 2 2 2 2 2 2 2
left_child=1 2 3 -1 11 6 -6 -4 9 -3 -10 12 -2 -7
right_child=4 8 7 -5 5 13 -8 -9 10 -11 -12 -13 -14 -15
leaf_value=0.00039777837902561395 -0.0015752293498064978 -3.0097042983573579e-05 -0.00012371981035513147 0.0028967504130104644 -0.00027715961797998909 0.0011117772366254861 0.001086192896969898 -0.00055462656651452736 0.0025946201568574734 0.0010773105417829305 0.00036158408276285264 -0.0025482932626900625 0.00034592752565260851 0.0025808412890182819
leaf_weight=552.60724046826363 128.55788952112198 1226.6885449588299 20901.789737969637 186.45061215758324 872.68796372413635 437.77137476205826 816.54243531823158 4381.1314363181591 211.48348140716553 634.23206847906113 125.1018353998661 75.16469469666481 290.57598280906677 235.89564579725266
leaf_count=835 194 2042 31157 265 1242 678 1232 6546 335 1082 207 121 449 307
internal_value=-4.87126e-05 -0.000105324 -0.000162954 0.00104783 0.000506604 0.000744035 0.000376452 -0.000198823 0.000572086 0.000342709 0.00180122 -0.000606665 -0.000224272 0.00164711
internal_weight=31076.7 28219.5 26022 739.058 2857.2 2362.9 1689.23 25282.9 2197.51 1860.92 336.585 494.299 419.134 673.667
internal_count=46692 42469 38803 1100 4223 3459 2474 37703 3666 3124 542 764 643 985
is_linear=0
shrinkage=0.02


Tree=173
num_leaves=13
num_cat=0
split_feature=42 14 1 3 2 36 40 12 8 42 2 1
split_gain=2.2867 2.34793 2.52211 2.56321 2.01202 1.55185 1.49705 1.37536 1.35691 1.16404 1.94394 1.76506
threshold=0.95000000000000007 10.500000000000002 31.451833333333337 30.775857662636817 37.888750000000009 2.9500000000000006 0.15098232871244863 20.10868634568331 3.5000000000000004 1.3500000000000003 27.034500000000005 27.438500000000001
decision_type=2 2 2 2 2 2 2 2 2 2 2 2
left_child=1 2 3 -1 -4 9 8 -8 -3 11 -11 -2
right_child=5 6 4 -5 -6 -7 7 -9 -10 10 -12 -13
leaf_value=0.00044100464314387469 0.0011827337617662111 -3.9154595779963773e-05 0.0004903918641168464 -0.00025652938546705055 -0.0010805780361581 0.0031459596939136126 -0.0012180299108812327 0.0014818298408222452 -0.00059729410941943082 -0.00096233250779912641 0.0006869285480120542 3.4704728151260443e-05
leaf_weight=2576.2070193886757 1142.1928733289242 4188.518647313118 4939.0757822692394 11380.240719199181 343.69624933600426 81.769717454910278 1137.6144865751266 75.895936250686646 3033.6632948815823 577.09889128804207 558.41413816809654 1042.2931883335114
leaf_count=3931 1678 6112 7650 17358 527 126 1674 107 4368 834 784 1543
internal_value=-4.77032e-05 -0.000108151 1.33377e-05 -0.000127011 0.000385922 0.000440903 -0.000386352 -0.00103879 -0.000275085 0.000369415 -0.000142698 0.000640076
internal_weight=31076.7 27674.9 19239.2 13956.4 5282.77 3401.77 8435.69 1213.51 7222.18 3320 1135.51 2184.49
internal_count=46692 41727 29466 21289 8177 4965 12261 1781 10480 4839 1618 3221
is_linear=0
shrinkage=0.02


Tree=174
num_leaves=15
num_cat=0
split_feature=50 13 0 24 34 1 30 40 0 19 0 34 40 33
split_gain=2.83477 2.41838 2.29642 2.26117 1.58009 1.81417 1.70973 1.47333 1.42295 1.46011 1.13718 1.15301 0.913663 0.852645
threshold=1.3500000000000003 1.9024647109500992 14.476268463386758 1.1255537583367974 0.15000179802132654 23.671500000000005 -0.22113847010744803 0.020504313188072054 35.550294536415308 3.0810629760021295 12.99954192808349 0.55574857508023123 -0.27608697972068891 0.19999999999999998
decision_type=2 2 2 2 2 2 2 2 2 2 2 2 2 2
left_child=1 8 10 12 5 -4 -6 -5 9 -1 -2 -12 -3 -10
right_child=2 3 4 7 6 -7 -8 -9 13 -11 11 -13 -14 -15
leaf_value=-0.00028412700706266394 0.00022117578069482096 0.0023695970848318306 -0.0015651844402144357 0.00062341283271503684 0.00086538527065630215 0.00018789590327999528 0.00011836638493069181 0.0034148168538649225 -0.00092520242369975819 0.00062727064439898586 0.0014069741902695526 0.0045366899660554049 6.9376144903429595e-05 -0.003256466285656557
leaf_weight=16207.729394972324 132.99906432628632 70.095352500677109 439.03458306193352 175.38766983151436 1440.3010139465332 488.54572334885597 8535.1134288907051 148.89037054777145 353.20882004499435 726.72782349586487 142.29058972001076 83.774792224168777 2049.593601167202 82.988715708255768
leaf_count=24196 200 124 728 302 2076 818 12514 264 521 1091 201 121 3406 130
internal_value=-4.6732e-05 -0.000190996 0.000206189 0.000396169 0.000153189 -0.000632682 0.000227379 0.00194879 -0.000274219 -0.000244355 0.00177809 0.00264024 0.000152317 -0.0014044
internal_weight=31076.7 19814.6 11262.1 2443.97 10903 927.58 9975.41 324.278 17370.7 16934.5 359.064 226.065 2119.69 436.198
internal_count=46692 30034 16658 4096 16136 1546 14590 566 25938 25287 522 322 3530 651
is_linear=0
shrinkage=0.02


Tree=175
num_leaves=9
num_cat=0
split_feature=25 42 14 30 35 37 37 18
split_gain=3.18297 2.08107 1.81345 1.91093 1.76411 1.54917 1.39194 0.513149
threshold=2.7083333333333335 0.35000000000000003 8.5000000000000018 -0.16992390252785403 1.7750000000000001 0.0019896142343955505 1.2586526414815238 2.1291413237641019
decision_type=2 2 2 2 2 2 2 2
left_child=1 4 6 -4 5 -1 -3 -6
right_child=-2 2 3 -5 7 -7 -8 -9
leaf_value=-0.0014380063107649144 0.0029755343222135576 0.00072602533446371024 0.0005657649464599258 -6.0680716960105307e-05 0.00062503176042071832 -0.00013989892165124944 -0.00047867388725402903 0.0032788082968610143
leaf_weight=377.45742359757423 144.1098385155201 3090.7317132055759 2415.7351163625717 9936.5288116633892 69.417654603719711 14570.92749235034 426.21023443341255 70.627975344657898
leaf_count=614 204 4840 3516 14529 119 22089 665 120
internal_value=3.01683e-05 1.59431e-05 0.000176119 6.10957e-05 -0.00015186 -0.000173534 0.000577 0.00206111
internal_weight=31101.7 30957.6 15869.2 12352.3 15088.4 14948.4 3516.94 140.046
internal_count=46696 46492 23550 18045 22942 22703 5505 239
is_linear=0
shrinkage=0.02


Tree=176
num_leaves=9
num_cat=0
split_feature=25 23 0 2 40 32 40 40
split_gain=3.05862 1.71518 2.31616 2.69448 1.92806 1.87867 1.77378 1.33435
threshold=2.7083333333333335 0.80433220032392627 16.839552652505429 20.93383333333334 -0.048888185833791793 0.45000000000000007 -0.46012791514524604 0.10273828012840891
decision_type=2 2 2 2 2 2 2 2
left_child=1 2 4 -4 -1 7 -7 -3
right_child=-2 5 3 -5 -6 6 -8 -9
leaf_value=0.0011965031012515319 0.0029168382193726153 -1.4297984165383411e-05 -0.00090404970652188546 -0.00010380894427593829 -9.1083314254017619e-05 0.0028124272631967584 0.0002061122663875106 -0.00074173772941636142
leaf_weight=764.82764256000519 144.1098385155201 3707.8598949313164 2459.9292609095573 5433.8255784213543 1149.6401810050011 103.8201604783535 15938.784496307373 1398.9492069482803
leaf_count=1144 204 5693 3705 8046 1750 158 23849 2147
internal_value=2.95728e-05 1.56218e-05 -0.000202582 -0.00035462 0.0004188 0.000117298 0.000223951 -0.000215741
internal_weight=31101.7 30957.6 9808.22 7893.75 1914.47 21149.4 16042.6 5106.81
internal_count=46696 46492 14645 11751 2894 31847 24007 7840
is_linear=0
shrinkage=0.02


Tree=177
num_leaves=14
num_cat=0
split_feature=44 13 30 27 16 47 27 12 20 44 2 20 27
split_gain=3.11738 2.31075 1.7059 1.55182 1.54109 1.46532 2.39033 2.09314 1.92728 1.71221 1.46166 1.45696 1.1195
threshold=1.6983129739208185 0.93915451966420094 0.082843569151928365 2.3865142105686705 7.0900000000000025 1.5576072099104563 1.4102967503030166 19.904807244864589 -0.13339849991508848 1.1398252750614755 23.774416666666671 0.78277989777454071 2.0687430439901795
decision_type=2 2 2 2 2 2 2 2 2 2 2 2 2
left_child=5 3 4 11 -3 6 9 8 -7 -1 -9 -2 -4
right_child=1 2 12 -5 -6 7 -8 10 -10 -11 -12 -13 -14
leaf_value=-0.00016693024360561068 -0.00014073621597800417 -0.00013153033718694182 -4.7536281206669712e-05 0.0028138816061704748 0.0015109516373693805 -0.0012588971940526903 0.0036661261918543631 0.0033219752653974211 -0.00020866240323920261 0.00021483023636855708 0 0.00067254127006848529 0.0021934754155598533
leaf_weight=13312.477467447519 3369.0849513411522 258.92099210619926 849.15898463129997 82.247041255235672 1416.0266997814178 1164.0528430342674 68.129527926445007 88.752327233552933 1819.0983193814754 7250.193716019392 139.84687796235085 1187.0365620851517 96.719949871301651
leaf_count=20414 4842 432 1286 106 2173 1747 101 127 2719 10712 205 1686 146
internal_value=2.89752e-05 0.000392034 0.000867129 0.000121176 0.00125123 -8.11672e-05 -1.87805e-05 -0.000478537 -0.000622392 -3.18312e-05 0.00134448 6.91606e-05 0.000175211
internal_weight=31101.7 7259.2 2620.83 4638.37 1674.95 23842.6 20630.8 3211.75 2983.15 20562.7 228.599 4556.12 945.879
internal_count=46696 10671 4037 6634 2605 36025 31227 4798 4466 31126 332 6528 1432
is_linear=0
shrinkage=0.02


Tree=178
num_leaves=15
num_cat=0
split_feature=44 13 33 40 19 36 15 42 12 44 27 14 19 44
split_gain=2.99515 3.0519 2.12583 1.99717 1.71268 1.56626 1.54671 1.38249 1.29456 2.99472 1.14679 1.00527 1.43748 0.975903
threshold=1.4790090002074414 0.96921122962801054 -0.24999999999999992 -0.020203473149351697 0.75842448525587447 0.47222222222222227 18.794385591090798 0.8500000000000002 19.837761282550353 1.3800372523707047 0.3452594600880135 8.5000000000000018 -0.66066054846490718 0.5700522215856576
decision_type=2 2 2 2 2 2 2 2 2 2 2 2 2 2
left_child=3 4 -3 11 7 -6 -4 -2 10 -10 -5 13 -13 -1
right_child=1 2 6 8 5 -7 -8 -9 9 -11 -12 12 -14 -15
leaf_value=-0.00079650104759108203 -0.00037223979716557244 0.0021092144842625097 0.00040787311094057026 -0.00082055815858741933 0.001557249217443439 0.00023086621958244382 0.0016670641986991394 0.0004005469658183411 3.9354485781686615e-05 0.0039479189337259428 -0.00026017580167093441 -0.00036832239757536757 0.00020910259457731386 0.00064181177546626992
leaf_weight=202.57561019062996 3438.2692324519157 420.01741525530815 2843.170579046011 1803.4159132838249 456.35254323482513 1725.1428845524788 460.75668236613274 1254.8935846090317 871.4524727165699 84.800059348344803 8350.1810016334057 2758.0983004570007 4591.4356839358807 1841.1842969954014
leaf_count=356 4961 652 4436 2888 674 2463 682 1718 1303 116 12678 4037 6821 2911
internal_value=2.84172e-05 0.000301623 0.00076277 -0.000112338 5.02203e-05 0.000514088 0.000587404 -0.000163394 -0.000294049 0.000403916 -0.000360834 0.000101532 -6.27171e-06 0.00049372
internal_weight=31101.7 10598.6 3723.94 20503.1 6874.66 2181.5 3303.93 4693.16 11109.8 956.253 10153.6 9393.29 7349.53 2043.76
internal_count=46696 15586 5770 31110 9816 3137 5118 6679 16985 1419 15566 14125 10858 3267
is_linear=0
shrinkage=0.02


Tree=179
num_leaves=14
num_cat=0
split_feature=42 13 24 20 26 47 40 46 40 23 40 16 27
split_gain=1.97948 2.51456 2.76482 2.34002 2.30794 2.02492 1.60209 1.6693 1.5439 1.4761 1.08787 0.926054 0.665153
threshold=0.35000000000000003 2.1035913578480474 1.4598201191489864 0.36211350026449557 1.4722222222222225 2.8292693961874349 -0.0027423677506924994 0.41428571428571431 -1.0000000180025095e-35 0.8160421725029211 -0.0036249298032919497 3.7200000000000011 1.9881855510444739
decision_type=2 2 2 2 2 2 2 2 2 2 2 2 2
left_child=5 2 4 -4 -2 6 10 -8 11 -10 -1 -3 -7
right_child=1 8 3 -5 -6 12 7 -9 9 -11 -12 -13 -14
leaf_value=5.9216928694128937e-06 8.3979533422124143e-05 0.0036433665603842662 0.00045011258285294382 0.00252654951898598 -0.001172798210810493 0.0031235714323839142 -0.0015937716443738743 -0.00030099465291716707 -0.0013123960528846851 0.00082292866616785764 0.0022406572574965589 0.0013303700664925818 0.00058356477837248003
leaf_weight=7823.1368992626667 12863.886384427547 84.010159194469452 731.35947865247726 317.77545580267906 609.92532750964165 93.055802851915359 428.52822178602219 6622.8945634067059 169.09217214584351 510.84025266766548 86.243633925914764 665.48714426159859 95.510764181613922
leaf_count=11819 18977 139 1034 434 875 158 706 10089 277 856 124 1072 136
internal_value=2.78857e-05 0.000183629 0.000104016 0.00109217 2.61807e-05 -0.000135456 -0.000162146 -0.000381407 0.000984234 0.00027494 3.21135e-05 0.00161194 0.00190914
internal_weight=31101.7 15952.4 14522.9 1049.13 13473.8 15149.4 14960.8 7051.42 1429.43 679.932 7909.38 749.497 188.567
internal_count=46696 23664 21320 1468 19852 23032 22738 10795 2344 1133 11943 1211 294
is_linear=0
shrinkage=0.02


Tree=180
num_leaves=14
num_cat=0
split_feature=44 25 20 46 41 41 40 40 1 20 31 31 31
split_gain=3.75128 1.52687 1.47529 1.33482 1.34934 1.32164 1.44398 1.30157 1.22855 1.20109 1.09707 0.987759 0.504188
threshold=1.6983129739208185 1.4500000000000002 -1.0000000180025095e-35 1.1833333333333336 1.7701313944524941 2.072495528261348 0.23082447751797083 0.39360294008421243 30.306833333333344 -0.98333817583915806 1.5311507293249489 2.0873959220203924 1.0000000180025095e-35
decision_type=2 2 2 2 2 2 2 2 2 2 2 2 2
left_child=1 5 8 12 10 6 -1 -7 -3 -6 -5 -4 -2
right_child=3 2 11 4 9 7 -8 -9 -10 -11 -12 -13 -14
leaf_value=-0.00011360465718223768 -0.0025960186615109956 -0.0024822258081085937 -0.00053217241304457394 0.00053013614278355826 0.0012406493544942603 0.00043496564759189704 -0.00084487837016957725 0.0034329620669307755 -0.00026127970348381266 -0.0017184019679242918 -0.00038540748159001113 0.0018914536291571424 0
leaf_weight=20873.168318510056 79.323307245969772 305.55533647537231 712.58591166138649 6217.6835712194443 68.431555420160294 603.70755660533905 1143.4383619725704 64.216104596853256 163.95200249552727 210.12347033619881 557.3341845870018 71.041697859764099 51.223483949899673
leaf_count=31501 148 444 1061 9065 103 964 1711 109 257 333 824 112 93
internal_value=-4.26394e-05 -0.000163219 -0.000843662 0.000357676 0.000396081 -0.000125118 -0.000152111 0.000747517 -0.00173228 -0.000952157 0.000453254 -0.000295468 -0.00161658
internal_weight=31121.8 23937.7 1253.13 7184.12 7053.57 22684.5 22016.6 667.924 469.507 278.555 6775.02 783.628 130.547
internal_count=46725 36159 1874 10566 10325 34285 33212 1073 701 436 9889 1173 241
is_linear=0
shrinkage=0.02


Tree=181
num_leaves=15
num_cat=0
split_feature=44 30 19 30 2 33 15 13 23 44 18 30 3 37
split_gain=3.60171 1.82439 2.56467 2.27988 1.9713 2.06225 1.87871 1.67603 2.22316 1.45572 1.78465 1.39332 1.09675 0.67114
threshold=1.6983129739208185 0.22251759559785864 1.3320661510040248 0.29953766025990264 37.356083333333338 0.19999999999999998 13.784524838845163 0.14125109274087677 1.2075068587555811 1.7181195861037657 1.326441321015108 -0.050480435869457489 49.701039733564834 0.55967718533024191
decision_type=2 2 2 2 2 2 2 2 2 2 2 2 2 2
left_child=1 4 3 -3 5 -1 -4 9 12 -2 -11 -10 -9 -6
right_child=7 2 6 -5 13 -7 -8 8 11 10 -12 -13 -14 -15
leaf_value=0.00017603172916711961 0.00237680727782513 -0.0017631850809139732 -7.3628467767621926e-05 -0.00037886262344542782 -0.0010997249351528593 -0.00023216472812431809 0.0030704279578428651 0.00071396452892013283 0.0008660211515879809 0.0012434286770434163 -0.00026584981018353909 -0.00084143138499787008 0.0018771613393414805 -0.0034774213268433424
leaf_weight=8221.9811379015446 97.476198524236679 939.91360303759575 998.85263606905937 1010.5464393794537 233.36295288801193 12384.382839679718 79.898579746484756 2869.8242373764515 277.45441660284996 352.95786693692207 2620.9552414119244 584.4737241268158 380.97788777947426 68.727101475000381
leaf_count=12161 133 1385 1540 1514 363 18962 124 4293 468 492 3685 915 580 110
internal_value=-4.18033e-05 -0.00015996 -0.000619096 -0.0010522 -9.29096e-05 -6.8807e-05 0.000155237 0.000350442 0.000614336 0 -8.2646e-05 -0.000279495 0.00085443 -0.00169286
internal_weight=31121.8 23937.7 3029.21 1950.46 20908.5 20606.4 1078.75 7184.12 4112.73 3071.39 2973.91 861.928 3250.8 302.09
internal_count=46725 36159 4563 2899 31596 31123 1664 10566 6256 4310 4177 1383 4873 473
is_linear=0
shrinkage=0.02


Tree=182
num_leaves=10
num_cat=0
split_feature=14 34 13 20 43 14 13 23 36
split_gain=2.16083 2.03444 1.92873 1.95607 1.70319 1.65419 2.22798 1.60732 1.18031
threshold=14.500000000000002 1.3077082527503954 2.1687485704780323 4.1271819338291982 -0.44999999999999996 8.5000000000000018 0.61115202094583509 0.91577195527446731 1.8944444444444446
decision_type=2 2 2 2 2 2 2 2 2
left_child=1 2 4 -4 -1 8 -7 -2 -3
right_child=7 5 3 -5 -6 6 -8 -9 -10
leaf_value=0.0010860532734196186 -0.00026181470654592075 0.00025721860568339577 0.00035488102149005738 0.0033504448031059352 -0.00013806945825256886 0.00041741586002047056 0.0021802177241020677 -0.0038633599855612071 -0.002042825474743981
leaf_weight=459.06336033344269 109.13109776377678 247.21715003252029 2322.4138214886189 89.779497116804123 26254.162053257227 992.97174462676048 414.14052283763885 100.48116847872734 132.4244470000267
leaf_count=666 147 392 3882 143 39055 1418 674 139 209
internal_value=-4.09644e-05 -2.68469e-05 -6.73607e-05 0.000473198 -0.000116579 0.000627303 0.000945697 -0.00205573 -0.000525368
internal_weight=31121.8 30912.2 29125.4 2412.19 26713.2 1786.75 1407.11 209.612 379.642
internal_count=46725 46439 43746 4025 39721 2693 2092 286 601
is_linear=0
shrinkage=0.02


Tree=183
num_leaves=10
num_cat=0
split_feature=14 30 24 23 2 19 30 23 5
split_gain=2.07891 1.7029 3.04392 2.75922 2.1142 1.98295 3.36682 1.54293 1.37126
threshold=14.500000000000002 0.22251759559785864 0.97060291641036878 0.65971028384171149 38.212750000000007 0.83865929771655889 0.29953766025990264 0.91577195527446731 49.999882700699111
decision_type=2 2 2 2 2 2 2 2 2
left_child=1 2 4 -4 -1 6 -3 -2 -7
right_child=7 5 3 -5 -6 8 -8 -9 -10
leaf_value=-8.0698534326661237e-05 -0.00025667262151936006 -0.0016069729146753196 -0.00056187612065598585 0.00054914007179087982 -0.0030422411250139361 -6.2047196981623867e-05 -8.7318182193092542e-05 -0.0037876006071478115 0.002086785812656331
leaf_weight=19306.799515396357 109.13109776377678 1079.5359263718128 1037.000115185976 6113.3597346544266 95.127403736114502 1857.4756256043911 1298.3346517980099 100.48116847872734 124.53962394595146
leaf_count=29196 147 1578 1556 9041 147 2799 1922 139 200
internal_value=-4.01241e-05 -2.62706e-05 3.35435e-05 0.000386502 -9.60464e-05 -0.000392687 -0.000782203 -0.00201634 6.99016e-05
internal_weight=31121.8 30912.2 26552.3 7150.36 19401.9 4359.89 2377.87 209.612 1982.02
internal_count=46725 46439 39940 10597 29343 6499 3500 286 2999
is_linear=0
shrinkage=0.02


Tree=184
num_leaves=13
num_cat=0
split_feature=44 2 0 2 2 14 0 43 29 23 23 23
split_gain=3.35512 1.59196 1.71451 2.20378 1.59252 1.53248 2.51079 2.83393 1.80768 2.00303 1.50799 0.832583
threshold=1.6983129739208185 37.356083333333338 33.472846538254935 34.434000000000005 33.059559523809533 10.500000000000002 32.440410577581581 0.45000000000000007 2.2500000000000004 1.1900337852645604 1.1426283575580098 1.2716137406546848
decision_type=2 2 2 2 2 2 2 2 2 2 2 2
left_child=1 2 4 -4 -1 8 7 -7 9 -2 -8 -3
right_child=5 11 3 -5 -6 6 10 -9 -10 -11 -12 -13
leaf_value=-0.00013973817793314547 0.00068839110438871144 -0.0019646906492396367 0.0015617851777730207 -1.0359752742846896e-05 -0.00092200518533435913 -0.00034965973380125359 -0.0016530367503094746 0.0014326892507273527 0.0030881603853103986 -0.00027149897242248125 0.00056074532778998371 0.00041962061397981111
leaf_weight=20887.37595257163 3825.7966768741608 283.98193708062172 521.53317156434059 1079.9148874878883 1100.157561391592 895.24276828765869 511.15405476093292 584.579549908638 107.56629067659378 1106.8910116553307 152.8892205953598 64.701780080795288
leaf_count=31467 5657 442 749 1579 1819 1302 710 808 143 1731 215 103
internal_value=-3.93626e-05 -0.000153414 -0.000133051 0.000496703 -0.000179414 0.000339205 -0.000104737 0.000348663 0.000529985 0.000470943 -0.00112817 -0.00149387
internal_weight=31121.8 23937.7 23589 1601.45 21987.5 7184.12 2143.87 1479.82 5040.25 4932.69 664.043 348.684
internal_count=46725 36159 35614 2328 33286 10566 3035 2110 7531 7388 925 545
is_linear=0
shrinkage=0.02


Tree=185
num_leaves=15
num_cat=0
split_feature=34 23 50 37 34 30 40 5 29 22 37 40 27 15
split_gain=2.17292 1.53278 1.46166 2.32999 2.10819 1.40757 1.54093 1.51161 1.34701 1.28486 1.1308 0.998054 0.82756 0.696004
threshold=0.29009663342637554 1.6092065161018365 0.8500000000000002 0.20331903259571618 0.29804413164681609 -0.082868711746806892 -0.0019103160912635998 49.65047544930308 1.7500000000000002 -1.2764931726311286 0.0060726266826009014 -0.10302397637095954 1.0170604001421626 2.7005166739282065
decision_type=2 2 2 2 2 2 2 2 2 2 2 2 2 2
left_child=1 5 3 11 12 6 -1 -7 -5 -6 -3 -2 -4 -12
right_child=2 10 4 8 9 7 -8 -9 -10 -11 13 -13 -14 -15
leaf_value=0.00036427453216401521 0.0029124166750233811 -0.0012851049698958394 0.0028671228149446414 -0.00037628185477268 -0.00020975200005482882 -0.000537689167457722 -0.00046299383653692272 0.00054992016423869184 0.0017387973354249934 0.00027223166112549994 -0.00031593483018228335 6.0653435027083811e-05 0.00030705861126553247 0.0012368913876038292
leaf_weight=2232.3751421272755 128.91865277290344 101.7425791323185 164.48901501297951 3927.0793559849262 2658.1487899124622 6387.4293291568756 1504.3709183633327 545.00825747847557 120.81693777441978 12599.115743666887 132.50880715250969 90.454433172941208 86.662264674901962 558.05892622470856
leaf_count=3344 197 168 252 5996 3882 9731 2365 871 184 18402 244 144 129 921
internal_value=5.67087e-07 -0.000218198 0.000127873 -0.000198627 0.000218371 -0.000281902 2.84816e-05 -0.000450608 -0.000309857 0.000187588 0.000625594 0.00179289 0.00203265 0.000924438
internal_weight=31237.2 11461.5 19775.7 4267.27 15508.4 10669.2 3736.75 6932.44 4047.9 15257.3 792.31 219.373 251.151 690.568
internal_count=46830 17644 29186 6521 22665 16311 5709 10602 6180 22284 1333 341 381 1165
is_linear=0
shrinkage=0.02


Tree=186
num_leaves=14
num_cat=0
split_feature=34 14 0 8 15 26 46 50 37 34 4 40 40
split_gain=2.08745 2.30453 2.67633 1.35129 1.8892 1.6664 1.52105 1.34507 2.04132 1.96336 1.33665 1.29887 1.22953
threshold=0.29009663342637554 13.500000000000002 22.253401540639562 2.5000000000000004 2.5257590925032756 0.2678571428571429 1.6833333333333336 0.8500000000000002 0.20331903259571618 0.29804413164681609 32.632012808907525 -0.037276689888633745 -0.019017452039343897
decision_type=2 2 2 2 2 2 2 2 2 2 2 2 2
left_child=3 7 -3 4 -1 -6 12 8 -2 -9 -8 -4 -5
right_child=1 2 11 6 5 -7 10 9 -10 -11 -12 -13 -14
leaf_value=0.0027662576858743233 0.0017453912765966772 0.00093584798550743506 -0.00084421066455387674 0 -0.0014366394352625304 0.00030484353403557282 -0.0041772290244980002 0.0020086490142382629 -0.00026188098102050824 0.00021731837504893715 -0.00097187476775454501 -0.0034701141669050595 -0.00047400168944192167
leaf_weight=109.92028397321701 210.7463872730732 148.06011646986008 158.43135514855385 4006.4643204808235 247.25301998853683 1814.8112187683582 61.747871518135071 248.46475434303284 3951.3880877792835 14887.540130287409 408.84851282835007 171.05436167120934 4812.4487320780754
leaf_count=174 330 197 210 6074 384 2730 95 377 6050 21790 660 232 7527
internal_value=5.77667e-07 0.000125361 -0.00124185 -0.000213836 0.000232456 8.99955e-05 -0.000319288 0.000159837 -0.000157053 0.000247646 -0.00142951 -0.00225034 -0.000258599
internal_weight=31237.2 19775.7 477.546 11461.5 2171.98 2062.06 9289.51 19298.1 4162.13 15136 470.596 329.486 8818.91
internal_count=46830 29186 639 17644 3288 3114 14356 28547 6380 22167 755 442 13601
is_linear=0
shrinkage=0.02


Tree=187
num_leaves=12
num_cat=0
split_feature=44 19 34 40 34 2 36 23 23 23 30
split_gain=2.02634 1.84592 1.78824 1.70246 1.86836 1.83587 1.52153 1.68909 1.26881 1.0083 0.925325
threshold=1.748814166367971 2.9084691529654125 0.18747767403713478 -0.0056029176068885991 0.9369882268557751 14.039333333333333 0.47222222222222227 0.96399011974634419 0.56759426192857965 2.1808295935743547 -0.12031732917902534
decision_type=2 2 2 2 2 2 2 2 2 2 2
left_child=1 3 -2 5 -5 -1 8 -8 -4 10 -3
right_child=2 9 6 4 -6 -7 7 -9 -10 -11 -12
leaf_value=0.00086016263241944194 -0.0023358532395394774 -0.0010512146829283503 -0.0012749412955167911 -0.00035803659121289781 0.00099255174138938081 -3.5213714029788248e-05 0.00062693353261738789 -7.050293906468327e-05 0.0013524834632067575 0.0023501523897499588 0.00065200342349818754
leaf_weight=993.86894774436951 97.56904673576355 138.83339527249336 75.233477056026459 10584.476994216442 420.68721914291382 11276.534767091274 2424.8920004367828 3195.9283539950848 823.95434838533401 125.24379676580429 1079.9568057656288
leaf_count=1472 183 226 125 16056 641 16842 3499 4680 1228 204 1674
internal_value=5.49249e-07 -8.26478e-05 0.000311512 -0.000124642 -0.000305329 3.66228e-05 0.000353366 0.000228717 0.00111921 0.000636266 0.000448393
internal_weight=31237.2 24619.6 6617.58 23275.6 11005.2 12270.4 6520.01 5620.82 899.188 1344.03 1218.79
internal_count=46830 37115 9715 35011 16697 18314 9532 8179 1353 2104 1900
is_linear=0
shrinkage=0.02


Tree=188
num_leaves=14
num_cat=0
split_feature=34 14 0 23 30 20 50 34 14 34 20 8 46
split_gain=1.97052 2.21411 2.57279 1.44785 1.35607 1.5382 1.28374 1.89368 1.29831 1.0509 0.931113 0.868393 0.867971
threshold=0.29009663342637554 13.500000000000002 22.253401540639562 1.6092065161018365 -0.082868711746806892 0.55583119857577057 0.8500000000000002 0.29804413164681609 10.500000000000002 0.55574857508023123 -4.0595413389333723 2.5000000000000004 0.5277777777777779
decision_type=2 2 2 2 2 2 2 2 2 2 2 2 2
left_child=3 6 -3 4 5 -1 8 -8 -2 -4 -6 -5 -13
right_child=1 2 9 11 10 -7 7 -9 -10 -11 -12 12 -14
leaf_value=-0.00023276470313933752 6.5828422849615627e-05 0.00091592048500273836 -0.0008100620731647984 0.0019583065131484425 0.00057004490097805043 0.00064527569594054787 0.0019708898705557273 0.00021157718793890945 -0.00071418595470272605 -0.0032129746536261878 -0.0004887889662163903 -0.0010775215057078633 0.00067260680378498233
leaf_weight=2586.9797455966473 2977.7561079263687 148.06011646986008 143.5751573741436 154.44713145494461 339.58865103125572 1149.766314893961 248.46475434303284 14887.540130287409 1184.378367125988 185.91055944561958 6592.8489356040955 141.86057123541832 496.00260981917381
leaf_count=3988 4638 197 193 243 535 1721 377 21790 1742 249 10067 242 848
internal_value=5.34054e-07 0.000121781 -0.00121831 -0.000207778 -0.000269716 3.49271e-05 0.000155584 0.000241374 -0.000153968 -0.00220726 -0.00043533 0.000612253 0.000265599
internal_weight=31237.2 19775.7 477.546 11461.5 10669.2 3736.75 19298.1 15136 4162.13 329.486 6932.44 792.31 637.863
internal_count=46830 29186 639 17644 16311 5709 28547 22167 6380 442 10602 1333 1090
is_linear=0
shrinkage=0.02


Tree=189
num_leaves=15
num_cat=0
split_feature=34 14 34 2 23 30 20 50 34 22 21 3 2 8
split_gain=1.89196 2.12741 2.53308 1.86553 1.3909 1.3022 1.47742 1.23291 1.81912 1.29277 1.13208 0.935147 2.21643 1.19315
threshold=0.29009663342637554 13.500000000000002 0.87504216314188021 21.658592592592594 1.6092065161018365 -0.082868711746806892 0.55583119857577057 0.8500000000000002 0.29804413164681609 1.7621489800880756 1.0281641745731482 41.803778547153051 18.427981481481485 2.5000000000000004
decision_type=2 2 2 2 2 2 2 2 2 2 2 2 2 2
left_child=4 7 3 -3 5 6 -1 9 -9 -2 -7 13 -13 -6
right_child=1 2 -4 -5 11 10 -8 8 -10 -11 -12 12 -14 -15
leaf_value=-0.00022811300385432141 -2.259158505919005e-05 0.0017277756875405748 -0.0039869721340315949 -0.0013268900214997697 0.003201533520375853 -0.00019396637532453819 0.00063239257906166609 0.0019317868331554004 0.00020734620204256491 -0.0011409708243246709 -0.00071310250812505816 -0.0034098748822114244 0.00065477442591138169 0.00062873196372948239
leaf_weight=2586.9797455966473 3695.5763920843601 110.18152996897697 100.90591239929199 266.45839092135429 91.005389153957367 3847.0888558030128 1149.766314893961 248.46475434303284 14887.540130287409 466.5580829679966 3085.3487308323383 67.753559768199921 224.41500109434128 409.13636249303818
leaf_count=3988 5664 141 143 355 144 5996 1721 377 21790 716 4606 116 410 663
internal_value=5.30376e-07 0.000119342 -0.0011942 -0.000402467 -0.000203581 -0.000264301 3.41795e-05 0.000152485 0.000236566 -0.000150847 -0.000426594 0.000600086 -0.000270594 0.00112768
internal_weight=31237.2 19775.7 477.546 376.64 11461.5 10669.2 3736.75 19298.1 15136 4162.13 6932.44 792.31 292.169 500.142
internal_count=46830 29186 639 496 17644 16311 5709 28547 22167 6380 10602 1333 526 807
is_linear=0
shrinkage=0.02


Tree=190
num_leaves=15
num_cat=0
split_feature=44 7 44 19 23 23 15 23 46 42 39 27 26 37
split_gain=1.91539 2.27315 1.93998 1.67414 1.59222 1.69248 1.53276 2.07254 1.5621 1.46868 1.36783 1.34457 0.960741 0.878271
threshold=1.3323325273529816 1.0000000180025095e-35 2.9945963013801138 2.9084691529654125 1.0838527669718589 0.94755377055344947 15.710714185971348 0.88207140719541466 1.4722222222222225 0.75000000000000011 1.0000000180025095e-35 1.1174894577029391 1.1055555555555558 1.7366486748380328
decision_type=2 2 2 2 2 2 2 2 2 2 2 2 2 2
left_child=3 6 10 4 5 -1 8 -8 -2 12 -3 -6 -5 -4
right_child=1 2 13 9 11 -7 7 -9 -10 -11 -12 -13 -14 -15
leaf_value=-0.00019619227898740328 0.00032828602727555297 0.00067067195504015131 0.00036560332580859841 0.00015153086575098355 -0.00039967566165945368 0.00041446804044629879 0.0017303403803015857 2.6636195098542916e-05 -0.00047588629336536045 0.0030742840567461413 8.3911752882100295e-05 -0.0016391719446470841 0.0022899767893929668 0.0030364176848099653
leaf_weight=8827.5400787293911 1277.0572624206543 2927.150134563446 84.655268222093582 878.62481608986855 5046.0203847587109 2277.3979290723801 376.38495200872421 1216.5506883561611 3814.4966569542885 87.68566831946373 3573.7049109339714 381.86058011651039 92.929485887289047 160.51394501328468
leaf_count=13295 1928 4351 132 1343 7862 3426 551 1771 5562 148 5207 586 169 251
internal_value=-2.08619e-05 0.000158612 0.000417853 -0.00015845 -0.000208308 -7.00058e-05 -0.000101567 0.000437129 -0.000272172 0.000609238 0.000349776 -0.00048929 0.00037063 0.00216508
internal_weight=31022.6 13430.5 6746.02 17592.1 16532.8 11104.9 6684.49 1592.94 5091.55 1059.24 6500.86 5427.88 971.554 245.169
internal_count=46582 19753 9941 26829 25169 16721 9812 2322 7490 1660 9558 8448 1512 383
is_linear=0
shrinkage=0.02


Tree=191
num_leaves=15
num_cat=0
split_feature=50 1 31 47 20 4 1 31 30 0 31 1 30 19
split_gain=2.29672 2.40581 1.93366 1.80168 1.76303 1.39162 1.52199 1.21275 2.34845 1.12845 1.07614 1.0011 0.959442 0.850049
threshold=0.75000000000000011 28.450833333333339 1.4331081508618353 3.3658780001312776 -5.1724738637396426 47.721375232174672 36.36716666666667 2.1237862865880301 0.16473014118668447 11.126576909266669 0.65340765548530977 33.961166666666671 0.28796929835067619 0.34739081040530279
decision_type=2 2 2 2 2 2 2 2 2 2 2 2 2 2
left_child=1 9 3 4 -2 6 -3 12 -9 -1 -11 -5 -4 -7
right_child=2 5 7 11 -6 13 -8 8 -10 10 -12 -13 -14 -15
leaf_value=0.0015747432871219935 0.0015418031006836409 0.00096678497503109367 -0.00089202377082743512 0.002568622615903733 9.0496545573310794e-05 -0.0011072329903008807 -0.002100293433383079 0.0038020367175381864 -0.0001253630071317867 -0.00083437439080470785 -0.00022751127537269419 -8.93287533028144e-06 -2.9329376363362776e-06 0.00025152352882745646
leaf_weight=92.789975643157959 339.42239993810654 978.79805395007133 1559.0830980241299 185.51911148428917 20799.300176113844 338.2744482755661 65.570631295442581 71.662699639797211 327.13394856452942 3107.8535649776459 1960.9940710067749 77.541673213243484 737.58375173807144 381.04515758156776
leaf_count=158 524 1545 2330 268 30919 539 106 133 557 4791 2898 105 1082 627
internal_value=-2.03809e-05 -0.000341579 7.15343e-05 0.000135481 0.000114417 0.000292172 0.000761015 -0.000432215 0.000570881 -0.000560093 -0.000601751 0.00177678 -0.00061109 -0.000374894
internal_weight=31022.6 6925.33 24097.2 21401.8 21138.7 1763.69 1044.37 2695.46 398.797 5161.64 5068.85 263.061 2296.67 719.32
internal_count=46582 10664 35918 31816 31443 2817 1651 4102 690 7847 7689 373 3412 1166
is_linear=0
shrinkage=0.02


Tree=192
num_leaves=15
num_cat=0
split_feature=50 1 31 47 24 47 24 23 2 30 4 34 3 3
split_gain=2.20592 2.30998 1.85749 1.72939 1.59542 3.25884 1.54322 1.24251 1.20951 1.10052 1.03542 1.70874 1.50794 1.02475
threshold=0.75000000000000011 28.450833333333339 1.4331081508618353 3.3658780001312776 0.37229636590520737 0.68441159786584371 1.3779418393734286 0.86200640199274869 13.292442129629631 0.24505491624268932 46.553047254303657 0.56481934454471217 31.724347919242003 47.856451489692638
decision_type=2 2 2 2 2 2 2 2 2 2 2 2 2 2
left_child=1 10 3 8 5 -4 9 -6 -2 -3 12 -12 -1 -8
right_child=2 6 4 -5 7 -7 13 -9 -10 -11 11 -13 -14 -15
leaf_value=-6.1146077247978685e-05 0.00087940700717621168 0.00069383691032184306 -0.0025136876040929442 0.0017408783385324019 -0.0013717365743327169 0.0027342628621403755 -8.4044550775960888e-05 -0.00031224684034124756 8.1712951499543035e-05 -0.00079621893901946007 0.00061545723371610205 -0.002468262679929647 -0.00088236092625440055 -0.0034166329723031991
leaf_weight=1269.1296735703945 791.67019337415695 1379.1473640501499 63.589040189981461 263.06078469753265 595.70558571815491 158.55912321805954 93.841503024101257 1877.609748840332 20347.052382677794 223.89213261008263 547.8652124106884 80.120594561100006 3264.5221310853958 66.80729141831398
leaf_count=1916 1201 2183 119 373 879 297 161 2807 30242 353 848 123 4960 120
internal_value=-1.99662e-05 -0.000334756 7.01069e-05 0.000132789 -0.000423604 0.00117842 0.00028617 -0.00057237 0.000112141 0.000478762 -0.000548887 0.000199565 -0.000654807 -0.00155639
internal_weight=31022.6 6925.33 24097.2 21401.8 2695.46 222.148 1763.69 2473.32 21138.7 1603.04 5161.64 627.986 4533.65 160.649
internal_count=46582 10664 35918 31816 4102 416 2817 3686 31443 2536 7847 971 6876 281
is_linear=0
shrinkage=0.02


Tree=193
num_leaves=13
num_cat=0
split_feature=44 19 0 42 45 31 20 25 20 34 36 22
split_gain=1.79531 1.60276 1.4368 1.74103 1.34535 1.21972 1.88799 1.59183 1.44012 1.07011 1.05413 0.775191
threshold=1.3323325273529816 2.9084691529654125 26.528948257092647 0.55000000000000016 2.2250000000000005 1.505475416624342 1.5732422700384563 2.7083333333333335 -0.44283654306353343 0.027469779805584252 0.95000000000000007 -1.0179551335494377
decision_type=2 2 2 2 2 2 2 2 2 2 2 2
left_child=1 4 3 -3 9 7 11 8 -2 -1 -8 -7
right_child=5 2 -4 -5 -6 6 10 -9 -10 -11 -12 -13
leaf_value=-0.0011912118073408057 -0.00011049685302086008 0.00044635452698352305 -0.0014190596124966065 0.002706916860342429 -0.0030248831558164157 -0.0013983896230908503 -0.000894648576061701 0.0030141459425118574 0.00035064007958777744 -0.00016256982580214129 -0.0037345859599520943 0.00017600933447556598
leaf_weight=416.83003768324852 4034.8582970798016 770.74546927213669 119.60063141584396 168.89386960864067 65.718957483768463 143.83201935887337 154.68263107538223 79.274265289306641 8068.0315108895302 16050.269977509975 90.469558745622635 859.36553603410721
leaf_count=687 6012 1197 184 279 109 213 220 107 11806 24373 137 1258
internal_value=-1.95864e-05 -0.000152803 0.000598315 0.000868182 -0.000201597 0.00015416 -0.000438144 0.000215738 0.000196087 -0.000189356 -0.00200488 -4.21028e-05
internal_weight=31022.6 17592.1 1059.24 939.639 16532.8 13430.5 1248.35 12182.2 12102.9 16467.1 245.152 1003.2
internal_count=46582 26829 1660 1476 25169 19753 1828 17925 17818 25060 357 1471
is_linear=0
shrinkage=0.02


Tree=194
num_leaves=10
num_cat=0
split_feature=44 47 31 25 47 47 23 47 22
split_gain=1.73036 3.52889 2.02559 1.51791 1.16019 1.53126 1.24869 1.20073 1.09283
threshold=1.1906313216336635 0.81179258726678183 1.505475416624342 2.7083333333333335 1.6938141291859747 1.3189279908950513 1.7218252427478711 1.192451197513879 1.6089156636892199
decision_type=2 2 2 2 2 2 2 2 2
left_child=4 -2 3 -3 5 7 -7 -1 -4
right_child=1 2 8 -5 -6 6 -8 -9 -10
leaf_value=-0.0001939681419612471 -0.0029630322738372194 0.00020448418348231482 -0.00023555841227716195 0.0029553464966745142 0.0022874066310701784 -0.0013280149364214044 0.0012147771683789692 0.00054008999058076238 -0.0015131559655415161
leaf_weight=12692.002397507429 144.84525036811829 14776.904247879982 1160.7445478141308 79.274265289306641 73.282984107732773 705.99531403183937 81.045857071876526 950.63681894540787 357.8410784304142
leaf_count=19370 250 21753 1695 107 131 1124 134 1479 539
internal_value=-1.92144e-05 0.000120373 0.000148616 0.000220232 -0.000178895 -0.000192429 -0.00105108 -0.000142013 -0.000544783
internal_weight=31022.6 16519.6 16374.8 14856.2 14503 14429.7 787.041 13642.6 1518.59
internal_count=46582 24344 24094 21860 22238 22107 1258 20849 2234
is_linear=0
shrinkage=0.02


Tree=195
num_leaves=13
num_cat=0
split_feature=20 13 15 15 40 44 32 34 50 40 32 16
split_gain=2.36551 1.92443 1.78293 2.50219 1.83931 2.12159 1.74768 1.66674 1.91359 1.29346 1.21997 0.693426
threshold=3.8406644224576891 2.4555399228720467 8.3676549532304509 11.062642682043165 0.14021565160818603 1.3502195778342745 0.15000000000000005 0.22345985655842318 0.45000000000000007 0.29724903075830655 1.6500000000000001 11.100000000000003
decision_type=2 2 2 2 2 2 2 2 2 2 2 2
left_child=1 7 4 11 5 -2 -3 10 -9 -8 -1 -4
right_child=2 6 3 -5 -6 -7 9 8 -10 -11 -12 -13
leaf_value=-0.00027783458268573183 0.0011772072928809474 0.0033447237710141475 -0.00030303190649144212 0.0025212160129572652 -0.0005535032596806522 0.0039683199974231472 0.00062027373818970117 -0.00076998877877157651 7.2665134361365671e-05 -0.002194626002108535 -0.0019621509100436378 -0.002956796958921694
leaf_weight=7507.6081155836582 645.99820205569267 90.636455297470093 79.1757792532444 69.513661354780197 171.95504981279373 136.27939203381538 1363.158553481102 1137.6947523057461 19656.95578712225 65.292905747890472 176.46569234132767 101.67163270711899
leaf_count=11482 976 167 117 101 259 198 2311 1769 28849 121 290 149
internal_value=5.37561e-06 -2.92237e-05 0.000873904 -0.000597689 0.0012709 0.00168507 0.000663297 -6.65586e-05 2.60123e-05 0.000481729 -0.000318317 -0.00186568
internal_weight=31202.4 29997.8 1204.59 250.361 954.233 782.278 1519.09 28478.7 20794.7 1428.45 7684.07 180.847
internal_count=46789 44989 1800 367 1433 1174 2599 42390 30618 2432 11772 266
is_linear=0
shrinkage=0.02


Tree=196
num_leaves=14
num_cat=0
split_feature=13 19 19 30 30 18 0 1 18 19 27 51 1
split_gain=2.21372 1.33914 1.2951 2.01217 1.55825 2.32372 1.45924 1.32481 1.31914 1.25021 1.11556 0.664837 0.726809
threshold=2.4555399228720467 0.85470681184728303 1.1234778772925245 0.46727830957953337 0.14953286775022448 2.3756777690802084 14.184167513905194 27.438500000000001 2.6172565137883592 -1.7390565311826387 0.5121971528506557 0.8500000000000002 27.626833333333334
decision_type=2 2 2 2 2 2 2 2 2 2 2 2 2
left_child=2 9 4 7 6 -6 -1 -4 -5 -2 -11 -3 -13
right_child=1 11 3 8 5 -7 -8 -9 -10 10 -12 12 -14
leaf_value=0.00073139383172577841 0.0020836803813181859 0.0018912160361902535 -3.1810974984903612e-05 -0.0019714191882063622 -8.3651842179540748e-05 -0.0010563757585679097 -7.0812748870972801e-05 0.00052395295393513396 0.0010074552025412576 -0.0011164073397240824 0.00045573950710462498 -0.00073192239022583947 0.001467880704559236
leaf_weight=954.40920785069466 124.15387678146362 430.74267467856407 3069.1390810906887 262.6157999932766 2610.0116041600704 1598.4559970796108 17236.501066118479 3797.5352014899254 70.454528778791428 265.50751835107803 549.37549111247063 99.133644431829453 134.3702871799469
leaf_count=1419 208 763 4585 392 3887 2318 25531 5824 99 462 893 180 228
internal_value=5.25872e-06 0.000728883 -3.36463e-05 0.000199175 -0.000108939 -0.000455812 -2.80985e-05 0.000274155 -0.0013092 0.000229003 -4.57394e-05 0.00141774 0.000493212
internal_weight=31202.4 1603.28 29599.1 7199.74 22399.4 4208.47 18190.9 6866.67 333.07 939.037 814.883 664.247 233.504
internal_count=46789 2734 44055 10900 33155 6205 26950 10409 491 1563 1355 1171 408
is_linear=0
shrinkage=0.02


Tree=197
num_leaves=11
num_cat=0
split_feature=20 1 13 32 34 50 1 13 34 15
split_gain=2.26564 2.86754 1.77095 1.67806 1.60662 1.83884 1.50125 1.41608 1.25152 1.14679
threshold=3.8406644224576891 12.009791666666667 2.4555399228720467 0.15000000000000005 0.22345985655842318 0.45000000000000007 23.671500000000005 2.117786268343933 0.044651208952346554 8.3676549532304509
decision_type=2 2 2 2 2 2 2 2 2 2
left_child=2 -2 4 -4 6 -6 -1 9 -5 -3
right_child=1 7 3 8 5 -7 -8 -9 -10 -11
leaf_value=-0.00057380877390385602 0.0039704252459053452 0.00065737249416022926 0.0032628310068371497 -0.0021615575862343347 -0.00075392604498842166 7.2089169497203769e-05 -1.0714423605861705e-05 0.0025988317048043752 0.00059469263434162346 -0.0009484636152502085
leaf_weight=4088.7257289588451 106.62085780501366 752.92480632662773 90.636455297470093 65.963714182376862 1137.6947523057461 19656.95578712225 3595.3480789661407 117.90658128261566 1362.4877450466156 227.14147180318832
leaf_count=6293 161 1124 167 128 1769 28849 5479 186 2304 329
internal_value=5.15111e-06 0.000855153 -2.8703e-05 0.000635598 -6.45309e-05 2.63481e-05 -0.000311712 0.000536878 0.000457578 0.000273846
internal_weight=31202.4 1204.59 29997.8 1519.09 28478.7 20794.7 7684.07 1097.97 1428.45 980.066
internal_count=46789 1800 44989 2599 42390 30618 11772 1639 2432 1453
is_linear=0
shrinkage=0.02


Tree=198
num_leaves=13
num_cat=0
split_feature=20 2 13 13 32 40 3 21 15 40 22 13
split_gain=2.1778 1.97676 1.70112 1.6748 1.61289 1.43944 1.43744 1.69909 1.40965 1.24362 1.08477 1.08407
threshold=3.8406644224576891 16.827166666666674 2.4555399228720467 2.117786268343933 0.15000000000000005 0.13713692986903017 49.969894747755752 0.99830416003223899 5.2097913723388798 0.29724903075830655 1.4800537145304051 2.3980880891594576
decision_type=2 2 2 2 2 2 2 2 2 2 2 2
left_child=2 5 6 10 -4 8 11 -8 -2 -6 -3 -1
right_child=1 3 4 -5 9 -7 7 -9 -10 -11 -12 -13
leaf_value=-7.3769518957016701e-05 0.0016190808130591287 0.0004542028881835082 0.0031989832112463501 0.0028487794674222386 0.00058429537811412028 -0.0003054519457835611 0.00031215388541312115 0.0028461398863248743 0.0045947370050073676 -0.0021765451930190129 -0.0012128855803647256 -0.0014828644035200077
leaf_weight=27609.382697582245 249.787977039814 456.6790845990181 90.636455297470093 84.298077076673508 1363.158553481102 84.604615271091461 514.61080053448677 135.71919116377831 96.217575639486313 65.292905747890472 233.006387591362 219.01165807247162
leaf_count=40911 373 681 167 128 2311 131 938 206 144 121 343 335
internal_value=5.05668e-06 0.000838424 -2.81284e-05 0.000217971 0.000622931 0.00192435 -6.3249e-05 0.000863413 0.00249694 0.000448243 -9.64347e-05 -8.53243e-05
internal_weight=31202.4 1204.59 29997.8 773.984 1519.09 430.61 28478.7 650.33 346.006 1428.45 689.685 27828.4
internal_count=46789 1800 44989 1152 2599 648 42390 1144 517 2432 1024 41246
is_linear=0
shrinkage=0.02


Tree=199
num_leaves=12
num_cat=0
split_feature=20 1 19 23 32 30 2 30 13 1 2
split_gain=2.0936 2.7194 2.16048 2.62413 2.06462 1.6625 1.96564 1.39976 1.3135 0.908591 0.815644
threshold=3.8406644224576891 12.009791666666667 1.1234778772925245 0.45446102336751976 0.15000000000000005 0.14953286775022448 37.888750000000009 0.32088457515579749 2.117786268343933 19.926666666666669 16.827166666666674
decision_type=2 2 2 2 2 2 2 2 2 2 2
left_child=2 -2 5 9 -5 6 -1 -7 10 -4 -3
right_child=1 8 3 4 -6 7 -8 -9 -10 -11 -12
leaf_value=-1.5598329896958105e-05 0.0038558753317602034 0.0011418846455237583 -0.00016244618140504044 0.0018256698056281914 0.00025462943039910089 -0.00071383209792703472 -0.0016961595032575789 8.3766527237432136e-05 0.0024979407622427344 -0.0030437538955412941 -0.00010551974724943139
leaf_weight=18111.879731625319 106.62085780501366 292.54340243339539 80.032334834337234 352.92876914143562 6825.0536429286003 3012.8827824294567 281.04287934303284 1212.3179785013199 117.90658128261566 121.67414307594299 687.52287569642067
leaf_count=26995 161 432 125 560 10448 4484 418 1779 186 180 1021
internal_value=4.98274e-06 0.000822086 -2.75482e-05 0.000269124 0.000333755 -0.000124802 -4.20025e-05 -0.000482684 0.000511918 -0.00196243 0.000258207
internal_weight=31202.4 1204.59 29997.8 7379.69 7177.98 22618.1 18392.9 4225.2 1097.97 201.706 980.066
internal_count=46789 1800 44989 11313 11008 33676 27413 6263 1639 305 1453
is_linear=0
shrinkage=0.02


Tree=200
num_leaves=12
num_cat=0
split_feature=35 32 20 51 37 2 50 20 12 35 12
split_gain=1.37947 1.22599 1.64884 1.80143 1.4719 1.4092 2.78981 1.43509 1.09577 0.990648 0.914274
threshold=2.4500000000000006 0.95000000000000007 0.49931895681260491 0.75000000000000011 0.45538877648062281 13.292442129629631 0.95000000000000007 5.3447110436968517 18.484802529433875 2.7750000000000004 19.348352339537431
decision_type=2 2 2 2 2 2 2 2 2 2 2
left_child=1 5 3 -3 -4 6 -1 -7 -2 -10 -11
right_child=8 2 4 -5 -6 7 -8 -9 9 10 -12
leaf_value=-0.00015769478420169666 -0.00037312697854857398 0.00040642028157710354 0.0001924587094222235 -0.00028983419230109995 0.0011264082652000049 -0.00010916436714783277 0.0017736234255373584 -0.0017518652776324819 0.0041662909099870974 0.0023971444238519105 -0.00032319314169310841
leaf_weight=786.91152361035347 105.96328541636467 2584.125270575285 1628.0877584815025 3492.299205750227 1192.3141870498657 20320.962538391352 472.57533133029938 213.94806280732155 63.145844608545303 102.17878237366676 82.479090124368668
leaf_count=1206 166 3879 2433 5235 1736 30515 706 317 102 157 129
internal_value=8.41669e-06 -5.61193e-06 0.000191856 4.65357e-06 0.000591344 -8.66907e-05 0.000560696 -0.000126935 0.00124677 0.00197693 0.00113806
internal_weight=31045 30691.2 8896.83 6076.42 2820.4 21794.4 1259.49 20534.9 353.767 247.804 184.658
internal_count=46581 46027 13283 9114 4169 32744 1912 30832 554 388 286
is_linear=0
shrinkage=0.02


Tree=201
num_leaves=15
num_cat=0
split_feature=44 23 6 13 30 30 0 15 12 0 37 13 17 13
split_gain=1.35679 2.32152 1.8024 1.85005 1.7477 1.6439 1.59561 1.97528 2.3051 1.70439 1.5192 1.33064 1.30352 1.1653
threshold=1.151055361359768 0.46522074878864111 5.5000000000000009 0.95995021800316249 -0.050480435869457489 0.012162091808132852 17.225231989866867 15.848974720396384 17.795373015678354 28.17343221391366 0.0038172543669397507 0.80026344573914898 0.89145610252663687 1.4021868371523321
decision_type=2 2 2 2 2 2 2 2 2 2 2 2 2 2
left_child=6 4 3 -3 11 -6 10 9 -9 -8 -1 -2 -12 -4
right_child=1 2 13 -5 5 -7 7 8 -10 -11 12 -13 -14 -15
leaf_value=-0.0014183745436690146 -0.00088125484141787129 7.0127371183802785e-05 -0.00031335717067000309 0.0005278976703116541 -0.0041943573976847073 -0.0010384182495206265 -0.00019162630765503862 -0.0021211686766251505 0.0017966576092246192 -0.00085086442053715523 -0.00011772668646838727 0.0011200119922162974 0.00066078005128209047 -0.0021515788510359092
leaf_weight=210.37903279066086 370.35179883241653 9888.5384877622128 856.63092634081841 5546.2479220926762 96.933375239372253 246.02351906895638 7604.8653340339661 69.279680550098419 333.64783397316933 1999.1969089210033 1506.4039798378944 202.72291269898415 1945.8366175293922 167.93255084753036
leaf_count=347 526 14181 1192 8609 140 354 11799 108 501 3066 2257 329 2912 260
internal_value=8.251e-06 0.000125822 0.000180898 0.000235315 -0.000851124 -0.00197855 -0.000140459 -0.000271613 0.00109118 -0.000330044 0.000215105 -0.000154492 0.000318308 -0.000628
internal_weight=31045 17375.4 16459.3 15434.8 916.032 342.957 13669.6 10007 402.928 9604.06 3662.62 573.075 3452.24 1024.56
internal_count=46581 25591 24242 22790 1349 494 20990 15474 609 14865 5516 855 5169 1452
is_linear=0
shrinkage=0.02


Tree=202
num_leaves=14
num_cat=0
split_feature=19 50 20 51 1 24 24 1 16 33 16 24 37
split_gain=1.45803 1.59506 2.26456 1.94989 1.91714 1.40346 1.60825 1.89229 1.39114 1.25927 1.25736 0.914847 0.845924
threshold=1.1234778772925245 0.95000000000000007 2.4609865241516045 0.75000000000000011 13.286583333333335 1.6725402239464091 1.1638206523407884 31.27416666666667 21.050000000000004 0.25000000000000006 4.5900000000000025 1.8820325343224595 0.4431419961438246
decision_type=2 2 2 2 2 2 2 2 2 2 2 2 2
left_child=1 8 3 -3 -4 6 10 -8 9 -1 -2 -7 -10
right_child=5 2 4 -5 -6 11 7 -9 12 -11 -12 -13 -14
leaf_value=-2.2880159254518587e-05 -0.00073061061654382774 0.00024013338169121356 0.0031348745056637567 -0.00023724679088346805 0.00057353680754689007 -0.0025022084228723354 -0.00018338774078111475 0.0016484582479551111 -0.00022643601725714352 -0.00053005159111269647 0.000261217465686959 0.00013750854842295421 -0.003271166414866905
leaf_weight=4310.5568754374981 552.91897824406624 6136.2102003991604 130.81836974620819 7722.2946141660213 1203.6423145234585 118.60516294836998 324.84633696079254 670.84105056524277 69.387896627187729 3654.23453733325 5970.9430581629276 80.637214183807373 99.054271221160889
leaf_count=6413 864 8995 190 11438 1754 196 511 993 111 5691 9124 142 159
internal_value=8.03561e-06 -7.04778e-05 4.99688e-05 -2.51488e-05 0.000836425 0.000246555 0.000291698 0.00104162 -0.00029666 -0.0002569 0.000175426 -0.00139342 -0.00209297
internal_weight=31045 23326.2 15193 13858.5 1334.46 7718.79 7519.55 995.687 8133.23 7964.79 6523.86 199.242 168.442
internal_count=46581 34751 22377 20433 1944 11830 11492 1504 12374 12104 9988 338 270
is_linear=0
shrinkage=0.02


Tree=203
num_leaves=12
num_cat=0
split_feature=35 24 17 17 50 0 44 51 51 51 14
split_gain=1.31851 1.52492 1.50763 1.35043 1.11073 2.07643 1.31289 1.20539 1.04848 1.42738 0.928162
threshold=2.4500000000000006 0.46120515530715606 2.5860703495085087 2.2064734076433115 0.95000000000000007 14.476268463386758 1.5275389704899442 1.1500000000000004 0.099999999999999964 -0.54999999999999993 12.500000000000002
decision_type=2 2 2 2 2 2 2 2 2 2 2
left_child=4 -2 3 -3 8 7 -7 -6 9 -1 -10
right_child=1 2 -4 -5 5 6 -8 -9 10 -11 -12
leaf_value=-0.00079606795630752895 0.0036967709234946998 0.00060694827413259765 0.0022403752237353312 -0.0030644303716549975 0.0016893116064419958 -9.400987919641874e-05 0.00024599059009169395 3.4606762383886626e-05 -0.00027225920491999065 0.00019342398031634559 -0.0012686805668061817
leaf_weight=675.22945189476013 76.673149794340134 102.70851123332977 114.07988041639328 60.305461078882217 494.99069792032242 11359.571386873722 7547.6949706673622 292.31531268358231 5775.7082013785839 4139.8237583041191 405.89009827375412
leaf_count=965 122 167 169 96 725 17222 10851 449 9115 6111 589
internal_value=7.85336e-06 0.00121855 0.000475411 -0.000711322 -5.85464e-06 8.37106e-05 4.11996e-05 0.00108926 -0.000167158 5.23157e-05 -0.000339692
internal_weight=31045 353.767 277.094 163.014 30691.2 19694.6 18907.3 787.306 10996.7 4815.05 6181.6
internal_count=46581 554 432 263 46027 29247 28073 1174 16780 7076 9704
is_linear=0
shrinkage=0.02


Tree=204
num_leaves=13
num_cat=0
split_feature=19 17 47 31 50 20 1 1 43 17 1 13
split_gain=1.40147 2.49615 1.76528 1.60747 1.86314 2.02384 1.42663 1.39495 1.28441 1.23152 1.16576 0.628497
threshold=1.1234778772925245 3.2000719657048751 1.1746787648282608 1.2448606937639328 0.95000000000000007 2.4609865241516045 34.529500000000006 18.822111111111116 -0.44999999999999996 2.3084310831962047 35.238166666666679 0.73512078401955894
decision_type=2 2 2 2 2 2 2 2 2 2 2 2
left_child=3 2 6 4 10 -6 -2 -4 -5 -10 -1 -3
right_child=1 11 7 8 5 -7 -8 -9 9 -11 -12 -13
leaf_value=-0.00020532432540431938 -3.2666954292159165e-05 0.0031816878839362756 -0.001449122782470036 0.002000068962518245 6.7292465680920453e-05 0.00096396911280018094 -0.0015100639700672278 0.0005235482357282365 -0.00024151735228182151 -0.001028873630496638 -0.0014837157594699674 0.00075880920761850631
leaf_weight=6535.5620641410351 3035.3230583369732 137.64910432696342 144.27891439199448 80.126362860202789 11662.763616114855 1104.3613590300083 285.87458831071854 4033.5838351249695 2425.8833164870739 1217.5478956401348 299.95446518063545 82.082300573587418
leaf_count=9934 4685 193 223 127 17182 1605 476 6128 3618 1815 470 125
internal_value=7.70688e-06 0.000241561 0.00017823 -6.92623e-05 2.60723e-06 0.000145777 -0.000163676 0.000452371 -0.000450101 -0.000507796 -0.000263302 0.00233671
internal_weight=31045 7718.79 7499.06 23326.2 19602.6 12767.1 3321.2 4177.86 3723.56 3643.43 6835.52 219.731
internal_count=46581 11830 11512 34751 29191 18787 5161 6351 5560 5433 10404 318
is_linear=0
shrinkage=0.02


Tree=205
num_leaves=12
num_cat=0
split_feature=13 23 45 51 23 34 30 3 34 34 0
split_gain=2.06713 2.0174 2.2613 2.01872 2.30319 1.63668 1.53113 1.42022 1.06381 0.733858 0.506323
threshold=2.1872285726798935 0.41023720706137856 1.5500000000000003 -0.54999999999999993 0.71257589104900754 0.89721692632576266 -0.15402712737619231 23.638224730503765 0.060386914375932056 0.083819204272138806 22.823008522455385
decision_type=2 2 2 2 2 2 2 2 2 2 2
left_child=1 2 5 4 -3 -1 -5 -2 -9 -10 -4
right_child=7 3 10 6 -6 -7 -8 8 9 -11 -12
leaf_value=-0.00061527452155736378 -0.0019325353567241064 0.0012349734482168557 -0.0043653390619562355 0.00027462603312368607 -0.0019286123642668497 0.0024312485794510319 -9.9927925301442273e-05 -0.0010511448424221173 0.0029437795902301058 0.00064604374913287423 -0.001749821585297442
leaf_weight=1821.813090056181 88.023328185081482 111.56201359629631 68.872367471456528 5533.3209615945816 428.28828278183937 70.274434357881546 20591.53286498785 139.53432208299637 58.079814612865448 2193.1224245429039 93.103615194559097
leaf_count=2752 146 156 106 8212 608 108 30622 276 104 3599 131
internal_value=-4.44655e-05 -9.26007e-05 -0.000696586 -4.56501e-05 -0.00125425 -0.000494396 -2.01986e-05 0.00050882 0.000604427 0.000712323 -0.00296261
internal_weight=31197.5 28718.8 2054.06 26664.7 539.85 1892.09 26124.9 2478.76 2390.74 2251.2 161.976
internal_count=46820 42695 3097 39598 764 2860 38834 4125 3979 3703 237
is_linear=0
shrinkage=0.02


Tree=206
num_leaves=14
num_cat=0
split_feature=44 14 37 12 51 17 16 0 37 44 37 0 13
split_gain=1.98548 2.07064 3.06217 3.00466 2.04289 1.71294 1.53662 1.74325 1.57975 1.45249 1.28175 1.00591 1.03527
threshold=1.1906313216336635 8.5000000000000018 1.2586526414815238 18.512434246824249 -0.54999999999999993 1.5448181712152924 17.11000000000001 17.129668898655133 0.31577249434927673 2.8824798444514097 0.0019896142343955505 35.550294536415308 0.19031023573834013
decision_type=2 2 2 2 2 2 2 2 2 2 2 2 2
left_child=6 2 3 -2 -3 -4 7 10 -9 -6 -1 12 -8
right_child=1 4 5 -5 9 -7 11 8 -10 -11 -12 -13 -14
leaf_value=-0.0014677267263446781 0.0012435096549906729 -0.0023194823784891305 -0.002687454354832486 0 -2.9106075104732806e-05 -0.00011777671301422129 0 -0.00022065217107474576 -0.00075800520063865767 0.0010785747255330519 0.0002039126848374705 -0.00099188427320661527 0.0019281924049449272
leaf_weight=190.67001482844353 1943.7002921104431 149.95302724838257 151.5342829823494 1280.9678589701653 12257.19602265954 348.63148611783981 171.40706357359886 7093.8679046034813 3221.1688226461411 490.3192230463028 3512.505063533783 95.056505888700485 290.5499512553215
leaf_count=321 3005 221 249 2006 17736 531 249 10799 5061 754 5248 140 500
internal_value=-4.3588e-05 0.000105409 0.000520715 0.000748304 -1.38197e-05 -0.000923824 -0.000214189 -0.000255705 -0.00038954 1.28778e-05 0.000114398 0.000809919 0.00120491
internal_weight=31197.5 16622.3 3724.83 3224.67 12897.5 500.166 14575.2 14018.2 10315 12747.5 3703.18 557.014 461.957
internal_count=46820 24502 5791 5011 18711 780 22318 21429 15860 18490 5569 889 749
is_linear=0
shrinkage=0.02


Tree=207
num_leaves=15
num_cat=0
split_feature=14 1 1 2 44 19 7 22 31 51 18 50 1 18
split_gain=1.92379 2.57437 2.41181 2.11274 1.76928 1.63125 1.54812 2.3034 2.07711 1.4627 1.43268 1.18646 0.604544 0.517881
threshold=10.500000000000002 25.343000000000004 25.153833333333338 13.488159722222223 1.1628085019563479 -0.40520615884170569 1.0000000180025095e-35 0.25693966355227343 0.82980822027723888 -0.54999999999999993 1.5021956378618648 2.2500000000000004 28.716833333333337 1.7446233432735017
decision_type=2 2 2 2 2 2 2 2 2 2 2 2 2 2
left_child=1 2 10 4 5 -2 8 -8 -5 12 -1 -11 -3 -4
right_child=3 9 13 6 -6 -7 7 -9 -10 11 -12 -13 -14 -15
leaf_value=2.6056040620720122e-05 -0.00080909419733994517 0 -0.0012608237788248084 -0.00022127552206627961 0.0035045003687249328 0.0016586416591396092 0.00028854575709775783 -0.00061931394690068473 -0.0011068028213562103 0.00023329742658540238 -0.000495149878819504 0.0010204374592741056 -0.0023070137351527639 -0.0037671841685962284
leaf_weight=6860.8376233279705 212.6520711183548 70.702223062515259 88.309300094842911 2373.564332485199 89.142162352800369 207.00043714046478 2627.2926394343376 1935.7309900820255 1966.3678122758865 10707.924323558807 3023.7117040455341 834.18318781256676 120.37904307246208 79.729669600725174
leaf_count=10433 302 105 137 3478 130 296 3801 2827 2797 16443 4546 1219 184 122
internal_value=-4.27472e-05 6.01051e-05 -0.000174161 -0.000281848 0.00096397 0.000386534 -0.000354369 -9.44995e-05 -0.000625125 0.000261664 -0.000132439 0.00029122 -0.00145636 -0.00253915
internal_weight=31197.5 21785.8 10052.6 9411.75 508.795 419.653 8902.96 4563.02 4339.93 11733.2 9884.55 11542.1 191.081 168.039
internal_count=46820 33189 15238 13631 728 598 12903 6628 6275 17951 14979 17662 289 259
is_linear=0
shrinkage=0.02


Tree=208
num_leaves=13
num_cat=0
split_feature=44 51 46 44 22 23 47 30 46 45 30 1
split_gain=1.88758 1.63709 1.62475 2.98721 2.10017 1.61614 1.8061 1.84333 1.29897 1.2643 1.1537 0.619604
threshold=1.1906313216336635 -0.54999999999999993 1.3166666666666669 2.0210849490728093 -1.2764931726311286 2.0260352104853125 1.4923065769811303 0.51826156997976192 1.7321428571428574 0.90000000000000013 0.11937610871764727 26.010583333333336
decision_type=2 2 2 2 2 2 2 2 2 2 2 2
left_child=5 10 3 -3 -4 6 7 -1 -8 -7 -2 -11
right_child=1 2 4 -5 -6 9 8 -9 -10 11 -12 -13
leaf_value=-0.00019102348714878037 -0.00049730316035861391 0.00055291777513229873 -0.00054704649527482542 -0.0035380465516752025 0.0001335644108684739 -0.00023441121770050824 -0.0026218536119268043 -0.0031913764770089286 0.00057182907668196432 0.0011553673315625916 -0.0038290395954083596 0.0036505743159303277
leaf_weight=13880.861024022102 130.50703823566437 3921.5168846547604 2201.2387900352478 70.155206769704819 10232.584234803915 144.1977416574955 207.47372236847878 80.872879534959793 60.183620274066925 127.07370993494987 66.300038635730743 74.562628537416458
leaf_count=21141 199 5885 3193 143 14981 252 338 123 113 216 101 135
internal_value=-4.19029e-05 0.000103365 0.000125752 0.000476778 1.21988e-05 -0.000208251 -0.000241725 -0.000209574 -0.00186774 0.00113374 -0.00169722 0.00215396
internal_weight=31197.5 16622.3 16425.5 3991.67 12433.8 14575.2 14229.4 13961.7 267.657 345.834 196.807 201.636
internal_count=46820 24502 24202 6028 18174 22318 21715 21264 451 603 300 351
is_linear=0
shrinkage=0.02


Tree=209
num_leaves=15
num_cat=0
split_feature=14 1 1 6 2 27 15 19 2 50 22 50 15 17
split_gain=1.84528 2.45101 2.3196 2.19972 2.03728 1.45257 1.23334 4.14018 1.4791 1.23262 1.24031 1.03678 0.972893 0.731493
threshold=10.500000000000002 25.343000000000004 25.153833333333338 1.5000000000000002 13.488159722222223 0.31740241986797096 5.2996641038297883 2.1331077420656448 15.689226190476194 2.2500000000000004 1.6379457349630548 0.75000000000000011 11.412335315591687 1.7298215791146034
decision_type=2 2 2 2 2 2 2 2 2 2 2 2 2 2
left_child=1 2 3 -1 5 11 7 -6 -8 10 -3 -2 -11 -4
right_child=4 9 13 -5 6 -7 8 -9 -10 12 -12 -13 -14 -15
leaf_value=0.00054970716997835168 -0.0019214543839973775 0.00030132484190557103 -0.00097647487341739089 -0.00025970943434513907 -0.0014785412016746797 0.0018598388947566775 0.0011731614858637505 0.0016053860014053618 -0.00030596804220414073 -3.9525515930447092e-05 -0.00024297214164212293 0.00085346173805269374 0.0014311917693819365 -0.0038431831283195291
leaf_weight=1595.1008930206299 89.30562549829483 8855.9429487884045 84.535509139299393 8289.4484343528748 1002.7825092673302 294.36492970585823 276.2352366745472 206.00063276290894 7417.9373955726624 238.66200676560402 2043.0626409053802 125.12411540746689 595.52118104696274 83.503460556268692
leaf_count=2387 134 13556 132 12592 1497 414 394 313 10699 368 3176 180 851 127
internal_value=-4.10887e-05 5.96364e-05 -0.000168931 -0.000127995 -0.000275267 0.000948027 -0.000346497 -0.000942936 -0.000251274 0.000256313 0.000198351 -0.000263106 0.000999368 -0.00248828
internal_weight=31197.5 21785.8 10052.6 9884.55 9411.75 508.795 8902.96 1208.78 7694.17 11733.2 10899 214.43 834.183 168.039
internal_count=46820 33189 15238 14979 13631 728 12903 1810 11093 17951 16732 314 1219 259
is_linear=0
shrinkage=0.02


Tree=210
num_leaves=13
num_cat=0
split_feature=13 12 32 34 30 19 16 34 44 12 16 0
split_gain=2.34619 2.38359 2.35466 2.32956 1.72864 1.55743 1.7887 1.43605 1.66572 0.904423 0.721738 0.635949
threshold=2.4555399228720467 18.358274259559348 0.15000000000000005 0.13485344293767829 -0.317499458468877 -1.0601267167223669 3.0400000000000018 1.9272749415117565 2.9945963013801138 19.643800686147905 7.6200000000000019 13.84048608128291
decision_type=2 2 2 2 2 2 2 2 2 2 2 2
left_child=1 3 -2 11 -5 10 -7 8 -3 -9 -4 -1
right_child=2 7 5 4 -6 6 -8 9 -10 -11 -12 -13
leaf_value=0.00018246360797465687 0.0038100736745912689 6.3554817912249412e-05 0.0028207633047434835 0.00095508042218248881 -0.00022421266761961178 -0.0026761546136525381 0.00046349953804486704 0.00188550329123681 0.0023998092670472876 -0.00021802670869143652 0.00028165293956220795 -0.00121545711826915
leaf_weight=132.31521746516228 94.04171285033226 18384.856179594994 158.58692792057991 522.33900302648544 8830.785054475069 74.603103190660477 1208.5301434397697 286.14105358719826 121.18655914068222 102.31871056556702 75.613416075706482 1161.19320499897
leaf_count=201 169 27346 270 764 13100 130 2060 447 167 164 120 1778
internal_value=1.13193e-05 -2.89135e-05 0.000754221 -0.00026848 -0.000157094 0.000553477 0.000269294 0.000105562 7.96517e-05 0.00130755 0.00205265 -0.00106468
internal_weight=31152.5 29541.1 1611.38 10646.6 9353.12 1517.33 1283.13 18894.5 18506 388.46 234.2 1293.51
internal_count=46716 43967 2749 15843 13864 2580 2190 28124 27513 611 390 1979
is_linear=0
shrinkage=0.02


Tree=211
num_leaves=15
num_cat=0
split_feature=12 34 36 27 37 37 6 32 37 2 19 22 19 36
split_gain=1.76254 2.14303 1.62546 1.74631 2.60135 1.19254 1.29055 1.25444 0.939114 0.827428 0.776483 0.760944 0.706607 0.563954
threshold=18.358274259559348 0.13485344293767829 1.7321428571428574 0.41534555457256589 0.092647035108669812 1.3779731100096855 6.5000000000000009 0.75000000000000011 0.023609963580655653 30.710750000000001 -2.5873154826586133 0.013707899884650002 -1.9418407568053906 1.8819444444444446
decision_type=2 2 2 2 2 2 2 2 2 2 2 2 2 2
left_child=1 10 3 8 -5 6 -3 -7 -2 13 -1 -11 -12 -4
right_child=2 5 9 4 -6 7 -8 -9 -10 11 12 -13 -14 -15
leaf_value=-0.0026904320046989916 -0.0014699367423769627 3.3253141561099731e-05 0.0034157125081844359 0.0008434853592856552 8.1814939947485026e-05 -0.001559996823659885 -0.00096739700389796338 0.00022513591250927605 -0.00021294442614790354 -0.0013454681889540283 0.0010438746275416317 0.0011461693011888556 -0.00090192796772540693 0.0012658349981888918
leaf_weight=95.685331255197525 259.15497583150864 8779.873368114233 66.197310864925385 2072.6952138841152 13594.191106259823 421.64560666680336 545.1426295042038 235.67668294906616 3253.6726542115211 84.252800732851028 73.210365951061249 110.88064607977867 1213.9189631342888 346.31263089179993
leaf_count=149 431 13092 98 3095 20236 648 768 344 5049 120 115 162 1870 539
internal_value=1.11295e-05 -0.000186998 0.000125439 9.25458e-05 0.000183315 -8.35965e-05 -2.43678e-05 -0.000906046 -0.000309306 0.00114358 -0.000925017 1.68918e-05 -0.000782048 0.00164978
internal_weight=31152.5 11365.2 19787.4 19179.7 15666.9 9982.34 9325.02 657.322 3512.83 607.643 1382.81 195.133 1287.13 412.51
internal_count=46716 16986 29730 28811 23331 14852 13860 992 5480 919 2134 282 1985 637
is_linear=0
shrinkage=0.02


Tree=212
num_leaves=9
num_cat=0
split_feature=29 40 6 7 34 47 17 34
split_gain=1.54291 1.16729 1.88871 1.64562 1.55916 1.45584 1.05757 0.925759
threshold=2.2500000000000004 -0.034774592067751846 2.5000000000000004 1.0000000180025095e-35 0.22345985655842318 1.5576072099104563 3.286754139542531 0.17747926732058997
decision_type=2 2 2 2 2 2 2 2
left_child=1 2 5 -4 7 -1 -6 -3
right_child=-2 4 3 -5 6 -7 -8 -9
leaf_value=0.00015354082276494268 0.0020670190238392715 -0.00024036589051317756 7.0176192224560976e-05 0.0009200756265139963 4.9094440583086732e-05 -0.00040333776126835915 -0.0010709046649754292 -0.0008694769398256343
leaf_weight=6481.0787581503391 143.308723539114 4165.605235606432 1733.3524799048901 1986.2281256616116 12419.670510709286 2640.5779318213463 344.33857434988022 1238.3499465882778
leaf_count=9775 192 6584 2545 2982 18373 3857 505 1903
internal_value=1.09055e-05 9.48044e-07 0.000147211 0.000526954 -0.000101886 -6.6239e-06 1.79335e-05 -0.000386649
internal_weight=31152.5 31009.2 12841.2 3719.58 18168 9121.66 12764 5403.96
internal_count=46716 46524 19159 5527 27365 13632 18878 8487
is_linear=0
shrinkage=0.02


Tree=213
num_leaves=12
num_cat=0
split_feature=13 25 19 19 19 6 23 20 44 20 17
split_gain=2.27029 1.7486 1.50264 2.02311 1.0941 1.13827 0.98204 0.942876 0.936693 0.810494 0.728219
threshold=2.1687485704780323 2.7083333333333335 -1.0601267167223669 1.10284479104155 2.9084691529654125 2.5000000000000004 0.92869583105047593 2.1575359428552656 1.8713084074165749 -0.93273010457777328 1.0315114161086958
decision_type=2 2 2 2 2 2 2 2 2 2 2
left_child=1 4 9 6 5 -1 -4 -5 -6 10 -2
right_child=2 -3 3 7 8 -7 -8 -9 -10 -11 -12
leaf_value=-0.00016158447634144805 0.0020905095098052852 0.0023305829246653533 -0.00074742558980437452 0.0014623442925105745 0.00069759083310605538 0.00012188333318031091 0.00034606890883645699 -0.0002686753002992378 -0.0011698762086238032 0.002345617709062445 -0.0006661656710055335
leaf_weight=19203.156828910112 61.375635117292404 121.73464557528496 567.45695450901985 670.40111649036407 1155.6962941884995 7996.9630632400513 763.74999439716339 142.68931755423546 112.9673638343811 268.13563191890717 88.18344059586525
leaf_count=28523 110 168 901 1195 1756 11824 1252 233 179 426 149
internal_value=1.06883e-05 -4.01098e-05 0.000581058 0.00036052 -5.07613e-05 -7.78732e-05 -0.000112979 0.00114639 0.000521854 0.00168228 0.000411788
internal_weight=31152.5 28590.5 2561.99 2144.3 28468.8 27200.1 1331.21 813.09 1268.66 417.695 149.559
internal_count=46716 42450 4266 3581 42282 40347 2153 1428 1935 685 259
is_linear=0
shrinkage=0.02


Tree=214
num_leaves=14
num_cat=0
split_feature=13 12 34 30 36 26 19 19 1 51 23 51 31
split_gain=2.18609 2.21603 2.14128 1.65943 1.35795 1.35098 1.32237 2.31738 1.36545 1.19658 0.944615 0.811465 0.654732
threshold=2.4555399228720467 18.358274259559348 0.13485344293767829 -0.317499458468877 3.0500000000000003 2.4142857142857146 -1.0601267167223669 0.77407899461305896 15.051000000000004 0.25000000000000006 1.3799337431152234 1.0000000180025095e-35 0.75451605991670545
decision_type=2 2 2 2 2 2 2 2 2 2 2 2 2
left_child=1 2 10 -4 5 -3 9 8 -8 -2 -1 -9 -11
right_child=6 4 3 -5 -6 -7 7 11 -10 12 -12 -13 -14
leaf_value=-0.001230849938154569 0.0043372346873220826 7.7880787936144045e-05 0.00093714143328627487 -0.00021827318596818251 0.0025871431639860731 0.002770221106014287 -0.0028930104793390117 0.002749607203969091 -1.3019350454417698e-05 4.9978879814980251e-05 0.00034274871696880462 0.00092793709867863719 0.0026495509619464857
leaf_weight=1128.9808178246021 69.007008880376816 18735.62079551816 522.33900302648544 8830.785054475069 85.784469664096832 73.097237706184387 72.951226562261581 129.35208997130394 603.28506416082382 108.92098447680473 164.52760463953018 561.54394969344139 66.314979732036591
leaf_count=1725 109 27908 764 13100 127 89 129 229 987 193 254 997 105
internal_value=1.04891e-05 -2.83356e-05 -0.000259336 -0.000152492 0.000101312 8.91692e-05 0.000727609 0.000474304 -0.000346067 0.00208949 -0.00102276 0.00129038 0.00110896
internal_weight=31152.5 29541.1 10646.6 9353.12 18894.5 18808.7 1611.38 1367.13 676.236 244.243 1293.51 690.896 175.236
internal_count=46716 43967 15843 13864 28124 27997 2749 2342 1116 407 1979 1226 298
is_linear=0
shrinkage=0.02


Tree=215
num_leaves=11
num_cat=0
split_feature=36 21 21 3 4 19 12 21 19 1
split_gain=2.08355 1.88832 1.43697 1.29701 2.65826 2.3382 1.40894 2.03065 1.48206 1.01725
threshold=1.5277777777777779 1.0471059864024774 0.80911021677476469 31.724347919242003 38.326260256526993 -1.5255144438511541 19.798183053388055 1.0386840508974631 -0.28427909755594521 27.88816666666667
decision_type=2 2 2 2 2 2 2 2 2 2
left_child=3 2 -2 4 5 -1 7 -5 -8 -4
right_child=1 -3 9 6 -6 -7 8 -9 -10 -11
leaf_value=0.0012233135010971349 -0.00094729303553131756 -0.0002649387521477874 0.002676422861140866 5.1792314549322049e-05 0.0031993574418628574 2.6428838856811107e-05 -0.00020425084013482128 -0.00033621690309051309 0.00079784715159057968 0.0010860769939752422
leaf_weight=782.6492645740509 91.19901105761528 418.525944262743 259.3196052312851 13371.185586959124 122.00091344118118 4001.9491016566753 955.9852599799633 9003.4488849639893 1485.0173237621784 534.42140486836433
leaf_count=1177 139 631 396 20485 195 5978 1409 13211 2195 807
internal_value=3.93293e-05 0.00082139 0.00134587 4.64276e-06 0.000302004 0.00022473 -5.37687e-05 -0.00010391 0.00040145 0.00162364
internal_weight=31025.7 1303.47 884.94 29722.2 4906.6 4784.6 24815.6 22374.6 2441 793.741
internal_count=46623 1973 1342 44650 7350 7155 37300 33696 3604 1203
is_linear=0
shrinkage=0.02


Tree=216
num_leaves=15
num_cat=0
split_feature=50 1 1 13 0 22 33 46 3 30 14 3 2 12
split_gain=2.23437 1.64956 2.1644 2.10823 1.8249 1.75678 1.48178 1.72809 1.71956 1.80459 1.59962 1.46241 1.43258 1.36081
threshold=1.3500000000000003 27.9815 31.113166666666668 2.1499692429993877 26.842596328856541 0.84725033446806119 0.19999999999999998 2.6125000000000003 35.669299856816245 -0.029323344394517694 11.500000000000002 36.534475162011212 37.888750000000009 17.932125293242176
decision_type=2 2 2 2 2 2 2 2 2 2 2 2 2 2
left_child=6 4 3 -3 11 -6 7 10 13 -10 -1 -2 -4 -8
right_child=1 2 12 -5 5 -7 8 -9 9 -11 -12 -13 -14 -15
leaf_value=0.00016260381214787151 0.00072561288162889092 -0.00077529027774547721 0.00038270766132530949 0.0018061491023378224 0.00098289955600887671 0.0036748243420767113 -0.00058408445411739713 0.0017422517642577901 -0.00081534780171921132 -0.00014455975608925866 -0.00054550903355113074 2.7803134703815492e-06 -0.0010539410516741102 0.00030577689242107162
leaf_weight=7727.3620576560497 2170.361420661211 1580.5792714357376 3851.0624379515648 133.64605215191841 758.71607702970505 114.72308892011642 904.72365456819534 244.9448803961277 2977.6887283623219 3572.983195066452 1523.8119458854198 2367.9423252940178 294.14564236998558 2803.0115230083466
leaf_count=11552 3211 2301 5687 214 1061 160 1381 389 4679 5550 2151 3588 424 4275
internal_value=3.85651e-05 0.000263461 2.9091e-05 -0.000566337 0.000515268 0.00135548 -8.92595e-05 8.99883e-05 -0.000256147 -0.000451157 4.47932e-05 0.000350832 0.000277892 8.57486e-05
internal_weight=31025.7 11271.2 5859.43 1714.23 5411.74 873.439 19754.5 9496.12 10258.4 6550.67 9251.17 4538.3 4145.21 3707.74
internal_count=46623 16646 8626 2515 8020 1221 29977 14092 15885 10229 13703 6799 6111 5656
is_linear=0
shrinkage=0.02


Tree=217
num_leaves=15
num_cat=0
split_feature=50 34 42 22 12 45 20 22 23 46 3 18 15 3
split_gain=2.14684 1.86652 1.60641 1.51875 1.56591 1.43853 1.43773 2.32567 1.35115 1.25103 1.6173 1.23688 1.12719 1.07549
threshold=1.3500000000000003 0.73644000997051939 0.95000000000000007 1.732312073436445 19.674942222787664 0.45000000000000007 -1.759410788782908 -1.1890094492916845 0.77648229003876257 1.4722222222222225 32.202790184360346 1.3036060243508409 12.3965970338181 31.724347919242003
decision_type=2 2 2 2 2 2 2 2 2 2 2 2 2 2
left_child=2 5 3 13 -5 11 7 -3 -7 -4 -11 -2 -8 -1
right_child=1 6 9 4 -6 8 12 -9 -10 10 -12 -13 -14 -15
leaf_value=0.00027977654118043833 0.0019379659350190301 -0.00029898531239758288 0.0029769624507607084 -0.00081279279641124544 0.00076602265723691538 -0.0004924067037073588 7.243106296119546e-05 0.0024576141282324046 0.00015115310964376982 -0.001985597779453235 0.0014987602258088584 0.00025818704647569086 0.00084780647332008158 -0.00012482985186319741
leaf_weight=3225.6544501781464 287.07918131351471 171.11603823304176 112.55807769298553 1924.3919669389725 280.92957699298859 1745.8446040153503 1547.4089943766594 377.720587849617 5138.8706919550896 74.559305638074875 166.73161882162094 490.68838542699814 1512.4478326439857 13969.700988680124
leaf_count=4841 436 249 172 2975 425 2608 2224 554 7684 114 262 775 2116 21188
internal_value=3.78142e-05 0.000258265 -8.7474e-05 -0.00011236 -0.00060663 8.00888e-05 0.000633571 0.00158204 -1.06861e-05 0.00124184 0.000373513 0.000894409 0.000459259 -4.83251e-05
internal_weight=31025.7 11271.2 19754.5 19400.7 2205.32 7662.48 3608.69 548.837 6884.72 353.849 241.291 777.768 3059.86 17195.4
internal_count=46623 16646 29977 29429 3400 11503 5143 803 10292 548 376 1211 4340 26029
is_linear=0
shrinkage=0.02


Tree=218
num_leaves=15
num_cat=0
split_feature=42 25 51 34 12 22 1 16 22 30 37 51 25 23
split_gain=1.93891 1.43012 1.71154 1.47412 1.39747 1.2021 2.61438 1.44705 1.21997 1.53675 1.4811 1.07398 0.855715 0.744402
threshold=0.95000000000000007 1.1000000000000003 1.0500000000000003 0.79232510383189303 18.31811384859073 1.5553529167383202 38.674666666666674 27.330000000000009 -1.7958323827126135 -0.34344980296161071 1.1862160950514344 1.0500000000000003 1.3666666666666669 1.1078699352181978
decision_type=2 2 2 2 2 2 2 2 2 2 2 2 2 2
left_child=5 2 4 -4 -2 8 7 -7 10 -10 -1 12 -3 -13
right_child=1 11 3 -5 -6 6 -8 -9 9 -11 -12 13 -14 -15
leaf_value=-0.00048881495745370634 0.00042170419041302461 -0.003269277286339608 -0.00033038568504677564 0.00086290065725509724 0.0019609704861055601 -0.00050275092480029141 0.0022956673894961145 0.0022301939785639314 0.00091284335142700218 4.9636275487896937e-05 0.0017363250367700342 -0.0003902843902525684 -0.0003867534601027906 0.0010571614959081583
leaf_weight=2429.8803515136242 417.16015318036079 72.345062613487244 771.87604865431786 870.07567310333252 609.95397400856018 3721.172810614109 141.64548018574715 75.955267906188965 860.54643324017525 20224.729629963636 122.21929976344109 368.03948739171028 115.09804555773735 225.00458306074142
leaf_count=3634 612 105 1204 1218 901 5694 221 128 1313 30409 189 499 169 327
internal_value=3.70934e-05 0.000484083 0.000705195 0.000296138 0.00134755 -1.84899e-05 -0.000342118 -0.000444305 3.50388e-05 8.54235e-05 -0.000377062 -0.000259152 -0.00157484 0.000143787
internal_weight=31025.7 3449.55 2669.07 1641.95 1027.11 27576.1 3938.77 3797.13 23637.4 21085.3 2552.1 780.487 187.443 593.044
internal_count=46623 5035 3935 2422 1513 41588 6043 5822 35545 31722 3823 1100 274 826
is_linear=0
shrinkage=0.02


Tree=219
num_leaves=15
num_cat=0
split_feature=50 34 42 22 45 15 20 22 36 33 5 2 33 23
split_gain=2.02836 1.73497 1.51416 1.41423 1.46974 1.4118 1.37323 2.23488 1.63391 1.32594 1.20817 1.43262 1.13841 1.08073
threshold=1.3500000000000003 0.73644000997051939 0.95000000000000007 1.732312073436445 1.2916666666666667 3.4306925405726432 -1.759410788782908 -1.1890094492916845 0.81666666666666676 0.19999999999999998 28.337255318981093 27.034500000000005 0.65000000000000013 0.77648229003876257
decision_type=2 2 2 2 2 2 2 2 2 2 2 2 2 2
left_child=2 5 3 9 -5 12 7 -3 -8 -1 -4 -12 -2 -7
right_child=1 6 10 4 -6 13 8 -9 -10 -11 11 -13 -14 -15
leaf_value=0.00013765192857242696 0.0034516067565435256 -0.00030353375875956232 -0.00095236517825495045 0 -0.0010439941143560198 -0.00035981312917408837 0.0012872521636889869 0.0023980064784425797 0.00018366209648746672 -0.00021383768742460268 0.0036417347046724243 0.00060988826152569265 0.0002191898168484887 0.00018153502997227727
leaf_weight=8096.546420186758 86.469391763210297 171.11603823304176 74.507753163576126 971.15892580151558 1234.1626181304455 2014.2815618515015 705.59324464201927 377.720587849617 2354.2635823786259 9098.8090186715126 106.47919356822968 172.86205542087555 100.66374942660332 5461.0681596696377
leaf_count=11953 134 249 118 1493 1907 3030 1009 554 3331 14076 158 272 171 8168
internal_value=3.63724e-05 0.000250661 -8.53996e-05 -0.000109574 -0.000586557 7.88205e-05 0.000612523 0.00153952 0.000442087 -4.77582e-05 0.00120511 0.00181878 0.00178638 3.42707e-05
internal_weight=31025.7 11271.2 19754.5 19400.7 2205.32 7662.48 3608.69 548.837 3059.86 17195.4 353.849 279.341 187.133 7475.35
internal_count=46623 16646 29977 29429 3400 11503 5143 803 4340 26029 548 430 305 11198
is_linear=0
shrinkage=0.02


Tree=220
num_leaves=15
num_cat=0
split_feature=15 19 30 2 44 23 13 21 44 16 5 13 21 27
split_gain=2.33274 2.51396 2.08577 1.80851 1.72144 1.75577 1.70817 2.27554 2.12877 1.45606 1.45115 1.44888 1.40047 1.31745
threshold=12.3965970338181 4.1472649804018333 -0.23622667526324861 30.374083333333335 1.1568847730595773 0.95391343206488843 1.0000000180025095e-35 1.0578909447069189 2.2723872926969855 7.7399999999999993 41.520883585827704 1.1379998348790485 1.0459414872463959 1.3955206531377045
decision_type=2 2 2 2 2 2 2 2 2 2 2 2 2 2
left_child=1 2 13 4 5 -2 8 -8 -5 -3 -4 -6 -11 -1
right_child=3 9 10 6 11 -7 7 -9 -10 12 -12 -13 -14 -15
leaf_value=0.0005959759106106238 0.00124790043771802 -0.00022190350887781174 -4.2284065008035823e-05 -0.00046916939277173714 0.0016401525042870318 -0.0019637579365623849 0.00024415662090763427 0.0016007886528901464 0.0011159364924734152 0.0035731969473050528 -0.00041148147401735689 4.9114304207823338e-05 0.00076648723134813514 -0.0012185138938333266
leaf_weight=2254.00508710742 120.52007210254669 136.88204470276833 14147.974153667688 2129.3954540789127 969.46860337257385 146.70043230056763 3333.4964996576309 585.69408705830574 398.59354120492935 150.8404429256916 6136.9985076487064 316.87459084391594 156.49006927013397 167.15109568834305
leaf_count=3389 191 215 21304 3014 1322 223 5128 861 566 247 9362 479 238 260
internal_value=4.31068e-05 -5.82749e-05 -8.78976e-05 0.000337648 0.000951359 -0.000479602 0.000187963 0.000450159 -0.000214605 0.0014271 -0.000154503 0.00125667 0.00219057 0.000465678
internal_weight=31151.1 23150.3 22706.1 8000.74 1553.56 267.221 6447.18 3919.19 2527.99 444.213 20285 1286.34 307.331 2421.16
internal_count=46799 35015 34315 11784 2215 414 9569 5989 3580 700 30666 1801 485 3649
is_linear=0
shrinkage=0.02


Tree=221
num_leaves=15
num_cat=0
split_feature=44 41 14 21 25 24 20 21 51 32 51 44 47 44
split_gain=1.86774 1.40665 1.62734 1.60048 1.38084 2.39915 1.88452 1.86351 1.48386 1.18938 1.1804 0.835296 1.29873 0.708278
threshold=1.8244016872395743 1.5743830016747997 13.500000000000002 0.91961790010722388 1.4500000000000002 0.88221773777769963 4.2988891748934011 1.0240333968067548 1.3500000000000003 1.1500000000000001 0.8500000000000002 2.1409224027858325 2.8292693961874349 2.0360400352249637
decision_type=2 2 2 2 2 2 2 2 2 2 2 2 2 2
left_child=4 2 3 -2 5 7 -7 -1 10 -10 -6 13 -13 -3
right_child=1 11 -4 -5 8 6 -8 -9 9 -11 -12 12 -14 -15
leaf_value=8.4863410015361619e-05 -0.00028024148536078658 -0.00064010407746709107 -0.0018349780983381214 0.00066440779051391648 -0.00067364954758099543 0.00030511603601773667 0.0032930080975035261 -0.00032483037599158305 -0.0037907168486822026 -0.00039543510278416066 0.00076858499145207528 -0.0033385425799588113 0 0.0016834391838265606
leaf_weight=9231.1211124360561 839.9160618185997 172.89597249031067 117.37003296613693 4391.7063952386379 1095.9375922083855 5989.8513204455376 84.475060909986496 8505.7366425096989 98.243556708097458 83.345555156469345 278.64005464315414 94.680571794509888 94.460668593645096 72.70408371090889
leaf_count=14352 1267 265 158 6402 1633 8863 123 12641 149 130 418 148 140 110
internal_value=4.22658e-05 0.000366665 0.000456781 0.000510788 -3.13259e-05 6.00322e-06 0.000349384 -0.000111057 -0.000608197 -0.00230811 -0.000373338 -0.000716222 -0.00170875 1.53803e-05
internal_weight=31151.1 5783.73 5348.99 5231.62 25367.4 23811.2 6074.33 17736.9 1556.17 181.589 1374.58 434.741 189.141 245.6
internal_count=46799 8490 7827 7669 38309 35979 8986 26993 2330 279 2051 663 288 375
is_linear=0
shrinkage=0.02


Tree=222
num_leaves=14
num_cat=0
split_feature=19 44 30 5 5 1 31 41 41 35 21 5 1
split_gain=1.98458 1.90192 1.59396 1.8766 1.50778 1.4661 1.36409 1.44483 1.38658 1.12588 1.78194 1.10503 0.851134
threshold=4.1472649804018333 1.8244016872395743 -0.23622667526324861 49.156793974815955 49.914073319608143 26.010583333333336 1.6500027158805359 1.5743830016747997 0.97722148887675453 0.45000000000000007 1.0459414872463959 41.720266541342518 23.569000000000006
decision_type=2 2 2 2 2 2 2 2 2 2 2 2 2
left_child=1 2 3 -1 -4 12 7 -3 -8 11 -11 -7 -2
right_child=5 6 4 -5 -6 9 8 -9 -10 10 -12 -13 -14
leaf_value=0.00063246588461534834 0.0011591293784064664 0.00051832349331607907 -0.00015198053632316653 -0.00084248570006629662 0.00053386677712727413 0.0016405220054055243 0.00015841148335779195 -0.0007219665464503806 -0.00247501662314158 0.0024273730687705826 -0.0019087936946430505 0.0051008284829673189 -0.0018717369550915821
leaf_weight=2267.3014910519123 69.654866099357605 5026.9026346504688 20914.763583540916 399.91365164518356 1358.6497088074684 104.09179890155792 183.55395683646202 397.83493033051491 131.21966576576233 94.63671338558197 58.449968278408051 72.397112280130386 71.714600056409836
leaf_count=3361 106 7342 31548 599 2126 165 282 606 183 168 86 129 98
internal_value=4.1393e-05 2.1241e-05 -5.39593e-05 0.000407104 -0.000109652 0.00132743 0.000349665 0.000425289 -0.000916513 0.00205902 0.000704037 0.00315724 -0.000313296
internal_weight=31151.1 30680.1 24940.6 2667.22 22273.4 470.945 5739.51 5424.74 314.774 329.576 153.087 176.489 141.369
internal_count=46799 46047 37634 3960 33674 752 8413 7948 465 548 254 294 204
is_linear=0
shrinkage=0.02


Tree=223
num_leaves=13
num_cat=0
split_feature=44 4 21 4 24 13 42 17 18 1 23 0
split_gain=1.7214 1.71136 2.0932 1.85843 1.32155 1.29695 1.80294 1.81905 1.43088 1.68859 1.588 1.02207
threshold=1.8244016872395743 22.229989860523872 0.92226477732492673 32.50962788232146 0.45241582400070474 2.2092548836962744 0.35000000000000003 0.8602729135868844 0.79885623556302565 21.597666666666672 0.76826248265433972 26.366809529784017
decision_type=2 2 2 2 2 2 2 2 2 2 2 2
left_child=5 -2 3 -3 -4 8 11 -8 10 -10 -1 -7
right_child=1 2 4 -5 -6 6 7 -9 9 -11 -12 -13
leaf_value=0.0014623446154952988 0.0027865935780724367 -0.0014673953565272899 0.0023371706380949865 0.00038973443965852105 0.00040197837238936928 0.0003181188470546069 -0.0012364115092034199 0.0014644401283817777 -0.0003442941298823214 1.9902337638336157e-05 -2.1996148637928325e-05 -0.0010116754107276872
leaf_weight=498.05666470527649 112.24112486839294 461.74412110447884 146.29779615998268 389.2185286283493 4674.2322158515453 747.1247870028019 108.59242698550224 787.45689404010773 7833.6580555140972 14411.934719145298 650.15008014440536 330.37726747989655
leaf_count=741 173 686 235 594 6802 1281 177 1328 11678 21624 955 525
internal_value=4.0577e-05 0.000352014 0.000301105 -0.000607324 0.000463728 -3.00584e-05 0.000461353 0.00112396 -7.19783e-05 -0.000107917 0.000614594 -8.14702e-05
internal_weight=31151.1 5783.73 5671.49 850.963 4820.53 25367.4 1973.55 896.049 23393.8 22245.6 1148.21 1077.5
internal_count=46799 8490 8317 1280 7037 38309 3311 1505 34998 33302 1696 1806
is_linear=0
shrinkage=0.02


Tree=224
num_leaves=14
num_cat=0
split_feature=15 19 6 30 17 34 30 30 26 26 47 18 30
split_gain=2.11025 2.3348 1.94624 1.90287 2.1409 1.79806 1.78065 1.81916 1.54972 1.37001 1.28911 1.13518 1.01124
threshold=12.3965970338181 4.1472649804018333 1.5000000000000002 -0.23622667526324861 2.4810945998750165 0.96276360265011451 -0.47274449425976467 0.14088726386975467 0.84523809523809534 0.95000000000000007 2.4652857557300427 1.1463843569404413 0.059067147935250607
decision_type=2 2 2 2 2 2 2 2 2 2 2 2 2
left_child=1 3 5 10 -5 8 -4 -8 -2 11 -1 -3 -7
right_child=2 9 6 4 -6 12 7 -9 -10 -11 -12 -13 -14
leaf_value=0.00053343390347217439 0.00029481269603827924 -0.00091356620517313314 -0.0019949046386948418 -8.9847591831036458e-05 -0.00087278972828307578 9.2696903453161114e-06 0.00068188112731241296 -5.7685857412189914e-05 -0.0014546263808706123 0.0030866692161924773 -0.0019794909773884865 0.0015373450116195927 0.0029713100734965166
leaf_weight=2339.9959712326527 294.69440838694572 114.80933213233948 114.17145875096321 18771.917378306389 1513.055283010006 126.2067343890667 5024.4401625692844 1776.0040512681007 587.67268082499504 131.99832114577293 81.160211563110352 197.40490362048149 77.553784430027008
leaf_count=3529 445 171 168 28405 2261 187 7415 2627 834 216 120 313 108
internal_value=3.97848e-05 -5.66241e-05 0.00031994 -8.51867e-05 -0.00014882 -0.000462002 0.000444309 0.000487306 -0.000859693 0.00137479 0.000443506 0.000604177 0.00120318
internal_weight=31151.1 23150.3 8000.74 22706.1 20285 1086.13 6914.62 6800.44 882.367 444.213 2421.16 312.214 203.761
internal_count=46799 35015 11784 34315 30666 1574 10210 10042 1279 700 3649 484 295
is_linear=0
shrinkage=0.02


Tree=225
num_leaves=10
num_cat=0
split_feature=36 43 32 34 18 20 19 23 3
split_gain=1.37602 1.46829 1.27938 1.26502 1.50821 1.19424 0.977763 1.61437 1.31861
threshold=2.5277777777777781 0.75000000000000011 0.95000000000000007 1.0000000180025095e-35 0.79885623556302565 0.011974398758002951 1.0000000180025095e-35 1.2562634629244569 49.969894747755752
decision_type=2 2 2 2 2 2 2 2 2
left_child=2 5 6 -4 -5 -2 7 -1 -8
right_child=1 -3 3 4 -6 -7 8 -9 -10
leaf_value=-0.00017422745413772715 0.0018659651326502077 0.0032857076062721771 -0.0024384903129021332 0.0019785151164770707 0.00015650256919939561 -0.0020919785932604928 -1.4447817911508074e-05 -0.0010679461529536564 0.0015828689988573461
leaf_weight=9327.3621742129326 63.654387503862381 101.92345038056374 71.006453365087509 184.86437898874283 8681.2742575705051 54.919454783201218 11582.525488227606 890.95620301365852 208.37138286232948
leaf_count=13801 109 145 123 278 12934 93 17470 1401 414
internal_value=-1.62951e-05 0.00155012 -2.78786e-05 0.000173467 0.000196058 0 -0.0001101 -0.000253325 1.3196e-05
internal_weight=31166.9 220.497 30946.4 8937.15 8866.14 118.574 22009.2 10218.3 11790.9
internal_count=46768 347 46421 13335 13212 202 33086 15202 17884
is_linear=0
shrinkage=0.02


Tree=226
num_leaves=15
num_cat=0
split_feature=1 0 1 23 23 13 23 32 49 3 40 40 1 43
split_gain=1.59122 2.45446 2.11838 1.94969 1.6164 1.56921 2.08803 1.5666 1.46889 1.36133 1.35012 1.78101 1.33007 1.13811
threshold=31.451833333333337 17.129668898655133 18.822111111111116 0.46522074878864111 0.77648229003876257 0.21755937125375005 0.5752943010956969 0.95000000000000007 1.0000000180025095e-35 28.250194160528281 -0.21855165155460851 -0.2507840320742592 20.251166666666673 1.2500000000000002
decision_type=2 2 2 2 2 2 2 2 2 2 2 2 2 2
left_child=1 2 4 9 -1 6 -2 -5 -8 -3 11 -7 -4 -12
right_child=5 3 12 7 -6 10 8 -9 -10 -11 13 -13 -14 -15
leaf_value=0.00055874159374491984 -0.0028791001571745016 0.00052905204913586868 0.0024307656497567728 -0.00025343959376366985 -0.00025174683862521827 0.00011590713379098995 0.0022460791491252107 0.00018383381082408252 -8.858438668174453e-05 -0.0010343124857034431 0.00050791285286920593 -0.003052513587660025 0.0005682327450417413 0.0027687172802170223
leaf_weight=1868.7646463215351 102.72503507137299 248.25315454602242 273.89423334598541 12106.936728149652 2057.4331871569157 253.44823107123375 109.47498515248299 4465.2139211595058 3232.7528305649757 1609.8183145821095 4261.6893749237061 93.678732931613922 391.40253704786301 91.371718883514404
leaf_count=2810 143 359 416 18105 3118 395 168 6636 4665 2425 6657 147 592 132
internal_value=-1.59589e-05 -0.00010126 0.000311527 -0.000204663 0.000131566 0.000223878 -9.7965e-05 -0.000135009 -7.82451e-06 -0.000819714 0.000461838 -0.000723096 0.00135499 0.000558914
internal_weight=31166.9 23021.7 4591.49 18430.2 3926.2 8145.14 3444.95 16572.2 3342.23 1858.07 4700.19 347.127 665.297 4353.06
internal_count=46768 34461 6936 27525 5928 12307 4976 24741 4833 2784 7331 542 1008 6789
is_linear=0
shrinkage=0.02


Tree=227
num_leaves=15
num_cat=0
split_feature=15 2 19 0 23 1 14 13 23 45 43 46 1 23
split_gain=1.66218 2.02663 3.94782 1.9905 2.52141 2.08661 1.78971 1.56448 1.55259 1.38335 1.35466 1.31237 1.23885 0.89198
threshold=15.99009934012865 37.888750000000009 0.5030799570293355 17.129668898655133 0.46522074878864111 18.822111111111116 11.500000000000002 1.4862016475060431 0.77648229003876257 1.3666666666666669 0.65000000000000013 3.3875000000000006 20.251166666666673 1.0838527669718589
decision_type=2 2 2 2 2 2 2 2 2 2 2 2 2 2
left_child=3 6 -3 5 7 8 10 -5 -1 -8 -2 -6 -7 -4
right_child=1 2 13 4 11 12 9 -9 -10 -11 -12 -13 -14 -15
leaf_value=0.00054757871287050466 0.00047615274709282188 -0.0031782987305858431 -9.9737539262401522e-05 -0.0011194625388427084 -0.00010051952908757278 0.0023825027616297323 0.0011261923616885622 0.00032056957414354162 -0.00024671679227818372 -0.0010891167740971232 0.0015233003661452704 0.0014825063990991413 0.0005819743386640358 0.0028581604136667343
leaf_weight=1868.7646463215351 2383.7435509264469 174.42356529831886 83.087162673473358 1555.3101532757282 20522.139366954565 273.89423334598541 147.14493408799171 360.89894241094589 2057.4331871569157 428.57328456640244 643.18874117732048 208.95960241556168 391.4758682847023 67.82039201259613
leaf_count=2810 3562 260 125 2297 30882 416 208 574 3118 598 906 316 592 104
internal_value=-1.5611e-05 0.00036849 -0.0011293 -7.13904e-05 -0.000148673 0.000307518 0.000507072 -0.000842982 0.000128887 -0.000503669 0.00070282 -8.39396e-05 0.00134305 0.00118419
internal_weight=31166.9 3927.98 325.331 27238.9 22647.3 4591.57 3602.65 1916.21 3926.2 575.718 3026.93 20731.1 665.37 150.908
internal_count=46768 5763 489 41005 34069 6936 5274 2871 5928 806 4468 31198 1008 229
is_linear=0
shrinkage=0.02


Tree=228
num_leaves=15
num_cat=0
split_feature=15 2 19 40 18 30 13 32 1 2 40 22 23 17
split_gain=1.59629 1.94705 3.79285 1.55289 1.58438 1.4099 2.06374 2.46702 1.412 1.52279 1.39405 1.32413 0.858781 0.657873
threshold=15.99009934012865 37.888750000000009 0.5030799570293355 0.13420804932539918 2.9071135963906705 -0.14634871586054385 1.3475915412140396 0.75000000000000011 39.077333333333343 18.834250000000004 0.11852270398817775 1.6379457349630548 1.0838527669718589 3.2482120456780925
decision_type=2 2 2 2 2 2 2 2 2 2 2 2 2 2
left_child=5 3 13 10 -5 6 7 -1 9 -7 -2 -8 -4 -3
right_child=1 2 12 4 -6 8 11 -9 -10 -11 -12 -13 -14 -15
leaf_value=-0.00043897106099277878 0.00062556731651955009 -0.0013922002436390719 -9.7789725390213223e-05 0.0010794828251196374 -0.00093224096543353778 0.00012500183915228097 0.0010048619613460712 0.00049611614945011115 0.0022757528464094185 -0.00026010554166739432 0.0032477373429831368 -0.0012983228074419993 0.0028026346871454703 -0.00420356779506519
leaf_weight=2480.5557711720467 2785.5505853891373 72.830544799566269 83.087162673473358 219.78012415766716 513.45627963542938 5539.4951696395874 1401.9873221814632 2066.2612763047218 93.253619700670242 15555.197823733091 83.863521575927734 102.1250174343586 67.82039201259613 101.59302049875259
leaf_count=3627 4073 117 125 332 744 8321 2260 3013 137 23465 125 182 104 143
internal_value=-1.52661e-05 0.000361137 -0.00110677 0.000497008 -0.00031435 -6.9935e-05 0.000198574 -1.17992e-05 -0.0001471 -0.0001585 0.000707896 0.000840326 0.00115992 -0.00311545
internal_weight=31166.9 3927.98 325.331 3602.65 733.236 27238.9 6050.93 4546.82 21187.9 21094.7 2869.41 1504.11 150.908 174.424
internal_count=46768 5763 489 5274 1076 41005 9082 6640 31923 31786 4198 2442 229 260
is_linear=0
shrinkage=0.02


Tree=229
num_leaves=14
num_cat=0
split_feature=50 22 47 40 3 19 2 25 34 37 2 47 20
split_gain=1.57324 2.28489 1.75699 1.58657 1.58743 1.50754 2.07898 1.37811 1.3696 1.06205 0.962784 1.18643 0.681682
threshold=1.3500000000000003 -1.2764931726311286 2.9792141212219634 0.17870895334601608 33.219920139439338 0.11300848703760731 31.359916666666674 1.5500000000000003 1.8167221222600958 2.0068519964919527 10.349071428571431 0.48345610759859059 -0.93273010457777328
decision_type=2 2 2 2 2 2 2 2 2 2 2 2 2
left_child=2 5 10 4 -3 7 -7 -2 -5 -4 12 -12 -1
right_child=1 3 9 8 -6 6 -8 -9 -10 -11 11 -13 -14
leaf_value=0.0026095203262905759 -0.00052381515843505952 0.0010252898910554373 0.0031240023944721354 -0.00046075064369200205 0.00028441272013604091 0.0021335393797611863 -0.00055504188319804295 -0.002486354189272174 0.0015622664554815814 0.00030141448255760971 -0.00066490527888591114 -0.00010917031127338265 0.00014927410204829372
leaf_weight=82.13231635093689 1378.3440487682819 1439.5513178408146 101.46886524558067 1435.0980980992317 6291.1799229383469 193.13250464200974 269.78768250346184 162.80956587195396 144.04462713003159 129.42477440834045 1692.8921871781349 17728.958221584558 118.03349834680557
leaf_count=123 2023 2129 156 2105 9282 289 406 228 211 220 2665 26757 174
internal_value=-1.49441e-05 0.000172901 -0.000122505 0.000305404 0.000423895 -0.000437347 0.000549491 -0.000740574 -0.00026815 0.00160095 -0.000143456 -0.000158189 0.00122406
internal_weight=31166.9 11313.9 19852.9 9309.87 7730.73 2004.07 462.92 1541.15 1579.14 230.894 19622 19421.9 200.166
internal_count=46768 16673 30095 13727 11411 2946 695 2251 2316 376 29719 29422 297
is_linear=0
shrinkage=0.02


Tree=230
num_leaves=15
num_cat=0
split_feature=44 12 3 1 34 42 34 22 22 51 1 8 23 40
split_gain=1.58805 1.76554 1.7111 2.27553 1.86362 1.85377 1.61753 1.3413 1.25822 1.13198 1.29779 1.0124 1.07359 0.993928
threshold=1.0522967274275798 18.073118115592184 37.821222729443313 21.914000000000005 0.70044224910162278 0.65000000000000002 0.19483812341904164 -1.6047928378755081 -0.027669726006203498 1.0500000000000003 26.302833333333336 3.5000000000000004 0.55991636602004657 -0.12089899443493908
decision_type=2 2 2 2 2 2 2 2 2 2 2 2 2 2
left_child=1 11 6 4 -4 -5 8 -8 -2 10 -3 12 -1 -13
right_child=2 9 3 5 -6 -7 7 -9 -10 -11 -12 13 -14 -15
leaf_value=-5.6724205891333585e-05 0.00028107004525772104 -9.685729848523639e-05 -0.00025685916375405981 -8.7523481922333768e-05 -0.0016793641916296488 0.00048982078656554238 -0.00049066459565003345 0.00052556050766008888 -0.0018326289785068654 -0.00049349807915158815 0.00052160155671086015 0.001293794789780382 -0.0013323267735550473 -0.00042414610671163625
leaf_weight=375.37846496701241 205.59007951617241 4983.2240087389946 1242.3916708230972 7661.8772560060024 536.13664415478706 3123.0155952274799 556.68803602457047 6039.5659012794495 228.72215166687965 1797.8282174170017 1856.0246426463127 148.59641382098198 1045.3208573460579 1153.7634148299694
leaf_count=564 311 7561 1791 11555 830 4461 803 8855 348 2857 2918 227 1604 1768
internal_value=0 -0.000187823 0.000109368 -2.97191e-05 -0.000692694 7.87927e-05 0.000359271 0.000438158 -0.000812447 -4.65233e-05 6.96208e-05 -0.000631969 -0.00100287 -0.000218783
internal_weight=30954.1 11360.1 19594 12563.4 1778.53 10784.9 7030.57 6596.25 434.312 8637.08 6839.25 2723.06 1420.7 1302.36
internal_count=46453 17499 28954 18637 2621 16016 10317 9658 659 13336 10479 4163 2168 1995
is_linear=0
shrinkage=0.02


Tree=231
num_leaves=14
num_cat=0
split_feature=34 37 14 16 2 0 23 20 1 27 2 2 2
split_gain=1.4607 1.59741 1.56639 1.91959 1.61874 1.23284 2.32843 1.3252 0.955628 1.79865 1.21892 1.49424 0.938119
threshold=0.15518545513906154 0.17970019858666778 12.500000000000002 6.3225000000000025 21.556750000000005 29.748432434129139 0.51116763124334808 0.9658476063501561 25.250333333333337 0.24127654984468808 26.392928571428573 24.460833333333337 31.706166666666672
decision_type=2 2 2 2 2 2 2 2 2 2 2 2 2
left_child=8 5 3 -3 -4 6 -2 -7 10 -10 11 -1 -11
right_child=1 2 4 -5 -6 7 -8 -9 9 12 -12 -13 -14
leaf_value=-0.0005452353756781053 0.001514355565787761 -0.00027952343473908989 0.00036810901823089312 0.0001614769123404235 -0.00099211590261871893 0.00087089596221074099 -8.7104276350084145e-05 0.003483737029118382 -0.0030009423330321339 0.00048992735398798359 -0.0027298175757502112 0.001311064113002465 -0.00049351850156295585
leaf_weight=3052.3177046477795 460.22199001908302 5225.1947105228901 485.49890127778053 16042.705922961235 1166.2495796978474 634.10040313005447 1650.1099809110165 91.656139135360718 71.822410762310028 1246.1893202066422 95.766635984182358 179.15556827187538 553.13408693671227
leaf_count=4827 683 7844 674 23995 1597 952 2382 138 117 1979 139 267 859
internal_value=0 6.19796e-05 6.11387e-06 5.26437e-05 -0.000586296 0.000509608 0.000258512 0.00122328 -0.000305494 5.12594e-05 -0.000509035 -0.000438481 0.00018184
internal_weight=30954.1 25755.7 22919.6 21267.9 1651.75 2836.09 2110.33 725.757 5198.39 1871.15 3327.24 3231.47 1799.32
internal_count=46453 38265 34110 31839 2271 4155 3065 1090 8188 2955 5233 5094 2838
is_linear=0
shrinkage=0.02


Tree=232
num_leaves=15
num_cat=0
split_feature=34 12 14 2 24 15 16 16 12 51 13 47 47 49
split_gain=1.40358 1.42224 1.38067 1.62047 2.07705 1.35774 1.3376 1.19223 1.40608 1.39432 1.13143 1.10609 1.10968 0.984836
threshold=0.15518545513906154 18.529609099801096 12.500000000000002 21.556750000000005 0.5974354751273 3.1064983649340943 2.3633333333333342 6.3225000000000025 19.674942222787664 0.55000000000000016 1.3089255651755656 0.36514467488503899 1.5752567001505418 0.75000000000000011
decision_type=2 2 2 2 2 2 2 2 2 2 2 2 2 2
left_child=1 5 7 13 -5 6 -1 9 -9 -2 -7 -3 -13 -4
right_child=2 11 3 4 -6 10 -8 8 -10 -11 -12 12 -14 -15
leaf_value=-0.00080199756064324812 0.00020724997586401176 -0.0010063471959813985 -0.00069219956460416106 -0.0026613007112209616 -0.00048713345626763267 -0.0011563007882765225 0.0027762158341760853 0.00012139087624406898 0.00068304428662428003 -0.00039022564587358721 -3.8943660443125126e-05 0.00020782915616623145 -0.0016495775638991962 0.0010229413174406528
leaf_weight=74.360684871673584 2721.7568554282188 402.79199513792992 200.13048163056374 214.52829611301422 1055.1846006810665 1385.9125490784645 83.360411167144775 15542.890321135521 2027.2882344722748 3621.9172848165035 516.30356591939926 2603.0401774644852 132.61634317040443 372.04155337810516
leaf_count=118 4006 686 275 301 1433 2071 127 23273 2975 5485 824 4132 230 517
internal_value=0 -0.00029946 6.07556e-05 -0.000465609 -0.000865948 -0.000707728 0.00103767 0.000101751 0.000186835 -0.000132318 -0.000858636 -2.80272e-05 0.000112996 0.000405293
internal_weight=30954.1 5198.39 25755.7 1841.88 1269.71 2059.94 157.721 23913.9 17570.2 6343.67 1902.22 3138.45 2735.66 572.172
internal_count=46453 8188 38265 2526 1734 3140 245 35739 26248 9491 2895 5048 4362 792
is_linear=0
shrinkage=0.02


Tree=233
num_leaves=9
num_cat=0
split_feature=36 30 3 50 1 12 0 47
split_gain=1.35855 1.35669 2.01797 1.9179 1.81373 1.63326 1.59984 1.41293
threshold=2.8166666666666669 0.22672758583685251 35.18198096597262 0.65000000000000013 25.343000000000004 19.96118791700864 26.528948257092647 1.9365382106409805
decision_type=2 2 2 2 2 2 2 2
left_child=1 4 7 -4 5 -1 -6 -3
right_child=-2 2 3 -5 6 -7 -8 -9
leaf_value=-0.00018275502876495122 0.0019045399969200871 -3.7111870009637979e-05 -0.0018642084767559561 -0.00040427118727815467 0.00064552891536878319 0.00070815770828774817 9.7348322524317112e-05 0.0015522245823568629
leaf_weight=12295.95271512866 147.12642812728882 835.6321052312851 422.04958271980286 2669.577477991581 2676.5007516741753 876.61022517085075 10732.718369454145 297.95569896697998
leaf_count=18430 235 1252 648 3957 4286 1276 15938 431
internal_value=0 -9.00087e-06 -0.00034208 -0.000607881 4.35882e-05 -0.000122609 0.000207592 0.000373826
internal_weight=30954.1 30807 4225.21 3091.63 26581.8 13172.6 13409.2 1133.59
internal_count=46453 46218 6288 4605 39930 19706 20224 1683
is_linear=0
shrinkage=0.02


Tree=234
num_leaves=12
num_cat=0
split_feature=6 31 12 34 12 12 3 12 42 4 31
split_gain=1.42139 2.05135 1.74952 1.57331 1.5092 1.42887 1.42367 1.5886 1.40082 1.12609 0.905108
threshold=5.5000000000000009 1.7944740141344451 20.04409021188221 0.15518545513906154 18.475848601429544 19.603966622316978 30.629520163506282 17.107729858606017 0.35000000000000003 24.963553381417526 0.84771031620224835
decision_type=2 2 2 2 2 2 2 2 2 2 2
left_child=3 2 9 4 10 -6 7 -5 -8 -2 -1
right_child=1 -3 -4 6 5 -7 8 -9 -10 -11 -12
leaf_value=-0.00041398861674431681 -0.002156001586067872 -0.0035425578652309359 0.0020691872220731404 -0.00099109702640993958 0.00020279802616393481 -0.00086645476725994992 -0.00014653396867807627 0.00062975397285423796 0.00018473147629528334 -0.00035968504839026835 -0.0013805467461128879
leaf_weight=1177.1266370415688 153.46040710806847 83.851644992828369 108.04774364829063 257.21982553601265 2397.8779397904873 628.93958368897438 8913.3418530225754 2947.012485742569 11906.211265593767 1766.6965628862381 614.33740541338921
leaf_count=1831 223 125 157 378 3870 987 13512 4405 17488 2558 919
internal_value=0 -0.000500352 -0.000366287 3.69103e-05 -0.00029231 -1.65048e-05 0.000103375 0.000495984 4.24282e-05 -0.000510544 -0.000752191
internal_weight=30954.1 2112.06 2028.2 28842.1 4818.28 3026.82 24023.8 3204.23 20819.6 1920.16 1791.46
internal_count=46453 3063 2938 43390 7607 4857 35783 4783 31000 2781 2750
is_linear=0
shrinkage=0.02


Tree=235
num_leaves=13
num_cat=0
split_feature=42 37 40 4 25 16 14 37 14 40 1 22
split_gain=1.43294 1.71699 1.75926 1.80038 1.63503 1.65023 1.53939 1.47005 1.39051 1.23492 0.875727 0.796595
threshold=0.35000000000000003 1.3779731100096855 -0.019017452039343897 23.224784267245479 1.3666666666666669 23.410000000000007 13.500000000000002 0.70710138168908465 7.5000000000000009 0.055254587244576457 19.503750000000007 0.84725033446806119
decision_type=2 2 2 2 2 2 2 2 2 2 2 2
left_child=1 2 7 -4 5 6 -2 -1 9 -6 -10 -7
right_child=4 -3 3 -5 8 11 -8 -9 10 -11 -12 -13
leaf_value=0.00020204346749121827 0.00028191255724864159 0.0017755126237400862 0.001017539654137677 -0.00038060182712166705 0.0024636573074677919 0.0033321477518071315 -0.0011595594989529934 -0.00096005524251398776 -0.0019756269024838033 -0.00066300987287576428 -0.0002845204313294167 0.00088636091116741928
leaf_weight=6390.7823500037193 12427.363512665033 192.62098163366318 381.49064940214157 7696.2734832167625 133.52658852934837 96.606365025043488 299.14574745297432 463.17950046062469 129.67692810297012 72.712211728096008 2531.0436756014824 155.36939045786858
leaf_count=9600 18591 330 592 11707 209 155 409 733 177 117 3603 247
internal_value=5.0923e-05 -8.78722e-05 -0.000112814 -0.000313098 0.000184027 0.00027987 0.000247067 0.000121795 -0.000246253 0.00131751 -0.000372118 0.00188229
internal_weight=30969.8 15124.3 14931.7 8077.76 15845.4 12978.5 12726.5 6853.96 2866.96 206.239 2660.72 251.976
internal_count=46470 22962 22632 12299 23508 19402 19000 10333 4106 326 3780 402
is_linear=0
shrinkage=0.02


Tree=236
num_leaves=15
num_cat=0
split_feature=30 24 24 23 22 16 1 23 46 20 1 24 14 22
split_gain=1.43164 2.519 1.86338 1.88613 1.96346 1.72369 1.59037 2.25917 2.17747 1.40771 1.2321 1.19621 1.17283 1.14754
threshold=0.14088726386975467 0.56345257115059322 0.6302628563353514 1.0667382644802181 1.6379457349630548 5.422500000000003 23.671500000000005 0.96054990739225432 1.1055555555555558 -1.8356272137253471 38.674666666666674 0.46568918361497574 7.5000000000000009 1.8517927688531295
decision_type=2 2 2 2 2 2 2 2 2 2 2 2 2 2
left_child=2 9 3 4 -1 -5 8 -8 -4 11 12 -2 -3 -11
right_child=1 10 6 5 -6 -7 7 -9 -10 13 -12 -13 -14 -15
leaf_value=5.0906698815822595e-05 0.00083032362779595335 0.00063641858867130835 0.00042928113911694209 -0.0015976744937747792 0.0027155635529412213 -0.00029345524024998145 0.0007240579885086539 0.00013112219315006602 -0.00047594840325258623 0.00052843756963315465 0.0014350348812349506 0.0036247080501495901 -0.00050747189226998794 -0.0010697351357076654
leaf_weight=5826.0528807342052 208.30399987101555 375.31741377711296 1953.7072183489799 490.45132631063461 111.05399659276009 2506.1457714438438 4671.8405603766441 5825.9704848825932 2319.2538883686066 931.32470551133156 141.11928570270538 95.239332973957062 5296.0121513009071 217.99836808443069
leaf_count=8847 360 599 2966 788 166 3890 6844 8787 3335 1483 221 141 7669 374
internal_value=4.99104e-05 -0.000195138 0.000125449 -0.000101739 0.000103331 -0.000511174 0.000263529 0.000396036 -5.97079e-05 0.000546406 -0.000382337 0.0017578 -0.000429811 0.000215286
internal_weight=30969.8 7265.32 23704.5 8933.7 5937.11 2996.6 14770.8 10497.8 4272.96 1452.87 5812.45 303.543 5671.33 1149.32
internal_count=46470 10847 35623 13691 9013 4678 21932 15631 6301 2358 8489 501 8268 1857
is_linear=0
shrinkage=0.02


Tree=237
num_leaves=10
num_cat=0
split_feature=37 30 37 30 20 19 19 20 30
split_gain=1.39422 1.58088 1.49713 1.47103 1.41285 1.20562 3.852 2.0073 1.13304
threshold=0.0019896142343955505 -0.060150249070251294 1.6690004123451307 -0.13400796093203637 0.24504093720691242 1.0000000180025095e-35 -0.030392956148567348 0.55583119857577057 -0.052461042371468945
decision_type=2 2 2 2 2 2 2 2 2
left_child=8 2 4 -4 -2 6 -3 -7 -1
right_child=1 5 3 -5 -6 7 -8 -9 -10
leaf_value=-0.0021348458781557762 2.4611218186327152e-05 -0.00017832885217762437 0.0004392809405949291 0.00308958281054399 0.00047731908277282096 0.00029478786406757744 -0.0033806632180865587 -0.00026029292259704468 -0.00017847214992833957
leaf_weight=204.18210130929947 7014.5646120011806 7287.8816559910774 226.95698699355125 142.57397201657295 4596.3622588515282 6845.5092482864857 151.92236670851707 4190.9053902029991 308.93279191851616
leaf_count=336 10589 10816 346 217 6776 10413 221 6236 520
internal_value=4.89473e-05 6.67017e-05 0.000245761 0.00149987 0.000204735 -4.88779e-05 -0.000245956 8.30897e-05 -0.000981645
internal_weight=30969.8 30456.7 11980.5 369.531 11610.9 18476.2 7439.8 11036.4 513.115
internal_count=46470 45614 17928 563 17365 27686 11037 16649 856
is_linear=0
shrinkage=0.02


Tree=238
num_leaves=12
num_cat=0
split_feature=42 37 24 47 30 25 13 24 19 35 35
split_gain=1.36404 1.63951 1.56269 2.94676 1.86011 1.53503 1.35287 1.1974 1.19268 0.979228 0.657643
threshold=0.35000000000000003 1.3779731100096855 0.81591048337244831 1.4155581261397152 0.023350792523423453 1.3666666666666669 2.6149540032731644 1.5383991189460484 0.56275560353548582 1.0000000180025095e-35 0.63333333333333341
decision_type=2 2 2 2 2 2 2 2 2 2 2
left_child=1 2 3 -1 -4 7 8 9 -7 -2 -9
right_child=5 -3 4 -5 -6 6 -8 10 -10 -11 -12
leaf_value=-0.00018515524388218119 0.00068057875658808433 0.0017332931798618215 0.00044584846108928301 -0.0016462689784857124 -0.00024060823927745092 -0.00069870519472811058 0.0019692912623898396 0.00077415495268498937 0.00013139097456225124 0.00017632252472227661 0.0036298294008727961
leaf_weight=8014.2061299979687 1816.0982675552368 192.62098163366318 3389.2347655594349 594.15543341636658 2934.129654109478 1536.8466426730156 103.63795572519302 91.768857449293137 1226.4748055636883 11008.533626288176 62.084264308214188
leaf_count=12229 2774 330 5123 938 4342 2152 180 159 1774 16365 104
internal_value=4.79596e-05 -8.74514e-05 -0.000111838 -0.000287523 0.000125767 0.000177834 -0.000239027 0.000270712 -0.00032683 0.000248605 0.00202246
internal_weight=30969.8 15124.3 14931.7 8608.36 6323.36 15845.4 2866.96 12978.5 2763.32 12824.6 153.853
internal_count=46470 22962 22632 13167 9465 23508 4106 19402 3926 19139 263
is_linear=0
shrinkage=0.02


Tree=239
num_leaves=12
num_cat=0
split_feature=42 47 25 16 13 46 35 16 19 1 46
split_gain=1.31075 1.49073 1.47386 1.5774 1.3003 1.28155 1.7431 1.21242 1.14583 0.88596 0.531097
threshold=0.35000000000000003 2.9002079930241877 1.3666666666666669 23.410000000000007 2.6149540032731644 0.38750000000000007 0.45000000000000007 21.050000000000004 0.56275560353548582 23.048666666666669 2.2928571428571431
decision_type=2 2 2 2 2 2 2 2 2 2 2
left_child=1 5 3 7 8 9 -7 -2 -4 -1 -5
right_child=2 -3 4 10 -6 6 -8 -9 -10 -11 -12
leaf_value=-0.00058558264767237099 0.00026130018145571694 0.0018458961603682652 -0.00068474924418509371 0.0024207083659801413 0.0019306511081812153 7.4062594254746008e-05 -0.00042141611947186901 -0.001149425735083963 0.00012876741820666532 -0.0024978981677515671 0.00022684979018734678
leaf_weight=674.36896046996117 12482.357933849096 155.59483727812767 1536.8466426730156 179.05148267745972 103.63795572519302 10260.961611777544 3915.0930153727531 244.15132626891136 1226.4748055636883 118.32853981852531 72.924272805452347
leaf_count=1087 18637 239 2152 289 180 15449 6003 363 1774 184 113
internal_value=4.70285e-05 -8.57021e-05 0.000174345 0.00026536 -0.000234087 -0.000106692 -6.21118e-05 0.000233274 -0.000320229 -0.000889192 0.00183194
internal_weight=30969.8 15124.3 15845.4 12978.5 2866.96 14968.8 14176.1 12726.5 2763.32 792.698 251.976
internal_count=46470 22962 23508 19402 4106 22723 21452 19000 3926 1271 402
is_linear=0
shrinkage=0.02


Tree=240
num_leaves=15
num_cat=0
split_feature=1 3 32 0 37 5 1 20 18 4 16 19 42 18
split_gain=1.82066 1.53138 2.02751 1.69307 1.99611 1.55808 1.48325 1.17478 1.16168 1.69277 1.56014 1.37703 1.26272 0.891554
threshold=31.451833333333337 32.323718941005431 1.0500000000000003 17.129668898655133 0.014247935696901352 30.258727526982899 22.533666666666672 -1.9162480268207778 2.4019854706575843 40.889953415880271 6.9200000000000017 -0.18003260246152483 0.35000000000000003 1.7198524650911471
decision_type=2 2 2 2 2 2 2 2 2 2 2 2 2 2
left_child=1 2 5 4 -3 -1 -5 -4 10 -10 13 -12 -11 -2
right_child=8 3 7 6 -6 -7 -8 -9 9 12 11 -13 -14 -15
leaf_value=-0.00018769194965696879 0.00040076725916474365 -0.0013249261466156113 0.0026397704156809476 -0.00055706783890912051 0.00039895316074584287 0.00062120206689225081 -0.0001288411737915138 0.00070606681066101009 -0.0012787352224478516 -0.00014716543944902572 -0.00064129883817427857 0.0010336901812200488 0.00045098613211020034 -0.0025557871500612333
leaf_weight=3278.6154924631119 65.122738003730774 292.60960191488266 171.6713704764843 4934.4396039843559 2861.0031135380268 1337.4387159645557 9650.587414175272 559.92854085564613 325.86173623800278 2425.5764187276363 213.85320734977722 1646.1207174658775 3310.4511797130108 87.063825964927673
leaf_count=4872 107 476 261 7414 4367 1964 14354 849 463 3696 317 2604 4899 124
internal_value=-2.83443e-06 -9.35619e-05 0.000202168 -0.000183292 0.000235095 4.46762e-05 -0.000274462 0.00117941 0.000255305 0.000115003 0.000672485 0.000835253 0.000196342 -0.00123699
internal_weight=31160.3 23086.3 5347.65 17738.6 3153.61 4616.05 14585 731.6 8074.05 6061.89 2012.16 1859.97 5736.03 152.187
internal_count=46767 34557 7946 26611 4843 6836 21768 1110 12210 9058 3152 2921 8595 231
is_linear=0
shrinkage=0.02


Tree=241
num_leaves=15
num_cat=0
split_feature=1 6 6 13 2 0 3 32 0 2 30 30 47 14
split_gain=1.74779 1.92162 1.93811 2.17986 1.76227 1.49261 1.47145 1.94876 1.62582 2.02214 1.57027 1.35015 1.29371 1.26614
threshold=31.451833333333337 1.5000000000000002 4.5000000000000009 0.2713920879376977 35.934250000000006 27.860743713678541 32.323718941005431 1.0500000000000003 17.129668898655133 18.734937500000004 0.23580899981552242 -0.28439210836049372 1.6735561216831412 10.500000000000002
decision_type=2 2 2 2 2 2 2 2 2 2 2 2 2 2
left_child=6 5 4 -4 -3 -2 7 12 9 -8 -10 -9 -1 -7
right_child=1 2 3 -5 -6 13 8 11 10 -11 -12 -13 -14 -15
leaf_value=0.00019903385573909207 0.0020008301003211497 0.00065627311196410397 -0.0017706132486230673 0.00071385170231793086 -0.00013490273280505709 -0.00029204712729089861 7.530781239871353e-05 0.0038115997786597323 -0.00019238833425042634 0.0019254043304946433 -0.00084065718523689047 0.00085175447196604343 -0.00068423372134510053 -0.0018924653238727991
leaf_weight=3817.0067940056324 83.725059419870377 4936.3586122691631 335.6959570646286 234.35440689325333 1432.4886073470116 777.64674299955368 2896.7068165540695 69.520872294902802 12879.433682650328 256.90589889883995 1705.5933355093002 662.07903903722763 799.04741442203522 273.78043746948242
leaf_count=5669 152 7533 467 361 2174 1142 4451 105 19263 392 2505 1005 1167 381
internal_value=-2.77847e-06 0.000250136 0.000375771 -0.000732815 0.000476765 -0.000508355 -9.16783e-05 0.00019819 -0.000179641 0.000230318 -0.000268988 0.00115627 4.37431e-05 -0.000721074
internal_weight=31160.3 8074.05 6938.9 570.05 6368.85 1135.15 23086.3 5347.65 17738.6 3153.61 14585 731.6 4616.05 1051.43
internal_count=46767 12210 10535 828 9707 1675 34557 7946 26611 4843 21768 1110 6836 1523
is_linear=0
shrinkage=0.02


Tree=242
num_leaves=15
num_cat=0
split_feature=1 2 13 40 0 40 0 2 2 1 34 0 32 34
split_gain=1.6777 1.78485 1.74355 2.17107 1.43281 1.40949 1.32137 1.34893 1.5395 1.36378 1.33987 1.55077 1.2445 1.23284
threshold=31.451833333333337 31.534750000000003 0.22565765860405665 0.084509433575199508 30.889546565550884 -0.062313665135358597 17.129668898655133 20.93383333333334 18.834250000000004 28.071500000000004 0.21056902960106069 17.029274344087948 0.45000000000000007 0.30462219805775753
decision_type=2 2 2 2 2 2 2 2 2 2 2 2 2 2
left_child=6 4 3 -3 12 -6 10 8 -8 -9 -1 -12 -2 -4
right_child=1 2 13 -5 5 -7 7 9 -10 -11 11 -13 -14 -15
leaf_value=-0.00019671183473769714 0.0017524604660208568 7.0168949614574986e-05 -0.00024748926402840758 -0.0011628668045777463 5.9061704386980366e-05 0.0025966469288330805 -0.00012001880509812496 8.5185604324308686e-05 -0.00082755721987558012 -0.00033861716242085496 0.0004049390007118267 0.0032576321831254309 8.4665818435473964e-05 0.00058756652399870194
leaf_weight=1890.2200147211552 231.18480479717255 2001.2667832374573 918.50073316693306 790.08832433819771 134.77441015839577 301.14136093854904 2727.6684642136097 8768.9997597634792 2299.4166713654995 4628.2990541160107 2693.9116197228432 77.778269469738007 834.93351808190346 2862.1598887443542
leaf_count=2955 370 2891 1504 1154 186 418 4053 13022 3453 6969 3992 113 1325 4362
internal_value=-2.70439e-06 0.00024508 0.000101087 -0.000275843 0.000867491 0.00183878 -8.98098e-05 -0.000166224 -0.00044584 -6.05058e-05 0.000209984 0.000490887 0.000458289 0.000382025
internal_weight=31160.3 8074.05 6572.02 2791.36 1502.03 435.916 23086.3 18424.4 5027.09 13397.3 4661.91 2771.69 1066.12 3780.66
internal_count=46767 12210 9911 4045 2299 604 34557 27497 7506 19991 7060 4105 1695 5866
is_linear=0
shrinkage=0.02


Tree=243
num_leaves=15
num_cat=0
split_feature=1 2 13 40 24 3 24 47 24 42 23 40 47 40
split_gain=1.61214 1.71647 1.67406 2.08557 1.78133 1.40754 1.53517 1.88413 1.51722 1.25053 0.851328 1.62076 1.55991 0.759524
threshold=31.451833333333337 31.534750000000003 0.22565765860405665 0.084509433575199508 1.275366522440962 32.323718941005431 1.4068528179905084 1.6735561216831412 1.8820325343224595 0.95000000000000007 1.2205932960241515 0.045270385509891702 0.83754050355805587 0.061005005397894711
decision_type=2 2 2 2 2 2 2 2 2 2 2 2 2 2
left_child=5 10 3 -3 -4 6 7 -1 9 -7 11 -2 -12 -8
right_child=1 2 4 -5 -6 8 13 -9 -10 -11 12 -13 -14 -15
leaf_value=0.00028658689476980124 0.00052224652172998222 6.8766975208003759e-05 0.00011308071925871118 -0.0011396681665018749 0.0011079586074007268 -0.00021758087881567861 0.0024647782647237806 -0.0007620298747696519 -0.0025358155791707273 0.00032542893174309544 0.0030277956787994704 0.0022548736117298136 -0.00015707829500429782 2.485569369562751e-06
leaf_weight=4283.5328780710697 565.5095596909523 2001.2667832374573 2799.614872276783 790.08832433819771 981.04574963450432 15746.008859097958 171.15828323364258 810.85961097478867 106.71129003167152 1885.9195844829082 67.58354926109314 370.92470321059227 498.0162818133831 82.103347480297089
leaf_count=6382 847 2891 4372 1154 1494 23695 241 1201 190 2726 111 554 787 122
internal_value=-2.61692e-06 0.000240271 9.90298e-05 -0.00027027 0.000374335 -8.80097e-05 0.000195482 0.000117486 -0.00017405 -0.000158903 0.00085066 0.00122254 0.000215192 0.00171199
internal_weight=31160.3 8074.05 6572.02 2791.36 3780.66 23086.3 5347.65 5094.39 17738.6 17631.9 1502.03 936.434 565.6 253.262
internal_count=46767 12210 9911 4045 5866 34557 7946 7583 26611 26421 2299 1401 898 363
is_linear=0
shrinkage=0.02


Tree=244
num_leaves=15
num_cat=0
split_feature=1 6 6 13 3 24 47 24 1 14 13 1 12 1
split_gain=1.54913 1.84134 1.84182 2.05779 1.35231 1.47649 1.80978 1.45816 1.31409 1.30122 1.24154 0.943212 0.91668 0.632568
threshold=31.451833333333337 1.5000000000000002 4.5000000000000009 0.2713920879376977 32.323718941005431 1.4068528179905084 1.6735561216831412 1.8820325343224595 35.670833333333341 10.500000000000002 2.3785982876930603 32.756166666666672 18.504648193171253 33.407166666666676
decision_type=2 2 2 2 2 2 2 2 2 2 2 2 2 2
left_child=4 9 8 -4 5 6 -1 10 -3 11 -6 -2 -7 -11
right_child=1 2 3 -5 7 12 -8 -9 -10 13 -12 -13 -14 -15
leaf_value=0.00028085782161074138 0.0011778887959167513 0.00065760453134603672 -0.00173046746562526 0.00068256394047605821 -0.00019600548499401171 0.0029223598560834388 -0.00074682673170905101 -0.0024860323065882405 4.0130539436840856e-05 -0.002957506472329236 0.00054789231282029573 -0.00045174344003714442 0.00041110012927410479 -0.00087663700389421827
leaf_weight=4283.5328780710697 177.0258164703846 4283.5390108525753 335.6959570646286 234.35440689325333 16691.725407809019 122.56063115596771 810.85961097478867 106.71129003167152 2085.3082087635994 102.30458363890648 940.20303577184677 668.56383171677589 130.70099955797195 187.25800806283951
leaf_count=6382 267 6522 467 361 24814 171 1201 190 3185 147 1607 1000 192 261
internal_value=-2.51919e-06 0.000235569 0.000358586 -0.000722043 -8.62329e-05 0.000191624 0.000115093 -0.000170574 0.000457075 -0.000506917 -0.000155713 -9.68043e-05 0.00167892 -0.00166137
internal_weight=31160.3 8074.05 6938.9 570.05 23086.3 5347.65 5094.39 17738.6 6368.85 1135.15 17631.9 845.59 253.262 289.563
internal_count=46767 12210 10535 828 34557 7946 7583 26611 9707 1675 26421 1267 363 408
is_linear=0
shrinkage=0.02


Tree=245
num_leaves=10
num_cat=0
split_feature=24 22 15 13 24 2 46 46 51
split_gain=1.05376 1.69929 1.27028 1.16274 1.84925 1.11872 1.04538 1.0241 0.642021
threshold=1.7090904247144743 -1.299630375293334 24.241860142458812 2.4555399228720467 1.1062499404573429 13.292442129629631 3.0500000000000003 2.2928571428571431 0.55000000000000016
decision_type=2 2 2 2 2 2 2 2 2
left_child=2 -2 3 5 -5 -1 8 -4 -3
right_child=1 6 7 4 -6 -7 -8 -9 -10
leaf_value=0.00054398317421268719 -0.0028779115830070562 9.5362599317150919e-05 0.0023523789650991816 0.00023462287583903531 0.0020885067655250422 -3.6042584782662017e-05 0.0012345287640113448 -7.3730958154208809e-06 -0.0013898634368743267
leaf_weight=1395.8292669057846 122.36259925365448 186.9151865541935 167.79893127083778 1305.0253567397594 260.48711863160133 27262.859835475683 134.35462757945061 115.08975684642792 261.60846796631813
leaf_count=2097 188 338 262 2225 439 40500 176 175 382
internal_value=1.61207e-05 -0.000746472 3.41253e-05 2.12585e-05 0.000551743 -7.40737e-06 -0.000273614 0.00136393 -0.000751047
internal_weight=31212.3 705.241 30507.1 30224.2 1565.51 28658.7 582.878 282.889 448.524
internal_count=46782 1084 45698 45261 2664 42597 896 437 720
is_linear=0
shrinkage=0.02


Tree=246
num_leaves=15
num_cat=0
split_feature=14 1 23 23 19 19 27 24 24 20 15 6 15 27
split_gain=1.0508 1.70729 1.63968 1.93212 2.17451 1.43155 1.37873 1.33146 1.7915 1.31112 1.2184 0.946764 0.900191 0.829168
threshold=11.500000000000002 14.130166666666669 0.80433220032392627 1.0941198068228046 3.8885557289332477 1.6483526159488673 0.29411044726970026 1.6109850420111682 0.758467540165492 -3.3108408874638742 3.3166448267661655 2.5000000000000004 4.2143540484863768 0.39040146244822399
decision_type=2 2 2 2 2 2 2 2 2 2 2 2 2 2
left_child=2 6 5 11 -5 10 12 8 -3 -7 -1 -4 -2 -8
right_child=1 7 3 4 -6 9 13 -9 -10 -11 -12 -13 -14 -15
leaf_value=0.00098310860861429991 -0.0021622966924677344 -0.000722046586841609 0.0002578737325448021 -9.3301517388266202e-05 0.0014469248684241562 0.001103984439728705 0.0035381064070122278 -0.0020844620290036524 8.0277921803057175e-05 -0.0015463217725855719 -0.00015454109161070593 0.0007312092103205827 0.00083805575370600189 0.0010122915520883419
leaf_weight=393.77599203586578 74.681849271059036 2078.7948245406151 6477.5070144534111 8808.7078932523727 380.30850532650948 82.276307642459869 76.15952804684639 173.16468405723572 2351.1625811159611 481.82608464360237 7182.1423722803593 2350.6166096627712 76.165485680103302 225.04141521453857
leaf_count=616 106 3012 9645 13545 608 137 105 254 3293 754 10771 3516 107 313
internal_value=1.58076e-05 -0.000247684 6.71277e-05 0.00017383 -2.81667e-05 -0.000167804 0.00091635 -0.000364518 -0.000294119 -0.00113957 -9.38456e-05 0.000385176 -0.000590798 0.00170306
internal_weight=31212.3 5055.17 26157.2 18017.1 9189.02 8140.02 452.048 4603.12 4429.96 564.102 7575.92 8828.12 150.847 301.201
internal_count=46782 7190 39592 27314 14153 12278 631 6559 6305 891 11387 13161 213 418
is_linear=0
shrinkage=0.02


Tree=247
num_leaves=11
num_cat=0
split_feature=37 31 31 34 23 50 23 22 1 1
split_gain=1.02096 1.21152 1.4288 1.34059 1.20032 1.19981 0.790556 1.40714 0.536445 0.533771
threshold=0.0019896142343955505 2.0873959220203924 1.5935070778405025 0.81091403455901001 0.80433220032392627 0.65000000000000013 0.50326374458594436 0.18834001706450373 21.808125 33.226833333333346
decision_type=2 2 2 2 2 2 2 2 2 2
left_child=6 2 4 -4 -2 8 -1 -8 -3 -7
right_child=1 5 3 -5 -6 9 7 -9 -10 -11
leaf_value=-0.0026437294224229348 -0.00014017238145637851 -0.0019692930760099076 -0.00027797947611875768 -0.0017566639917887788 0.0001370205274183964 0.0010881593586612572 0.00084153553503934044 -0.0014569691030879681 0.00045656335850270235 0.0031461232786725302
leaf_weight=84.204605460166931 9237.6616108119488 66.099094063043594 1382.8846083879471 303.88098898530006 19186.658626288176 390.43860441446304 176.78773683309555 251.00014594197273 66.674675166606903 66.040450870990753
leaf_count=147 13703 108 2076 449 28709 665 292 411 113 109
internal_value=1.55084e-05 3.06212e-05 1.26787e-05 -0.00055206 4.65799e-05 0.000927432 -0.000867831 -0.000484325 -0.000688211 0.00142013
internal_weight=31212.3 30700.3 30111.1 1686.77 28424.3 589.253 511.992 427.788 132.774 456.479
internal_count=46782 45932 44937 2525 42412 995 850 703 221 774
is_linear=0
shrinkage=0.02


Tree=248
num_leaves=15
num_cat=0
split_feature=33 2 16 0 2 1 13 23 23 1 13 1 23 27
split_gain=1.02805 1.40681 1.58697 1.45408 1.41428 1.33599 1.2848 1.49876 1.10167 1.06086 0.680631 1.95157 1.01161 0.664933
threshold=0.19999999999999998 37.888750000000009 6.2100000000000035 14.945205997451035 13.292442129629631 38.378333333333337 0.47750086988601309 1.4666012725087569 1.6329746732617181 27.533833333333334 2.4555399228720467 20.251166666666673 0.80433220032392627 1.3119128514894809
decision_type=2 2 2 2 2 2 2 2 2 2 2 2 2 2
left_child=6 2 4 -4 -2 -3 7 9 -9 -1 12 -12 -8 -7
right_child=1 5 3 -5 -6 13 10 8 -10 -11 11 -13 -14 -15
leaf_value=0.00031013225400118696 0.00035249822457864558 -0.0038780736135176699 0.0013199618206574499 2.78033606583122e-05 -0.00047531446374657501 -0.0019110694696923376 -0.00012873157694123598 -0.0021818777786624258 -0.0001495558318724069 -0.00022690157424700818 0.0031243815963859136 0.00038503324394678222 0.00048680211955725938 0.00080442791696296631
leaf_weight=3053.3552664518356 981.09982448816299 72.39261531829834 356.81489607691765 12907.738343387842 4802.4560213983059 64.992194592952728 1499.2397727072239 213.69802269339561 234.43888583779335 2822.8884955346584 135.72332879900932 477.23980641365051 3519.5467245578766 70.706948965787888
leaf_count=4271 1534 107 526 19362 7363 101 2253 294 337 4084 227 805 5417 101
internal_value=1.51821e-05 -7.49068e-05 -5.64055e-05 6.35098e-05 -0.000333086 -0.0017042 0.000161101 -3.30987e-05 -0.00114629 5.0456e-05 0.000380894 0.00101603 0.000300957 -0.000432386
internal_weight=31212.3 19256.2 19048.1 13264.6 5783.56 208.092 11956.1 6324.38 448.137 5876.24 5631.75 612.963 5018.79 135.699
internal_count=46782 29094 28785 19888 8897 309 17688 8986 631 8355 8702 1032 7670 202
is_linear=0
shrinkage=0.02


Tree=249
num_leaves=15
num_cat=0
split_feature=14 2 12 50 1 2 0 12 12 50 0 1 27 19
split_gain=0.998127 2.6066 1.45727 1.24879 1.18126 1.60684 1.21467 1.81293 1.37576 1.14581 1.14484 1.13204 0.988518 0.576474
threshold=11.500000000000002 13.292442129629631 17.557378336462069 1.1500000000000004 25.433333333333337 36.318333333333342 13.84048608128291 18.706327139539649 17.262765459681919 1.0000000180025095e-35 36.615894338797965 12.692000000000002 0.2880277001932004 0.22246708997965034
decision_type=2 2 2 2 2 2 2 2 2 2 2 2 2 2
left_child=4 11 13 -4 6 9 8 -8 -1 -6 -7 12 -2 -3
right_child=1 2 3 -5 5 10 7 -9 -10 -11 -12 -13 -14 -15
leaf_value=0.0032486981733243193 -0.0010030465340370256 -0.00071854237381840892 -0.00058348770882861098 8.6791573118924256e-05 0.0019261390589289384 -0.00091340587088337849 -0.00039492756306460058 0.00011089287224271596 0.00035389313786245781 0.0002392263526714538 0.00034536822986503296 0.0034716336413431344 0.0019957124663735754 -0.0023574918574617914
leaf_weight=69.514780759811401 74.000070601701736 208.6416831612587 2178.0420950651169 2223.3815879821777 163.13694536685944 840.10330626368523 5602.7862773835659 5688.0478733181953 1066.6076687276363 12302.34617331624 424.61775416135788 92.319968581199646 95.00002321600914 183.78493931889534
leaf_count=109 106 292 3148 3121 266 1333 8283 8683 1660 18658 600 129 134 260
internal_value=1.48757e-05 -0.000241919 -0.000349933 -0.000242739 6.49013e-05 0.000192959 -7.57904e-05 -0.000139247 0.000545199 0.000262411 -0.000483012 0.00168919 0.000627792 -0.00151953
internal_weight=31212.3 5055.17 4793.85 4401.42 26157.2 13730.2 12427 11290.8 1136.12 12465.5 1264.72 261.32 169 392.427
internal_count=46782 7190 6821 6269 39592 20857 18735 16966 1769 18924 1933 369 240 552
is_linear=0
shrinkage=0.02


Tree=250
num_leaves=14
num_cat=0
split_feature=33 51 13 15 26 15 15 18 34 40 1 36 30
split_gain=1.68223 1.61896 1.53177 1.49821 1.3181 1.24093 1.15418 1.13497 0.962703 1.82508 0.932739 0.821194 0.985127
threshold=0.19999999999999998 -0.54999999999999993 2.4555399228720467 16.603669898865494 0.41428571428571431 21.228868208866555 9.2165322073272655 1.7282408535451976 0.21835668751473483 0.13135801454443208 31.703166666666664 0.47222222222222227 0.14088726386975467
decision_type=2 2 2 2 2 2 2 2 2 2 2 2 2
left_child=1 4 3 -3 -1 8 -4 -6 10 -10 -2 -7 -13
right_child=5 2 6 -5 7 11 -8 -9 9 -11 -12 12 -14
leaf_value=0.0009517430452665878 -0.00050238029209309426 0.00029101410459732454 0.0020307485841045241 -0.00043988319497034143 -0.0020330365995377283 0.0025163692088133022 0.00019520112954308098 -0.00010498206409302085 7.0845950028760403e-05 -0.0004590596344082854 0.00048727029170262732 0.0010304574577681095 -0.000940114759090832
leaf_weight=135.34406408667564 3673.748505294323 9430.5975812673569 332.92204791307449 1261.6019799113274 296.02608528733253 94.792823880910873 254.74607652425766 226.72133362293243 11201.987874895334 3377.1882438361645 413.22801241278648 343.34785732626915 137.25960785150528
leaf_count=191 5899 13867 575 1899 410 141 420 336 16664 5039 685 509 205
internal_value=1.59381e-05 0.000202702 0.000259659 0.000203772 -0.000756249 -9.94242e-05 0.00125538 -0.00121946 -0.000128121 -5.12642e-05 -0.000399683 0.000811418 0.000445385
internal_weight=31179.5 11938 11279.9 10692.2 658.091 19241.6 587.668 522.747 18666.2 14579.2 4086.98 575.4 480.607
internal_count=46840 17698 16761 15766 937 29142 995 746 28287 21703 6584 855 714
is_linear=0
shrinkage=0.02


Tree=251
num_leaves=13
num_cat=0
split_feature=19 23 24 42 47 24 2 18 34 19 12 23
split_gain=1.73012 1.85315 1.67686 1.50806 1.48003 1.41816 1.48313 1.38102 1.30074 1.25142 0.690754 0.547517
threshold=4.1472649804018333 1.1573783687976253 0.87836214164545579 0.35000000000000003 1.9219207601817623 1.7090904247144743 37.888750000000009 1.5649045187422499 0.22866521247359242 3.4237676232301113 18.814430360944211 1.3799337431152234
decision_type=2 2 2 2 2 2 2 2 2 2 2 2
left_child=1 5 4 7 -3 6 -1 11 -7 -4 -5 -2
right_child=3 2 9 10 -6 8 -8 -9 -10 -11 -12 -13
leaf_value=0.00013576547623942258 0.00054306111065018006 -0.00058340225353262416 0.00017960255828713964 0.0038286727266628861 0.00064012857917712272 -0.0035225964695695458 -0.001224655129470627 0.0023683818364682737 -0.00051944972879555587 -0.0022510246972311096 0.0010304009597082522 -0.0015276504502399425
leaf_weight=21703.699171483517 81.206814289093018 4720.3389313220978 2982.0808066427708 98.505479574203491 422.31539243459702 67.964046806097031 322.08045908808708 87.390609055757523 420.21614983677864 84.816047310829163 75.793368548154831 113.10481771826744
leaf_count=32268 122 7349 4468 168 663 129 472 156 624 136 119 166
internal_value=1.56297e-05 -2.23465e-06 -0.000259742 0.00123585 -0.000480772 9.12341e-05 0.000115309 0.000285713 -0.000970613 0.000107701 0.00269407 -0.000614602
internal_weight=31179.5 30723.5 8209.55 456.001 5142.65 22514 22025.8 281.702 488.18 3066.9 174.299 194.312
internal_count=46840 46109 12616 731 8012 33493 32740 444 753 4604 287 288
is_linear=0
shrinkage=0.02


Tree=252
num_leaves=12
num_cat=0
split_feature=44 22 2 34 23 26 34 41 17 47 23
split_gain=1.29847 1.8013 1.55993 2.14545 1.47562 1.40665 1.22319 1.08501 1.69064 0.974635 0.727777
threshold=0.5700522215856576 1.279896191483757 14.039333333333333 0.39261767604083331 1.198751343533365 0.70714285714285718 0.54659945708662327 0.92693714079309941 3.1103124621127729 3.3658780001312776 0.1852968597410676
decision_type=2 2 2 2 2 2 2 2 2 2 2
left_child=1 4 3 5 10 -2 -5 9 -9 -4 -1
right_child=2 -3 7 6 -6 -7 -8 8 -10 -11 -12
leaf_value=-0.0016429123150454421 0.00095786048339786313 0.00075560392095270329 7.6775627516440228e-05 -0.0012658688802690285 -0.0018626526836420249 0.0031353088841745112 0.00050625383217424078 -0.00010429503591796252 -0.0012437294908319233 0.0016711162309397079 -0.00025057029051306595
leaf_weight=173.67077338695526 562.43439948558807 397.83196833729744 20728.879814743996 234.40954205393791 363.53661832213402 159.68808332085609 449.78500643372536 6091.7621710002422 571.37494033575058 153.22889021039009 1292.9098864793777
leaf_count=284 823 675 30973 344 621 226 686 9038 819 219 2132
internal_value=1.53159e-05 -0.000449262 5.14412e-05 0.000700869 -0.000717173 0.00146051 -8.82339e-05 1.78733e-05 -0.000203848 8.91123e-05 -0.000424272
internal_weight=31179.5 2227.95 28951.6 1406.32 1830.12 722.122 684.195 27545.2 6663.14 20882.1 1466.58
internal_count=46840 3712 43128 2079 3037 1049 1030 41049 9857 31192 2416
is_linear=0
shrinkage=0.02


Tree=253
num_leaves=10
num_cat=0
split_feature=37 2 32 26 22 51 51 17 31
split_gain=1.16862 1.39201 2.67373 1.43868 1.43351 1.35527 1.97558 0.96804 0.898605
threshold=0.0019896142343955505 14.780648148148151 0.65000000000000002 0.13392857142857142 0.50847842428396561 -0.54999999999999993 -0.4499999999999999 1.2789550598779584 0.92462743208786768
decision_type=2 2 2 2 2 2 2 2 2
left_child=7 2 4 -4 -2 8 -7 -1 -3
right_child=1 5 3 -5 -6 6 -8 -9 -10
leaf_value=-0.0018249856115906461 0.00035135477162955188 -0.00028940096641008476 -0.00081021176984846528 0.0016675286896101363 -0.0010259002608453986 0.0013744828158605859 -8.8321820910650702e-06 -5.6772578826701831e-05 -0.0019295389029911339
leaf_weight=247.4584122300148 1166.1070356965065 355.8788403570652 99.606342315673828 775.9428930580616 405.80382743477821 417.19832077622414 27209.510439604521 270.44293847680092 231.56304416060448
leaf_count=424 1759 519 154 1149 604 605 40865 431 330
internal_value=1.50042e-05 3.12611e-05 0.000488668 0.00137305 0 -8.0945e-06 1.17937e-05 -0.000924647 -0.000957244
internal_weight=31179.5 30661.6 2447.46 875.549 1571.91 28214.2 27626.7 517.901 587.442
internal_count=46840 45985 3666 1303 2363 42319 41470 855 849
is_linear=0
shrinkage=0.02


Tree=254
num_leaves=12
num_cat=0
split_feature=19 33 51 42 18 15 22 15 41 30 12
split_gain=1.66649 1.65173 1.69665 1.45074 1.32651 1.21747 1.47597 1.15025 1.06084 0.902871 0.661193
threshold=4.1472649804018333 0.19999999999999998 -0.54999999999999993 0.35000000000000003 1.5649045187422499 21.228868208866555 -1.546184194532406 16.603669898865494 0.95902103937772265 -0.19629529155134903 18.814430360944211
decision_type=2 2 2 2 2 2 2 2 2 2 2
left_child=1 2 9 4 -2 8 -7 -4 -3 -1 -5
right_child=3 5 7 10 -6 6 -8 -9 -10 -11 -12
leaf_value=0.0007657555093163067 -0.00060197595115086373 -6.1710950879100411e-05 0.00031616520575408985 0.003753769632010134 0.0023212175216239307 0.0029352403332526178 0.00027974763073197143 -0.00031150011143408856 -0.00041963662501840859 -0.0011582331032154464 0.0010105786832802126
leaf_weight=111.29476088285446 194.31163200736046 14004.849465787411 9817.4006568789482 98.505479574203491 87.390609055757523 103.36614742875099 468.68535619974136 1308.1178923845291 4376.2028622925282 533.59386307001114 75.793368548154831
leaf_count=160 288 21303 14541 168 156 153 698 1973 6522 759 119
internal_value=1.46687e-05 -2.85814e-06 0.000182874 0.00121225 0.000279589 -0.000118738 0.000785553 0.000241424 -0.000147507 -0.000809392 0.00264262
internal_weight=31179.5 30723.5 11770.4 456.001 281.702 18953.1 572.052 11125.5 18381.1 644.889 174.299
internal_count=46840 46109 17433 731 444 28676 851 16514 27825 919 287
is_linear=0
shrinkage=0.02


Tree=255
num_leaves=13
num_cat=0
split_feature=22 44 1 7 16 37 5 21 46 45 22 18
split_gain=1.59219 1.72881 1.65983 1.59843 1.78675 1.71626 1.49926 1.53603 1.41358 1.40065 1.24645 0.648175
threshold=0.5988882454887402 0.89514425043147938 12.890333333333336 1.0000000180025095e-35 9.1800000000000033 1.8976714879618195 49.958810983737671 1.0173919740343982 1.3166666666666669 0.77500000000000013 0.68903266068296587 0.79885623556302565
decision_type=2 2 2 2 2 2 2 2 2 2 2 2
left_child=1 8 11 4 -3 -5 10 -8 9 -1 -4 -2
right_child=2 3 6 5 -6 -7 7 -9 -10 -11 -12 -13
leaf_value=-3.1607790803043889e-05 -0.00052963825509444603 -0.00029052666230963253 -0.0010855941598269195 0.000352697107636918 0.00032788071403848991 0.0022235187087819735 0.00084125526990470466 -0.0020617108230468291 0.0022968252792626097 -0.0007302279563665804 -0.00018914151767107122 -0.0032755171123646284
leaf_weight=3582.6621725261211 69.840445399284363 4067.9439929127693 673.08551567792892 7453.3481969237328 3452.5617974698544 201.97427615523338 846.85658976435661 76.180254310369492 85.297356337308884 1710.2742602229118 8778.360959559679 95.267899960279465
leaf_count=5503 105 6010 1000 11016 5111 309 1337 117 163 2638 13244 147
internal_value=-1.11656e-05 9.09771e-05 -0.00021129 0.000200508 -5.28322e-06 0.00040393 -0.000178353 0.000586917 -0.000216189 -0.000259428 -0.000254256 -0.0021941
internal_weight=31093.7 20554.1 10539.6 15175.8 7520.51 7655.32 10374.5 923.037 5378.23 5292.94 9451.45 165.108
internal_count=46700 30750 15950 22446 11121 11325 15698 1454 8304 8141 14244 252
is_linear=0
shrinkage=0.02


Tree=256
num_leaves=9
num_cat=0
split_feature=29 22 12 1 13 23 24 34
split_gain=1.55186 1.64467 1.89376 1.56714 1.59175 1.44108 1.01786 0.943051
threshold=2.2500000000000004 0.5988882454887402 17.262765459681919 12.890333333333336 2.1872285726798935 0.45446102336751976 1.042047803441793 0.57842159514862712
decision_type=2 2 2 2 2 2 2 2
left_child=1 2 6 -3 -5 -4 -1 -2
right_child=7 3 5 4 -6 -7 -8 -9
leaf_value=-0.00034680020925792531 0.00029053367050412433 -0.0021523238879735708 -0.00031919019281997051 -0.00026897434114866997 0.00062089943606183817 0.00019892164572287441 -0.0017323318654631817 0.0036570918680528018
leaf_weight=963.62828925251961 74.599824190139771 165.10834535956383 2447.7972432076931 9446.7443352043629 871.1071275472641 16771.221490859985 282.05842959880829 71.388631999492645
leaf_count=1442 105 252 3680 14132 1485 25084 423 97
internal_value=-1.09579e-05 -2.10467e-05 8.29465e-05 -0.000224992 -0.00019277 0.000132387 -0.000670812 0.00203154
internal_weight=31093.7 30947.7 20464.7 10483 10317.9 19219 1245.69 145.988
internal_count=46700 46498 30629 15869 15617 28764 1865 202
is_linear=0
shrinkage=0.02


Tree=257
num_leaves=15
num_cat=0
split_feature=40 24 13 12 12 6 15 17 43 37 20 12 37 49
split_gain=1.28951 2.24365 2.0493 1.95946 1.66551 1.63596 1.47602 1.3357 1.18799 1.17082 1.6347 1.14472 1.05195 1.00376
threshold=-0.034774592067751846 1.1062499404573429 2.3785982876930603 19.360310112302635 17.741222586241843 1.5000000000000002 6.1744504242432638 3.1216535343026894 -1.0000000180025095e-35 0.23549307511140041 -5.4635888823289065 18.400275103420714 0.30913423662199596 1.2500000000000002
decision_type=2 2 2 2 2 2 2 2 2 2 2 2 2 2
left_child=2 3 9 8 -4 7 -5 -3 -2 13 -11 -6 -7 -1
right_child=1 5 4 6 11 12 -8 -9 -10 10 -12 -13 -14 -15
leaf_value=0.00025637241233059956 0.00047048251178351383 -0.001172310086776464 0.0029716273450336797 -0.00046349853101847692 -0.00051852045559760691 -0.00014605474002948979 0.00048305174181919702 0.0015344235537171468 -0.00039957863316874512 0.0022676163093038877 -9.1611885388781552e-05 0.0012955160980494234 0.0007221090664364661 0.0013592817760556999
leaf_weight=3529.3925119042397 654.08538392186165 425.39778316020966 160.0261418223381 915.56295269727707 207.65225353837013 713.13751429319382 2279.4279309213161 83.311741083860397 10891.163151651621 117.00438088178635 8072.3188607394695 380.87043246626854 2294.6614361703396 369.64124196767807
leaf_count=5267 986 622 247 1389 334 1125 3425 119 16422 179 11978 658 3407 542
internal_value=-1.07388e-05 -0.000119033 0.000142493 -0.000227729 0.00115754 0.000333622 0.000208558 -0.000705173 -0.000349347 7.86304e-05 -5.61383e-05 0.000638935 0.000512988 0.000364139
internal_weight=31093.7 18256.7 12836.9 14740.2 748.549 3516.51 3194.99 508.71 11545.2 12088.4 8189.32 588.523 3007.8 3899.03
internal_count=46700 27495 19205 22222 1239 5273 4814 741 17408 17966 12157 992 4532 5809
is_linear=0
shrinkage=0.02


Tree=258
num_leaves=13
num_cat=0
split_feature=22 12 44 40 40 5 21 0 1 17 34 1
split_gain=1.46116 1.84351 1.66793 1.71066 1.5907 1.53414 1.47004 1.42401 1.3823 1.38866 0.908274 0.836651
threshold=0.5988882454887402 17.262765459681919 0.90066393736189199 0.11462441299132746 -0.017807329160973547 49.958810983737671 1.0173919740343982 14.023495361475709 12.890333333333336 2.8099710607032176 0.57377251788736339 36.642833333333343
decision_type=2 2 2 2 2 2 2 2 2 2 2 2
left_child=1 7 4 -4 -3 8 11 -1 -2 -10 -9 -7
right_child=5 2 3 -5 -6 6 -8 10 9 -11 -12 -13
leaf_value=0.0020814346882650553 -0.0020913519912944172 0.00018395137180003806 0.00035691059552623417 -0.00019738756600231014 -0.00051575946243212598 0.0012099419005489897 -0.0020183429579155978 -0.0012460240611078773 -0.00014249434653139126 -0.00083029094404083262 -7.0000284457357267e-05 -0.00015914392753838024
leaf_weight=67.913734376430511 164.6856062412262 2538.2757457792759 11394.191023111343 2741.6525954902172 2630.2773253917694 613.53810125589371 76.180254310369492 748.41560238599777 8064.7328194975853 1386.7136557400227 433.33602601289749 233.74122762680054
leaf_count=108 251 3883 16824 4086 4086 970 117 1131 12231 2013 632 368
internal_value=-1.04873e-05 8.73482e-05 0.000135992 0.000248684 -0.000170259 -0.000202213 0.000572098 -0.000655118 -0.000277715 -0.00024462 -0.000824083 0.000820988
internal_weight=31093.7 20554.1 19304.4 14135.8 5168.55 10539.6 923.46 1249.67 9616.13 9451.45 1181.75 847.279
internal_count=46700 30750 28879 20910 7969 15950 1455 1871 14495 14244 1763 1338
is_linear=0
shrinkage=0.02


Tree=259
num_leaves=11
num_cat=0
split_feature=25 22 22 23 14 34 47 23 23 41
split_gain=1.48696 1.32264 1.44124 1.71921 1.37462 1.26868 1.74069 1.18916 1.50571 0.9481
threshold=2.2916666666666674 0.61255389727112519 0.68903266068296587 1.3333925558198325 12.500000000000002 0.39610743830201517 3.3658780001312776 0.46522074878864111 0.48492203286217045 0.92693714079309941
decision_type=2 2 2 2 2 2 2 2 2 2
left_child=1 7 3 -3 -4 -2 -7 9 -9 -1
right_child=5 2 4 -5 -6 6 -8 8 -10 -11
leaf_value=-0.00019359251294592334 0.0032371405629667326 -0.00070038089508910354 -8.7385793379226063e-05 -0.0038011327109078344 -0.0010548396991352349 -0.00026207798870238937 0.0030399206476609091 0.0017275697404171421 0.00010370107267983256 -0.0014512881203827658
leaf_weight=2463.4745832383633 92.104191362857819 519.55071824789047 8950.9067033529282 84.501558065414429 630.49457693099976 248.32415610551834 82.008404701948166 230.4048145711422 17523.1729144454 268.71109619736671
leaf_count=3725 143 773 13635 133 894 356 104 344 26207 386
internal_value=-1.03077e-05 -2.68941e-05 -0.000213363 -0.00116176 -0.000152298 0.00116484 0.000540947 6.53413e-05 0.000125531 -0.000321916
internal_weight=31093.7 30671.2 10185.5 604.052 9581.4 422.437 330.333 20485.8 17753.6 2732.19
internal_count=46700 46097 15435 906 14529 603 460 30662 26551 4111
is_linear=0
shrinkage=0.02


Tree=260
num_leaves=15
num_cat=0
split_feature=42 7 13 30 44 20 47 34 17 47 13 19 19 19
split_gain=1.96691 1.8038 1.79355 1.58817 2.37815 1.25988 1.22011 1.35077 1.30852 1.2116 1.11524 1.75117 1.45194 1.10529
threshold=0.8500000000000002 1.0000000180025095e-35 2.1872285726798935 -0.47274449425976467 3.1500051390188157 4.1271819338291982 0.86329107472498146 0.20030876996015703 3.1103124621127729 1.084440290579632 0.036318817743398811 -1.1709757796661513 -1.9882544081763702 -1.5590016318827737
decision_type=2 2 2 2 2 2 2 2 2 2 2 2 2 2
left_child=2 10 3 13 -5 9 7 -3 -8 -4 12 -12 -2 -1
right_child=1 6 5 4 -6 -7 8 -9 -10 -11 11 -13 -14 -15
leaf_value=6.3517654929771069e-05 0.0016548114682103641 0.001739848862075057 -0.00020089169163140408 -0.0001642077658087934 0.0024870864730915112 0.0028212163922442923 0.0010559942414721721 -0.0014545333979107723 -0.00090374916770890202 0.0007660609737321052 -0.0012054204873787435 0.00064496099770272304 -0.00091367300600422895 -0.0025107523115935754
leaf_weight=90.288026958703995 94.927936404943466 69.858420222997665 922.20783135294914 24166.171655595303 133.66576820611954 84.074807554483414 1824.0868396759033 185.23885431885719 140.24521678686142 1143.2726615667343 247.11753872036934 1091.4156406521797 781.42669099569321 191.82729303836823
leaf_count=134 127 112 1569 36082 209 135 2639 276 199 1902 369 1656 1074 290
internal_value=-5.3115e-05 0.000336311 -0.000118109 -0.000166856 -0.000149009 0.000434346 0.000739371 -0.000534126 0.000910214 0.000329717 -6.33678e-05 0.000294598 -0.000620932 -0.00165704
internal_weight=31165.8 4434.32 26731.5 24582 24299.8 2149.56 2219.43 255.097 1964.33 2065.48 2214.89 1338.53 876.355 282.115
internal_count=46773 6452 40321 36715 36291 3606 3226 388 2838 3471 3226 2025 1201 424
is_linear=0
shrinkage=0.02


Tree=261
num_leaves=14
num_cat=0
split_feature=42 13 31 0 30 1 47 47 47 15 47 24 0
split_gain=1.88857 1.72296 1.79175 2.09054 1.52439 1.52327 1.05831 0.993185 1.48818 1.56773 1.48309 1.26853 0.808257
threshold=0.8500000000000002 2.1872285726798935 1.1439866438863884 25.676347205849449 -0.47274449425976467 23.671500000000005 1.4081911916144871 0.86967001645208752 1.5659637194787754 10.227285156364845 0.50481953063160068 1.0687397107879193 20.561288322003836
decision_type=2 2 2 2 2 2 2 2 2 2 2 2 2
left_child=1 4 12 -4 6 -6 -1 10 11 -10 -2 -9 -3
right_child=7 2 3 -5 5 -7 -8 8 9 -11 -12 -13 -14
leaf_value=-0.00023800863761637786 0.0016740713959006543 -0.00046477591533591346 0.0025338239580674489 0 -0.00033394416178776968 -1.1841613639729761e-05 -0.0027789182357498585 0.0011286800031326317 -0.00060083371284347777 0.00048236766799603483 -0.00098415057932349135 -0.0011261638661380338 0.00044866309598405921
leaf_weight=133.31319040060043 99.858480453491211 628.69441929459572 298.69410249590874 233.65664613246918 10090.051785111427 14209.785638689995 148.80212959647179 1319.3939617574215 770.95129916071892 1705.2049369513988 436.9445743560791 101.96388509869576 988.51013255119324
leaf_count=193 155 1095 504 371 15032 21259 231 1959 1104 2400 660 174 1636
internal_value=-5.20349e-05 -0.000115727 0.000425722 0.00143106 -0.000163511 -0.000146017 -0.00162354 0.000329545 0.000441962 0.000140865 -0.000466718 0.000958544 8.72489e-05
internal_weight=31165.8 26731.5 2149.56 532.351 24582 24299.8 282.115 4434.32 3897.51 2476.16 536.803 1421.36 1617.2
internal_count=46773 40321 3606 875 36715 36291 424 6452 5637 3504 815 2133 2731
is_linear=0
shrinkage=0.02


Tree=262
num_leaves=15
num_cat=0
split_feature=1 6 18 21 19 37 14 20 1 1 37 44 22 44
split_gain=1.78065 2.33816 2.13772 2.03695 1.71837 1.67981 1.64856 1.71623 1.60197 1.46229 1.27086 1.21973 0.978936 0.708452
threshold=23.671500000000005 1.5000000000000002 1.5562889677745402 1.1424560678959239 3.5542796819244225 0.61806798176890643 13.500000000000002 1.1985958023737207 15.989500000000001 26.010583333333336 0.55967718533024191 1.168609222619837 -0.39169599848726006 1.297224603347493
decision_type=2 2 2 2 2 2 2 2 2 2 2 2 2 2
left_child=2 3 5 4 -2 10 7 -3 -4 -8 -1 -10 -7 -5
right_child=1 6 8 13 -6 12 9 -9 11 -11 -12 -13 -14 -15
leaf_value=-0.00017162352855083584 -0.00077339662501128598 0.00030221174510172661 -0.0024513160216820501 3.4688066074460735e-06 0.0020627016840914425 0.00098184334521516725 0.0012103353012161617 -0.00022950667749156413 -0.00017567434068604604 -0.0018798804391851204 -0.0014707317892267582 -0.0010187191389849264 7.6661745686062977e-05 0.0019882302594048237
leaf_weight=7227.2914152741432 2314.7107971906662 12448.85070374608 196.54073762893677 151.22550001740456 85.05517703294754 763.69418442249298 73.261892020702362 2993.1276317238808 1512.1062320768833 271.81715872883797 315.29898992180824 1311.7148885428905 1345.4869479835033 155.64292573928833
leaf_count=10903 3432 18864 306 220 136 1114 102 4471 2330 366 473 1867 1971 218
internal_value=-5.10056e-05 7.37217e-05 -0.000233804 -0.000468208 -0.000667079 -8.72494e-05 0.000167315 0.000198485 -0.000698454 -0.00119181 -0.00022763 -0.000571266 0.000409767 0.00104887
internal_weight=31165.8 18493.7 12672.1 2706.63 2399.77 9651.77 15787.1 15442 3020.36 345.079 7542.59 2823.82 2109.18 306.868
internal_count=46773 27809 18964 4006 3568 14461 23803 23335 4503 468 11376 4197 3085 438
is_linear=0
shrinkage=0.02


Tree=263
num_leaves=15
num_cat=0
split_feature=42 7 13 31 44 17 19 47 17 34 30 13 19 19
split_gain=1.80035 1.7276 1.65226 1.71972 1.47563 1.32708 1.16422 1.13831 1.24898 1.22419 1.12339 1.06905 1.67937 1.40163
threshold=0.8500000000000002 1.0000000180025095e-35 2.1872285726798935 1.1439866438863884 3.1500051390188157 2.3448262558449469 -1.701456812346138 0.83754050355805587 3.1103124621127729 0.19758890796456177 -0.47274449425976467 0.036318817743398811 -1.1709757796661513 -1.9882544081763702
decision_type=2 2 2 2 2 2 2 2 2 2 2 2 2 2
left_child=2 11 4 6 10 -5 -4 9 -9 -3 -1 13 -13 -2
right_child=1 7 3 5 -6 -7 -8 8 -10 -11 -12 12 -14 -15
leaf_value=-0.001460799419238543 0.0016207763506314954 0.0016127426541747108 0.0016101839087679162 0.0020161402755781519 0.0018094493069809399 -0.00015854459687708475 -9.6182390419465388e-05 0.0010154030479530072 -0.00089810133089000084 -0.0015161672325702325 -0.00015671343881908716 -0.0011869899483076176 0.00062506688318261674 -0.00090214935216151098
leaf_weight=267.24363505840302 94.927936404943466 66.776012063026428 177.11928722262383 386.43499481678009 148.53745314478874 145.91575381159782 1440.0852646231651 1845.4517049789429 140.24521678686142 166.95639717578888 24166.171655595303 247.11753872036934 1091.4156406521797 781.42669099569321
leaf_count=391 127 107 294 645 242 230 2437 2669 199 251 36082 369 1656 1074
internal_value=-4.99875e-05 0.000322564 -0.000112181 0.000418023 -0.000158982 0.00140299 8.62842e-05 0.000717065 0.000874458 -0.000573736 -0.000171505 -6.85247e-05 0.000281797 -0.000614409
internal_weight=31165.8 4434.32 26731.5 2149.56 24582 532.351 1617.2 2219.43 1985.7 233.732 24433.4 2214.89 1338.53 876.355
internal_count=46773 6452 40321 3606 36715 875 2731 3226 2868 358 36473 3226 2025 1201
is_linear=0
shrinkage=0.02


Tree=264
num_leaves=14
num_cat=0
split_feature=42 30 44 1 47 21 3 47 44 21 2 47 19
split_gain=1.72872 1.30181 1.79623 1.22651 1.16282 0.980426 1.19157 2.22702 1.81702 0.909974 0.908093 0.839789 0.760251
threshold=0.8500000000000002 -0.47274449425976467 3.1500051390188157 25.433333333333337 1.4081911916144871 1.2428599110861771 37.113579665058289 1.6644141004856612 2.1020982558139947 1.0011366796945023 22.80875 3.5631592153527989 -1.1243016753441342
decision_type=2 2 2 2 2 2 2 2 2 2 2 2 2
left_child=1 4 3 -3 12 6 7 -2 -8 -6 -7 -4 -1
right_child=5 2 11 -5 9 10 8 -9 -10 -11 -12 -13 -14
leaf_value=0.0014299078329742482 0.0015160856384373192 -0.00024615483451822108 0.0037321952493165932 2.6561428206661514e-05 -0.00079159319727600613 -0.0020034470005028302 -0.00024119549731011056 2.4036073398357641e-05 0.00090183302575633478 -0.0039334414088639533 0.00041487829792900068 0.00047347556622694619 -0.0014376559511663459
leaf_weight=68.825340569019318 853.72894960641861 12889.733455508947 67.802515357732773 13387.486739695072 81.065282166004181 134.19206145405769 1758.3300783932209 777.77350962162018 807.5388710796833 87.57949310541153 102.75366762280464 73.947323888540268 75.067893981933594
leaf_count=103 1261 19327 118 20283 140 184 2615 1119 1118 132 155 107 111
internal_value=-4.89827e-05 -0.000109932 -9.42904e-05 -0.000106842 -0.00139135 0.000316071 0.000388531 0.000811815 0.00011507 -0.00250878 -0.000918173 0.00213201 0
internal_weight=31165.8 26731.5 26419 26277.2 312.538 4434.32 4197.37 1631.5 2565.87 168.645 236.946 141.75 143.893
internal_count=46773 40321 39835 39610 486 6452 6113 2380 3733 272 339 225 214
is_linear=0
shrinkage=0.02


Tree=265
num_leaves=14
num_cat=0
split_feature=19 26 27 0 27 44 21 36 50 23 23 23 32
split_gain=1.56728 1.36711 1.24744 1.60325 1.39873 1.56908 1.12344 1.01339 0.935404 0.796576 1.94903 0.662048 0.646422
threshold=4.1472649804018333 0.95000000000000007 0.3452594600880135 13.655130305708726 0.32948646320056485 1.8946424518684022 1.0503497779681357 0.21111111111111114 2.0500000000000003 1.4235492411759767 1.0907383232005763 1.8542289493760959 0.45000000000000007
decision_type=2 2 2 2 2 2 2 2 2 2 2 2 2
left_child=2 9 4 7 5 -1 -3 -4 -5 10 -2 -11 -6
right_child=1 6 3 8 12 -7 -8 -9 -10 11 -12 -13 -14
leaf_value=-0.00031077245492344761 -0.00079098843549739429 0.0040519731695669069 0.00010322118110258412 -3.6437889220060368e-05 -0.0027684919216821725 0.0021217139815448817 0.00034046027115589131 0.0017510442771274226 0.00037097984994301252 -0.0019405807164357182 0.0036095817408906376 0.00062994092163425931 -0.00084323895258262677
leaf_weight=3493.1080604493618 76.023273557424545 93.523749172687531 286.68262618780136 23532.490627378225 123.10930782556534 106.56405901908875 59.672957807779312 344.5455234348774 2490.5502489805222 78.058791697025299 76.077299356460571 70.840763241052628 216.20729851722717
leaf_count=5513 124 159 420 35145 194 172 95 534 3604 121 116 112 327
internal_value=-4.30798e-06 0.00115891 -2.1979e-05 2.67762e-05 -0.000354278 -0.000234847 0.00269372 0.00102114 2.19553e-06 0.000332131 0.00136347 -0.000659214 -0.00158318
internal_weight=31047.5 454.197 30593.3 26654.3 3938.99 3599.67 153.197 631.228 26023 301 152.101 148.9 339.317
internal_count=46636 727 45909 39703 6206 5685 254 954 38749 473 240 233 521
is_linear=0
shrinkage=0.02


Tree=266
num_leaves=8
num_cat=0
split_feature=37 19 0 19 13 14 13
split_gain=1.61144 1.63508 0.868909 1.17976 0.771243 0.632652 0.624612
threshold=0.0019896142343955505 4.1472649804018333 37.214475057815783 0.87135142863053272 3.685691798295609 9.5000000000000018 2.4134944678609069
decision_type=2 2 2 2 2 2 2
left_child=5 2 4 -4 -2 -1 -3
right_child=1 6 3 -5 -6 -7 -8
leaf_value=-0.00033775395018873123 6.182732753379741e-07 0.0008606852955105399 -0.0019133994825168705 0.00089249724475088115 0.0017540442939622614 -0.0018125686604234265 0.0030628976413464236
leaf_weight=246.1695936024189 29722.038234889507 372.41106915473938 204.22232043743134 77.568548589944839 98.724395841360092 260.92516016960144 65.395263940095901
leaf_count=404 44522 573 278 110 190 431 128
internal_value=-4.19439e-06 1.40839e-05 -3.27254e-06 -0.00110494 6.87571e-06 -0.0011204 0.0012248
internal_weight=31047.5 30540.4 30102.6 281.791 29820.8 507.095 437.806
internal_count=46636 45801 45100 388 44712 835 701
is_linear=0
shrinkage=0.02


Tree=267
num_leaves=12
num_cat=0
split_feature=37 27 0 24 2 32 36 1 16 16 21
split_gain=1.54927 1.20981 2.02734 1.23221 1.12325 1.01005 0.570068 0.553011 1.08194 1.0182 0.506559
threshold=0.0019896142343955505 0.35543481053991438 13.655130305708726 0.65507364779997068 37.888750000000009 0.75000000000000011 0.23611111111111113 28.450833333333339 5.8450000000000015 9.3100000000000005 0.93233604114140822
decision_type=2 2 2 2 2 2 2 2 2 2 2
left_child=7 3 6 5 -4 -2 -3 8 10 -10 -1
right_child=1 2 4 -5 -6 -7 -8 -9 9 -11 -12
leaf_value=-0.0014758763985142382 -0.00044022876894486452 0.00046016959315090797 5.5404154266522842e-05 -0.0024730350100762005 -0.00089636858304999189 0.00027644111119080178 0.0017670840774002413 0.00050932777273299072 -0.0035574381649427561 -0.00026530528168882241 0.00027172468584627603
leaf_weight=109.94942498207092 2921.3565067946911 265.33124920725822 25356.780241906643 101.38131883740425 503.04387161135674 1056.6150667369366 335.85157775878906 64.534515827894211 124.56536173820496 63.736144095659256 144.30930712819099
leaf_count=190 4544 389 37740 176 754 1680 518 112 206 94 233
internal_value=-4.08795e-06 1.3828e-05 6.3572e-05 -0.000306263 3.6435e-05 -0.000247314 0.0012103 -0.00109855 -0.00135675 -0.00251017 -0.00045059
internal_weight=31047.5 30540.4 26461 4079.35 25859.8 3977.97 601.183 507.095 442.56 188.302 254.259
internal_count=46636 45801 39401 6400 38494 6224 907 835 723 300 423
is_linear=0
shrinkage=0.02


Tree=268
num_leaves=11
num_cat=0
split_feature=37 19 12 21 50 1 0 1 21 21
split_gain=1.48889 1.56875 0.995819 1.21349 0.934291 2.13518 1.35583 0.532857 0.513824 0.532834
threshold=0.0019896142343955505 4.1472649804018333 19.163692564559621 1.0299368354184584 2.4500000000000006 34.049500000000016 37.214475057815783 28.450833333333339 1.0309142911291043 0.93233604114140822
decision_type=2 2 2 2 2 2 2 2 2 2
left_child=7 4 3 -3 6 -6 -2 8 9 -1
right_child=1 2 -4 -5 5 -7 -8 -9 -10 -11
leaf_value=-0.0015239675565797443 -1.1180322493896064e-05 0.0017767068556984818 0.0027225437163897574 -0.00066881129011242102 7.7447089153293125e-05 0.0022701384230050868 -0.0014514270869512456 0.00049944746677032213 -0.0022018709919333144 0.0001958210885652778
leaf_weight=147.5207248032093 28826.083488970995 160.14099311828613 124.15406170487404 153.51127827167511 782.40168613195419 231.98245897889137 262.08586567640305 64.534515827894211 174.08087715506554 120.95863598585129
leaf_count=251 43274 279 187 235 1138 329 359 112 268 204
internal_value=-4.00718e-06 1.35498e-05 0.00119946 0.000551459 -3.44421e-06 0.000592219 -2.45997e-05 -0.00107694 -0.00133052 -0.000716457
internal_weight=31047.5 30540.4 437.806 313.652 30102.6 1014.38 29088.2 507.095 442.56 268.479
internal_count=46636 45801 701 514 45100 1467 43633 835 723 455
is_linear=0
shrinkage=0.02


Tree=269
num_leaves=9
num_cat=0
split_feature=37 19 27 0 50 12 21 1
split_gain=1.42953 1.50751 1.03707 1.73627 1.21114 0.956516 1.16657 0.513141
threshold=0.0019896142343955505 4.1472649804018333 0.35543481053991438 13.655130305708726 0.95000000000000007 19.163692564559621 1.0299368354184584 28.450833333333339
decision_type=2 2 2 2 2 2 2 2
left_child=7 2 4 -4 -2 6 -3 -1
right_child=1 5 3 -5 -6 -7 -8 -9
leaf_value=-0.0013042226369322854 -0.00066011818645266397 0.0017416110543552903 0.001124849357875388 1.7411892858343093e-05 2.9529128344714337e-05 0.0026689560779855639 -0.00065560711890171128 0.00048975881224904946
leaf_weight=442.56023794412613 1950.6602522134781 160.14099311828613 577.87230786681175 25500.066052794456 2073.9548868834972 124.15406170487404 153.51127827167511 64.534515827894211
leaf_count=723 3090 279 871 37915 3224 187 235 112
internal_value=-3.91198e-06 1.3285e-05 -3.3675e-06 4.24199e-05 -0.000302409 0.00117582 0.000539937 -0.00105524
internal_weight=31047.5 30540.4 30102.6 26077.9 4024.62 437.806 313.652 507.095
internal_count=46636 45801 45100 38786 6314 701 514 835
is_linear=0
shrinkage=0.02


Tree=270
num_leaves=15
num_cat=0
split_feature=26 23 34 3 26 50 40 12 37 12 12 23 3 27
split_gain=1.07412 1.25381 1.74721 1.41721 1.08964 1.84243 1.48727 1.28449 2.49922 2.05139 1.04516 0.95731 0.92981 0.74384
threshold=0.29285714285714287 0.88906243774095683 0.083819204272138806 42.208954977670039 0.35416666666666669 0.95000000000000007 0.034855423017227008 18.84885264771771 0.089001419454067907 18.698515773512984 19.191313063105561 0.79672681595971684 47.856451489692638 0.11106484872592386
decision_type=2 2 2 2 2 2 2 2 2 2 2 2 2 2
left_child=1 2 -1 13 5 6 -2 9 -9 -6 -7 -4 -5 -3
right_child=4 3 11 12 7 10 -8 8 -10 -11 -12 -13 -14 -15
leaf_value=-0.0017414045712004658 0.00039670683568051077 0.00067163224600793995 4.1848442083858436e-05 -0.0026603592888373917 -2.8364885930174146e-05 0.0015339794622846758 -0.0015152285838225291 0.00095771766809754297 4.9242638278336069e-05 -0.00070769156653135989 1.4876580946654187e-05 0.0016125884160597495 0 -0.00075699211846959368
leaf_weight=194.35151183605194 491.66635632514954 174.57045647501945 1020.023611843586 231.9946528673172 13545.975198000669 670.41194832324982 238.14014711976051 1383.3457792401314 9894.5956403911114 2051.5606786906719 266.38131210207939 184.34753030538559 58.83044046163559 708.27497246861458
leaf_count=320 771 282 1588 390 19997 1026 367 2104 14688 3282 396 292 113 1112
internal_value=-5.0454e-06 -0.000396582 9.59893e-07 -0.000878054 2.99173e-05 0.000525849 -0.00021594 -5.01153e-07 0.000161712 -0.000118438 0.00111362 0.000292839 -0.00209415 -0.00046232
internal_weight=31114.5 2572.39 1398.72 1173.67 28542.1 1666.6 729.807 26875.5 11277.9 15597.5 936.793 1204.37 290.825 882.845
internal_count=46728 4097 2200 1897 42631 2560 1138 40071 16792 23279 1422 1880 503 1394
is_linear=0
shrinkage=0.02


Tree=271
num_leaves=12
num_cat=0
split_feature=13 20 43 30 47 47 18 24 24 47 13
split_gain=1.57946 2.32929 1.2708 1.99931 1.52845 1.36717 1.06958 1.02595 1.62757 1.49937 0.910737
threshold=2.1687485704780323 4.1271819338291982 -0.34999999999999992 0.045247916490562007 2.301141321013207 1.9505025028673428 0.75169035835689957 1.7090904247144743 1.4966891256562751 2.9002079930241877 2.2727709370360674
decision_type=2 2 2 2 2 2 2 2 2 2 2
left_child=2 6 3 4 -1 -5 -2 8 -4 -9 -8
right_child=1 -3 7 5 -6 -7 10 9 -10 -11 -12
leaf_value=0.00039913536187960962 -0.0014811167046587695 0.0035402142262081432 -7.9454341577816083e-05 0.0030578241098080956 -0.0027866659121303541 0.00021563104582631568 0.001432343867132068 -0.0014851502356389404 0.00080624789689331142 0.00063334486177826733 0.00027912627503248066
leaf_weight=413.60723656415939 116.94574031233788 94.184999376535416 26337.393411815166 187.91243827342987 68.311227679252625 118.08875021338463 325.71474513411522 452.60618808865547 853.50749051570892 180.22763726115227 1965.9703712165356
leaf_count=602 193 151 39176 280 112 173 515 707 1262 248 3309
internal_value=-4.92199e-06 0.000476305 -4.73973e-05 0.000742561 -4.14333e-05 0.00200198 0.00034951 -7.01787e-05 -5.12276e-05 -0.000865968 0.000448498
internal_weight=31114.5 2502.82 28611.7 787.92 481.918 306.001 2408.63 27823.7 27190.9 632.834 2291.69
internal_count=46728 4168 42560 1167 714 453 4017 41393 40438 955 3824
is_linear=0
shrinkage=0.02


Tree=272
num_leaves=13
num_cat=0
split_feature=13 20 13 17 1 12 23 50 1 47 3 12
split_gain=1.51762 2.2387 0.990394 2.21661 1.30566 0.93702 1.37771 1.68159 1.35351 1.09218 1.63806 1.55227
threshold=2.1687485704780323 4.1271819338291982 2.2727709370360674 2.4810945998750165 14.607083333333334 18.197154439824619 1.2716137406546848 1.5500000000000003 21.311833333333336 1.6012119544078127 47.772654879540042 17.837205257630384
decision_type=2 2 2 2 2 2 2 2 2 2 2 2
left_child=5 2 3 -2 -4 9 8 -8 -7 10 -1 -11
right_child=1 -3 4 -5 -6 6 7 -9 -10 11 -12 -13
leaf_value=-0.0002065960096745638 0.00043540594733536026 0.0034708822483937615 -0.0014222404104917567 0.0043889887301836305 0.0003340477015826505 -0.00014752438880404547 -0.00055713431414911995 0.00047405157335386251 0.00023547247217960179 -0.00015031995708970338 0.00073445751425048214 -0.0011212824367846225
leaf_weight=4891.7638047933578 261.65292677283287 94.184999376535416 182.60016170144081 73.442775249481201 1890.9349929392338 5541.1146777570248 2811.8692797720432 804.15791574120522 10916.351068794727 1652.3975612819195 867.68225529789925 1126.3178169727325
leaf_count=7264 424 151 314 108 3171 8202 4371 1226 16073 2431 1321 1672
internal_value=-4.78558e-06 0.000466919 0.000342524 0.00135248 0.000173346 -4.64273e-05 2.77793e-05 -0.000324913 0.00010591 -0.000222026 -6.28813e-05 -0.000548007
internal_weight=31114.5 2502.82 2408.63 335.096 2073.54 28611.7 20073.5 3616.03 16457.5 8538.16 5759.45 2778.72
internal_count=46728 4168 4017 532 3485 42560 29872 5597 24275 12688 8585 4103
is_linear=0
shrinkage=0.02


Tree=273
num_leaves=13
num_cat=0
split_feature=13 23 44 13 31 31 46 40 40 40 34 13
split_gain=1.45916 1.21376 1.11509 1.40149 1.86746 1.66843 1.24006 1.48712 1.23228 1.08654 1.20222 1.18843
threshold=2.1687485704780323 1.7593357140894221 1.3033060596941104 1.874202037351443 0.98326124911165602 1.7779524063401329 1.1180555555555558 -0.019017452039343897 -0.069005488011182087 0.11234328322962121 0.41630649477590792 2.2495188956154837
decision_type=2 2 2 2 2 2 2 2 2 2 2 2
left_child=2 9 6 5 -5 -4 7 -1 -8 10 -2 -11
right_child=1 -3 3 4 -6 -7 8 -9 -10 11 -12 -13
leaf_value=0.00017995453759106603 0.00012535258505884798 0.0023813153677406159 0.00018045685819198168 -0.001618192884147764 0.0007189663733769701 -0.0010926245998026012 -0.0010469267676162814 -0.00027041749975219667 -0.00024135686074620443 0.0020255590983590775 0.0011556847254906911 -0.00088115785907487778
leaf_weight=5519.4539626538754 1090.4200155436993 124.4791022837162 12055.859780758619 410.03909614682198 196.35918179154396 422.54601070284843 1085.2026557922363 6226.9089280962944 2695.2847644686699 61.42159029841423 805.3841877579689 421.11096015572548
leaf_count=8276 1822 245 17477 674 311 618 1639 9447 4118 96 1288 717
internal_value=-4.6687e-06 0.000457855 -4.55068e-05 9.00074e-05 -0.00084508 0.000136378 -0.000160348 -5.79481e-05 -0.000475674 0.000351066 0.000569089 -0.00048369
internal_weight=31114.5 2502.82 28611.7 13084.8 606.398 12478.4 15526.9 11746.4 3780.49 2378.34 1895.8 482.533
internal_count=46728 4168 42560 19080 985 18095 23480 17723 5757 3923 3110 813
is_linear=0
shrinkage=0.02


Tree=274
num_leaves=13
num_cat=0
split_feature=13 23 44 24 27 25 33 17 23 34 13 13
split_gain=1.40279 1.16599 1.07094 1.39927 1.71983 1.66295 1.29451 1.64393 1.268 0.952011 1.27899 1.13906
threshold=2.1687485704780323 1.7593357140894221 1.3033060596941104 1.7090904247144743 1.9881855510444739 2.1000000000000005 0.45000000000000007 1.7551426131070473 1.129064217734056 0.12679683866390778 2.8347590163831673 2.2727709370360674
decision_type=2 2 2 2 2 2 2 2 2 2 2 2
left_child=2 9 6 5 -5 -4 8 -8 -1 10 -2 -11
right_child=1 -3 3 4 -6 -7 7 -9 -10 11 -12 -13
leaf_value=0.00014070341867967125 -0.0015299438868407174 0.0023344422203929772 0.0001770425407931402 -0.0018199603588327274 0.0002275776991805199 -0.0011779275475491886 -0.00013665898373276574 -0.00083456936388657599 -0.00035585064314841577 0.0016913334277498288 0.00099466993501675619 0.00031253364127570472
leaf_weight=6616.3608449697495 221.61214816570282 124.4791022837162 12076.08974930644 331.27442544698715 307.47999358177185 369.95990106463432 3797.8239244520664 2132.1485780477524 2980.5169635415077 283.07543700933456 118.74956890940666 1754.8995996713638
leaf_count=9786 394 245 17596 538 425 521 5842 3300 4552 429 246 2854
internal_value=-4.56039e-06 0.000448934 -4.46081e-05 8.81864e-05 -0.000821088 0.00013578 -0.000157158 -0.000389478 -1.25124e-05 0.00034417 -0.000619252 0.000510422
internal_weight=31114.5 2502.82 28611.7 13084.8 638.754 12446 15526.9 5929.97 9596.88 2378.34 340.362 2037.98
internal_count=46728 4168 42560 19080 963 18117 23480 9142 14338 3923 640 3283
is_linear=0
shrinkage=0.02


Tree=275
num_leaves=14
num_cat=0
split_feature=2 0 23 23 6 26 24 23 38 15 23 34 26
split_gain=0.919742 1.54775 1.36665 1.5671 1.13443 1.43182 1.811 1.27847 1.22389 1.1847 1.16081 0.753791 0.612065
threshold=12.215750000000002 14.184167513905194 1.0425652671994616 1.3067251205158461 5.5000000000000009 0.5277777777777779 0.758467540165492 1.129064217734056 2.5000000000000004 14.221480046836515 0.46522074878864111 0.15518545513906154 0.47222222222222227
decision_type=2 2 2 2 2 2 2 2 2 2 2 2 2
left_child=1 2 12 -4 8 7 -7 -6 10 -10 -2 -3 -1
right_child=4 11 3 -5 5 6 -8 -9 9 -11 -12 -13 -14
leaf_value=0.0011529035422299012 -0.00046130068737930164 -0.0022542488279538669 -0.0025175722242772214 0.0013580377862250695 -0.00022509628101548837 -0.001978750447571708 -0.00038092626460954577 0.0018586422903945916 0.00013430254724104891 0.0028130391577951921 9.5462087251344135e-06 6.7553172357352805e-05 0.0028632642836444767
leaf_weight=351.03687474131584 2275.9217260181904 85.644029587507248 76.467711865901947 84.531999468803406 462.97437021136284 412.55713227391243 975.11227908730507 153.41868963837624 167.46585017442703 117.27403503656387 25602.219011902809 132.8083838224411 131.1746701002121
leaf_count=528 3436 136 117 131 693 604 1381 235 267 177 38507 194 181
internal_value=-2.92156e-05 0.000613471 0.00111327 -0.00042966 -4.79437e-05 -0.000507616 -0.000865323 0.000281704 -1.48448e-05 0.00128438 -2.85645e-05 -0.000809539 0.00164873
internal_weight=31028.6 861.664 643.211 161 30166.9 2004.06 1387.67 616.393 28162.9 284.74 27878.1 218.452 482.212
internal_count=46587 1287 957 248 45300 2913 1985 928 42387 444 41943 330 709
is_linear=0
shrinkage=0.02


Tree=276
num_leaves=14
num_cat=0
split_feature=18 13 6 24 37 36 23 36 37 8 36 24 3
split_gain=1.20471 2.99254 2.35268 1.32848 1.21704 1.0955 1.63142 1.17498 2.14314 1.01324 0.959928 0.942317 0.709898
threshold=0.73322595998167139 1.5132403664462803 2.5000000000000004 0.22139969705907453 0.3973949726641629 1.5857142857142861 0.89932530005535283 0.89444444444444449 1.0413371946529761 3.5000000000000004 1.6833333333333336 0.45241582400070474 27.122226888950667
decision_type=2 2 2 2 2 2 2 2 2 2 2 2 2
left_child=1 2 3 -1 -3 7 11 8 -2 -9 -8 -7 -4
right_child=5 4 12 -5 -6 6 10 9 -10 -11 -12 -13 -14
leaf_value=0 -3.7878521339163279e-05 0 0.00090952219595099768 0.0029206763825677436 -0.0028995745357944984 0.0035335767066874404 0.0015631298452856196 -0.00070346036716859993 0.0025050081388956701 -6.066883903095315e-05 -0.00026550109064523732 0.0010295269817097599 -0.0013385878095562792
leaf_weight=76.492887854576111 24773.656063437462 133.39937686920166 107.6942313015461 321.41554886102676 95.842341333627701 79.48908531665802 134.20100554823875 2055.9830667078495 131.21182033419609 1945.6379896104336 725.62241253256798 338.05693984031677 109.90399438142776
leaf_count=119 37278 230 157 466 140 119 204 3025 198 2888 1117 486 160
internal_value=-2.86088e-05 0.00071465 0.00144741 0.00236007 -0.00120505 -4.97875e-05 0.000521945 -7.54325e-05 -2.38797e-05 -0.000393611 1.1273e-05 0.00154464 -0.00018226
internal_weight=31028.6 844.748 615.507 397.908 229.242 30183.9 1277.37 28906.5 24904.9 4001.62 859.823 417.546 217.598
internal_count=46587 1272 902 585 370 45315 1926 43389 37476 5913 1321 605 317
is_linear=0
shrinkage=0.02


Tree=277
num_leaves=15
num_cat=0
split_feature=1 2 0 44 44 23 23 0 37 33 1 51 23 37
split_gain=1.06683 1.5024 1.71053 1.99935 1.39861 1.32085 1.27844 1.15995 1.03518 1.02999 0.894767 0.834582 1.71579 0.732119
threshold=31.451833333333337 30.552354166666671 30.190854616550105 1.641065352184748 2.3870142982021316 0.78058667534989479 0.68683618101335642 14.023495361475709 0.49331068966760111 0.14999999999999999 10.773750000000001 -0.54999999999999993 0.75945219363229499 2.3117949336627786
decision_type=2 2 2 2 2 2 2 2 2 2 2 2 2 2
left_child=7 2 3 -2 6 -6 -3 8 9 -1 -10 12 -9 -13
right_child=1 4 -4 -5 5 -7 -8 11 10 -11 -12 13 -14 -15
leaf_value=0.0017091806215187905 0.0010164008906450889 -0.0010545758929769516 0.0022947719670907323 -0.0015754713301903054 0.0033972673556499529 0.00058370293787045075 5.2744136361440777e-05 0.000564135161594766 0.0014374226860423207 0.00034054299596806978 -0.00098111824746736627 -0.00012749160944968752 -0.001818973463006978 0.0010508253882434491
leaf_weight=323.5227113366127 469.32421693205833 445.90845409035683 264.19409811496735 155.43461602926254 74.891580551862717 684.38555720448494 5972.6043081283569 182.84367415308952 73.035147219896317 765.70893314480782 288.86133873462677 20795.492478132248 322.9957138299942 209.40393632650375
leaf_count=442 744 652 363 237 114 1009 9090 259 110 1199 458 31121 453 336
internal_value=-2.80182e-05 0.000169359 0.000944916 0.000352641 7.16788e-05 0.000882552 -2.29309e-05 -9.78031e-05 0.000447519 0.000758606 -0.000460329 -0.000135094 -0.000939041 -0.00011517
internal_weight=31028.6 8066.74 888.953 624.759 7177.79 759.277 6418.51 22961.9 1451.13 1089.23 361.896 21510.7 505.839 21004.9
internal_count=46587 12209 1344 981 10865 1123 9742 34378 2209 1641 568 32169 712 31457
is_linear=0
shrinkage=0.02


Tree=278
num_leaves=11
num_cat=0
split_feature=35 23 1 49 46 23 24 33 23 3
split_gain=1.17028 1.40189 1.27584 1.02471 2.90539 1.69018 1.60072 1.22267 0.565045 0.501555
threshold=2.3666666666666671 0.8160421725029211 26.391500000000004 1.7500000000000002 2.1055555555555561 0.41023720706137856 1.7090904247144743 0.14999999999999999 0.96759359495244357 48.831424802002097
decision_type=2 2 2 2 2 2 2 2 2 2
left_child=3 -2 -3 4 6 -5 -1 -7 -6 -4
right_child=1 2 9 5 8 7 -8 -9 -10 -11
leaf_value=9.7717583173877468e-06 0.0036607031467040183 -0.0016655076589743311 0.00055977569911592052 -0.002530566855181271 0.0038826256531530735 0.00019710370117900761 -0.0022537678161061005 -0.00040342969356756792 0.0013334177107489095 0.0025155366991002348
leaf_weight=23818.130672365427 65.584337472915649 81.62339448928833 229.82158333063126 128.09385102987289 78.862830281257629 1934.0684850513935 123.61970284581184 4395.2997321486473 96.95046204328537 76.551712870597839
leaf_count=35981 96 133 363 186 110 2891 225 6356 139 107
internal_value=-2.74103e-05 0.000977869 0.000482292 -4.27137e-05 1.68141e-05 -0.000266525 -1.68533e-06 -0.000218341 0.00256394 0.00109402
internal_weight=31028.6 453.581 387.997 30575 24117.6 6457.46 23941.8 6329.37 175.813 306.373
internal_count=46587 699 603 45888 36455 9433 36206 9247 249 470
is_linear=0
shrinkage=0.02


Tree=279
num_leaves=12
num_cat=0
split_feature=35 23 39 51 2 19 19 20 2 14 14
split_gain=1.12592 1.34721 1.00603 1.36909 1.31899 1.22649 2.32673 2.04777 0.928609 0.842468 0.948453
threshold=2.3666666666666671 0.8160421725029211 0.75000000000000011 -0.54999999999999993 16.934462962962964 1.1234778772925245 1.1853470839169946 2.1575359428552656 12.215750000000002 9.5000000000000018 11.500000000000002
decision_type=2 2 2 2 2 2 2 2 2 2 2
left_child=2 -2 3 4 -1 7 -7 -4 -5 -3 -11
right_child=1 9 5 8 -6 6 -8 -9 -10 10 -12
leaf_value=0.0010604109939436812 0.0035896556875125263 -0.00059443833297671692 -0.00060207043812381654 0.00072217843672271438 -0.001369799994716703 0.0034784179111560162 1.7096594068760544e-05 0.0006980427450806949 1.542570235138067e-05 0.0021217844767559332 -0.00056546439130729332
leaf_weight=102.79361069202423 65.584337472915649 159.8640273809433 3935.4547252655029 767.90940657258034 492.04532200098038 80.42712014913559 1461.3000792264938 544.10441392660141 23190.991057932377 158.71003690361977 69.422626405954361
leaf_count=134 96 251 5810 1148 709 114 2237 792 34944 248 104
internal_value=-2.68295e-05 0.000959196 -4.1846e-05 1.45856e-05 -0.000930936 -0.000273553 0.000208413 -0.000441681 3.85536e-05 0.000472791 0.00126277
internal_weight=31028.6 453.581 30575 24553.7 594.839 6021.29 1541.73 4479.56 23958.9 387.997 228.133
internal_count=46587 699 45888 36935 843 8953 2351 6602 36092 603 352
is_linear=0
shrinkage=0.02


Tree=280
num_leaves=14
num_cat=0
split_feature=40 12 1 20 19 40 8 1 44 2 2 19 24
split_gain=1.05826 2.03082 1.57308 1.95948 2.0622 1.56184 1.5078 1.48311 1.36449 1.21369 1.18135 0.995159 0.760749
threshold=0.10972056477905132 20.355079131834227 34.133833333333342 -1.578529365198978 0.59146807487326225 -0.10116926409221734 1.5000000000000002 33.688500000000012 1.8713084074165749 34.328416666666676 24.460833333333337 3.8885557289332477 0.88592124984516551
decision_type=2 2 2 2 2 2 2 2 2 2 2 2 2
left_child=2 6 7 4 -4 -5 12 8 -1 -9 -3 -8 -2
right_child=1 10 3 5 -6 -7 11 9 -10 -11 -12 -13 -14
leaf_value=-3.774657147906531e-05 -0.0022416990577657091 0.0036580251049231419 -0.0034188253783861374 -5.1094880383056477e-05 0.00019602495547232508 0.0009142078013813712 -0.0002521285158054106 -0.00040492325432433016 0.00046264418582880976 -0.0026691842239801832 0 0.0011437133353578088 -0.00024578470595065934
leaf_weight=18214.459035992622 227.29927653074265 81.195639878511429 99.812631458044052 957.55744230747223 153.23042351007462 2093.4667265713215 5955.0820171833038 327.31221336126328 2471.8143365979195 140.50504496693611 69.074140280485153 207.36284878849983 133.49030461907387
leaf_count=27321 333 113 145 1466 240 3170 9003 487 3630 207 107 334 188
internal_value=-8.12325e-07 -0.000224323 5.97781e-05 0.000465512 -0.00120627 0.000608139 -0.00027889 -3.15897e-06 2.1601e-05 -0.00111473 0.00205128 -0.000203181 -0.00153621
internal_weight=31131.7 6673.5 24458.2 3304.07 253.043 3051.02 6523.23 21154.1 20686.3 467.817 150.27 6162.44 360.79
internal_count=46744 10078 36666 5021 385 4636 9858 31645 30951 694 220 9337 521
is_linear=0
shrinkage=0.02


Tree=281
num_leaves=14
num_cat=0
split_feature=15 50 20 19 19 20 12 15 20 12 19 37 44
split_gain=0.882762 1.20729 1.05975 1.64343 1.38271 0.917723 1.00059 1.25475 0.96201 2.23276 0.921022 0.862817 0.806194
threshold=21.228868208866555 2.1500000000000008 5.16970210640011e-06 -0.21040880959450173 1.0640876375061767 3.594297719660386 17.573684222166406 10.693822303317095 -2.8693529091551464 17.753074439189231 -1.0121820145884592 0.73567306730282234 0.97252318922835834
decision_type=2 2 2 2 2 2 2 2 2 2 2 2 2
left_child=5 2 3 -2 -4 8 12 -8 9 -1 -10 -3 -7
right_child=1 11 4 -5 -6 6 7 -9 10 -11 -12 -13 -14
leaf_value=-0.00091384859842752258 -0.0025280851018335076 0.0036245350100966925 0.0016160701505663409 0.00057419656830381873 -0.0014434377806948012 0.00060106734501260675 0.00047154334354306156 0.0028039849244564092 -0.00031001935028713743 0.00056136369661510528 -1.936496205212361e-05 0.00082022068146728633 -0.0021187212383102431
leaf_weight=490.44377574324608 115.73172131180763 79.042413830757141 265.42210692167282 152.74243900179863 70.846335262060165 67.968950390815735 1170.888810634613 101.20952066779137 5572.0221040546894 2365.8929250240326 20454.262441724539 126.92396551370621 98.264571964740753
leaf_count=732 188 119 400 259 113 103 1756 145 8213 3640 30762 174 140
internal_value=-8.07566e-07 0.000649344 0.000178396 -0.000734944 0.000937196 -1.85625e-05 0.000473564 0.000669074 -4.34473e-05 0.000304103 -8.1995e-05 0.00196901 -0.000953298
internal_weight=31131.7 810.709 604.743 268.474 336.268 30321 1438.33 1272.1 28882.6 2856.34 26026.3 205.966 166.234
internal_count=46744 1253 960 447 513 45491 2144 1901 43347 4372 38975 293 243
is_linear=0
shrinkage=0.02


Tree=282
num_leaves=14
num_cat=0
split_feature=14 37 1 1 1 0 26 37 50 26 20 31 26
split_gain=1.11297 1.2704 1.10887 2.48925 1.9611 0.893628 1.17705 0.853071 0.845368 0.710718 1.17828 0.737216 0.501872
threshold=12.500000000000002 0.4306102688269301 22.009000000000004 25.250333333333337 16.622041666666671 23.677711522442049 0.88194444444444453 0.0019896142343955505 0.8500000000000002 2.2361111111111116 0.20518546466299978 2.2313434682377182 0.95000000000000007
decision_type=2 2 2 2 2 2 2 2 2 2 2 2 2
left_child=7 2 4 -4 -2 6 -3 12 -7 11 -11 -9 -1
right_child=1 5 3 -5 -6 8 -8 9 -10 10 -12 -13 -14
leaf_value=-0.0011112184037488303 0.00057672842316871576 -0.00080790687343201438 0.0025771816246164948 -0.00017197830809475659 -0.0018283197695109282 -0.0032344645482173104 0.0018600380796369737 2.5022876084241345e-05 -0.0010713776145875771 0 0.003109130288759102 0.00090563394525718978 0.00052868023573549917
leaf_weight=392.48751422762871 251.73907840251923 254.65165895223618 176.31344285607338 482.49040707945824 279.39276239275932 89.587300032377243 86.561931848526001 27881.774536192417 571.56463238596916 120.4827164709568 78.358902245759964 384.51357099413872 81.743627965450287
leaf_count=658 350 367 246 666 405 126 116 41965 778 166 108 664 129
internal_value=-7.67337e-07 -0.000435344 0 0.00055421 -0.000671761 -0.000959175 -9.50489e-05 3.18363e-05 -0.00138843 4.62103e-05 0.00123332 3.7419e-05 -0.000806516
internal_weight=31131.7 2192.3 1189.94 658.804 531.132 1002.37 341.214 28939.4 661.152 28465.1 198.842 28266.3 474.231
internal_count=46744 3054 1667 912 755 1387 483 43690 904 42903 274 42629 787
is_linear=0
shrinkage=0.02


Tree=283
num_leaves=15
num_cat=0
split_feature=14 23 37 23 40 22 37 19 22 37 22 46 40 1
split_gain=1.06958 1.86953 1.36981 1.85559 1.11241 0.967786 2.93738 2.66849 1.70573 2.12359 1.59356 1.02973 0.847698 0.680715
threshold=12.500000000000002 0.95715096702588731 0.23250067622593837 1.0030630543270183 0.20980801620270115 -1.369338694723061 0.18181830845666552 1.2048728674286961 0.56687772363824307 0.45130377671155403 0.68903266068296587 0.84523809523809534 -0.20428997825886752 22.121944444444448
decision_type=2 2 2 2 2 2 2 2 2 2 2 2 2 2
left_child=5 4 13 -4 12 6 11 -8 9 -7 -10 -1 -2 -3
right_child=1 2 3 -5 -6 8 7 -9 10 -11 -12 -13 -14 -15
leaf_value=7.4732783913931085e-05 -0.0012670963515361675 -0.0011600552446392634 -0.00422924028755576 -0.0011161579571419286 -0.0021221093764093213 1.1758918977388085e-05 -0.00068860321078290088 0.0019527994969452318 -0.00091736977302232868 0.00050292628246283351 -3.8717334599522055e-05 0.0013050938844964292 0.00046616164935070454 0.0008884393718000675
leaf_weight=636.49249246716499 122.9365568459034 99.852234035730362 90.032608836889267 622.70059829950333 81.424901396036148 8411.9723823964596 3048.5022210478783 157.39753061532974 909.0926396548748 6107.8537344634533 9168.7959971725941 499.25387027859688 1002.6670851409435 172.68722939491272
leaf_count=981 171 150 123 870 116 12784 4543 253 1362 9108 13921 738 1387 237
internal_value=-7.38777e-07 -0.000426766 -0.00107311 -0.00153413 9.34584e-05 3.12167e-05 -0.000243439 -0.000554666 8.01175e-05 0.000219101 -0.000119136 0.00062571 0.000266078 9.85097e-05
internal_weight=31131.7 2192.3 985.273 712.733 1207.03 28939.4 4341.65 3205.9 24597.7 14519.8 10077.9 1135.75 1125.6 272.539
internal_count=46744 3054 1380 993 1674 43690 6515 4796 37175 21892 15283 1719 1558 387
is_linear=0
shrinkage=0.02


Tree=284
num_leaves=12
num_cat=0
split_feature=14 23 37 23 12 40 45 40 12 1 50
split_gain=1.02882 1.79594 1.324 1.67366 1.27224 1.06917 0.926057 0.857707 2.0524 1.58591 0.829846
threshold=12.500000000000002 0.95715096702588731 0.17631473697207503 0.99980699284547947 18.706948390722786 0.20980801620270115 4.5000000000000009 0.10972056477905132 20.355079131834227 34.133833333333342 1.1500000000000004
decision_type=2 2 2 2 2 2 2 2 2 2 2
left_child=6 5 4 -4 -3 10 7 9 -9 -1 -2
right_child=1 2 3 -5 -6 -7 -8 8 -10 -11 -12
leaf_value=1.4415824109370298e-05 -0.00026105385574807887 -0.00166367510136956 -0.0040348853859109805 -0.0010679035944909877 0.0016130156560735472 -0.0020806847075210788 0.0023470459603137238 -0.00023831996558253097 0.0023059072310760327 0.00049942867994656986 0.00081477759223148015
leaf_weight=19559.693454861641 571.11742201447487 71.570999205112457 87.925408363342285 699.95647698640823 125.8197860121727 81.424901396036148 66.960897177457809 6050.4248574674129 126.95745673775673 3135.3242018520832 554.48621997237206
leaf_count=29432 804 105 122 978 175 116 105 9182 180 4791 754
internal_value=-7.32138e-07 -0.000418569 -0.00105207 -0.00142105 0.000370012 9.11617e-05 3.06023e-05 2.47215e-05 -0.000183683 8.18992e-05 0.000260551
internal_weight=31131.7 2192.3 985.273 787.882 197.391 1207.03 28939.4 28872.4 6177.38 22695 1125.6
internal_count=46744 3054 1380 1100 280 1674 43690 43585 9362 34223 1558
is_linear=0
shrinkage=0.02


Tree=285
num_leaves=12
num_cat=0
split_feature=20 12 1 6 40 15 6 12 40 5 24
split_gain=1.35439 1.31751 1.46567 2.51279 1.5274 1.21854 0.921601 0.847231 0.920283 0.770165 0.683528
threshold=4.9915709712567464 19.853538219097992 26.114500000000003 1.5000000000000002 0.15098232871244863 6.7213824675452818 3.5000000000000004 20.624768811575503 -0.16621728292629948 39.931897242145361 0.37790249842397844
decision_type=2 2 2 2 2 2 2 2 2 2 2
left_child=1 2 4 -4 -1 6 10 8 -3 -9 -2
right_child=5 7 3 -5 -6 -7 -8 9 -10 -11 -12
leaf_value=-0.0001190515185463642 0.00067269078170608635 -0.00048820548238987573 -0.00056908137209381131 0.00019631859890620115 -0.00073788134544912603 -0.00051870763184141077 -0.00019666406251647202 0.00082805083888640217 0.00073521152456792484 -0.0012196812609017603 0.0029162934355793689
leaf_weight=12137.393222093582 97.461983948945999 271.93091168999672 1993.6237930357456 12080.357100129128 1849.0286526381969 134.63483947515488 74.413475811481476 103.99246796965599 1853.4488345682621 213.697241127491 183.4612829387188
leaf_count=18176 154 396 2959 18282 2794 204 104 162 2684 328 270
internal_value=-2.50688e-07 -1.7362e-05 -5.64718e-05 8.71214e-05 -0.000201671 0.00104044 0.00165877 0.000427431 0.000573669 -0.00051711 0.00218351
internal_weight=30993.4 30503.5 28060.4 14074 13986.4 489.972 355.337 2443.07 2125.38 317.69 280.923
internal_count=46513 45781 42211 21241 20970 732 528 3570 3080 490 424
is_linear=0
shrinkage=0.02


Tree=286
num_leaves=12
num_cat=0
split_feature=20 1 10 2 21 32 40 32 1 1 20
split_gain=1.30035 1.20056 2.68392 2.00384 1.78341 1.64907 1.34605 1.33335 0.680025 0.88961 0.64977
threshold=4.9915709712567464 26.114500000000003 1.0000000180025095e-35 35.934250000000006 1.1661906356378517 0.75000000000000011 0.15098232871244863 1.8500000000000003 12.692000000000002 15.051000000000004 5.3447110436968517
decision_type=2 2 2 2 2 2 2 2 2 2 2
left_child=1 5 3 -3 -4 6 -1 -7 -2 -10 -11
right_child=8 2 4 -5 -6 7 -8 -9 9 10 -12
leaf_value=-0.00020543943918133387 0.0027032794948582306 0.00031000708202251969 -0.00070753623013441297 -0.00045305558467019036 0.0015040896900569243 0.00016959022371773803 -0.00089277244161755482 -0.0020345995603606427 -0.0013567988221866543 0.0025267754874109252 0.00048931171518566913
leaf_weight=8288.6763887107372 81.73007544875145 11433.761899083853 1995.027584195137 1553.4939766824245 152.8790699839592 5633.1703913211823 1337.0387718677521 109.42414140701294 67.668533325195312 91.80279603600502 248.77017736434937
leaf_count=12376 120 17276 2969 2359 217 8415 2004 165 98 142 372
internal_value=-2.50196e-07 -1.70231e-05 0.000109031 0.000217906 -0.000544218 -0.000141814 -0.000302116 0.000125155 0.00101946 0.000646442 0.00107925
internal_weight=30993.4 30503.5 15135.2 12987.3 2147.91 15368.3 9625.72 5742.59 489.972 408.242 340.573
internal_count=46513 45781 22821 19635 3186 22960 14380 8580 732 612 514
is_linear=0
shrinkage=0.02


Tree=287
num_leaves=12
num_cat=0
split_feature=20 15 24 45 19 2 10 19 2 15 30
split_gain=1.25075 1.16872 0.948324 1.81282 2.25386 1.90036 1.54526 2.38746 1.4164 0.737702 0.928955
threshold=4.9915709712567464 6.7213824675452818 1.042047803441793 1.2916666666666667 0.69576582552500466 38.212750000000007 1.0000000180025095e-35 -0.058703276774977491 36.460916666666677 5.5113627917480086 0.11937610871764727
decision_type=2 2 2 2 2 2 2 2 2 2 2
left_child=2 9 3 5 -5 -1 8 -8 -4 10 -2
right_child=1 -3 6 4 -6 -7 7 -9 -10 -11 -12
leaf_value=6.4826589808108609e-05 9.5597302475771927e-05 -0.00052640424594598673 0.00040401610285153728 -0.00061408106094464835 6.4539549044422326e-05 -0.0029718089881625104 -0.0016388536874403182 0.00028015126753484955 -0.0005589572757702582 0.0030688139119449359 0.0027884672938532497
leaf_weight=15105.403808087111 177.39473170042038 134.63483947515488 5644.1296294629574 4574.8404295742512 3377.3071213662624 80.782434433698654 444.4781382381916 601.31508412957191 675.21557796001434 102.59478318691254 75.347227811813354
leaf_count=22905 263 204 8358 6764 5108 122 630 887 1007 149 116
internal_value=-2.36089e-07 0.000999827 -1.66922e-05 -7.99083e-05 -0.000324667 4.76257e-05 0.000180518 -0.000527483 0.000299397 0.0016058 0.000953239
internal_weight=30993.4 489.972 30503.5 23138.3 7952.15 15186.2 7365.14 1045.79 6319.35 355.337 252.742
internal_count=46513 732 45781 34899 11872 23027 10882 1517 9365 528 379
is_linear=0
shrinkage=0.02


Tree=288
num_leaves=15
num_cat=0
split_feature=12 20 22 6 20 21 22 51 37 37 37 32 32 40
split_gain=1.24084 2.00213 1.69673 1.65351 1.53821 1.93256 1.34181 1.15053 2.90501 0.872379 0.789716 0.66548 0.657073 0.875773
threshold=19.853538219097992 0.98994748582256353 1.0994239716604171 5.5000000000000009 4.9915709712567464 1.2428599110861771 1.7621489800880756 0.45000000000000001 0.069779947755511967 0.65379907510475277 0.78330622522403492 0.8500000000000002 0.95000000000000007 0.017735142771078103
decision_type=2 2 2 2 2 2 2 2 2 2 2 2 2 2
left_child=3 12 11 4 5 -1 -4 10 -9 -6 -5 -3 -2 -14
right_child=1 2 6 7 9 -7 -8 8 -10 -11 -12 -13 13 -15
leaf_value=1.9331437302323491e-05 -0.00016617842965191198 0.0014492689371201626 -0.0018560148437182749 -0.0014534455709721344 0.0017804657170347991 -0.00085533243189834813 0.0012386439023882091 0.0031459482993652118 -0.00049832420380656458 -0.00032160046231065575 0.00037021117333562727 0.0032146197996536551 0 0.0017200176001076347
leaf_weight=25130.128725260496 1288.2515861690044 337.1519201695919 96.924789041280746 670.12466689944267 297.06176507472992 1050.3249148726463 126.33652821183205 92.89185506105423 1074.0787932574749 96.36416894197464 100.04602080583572 141.24434846639633 296.7422896027565 195.77143359184265
leaf_count=37906 1882 479 147 961 451 1578 179 147 1555 145 144 205 441 293
internal_value=-2.11423e-07 0.000428143 0.00133212 -3.78859e-05 2.88185e-06 -1.54396e-05 -6.50028e-05 -0.000601725 -0.000194796 0.00124128 -0.00120325 0.00200251 6.5254e-05 0.00068905
internal_weight=30993.4 2482.42 701.658 28511 26573.9 26180.5 223.261 1937.14 1166.97 393.426 770.171 478.396 1780.77 492.514
internal_count=46513 3626 1010 42887 40080 39484 326 2807 1702 596 1105 684 2616 734
is_linear=0
shrinkage=0.02


Tree=289
num_leaves=11
num_cat=0
split_feature=23 19 6 20 15 15 40 21 20 0
split_gain=1.23917 1.53367 1.31547 1.59283 1.33685 1.15759 1.45686 1.1234 0.872929 0.844597
threshold=2.1808295935743547 3.8885557289332477 6.5000000000000009 4.9915709712567464 6.7213824675452818 17.097596959413554 0.15398866870584763 1.2428599110861771 0.20518546466299978 17.029274344087948
decision_type=2 2 2 2 2 2 2 2 2 2
left_child=2 8 3 7 -5 6 -4 -1 9 -2
right_child=1 -3 5 4 -6 -7 -8 -9 -10 -11
leaf_value=2.6366495090500882e-05 -0.0023645210775805124 0.0037544496431310406 -0.00044766845485889954 0.0019877241492392947 -0.00043515874978999598 0.0010984379406507835 -0.0021767956193974041 -0.00061229040408457345 0.0017844640498077692 0.0007169977528880216
leaf_weight=27368.345352649689 59.97855219244957 73.33154684305191 1369.5633625984192 291.16046547889709 122.41840213537216 150.0707673728466 232.06120452284813 1145.8670982420444 105.62578150629997 75.021271884441376
leaf_count=41073 103 126 1989 436 186 213 336 1708 188 155
internal_value=-1.77413e-07 0.0012456 -1.33323e-05 1.85764e-05 0.00124785 -0.000545402 -0.000706842 3.09721e-07 0.000415162 -0.000593618
internal_weight=30993.4 313.957 30679.5 28927.8 413.579 1751.7 1601.62 28514.2 240.626 135
internal_count=46513 572 45941 43403 622 2538 2325 42781 446 258
is_linear=0
shrinkage=0.02


Tree=290
num_leaves=9
num_cat=0
split_feature=43 19 16 21 44 36 37 16
split_gain=0.879733 0.877147 2.05691 1.32885 1.157 1.44448 1.21055 1.09658
threshold=2.0500000000000003 2.9084691529654125 8.5225000000000044 1.0113535538888729 0.53689115985340885 0.41428571428571431 0.066663288623216466 8.0450000000000035
decision_type=2 2 2 2 2 2 2 2
left_child=1 4 7 -4 5 -1 -6 -3
right_child=-2 2 3 -5 6 -7 -8 -9
leaf_value=-0.00064162097882836393 0.0020048279119558848 0.0010726569959041052 0.00082478097140247007 -0.00071276044905512533 0.00048454519491961085 0.002076654545025139 -6.9406815302492767e-06 0.0037626748294453021
leaf_weight=1614.9193203747272 88.0957952439785 484.45339250564575 378.25143739581108 544.31996014714241 2169.3566747903824 78.725131690502167 25665.123646318913 73.272520661354065
leaf_count=2707 120 753 654 828 3182 161 38132 108
internal_value=3.00349e-05 2.39731e-05 0.000498721 -7.11369e-05 0 -0.00050707 3.10374e-05 0.00145611
internal_weight=31096.5 31008.4 1480.3 922.571 29528.1 1693.64 27834.5 557.726
internal_count=46645 46525 2343 1482 44182 2868 41314 861
is_linear=0
shrinkage=0.02


Tree=291
num_leaves=13
num_cat=0
split_feature=30 34 43 1 5 47 20 40 12 20 30 36
split_gain=1.13561 1.38762 1.33529 1.56556 1.81814 1.53438 1.15281 1.657 1.08038 1.30676 1.21886 0.818387
threshold=-0.23622667526324861 2.7344846369021023 0.45000000000000007 20.036833333333337 32.053570121042789 2.434932745029355 0.37886946442774777 0.014598432470855752 19.820744997408365 -0.7775707322589972 -0.19289229386585371 0.31666666666666671
decision_type=2 2 2 2 2 2 2 2 2 2 2 2
left_child=2 8 3 4 -1 -5 11 -8 10 -10 -2 -4
right_child=1 -3 6 5 -6 -7 7 -9 9 -11 -12 -13
leaf_value=0.00069434050597978942 -0.00064910231251794743 0.0023768200365240064 0.001360901814871675 0.00056334291863494772 -0.0014672183126166844 -0.0019718266661265965 0.0029982063759549133 0.00029876653444599175 -0.00036076216594965884 0.00066976017794256437 -2.8371424262914415e-05 0
leaf_weight=229.39581996202469 1338.4477772116661 94.695872128009796 266.31861412525177 1629.2441559433937 447.58327659964561 98.039399534463882 212.68635523319244 174.22339925169945 669.39193505048752 1748.5654482841492 23656.360601097345 531.56522470712662
leaf_count=339 2026 154 409 2474 667 156 305 252 996 2577 35510 780
internal_value=2.94585e-05 -1.38583e-05 0.000364057 8.84027e-05 -0.000720154 0.000411552 0.000913915 0.00181616 -2.26543e-05 0.000380274 -6.20603e-05 0.000460448
internal_weight=31096.5 27507.5 3589.06 2404.26 676.979 1727.28 1184.79 386.91 27412.8 2417.96 24994.8 797.884
internal_count=46645 41263 5382 3636 1006 2630 1746 557 41109 3573 37536 1189
is_linear=0
shrinkage=0.02


Tree=292
num_leaves=14
num_cat=0
split_feature=30 42 19 1 0 44 36 1 19 12 12 13 34
split_gain=1.09158 2.07699 1.72248 1.67608 2.0924 1.39625 1.34894 1.2906 1.23106 1.21145 1.09987 0.886496 0.575872
threshold=-0.23622667526324861 0.35000000000000003 1.2875770158000173 20.036833333333337 33.190266262715866 3.350584010286628 1.3166666666666669 18.498166666666673 1.7048414871364754 18.073118115592184 19.820744997408365 0.13225278764451434 0.73644000997051939
decision_type=2 2 2 2 2 2 2 2 2 2 2 2 2
left_child=1 3 6 7 -5 8 -3 -1 10 -10 -2 -7 -4
right_child=5 2 12 4 -6 11 -8 -9 9 -11 -12 -13 -14
leaf_value=-0.00056482968369898359 -0.00012813501421590149 0.0012372227006512779 -4.2829010216649585e-06 0.00069356844603778644 -0.0013723436915218912 0 -0.00074984266080850971 -0.0031276444047428596 -0.00030347786345950623 0.00046964724773360605 0.00035593454087639312 0.0028914413564934899 -0.002186889140155818
leaf_weight=428.2863589823246 20900.367543905973 1480.031177520752 157.6766851246357 964.26464778184891 242.07779145240784 69.827662825584412 142.74236541986465 99.59677267074585 1053.8654778599739 3325.50676253438 2052.1838856339455 105.71030101180077 74.380446404218674
leaf_count=646 31212 2145 255 1508 360 109 205 147 1585 5183 3014 160 116
internal_value=2.88835e-05 0.000356932 0.000822557 -0.000135688 0.000269139 -1.35782e-05 0.00105557 -0.00107721 -2.54207e-05 0.000281264 -8.43915e-05 0.00175353 -0.000759299
internal_weight=31096.5 3589.06 1854.83 1734.23 1206.34 27507.5 1622.77 527.883 27331.9 4379.37 22952.6 175.538 232.057
internal_count=46645 5382 2721 2661 1868 41263 2350 793 40994 6768 34226 269 371
is_linear=0
shrinkage=0.02


Tree=293
num_leaves=14
num_cat=0
split_feature=30 44 20 0 44 24 19 20 40 16 22 22 23
split_gain=1.04627 1.34194 1.30842 2.20887 1.31337 1.19481 1.18199 1.1284 1.12773 1.09527 0.982445 0.911801 0.671621
threshold=-0.23622667526324861 3.350584010286628 0.84950835889924659 29.196586087225629 0.90627048904854124 1.0580398349800482 1.7048414871364754 2.4609865241516045 0.32895899627664327 14.99 0.3674272757636885 1.2166194852456804 1.0129834179816384
decision_type=2 2 2 2 2 2 2 2 2 2 2 2 2
left_child=2 6 5 4 -4 11 7 -2 -8 -7 -5 -1 -3
right_child=1 12 3 10 -6 9 8 -9 -10 -11 -12 -13 -14
leaf_value=-0.00032654766943337869 -0.00012998981625521932 0.003120928071020922 0.0020404757100971377 0.0038004764786111608 -0.00010211334976091495 0.0011282376818425328 0.00018289974199745963 0.00033486729054230775 0.0014272360296665957 -0.00022089145944989403 0.0009704961801557916 0.0014552657615057333 0.00048275515727246276
leaf_weight=1571.2883103489876 20640.076287508011 77.044253349304199 145.61166670918465 136.77787601947784 475.95668676495552 692.16105714440346 4063.3190602362156 2312.475142031908 316.05318015813828 350.61213225126266 96.122328162193298 120.52618795633316 98.493710488080978
leaf_count=2331 30812 118 217 195 697 1073 6289 3414 479 540 139 190 151
internal_value=2.82765e-05 -1.32874e-05 0.000349448 0.00103336 0.000388718 0.000131494 -2.49044e-05 -8.26946e-05 0.000275595 0.000665493 0.00269327 -0.000192138 0.0017191
internal_weight=31096.5 27507.5 3589.06 854.469 621.568 2734.59 27331.9 22952.6 4379.37 1042.77 232.9 1691.81 175.538
internal_count=46645 41263 5382 1248 914 4134 40994 34226 6768 1613 334 2521 269
is_linear=0
shrinkage=0.02


Tree=294
num_leaves=13
num_cat=0
split_feature=20 20 44 12 0 12 12 16 23 23 34 34
split_gain=0.999693 1.27539 1.47653 1.4246 1.4129 1.22536 1.51629 1.10687 0.755689 1.28223 1.26628 0.601623
threshold=-4.3689480113914341 -0.44283654306353343 1.3446323560572806 19.820744997408365 17.225231989866867 18.410724617428659 18.497284796763186 2.2450000000000014 0.34194343781739628 0.67627195155305986 0.39610743830201517 0.19256807545662163
decision_type=2 2 2 2 2 2 2 2 2 2 2 2
left_child=8 5 4 -4 -3 7 -7 -2 10 11 -1 -10
right_child=1 2 3 -5 -6 6 -8 -9 9 -11 -12 -13
leaf_value=0.00059484428813791985 -0.0017817388202404627 0.00039417328521831576 0.00021288471265114382 0.0011273418510910141 -0.00016971253514921206 0.0013300509757384769 -7.2948246509946875e-05 -0.00036120525613349909 0.00054972180770465151 0.00028096434209070334 -0.0027728441124063564 0.0025410679130384133
leaf_weight=132.81064060330391 236.22911089658737 2222.1453102231026 8134.0606234371662 750.26299250125885 8762.3393253684044 323.25948575139046 5846.2558549642563 3759.0760177373886 107.28846427798271 551.0259228348732 63.006717443466187 208.75741308927536
leaf_count=210 360 3295 11911 1066 13309 456 8936 5666 174 855 95 312
internal_value=2.77613e-05 6.07246e-06 9.96125e-05 0.00029147 -5.46781e-05 -0.000175767 0 -0.000448548 0.000630061 0.000887162 -0.000455279 0.00190421
internal_weight=31096.5 30033.6 19868.8 8884.32 10984.5 10164.8 6169.52 3995.31 1062.89 867.072 195.817 316.046
internal_count=46645 44999 29581 12977 16604 15418 9392 6026 1646 1341 305 486
is_linear=0
shrinkage=0.02


Tree=295
num_leaves=13
num_cat=0
split_feature=23 22 33 17 33 20 22 23 16 23 17 45
split_gain=1.24136 1.4097 1.28355 1.185 1.08773 1.07875 1.04619 1.02764 1.2569 0.791816 0.786552 0.585485
threshold=1.0391822351972688 -1.6677062133942553 -0.54999999999999993 3.2000719657048751 -0.34999999999999992 3.0398162278930205 -1.2105997003404616 0.75473915386841794 4.2750000000000021 1.2119186276939833 1.3518545024590056 0.77500000000000013
decision_type=2 2 2 2 2 2 2 2 2 2 2 2
left_child=4 -2 9 -4 7 6 -6 8 -1 -3 -7 -9
right_child=1 2 3 -5 5 10 -8 11 -10 -11 -12 -13
leaf_value=0.00092243669843573557 -0.0023551989751789044 -0.0018485443072936553 -0.0001091135737158948 0.00081560392626312461 -0.00022677678608253111 0.0014887834022623589 0.00013515095143935312 0.0017819754555640278 -0.00047219103973490103 -0.00036849824767040728 0.00023463546191634956 0.00068147397970396155
leaf_weight=430.44298055768013 111.49813118577003 257.06919261813164 11365.485825687647 579.09798964858055 4518.9719504117966 349.60087302327156 10837.71135610342 274.77718701958656 635.14221951365471 379.96929076313972 520.76021292805672 877.93238997459412
leaf_count=602 182 382 17415 845 6736 521 16155 394 911 535 774 1266
internal_value=2.00191e-05 -0.000131812 -0.000110942 -6.33153e-05 0.000125046 6.75247e-05 2.79806e-05 0.000540878 8.24744e-05 -0.000985318 0.000752115 0.000955098
internal_weight=31138.5 12693.1 12581.6 11944.6 18445.3 16227 15356.7 2218.29 1065.59 637.038 870.361 1152.71
internal_count=46718 19359 19177 18260 27359 24186 22891 3173 1513 917 1295 1660
is_linear=0
shrinkage=0.02


Tree=296
num_leaves=13
num_cat=0
split_feature=31 43 17 22 51 21 27 22 4 17 22 27
split_gain=1.49325 1.44913 1.64625 1.52509 1.33107 1.61607 2.63564 1.8634 1.48844 1.00929 0.536383 0.808971
threshold=1.4175354920101217 0.75000000000000011 3.0775929102326973 1.8517927688531295 1.4500000000000004 1.0078657295365028 0.92129549470868111 -2.773713380978915 21.366653985327737 3.2310847246406262 0.10749295910513366 1.2031532073956599
decision_type=2 2 2 2 2 2 2 2 2 2 2 2
left_child=4 2 3 -2 5 6 -1 -7 -6 -10 -3 -12
right_child=1 10 -4 -5 8 7 -8 -9 9 -11 11 -13
leaf_value=5.2178644939335045e-05 9.3633298181628223e-05 -0.0024188667593913853 -0.0020238341222498703 -0.0010705593354737653 -0.002144212748661777 0.0017044900849629014 -0.0006135249125850589 0.00012839745554250108 0.00042348055809941125 0.0021435423748539018 0.00013509992823006702 -0.0022452283167551232
leaf_weight=7266.4328970313072 2589.7458080947399 162.97764599323273 188.97129693627357 540.42045196890831 84.104521512985229 306.68297654390335 3518.2773993611336 12799.209687680006 3315.9954777956009 144.15263205766678 131.50073233246803 89.988072127103806
leaf_count=11209 3941 241 278 861 132 451 5315 18842 4916 197 204 131
internal_value=1.96196e-05 -0.000356776 -0.000218152 -0.000104726 7.08184e-05 1.6711e-05 -0.000164139 0.000166296 0.000432503 0.000499225 -0.00152033 -0.00079869
internal_weight=31138.5 3703.6 3319.14 3130.17 27434.9 23890.6 10784.7 13105.9 3544.25 3460.15 384.466 221.489
internal_count=46718 5656 5080 4802 41062 35817 16524 19293 5245 5113 576 335
is_linear=0
shrinkage=0.02


Tree=297
num_leaves=14
num_cat=0
split_feature=30 21 21 30 21 30 30 23 20 20 12 30 12
split_gain=1.18545 1.90813 1.8937 1.39167 1.21461 1.84019 1.52274 1.37872 1.26796 1.04738 0.892467 1.28973 1.0645
threshold=-0.14634871586054385 1.0166796185033105 1.0346345491695019 -0.18404568600925106 0.83140741395670781 -0.099378609190099984 0.027254909351613555 2.9999456250760885 -2.1249033785624412 0.34631746392020452 18.34883705073068 -0.37508833695718996 18.050813419991012
decision_type=2 2 2 2 2 2 2 2 2 2 2 2 2
left_child=1 10 9 -4 5 -2 -7 8 -6 -3 12 -12 -1
right_child=4 2 3 -5 7 6 -8 -9 -10 -11 11 -13 -14
leaf_value=-8.9249406357400933e-05 -0.0019973322625153767 0.0022297703058560274 9.590127432857429e-05 0.0011309627618781347 0.00050802256439554442 0.00033523936428441143 -0.00071619508338098439 0.0024638936769191197 -5.5980025829849337e-05 0.00042428466999645435 -0.00089479886981411736 0.00039749870172741829 -0.0012657479856243363
leaf_weight=1089.2257001399994 278.24447846412659 390.28491598367691 2057.4665965139866 705.52132675051689 1732.7020530998707 945.24516716599464 1288.2465343475342 88.512165099382401 19619.895137161016 215.40717434883118 362.69555947184563 1925.9037473797798 439.10904350876808
leaf_count=1629 431 589 2998 1028 2583 1479 1998 161 29296 317 579 2969 661
internal_value=1.92197e-05 0.000244715 0.00059176 0.000364445 -4.80241e-05 -0.000463953 -0.000266838 2.72626e-07 -9.70126e-06 0.00160764 -5.91039e-05 0.000187728 -0.000435019
internal_weight=31138.5 7185.61 3368.68 2762.99 23952.8 2511.74 2233.49 21441.1 21352.6 605.692 3816.93 2288.6 1528.33
internal_count=46718 10770 4932 4026 35948 3908 3477 32040 31879 906 5838 3548 2290
is_linear=0
shrinkage=0.02


Tree=298
num_leaves=14
num_cat=0
split_feature=31 45 12 21 16 40 4 16 34 34 16 12 12
split_gain=1.42557 1.26816 1.23327 2.84455 2.32016 1.29664 1.24778 1.95524 1.01343 1.51501 0.931904 0.812429 0.511231
threshold=1.4175354920101217 3.5500000000000003 18.376169595033151 0.95079150750808916 11.322500000000003 -0.4153395339242289 39.788217210684657 8.3450000000000042 0.24747374836828842 0.40315763649676389 23.410000000000007 19.458911599817444 18.669679157630803
decision_type=2 2 2 2 2 2 2 2 2 2 2 2 2
left_child=2 8 3 4 -1 -5 7 -4 11 -10 -8 -2 -3
right_child=1 12 6 5 -6 -7 10 -9 9 -11 -12 -13 -14
leaf_value=-0.00042376497120130078 -0.00043405381782015188 -0.0007584963062755236 0.00015348091647902245 0.0026294565467269099 -0.0022130385616153259 7.6562937147438769e-05 -1.2685977664019941e-05 0.00086349949292991444 0.00077371343478481718 -0.00035196038170074351 0.0011056356416491054 -0.0016709833416762433 -0.0033393633822155163
leaf_weight=2623.860257178545 987.21847367286682 74.1583571434021 5233.0337580442429 78.794329285621643 329.1180479824543 7283.5671879947186 9347.6505762934685 2233.3425475656986 678.71677359938622 1603.2933402359486 305.48888763785362 284.96937873959541 75.247684061527252
leaf_count=4007 1550 113 7860 115 493 10785 13942 3365 1056 2385 495 440 112
internal_value=1.8845e-05 -0.000348915 6.88775e-05 -0.000103251 -0.000627932 0.000105949 0.000173177 0.000367375 -0.000269168 -1.23992e-05 2.18911e-05 -0.000721161 -0.00215133
internal_weight=31138.5 3703.6 27434.9 10315.3 2952.98 7362.36 17119.5 7466.38 3554.2 2282.01 9653.14 1272.19 149.406
internal_count=46718 5656 41062 15400 4500 10900 25662 11225 5431 3441 14437 1990 225
is_linear=0
shrinkage=0.02


Tree=299
num_leaves=13
num_cat=0
split_feature=23 22 33 33 33 22 23 40 23 23 23 45
split_gain=1.18681 1.35781 1.22983 1.05548 1.04997 1.05886 1.60546 1.02672 0.989469 1.16907 0.75806 0.557052
threshold=1.0391822351972688 -1.6677062133942553 -0.54999999999999993 -0.34999999999999992 -0.34999999999999992 -1.6361144505744976 0.6426339103696368 0.17870895334601608 0.75473915386841794 0.73144013132828622 1.2119186276939833 0.77500000000000013
decision_type=2 2 2 2 2 2 2 2 2 2 2 2
left_child=4 -2 10 -4 8 6 -6 -7 9 -1 -3 -10
right_child=1 2 3 -5 5 7 -8 -9 11 -11 -12 -13
leaf_value=0.00026899595898602038 -0.0023121941499255039 -0.0018103029238868756 0.00062147450470935645 -0.00011511360385625335 -0.00070268780279776903 0.00020531759054772666 0.00022631660565543334 -0.00034595708127234886 0.0017434226721333465 -0.0023301040527387695 -0.00036116546493476705 0.00066873636570144196
leaf_weight=993.47367286682129 111.49813118577003 257.06919261813164 832.04665839672089 11112.537156939507 1614.4360944032669 11743.813734948635 1355.4844501614571 1513.310112953186 274.77718701958656 72.11152720451355 379.96929076313972 877.93238997459412
leaf_count=1411 182 382 1229 17031 2418 17523 2001 2244 394 102 535 1266
internal_value=1.84442e-05 -0.000130008 -0.000109511 -6.28712e-05 0.000121147 6.46225e-05 -0.000275454 0.000141592 0.000529692 7.9704e-05 -0.000965431 0.000936151
internal_weight=31138.5 12693.1 12581.6 11944.6 18445.3 16227 2969.92 13257.1 2218.29 1065.59 637.038 1152.71
internal_count=46718 19359 19177 18260 27359 24186 4419 19767 3173 1513 917 1660
is_linear=0
shrinkage=0.02


Tree=300
num_leaves=13
num_cat=0
split_feature=6 27 21 31 31 22 23 0 3 31 23 21
split_gain=1.48021 1.61422 1.36557 1.32899 1.60235 1.27946 1.58077 1.46902 1.28753 1.13829 0.803257 0.53356
threshold=6.5000000000000009 0.61878826543532661 0.84740286718148805 0.78483995793692996 1.3695825194816489 -2.8960111257956211 0.32570624481900756 33.874068686525696 25.747652862367932 2.1237862865880301 0.78502464988273191 0.92991598555721777
decision_type=2 2 2 2 2 2 2 2 2 2 2 2
left_child=5 2 -2 10 -5 7 8 -1 -7 -8 -3 -4
right_child=1 3 11 4 -6 6 9 -9 -10 -11 -12 -13
leaf_value=0.0014842859453047079 -0.0017201824977957942 -0.00082133508183961567 0.0021492708774300206 4.5413126615388655e-06 -0.002261548337372524 0.0012453699730391684 -3.6314571693388503e-05 -0.0008703695795624659 -0.00097653575896295666 0.00089978819424081505 -0.0028069665032914924 0.00027418012831529872
leaf_weight=431.20713406801224 130.03743559122086 152.89367797970772 71.102768450975418 485.25136348605156 162.09973329305649 109.92446976900101 27032.350903838873 133.08786895871162 1082.8078344464302 527.3473699092865 236.97766280174255 500.85564121603966
leaf_count=639 195 224 109 683 231 158 40511 195 1660 918 337 737
internal_value=-6.43651e-05 -0.000631205 9.63957e-05 -0.00113251 -0.000552716 -3.03553e-05 -4.92239e-05 0.000910174 -0.000761649 -1.79757e-05 -0.00206196 0.000531381
internal_weight=31055.9 1739.22 701.996 1037.22 647.351 29316.7 28752.4 564.295 1192.73 27559.7 389.871 571.958
internal_count=46597 2516 1041 1475 914 44081 43247 834 1818 41429 561 846
is_linear=0
shrinkage=0.02


Tree=301
num_leaves=13
num_cat=0
split_feature=6 12 40 22 20 23 24 33 22 24 33 20
split_gain=1.42215 1.32323 1.34666 1.22799 1.68123 1.51742 1.16035 1.14854 1.10469 1.09935 0.629835 0.574506
threshold=6.5000000000000009 19.619533321512218 -0.016649097824924398 -2.8960111257956211 -0.68544810216634378 0.32570624481900756 0.66193028746233584 1.1500000000000004 0.5519576561664673 0.56345257115059322 0.45000000000000007 3.0398162278930205
decision_type=2 2 2 2 2 2 2 2 2 2 2 2
left_child=3 7 -3 4 6 11 -1 9 -7 -2 -6 -5
right_child=1 2 -4 5 10 8 -8 -9 -10 -11 -12 -13
leaf_value=0.0044823888920047664 -0.0001226237374852395 0.0023456476407067869 -0.00068992333033248354 -0.00088424195631546174 0.00069738136210173928 7.9385746935166834e-05 0.0011817687790925257 0.001394606932769526 -0.00018250387059223536 -0.001343758978717857 -0.0010484302683903654 0.00062512557975344992
leaf_weight=65.987230151891708 447.85097110271454 111.65721350908279 111.71610140800476 1090.9505943059921 207.76206824183464 17315.160561323166 156.15816348791122 82.074668347835541 10244.537712424994 985.91932845115662 134.38754114508629 101.78170990943909
leaf_count=104 664 166 168 1668 307 25942 223 120 15487 1398 200 150
internal_value=-6.30822e-05 -0.0006187 0.000790441 -2.9739e-05 0.000891661 -4.82309e-05 0.00223806 -0.000833706 -1.76077e-05 -0.000969994 0 -0.000746239
internal_weight=31055.9 1739.22 223.373 29316.7 564.295 28752.4 222.145 1515.84 27559.7 1433.77 342.15 1192.73
internal_count=46597 2516 334 44081 834 43247 327 2182 41429 2062 507 1818
is_linear=0
shrinkage=0.02


Tree=302
num_leaves=13
num_cat=0
split_feature=8 25 12 21 21 31 41 7 31 31 23 23
split_gain=1.36573 1.95226 1.83501 1.60158 1.15275 1.06597 1.02324 1.10192 3.25674 1.56348 1.0432 1.72076
threshold=1.5000000000000002 0.22500000000000003 19.619533321512218 0.99985539013552394 1.0376879682942772 0.78483995793692996 1.8488981699253932 1.0000000180025095e-35 0.87610914353072966 1.1767584115196275 1.2937079657831985 1.0870563119709236
decision_type=2 2 2 2 2 2 2 2 2 2 2 2
left_child=1 3 5 -1 -4 -3 7 8 -2 -9 11 -8
right_child=6 2 4 -5 -6 -7 10 9 -10 -11 -12 -13
leaf_value=-0.00064128375571581998 7.3084340675424374e-05 -0.0017913597885662125 -0.00049601838617158601 0.002267755779266494 0.0025586924375923577 -0.00059390627050045445 0.00072264373594047081 -3.7947567006016752e-05 -0.00054335735521903275 0.00047874476544119065 0.0014809533547548055 -0.0012036322971879616
leaf_weight=138.09364366531372 8337.246751666069 615.26149320602417 99.09579211473465 154.00325152277946 88.030792355537415 644.73330995440483 646.37540003657341 10980.005738288164 5792.4555418491364 2967.0992404520512 337.45457917451859 256.0883295238018
leaf_count=207 12621 889 146 232 129 913 1007 16443 8561 4473 562 414
internal_value=-6.17992e-05 -0.00060629 -0.000910635 0.000863448 0.00090001 -0.00118846 -2.9117e-05 -5.42862e-05 -0.000178959 7.13093e-05 0.000531933 0.000163523
internal_weight=31055.9 1739.22 1447.12 292.097 187.127 1259.99 29316.7 28076.8 14129.7 13947.1 1239.92 902.464
internal_count=46597 2516 2077 439 275 1802 44081 42098 21182 20916 1983 1421
is_linear=0
shrinkage=0.02


Tree=303
num_leaves=12
num_cat=0
split_feature=30 19 12 30 19 20 14 30 20 31 20
split_gain=1.41871 1.67356 1.66551 1.49851 1.38711 1.77769 1.12048 1.13754 1.08758 0.944708 0.511543
threshold=-0.071301879618170985 -4.5348623010301585 17.107729858606017 -0.10794050581452198 0.071349489284546722 0.46413514303382369 8.5000000000000018 -0.16755110295472997 0.46413514303382369 2.0101229035110681 1.2854735651442639
decision_type=2 2 2 2 2 2 2 2 2 2 2
left_child=2 -2 6 8 5 -3 -1 -8 -4 -6 -5
right_child=1 4 3 10 9 -7 7 -9 -10 -11 -12
leaf_value=-0.0020479585516284052 0.0023775535602774118 -0.00059694315707005819 -0.00010066067697824313 0.00081008843628832376 -7.6136252462780612e-05 9.1044095452881426e-06 0.0010745072603714273 -0.0014229297858267475 0.00037178548961975291 0.00074813166988580771 3.1030585431784342e-05
leaf_weight=224.96098616719246 100.54560029506683 5250.3829035162926 5940.0458137691021 1659.6846436858177 10650.44098123908 3015.1117277145386 144.93855336308479 141.13466742634773 2887.8234052956104 583.75751975178719 457.11706158518791
leaf_count=359 139 7889 8945 2503 16032 4428 204 196 4237 989 676
internal_value=-6.05603e-05 -0.000164109 0.000115733 0.000168693 -0.00017797 -0.000374709 -0.000995237 -0.000124219 5.28053e-05 -3.22897e-05 0.000646761
internal_weight=31055.9 19600.2 11455.7 10944.7 19499.7 8265.49 511.034 286.073 8827.87 11234.2 2116.8
internal_count=46597 29477 17120 16361 29338 12317 759 400 13182 17021 3179
is_linear=0
shrinkage=0.02


Tree=304
num_leaves=14
num_cat=0
split_feature=30 3 3 22 6 31 12 31 12 12 12 22 30
split_gain=1.36347 2.34965 3.09572 1.7781 1.19434 1.31668 1.24411 1.17216 1.1381 1.42591 1.05949 0.976799 0.882939
threshold=-0.073089911237104691 49.234331027055184 48.075032098701939 2.4237112132799408 6.5000000000000009 2.0101229035110681 19.674942222787664 0.90910178424337129 17.224103731504627 18.706327139539649 16.642802263935025 0.23137811285823148 0.27001183526946987
decision_type=2 2 2 2 2 2 2 2 2 2 2 2 2
left_child=1 2 3 -1 5 10 7 -6 -3 -10 -2 -4 -7
right_child=4 8 11 -5 6 12 -8 -9 9 -11 -12 -13 -14
leaf_value=0.00015045560275694337 0.0010352935720622735 -0.0027500234200213592 0.0018482269258656529 -0.0018411330247767336 -0.0017371769802873446 0.0014260377851045333 0.0010032874454095836 -0.00031554330840637747 0.00016229852509897977 -0.0012033865517864781 -0.00017635707002446589 0.00038954202402341302 1.4778530556904574e-05
leaf_weight=8977.0454302728176 289.31550681591034 98.61531475186348 570.56549671292305 180.39612263441086 493.68682113289833 351.4353503882885 127.60573282837868 476.29135653376579 610.49381336569786 588.5965618789196 17605.809844434261 300.76616722345352 385.32034483551979
leaf_count=13326 439 147 850 274 717 609 186 677 925 940 26416 461 630
internal_value=-5.93283e-05 0.000115046 0.000219455 0.000109737 -0.000159943 -0.000121495 -0.000802108 -0.00105148 -0.000683234 -0.000500636 -0.000156096 0.00135821 0.000703529
internal_weight=31055.9 11326.5 10028.8 9157.44 19729.5 18631.9 1097.58 969.978 1297.71 1199.09 17895.1 871.332 736.756
internal_count=46597 16923 14911 13600 29674 28094 1580 1394 2012 1865 26855 1311 1239
is_linear=0
shrinkage=0.02


Tree=305
num_leaves=12
num_cat=0
split_feature=14 2 47 42 50 18 40 42 46 40 7
split_gain=1.20351 1.57501 1.10673 1.12268 0.950087 1.54784 1.32191 0.897742 1.70623 1.3639 0.884517
threshold=12.500000000000002 14.350740740740742 2.9792141212219634 0.8500000000000002 1.1500000000000004 1.4039837831698654 -0.1998579969734475 0.35000000000000003 3.0500000000000003 -0.12089899443493908 1.0000000180025095e-35
decision_type=2 2 2 2 2 2 2 2 2 2 2
left_child=2 -2 7 -4 6 -6 -3 9 -9 -1 -5
right_child=1 4 3 10 5 -7 -8 8 -10 -11 -12
leaf_value=0.00037464761957697483 0.0013806968247143765 -0.0036038818068037334 0.0016186761913551365 -0.00094859580658876994 0.0014313947485407106 -0.00054280813230855635 -0.0008211686219832307 0.00015099530136892617 -0.0026504854464709194 -0.00017584896703466164 0.0011268158862400249
leaf_weight=2111.1892707049847 169.42518413066864 75.377784043550491 351.92551171779633 178.90538042783737 191.10985863208771 865.65098604559898 901.21648731827736 14190.112885922194 85.156840533018112 11884.422217577696 148.44487464427948
leaf_count=3267 235 108 520 262 266 1189 1264 21172 125 18170 220
internal_value=6.28505e-06 -0.000443772 4.0903e-05 0.000837852 -0.000601912 -0.000174309 -0.0010531 2.13427e-05 0.000133214 -9.20524e-05 0
internal_weight=31152.9 2202.78 28950.2 679.276 2033.36 1056.76 976.594 28270.9 14275.3 13995.6 327.35
internal_count=46798 3062 43736 1002 2827 1455 1372 42734 21297 21437 482
is_linear=0
shrinkage=0.02


Tree=306
num_leaves=14
num_cat=0
split_feature=34 15 32 15 40 20 18 50 50 1 20 20 7
split_gain=1.19565 1.70913 1.13851 1.66004 1.16752 1.15065 1.00615 1.08352 1.00473 0.878071 0.913221 0.761447 0.759403
threshold=1.5833327684805774 10.279949204921374 0.95000000000000007 4.0300202105348673 -0.0088360410458924992 3.3738605709851766 2.9168782931201132 1.0000000180025095e-35 1.3500000000000003 30.483000000000001 0.016932396331281203 -0.87953233583858637 1.0000000180025095e-35
decision_type=2 2 2 2 2 2 2 2 2 2 2 2 2
left_child=2 12 6 4 -4 -5 7 -1 -8 10 -3 -11 -2
right_child=1 9 3 5 -6 -7 8 -9 -10 11 -12 -13 -14
leaf_value=0.0012962359677159559 -0.0021967806237416306 0.0026552654087268024 0.0028720802231382981 6.8214492282390532e-05 0.00041642936164312843 0.0012365542844416009 -0.00074073831960664552 -6.7426579092092612e-05 0.00031647328324409257 -0.0011392547748951664 0.0007262780584389038 0.00085928890883272689 0.00014688231652122338
leaf_weight=233.4189425110817 98.304890662431717 212.28542080521584 149.19007369875908 8139.7890601754189 183.65846687555313 351.64480242133141 1654.0040519237518 18943.580443054438 443.1436094045639 94.351009249687195 219.0081759095192 323.95293229818344 106.60540270805359
leaf_count=391 165 319 230 12159 301 512 2467 28489 649 141 322 480 173
internal_value=6.14951e-06 0.000667692 -1.67384e-05 0.000173825 0.00155755 0.000118055 -9.62612e-05 -5.01735e-05 -0.000512489 0.00106837 0.00170669 0.000381437 -0.000939516
internal_weight=31152.9 1054.51 30098.4 8824.28 332.849 8491.43 21274.1 19177 2097.15 849.598 431.294 418.304 204.91
internal_count=46798 1600 45198 13202 531 12671 31996 28880 3116 1262 641 621 338
is_linear=0
shrinkage=0.02


Tree=307
num_leaves=13
num_cat=0
split_feature=36 32 34 15 22 22 51 22 36 13 22 36
split_gain=1.19688 1.19554 1.61056 2.09051 1.26731 1.28744 1.12677 1.11939 1.69261 1.59126 1.34072 0.628992
threshold=1.788888888888889 0.95000000000000007 1.0000000180025095e-35 4.0300202105348673 0.5988882454887402 0.64157285052584634 1.9500000000000002 1.1359518686376175 2.1180555555555558 0.25905609100165178 -0.66388482894720957 2.1547619047619051
decision_type=2 2 2 2 2 2 2 2 2 2 2 2
left_child=1 4 -3 -4 6 -6 -1 8 10 -10 -2 -9
right_child=7 2 3 -5 5 -7 -8 11 9 -11 -12 -13
leaf_value=-7.8489712566818773e-06 0.00044716686885588479 -0.0027036294307680535 0.001802984384554574 0.0001451960423816072 -0.0016995598290215027 -0.00026015790364327437 0.0015743768811401731 -0.0016017997892860394 -0.0012868357115075979 0.0014247397016032115 0.0031189037217514309 0.0004977399688887292
leaf_weight=14125.162762612104 132.85375255346298 74.319721251726151 315.259361743927 8459.7495057582855 259.2920877635479 6840.1593653559685 180.26243463158607 106.2638718187809 163.69709771871567 177.97392222285271 208.77093499898911 109.17246326804161
leaf_count=21167 187 129 500 12621 379 10368 271 161 248 284 306 177
internal_value=6.0669e-06 -1.49976e-05 0.000180118 0.000206292 -9.614e-05 -0.000314601 1.1607e-05 0.000724728 0.00112487 9.6578e-05 0.00211765 -0.000497075
internal_weight=31152.9 30254.2 8849.33 8775.01 21404.9 7099.45 14305.4 898.732 683.296 341.671 341.625 215.436
internal_count=46798 45435 13250 13121 32185 10747 21438 1363 1025 532 493 338
is_linear=0
shrinkage=0.02


Tree=308
num_leaves=15
num_cat=0
split_feature=14 3 32 24 34 40 18 37 43 34 51 32 24 18
split_gain=1.15493 1.28399 1.34146 1.29171 1.27316 1.58484 1.32029 1.2553 1.19479 1.18398 1.05282 1.00914 0.920431 0.913581
threshold=12.500000000000002 39.691299681475989 1.1500000000000001 0.74679154149300897 0.29009663342637554 0.064896986131983123 3.082549726681663 0.19493986841923802 0.75000000000000011 1.8167221222600958 0.75000000000000011 1.6500000000000001 1.5383991189460484 2.1900781330248607
decision_type=2 2 2 2 2 2 2 2 2 2 2 2 2 2
left_child=4 2 8 7 11 6 -6 -3 -2 -7 -5 12 -1 -13
right_child=1 3 -4 10 5 9 -8 -9 -10 -11 -12 13 -14 -15
leaf_value=-7.3750101598798104e-05 -0.00045253112231586614 -4.9423977859499846e-05 0.0019971808887199898 0.00033623863850479205 0.00034722691821508769 -0.0001658035668922641 -0.00038057042817900012 -0.0023230452298784363 0.0019187386360096058 0.0011549935913619082 -0.001196138214645665 -0.0023886846329131493 -0.0013511938021885657 3.3672169108741332e-05
leaf_weight=10116.418927401304 774.17075356841087 147.72850343585014 127.12259966135025 407.51629230380058 10724.22422927618 6274.1160859465599 1084.7281447947025 344.77024641633034 92.613224536180496 280.4093234539032 308.8586802482605 146.86674121022224 230.09310325980186 93.300426185131073
leaf_count=15610 1061 218 173 575 15958 9316 1609 492 124 431 419 240 414 158
internal_value=5.94743e-06 -0.000434928 8.85402e-05 -0.000873004 3.98662e-05 0.000140831 0.000279474 -0.00166424 -0.000183824 -0.000107438 -0.000312002 -0.000134316 -0.000103381 -0.00141384
internal_weight=31152.9 2202.78 993.907 1208.87 28950.2 18363.5 11809 492.499 866.784 6554.53 716.375 10586.7 10346.5 240.167
internal_count=46798 3062 1358 1704 43736 27314 17567 710 1185 9747 994 16422 16024 398
is_linear=0
shrinkage=0.02


Tree=309
num_leaves=10
num_cat=0
split_feature=25 24 25 24 35 34 34 3 3
split_gain=1.12508 2.49978 1.89064 1.95105 1.38307 1.1744 0.967144 0.607318 1.39122
threshold=2.2916666666666674 1.7090904247144743 2.1000000000000005 1.2064050945622655 0.55000000000000016 0.39610743830201517 0.51736354766922965 49.829679276112891 46.650828192731147
decision_type=2 2 2 2 2 2 2 2 2
left_child=1 2 3 -1 -4 -2 -7 8 -3
right_child=5 7 4 -5 -6 6 -8 -9 -10
leaf_value=-2.8236211078016006e-05 0.0028048493858891955 -0.00089309345778788016 0 0.00048278554197519265 -0.0031873090016733253 -0.0015073530072615153 0.0010067806179378388 0 -0.0035282795668202618
leaf_weight=26640.425526171923 109.20204877853394 265.01016694307327 98.765913218259811 3361.2473366856575 125.10432249307632 77.292661607265472 245.28003421425819 105.53585338592529 125.07341820001602
leaf_count=40056 164 420 140 5020 180 109 337 174 198
internal_value=5.79947e-06 -8.15858e-06 1.46608e-05 2.87114e-05 -0.00180761 0.00101744 0.000367975 -0.00141437 -0.00177721
internal_weight=31152.9 30721.2 30225.5 30001.7 223.87 431.775 322.573 495.619 390.084
internal_count=46798 46188 45396 45076 320 610 446 792 618
is_linear=0
shrinkage=0.02


Tree=310
num_leaves=8
num_cat=0
split_feature=29 20 16 15 43 20 3
split_gain=1.4932 1.5291 1.32996 1.87762 1.31174 1.08137 0.573959
threshold=2.2500000000000004 -2.8693529091551464 11.020000000000003 6.7213824675452818 2.0500000000000003 -2.210965307362494 43.209109987594296
decision_type=2 2 2 2 2 2 2
left_child=1 2 3 -1 5 -3 -4
right_child=-2 4 6 -5 -6 -7 -8
leaf_value=8.5549020460425499e-05 0.0019752485520601365 -0.00062080994716834153 -0.00025008448474052021 0.001177423407201071 0.0023948759332976547 -5.514845799032519e-05 -0.0023858374661089362
leaf_weight=1541.6762050688267 146.97989282011986 1428.3452602028847 173.58441519737244 1089.8608438670635 83.36885604262352 26516.445353090763 77.753433376550674
leaf_count=2386 202 2174 259 1651 116 39746 120
internal_value=-2.11929e-05 -3.11365e-05 0.00040676 0.000542101 -7.65595e-05 -8.44614e-05 -0.000963889
internal_weight=31058 30911 2882.87 2631.54 28028.2 27944.8 251.338
internal_count=46654 46452 4416 4037 42036 41920 379
is_linear=0
shrinkage=0.02


Tree=311
num_leaves=13
num_cat=0
split_feature=20 16 15 20 23 27 44 20 2 27 37 16
split_gain=1.37769 1.35223 1.84575 1.56599 1.34017 1.17643 1.11718 1.08123 1.06582 0.887314 0.886003 0.510678
threshold=-2.8693529091551464 11.020000000000003 6.7213824675452818 -3.9220597133078221 2.0260352104853125 2.3865142105686705 1.3864197988092672 -2.210965307362494 31.954250000000002 0.26219228428276797 0.39440115928650754 7.0400000000000018
decision_type=2 2 2 2 2 2 2 2 2 2 2 2
left_child=1 2 10 -3 5 7 11 -2 -5 -4 -1 -6
right_child=4 3 9 8 6 -7 -8 -9 -10 -11 -12 -13
leaf_value=0.00040023498444377164 -0.00062984960077933506 -0.0033270334096412797 -0.00089428478707170563 0.0013590738650012359 0.00039747945489597528 0.0018129605929366639 -0.0014365756630998901 -6.010862799162985e-05 -0.0017578863990838339 0.0013159502619369439 -0.00063888271841290134 0.0021653711842713882
leaf_weight=1075.9061595201492 1407.7530191242695 76.838377416133881 71.355111807584763 103.4483490884304 118.63714805245399 128.18355789780617 53.494002014398575 26253.830684900284 72.937897026538849 1019.8837543725967 466.80713346600533 208.93906497955322
leaf_count=1656 2132 112 117 156 205 173 103 39253 113 1537 732 365
internal_value=-2.07596e-05 0.000394691 0.000531516 -0.000982343 -6.37183e-05 -8.02438e-05 0.00110943 -8.95088e-05 8.85598e-06 0.00116091 7.89162e-05 0.00156174
internal_weight=31058 2887.18 2633.95 253.225 28170.8 27789.8 381.07 27661.6 176.386 1091.24 1542.71 327.576
internal_count=46654 4423 4042 381 42231 41558 673 41385 269 1654 2388 570
is_linear=0
shrinkage=0.02


Tree=312
num_leaves=15
num_cat=0
split_feature=32 15 21 24 15 27 17 5 21 27 2 30 34 34
split_gain=1.11404 1.44193 1.13689 1.5785 1.13916 1.10273 1.91815 2.24783 1.22709 1.1117 1.44454 1.15367 0.885291 1.68949
threshold=0.95000000000000007 4.0300202105348673 1.1968194133009067 0.50010782136313969 7.5891597354214042 0.39594137363192144 2.466831748314227 39.835580772663818 1.2428599110861771 0.32948646320056485 30.633666666666667 0.0061573381924414005 0.20780063536999324 0.43724519045821647
decision_type=2 2 2 2 2 2 2 2 2 2 2 2 2 2
left_child=5 12 4 -4 -3 9 8 -8 -7 10 -1 -11 -2 -14
right_child=1 2 3 -5 -6 6 7 -9 -10 11 -12 -13 13 -15
leaf_value=-0.00026952394174962932 0.00037873865788270539 -0.00037483358808113732 -0.0016374291568495749 0.0015117718730036874 0.00018811690710762309 0.00014997303043936972 -0.0036905447809619032 -0.00031532704563144888 -0.00063909460107961077 -0.00026567542074649059 0.0016958221375212297 -0.0014738375542052101 0.0040430458942458192 -2.0711118508338236e-05
leaf_weight=3047.6706675589085 172.22650119662285 1859.1539905965328 70.14189738035202 427.57152158021927 6249.0375455021858 12193.680648505688 79.046868085861206 4493.3568309247494 837.21562096476555 668.49700739979744 154.34045141935349 643.93641704320908 103.03066757321358 59.107623934745789
leaf_count=4787 283 2856 111 613 9235 18270 103 6664 1244 1002 245 987 151 103
internal_value=-2.03461e-05 0.000167626 0.000116125 0.00104317 5.77425e-05 -9.6787e-05 -2.46477e-05 -0.000377451 9.8419e-05 -0.000375732 -0.000170672 -0.0008674 0.00145486 0.00251848
internal_weight=31058 8940.27 8605.9 497.713 8108.19 22117.7 17603.3 4572.4 13030.9 4514.44 3202.01 1312.43 334.365 162.138
internal_count=46654 13352 12815 724 12091 33302 26281 6767 19514 7021 5032 1989 537 254
is_linear=0
shrinkage=0.02


Tree=313
num_leaves=9
num_cat=0
split_feature=29 20 23 24 3 50 20 24
split_gain=1.40131 1.40615 1.32954 1.08141 1.8059 1.01978 1.01824 0.690377
threshold=2.2500000000000004 -2.8693529091551464 2.0260352104853125 0.73227685058242431 42.508422677013314 0.95000000000000007 -2.210965307362494 0.2097176439017672
decision_type=2 2 2 2 2 2 2 2
left_child=1 3 6 7 -5 -4 -3 -1
right_child=-2 2 5 4 -6 -7 -8 -9
leaf_value=0.0012596106778217104 0.0019140711410346725 -0.00061390493116266018 1.4779298883225224e-05 0.0012376980616109301 -0.00069894166961863725 0.0021375843557086944 -6.1103969104035627e-05 -7.1591736853378091e-05
leaf_weight=170.762332290411 146.97989282011986 1408.6950941383839 191.56491041183472 960.32469552755356 232.30963310599327 187.8324066400528 26240.067058146 1519.4782365858555
leaf_count=326 202 2134 325 1422 388 344 39233 2280
internal_value=-1.99529e-05 -2.95958e-05 -7.3167e-05 0.000390307 0.000851557 0.00109766 -8.9673e-05 5.8318e-05
internal_weight=31058 30911 28028.2 2882.87 1192.63 379.397 27648.8 1690.24
internal_count=46654 46452 42036 4416 1810 669 41367 2606
is_linear=0
shrinkage=0.02


Tree=314
num_leaves=9
num_cat=0
split_feature=29 21 47 47 19 19 21 21
split_gain=1.34655 1.18639 1.26049 3.15057 2.05401 1.23672 1.83348 0.858266
threshold=2.2500000000000004 1.0232341866185342 1.4013116973616906 1.6190297649539132 -3.5687460820529657 -4.1099537412762492 1.0764461976205699 1.1144942150351949
decision_type=2 2 2 2 2 2 2 2
left_child=1 2 4 -4 -1 6 -3 -7
right_child=-2 5 3 -5 -6 7 -8 -9
leaf_value=-0.0015754323052749697 0.0018763036215948875 0.0038806939155707739 -0.00085086807082342998 0.00013438703694998214 0.00027428015249857611 -0.00031601221695896789 -0.00010381465375654293 0
leaf_weight=242.83386608958244 146.97989282011986 72.693384230136871 1766.16447275877 4846.0026157796383 9736.3459795713425 8248.7137323021889 108.72145327925682 5889.5588628351688
leaf_count=349 202 100 2679 7206 15142 12158 155 8663
internal_value=-1.95344e-05 -2.89933e-05 8.57181e-05 -0.000127449 0.000227961 -0.000162594 0.00146317 -0.000184366
internal_weight=31058 30911 16591.3 6612.17 9979.18 14319.7 181.415 14138.3
internal_count=46654 46452 25376 9885 15491 21076 255 20821
is_linear=0
shrinkage=0.02


Tree=315
num_leaves=12
num_cat=0
split_feature=13 17 32 33 22 22 26 12 31 51 11
split_gain=1.45293 1.66288 1.58747 1.70534 1.21781 1.86286 2.00718 1.52354 1.10245 1.66388 1.0971
threshold=2.4555399228720467 0.59158068811941711 0.15000000000000005 -0.34999999999999992 0.53763013135560389 1.1359518686376175 0.29285714285714287 19.837761282550353 1.7944740141344451 0.8500000000000002 1.0000000180025095e-35
decision_type=2 2 2 2 2 2 2 2 2 2 2
left_child=4 -2 -3 -4 8 6 -6 -7 10 -10 -1
right_child=1 2 3 -5 5 7 -8 -9 9 -11 -12
leaf_value=2.8373328358270605e-05 -0.002483672137018186 0.0033674618801307703 0.0023831473866814815 0.00031848958926299293 -0.002006244777277079 -4.6440675221787285e-05 -0.00036414136068663253 0.0010530118294541943 5.628417578450235e-05 -0.002123017389268659 0.00036792235536787198
leaf_weight=13040.572076648474 62.670363038778305 87.766452044248581 185.00311926007271 1264.324248790741 325.33179816603661 5683.7207278907299 3833.8199705779552 550.2091757953167 360.36978867650032 218.72783416509628 5417.9170183539391
leaf_count=19361 112 157 302 2161 506 8551 5638 806 573 349 8016
internal_value=3.8042e-05 0.000624706 0.000761001 0.000591849 5.77257e-06 -0.000167969 -0.000495894 4.93004e-05 0.000101155 -0.000754113 0.000128608
internal_weight=31030.4 1599.76 1537.09 1449.33 29430.7 10393.1 4159.15 6233.93 19037.6 579.098 18458.5
internal_count=46532 2732 2620 2463 43800 15501 6144 9357 28299 922 27377
is_linear=0
shrinkage=0.02


Tree=316
num_leaves=13
num_cat=0
split_feature=34 13 32 43 32 4 51 4 13 16 4 16
split_gain=1.60633 0.987559 1.06002 1.09024 0.969229 0.906828 1.55238 1.45755 0.888022 1.07585 0.830143 0.558232
threshold=0.15518545513906154 2.4555399228720467 0.15000000000000005 1.0000000180025095e-35 1.6500000000000001 47.137556834878545 1.4500000000000004 41.569323072992979 2.2985606620363535 17.510000000000009 26.473071120572467 8.8225000000000033
decision_type=2 2 2 2 2 2 2 2 2 2 2 2
left_child=4 5 -3 -4 8 7 -7 -2 9 -1 -10 -6
right_child=1 2 3 -5 11 6 -8 -9 10 -11 -12 -13
leaf_value=-0.00038098163057944268 0.00011468490746574442 0.0029600668018171438 -0.00095232148847003634 0.00074442546696097916 -0.0031398280172143939 0.00013691175776687852 0.00096967821938671222 -0.00028444742788684397 -0.0013710020420460674 0.0010920372137056249 0.0010125968301451563 -0.00033390057034302312
leaf_weight=4500.2889298796654 12685.270964354277 74.37382760643959 171.37662929296494 1019.1877410113811 72.763708025217056 5597.6732701063156 1075.2513518929482 5141.3300621509552 64.561408936977386 202.38781696557999 365.14809757471085 60.818765610456467
leaf_count=6937 18750 129 299 1668 125 8378 1516 7525 125 312 659 109
internal_value=3.72883e-05 0.000102631 0.000648145 0.000490613 -0.000280429 7.40068e-05 0.000272849 0 -0.000234025 -0.000315025 0.000626619 -0.00195984
internal_weight=31030.4 25764.5 1264.94 1190.56 5265.97 24499.5 6672.92 17826.6 5132.39 4702.68 429.71 133.582
internal_count=46532 38265 2096 1967 8267 36169 9894 26275 8033 7249 784 234
is_linear=0
shrinkage=0.02


Tree=317
num_leaves=15
num_cat=0
split_feature=34 22 3 4 22 22 13 3 44 51 12 26 4 4
split_gain=1.54343 1.30453 1.84185 3.01118 2.47093 1.53445 2.05858 1.29879 1.08485 1.39983 1.28224 1.002 0.839968 1.1263
threshold=0.15518545513906154 0.53763013135560389 36.728392150992541 47.137556834878545 -2.2991839766132078 1.1359518686376175 2.5501507561762131 38.012849930369065 1.2681324917656636 0.95000000000000018 19.087247565192722 0.5277777777777779 22.912825970920021 24.963553381417526
decision_type=2 2 2 2 2 2 2 2 2 2 2 2 2 2
left_child=7 2 4 -4 -2 6 -3 12 9 -9 -10 -7 -1 -14
right_child=1 5 3 -5 -6 11 -8 8 10 -11 -12 -13 13 -15
leaf_value=0.0005287842837961382 -0.0016927160048511368 -0.0005112470644821136 -0.00022248580935567525 0.00047492519305137747 0.00055643794783432981 0.00060497490608956328 0.0019285510797911259 0.00035766722113605802 -8.0180812318867101e-05 -0.00076944186251967097 -0.0028193939367049691 -2.867028138552399e-05 -0.0027279149676117699 -0.00064224784313956205
leaf_weight=212.33440011739731 198.08451622724533 3461.9897145330906 6449.1906266212463 4012.4401932656765 5939.2714821994305 1290.5878492891788 140.6410625576973 2155.6740691959858 191.88982498645782 548.80903550982475 111.64953342080116 4272.2584017217159 111.6303596496582 1933.9815041124821
leaf_count=359 286 5079 9646 5944 8752 1973 240 3382 332 941 187 6345 184 2882
internal_value=3.65432e-05 0.0001006 0.000206525 4.40823e-05 0.000481689 -9.01475e-05 -0.00041221 -0.000274883 0 0.000124853 -0.00113232 0.000116704 -0.000637191 -0.000763501
internal_weight=31030.4 25764.5 16599 10461.6 6137.36 9165.48 3602.63 5265.97 3008.02 2704.48 303.539 5562.85 2257.95 2045.61
internal_count=46532 38265 24628 15590 9038 13637 5319 8267 4842 4323 519 8318 3425 3066
is_linear=0
shrinkage=0.02


Tree=318
num_leaves=13
num_cat=0
split_feature=50 15 8 50 37 51 51 24 24 15 33 24
split_gain=1.65548 1.38238 1.86609 1.46018 1.43147 1.63187 1.23874 1.23805 1.45496 1.09977 0.97685 0.719575
threshold=0.45000000000000007 15.99009934012865 3.5000000000000004 0.95000000000000007 1.2306416094213801 -0.099999999999999936 -0.099999999999999936 1.3779418393734286 1.0474288093456636 17.247967954379867 -1.0000000180025095e-35 0.26897687646764573
decision_type=2 2 2 2 2 2 2 2 2 2 2 2
left_child=7 4 3 -3 5 -2 -6 8 11 -4 -10 -1
right_child=1 2 9 -5 6 -7 -8 -9 10 -11 -12 -13
leaf_value=0.00059366944752314908 0.00049899393892405503 -0.00048379224259053634 0.00077165958327866187 0.001075489371400773 -0.0028920218149673864 1.5852391372999311e-06 -0.00038912976480873196 -0.0026636337917695686 -0.00080174338262382319 -0.00036298755540096735 0.0019657042753695553 -0.00067589154248389404
leaf_weight=188.22755655646324 3041.176956653595 268.82278323173523 470.55788341164589 1706.0341337621212 82.630888491868973 20139.346289694309 1779.1986181139946 98.671664178371429 66.626079857349396 1223.0472294390202 162.15889358520508 1803.933596432209
leaf_count=340 4379 414 668 2488 131 30433 2633 175 98 1795 250 2728
internal_value=3.57801e-05 7.76138e-05 0.000440252 0.000857903 2.40607e-05 6.73117e-05 -0.000508561 -0.000477326 -0.000373385 -4.12968e-05 0.00111648 -0.000550448
internal_weight=31030.4 28710.8 3668.46 1974.86 25042.4 23180.5 1861.83 2319.62 2220.95 1693.61 228.785 1992.16
internal_count=46532 42941 5365 2902 37576 34812 2764 3591 3416 2463 348 3068
is_linear=0
shrinkage=0.02


Tree=319
num_leaves=13
num_cat=0
split_feature=50 34 22 37 34 13 37 24 34 32 45 22
split_gain=1.59006 1.72666 1.26675 1.39752 1.23027 1.23915 1.46031 1.22938 1.13626 1.13609 0.789147 0.661612
threshold=0.45000000000000007 0.20289508814202031 0.53763013135560389 0.092647035108669812 1.1652870256943313 2.5237157855268095 0.74310730829334803 0.25063723352452066 0.2871433887478369 1.6500000000000001 0.90000000000000013 0.013707899884650002
decision_type=2 2 2 2 2 2 2 2 2 2 2 2
left_child=4 9 3 -3 5 6 -1 -4 -7 10 -2 -11
right_child=1 2 7 -5 -6 8 -8 -9 -10 11 -12 -13
leaf_value=-0.00051981535385300958 9.762840538403398e-06 0.0019367262674742593 -0.0014853630241554426 0.00024908953425957405 0.0020555148228046534 -0.00012301661428118643 -0.0025677519443104936 8.61857007900281e-07 0.0035361703570626476 -0.0032532098774906803 -0.00044546590700686591 -0.00060534677756612302
leaf_weight=1966.8393984436989 3942.3210768997669 199.08580076694489 226.85419604182243 14024.849153757095 71.263250827789307 77.504103571176529 151.83729636669159 7704.0402592122555 52.173741400241852 73.280914038419724 2438.5778384804726 101.80554360151291
leaf_count=2987 6121 299 397 20687 130 145 240 11338 89 126 3804 169
internal_value=3.50473e-05 7.60521e-05 0.000160677 0.000273683 -0.000467807 -0.000553985 -0.000673582 -4.07531e-05 0.0013046 -0.000208361 -0.00016273 -0.00179428
internal_weight=31030.4 28710.8 22154.8 14223.9 2319.62 2248.35 2118.68 7930.89 129.678 6555.99 6380.9 175.086
internal_count=46532 42941 32721 20986 3591 3461 3227 11735 234 10220 9925 295
is_linear=0
shrinkage=0.02


Tree=320
num_leaves=9
num_cat=0
split_feature=51 23 3 23 34 51 0 3
split_gain=1.41848 1.49565 1.02119 1.76122 1.30673 1.13267 2.11134 1.38137
threshold=-0.54999999999999993 0.72219215594621444 36.24569684515378 2.0260352104853125 0.23132363433913131 4.1633363423443376e-17 34.841284215366777 48.429456146135344
decision_type=2 2 2 2 2 2 2 2
left_child=1 -1 3 4 -2 6 -4 -7
right_child=2 -3 5 -5 -6 7 -8 -9
leaf_value=0.00043890387523626875 -0.00023653612402385103 -0.0015883340559181038 0.00039290586601516299 0.0021527300764979285 0.0002743297937992444 -0.00025383459477862558 -0.0013135154152926853 0.00016688399145798323
leaf_weight=204.15696918964386 2765.9080979824066 448.21928918361664 3289.5302630066872 174.14811053872108 7115.3839007914066 12581.162603378296 314.10678043961525 4120.1977505385876
leaf_count=281 4166 656 4965 294 10499 18913 470 6274
internal_value=-1.79166e-05 -0.000939239 1.61175e-06 0.000166742 0.000130301 -7.96801e-05 0.000240748 -0.000149438
internal_weight=31012.8 652.376 30360.4 10055.4 9881.29 20305 3603.64 16701.4
internal_count=46518 937 45581 14959 14665 30622 5435 25187
is_linear=0
shrinkage=0.02


Tree=321
num_leaves=9
num_cat=0
split_feature=30 46 44 44 47 2 14 31
split_gain=1.08949 0.977216 1.60202 1.36885 1.44115 1.17896 0.868455 0.510501
threshold=-0.51360491227287908 3.1547619047619051 3.350584010286628 1.4446985605865261 1.6840328524886439 38.212750000000007 9.5000000000000018 1.0728334196475002
decision_type=2 2 2 2 2 2 2 2
left_child=6 3 7 5 -5 -2 -1 -3
right_child=1 2 -4 4 -6 -7 -8 -9
leaf_value=3.9419823561050204e-05 -7.7527557686516953e-05 -0.00084944381047122102 0.00050992242680745526 0.00051691224244821722 2.1537423136846827e-05 -0.0021442510795678361 -0.0023762107715022285 -0.0025241488626748443
leaf_weight=89.608868479728699 19652.239518374205 180.78764554858208 206.91314765810966 3604.7018383741379 6868.31229403615 109.45769169926643 138.10439652204514 162.68836435675621
leaf_count=146 29841 259 308 5388 9950 172 214 240
internal_value=-1.75453e-05 -6.97882e-06 -0.000840777 7.92344e-06 0.000193061 -8.96967e-05 -0.00139002 -0.00168164
internal_weight=31012.8 30785.1 550.389 30234.7 10473 19761.7 227.713 343.476
internal_count=46518 46158 807 45351 15338 30013 360 499
is_linear=0
shrinkage=0.02


Tree=322
num_leaves=10
num_cat=0
split_feature=51 13 1 1 50 51 44 30 2
split_gain=1.36038 1.04512 1.05738 1.85463 1.41443 0.954729 1.10973 1.10055 0.627448
threshold=-0.54999999999999993 2.5002656748140279 13.806500000000003 18.822111111111116 1.0500000000000003 0.45000000000000001 1.7181195861037657 0.12468472604661522 16.934462962962964
decision_type=2 2 2 2 2 2 2 2 2
left_child=8 2 4 -4 -2 6 -3 -7 -1
right_child=1 5 3 -5 -6 7 -8 -9 -10
leaf_value=0.00033969423517721145 -9.3517372956772097e-06 0.0007108229856350013 -0.00043002511313395116 1.6058627700911629e-05 0.0010464021685469794 0.00055945125817414806 0.0030542075966481551 -0.0010141263928729713 -0.0012124731301792612
leaf_weight=116.64831167459488 1244.9135745167732 426.13816875219345 4461.8417698144913 22404.607391119003 834.11211621761322 641.95862072706223 105.13105884194374 241.73480668663979 535.72794669866562
leaf_count=154 1912 734 6632 33368 1217 1114 182 422 783
internal_value=-1.72033e-05 1.91422e-06 -2.37152e-05 -5.7679e-05 0.000410014 0.000532559 0.00120302 0.00011639 -0.000919466
internal_weight=31012.8 30360.4 28945.5 26866.4 2079.03 1414.96 531.269 883.693 652.376
internal_count=46518 45581 43129 40000 3129 2452 916 1536 937
is_linear=0
shrinkage=0.02


Tree=323
num_leaves=9
num_cat=0
split_feature=51 23 13 23 51 51 2 0
split_gain=1.30583 1.4287 1.00457 1.29616 0.918016 0.914701 1.13658 0.658898
threshold=-0.54999999999999993 0.72219215594621444 2.5002656748140279 1.7593357140894221 0.45000000000000001 -0.4499999999999999 13.292442129629631 19.793044301678503
decision_type=2 2 2 2 2 2 2 2
left_child=1 -1 5 4 -4 7 -7 -2
right_child=2 -3 3 -5 -6 6 -8 -9
leaf_value=0.00044555434119871438 -0.00027041397673794156 -0.0015355451301470669 0.0010374636032779553 0.0029172773577619115 -3.587098252298795e-05 0.00053253727289039716 -6.592576509497059e-05 0.001363884809971843
leaf_weight=204.15696918964386 128.43969970941544 448.21928918361664 497.85534361004829 84.116868585348129 832.99044281244278 1327.246425151825 27171.881021916866 317.90770488977432
leaf_count=281 178 656 847 174 1431 2002 40492 457
internal_value=-1.68359e-05 -0.000900824 1.88771e-06 0.000522143 0.000359104 -2.32332e-05 -3.76682e-05 0.000872191
internal_weight=31012.8 652.376 30360.4 1414.96 1330.85 28945.5 28499.1 446.347
internal_count=46518 937 45581 2452 2278 43129 42494 635
is_linear=0
shrinkage=0.02


Tree=324
num_leaves=10
num_cat=0
split_feature=51 23 46 3 23 3 23 51 0
split_gain=1.25348 1.37332 0.983754 1.11285 1.63282 1.04391 1.1873 1.01325 0.983549
threshold=-0.54999999999999993 0.72219215594621444 3.1547619047619051 36.24569684515378 2.0260352104853125 38.207974339312209 0.90624635796878794 4.1633363423443376e-17 27.860743713678541
decision_type=2 2 2 2 2 2 2 2 2
left_child=1 -1 3 4 -2 8 -7 -5 -4
right_child=2 -3 5 7 -6 6 -8 -9 -10
leaf_value=0.00043672972335165138 0.00015526369818377704 -0.0015049706868301932 -0.0001995377122679724 0.00023709219280818619 0.00210389450017817 0.0016779490372380076 -0.0008761732129648639 -0.00013521883975216198 -0.003674894291002523
leaf_weight=204.15696918964386 9758.7559629380703 448.21928918361664 63.185087859630585 3545.0973497033119 174.14811053872108 90.884066224098206 317.06686809659004 16327.325794041157 83.974267274141312
leaf_count=281 14474 656 103 5338 294 125 462 24662 123
internal_value=-1.64806e-05 -0.000882569 1.85718e-06 1.77488e-05 0.000190851 -0.000830457 -0.000277358 -6.82809e-05 -0.00227242
internal_weight=31012.8 652.376 30360.4 29805.3 9932.9 555.11 407.951 19872.4 147.159
internal_count=46518 937 45581 44768 14768 813 587 30000 226
is_linear=0
shrinkage=0.02


Tree=325
num_leaves=12
num_cat=0
split_feature=51 23 2 34 23 22 2 34 27 34 37
split_gain=0.993733 1.50144 1.30647 1.13139 1.05424 1.00183 0.964263 0.888747 1.1401 0.990227 0.835269
threshold=0.8500000000000002 1.2562634629244569 37.888750000000009 2.7344846369021023 1.4049815265743468 2.6137187775175468 36.767500000000005 0.68069689682801704 0.67458519649821569 0.92416870418768526 0.53927062982969765
decision_type=2 2 2 2 2 2 2 2 2 2 2
left_child=1 5 3 4 -2 6 -1 8 -3 -9 -4
right_child=2 7 10 -5 -6 -7 -8 9 -10 -11 -12
leaf_value=0.00024284164364877486 -0.00018329761687240818 -0.00058645522643202541 -0.00010631153105154897 0.0021828482458659758 0.00046914007817156904 -0.0011886594226569517 -0.00058004905103496371 -0.0017864161620253227 0.00018575041792259005 -0.00012324666537699705 -0.0031501750974995473
leaf_weight=14898.484535455704 10272.949018985033 1249.8804860115051 70.480647265911102 83.604754537343979 1087.5169918239117 203.28243473172188 583.63608703017235 293.65003940463066 1938.445845335722 305.38448533415794 91.501560300588608
leaf_count=22232 15244 1964 103 127 1754 299 881 456 2971 499 139
internal_value=1.79323e-05 0.00010552 -0.000128155 -0.000101814 -0.000119889 0.000192176 0.000211104 -0.000250642 -0.000114011 -0.000958411 -0.00190418
internal_weight=31078.8 19472.8 11606.1 11444.1 11360.5 15685.4 15482.1 3787.36 3188.33 599.035 161.982
internal_count=46669 29302 17367 17125 16998 23412 23113 5890 4935 955 242
is_linear=0
shrinkage=0.02


Tree=326
num_leaves=14
num_cat=0
split_feature=30 0 40 40 30 2 19 2 21 36 21 19 19
split_gain=1.02168 1.68385 1.49596 2.26473 1.50929 1.36915 1.19889 1.0335 1.03172 1.02845 1.02377 0.945204 1.103
threshold=-0.073089911237104691 17.225231989866867 0.30603150436281318 0.17112081484263061 -0.13400796093203637 20.93383333333334 -0.60521773560211922 35.934250000000006 0.62181227478835499 0.31666666666666671 1.0035843390007104 -4.5348623010301585 0.028725551958510554
decision_type=2 2 2 2 2 2 2 2 2 2 2 2 2
left_child=2 6 3 5 10 -1 9 -5 -8 -2 -4 -3 -13
right_child=1 11 4 7 -6 -7 8 -9 -10 -11 -12 12 -14
leaf_value=-0.0001437627823863219 0.00028701135037505335 0.001901861041892495 0.0017919813895574477 -0.00061240182286213297 0.0029186620531746789 0.0003651794312239645 -0.0015222877528322113 -0.0031792676144294725 0.00067394239862270957 -0.0011528389731729819 -0.00048923419525094124 -0.00035609444847797204 -2.3150979736325851e-05
leaf_weight=3009.3315048217773 466.61240261793137 86.638924837112427 130.97718155384064 862.9917995929718 151.44611644744873 6919.9600796997547 84.477280676364899 68.76130998134613 2233.0665899813175 333.59337240457535 181.0197117626667 6814.0329877138138 9735.9076241254807
leaf_count=4520 716 119 210 1290 228 10367 138 99 3364 506 261 10104 14747
internal_value=1.75355e-05 -6.89268e-05 0.000169228 0.000120606 0.00128181 0.000209926 0.000356527 -0.000818944 0.000588332 -0.000302152 0.000441893 -0.000149292 -0.000160863
internal_weight=31078.8 19754.3 11324.5 10861 463.443 9929.29 3117.75 931.753 2317.54 800.206 311.997 16636.6 16549.9
internal_count=46669 29694 16975 16276 699 14887 4724 1389 3502 1222 471 24970 24851
is_linear=0
shrinkage=0.02


Tree=327
num_leaves=15
num_cat=0
split_feature=30 40 40 43 30 43 46 39 20 51 21 2 21 21
split_gain=0.980965 1.43765 2.1767 1.57959 1.44981 1.41323 1.67586 1.11758 1.32482 1.17418 1.01785 0.993218 0.984224 0.862906
threshold=-0.073089911237104691 0.30603150436281318 0.17112081484263061 1.4500000000000002 -0.13400796093203637 -0.44999999999999996 1.8819444444444446 0.75000000000000011 3.594297719660386 1.6500000000000001 1.0166796185033105 35.934250000000006 1.0035843390007104 1.0985739802929837
decision_type=2 2 2 2 2 2 2 2 2 2 2 2 2 2
left_child=1 2 3 -1 12 6 13 8 -7 -9 -8 -4 -3 -2
right_child=5 4 11 -5 -6 7 10 9 -10 -11 -12 -13 -14 -15
leaf_value=0.00017933798197546186 0.0030097843795266143 0.0017566808093767209 -0.00060018209761556797 0.0027332263769270005 0.002861049604675832 -5.907555262292189e-05 -0.0020924910606405027 -0.00053962928175486414 0.000769998693890115 0.0004245292714968243 0.0010586063309495899 -0.0031174794471581619 -0.00047955642027290585 0.00017758834835133571
leaf_weight=9832.8003262579441 161.06939423084259 130.97718155384064 862.9917995929718 96.491258263587952 151.44611644744873 14637.943727344275 76.149496793746948 3335.8546586036682 811.32158893346786 582.05970293283463 80.557022899389267 68.76130998134613 181.0197117626667 69.373590618371964
leaf_count=14749 243 210 1290 138 228 22040 118 5033 1219 821 121 99 261 99
internal_value=1.71661e-05 0.00016581 0.000118126 0.000205709 0.00125654 -6.75486e-05 0.00112385 -9.19946e-05 -1.47953e-05 -0.000393696 -0.000416692 -0.000802942 0.000432584 0.00220905
internal_weight=31078.8 11324.5 10861 9929.29 463.443 19754.3 387.15 19367.2 15449.3 3917.91 156.707 931.753 311.997 230.443
internal_count=46669 16975 16276 14887 699 29694 581 29113 23259 5854 239 1389 471 342
is_linear=0
shrinkage=0.02


Tree=328
num_leaves=15
num_cat=0
split_feature=23 25 2 19 2 20 19 21 27 25 13 21 22 27
split_gain=0.969758 1.4586 2.30226 2.13378 1.36684 1.25044 1.18091 2.12272 3.17297 1.40233 1.14223 0.930877 0.915211 0.898797
threshold=1.11471461846533 1.1000000000000003 37.888750000000009 0.99060703178835585 33.942416666666666 3.1207842314028782 0.51785397930113775 0.96234060821358069 1.1108983131662067 0.55000000000000016 2.5237157855268095 1.2428599110861771 1.6379457349630548 0.95850803821594577
decision_type=2 2 2 2 2 2 2 2 2 2 2 2 2 2
left_child=1 2 4 5 -1 -3 7 8 -2 -9 11 -8 -12 -5
right_child=6 3 -4 13 -6 -7 10 9 -10 -11 12 -13 -14 -15
leaf_value=0.00015371450596402266 -0.00071197313383296172 -0.00050701912043316826 -0.0022013570353803164 0.0021125213531791136 0.00082625837133411782 0.0015288243013618927 3.7647104697448099e-05 -0.00086788443847775842 -0.0040063386266975887 6.3391610418826735e-05 0.0020848055054730934 -0.00094364603985290941 0 0.00033149662783155532
leaf_weight=14716.639938801527 642.05710697174072 3640.3792496919632 157.3115374147892 130.34413802623749 1326.1453942358494 120.64772710204124 5128.0554038882256 871.82999435067177 145.06665658950806 2427.3538071513176 187.44154667854309 415.35119107365608 166.57010209560394 1003.6230921447277
leaf_count=21983 1029 5258 231 194 2016 164 7836 1363 212 3623 346 630 308 1476
internal_value=1.68435e-05 9.39869e-05 0.000185726 -0.000207537 0.000210028 -0.000438277 -0.000145141 -0.000406558 -0.00134041 -0.000180051 3.43751e-05 -3.43888e-05 0.00113337 0.000548379
internal_weight=31078.8 21095.1 16200.1 4894.99 16042.8 3761.03 9983.73 4086.31 787.124 3299.18 5897.42 5543.41 354.012 1133.97
internal_count=46669 31322 24230 7092 23999 5422 15347 6227 1241 4986 9120 8466 654 1670
is_linear=0
shrinkage=0.02


Tree=329
num_leaves=13
num_cat=0
split_feature=51 23 13 25 22 34 32 0 0 34 51 23
split_gain=0.953189 1.4289 1.26458 1.1175 1.14704 1.10702 1.10546 0.967324 1.28029 1.05437 0.930133 0.674993
threshold=0.8500000000000002 1.2562634629244569 2.3980880891594576 1.1000000000000003 2.6137187775175468 2.7344846369021023 0.95000000000000007 14.184167513905194 12.77231149747402 0.22345985655842318 0.55000000000000016 0.39890610178456104
decision_type=2 2 2 2 2 2 2 2 2 2 2 2
left_child=1 3 6 11 -5 7 -3 8 -2 -9 -4 -1
right_child=5 2 10 4 -6 -7 -8 9 -10 -11 -12 -13
leaf_value=-0.00013723139442850269 -0.00035874067762530182 -0.00053562658431695689 0.0016862218086247745 -4.5512931590620286e-05 -0.0021276890045679952 0.0021321336220055669 0.0003391946558510754 -0.00062350083040013822 0.0016798855416337141 -9.4915824940575887e-05 -0.00075030140212675094 0.000337125750130988
leaf_weight=1321.2821018695831 219.07893761992455 2777.4915959239006 216.7232218682766 3740.3476946949959 107.43218559026718 83.604754537343979 713.19473519921303 1821.9039584994316 260.14127898216248 9221.3240432739258 79.951303094625473 10516.341075062752
leaf_count=1986 361 4257 385 5510 151 127 1102 2989 376 13514 146 15765
internal_value=1.65159e-05 0.000102306 -0.000245121 0.000186853 -0.000107321 -0.000126556 -0.000353934 -0.000144179 0.000729515 -0.000183124 0.000995491 0.00028332
internal_weight=31078.8 19472.8 3787.36 15685.4 3847.78 11606.1 3490.69 11522.4 479.22 11043.2 296.675 11837.6
internal_count=46669 29302 5890 23412 5661 17367 5359 17240 737 16503 531 17751
is_linear=0
shrinkage=0.02


Tree=330
num_leaves=11
num_cat=0
split_feature=1 20 36 15 12 51 2 37 15 12
split_gain=1.20894 2.23771 1.06454 0.997605 1.02196 1.05845 1.01212 1.00874 0.833378 0.791487
threshold=11.144722222222224 3.280992722711201 0.13392857142857142 23.102652948081236 18.34883705073068 0.8500000000000002 36.460916666666677 0.049815527622293861 5.1658440047978802 18.219216997248143
decision_type=2 2 2 2 2 2 2 2 2 2
left_child=1 2 -1 4 7 -6 9 -2 -4 -5
right_child=3 -3 8 6 5 -7 -8 -9 -10 -11
leaf_value=-0.0006385830878503641 -0.0008734640332873012 0.0035765923778412578 0.00030932696397584751 0.00028528809579524221 0.00017070483246452126 -0.00013333170708111427 -0.00053998023807587945 -0.00013392094983135435 0.0023330109003731011 0.002316160702566906
leaf_weight=252.65081226825714 804.70624607801437 99.056292831897736 259.56539937853813 148.02556309103966 11872.935377031565 7423.428764551878 131.3891464471817 9716.0543701350689 127.78965264558792 193.18459621071815
leaf_count=371 1197 146 391 216 17843 11113 207 14574 202 304
internal_value=1.17197e-06 0.00079957 0.00034438 -1.80301e-05 -3.28318e-05 5.32202e-05 0.000890966 -0.000191592 0.00101118 0.00147105
internal_weight=31028.8 739.062 640.006 30289.7 29817.1 19296.4 472.599 10520.8 387.355 341.21
internal_count=46564 1110 964 45454 44727 28956 727 15771 593 520
is_linear=0
shrinkage=0.02


Tree=331
num_leaves=10
num_cat=0
split_feature=1 20 34 34 29 2 34 34 51
split_gain=1.16272 2.15008 1.05483 1.8058 1.0489 0.835494 1.08233 0.707668 0.614845
threshold=11.144722222222224 3.280992722711201 0.2130053218246751 0.32564639067976248 2.2500000000000004 36.460916666666677 0.4699647419083699 1.0405056116003988 0.65000000000000024
decision_type=2 2 2 2 2 2 2 2 2
left_child=1 2 -1 -4 5 7 -7 -2 -6
right_child=4 -3 3 -5 8 6 -8 -9 -10
leaf_value=-0.00050520366191095754 -3.7696753742352197e-05 0.0035064762457468401 0.0033976437311198666 0.00013994129395942476 0.0029225069754646687 9.6265681604728592e-05 -0.001051035826658148 0.0002870168795430641 0.00019400872192101143
leaf_weight=298.96736186742783 25856.481687694788 99.056292831897736 96.387485414743423 244.65101701021194 74.24908784031868 586.29177343845367 706.02777156233788 2992.7671179175377 73.906625092029572
leaf_count=450 38824 146 142 372 105 891 1072 4462 100
internal_value=1.15713e-06 0.00078415 0.000337618 0.00110426 -1.76681e-05 -2.62996e-05 -0.000523464 -3.6474e-06 0.00164872
internal_weight=31028.8 739.062 640.006 341.039 30289.7 30141.6 1292.32 28849.2 148.156
internal_count=46564 1110 964 514 45454 45249 1963 43286 205
is_linear=0
shrinkage=0.02


Tree=332
num_leaves=13
num_cat=0
split_feature=20 1 37 13 18 37 18 18 13 37 40 37
split_gain=1.13391 2.46823 1.12499 1.11384 0.995778 0.98879 1.078 1.06936 0.850792 0.811037 1.1305 0.981766
threshold=3.8406644224576891 12.009791666666667 0.023609963580655653 1.4539845161614136 1.3752391809581888 0.066663288623216466 3.082549726681663 3.128102589855545 1.7104024451578745 0.12477516936078757 -0.004534764718527799 0.046250412765992753
decision_type=2 2 2 2 2 2 2 2 2 2 2 2
left_child=2 -2 3 4 -1 7 -7 -4 -5 11 -11 -3
right_child=1 9 5 8 -6 6 -8 -9 -10 10 -12 -13
leaf_value=-0.0009913518316740312 0.003437078786283649 0.00053634426708704845 0.00035451095993621124 -0.0031762571803975403 0.00022669205295857643 1.3999597755684824e-05 -0.00044404558269030097 0.0025776508610370385 -0.00084238001089859712 0.0014009011871295848 -9.4668934539768744e-06 -0.0021407591014270702
leaf_weight=444.28613451123238 109.95072504878044 100.30840852856636 1436.4709413051605 99.275016993284225 650.42463248968124 24623.776886254549 2237.6665212213993 92.471429347991943 217.42415595054626 377.36120411753654 532.73640057444572 106.63376432657242
leaf_count=686 165 153 2160 163 935 37020 3276 122 375 558 791 160
internal_value=1.16486e-06 0.000596817 -2.3062e-05 -0.000573819 -0.000259437 4.00477e-06 -2.38154e-05 0.000498692 -0.00162069 0.000302669 0.000566151 -0.000802548
internal_weight=31028.8 1226.99 29801.8 1411.41 1094.71 28390.4 26861.4 1528.94 316.699 1117.04 910.098 206.942
internal_count=46564 1827 44737 2159 1621 42578 40296 2282 538 1662 1349 313
is_linear=0
shrinkage=0.02


Tree=333
num_leaves=15
num_cat=0
split_feature=1 4 34 3 12 44 44 13 26 12 34 34 34 34
split_gain=1.10237 1.0261 1.45225 2.46555 0.948455 1.41571 1.72502 1.47318 1.05859 1.08277 0.876169 0.685775 0.56871 0.901472
threshold=11.144722222222224 30.994925356264442 0.23132363433913131 35.573429265477095 18.34883705073068 0.95070731818698817 1.0633740269780771 2.5237157855268095 0.21111111111111114 18.559911241264778 0.36589992254747544 1.0754168144497924 0.35654970713957373 0.16017322247729768
decision_type=2 2 2 2 2 2 2 2 2 2 2 2 2 2
left_child=1 12 3 -3 5 7 -7 -2 11 -10 -4 -6 13 -1
right_child=4 2 10 -5 8 6 -8 -9 9 -11 -12 -13 -14 -15
leaf_value=-0.00065424052260020611 -0.00066961801396815874 0.0033154261968614267 0.0043817972707243342 -0.0011143505863112203 -0.00067890899552713814 0.00085049633463536571 -0.00012918776534213833 0.0012035436245156055 0.00048220874546658861 4.006323442011365e-05 0.001463979058731169 0.0009865801201263194 -0.0011667871550041355 0.0020955252610274956
leaf_weight=97.488914430141449 2670.3741042017937 70.852154135704041 74.649512529373169 157.45962554216385 1050.0326722860336 796.62798967957497 7139.1806761920452 173.82262510061264 2590.003204613924 15766.877745181322 131.77360805869102 102.80504629015923 122.58430144190788 84.254040986299515
leaf_count=151 4110 107 107 237 1688 1213 10537 301 3709 23730 202 166 183 123
internal_value=1.14278e-06 0.000763554 0.00138653 0.000233779 -1.71789e-05 -0.000167982 -2.93939e-05 -0.000550861 6.56428e-05 0.000103037 0.00259906 -0.000520277 -9.69732e-05 0.000575031
internal_weight=31028.8 739.062 434.735 228.312 30289.7 10780 7935.81 2844.2 19509.7 18356.9 206.423 1152.84 304.327 181.743
internal_count=46564 1110 653 344 45454 16161 11750 4411 29293 27439 309 1854 457 274
is_linear=0
shrinkage=0.02


Tree=334
num_leaves=14
num_cat=0
split_feature=20 18 44 37 18 37 24 14 0 44 18 0 0
split_gain=1.08298 1.47815 1.4088 2.32837 1.17337 1.07093 1.22123 1.41126 0.976399 1.51315 0.926366 1.10625 0.793431
threshold=3.8406644224576891 0.97940098420396871 1.3502195778342745 0.76679411895939598 1.1382351626663394 0.023609963580655653 0.39955462752474524 8.5000000000000018 17.129668898655133 0.42140975041159107 0.87297810406449783 14.023495361475709 17.029274344087948
decision_type=2 2 2 2 2 2 2 2 2 2 2 2 2
left_child=5 10 4 -4 -3 6 -1 -8 12 -10 11 -2 -7
right_child=1 2 3 -5 -6 8 7 -9 9 -11 -12 -13 -14
leaf_value=-0.0015283383053607373 0.0021810095970194862 -0.0018734338406137183 0.0030271691093573905 -0.00036971967108710306 0.00011061277022844255 0.00025217112277800037 -0.0014928521907797625 0.00021964336947692513 0.0015759255926994953 -5.7105516595256145e-05 0.0032681248129161921 -0.00057775381518658726 0.0020362042459641369
leaf_weight=380.84974008798599 122.89765244722366 159.3676255941391 149.68793958425522 162.06972998380661 425.70084950327873 3649.2480294704437 251.11529576778412 779.444904088974 226.77423933148384 24411.771737486124 107.98044604063034 99.286259442567825 102.59177184104919
leaf_count=641 182 243 212 238 642 5505 388 1130 436 36488 160 150 149
internal_value=1.14623e-06 0.000583273 0.000148552 0.0012383 -0.000417332 -2.25229e-05 -0.000559886 -0.000190037 3.87708e-06 -4.15425e-05 0.001726 0.000909452 0.000304677
internal_weight=31028.8 1226.99 896.826 311.758 585.068 29801.8 1411.41 1030.56 28390.4 24638.5 330.164 222.184 3751.84
internal_count=46564 1827 1335 450 885 44737 2159 1518 42578 36924 492 332 5654
is_linear=0
shrinkage=0.02


Tree=335
num_leaves=15
num_cat=0
split_feature=24 27 7 20 43 24 15 2 19 18 20 19 47 22
split_gain=0.998753 1.96643 1.73126 2.28463 1.65003 2.10047 1.4253 1.88551 1.8043 1.38453 1.43438 1.35945 0.995925 0.830242
threshold=1.2336383359383578 1.1622744028977923 1.0000000180025095e-35 -1.4364061344066312 0.65000000000000013 1.7090904247144743 21.723153682571041 37.593916666666672 0.39018781462519675 1.06455105077916 -0.44283654306353343 -1.5255144438511541 1.6554013569697477 0.285066929603707
decision_type=2 2 2 2 2 2 2 2 2 2 2 2 2 2
left_child=1 6 3 -3 9 12 7 -1 -8 -2 -11 -4 -6 -7
right_child=4 2 11 -5 5 13 8 -9 -10 10 -12 -13 -14 -15
leaf_value=6.0654132735693272e-05 0.0022088354324875624 -0.0027630985104131218 -0.0019401308211326766 -0.00061287819677920488 -0.00016782782487801196 0.00041862850764513376 0 -0.001677254012599832 0.0031858397609615301 -0.0006144954938323839 0.00032839497842255568 0.00021613630242307082 0.0019737478348262898 -0.0024437364326700376
leaf_weight=23902.536154747009 122.09178745746613 245.66676419973373 127.69127571582794 1107.3227853775024 92.526016265153885 76.602723807096481 154.61780646443367 250.06050831079483 129.48815074563026 908.75835746526718 2199.3266270458698 1188.3565205335617 555.75888055562973 73.178989052772522
leaf_count=35952 202 360 175 1624 157 108 245 384 205 1409 3277 1765 766 101
internal_value=4.65336e-05 2.48353e-06 -0.000512365 -0.00101418 0.000340313 0.00115515 5.91631e-05 4.21096e-05 0.00146355 0.00013531 4.92744e-05 0 0.00165314 -0.000927729
internal_weight=31134 27105.7 2669.04 1352.99 4028.24 798.067 24436.7 24152.6 284.106 3230.18 3108.08 1316.05 648.285 149.782
internal_count=46730 40710 3924 1984 6020 1132 36786 36336 450 4888 4686 1940 923 209
is_linear=0
shrinkage=0.02


Tree=336
num_leaves=9
num_cat=0
split_feature=16 24 27 31 2 37 24 33
split_gain=1.34294 1.0105 2.41816 1.3294 1.25094 1.24598 1.15581 0.949676
threshold=1.0000000180025095e-35 1.1128454638082939 1.2118746511810403 0.5167749757489225 37.888750000000009 1.1081210088291342 1.3100230269197726 0.25000000000000006
decision_type=2 2 2 2 2 2 2 2
left_child=-1 2 4 6 -2 -5 -3 -4
right_child=1 3 7 5 -6 -7 -8 -9
leaf_value=0.0025458879620641485 3.9039820628451162e-05 0.0002265520240538341 -0.00028368882960380372 0.00028222165582186907 -0.0015168909104188717 0.001330694509225565 -0.0013387478441146633 -0.0014849233541579816
leaf_weight=83.814645558595657 23818.160815179348 381.37118357419968 522.54279911518097 4672.4454735219479 206.28456184267998 509.0430556833744 354.25207445025444 586.06873881816864
leaf_count=122 35861 597 771 6847 317 725 611 879
internal_value=4.5594e-05 3.83593e-05 -1.66323e-05 0.000273554 2.51385e-05 0.000387629 -0.000515274 -0.000929257
internal_weight=31134 31050.2 25133.1 5917.11 24024.4 5181.49 735.623 1108.61
internal_count=46730 46608 37828 8780 36178 7572 1208 1650
is_linear=0
shrinkage=0.02


Tree=337
num_leaves=9
num_cat=0
split_feature=16 14 7 22 34 22 15 30
split_gain=1.29098 1.0115 2.21098 1.61861 1.56054 1.60773 1.34586 1.05264
threshold=1.0000000180025095e-35 10.500000000000002 1.0000000180025095e-35 0.08079241590473811 0.29283569883616478 1.732312073436445 16.781763474973737 0.17485475596248168
decision_type=2 2 2 2 2 2 2 2
left_child=-1 4 7 -4 6 -6 -2 -3
right_child=1 2 3 -5 5 -7 -8 -9
leaf_value=0.0024961569893715645 -0.00016934798615205463 -0.00029981641399766292 0.00050575848329593043 -0.00022404823722776097 0.00032571346715128325 -0.00033536154763629791 0.00097306068286884023 -0.0010799329300329255
leaf_weight=83.814645558595657 7624.1653502881527 3680.8912896215916 2569.5717236101627 2281.9519541561604 11925.365987807512 1662.4557013213634 432.26635912060738 873.5003362596035
leaf_count=122 11931 5334 3704 3324 17889 2529 637 1260
internal_value=4.46819e-05 3.75821e-05 -0.000135077 0.000160477 0.000113082 0.000244058 -0.000106585 -0.00045204
internal_weight=31134 31050.2 9405.92 4851.52 21644.3 13587.8 8056.43 4554.39
internal_count=46730 46608 13622 7028 32986 20418 12568 6594
is_linear=0
shrinkage=0.02


Tree=338
num_leaves=6
num_cat=0
split_feature=16 0 24 27 24
split_gain=1.24103 0.976881 1.06445 1.77079 1.403
threshold=1.0000000180025095e-35 37.926381126134224 1.2336383359383578 1.1622744028977923 1.7090904247144743
decision_type=2 2 2 2 2
left_child=-1 2 3 -2 -4
right_child=1 -3 4 -5 -6
leaf_value=0.0024473972498649209 5.3132232873647305e-05 -0.0016549228642533209 0.00052653225641131126 -0.000490577960397186 -0.0004498706476620143
leaf_weight=83.814645558595657 24291.879808157682 133.62913861870766 3262.9113420546055 2656.1796762347221 705.56873711943626
leaf_count=122 36579 180 4853 3905 1091
internal_value=4.37782e-05 3.68108e-05 4.45529e-05 -1.20827e-07 0.000350277
internal_weight=31134 31050.2 30916.5 26948.1 3968.48
internal_count=46730 46608 46428 40484 5944
is_linear=0
shrinkage=0.02


Tree=339
num_leaves=15
num_cat=0
split_feature=14 7 40 22 20 34 22 40 22 15 0 34 0 30
split_gain=0.964774 2.11773 1.7321 1.69128 1.52223 1.46751 1.57122 2.17648 1.44563 1.27008 1.6903 1.16954 0.940001 0.900568
threshold=10.500000000000002 1.0000000180025095e-35 0.11234328322962121 -1.9852434783232977 2.255490629012606 0.29283569883616478 1.732312073436445 -0.079416749519153243 1.8517927688531295 16.781763474973737 28.246788577986056 0.48141015533284243 33.190266262715866 0.17836581556853578
decision_type=2 2 2 2 2 2 2 2 2 2 2 2 2 2
left_child=5 2 13 -3 -4 9 7 -7 -8 10 -1 -5 -11 -2
right_child=1 3 4 11 -6 6 8 -9 -10 12 -12 -13 -14 -15
leaf_value=-2.6925392932216225e-06 -7.493434973202654e-05 0.0014360016686416474 -0.0014858995658172433 -0.00021666736069181325 0.00080736735758352412 -4.0557057156313135e-05 -0.00186831489690269 0.00052294365378904861 -9.5653861131948112e-05 0.0029302074944786895 -0.00073635039851190531 0.0004384243204811751 0.00047241744506528241 -0.00090413538450111316
leaf_weight=6070.9058587551117 2941.5278086960316 383.32364162802696 857.59037920832634 2629.9383400082588 126.52836155891418 4193.5622871518135 211.52026018500328 7747.7869284749031 1450.9354411363602 78.50175204873085 1591.0720800459385 1851.7048415839672 353.76460707187653 645.32076019048691
leaf_count=9496 4257 554 1254 3865 183 6355 322 11556 2207 130 2493 2628 507 923
internal_value=4.28968e-05 -0.000125404 -0.00043502 0.000163506 -0.00117987 0.000116552 0.00024362 0.000324243 -0.000329178 -9.57795e-05 -0.0001565 5.18449e-05 0.000953231 -0.000227326
internal_weight=31134 9435.93 4570.97 4864.97 984.119 21698 13603.8 11941.3 1662.46 8094.24 7661.98 4481.64 432.266 3586.85
internal_count=46730 13664 6617 7047 1437 33066 20440 17911 2529 12626 11989 6493 637 5180
is_linear=0
shrinkage=0.02


Tree=340
num_leaves=15
num_cat=0
split_feature=30 12 15 12 30 1 40 15 15 16 16 13 40 30
split_gain=1.16936 1.55895 2.44886 1.39316 1.99307 1.36958 1.63395 1.29239 1.04321 0.902636 1.084 0.829561 0.759128 0.649287
threshold=0.21801252470678942 17.507044415520728 10.818126311320748 18.16595900812737 -0.34344980296161071 21.311833333333336 -0.29713876972912662 6.8804560273019595 16.136299778949013 17.250000000000004 10.263333333333337 0.43950183361140921 0.026042166425047652 0.3877831367258856
decision_type=2 2 2 2 2 2 2 2 2 2 2 2 2 2
left_child=3 2 7 4 12 6 -5 -2 -6 10 -3 -7 -1 -11
right_child=1 9 -4 5 8 11 -8 -9 -10 13 -12 -13 -14 -15
leaf_value=0.0019367579794123428 0.0007058538035437116 -0.00018579140135156424 -0.00061751337306866893 -0.001746538154167936 -0.0003082029818985413 0.00014923851273578736 5.7505538283125046e-06 0.0039375286469090125 0.00035222169627929908 0.00080236931756596337 -0.00090697855967413323 0.00047870969097575064 1.3320095250541258e-05 -0.00050799435246698344
leaf_weight=243.47394329309464 108.76239430904388 1940.9020279049873 209.06913197040558 218.10687300562859 6287.8700915277004 6584.2536842823029 6152.3121111094952 107.42147243022919 1113.3727291822433 400.39596197009087 1521.9059993326664 5907.7645466327667 139.30328699946404 231.38700085878372
leaf_count=368 170 2900 309 342 9461 9422 9237 151 1632 601 2265 9310 205 352
internal_value=4.02472e-05 -0.000256559 0.000886347 9.0983e-05 -0.000133366 0.0001841 -5.32034e-05 0.00237888 -0.000207436 -0.000378074 -0.00050598 0.000305905 0.00126646 0.000306589
internal_weight=31166.3 4519.84 425.253 26646.5 7784.02 18862.4 6370.42 216.184 7401.24 4094.59 3462.81 12492 382.777 631.783
internal_count=46725 6748 630 39977 11666 28311 9579 321 11093 6118 5165 18732 573 953
is_linear=0
shrinkage=0.02


Tree=341
num_leaves=14
num_cat=0
split_feature=30 34 37 14 15 24 24 0 15 34 44 16 47
split_gain=1.12307 1.30042 1.57557 1.31021 1.2826 1.1673 1.5068 1.15766 2.0079 1.26526 1.99721 0.845574 0.749248
threshold=0.21801252470678942 0.10145206054011852 0.043260882996720158 12.500000000000002 9.6961523458836982 1.2238749436338643 0.47471552747061002 15.895615003477497 3.8944811375901822 0.20549321870048695 0.61615339248252343 4.4775000000000018 1.5079237031251929
decision_type=2 2 2 2 2 2 2 2 2 2 2 2 2
left_child=1 5 4 -4 -3 6 -1 8 -2 10 -9 -11 -7
right_child=7 2 3 -5 -6 12 -8 9 -10 11 -12 -13 -14
leaf_value=-0.00090449302785172746 -0.0010691186134700928 0.00067075205115273129 0.00015339515120197704 -0.00041608251630605853 0.0033059873121325891 -0.0030046008149365315 0.00016292207114401393 0.00094170698375565533 0.0018802331589854364 0.0013761948603002552 -0.0014883427037421326 -0.00023560366799567828 0
leaf_weight=837.27942025661469 140.65053972601891 314.8192712366581 22105.161582827568 1733.5412040352821 101.90064066648483 102.8139705657959 1399.7749592065811 160.17874962091446 246.67687231302261 132.46201488375664 711.62640723586082 3128.2494049966335 51.166217237710953
leaf_count=1398 203 459 33149 2385 149 186 2158 294 360 189 1080 4622 93
internal_value=3.94604e-05 8.91872e-05 0.000133361 0.000111532 0.00135174 -0.000354488 -0.000232572 -0.000251399 0.000783557 -0.000351153 -0.00102929 -0.000166258 -0.0020359
internal_weight=31166.3 26646.5 24255.4 23838.7 416.72 2391.03 2237.05 4519.84 387.327 4132.52 871.805 3260.71 153.98
internal_count=46725 39977 36142 35534 608 3835 3556 6748 563 6185 1374 4811 279
is_linear=0
shrinkage=0.02


Tree=342
num_leaves=15
num_cat=0
split_feature=34 0 25 30 14 47 1 24 30 12 30 12 40 42
split_gain=1.08083 1.72696 2.18558 1.64116 1.41492 1.20537 1.09052 1.27094 1.05995 1.01729 0.973775 0.766411 0.621653 0.510321
threshold=0.23932459734806485 33.773221735183803 1.6333333333333335 0.10421935834473402 12.500000000000002 0.43589613169472258 19.387500000000006 0.7399929903377821 0.071957547925185911 18.520236108624964 -0.25290634917256777 19.078000324770425 -0.070397181914759938 0.45000000000000007
decision_type=2 2 2 2 2 2 2 2 2 2 2 2 2 2
left_child=1 2 9 12 5 13 7 -6 -8 -1 -7 -4 -3 -2
right_child=4 3 11 -5 6 10 8 -9 -10 -11 -12 -13 -14 -15
leaf_value=-0.00042590838555525825 0.00074370515052707463 3.3157111479216857e-05 -0.00097947707227142872 -0.00063459102899097314 -0.00017100931386002232 0.00055136861405251521 -0.0011556978360498218 0.002552019715869349 4.7705793083232697e-05 2.3524386085586543e-05 9.6946655730186461e-05 -0.0032128673022265258 0.0022761021318048395 0.0030724211551255553
leaf_weight=3241.6065169870853 107.75165197253227 72.475317150354385 176.08596381545067 154.3111355304718 250.36850947141647 2122.2658722996712 819.20444273948669 89.553888261318207 430.59252884984016 5215.0190654098988 18040.625471830368 114.56274053454399 257.12352323532104 74.754626721143723
leaf_count=4948 176 108 269 226 343 3120 1123 124 581 8195 26864 174 363 111
internal_value=3.86713e-05 -0.00014238 -0.000207753 0.00101473 0.000115327 0.000160604 -0.000457328 0.000527868 -0.000733687 -0.000147631 0.000145323 -0.00190991 0.00181623 0.00177471
internal_weight=31166.3 9231.18 8747.27 483.91 21935.1 20345.4 1589.72 339.922 1249.8 8456.63 20162.9 290.649 329.599 182.506
internal_count=46725 14283 13586 697 32442 30271 2171 467 1704 13143 29984 443 471 287
is_linear=0
shrinkage=0.02


Tree=343
num_leaves=15
num_cat=0
split_feature=42 23 1 0 1 22 22 16 16 27 1 2 16 0
split_gain=1.06267 1.08767 1.15916 1.32757 1.05832 0.956 1.34424 2.01311 1.43657 1.01565 1.30506 1.1189 0.621643 1.26044
threshold=0.95000000000000007 1.3253204948066009 27.9815 27.267231240339395 34.049500000000016 1.7621489800880756 1.9589456514712469 7.2600000000000025 7.9200000000000017 0.35543481053991438 9.8836666666666684 14.780648148148151 14.360000000000005 21.512365350482632
decision_type=2 2 2 2 2 2 2 2 2 2 2 2 2 2
left_child=5 2 3 -2 -4 9 8 -8 -7 10 -1 -11 13 -3
right_child=1 12 4 -5 -6 6 7 -9 -10 11 -12 -13 -14 -15
leaf_value=0.0013793047374280026 0.00035878474071581774 0.0018553026537961471 -0.00055449833056310082 0.0019871288704179551 0.00061637365786051902 -0.0034168252290846836 0.0026267732749827937 -0.0002357578589223773 -0.00072190804707109491 0.00067274628653385491 -0.00036990834483120261 5.45424422834242e-05 0.0025517423609125655 -0.0010311589696112718
leaf_weight=175.97432509064674 1446.2731590867043 154.54090049862862 964.81298637390137 236.81400907039642 446.13480299711227 95.251022666692734 100.0244687795639 2470.3952650725842 546.69022127985954 1248.2565726935863 3287.3065565526485 19774.620743334293 126.92763268947601 92.278588622808456
leaf_count=270 2097 225 1380 326 638 143 170 3785 831 1817 5170 29512 202 159
internal_value=3.79143e-05 0.00036789 0.000240403 0.000595917 -0.000176849 -3.06043e-06 -0.000327681 -0.000118523 -0.00114668 3.91418e-05 -0.000277398 9.17851e-05 0.00138978 0.000736335
internal_weight=31166.3 3467.78 3094.03 1683.09 1410.95 27698.5 3212.36 2570.42 641.941 24486.2 3463.28 21022.9 373.747 246.819
internal_count=46725 5027 4441 2423 2018 41698 4929 3955 974 36769 5440 31329 586 384
is_linear=0
shrinkage=0.02


Tree=344
num_leaves=14
num_cat=0
split_feature=30 24 27 27 30 0 34 44 44 34 22 42 34
split_gain=1.06435 1.23584 1.59761 1.3277 1.18782 1.10177 1.18082 1.90369 1.0407 2.15992 0.756405 0.708512 0.595863
threshold=0.21801252470678942 0.98070184565669549 0.93210813656052227 0.91610526215928811 -0.023642406121594049 15.895615003477497 0.20549321870048695 0.61615339248252343 1.134382077878705 0.092893219839391153 -0.26613012120358664 1.5500000000000003 0.56025371305810723
decision_type=2 2 2 2 2 2 2 2 2 2 2 2 2
left_child=1 2 3 -1 -4 12 7 -7 10 -10 -3 -8 -2
right_child=5 8 4 -5 -6 6 11 -9 9 -11 -12 -13 -14
leaf_value=4.4401469081664541e-05 0.0011485004901374293 0.00035784813744362258 -0.0012555125111513219 0.0016743566385673265 -0.00018761041974857447 0.00092493895879645308 -0.00011343571878023573 -0.0014469269743449993 -0.0015727700731186073 0.00034398332252712959 0.0034485748962308589 -0.0019923822657968568 -0.00079057593634282192
leaf_weight=17444.396857976913 315.99629810452461 70.864249438047409 630.25830593705177 200.70684614777565 1309.2008565366268 160.17874962091446 3179.3709963858128 711.62640723586082 240.16900703310966 6679.4349163472652 71.426226615905762 81.340423494577408 71.331113934516907
leaf_count=26369 461 109 953 287 1943 294 4700 1080 411 9793 112 111 102
internal_value=3.71762e-05 8.55945e-05 3.28011e-06 6.3696e-05 -0.000540729 -0.000245971 -0.000343326 -0.000998575 0.000312394 0.000275576 0.00200492 -0.000164565 0.000763484
internal_weight=31166.3 26646.5 19584.6 17645.1 1939.46 4519.84 4132.52 871.805 7061.89 6919.6 142.29 3260.71 387.327
internal_count=46725 39977 29552 26656 2896 6748 6185 1374 10425 10204 221 4811 563
is_linear=0
shrinkage=0.02


Tree=345
num_leaves=12
num_cat=0
split_feature=23 23 33 17 4 4 50 24 12 19 21
split_gain=0.955391 2.04614 1.67207 1.39302 1.69026 1.12076 0.973416 1.09325 0.886727 0.581277 0.535794
threshold=0.46522074878864111 0.48492203286217045 0.19999999999999998 1.0754032881987203 33.692710401269046 16.658703725383173 0.95000000000000007 1.1194283283839044 16.642802263935025 0.95421100159081551 1.0864234228956378
decision_type=2 2 2 2 2 2 2 2 2 2 2
left_child=2 -2 6 4 -4 -3 10 -8 -7 -5 -1
right_child=1 5 3 9 -6 8 7 -9 -10 -11 -12
leaf_value=1.7666808267200718e-05 0.0018298109538360363 -0.0018398226078906283 -0.00050159568651351679 -0.0010025078827601032 0.0019858965163619992 0.00094371556247509008 0.00048923112297736908 0.0031184651131215221 1.2734860775519143e-05 -0.0026652240124674605 -0.0014975624005663685
leaf_weight=408.3194825053215 249.78914919495583 127.12923109531403 574.5494197010994 981.34356784820557 132.70279085636139 414.06256327033043 418.8304802775383 76.481389403343201 27452.035236954689 101.35338354110718 114.50851687788963
leaf_count=599 372 199 886 1491 219 633 620 110 41174 156 158
internal_value=-1.33439e-07 3.45342e-05 -0.000352147 -0.000721537 -1.64806e-05 1.80278e-05 0.000287603 0.000926229 2.69939e-05 -0.001172 -0.000299583
internal_weight=31051.1 28243 2808.09 1789.95 707.252 27993.2 1018.14 495.312 27866.1 1082.7 522.828
internal_count=46617 42378 4239 2752 1105 42006 1487 730 41807 1647 757
is_linear=0
shrinkage=0.02


Tree=346
num_leaves=13
num_cat=0
split_feature=23 23 18 37 34 37 50 37 21 21 21 30
split_gain=0.917257 1.96572 1.38148 1.44349 1.36691 1.15584 0.948008 0.95743 0.83716 1.5041 0.767185 0.722104
threshold=0.46522074878864111 0.48492203286217045 1.1463843569404413 0.18415327528832723 0.26407387013313083 0.25636339689724458 0.95000000000000007 0.05364007915054201 1.2428599110861771 1.2292156083199934 0.95079150750808916 -0.11837126072797564
decision_type=2 2 2 2 2 2 2 2 2 2 2 2
left_child=2 -2 6 4 -4 -5 7 -1 9 -3 -8 -10
right_child=1 8 3 5 -6 -7 10 -9 11 -11 -12 -13
leaf_value=-0.0019853762858366461 0.0017935053891005494 2.8874896125151702e-05 -0.00029439544399159835 -0.0024195818170215182 0.0024689195571042525 -0.00078240188088549341 0.00016706241977989682 5.9271580666387358e-05 0.00037959058735564602 0.0016329311159431776 0.0018329672328301128 -0.00068813396846329085
leaf_weight=109.31430479884148 249.78914919495583 26315.299845486879 585.75312328338623 229.1200450360775 79.421733826398849 852.88212949037552 282.77601873874664 471.20725816488266 311.77592372894287 234.26907005906105 197.61441767215729 1131.8821920454502
leaf_count=173 372 39519 909 347 120 1269 426 709 462 339 286 1686
internal_value=-1.10302e-07 3.3852e-05 -0.000345033 -0.000691802 2.69672e-05 -0.00114213 0.000216866 -0.000314071 1.7666e-05 4.35274e-05 0.000877841 -0.000450422
internal_weight=31051.1 28243 2808.09 1747.18 665.175 1082 1060.91 580.522 27993.2 26549.6 480.39 1443.66
internal_count=46617 42378 4239 2645 1029 1616 1594 882 42006 39858 712 2148
is_linear=0
shrinkage=0.02


Tree=347
num_leaves=12
num_cat=0
split_feature=15 18 37 22 44 21 30 51 2 36 12
split_gain=0.885702 1.2538 1.29933 1.34415 1.09444 0.951564 1.40167 0.863506 1.48343 1.01891 0.752037
threshold=22.296422430853109 3.128102589855545 0.085974042548691856 -0.040555304191955695 2.9945963013801138 1.0002658779526998 -0.060150249070251294 4.1633363423443376e-17 33.671083333333343 0.89444444444444449 18.252274250743667
decision_type=2 2 2 2 2 2 2 2 2 2 2
left_child=1 7 -3 -4 5 10 -7 8 -1 -9 -2
right_child=4 2 3 -5 -6 6 -8 9 -10 -11 -12
leaf_value=0.00012398988161694351 -0.00055124735199183308 0.0010963773249973786 -0.00013036279606353058 -0.0013895925397403078 -0.0012843871513533551 0.0039336937366808503 0.0007233381597158159 2.1064500599124389e-05 0.0012013614744891513 -0.00032373675215734214 0.0015798581719188697
leaf_weight=5428.5222987234592 164.14777603745461 161.29908388853073 695.57530185580254 698.30676829814911 83.687225192785263 94.160722672939301 150.89592969417572 18718.116985112429 567.20944359898567 4184.1600558161736 105.02362063527107
leaf_count=7978 255 216 1015 1024 124 149 233 28402 902 6158 161
internal_value=-7.95091e-08 -1.53921e-05 -0.000568361 -0.000769463 0.000760608 0.00111648 0.00201922 1.40579e-05 0.000227946 -4.15156e-05 0.000248897
internal_weight=31051.1 30453.2 1555.18 1393.88 597.915 514.228 245.057 28898 5995.73 22902.3 269.171
internal_count=46617 45695 2255 2039 922 798 382 43440 8880 34560 416
is_linear=0
shrinkage=0.02


Tree=348
num_leaves=15
num_cat=0
split_feature=39 34 22 18 12 12 36 12 12 22 22 12 21 21
split_gain=0.849001 1.50823 1.72831 1.49334 1.34364 1.18944 1.38232 3.01931 1.70818 1.13787 1.9616 0.977142 0.711027 1.12896
threshold=0.75000000000000011 0.21056902960106069 2.2656042282809179 3.128102589855545 18.384794576502689 18.210205641280115 1.7321428571428574 18.475848601429544 18.455846247170903 0.38016838698856065 1.5553529167383202 17.490443800925352 1.03566366909314 0.89472181352234659
decision_type=2 2 2 2 2 2 2 2 2 2 2 2 2 2
left_child=1 12 3 -3 -4 9 7 -7 -8 11 -11 -2 13 -1
right_child=5 2 4 -5 -6 6 8 -9 -10 10 -12 -13 -14 -15
leaf_value=-0.00044021504061885581 0.00057531815383268868 0.00026864938064698402 0.00023363605697998248 -0.00050677590033697956 -0.0012094630640888137 0.00110550768830293 -0.0019255457633426435 -0.00042223544241728437 0.0012105013862862919 -0.0018360055414006473 7.5470723393110029e-05 -0.00060047973647914493 -0.00040073525406641227 0.00021035495604082566
leaf_weight=1631.3260784745216 426.35283741354942 14519.530902653933 419.85906726121902 1056.2987868785858 626.61180609464645 617.71623894572258 74.894927233457565 3083.1209512650967 579.4615630209446 573.55839085578918 326.74220669269562 806.70847767591476 3239.5430885255337 3069.3798885345459
leaf_count=2632 633 21484 635 1573 956 898 108 4562 877 865 496 1213 4908 4777
internal_value=-5.21531e-08 5.33787e-05 0.000162001 0.000215362 -0.000621592 -0.00020381 -1.18771e-05 -0.000164076 0.000831553 -0.000590575 -0.00113257 -0.000185557 -0.000172739 -1.33827e-05
internal_weight=31051.1 24562.5 16622.3 15575.8 1046.47 6488.56 4355.19 3700.84 654.356 2133.36 900.301 1233.06 7940.25 4700.71
internal_count=46617 36965 24648 23057 1591 9652 6445 5460 985 3207 1361 1846 12317 7409
is_linear=0
shrinkage=0.02


Tree=349
num_leaves=12
num_cat=0
split_feature=15 17 34 17 18 34 39 44 24 22 30
split_gain=0.861805 1.26943 1.22317 1.181 1.15183 1.13221 1.7349 1.05732 0.793914 0.726067 1.27928
threshold=22.296422430853109 3.1216535343026894 0.21835668751473483 3.1710963448222889 3.061065441159911 0.20289508814202031 0.75000000000000011 2.9945963013801138 1.1978042347848017 1.3030850875895996 -0.087116968602466441
decision_type=2 2 2 2 2 2 2 2 2 2 2
left_child=1 5 3 -3 -4 8 -7 9 -1 10 -2
right_child=7 2 4 -5 -6 6 -8 -9 -10 -11 -12
leaf_value=-0.00013680646412093789 0.0021031228739627626 -0.0015917904978253229 0.0010981956118998313 0.0012463960106301279 -0.00094670708800349975 0.00020138166371581952 -0.00020204687028018602 -0.00125869200193089 -0.00093344202964301118 0.0023687652644370804 -0.00025864542249611616
leaf_weight=6740.5155370235443 141.73336669802666 72.355397671461105 113.86399766802788 247.53577527403831 1351.8051864504814 15526.372381925583 5854.8223673701286 83.687225192785263 545.91929391026497 136.180578738451 236.31410360336304
leaf_count=10473 219 104 153 336 1991 23006 8723 124 909 213 366
internal_value=-5.58274e-08 -1.51648e-05 -0.000532432 0.000567466 -0.00077975 1.67392e-05 9.04344e-05 0.000750295 -0.000198104 0.00110023 0.000606898
internal_weight=31051.1 30453.2 1785.56 319.891 1465.67 28667.6 21381.2 597.915 7286.43 514.228 378.047
internal_count=46617 45695 2584 440 2144 43111 31729 922 11382 798 585
is_linear=0
shrinkage=0.02


Tree=350
num_leaves=13
num_cat=0
split_feature=19 26 26 49 43 30 32 26 30 26 50 29
split_gain=0.957294 1.7417 0.935745 0.878084 1.45474 1.15523 1.14417 1.01152 0.79752 0.585771 0.571935 0.513749
threshold=4.1472649804018333 0.95000000000000007 0.73214285714285732 1.7500000000000002 -0.44999999999999996 -0.15654265526375197 1.7500000000000002 0.43650793650793651 -0.10558524166655779 0.41428571428571431 0.95000000000000007 1.2500000000000002
decision_type=2 2 2 2 2 2 2 2 2 2 2 2
left_child=3 2 9 4 8 -6 7 -5 -1 -2 -3 -8
right_child=1 10 -4 6 5 -7 11 -9 -10 -11 -12 -13
leaf_value=0 -0.00035311291803206957 0.00098710989376368276 -0.0017556952574522306 0.00088489563985050203 0.0003163324829166489 -2.5207099564651209e-05 0 -0.00029350145969755009 0.0019775214675805393 0.0016047098660810432 0.003760145364756687 0.0019967722552128864
leaf_weight=112.3264342546463 100.21531346440315 65.35360398888588 81.202769011259079 299.81115010380745 5037.7547884881496 18332.769878864288 86.502992510795593 6298.3225575685501 242.49670046567917 129.90980958938599 86.9299256503582 131.91090968251228
leaf_count=164 151 105 129 452 7599 27748 127 9199 358 200 150 185
internal_value=2.40657e-05 0.000924332 3.03347e-05 1.00131e-05 6.78067e-05 4.80082e-05 -0.000189635 -0.000238189 0.00133624 0.000713337 0.00266312 0.00122065
internal_weight=31005.5 463.611 311.328 30541.9 23725.3 23370.5 6816.55 6598.13 354.823 230.125 152.284 218.414
internal_count=46567 735 480 45832 35869 35347 9963 9651 522 351 255 312
is_linear=0
shrinkage=0.02


Tree=351
num_leaves=15
num_cat=0
split_feature=51 0 32 19 30 51 43 3 17 3 30 30 3 0
split_gain=1.28343 2.01043 1.57467 1.97337 1.62001 1.45729 1.25534 1.18 1.40745 1.17293 1.05471 1.01874 0.80116 0.759148
threshold=1.0000000180025095e-35 34.535703996758237 0.95000000000000007 2.7585286103664566 0.60535600973880599 -0.54999999999999993 -0.44999999999999996 49.666548587762698 3.1345314681120846 27.800271101033278 -0.29019691486783533 -0.22113847010744803 49.934496467225848 26.105978996463246
decision_type=2 2 2 2 2 2 2 2 2 2 2 2 2 2
left_child=1 5 3 6 9 11 -2 8 -3 -4 -7 -1 -9 -5
right_child=2 7 4 13 -6 10 -8 12 -10 -11 -12 -13 -14 -15
leaf_value=0.0015169615280863059 0.0020067286616352736 0.0011384983792413325 0.0011913979137690525 0.00093491240665592485 0.0029273509191108981 -0.00051061063137134181 -0.00022740361152037453 -0.0037619132318837435 -0.0018012820923093043 9.6045070894907599e-05 0.00057815548438523831 -0.00079024684724069349 -0.00063026824803603639 -0.00053700876770695395
leaf_weight=83.592062771320343 98.42549592256546 137.57193264365196 412.00385525822639 856.45499193668365 83.419779390096664 373.63021391630173 15244.575810700655 84.236977338790894 118.53052467107773 7981.1115571558475 4715.86416426301 590.72722414135933 68.376118183135986 156.98612534999847
leaf_count=121 145 203 622 1345 123 575 23082 116 171 11871 7006 841 115 231
internal_value=2.36058e-05 0.000281854 -4.01998e-05 -0.000155173 0.00018046 0.000379356 -0.00021216 -0.00106395 -0.000186775 0.000151276 0.000496094 -0.000485807 -0.0024498 0.000696449
internal_weight=31005.5 6172.53 24833 16356.4 8476.54 5763.81 15343 408.716 256.102 8393.12 5089.49 674.319 152.613 1013.44
internal_count=46567 9148 37419 24803 12616 8543 23227 605 374 12493 7581 962 231 1576
is_linear=0
shrinkage=0.02


Tree=352
num_leaves=11
num_cat=0
split_feature=23 6 49 6 43 25 26 7 20 43
split_gain=0.89247 1.20798 1.05682 0.837679 1.77753 1.27609 1.00946 1.47138 0.881801 0.7499
threshold=2.1808295935743547 2.5000000000000004 1.0000000180025095e-35 6.5000000000000009 0.95000000000000007 0.22500000000000003 2.2111111111111117 1.0000000180025095e-35 4.9915709712567464 0.35000000000000003
decision_type=2 2 2 2 2 2 2 2 2 2
left_child=3 2 -2 6 5 -5 8 -8 -1 -4
right_child=1 -3 9 4 -6 -7 7 -9 -10 -11
leaf_value=1.4203288817070228e-05 -0.0018517050252790984 0.0030888663917314446 0 0.00097451133813486847 -0.0030306996260281711 -0.00050486983352219345 0 0.0034327305327196272 0.00096352940086808587 0.0028151826589169942
leaf_weight=28354.572463810444 62.786582291126251 85.566272735595703 105.91828873753548 275.73179027438164 96.632724970579147 1370.0133387744427 111.63784268498421 83.85813245177269 395.48769018054008 63.301706731319427
leaf_count=42598 108 154 195 422 136 1967 153 116 596 122
internal_value=2.31364e-05 0.00107495 0.000269412 1.18566e-05 -0.000413306 -0.00025006 3.78215e-05 0.00146379 2.76762e-05 0.00112726
internal_weight=31005.5 317.573 232.007 30687.9 1742.38 1645.75 28945.6 195.496 28750.1 169.22
internal_count=46567 579 425 45988 2525 2389 43463 269 43194 317
is_linear=0
shrinkage=0.02


Tree=353
num_leaves=11
num_cat=0
split_feature=23 6 49 6 43 25 26 20 20 43
split_gain=0.858878 1.16022 1.01725 0.804791 1.70846 1.22607 0.969613 1.42979 0.847031 0.720121
threshold=2.1808295935743547 2.5000000000000004 1.0000000180025095e-35 6.5000000000000009 0.95000000000000007 0.22500000000000003 2.2111111111111117 0.25802330364172482 4.9915709712567464 0.35000000000000003
decision_type=2 2 2 2 2 2 2 2 2 2
left_child=3 2 -2 6 5 -5 8 -8 -1 -4
right_child=1 -3 9 4 -6 -7 7 -9 -10 -11
leaf_value=1.3919245988388816e-05 -0.0018158142565273599 0.00302850008841264 0 0.00095516147036592074 -0.002971314691657265 -0.00049478712607793965 2.3900450318897438e-05 0.0036187113745347584 0.00094435582826918882 0.0027606034776404913
leaf_weight=28354.572463810444 62.786582291126251 85.566272735595703 105.91828873753548 275.73179027438164 96.632724970579147 1370.0133387744427 122.78623354434967 72.709741592407227 395.48769018054008 63.301706731319427
leaf_count=42598 108 154 195 422 136 1967 170 99 596 122
internal_value=2.26965e-05 0.00105453 0.000264118 1.16247e-05 -0.000405098 -0.000244926 3.70811e-05 0.00143464 2.7131e-05 0.00110645
internal_weight=31005.5 317.573 232.007 30687.9 1742.38 1645.75 28945.6 195.496 28750.1 169.22
internal_count=46567 579 425 45988 2525 2389 43463 269 43194 317
is_linear=0
shrinkage=0.02


Tree=354
num_leaves=15
num_cat=0
split_feature=51 0 32 19 22 30 51 51 30 17 30 0 17 19
split_gain=1.23157 1.93196 1.51336 1.87852 1.58785 1.54478 1.39877 1.09811 1.01632 0.978181 0.978142 0.724268 0.584963 0.508283
threshold=1.0000000180025095e-35 34.535703996758237 0.95000000000000007 2.7585286103664566 1.4297099257644257 0.60535600973880599 -0.54999999999999993 -0.049999999999999968 -0.29019691486783533 0.66646562410938781 -0.22113847010744803 26.105978996463246 3.1345314681120846 0.63499456214321282
decision_type=2 2 2 2 2 2 2 2 2 2 2 2 2 2
left_child=1 6 3 4 -2 9 10 13 -8 -4 -1 -5 -9 -3
right_child=2 7 5 11 -6 -7 8 12 -10 -11 -12 -13 -14 -15
leaf_value=0.0014850160548514821 -0.0001301032737707345 -0.00078477548900552534 0.0019683378044341392 0.00091093203378326615 -0.00074359303971430299 0.0028585811175391002 -0.00050273356249695093 -0.0007598911386318721 0.00056583683907346837 0.00012056395479097369 -0.00077513615074167983 -0.00052605338981247599 -0.003454279697066583 0.0011539855874920489
leaf_weight=83.592062771320343 13399.545285612345 177.30207639932632 115.10580545663834 856.45499193668365 1943.4560210108757 83.419779390096664 373.63021391630173 70.18779930472374 4715.86416426301 8278.0096069574356 590.72722414135933 156.98612534999847 87.805883556604385 73.419793576002121
leaf_count=121 20252 265 181 1345 2975 123 575 98 7006 12312 841 231 132 110
internal_value=2.22757e-05 0.000275262 -4.02215e-05 -0.00015294 -0.000208551 0.000176086 0.000370869 -0.00104391 0.00048526 0.000147559 -0.000476607 0.000677892 -0.00234428 -0.000172832
internal_weight=31005.5 6172.53 24833 16356.4 15343 8476.54 5763.81 408.716 5089.49 8393.12 674.319 1013.44 157.994 250.722
internal_count=46567 9148 37419 24803 23227 12616 8543 605 7581 12493 962 1576 230 375
is_linear=0
shrinkage=0.02


Tree=355
num_leaves=15
num_cat=0
split_feature=12 32 30 13 30 47 12 50 8 30 30 49 37 12
split_gain=1.12246 1.68508 1.85274 1.48026 1.24628 1.88001 1.14583 1.07447 1.33681 1.07062 1.0338 0.860393 0.568685 0.513398
threshold=19.837761282550353 0.95000000000000007 0.069549174483144724 2.2092548836962744 -0.23622667526324861 2.4652857557300427 19.630589677102353 2.4500000000000006 3.5000000000000004 0.17485475596248168 -0.22839327867512835 1.0000000180025095e-35 0.68654324173194381 18.497284796763186
decision_type=2 2 2 2 2 2 2 2 2 2 2 2 2 2
left_child=4 3 12 10 5 6 -1 11 -9 -4 -2 -6 -3 -7
right_child=1 2 9 -5 7 13 -8 8 -10 -11 -12 -13 -14 -15
leaf_value=0.0005079987768053444 -0.001402862360918251 0.00078000943903927089 0.0038628057570996026 0.0025748337271080659 0.00014737462950522169 -0.00033017443318777555 -0.0013678260036552698 0.001315650589934316 -0.00025407552216703859 0.0012318265908559309 0.00010704484277269988 -0.00018191637433108049 -0.00088567341912850449 -0.0026285512925266893
leaf_weight=2987.3281784653664 201.41038569808006 314.03280553221703 126.51017507910728 87.612755089998245 3719.4824839234352 82.60349041223526 131.65605601668358 463.54049864411354 388.87444564700127 154.9094460606575 1631.1626398563385 20513.131947606802 104.31828808784485 98.703899264335632
leaf_count=4493 295 471 184 140 5764 125 199 676 571 231 2364 30777 153 151
internal_value=-2.08031e-05 0.000374622 0.00121413 6.25344e-05 -5.76769e-05 0.000306792 0.000424788 -0.000106047 0.000588914 0.00246876 -5.48003e-05 -0.000130953 0.000338634 -0.00165099
internal_weight=31005.3 2619.96 699.771 1920.19 28385.3 3300.29 3118.98 25085 852.415 281.42 1832.57 24232.6 418.351 181.307
internal_count=46594 3838 1039 2799 42756 4968 4692 37788 1247 415 2659 36541 624 276
is_linear=0
shrinkage=0.02


Tree=356
num_leaves=14
num_cat=0
split_feature=40 42 12 30 12 30 31 12 13 31 12 42 30
split_gain=1.9632 1.75601 1.70324 1.62854 1.42162 1.115 1.75881 1.77473 1.05554 1.48365 1.1604 1.03592 0.852216
threshold=0.13713692986903017 0.95000000000000007 20.355079131834227 -0.24881339771348202 17.727067366620727 -0.23622667526324861 0.57659312364683946 19.046147782886333 2.4555399228720467 1.061743056907245 17.573684222166406 0.35000000000000003 0.18823742522196826
decision_type=2 2 2 2 2 2 2 2 2 2 2 2 2
left_child=5 2 4 -3 -2 6 11 -8 10 -10 -7 -1 -5
right_child=1 3 -4 12 -6 8 7 -9 9 -11 -12 -13 -14
leaf_value=-0.00026157308890728748 0.00024529008536643365 -0.0022434245373145869 0.0019669371159772185 0.0010460331219385292 -0.00074876079174107809 -0.00043119605331007837 0.0020607480757248147 -2.786437356275757e-05 9.22001288032447e-05 0.0016218101871817315 2.4879720695324786e-05 0.0005836901806932994 -0.00055405340149320412
leaf_weight=1182.2222930490971 664.11410272121429 78.591748088598251 102.76197677850723 645.03759941458702 3682.9710859060287 2523.4597486555576 440.5240638256073 242.55001387000084 823.69475722312927 375.07241278886795 18967.76659861207 1119.1077705025673 157.40332394838333
leaf_count=1820 1003 114 154 941 5593 3713 651 346 1407 617 28350 1658 227
internal_value=-2.03697e-05 -0.000369783 -0.000532298 0.000439059 -0.000594555 5.18141e-05 0.000415126 0.0013066 3.5547e-06 0.000581019 -2.82417e-05 0.000145276 0.000719139
internal_weight=31005.3 5330.88 4449.85 881.033 4347.09 25674.4 2984.4 683.074 22690 1198.77 21491.2 2301.33 802.441
internal_count=46594 8032 6750 1282 6596 38562 4475 997 34087 2024 32063 3478 1168
is_linear=0
shrinkage=0.02


Tree=357
num_leaves=14
num_cat=0
split_feature=40 15 40 12 22 40 15 15 49 40 15 12 22
split_gain=1.88528 1.55717 1.49915 1.66295 1.35835 1.49239 0.98189 1.04277 0.957056 0.97154 0.906144 0.824108 0.809981
threshold=0.13713692986903017 15.99009934012865 0.16081098793555795 20.418638465739658 2.3685179570228541 0.15098232871244863 16.445562426400343 16.603669898865494 0.75000000000000011 -0.019017452039343897 4.9391149594506354 17.692668893833844 -0.63464394104145094
decision_type=2 2 2 2 2 2 2 2 2 2 2 2 2
left_child=1 8 4 10 5 -2 12 -8 9 -1 -4 -10 -3
right_child=2 6 3 -5 -6 -7 7 -9 11 -11 -12 -13 -14
leaf_value=0.00041741299584998053 -8.0048375220134128e-05 8.5717575944847701e-05 -0.0010502477519501712 0.0025026944881210646 -0.003789793359173922 -0.0019034375003025936 -0.0015600652131219465 0.00042632187108176701 -0.00046383760572768512 -6.032356961808121e-05 -0.00016299368836760459 -3.5343782067030694e-05 0.0023113761852063576
leaf_weight=3591.2620153427124 431.2920917570591 111.84103509783745 529.27659124135971 85.553200334310532 71.460828691720963 321.50768533349037 106.1685591340065 2701.7894362807274 2077.2006558179855 3175.0302918553352 3891.7894394993782 13713.489216029644 197.61644896864891
leaf_count=5463 644 163 819 129 111 481 151 3986 3051 4897 5848 20567 284
internal_value=-1.99386e-05 5.07913e-05 -0.000362352 -0.000215923 -0.00114838 -0.000875015 0.000469665 0.000346601 -6.69109e-06 0.00019181 -0.000271901 -9.23952e-05 0.00154482
internal_weight=31005.3 25674.4 5330.88 4506.62 824.261 752.8 3117.42 2807.96 22557 6766.29 4421.07 15790.7 309.457
internal_count=46594 38562 8032 6796 1236 1125 4584 4137 33978 10360 6667 23618 447
is_linear=0
shrinkage=0.02


Tree=358
num_leaves=14
num_cat=0
split_feature=12 32 30 31 30 47 31 15 15 35 49 15 30
split_gain=1.06114 1.61999 1.78302 1.2508 1.15555 1.8049 1.53798 1.10745 1.34726 0.947972 0.849568 0.58813 0.56773
threshold=19.837761282550353 0.95000000000000007 0.069549174483144724 1.4331081508618353 -0.23622667526324861 2.4652857557300427 0.56509631383774517 12.821948202105565 10.570588883839333 2.4500000000000006 1.0000000180025095e-35 14.453391595085774 -0.10794050581452198
decision_type=2 2 2 2 2 2 2 2 2 2 2 2 2
left_child=4 7 12 -4 5 6 -1 8 -2 10 -6 -9 -3
right_child=1 2 3 -5 9 -7 -8 11 -10 -11 -12 -13 -14
leaf_value=0.00016799910689761576 1.0096251496461494e-05 0.0011086890878615862 0.0031805667910980617 0 0.00016008999042081215 -0.0016226790375175695 0.0012408740281740552 -0.00213580451018226 0.0015918871423362161 0.0010794206273875692 -0.00016485397611234773 -0.00023506193278858219 -0.00033814399118087013
leaf_weight=2423.2200484275818 1373.5032697916031 199.11238515377045 211.38341724872589 70.036203891038895 3767.0935325324535 181.30738967657089 695.76418605446815 120.60972285270691 256.41638040542603 265.16377127170563 21052.772072017193 169.65640759468079 219.23870846629143
leaf_count=3675 2003 290 308 107 5839 276 1017 183 368 413 31536 245 334
internal_value=-1.95635e-05 0.0003649 0.00118802 0.00241887 -5.54249e-05 0.000295499 0.000411176 5.88064e-05 0.000266715 -0.000102012 -0.000115123 -0.00106827 0.000328679
internal_weight=31005.3 2619.96 699.771 281.42 28385.3 3300.29 3118.98 1920.19 1629.92 25085 24819.9 290.266 418.351
internal_count=46594 3838 1039 415 42756 4968 4692 2799 2371 37788 37375 428 624
is_linear=0
shrinkage=0.02


Tree=359
num_leaves=15
num_cat=0
split_feature=50 41 19 33 12 45 31 31 12 12 19 41 21 19
split_gain=1.06505 1.74916 1.29669 1.23575 1.1478 1.26679 1.13893 1.07679 1.05797 1.34549 1.1659 1.00086 0.74022 0.993086
threshold=1.4500000000000002 0.86488722799420992 1.7304550703435864 0.45000000000000007 17.490443800925352 1.3666666666666669 1.7779524063401329 0.94782039560279341 19.96118791700864 18.902813488892878 -0.28427909755594521 0.99744927990497911 1.1207879000702374 2.6225974476793152
decision_type=2 2 2 2 2 2 2 2 2 2 2 2 2 2
left_child=1 3 8 7 11 -6 -5 -1 9 -2 -10 -3 -4 -14
right_child=2 4 12 6 5 -7 -8 -9 10 -11 -12 -13 13 -15
leaf_value=0.00024684130020352613 0.00019627278885789163 -0.0016813917929138767 0.00051139360361863626 -0.00019385501193659271 7.3185016040805997e-05 -0.00075694033498712007 -0.0015950093873370803 -0.00015315967469571132 -3.3596815557785613e-05 -0.00035892670689580955 0.0017923197942015044 0.00085517511937852856 0.0028710060539570465 7.166350099881712e-05
leaf_weight=7755.4680017232895 5060.1852338910103 69.33048614859581 1016.5334187150002 4921.0470810234547 938.21439042687416 3071.0537287294865 244.5461737215519 4089.252090036869 251.87090769410133 2662.6327229142189 285.53316369652748 410.89920583367348 136.81213417649269 91.89875665307045
leaf_count=11719 7386 101 1580 7558 1433 4633 406 6090 360 3962 404 620 206 136
internal_value=-1.91368e-05 -9.73636e-05 0.000156731 -4.07659e-06 -0.000448434 -0.000560249 -0.000262714 0.000107899 6.46295e-05 3.51612e-06 0.000921057 0.000462781 0.000758577 0.00179991
internal_weight=31005.3 21499.8 9505.47 17010.3 4489.5 4009.27 5165.59 11844.7 8260.22 7722.82 537.404 480.23 1245.24 228.711
internal_count=46594 32560 14034 25773 6787 6066 7964 17809 12112 11348 764 721 1922 342
is_linear=0
shrinkage=0.02


Tree=360
num_leaves=15
num_cat=0
split_feature=24 24 18 32 0 46 17 20 32 21 26 2 15 17
split_gain=1.27004 1.5536 1.62702 1.19626 1.47562 1.11035 1.06729 1.85352 1.20096 1.17744 0.983873 0.899573 0.906274 0.738819
threshold=0.5974354751273 0.5556702292450536 1.493304204968031 1.1500000000000001 11.685914839887758 1.3166666666666669 0.89145610252663687 -3.067114321094166 0.55000000000000016 1.1733200787677942 0.61250000000000016 21.868083333333335 7.2056295637106116 0.96465934324723868
decision_type=2 2 2 2 2 2 2 2 2 2 2 2 2 2
left_child=1 3 13 4 -1 -5 11 8 -8 -9 -4 12 -2 -3
right_child=6 2 10 5 -6 -7 7 9 -10 -11 -12 -13 -14 -15
leaf_value=0.0013740511925548306 -7.3349517281700132e-05 -0.00117210769233706 -0.00095373863804882567 0.00046660410378427292 -0.00017790799497985774 0.0032168479585305393 0 4.9069453540268412e-05 0.0014451523855731818 0.00059287709134944126 -0.0026781380682383321 -0.0020244540984644152 -0.002528781511815788 0.00034056081420719684
leaf_weight=250.15870869159698 819.35849407315254 173.9632260799408 513.79319509863853 507.30621990561485 7556.4771747887135 67.328597962856293 329.75976878404617 17511.373432695866 693.42544093728065 1758.1017554998398 196.71621531248093 136.90666389465332 63.913610368967056 476.39784547686577
leaf_count=409 1230 247 751 832 11728 119 496 25860 1047 2562 316 216 102 682
internal_value=2.50499e-05 -0.00016369 -0.000790571 -6.05457e-05 -0.000126557 0.000816225 0.0001118 0.000143936 0.000973709 9.92605e-05 -0.00145138 -0.000516678 -0.000267632 -5.10826e-05
internal_weight=31055 9742.14 1360.87 8381.27 7806.64 574.635 21312.8 20292.7 1023.19 19269.5 710.509 1020.18 883.272 650.361
internal_count=46597 15084 1996 13088 12137 951 31513 29965 1543 28422 1067 1548 1332 929
is_linear=0
shrinkage=0.02


Tree=361
num_leaves=9
num_cat=0
split_feature=27 14 7 18 18 33 4 18
split_gain=1.20912 1.00201 1.81721 1.47539 1.19965 1.29757 1.19179 1.1846
threshold=2.3865142105686705 12.500000000000002 1.0000000180025095e-35 1.8137223959574027 1.1225861088110483 0.75000000000000011 35.451762148142116 2.9912568655213767
decision_type=2 2 2 2 2 2 2 2
left_child=1 4 3 -3 5 -1 -6 -4
right_child=-2 2 7 -5 6 -7 -8 -9
leaf_value=-0.00037464516767598692 0.0020054725984402122 -0.00016651483169254278 -4.9954687858679287e-05 -0.0016394132236693647 0.00036955242294170503 0.00049333602649080394 3.0389525586660355e-05 0.0019687604523443507
leaf_weight=4210.204234033823 120.84628421068192 530.59913694858551 930.60841995477676 595.66615843772888 5383.404581964016 813.00760036706924 18341.033619970083 129.61031368374825
leaf_count=6316 164 758 1297 823 8199 1267 27599 174
internal_value=2.45354e-05 1.63443e-05 -0.000395702 -0.000955899 4.80568e-05 -0.000232032 0.000107796 0.000190658
internal_weight=31055 30934.1 2186.48 1126.27 28747.7 5023.21 23724.4 1060.22
internal_count=46597 46433 3052 1581 43381 7583 35798 1471
is_linear=0
shrinkage=0.02


Tree=362
num_leaves=15
num_cat=0
split_feature=1 32 0 25 0 0 27 0 20 20 4 21 40 4
split_gain=1.41853 1.49282 1.68616 1.54604 1.50937 1.48274 2.02 1.78241 1.76972 1.58402 1.41186 1.39029 0.963767 0.95576
threshold=21.597666666666672 0.75000000000000011 11.685914839887758 0.22500000000000003 14.184167513905194 25.759809614227869 1.9881855510444739 27.006326776640442 3.0398162278930205 0.46413514303382369 49.749550505493126 1.2292156083199934 0.011528681637256353 40.793645732994257
decision_type=2 2 2 2 2 2 2 2 2 2 2 2 2 2
left_child=1 2 12 13 -5 6 9 11 -9 -2 -4 -7 -1 -3
right_child=5 3 10 4 -6 7 -8 8 -10 -11 -12 -13 -14 -15
leaf_value=2.9935815665812301e-05 0.00060419890845354689 0.0014960738168146681 -0.00045548203954999701 0.0014691914721782155 -0.00018631148783363223 -0.00073238048680685506 0.0033398443821078859 4.8065787209605331e-05 0.0014781153324810638 -3.9068775829117014e-05 0.0014740964943651261 0.001865755313679841 0.0025898899373011214 -0.00011736338076208309
leaf_weight=135.63462203741074 3571.4191296100616 484.4020092189312 6290.2940446138382 238.78562262654305 2545.0126905143261 1626.3456535339355 89.364905059337616 12545.912547200918 354.88551700115204 2630.357371032238 151.21440058946609 82.919219076633453 114.278614372015 194.1540030837059
leaf_count=224 5592 757 9425 355 3784 2478 128 18501 515 3996 228 119 193 302
internal_value=2.40481e-05 -0.000169461 -0.000344354 0.000165657 -3.97651e-05 0.00011854 0.000375227 7.2894e-06 8.84028e-05 0.000329833 -0.00040819 -0.000598464 0.0012515 0.00102074
internal_weight=31055 10153.8 6691.42 3462.35 2783.8 20901.2 6291.14 14610.1 12900.8 6201.78 6441.51 1709.26 249.913 678.556
internal_count=46597 15268 10070 5198 4139 31329 9716 21613 19016 9588 9653 2597 417 1059
is_linear=0
shrinkage=0.02


Tree=363
num_leaves=15
num_cat=0
split_feature=1 32 0 0 37 22 0 22 18 0 20 21 20 40
split_gain=1.36188 1.43308 1.62204 1.4888 1.81815 1.64386 1.42393 1.99348 1.74979 1.71121 1.69995 1.33674 1.32736 0.949067
threshold=21.597666666666672 0.75000000000000011 11.685914839887758 17.973478801075817 0.020376844804105201 -1.3220172473511795 25.759809614227869 -0.40595224662789681 1.9402323945337721 27.006326776640442 3.0398162278930205 1.2292156083199934 0.19096026839154231 0.073890091263089416
decision_type=2 2 2 2 2 2 2 2 2 2 2 2 2 2
left_child=1 2 -1 4 -3 -5 7 13 -9 11 -11 -8 -4 -2
right_child=6 3 12 5 -6 -7 9 8 -10 10 -12 -13 -14 -15
leaf_value=0.0012276783456219131 0.0012939447795816531 -0.0012945774097417385 -0.00066190915366224972 -0.0012750271898658082 0.00088203925321498071 0.00010841041996746209 -0.00071775086608240584 -4.0573401597154046e-06 0.0010040087450958373 4.7104621755727783e-05 0.0014487186880882618 0.0018293190232671823 -8.0924683378998653e-05 7.7263723553079616e-05
leaf_weight=249.91323640942574 1127.5567393898964 167.98740005493164 3519.1425134539604 439.49247449636459 1349.2526913881302 1505.6217595040798 1626.3456535339355 3982.3973889946938 825.94795829057693 12545.912547200918 354.88551700115204 82.919219076633453 2922.3659317493439 355.23931902647018
leaf_count=417 1738 262 5334 666 2032 2238 2478 6061 1364 18501 515 119 4319 553
internal_value=2.36094e-05 -0.000165988 -0.000337355 0.000162317 0.000633077 -0.000200026 0.000116201 0.000367747 0.000167369 7.16458e-06 8.6655e-05 -0.000586351 -0.000399989 0.00100969
internal_weight=31055 10153.8 6691.42 3462.35 1517.24 1945.11 20901.2 6291.14 4808.35 14610.1 12900.8 1709.26 6441.51 1482.8
internal_count=46597 15268 10070 5198 2294 2904 31329 9716 7425 21613 19016 2597 9653 2291
is_linear=0
shrinkage=0.02


Tree=364
num_leaves=10
num_cat=0
split_feature=25 1 20 21 18 37 37 20 18
split_gain=1.37867 1.14895 1.34778 1.82654 1.02367 2.02441 1.4422 1.00051 0.737363
threshold=2.5500000000000003 21.597666666666672 -3.142953536246297 0.81358144029123391 1.5021956378618648 0.072931893212283619 0.0060726266826009014 1.6471213146775343 1.9793985409924806
decision_type=2 2 2 2 2 2 2 2 2
left_child=1 4 3 -3 6 -6 -1 -4 -2
right_child=8 2 7 -5 5 -7 -8 -9 -10
leaf_value=-0.0013000356705854988 0.0032255440530536855 0 0.00012305805767100128 0.0017620399075136196 0.00083148951901210264 -0.00083772664840674476 -4.7437982265952657e-07 -0.00026747293688842675 0.00070396315803884443
leaf_weight=356.17655324935913 72.492330849170685 489.86028730869293 16628.372670441866 445.6972681581974 341.35110694169998 1740.2455191016197 7710.2809919714928 3102.3871787786484 168.11644276976585
leaf_count=579 104 765 24958 651 531 2640 11510 4622 237
internal_value=2.31551e-05 1.10037e-05 9.68839e-05 0.000838632 -0.000162889 -0.000558665 -5.94043e-05 6.11248e-05 0.00152523
internal_weight=31055 30814.4 20666.3 935.558 10148.1 2081.6 8066.46 19730.8 240.609
internal_count=46597 46256 30996 1416 15260 3171 12089 29580 341
is_linear=0
shrinkage=0.02


Tree=365
num_leaves=11
num_cat=0
split_feature=24 27 24 49 33 24 12 22 47 24
split_gain=2.3456 1.60642 1.29164 1.73458 1.46405 1.38713 1.1635 2.05798 1.14433 1.06731
threshold=1.7090904247144743 2.3865142105686705 1.5175323826954117 1.7500000000000002 -0.24999999999999992 0.87836214164545579 18.706327139539649 0.61255389727112519 2.9792141212219634 0.29164392008399592
decision_type=2 2 2 2 2 2 2 2 2 2
left_child=2 6 3 5 -4 -1 7 -2 -6 -5
right_child=1 -3 4 9 8 -7 -8 -9 -10 -11
leaf_value=-5.6205048544554965e-07 0.00050634010176857358 0.00084712244094227289 -0.0010809164299149581 0.0020223837050115955 0.0014315366349742476 0.00034084859963498033 -0.0025531415158209607 -0.0027256798474920478 -0.0011264411911947653 -0.00033131490436394856
leaf_weight=17311.012810111046 200.20916679501534 129.1168258190155 132.39684095978737 75.072805345058441 656.20304131507874 6533.3111357390881 265.75862774252892 123.73097801208496 72.351463556289673 5558.1970610320568
leaf_count=26309 304 174 204 138 992 9655 448 189 93 8141
internal_value=1.32605e-05 -0.00111383 4.03662e-05 1.76907e-05 0.00080331 9.25854e-05 -0.00156151 -0.00070662 0.00116143 -0.000297467
internal_weight=31057.4 718.816 30338.5 29477.6 860.951 23844.3 589.699 323.94 728.555 5633.27
internal_count=46647 1115 45532 44243 1289 35964 941 493 1085 8279
is_linear=0
shrinkage=0.02


Tree=366
num_leaves=11
num_cat=0
split_feature=49 14 1 23 23 20 46 40 23 12
split_gain=1.54844 2.13423 1.68456 1.59033 2.54019 1.16135 1.53261 1.13133 1.23743 1.05779
threshold=1.7500000000000002 13.500000000000002 38.674666666666674 0.41023720706137856 0.50326374458594436 1.1985958023737207 2.1055555555555561 -0.063706308047396784 1.1008554335097593 19.853538219097992
decision_type=2 2 2 2 2 2 2 2 2 2
left_child=2 3 5 -2 -5 6 -1 -4 -9 -7
right_child=1 -3 7 4 -6 9 -8 8 -10 -11
leaf_value=0.00013431838099969495 -0.0024838461232426843 -0.0026518034019648246 -2.5545671112366218e-05 0.0026819178853619684 -0.00021034910424162556 -0.00025830107204856346 0.002297830452739688 0.00080229167834548591 0.0045566301545654896 0.00068645835458840565
leaf_weight=17984.351996421814 118.16922184824944 143.72943422198296 82.364074885845184 121.40129914879799 6486.4762393534184 5320.5331674218178 130.59330981969833 79.142239898443222 76.825696021318436 513.77407738566399
leaf_count=27295 170 198 127 170 9547 7960 186 121 124 749
internal_value=1.2979e-05 -0.000251583 8.8548e-05 -0.000198033 -0.000154903 7.13873e-05 0.000150719 0.00175642 0.00274916 -0.000173185
internal_weight=31057.4 6869.78 24187.6 6726.05 6607.88 23949.3 18114.9 238.332 155.968 5834.31
internal_count=46647 10085 36562 9887 9717 36190 27481 372 245 8709
is_linear=0
shrinkage=0.02


Tree=367
num_leaves=11
num_cat=0
split_feature=49 14 1 23 23 40 46 1 23 3
split_gain=1.4878 2.05071 1.61948 1.52834 2.44124 1.09028 0.936231 1.02132 0.954902 0.730166
threshold=1.7500000000000002 13.500000000000002 38.674666666666674 0.41023720706137856 0.50326374458594436 -0.063706308047396784 2.1055555555555561 36.642833333333343 1.0461324741756732 48.886290961545392
decision_type=2 2 2 2 2 2 2 2 2 2
left_child=2 3 6 -2 -5 -4 7 -1 -8 -7
right_child=1 -3 5 4 -6 9 8 -9 -10 -11
leaf_value=8.1991819515964687e-05 -0.0024349960051248867 -0.0025994952317738669 -2.5046832701484436e-05 0.002629148867332105 -0.00020614343085405547 0.0011313147821570833 0.0027907501166472967 -0.00069195246918896591 -6.5197035545506052e-05 0.0041282928544402369
leaf_weight=23076.481149315834 118.16922184824944 143.72943422198296 82.364074885845184 121.40129914879799 6486.4762393534184 79.544282525777817 99.597935348749161 698.71610698103905 74.457359403371811 76.423653393983841
leaf_count=34867 170 198 127 170 9547 119 137 1075 111 126
internal_value=1.27265e-05 -0.000246596 8.68072e-05 -0.000194072 -0.00015176 0.00172218 6.99727e-05 5.87699e-05 0.00152537 0.0026968
internal_weight=31057.4 6869.78 24187.6 6726.05 6607.88 238.332 23949.3 23775.2 174.055 155.968
internal_count=46647 10085 36562 9887 9717 372 36190 35942 248 245
is_linear=0
shrinkage=0.02


Tree=368
num_leaves=15
num_cat=0
split_feature=49 13 40 19 20 26 40 20 19 40 20 40 51 40
split_gain=1.42939 1.53983 2.31889 1.84866 1.64608 1.5205 1.47537 1.32025 1.37744 1.2348 0.935364 1.32279 0.839097 0.613828
threshold=1.7500000000000002 0.14125109274087677 -0.21855165155460851 0.59146807487326225 0.46413514303382369 0.41428571428571431 -0.10841355511814683 1.1985958023737207 -2.0878351675266216 -0.18355408954410232 0.9658476063501561 0.20016703738916483 -0.099999999999999936 0.0051025900299738513
decision_type=2 2 2 2 2 2 2 2 2 2 2 2 2 2
left_child=7 2 3 -2 -4 -3 -7 10 13 -10 12 -12 -1 -9
right_child=1 5 4 -5 -6 6 -8 8 9 -11 11 -13 -14 -15
leaf_value=0.00047610473085681233 1.9128529825036084e-06 0.0017879956266827739 -0.0011514014097355175 0.0032479966375953059 -5.5639486013880827e-05 -0.00073032699586721486 0.00016634006871678181 0.0012989184942064701 -0.0012682213798272926 -0.00017504550622288176 0.001046046699447571 -0.0017477703462616511 7.8673454151965313e-05 -0.00016316280953734621
leaf_weight=2498.7545461952686 275.25144264101982 182.8219131231308 1743.7168646156788 95.165705800056458 828.51262697577477 995.93221309781075 2748.3754283189774 342.40162864327431 454.76964393258095 4913.547994017601 805.45202627778053 69.725119233131409 14948.204661160707 154.72894239425659
leaf_count=3638 387 288 2452 143 1134 1508 4173 517 673 7345 1203 103 22861 222
internal_value=1.24652e-05 -0.000241708 -0.000587543 0.000875696 -0.00080266 1.50521e-05 -6.97538e-05 8.50832e-05 -0.000175196 -0.000269952 0.000168962 0.000808586 0.000136215 0.000824989
internal_weight=31057.4 6869.78 2942.65 370.417 2572.23 3927.13 3744.31 24187.6 5865.45 5368.32 18322.1 875.177 17447 497.131
internal_count=46647 10085 4116 530 3586 5969 5681 36562 8757 8018 27805 1306 26499 739
is_linear=0
shrinkage=0.02


Tree=369
num_leaves=12
num_cat=0
split_feature=24 46 24 13 49 14 24 4 51 49 22
split_gain=2.20503 1.62181 1.26735 1.68075 1.49734 1.96338 1.31464 1.00767 0.674994 0.521074 0.504155
threshold=1.7090904247144743 3.0500000000000003 1.5175323826954117 1.0000000180025095e-35 1.7500000000000002 13.500000000000002 0.87836214164545579 49.87114996927523 1.0000000180025095e-35 2.7500000000000004 1.0407517476815171
decision_type=2 2 2 2 2 2 2 2 2 2 2
left_child=2 9 4 7 6 -6 -1 -4 -5 10 -2
right_child=1 -3 3 8 5 -7 -8 -9 -10 -11 -12
leaf_value=-5.0183587594360459e-06 -0.00082311899726452071 0.00074615360639257086 0.00035596336463042307 -9.5769030394171755e-05 -0.00021992692217402945 -0.0028289030312498636 0.00032736467165429486 -0.002057672134463655 0.0018143072811591977 -0.0031364214092403069 -0.0023343739702962633
leaf_weight=17311.012810111046 353.60624268651009 146.17633613944054 250.75327581167221 76.828106284141541 5516.559271633625 116.71059474349022 6533.3111357390881 91.491231232881546 441.87873250246048 80.424533188343048 138.60848635435104
leaf_count=26309 574 196 352 128 8120 159 9655 127 682 114 231
internal_value=1.22196e-05 -0.00108057 3.85104e-05 0.000794228 1.60466e-05 -0.000276739 8.56546e-05 -0.000268424 0.00151291 -0.00156526 -0.00127665
internal_weight=31057.4 718.816 30338.5 860.951 29477.6 5633.27 23844.3 342.245 518.707 572.639 492.215
internal_count=46647 1115 45532 1289 44243 8279 35964 479 810 919 805
is_linear=0
shrinkage=0.02


Tree=370
num_leaves=15
num_cat=0
split_feature=30 5 3 33 19 3 16 3 16 19 45 51 3 51
split_gain=1.21185 1.54928 1.69771 2.00135 1.46693 1.1194 1.29399 1.22669 1.19717 1.13837 1.02599 1.10441 1.01443 0.732409
threshold=-0.065728214176617131 49.65047544930308 47.039422207676594 -0.24999999999999992 1.1234778772925245 49.234331027055184 19.41 48.075032098701939 18.870000000000008 1.3320661510040248 2.4500000000000006 1.4500000000000004 49.911427837539385 0.95000000000000018
decision_type=2 2 2 2 2 2 2 2 2 2 2 2 2 2
left_child=5 2 3 -2 -4 7 12 8 -1 -8 11 -3 -7 -12
right_child=1 10 4 -5 -6 6 9 -9 -10 -11 13 -13 -14 -15
leaf_value=0.00020066248070965003 0.00049459399627955244 0.0004905018903040017 -0.00090379755339643623 -0.00016301427832028336 0.00018476541879807422 -0.0012013132372852 0.00090917997723948289 0.0009387746567226311 -0.00146285162574915 -0.0017284573573803481 -0.001417794999379586 0.0022162837861649815 0.0003517933383101892 0.00033577056073428333
leaf_weight=9398.7159929573536 2163.9784089624882 1277.9631797969341 1913.8632916510105 12592.390813082457 647.87704464793205 678.22806453704834 395.32083061337471 914.94059371948242 173.04021498560905 74.506596833467484 172.11030849814415 172.24287140369415 210.52257719635963 194.5529890358448
leaf_count=14020 3060 1996 2872 18960 1037 1019 611 1379 260 123 277 250 358 270
internal_value=7.66843e-06 -9.04073e-05 -0.000149148 -6.58464e-05 -0.000624665 0.000166934 -0.000369994 0.000237505 0.000169245 0.000464148 0.000463552 0.000705131 -0.000822231 -0.000463447
internal_weight=30980.3 19135 17318.1 14756.4 2561.74 11845.3 1358.58 10486.7 9571.76 469.827 1816.87 1450.21 888.751 366.663
internal_count=46492 28722 25929 22020 3909 17770 2111 15659 14280 734 2793 2246 1377 547
is_linear=0
shrinkage=0.02


Tree=371
num_leaves=14
num_cat=0
split_feature=30 5 3 33 3 23 3 16 16 36 51 3 21
split_gain=1.16349 1.48868 1.63003 1.92222 1.07488 1.608 1.1781 1.1504 0.923084 0.916832 1.41215 0.788892 0.758722
threshold=-0.065728214176617131 49.65047544930308 47.039422207676594 -0.24999999999999992 49.234331027055184 0.6426339103696368 48.075032098701939 18.870000000000008 21.310000000000006 0.43650793650793651 1.2500000000000002 49.598249995677016 1.0273324759779239
decision_type=2 2 2 2 2 2 2 2 2 2 2 2 2
left_child=4 2 3 -2 6 -6 7 -1 -7 -3 -11 -4 -8
right_child=1 9 11 -5 5 8 12 -9 -10 10 -12 -13 -14
leaf_value=0.00019665008534332229 0.00048471126395936817 0.00087666673328495306 -0.00052019204617970941 -0.00015975450774795866 -0.0027961853818239948 -0.00047786296253259683 0.00047431918235240635 -0.0014339288837097045 0.00076431590409940201 -0.00059245010153973236 0.0011340158885979289 -0.0020703305983725286 0.0017203028380030321
leaf_weight=9398.7159929573536 2163.9784089624882 963.74256935715675 2418.8505629301071 12592.390813082457 99.049645781517029 945.03363981842995 597.71410924196243 173.04021498560905 314.49478358030319 572.63490259647369 280.49187678098679 142.88977336883545 317.22648447751999
leaf_count=14020 3060 1520 3675 18960 153 1459 909 260 499 890 383 234 470
internal_value=7.527e-06 -8.85653e-05 -0.000146155 -6.4515e-05 0.000163588 -0.000362496 0.000232753 0.000165834 -0.000159053 0.000454426 -1.1802e-05 -0.000612104 0.00092004
internal_weight=30980.3 19135 17318.1 14756.4 11845.3 1358.58 10486.7 9571.76 1259.53 1816.87 853.127 2561.74 914.941
internal_count=46492 28722 25929 22020 17770 2111 15659 14280 1958 2793 1273 3909 1379
is_linear=0
shrinkage=0.02


Tree=372
num_leaves=10
num_cat=0
split_feature=40 30 21 35 33 23 30 12 5
split_gain=1.17484 1.72672 1.19089 1.13825 1.1003 1.05131 1.07996 1.73105 1.59792
threshold=0.15098232871244863 0.41529743618751963 0.67942997394814852 3.1000000000000005 0.14999999999999999 2.9999456250760885 -0.14634871586054385 17.985693838783494 27.831619167295774
decision_type=2 2 2 2 2 2 2 2 2
left_child=5 2 -2 -4 -3 6 8 -8 -1
right_child=1 4 3 -5 -6 -7 7 -9 -10
leaf_value=0.0013266090232879281 0.0018660052937271958 -0.0039777789934725086 -0.00019690866378018677 -0.0024356004546470327 -0.00084155578154035654 0.0022012251666852179 -0.00036825969308677413 8.1014554596742276e-05 0.00018269914352069702
leaf_weight=538.64442846179008 106.54369032382965 75.858072251081467 4480.2765462100506 91.764748752117157 135.08354404568672 89.716538399457932 4402.1810230016708 15476.259288609028 5583.9258978664875
leaf_count=830 171 110 6723 145 201 171 6594 23189 8358
internal_value=7.3669e-06 -0.000276702 -0.000194085 -0.000245073 -0.00204312 6.10031e-05 5.3065e-05 -1.80035e-05 0.00028537
internal_weight=30980.3 4889.53 4678.58 4572.04 210.942 26090.7 26001 19878.4 6122.57
internal_count=46492 7350 7039 6868 311 39142 38971 29783 9188
is_linear=0
shrinkage=0.02


Tree=373
num_leaves=12
num_cat=0
split_feature=22 5 23 5 22 50 50 22 5 23 5
split_gain=0.854031 1.57669 1.49985 1.37944 0.885172 1.21004 1.35999 1.11398 1.41901 1.31355 0.517883
threshold=-2.8960111257956211 48.758462087966699 0.6426339103696368 46.720215537733274 -1.7958323827126135 2.4500000000000006 1.1500000000000004 0.092981901656870009 36.050606003087104 0.78502464988273191 37.884066124023875
decision_type=2 2 2 2 2 2 2 2 2 2 2
left_child=1 3 -3 10 5 6 -2 8 -6 -9 -1
right_child=4 2 -4 -5 7 -7 -8 9 -10 -11 -12
leaf_value=-0.00044932345082423662 1.6086121474722481e-05 -0.0024273050174240091 0.00086616651187702387 0.0034211619137491018 0.00041976198545956605 0.0020363135904118762 -0.00098347392638574319 -0.00070659882261223193 -4.7327777103093098e-06 -3.7373770528742973e-05 0.0012889178455545369
leaf_weight=90.75253814458847 1056.2966043651104 98.381123661994934 115.9257937669754 108.10534819960594 5048.71301689744 75.654970914125443 1080.7586671113968 1287.4072545170784 8248.6031356155872 13564.74678465724 204.90854007005692
leaf_count=138 1589 141 177 162 7618 109 1583 1916 12309 20441 309
internal_value=7.21032e-06 0.000742151 -0.000607989 0.00148287 -7.4692e-06 -0.000392697 -0.000485187 2.24825e-05 0.000155726 -9.61438e-05 0.000722339
internal_weight=30980.3 618.073 214.307 403.766 30362.2 2212.71 2137.06 28149.5 13297.3 14852.2 295.661
internal_count=46492 927 318 609 45565 3281 3172 42284 19927 22357 447
is_linear=0
shrinkage=0.02


Tree=374
num_leaves=15
num_cat=0
split_feature=30 5 5 51 22 16 12 19 35 12 12 31 48 12
split_gain=1.08158 1.44161 1.56545 1.83033 1.18901 1.66758 1.26124 1.2541 1.37731 1.07596 0.794551 0.7731 1.01482 0.732459
threshold=-0.065728214176617131 49.65047544930308 47.713529400599228 4.1633363423443376e-17 0.092981901656870009 6.8775000000000004 17.007113540591586 -3.2307800987559356 1.0000000180025095e-35 17.795373015678354 17.866824675577877 1.2552555758799371 1.2500000000000002 17.361857473951826
decision_type=2 2 2 2 2 2 2 2 2 2 2 2 2 2
left_child=4 2 3 -2 7 13 -7 9 -9 -1 -4 12 -3 -6
right_child=1 11 10 -5 5 6 -8 8 -10 -11 -12 -13 -14 -15
leaf_value=-0.0027429996807869722 0.00037225425033164401 0.00073316394328113755 -0.0014771302524885814 -0.00017866323716077517 0.0010132744121277893 -0.0018897075502473429 0.00015737196717136541 0.00089472533393014945 0.00022444072277388687 -0.00021148631534568738 -0.00045635891727641446 0.001126448165569069 -0.00036815990171121092 -0.0011049259551799964
leaf_weight=80.345044910907745 3005.6045324504375 675.4982698559761 381.34218266606331 12069.715709537268 65.052433371543884 122.42838242650032 3366.7973589599133 1612.2213530242443 5417.1652748584747 432.75393435359001 1861.4471336901188 493.91320443153381 647.45787444710732 748.51108893752098
leaf_count=114 4425 1053 559 18155 93 181 5076 2427 8083 631 2790 774 966 1165
internal_value=7.0641e-06 -8.55721e-05 -0.000142252 -6.81274e-05 0.000157543 -0.000105997 8.16392e-05 0.000309199 0.000379806 -0.000636415 -0.000635537 0.000448759 0.000186884 -0.000921224
internal_weight=30980.3 19135 17318.1 15075.3 11845.3 4302.79 3489.23 7542.49 7029.39 513.099 2242.79 1816.87 1322.96 813.564
internal_count=46492 28722 25929 22580 17770 6515 5257 11255 10510 745 3349 2793 2019 1258
is_linear=0
shrinkage=0.02


Tree=375
num_leaves=6
num_cat=0
split_feature=20 24 12 23 3
split_gain=1.38924 1.26049 1.06073 1.24137 1.11747
threshold=-7.4917074892434874 0.068587426900460255 20.10868634568331 1.1696931798523014 31.183733528163263
decision_type=2 2 2 2 2
left_child=-1 -2 3 -3 -4
right_child=1 2 4 -5 -6
leaf_value=0.002169295059309042 0.002026085561856337 1.354032432077769e-05 -0.0013494100943156528 -0.00028090695653956699 0.00071004260850698637
leaf_weight=113.18931382894516 116.59013026952744 21772.626542299986 110.93248280882835 7742.4790713191032 1174.0332637727261
leaf_count=176 243 32386 164 11949 1712
internal_value=-2.18436e-05 -3.03288e-05 -3.85689e-05 -6.33749e-05 0.000522657
internal_weight=31029.9 30916.7 30800.1 29515.1 1284.97
internal_count=46630 46454 46211 44335 1876
is_linear=0
shrinkage=0.02


Tree=376
num_leaves=12
num_cat=0
split_feature=2 18 23 30 23 4 30 23 27 23 27
split_gain=1.1164 2.37968 1.66863 1.42331 1.05552 1.37703 1.67294 1.43841 1.00567 1.76949 1.3089
threshold=37.888750000000009 3.050091413162809 0.97376095226458503 -0.011928624928020699 1.1657403604722005 47.137556834878545 0.017989211480870303 2.9999456250760885 0.63465131198575364 0.80433220032392627 0.3452594600880135
decision_type=2 2 2 2 2 2 2 2 2 2 2
left_child=4 3 -3 -2 8 7 -7 -6 10 -10 -1
right_child=1 2 -4 -5 5 6 -8 -9 9 -11 -12
leaf_value=-0.00010339430867404677 -0.00082191445515272061 -0.00021141878324036162 -0.0033697647094400687 0.0025275581629173711 -0.00040028698397220837 0.00084204898159703561 -0.00026976751368851362 0.0019788356456262434 -0.00034639876343715853 0.00013009996737618713 0.00040225146905819653
leaf_weight=3084.4779999256134 104.00722652673721 120.69735479354858 172.08818918466568 91.045043587684631 5882.0562934279442 978.53141918778419 1188.6267796754837 100.17160376906395 4926.9456451237202 8450.377519339323 5930.8257297575474
leaf_count=4791 159 177 257 141 8963 1573 1854 189 7202 12407 8917
internal_value=-2.13832e-05 -0.000968747 -0.00211197 0.000700565 -5.86139e-06 -0.000201029 0.000227952 -0.00035813 6.47315e-05 -4.46754e-05 0.000228157
internal_weight=31029.9 487.838 292.786 195.052 30542 8149.39 2167.16 5982.23 22392.6 13377.3 9015.3
internal_count=46630 734 434 300 45896 12579 3427 9152 33317 19609 13708
is_linear=0
shrinkage=0.02


Tree=377
num_leaves=9
num_cat=0
split_feature=24 2 13 24 23 1 4 43
split_gain=1.08547 1.05507 1.25876 1.83227 1.1292 1.96421 1.38914 0.822376
threshold=0.068587426900460255 37.888750000000009 0.78487238567883744 1.3651865190810493 1.1657403604722005 34.133833333333342 43.560137032734652 0.35000000000000003
decision_type=2 2 2 2 2 2 2 2
left_child=-1 4 3 -3 5 -2 -6 -4
right_child=1 2 7 -5 6 -7 -8 -9
leaf_value=0.0018360126875699454 -1.0001196865471798e-05 -0.002907230482462489 0.0016882011836522966 0.00034194043205035745 -0.00043602542562743644 0.00056288397468406699 9.3696697341691016e-05 -0.00087153949560481116
leaf_weight=123.23867771029472 19596.149581074715 193.73359668254852 88.897912800312042 99.037474930286407 4757.0920057296753 2720.3556535243988 3345.1770721673965 106.16882967948914
leaf_count=257 29069 285 143 135 7259 4084 5227 171
internal_value=-2.09615e-05 -2.88079e-05 -0.000949933 -0.00177933 -1.36453e-05 5.9429e-05 -0.000216116 0.000249563
internal_weight=31029.9 30906.6 487.838 292.771 30418.8 22316.5 8102.27 195.067
internal_count=46630 46373 734 420 45639 33153 12486 314
is_linear=0
shrinkage=0.02


Tree=378
num_leaves=13
num_cat=0
split_feature=2 25 13 33 15 12 22 31 12 4 12 27
split_gain=1.03038 1.22085 2.45607 1.46851 1.07592 0.933953 1.10574 0.927855 0.728233 1.86935 0.803943 0.625785
threshold=37.888750000000009 1.1000000000000003 0.78487238567883744 0.14999999999999999 21.723153682571041 20.10868634568331 0.5988882454887402 1.3166289855992586 18.260575147312828 49.999765401398214 18.504648193171253 1.5594144021166225
decision_type=2 2 2 2 2 2 2 2 2 2 2 2
left_child=4 2 -2 -3 5 6 -1 -7 9 -6 -10 -5
right_child=1 3 -4 11 8 7 -8 -9 10 -11 -12 -13
leaf_value=4.0715281486972883e-05 -0.003658957679960417 0.0017116173831907711 0.00044307158280683449 0 0.0026486354976618279 0.00076293875666596546 -0.00022230340833049279 -0.00060429127236086267 0.0033257336287759206 -0.00086163063550199332 0.00085894081963792382 -0.0026156782905663706
leaf_weight=19049.633330345154 138.16030728816986 112.84932139515877 92.625523269176483 72.939277082681656 81.514641731977463 1047.1989614665508 9590.1704651415348 235.09172770380974 74.288652211427689 218.09945809841156 246.01575350761414 71.263385057449341
leaf_count=28556 199 169 159 108 123 1526 14508 348 111 328 396 99
internal_value=-2.0529e-05 -0.000930669 -0.00197999 0 -5.60422e-06 -2.30409e-05 -4.7018e-05 0.000503937 0.000817313 7.14668e-05 0.00147918 -0.0013101
internal_weight=31029.9 487.838 230.786 257.052 30542 29922.1 28639.8 1282.29 619.919 299.614 320.304 144.203
internal_count=46630 734 358 376 45896 44938 43064 1874 958 451 507 207
is_linear=0
shrinkage=0.02


Tree=379
num_leaves=6
num_cat=0
split_feature=20 23 23 15 27
split_gain=1.33079 1.06554 0.98904 0.944874 0.903095
threshold=-7.4917074892434874 2.9999456250760885 1.1696931798523014 22.296422430853109 0.63465131198575364
decision_type=2 2 2 2 2
left_child=-1 2 4 -4 -2
right_child=1 -3 3 -5 -6
leaf_value=0.0021244801751214354 0.00018703367107197953 0.0018871007218487508 -0.00025119172378443419 0.0017842099297686743 -7.0314848777040925e-05
leaf_weight=113.18931382894516 9003.4053744673729 113.53416150808334 7940.1008507609367 89.191057533025742 13770.430046200752
leaf_count=176 13691 216 12214 145 20188
internal_value=-2.00967e-05 -2.84085e-05 -3.59154e-05 -0.000226898 3.09937e-05
internal_weight=31029.9 30916.7 30803.1 8029.29 22773.8
internal_count=46630 46454 46238 12359 33879
is_linear=0
shrinkage=0.02


Tree=380
num_leaves=10
num_cat=0
split_feature=23 21 21 46 23 30 19 16 30
split_gain=1.31867 1.04841 1.79243 1.30283 1.30008 1.56624 1.25195 0.90892 0.757813
threshold=2.0260352104853125 1.2428599110861771 1.2292156083199934 0.95000000000000007 1.0634925475256605 0.15530429006854438 -0.57100554938050319 26.390000000000004 -0.10794050581452198
decision_type=2 2 2 2 2 2 2 2 2
left_child=1 2 7 -4 5 -3 -6 -1 -2
right_child=8 4 3 -5 6 -7 -8 -9 -10
leaf_value=1.8483403830158175e-05 -0.00073168495452437731 -0.00034336624018332202 -7.1418770635379606e-05 0.0027975992722040618 -0.0028491500083936876 0.0019874873578906841 -0.00067820317161624514 0.0010639642290701584 0.0014808762278638397
leaf_weight=28536.819291085005 66.384370297193527 635.93362900614738 92.713704794645309 160.50077334046364 134.92988762259483 138.37498542666435 595.2490159869194 335.12654274702072 372.434002161026
leaf_count=42803 129 922 132 232 198 205 906 531 639
internal_value=3.5186e-05 1.92217e-05 4.61436e-05 0.00171561 -0.000494688 6.43412e-05 -0.00109972 3.10378e-05 0.00112167
internal_weight=31068.5 30629.6 29125.2 253.214 1504.49 774.309 730.179 28871.9 438.818
internal_count=46697 45929 43698 364 2231 1127 1104 43334 768
is_linear=0
shrinkage=0.02


Tree=381
num_leaves=10
num_cat=0
split_feature=16 17 17 14 30 18 30 45 27
split_gain=0.865154 1.55815 0.907955 1.20338 1.17038 1.02384 1.71924 0.802323 0.623126
threshold=26.390000000000004 3.0429629553281079 2.4118308810852196 6.5000000000000009 0.10917652649381472 2.2522606739648361 -0.054416680660201992 3.4500000000000006 1.4245932133916475
decision_type=2 2 2 2 2 2 2 2 2
left_child=2 -2 5 -4 -5 7 -7 -1 -3
right_child=1 8 3 4 -6 6 -8 -9 -10
leaf_value=6.7121939483172135e-05 0.0031525888983381964 0.0010894615620626004 -0.0024243840083407837 2.6531188685850602e-05 -0.0004824707135894051 0.0014087535826969708 7.6143357047056496e-06 -0.0012454737980919278 -0.0009364154913895173
leaf_weight=20409.957572549582 97.252025872468948 128.88332778215408 90.525223284959793 6028.0154143869877 2558.7794075906277 612.96293842792511 847.7577231824398 185.34138029813766 108.99118909239769
leaf_count=30877 171 203 146 8867 3739 943 1314 280 157
internal_value=3.44793e-05 0.00104281 2.30916e-05 -0.000149762 -0.000124059 9.15569e-05 0.000603534 5.47043e-05 0.000119473
internal_weight=31068.5 335.127 30733.3 8677.32 8586.79 22056 1460.72 20595.3 237.875
internal_count=46697 531 46166 12752 12606 33414 2257 31157 360
is_linear=0
shrinkage=0.02


Tree=382
num_leaves=9
num_cat=0
split_feature=23 16 27 14 23 27 0 30
split_gain=1.2647 0.859013 0.908475 0.815081 1.33474 0.767266 0.745284 0.729897
threshold=2.0260352104853125 26.390000000000004 0.97407350139445448 10.500000000000002 0.71700615752601848 0.2019341357233829 35.308841186246745 -0.10794050581452198
decision_type=2 2 2 2 2 2 2 2
left_child=1 3 -3 5 -5 -1 -4 -2
right_child=7 2 6 4 -6 -7 -8 -9
leaf_value=-0.00048216112319216675 -0.00071940906892614719 0.002954055751179306 0.001321450183406082 0.00026342577376591909 -0.00029136637567492003 0.00010158018221361797 -0.0008069649982880789 0.0014505460919218424
leaf_weight=935.8706967830658 66.384370297193527 74.996445834636688 153.21046841144562 2303.2917647659779 6849.4966553747654 20205.862170338631 106.91962850093842 372.434002161026
leaf_count=1552 129 128 245 3313 9890 30643 158 639
internal_value=3.3797e-05 1.81561e-05 0.00102235 6.65063e-06 -0.000150634 7.52239e-05 0.00040899 0.00109782
internal_weight=31068.5 30629.6 335.127 30294.5 9152.79 21141.7 260.13 438.818
internal_count=46697 45929 531 45398 13203 32195 403 768
is_linear=0
shrinkage=0.02


Tree=383
num_leaves=9
num_cat=0
split_feature=23 46 23 19 14 8 34 23
split_gain=1.21369 0.873829 1.19031 0.788992 1.06142 0.726441 0.681059 0.525117
threshold=2.0260352104853125 0.38750000000000007 1.1900337852645604 -1.3546100918472541 11.500000000000002 3.5000000000000004 0.2130053218246751 1.4345531095394375
decision_type=2 2 2 2 2 2 2 2
left_child=1 2 6 5 -5 -3 -1 -4
right_child=-2 3 7 4 -6 -7 -8 -9
leaf_value=-0.00047821547873264217 0.0010754722523117271 0.00046841306773798898 -0.0027841433692240118 4.9293899098275381e-05 -0.00031182676148357576 -2.528126535462832e-05 0.0009088399770029558 -0.00057977472961781801
leaf_weight=727.16497880220413 438.81837245821953 2952.4718272089958 118.37170904874802 20777.190155625343 3857.044428229332 1936.4481266736984 170.47929105162621 90.477313369512558
leaf_count=1151 768 4330 194 31462 5487 2884 264 157
internal_value=3.31259e-05 1.7797e-05 -0.000532876 3.8809e-05 -6.86249e-06 0.000270891 -0.000202238 -0.00189115
internal_weight=31068.5 30629.6 1106.49 29523.2 24634.2 4888.92 897.644 208.849
internal_count=46697 45929 1766 44163 36949 7214 1415 351
is_linear=0
shrinkage=0.02


Tree=384
num_leaves=9
num_cat=0
split_feature=23 21 21 46 23 14 45 33
split_gain=1.16587 1.00473 1.72115 1.2525 1.24116 1.79536 0.686316 0.658224
threshold=2.0260352104853125 1.2428599110861771 1.2292156083199934 0.95000000000000007 1.0634925475256605 9.5000000000000018 3.3666666666666671 -0.14999999999999988
decision_type=2 2 2 2 2 2 2 2
left_child=1 2 6 -4 -3 -6 -1 -2
right_child=7 4 3 -5 5 -7 -8 -9
leaf_value=4.4436431884064515e-05 -0.00036851105445402578 6.0234228779467518e-05 -7.0511355887990684e-05 0.0027406676997774122 -7.5219709310432763e-05 -0.0020859806818360901 -0.00059810943102230497 0.0014548820464384787
leaf_weight=28194.432729363441 91.013022184371948 774.30861443281174 92.713704794645309 160.50077334046364 372.51108261942863 357.6678209900856 677.51310446858406 347.80535027384758
leaf_count=42347 145 1127 132 232 574 530 987 623
internal_value=3.24484e-05 1.74179e-05 4.37807e-05 0.00167969 -0.00048568 -0.00107683 2.89716e-05 0.00105406
internal_weight=31068.5 30629.6 29125.2 253.214 1504.49 730.179 28871.9 438.818
internal_count=46697 45929 43698 364 2231 1104 43334 768
is_linear=0
shrinkage=0.02


Tree=385
num_leaves=12
num_cat=0
split_feature=16 34 6 23 2 50 23 23 21 23 23
split_gain=1.44753 1.79101 1.16471 1.68745 1.1174 1.09055 1.09246 0.938169 1.43612 0.886013 0.789948
threshold=6.3225000000000025 1.4278994209382714 2.5000000000000004 1.4666012725087569 14.780648148148151 2.5500000000000003 1.0838527669718589 0.93842105887073968 1.0702932656688593 2.0260352104853125 0.77257871858654759
decision_type=2 2 2 2 2 2 2 2 2 2 2
left_child=1 2 10 -4 7 9 -7 -2 -9 -6 -1
right_child=4 -3 3 -5 5 6 -8 8 -10 -11 -12
leaf_value=-0.0001713761733419889 0.0030740108421430674 -0.0029206513866715574 1.8374651052926056e-05 0.002398351884967679 -2.3773706252693967e-06 0.00015980338921524695 0.001848409421821916 0.0021277445694678964 -0.00069030900016935699 0.0011343638376593746 -0.00062882624068342238
leaf_weight=3797.5167283117771 79.792073428630829 97.275268882513046 2641.0835761725903 123.29230213165283 20552.080380827188 408.64713391661644 258.82763963937759 128.32527515292168 153.80047231912613 275.77935796976089 2603.0507641136646
leaf_count=5718 124 154 3955 204 30723 571 386 195 231 492 3981
internal_value=-3.10076e-05 -0.000240728 -0.000210562 0.000129795 5.74199e-05 3.83293e-05 0.000833099 0.00115734 0.000562246 1.23015e-05 -0.000359117
internal_weight=31119.5 9262.22 9164.94 2764.38 21857.3 21495.3 667.475 361.918 282.126 20827.9 6400.57
internal_count=46734 14012 13858 4159 32722 32172 957 550 426 31215 9699
is_linear=0
shrinkage=0.02


Tree=386
num_leaves=14
num_cat=0
split_feature=16 19 16 37 8 23 19 47 23 37 47 23 12
split_gain=1.41085 1.30914 1.3007 1.26646 1.26405 1.83704 1.58504 1.04323 1.4412 0.862655 0.985219 0.712582 0.564988
threshold=9.6633333333333358 2.7585286103664566 10.263333333333337 0.28682219731315445 3.5000000000000004 1.2029691252130184 0.333719050704401 0.97798314674667841 1.5053804185387636 0.0019896142343955505 1.2982726012718102 0.98335402807442651 19.348352339537431
decision_type=2 2 2 2 2 2 2 2 2 2 2 2 2
left_child=1 9 7 12 5 -4 -6 11 -9 -1 -11 -2 -3
right_child=2 3 4 -5 6 -7 -8 8 -10 10 -12 -13 -14
leaf_value=-0.0011393688261911348 -0.0013235205481890962 -0.00059289812060225433 0.00046764150698943484 0.0013475954658225351 -0.00050666714115095868 -0.0002642139345868142 0.00013902242367095803 0.00083513794505688096 0.0038410366603866155 -6.3539843263786045e-05 -0.00040603873420874036 0.00056789913376335756 0.0012670009748051269
leaf_weight=377.00128763914108 136.62876424193382 313.42293706536293 4637.7588286995888 444.48816341161728 2733.3472418785095 1927.4400606453419 3387.3124873042107 841.57555538415909 70.12871778011322 11122.444372564554 4871.0528955161572 178.28674721717834 78.582913517951965
leaf_count=630 208 497 6838 689 4028 3019 5127 1245 112 16808 7141 269 123
internal_value=-3.036e-05 -0.000151697 0.000118991 0.000616308 5.79482e-05 0.000251242 -0.000147766 0.000741041 0.0010852 -0.000191621 -0.000168516 -0.000224329 -0.000190137
internal_weight=31119.5 17207 13912.5 836.494 12685.9 6565.2 6120.66 1226.62 911.704 16370.5 15993.5 314.916 392.006
internal_count=46734 25888 20846 1309 19012 9857 9155 1834 1357 24579 23949 477 620
is_linear=0
shrinkage=0.02


Tree=387
num_leaves=12
num_cat=0
split_feature=16 34 6 23 2 50 23 23 21 7 1
split_gain=1.36117 1.71645 1.11887 1.62215 1.07945 1.04681 1.04989 0.901836 1.38014 0.883095 0.778949
threshold=6.3225000000000025 1.4278994209382714 2.5000000000000004 1.4666012725087569 14.780648148148151 2.5500000000000003 1.0838527669718589 0.93842105887073968 1.0702932656688593 1.0000000180025095e-35 30.753166666666669
decision_type=2 2 2 2 2 2 2 2 2 2 2
left_child=1 2 10 -4 7 9 -7 -2 -9 -6 -1
right_child=4 -3 3 -5 5 6 -8 8 -10 -11 -12
leaf_value=-0.00031626829342405331 0.0030169396759560417 -0.0028567253173051579 2.0672423555145392e-05 0.0023543283133362035 -0.00011758248778407366 0.00015533410147069938 0.001811278245926819 0.0020877360336991721 -0.00067419617115956813 0.00014276587851083867 -0.0019406457912764222
leaf_weight=6279.3806058466434 79.792073428630829 97.275268882513046 2641.0835761725903 123.29230213165283 10445.701044082642 408.64713391661644 258.82763963937759 128.32527515292168 153.80047231912613 10382.158694714308 121.18688657879829
leaf_count=9520 124 154 3955 204 15646 571 386 195 231 15569 179
internal_value=-2.97411e-05 -0.000233117 -0.000203562 0.000129996 5.59974e-05 3.72258e-05 0.000815892 0.00113709 0.00055273 1.17157e-05 -0.000349182
internal_weight=31119.5 9262.22 9164.94 2764.38 21857.3 21495.3 667.475 361.918 282.126 20827.9 6400.57
internal_count=46734 14012 13858 4159 32722 32172 957 550 426 31215 9699
is_linear=0
shrinkage=0.02


Tree=388
num_leaves=15
num_cat=0
split_feature=16 6 1 18 21 3 4 4 45 47 44 18 23 32
split_gain=1.32764 1.49011 1.07662 0.984318 0.959523 1.82219 2.58666 1.45399 1.0133 2.20871 1.17466 0.927441 1.53055 1.2053
threshold=9.6633333333333358 1.5000000000000002 27.253833333333336 3.1667630802651456 1.0985739802929837 36.045170107324104 35.665769798277438 48.9109174098624 2.2250000000000005 1.5576072099104563 1.4790090002074414 2.8841065148671361 1.0265902349490712 1.8500000000000003
decision_type=2 2 2 2 2 2 2 2 2 2 2 2 2 2
left_child=4 2 -2 -4 8 6 -6 -7 9 -1 -10 12 -3 -13
right_child=1 11 3 -5 5 7 -8 -9 10 -11 -12 13 -14 -15
leaf_value=1.0702848962781224e-05 0.00046410528251823263 0.00068378067333355486 -0.00084506979134688271 0.00059190137139293023 -0.00065037329574176126 -0.00089564903082460913 0.00074699054848249575 0.0013141792941471758 -0.0014116208742721561 -0.00076094301760555442 0.0010665510666740615 -0.00011596088445947847 0.00011069736370843961 0.0020830495154000941
leaf_weight=10355.658807963133 444.68436628580093 2971.20222645998 1334.1636712551117 212.52324020862579 1087.9511188268661 2255.7453519105911 1028.1972525119781 120.4511726796627 83.88366425037384 1725.3547312915325 549.75047028064728 3706.6449437439442 5143.0464694499969 100.21348574757576
leaf_count=15832 648 4354 1990 296 1604 3297 1512 177 132 2563 771 5464 7955 139
internal_value=-2.91222e-05 0.000115747 -0.000388722 -0.000640656 -0.000146835 -0.000398401 2.3923e-05 -0.000778415 -5.71162e-05 -9.87802e-05 0.000719337 0.000200906 0.000321893 -5.43843e-05
internal_weight=31119.5 13912.5 1991.37 1546.69 17207 4492.34 2116.15 2376.2 12714.6 12081 633.634 11921.1 8114.25 3806.86
internal_count=46734 20846 2934 2286 25888 6590 3116 3474 19298 18395 903 17912 12309 5603
is_linear=0
shrinkage=0.02


Tree=389
num_leaves=12
num_cat=0
split_feature=16 21 37 11 19 30 37 2 15 24 24
split_gain=1.28094 1.18928 2.21521 1.411 1.5368 1.16216 1.15237 1.44795 1.12919 0.711024 0.637492
threshold=6.3225000000000025 1.1062451492485954 0.91665445218986397 1.0000000180025095e-35 1.7896669434136234 0.19537791554871797 0.00064806980906325013 14.780648148148151 3.2169097952485437 0.76899145779728417 0.70017418204241
decision_type=2 2 2 2 2 2 2 2 2 2 2
left_child=1 3 5 10 -5 -3 -2 9 -9 -8 -1
right_child=6 2 -4 4 -6 -7 7 8 -10 -11 -12
leaf_value=-0.0001080527581696333 -0.0016034494583503751 -0.00031340144472429151 -0.0035648198338417043 0.00016264455942223305 0.0021114490531290078 -0.0018188238189643768 0.00085021438710732966 0.0024621193008260954 3.7158638158181063e-05 0.003257247732519794 -0.00058369087029489072
leaf_weight=3163.7632624208927 163.90352109074593 1844.1448794305325 97.676884174346924 1934.3632755577564 176.76394402980804 234.48004654049873 281.91325107216835 75.246942222118378 21271.072545796633 65.116073071956635 1811.0263474583626
leaf_count=4841 276 2731 144 2927 274 345 428 142 31776 100 2750
internal_value=-2.8511e-05 -0.00022581 -0.000635371 -9.84671e-05 0.000332394 -0.000489613 5.4652e-05 6.77874e-05 4.6405e-05 0.00134659 -0.000283379
internal_weight=31119.5 9262.22 2176.3 7085.92 2111.13 2078.62 21857.3 21693.3 21346.3 347.029 4974.79
internal_count=46734 14012 3220 10792 3201 3076 32722 32446 31918 528 7591
is_linear=0
shrinkage=0.02


Tree=390
num_leaves=9
num_cat=0
split_feature=43 19 1 50 20 31 4 4
split_gain=0.812886 0.863813 1.21428 0.852034 1.05887 0.800529 0.795478 0.69368
threshold=2.0500000000000003 4.1472649804018333 28.803666666666668 1.0000000180025095e-35 0.36211350026449557 1.7779524063401329 40.981954026240743 43.2884406548798
decision_type=2 2 2 2 2 2 2 2
left_child=1 3 6 4 -1 -5 -3 -4
right_child=-2 2 7 5 -6 -7 -8 -9
leaf_value=0.00010000006657031243 0.0019961454738209356 -0.00105686369859796 0.0028117605887588121 -2.6900016498284896e-05 0.0024880913957026473 -0.00054163077921486188 0.001451860825898094 0.00044728009796799162
leaf_weight=225.57908192276955 77.783994644880295 147.79484140872955 131.72461557388306 29051.54035204649 116.32631573081017 1263.0502932667732 72.909373611211777 98.442220419645309
leaf_count=368 109 224 218 43349 193 2040 103 179
internal_value=-1.85632e-05 -2.40504e-05 0.000842122 -3.71697e-05 0.000951322 -4.87103e-05 -0.000177611 0.00185611
internal_weight=31185.2 31107.4 450.871 30656.5 341.905 30314.6 220.704 230.167
internal_count=46783 46674 724 45950 561 45389 327 397
is_linear=0
shrinkage=0.02


Tree=391
num_leaves=13
num_cat=0
split_feature=19 34 12 34 4 15 20 19 15 12 12 19
split_gain=0.784045 2.00396 1.88583 1.76504 1.91281 1.69994 1.28167 1.26169 1.16153 1.09337 1.04249 0.981345
threshold=1.0000000180025095e-35 1.6493113854075918 18.187245324171204 1.1423733188740652 42.15316063971995 21.228868208866555 3.0398162278930205 -0.030392956148567348 5.2996641038297883 18.698515773512984 16.083099816964516 -0.71345261374668556
decision_type=2 2 2 2 2 2 2 2 2 2 2 2
left_child=1 6 3 10 -5 8 7 -1 -4 -8 -2 -3
right_child=2 11 5 4 -6 -7 9 -9 -10 -11 -12 -13
leaf_value=-0.00019181087036458566 0.0021488364258545121 0.00038086848179350627 -0.00025831623224542501 -0.0027253673862689958 -6.316150776364061e-05 0.001967941594825788 -0.00014454085578226444 -0.0017071667454780829 0.00027306902875382991 0.0011864305103070805 -0.00016985963074643931 0.0024510743549794943
leaf_weight=12904.499260395765 76.426285982131958 237.31091311573982 1970.741803586483 227.38449028134346 219.08765870332718 216.32566145062447 464.18051362037659 223.59466913342476 9473.5342466235161 497.45355367660522 4510.2882898449898 164.32374221086502
leaf_count=19137 100 362 3063 346 321 351 681 332 14334 725 6786 245
internal_value=-1.81564e-05 -0.000126039 7.48982e-05 -0.000247667 -0.00144741 0.000215007 -0.000166449 -0.000218638 0.00018066 0.000534627 -0.000128125 0.00126059
internal_weight=31185.2 14491.4 16693.8 5033.19 446.472 11660.6 14089.7 13128.1 11444.3 961.634 4586.71 401.635
internal_count=46783 21482 25301 7553 667 17748 20875 19469 17397 1406 6886 607
is_linear=0
shrinkage=0.02


Tree=392
num_leaves=10
num_cat=0
split_feature=50 20 19 50 12 12 19 20 19
split_gain=0.761579 1.04648 0.775977 0.978042 1.09701 0.900069 0.861522 0.69168 0.52461
threshold=1.0000000180025095e-35 0.36211350026449557 1.1659408786102772 0.65000000000000013 17.795373015678354 18.073118115592184 1.1445855977969936 2.4609865241516045 -0.55249948874751886
decision_type=2 2 2 2 2 2 2 2 2
left_child=1 8 6 4 -4 -5 7 -2 -1
right_child=2 -3 3 5 -6 -7 -8 -9 -10
leaf_value=0.0015211739377732243 -0.00011249323138131127 0.0024390396017396443 0.00094853951987429886 -0.00015087650218504351 -0.00060963248410420695 0.00039996042694588689 -0.0018133429331180296 0.00025281804946253799 -0.00051150066908628325
leaf_weight=71.020396292209625 21042.273867577314 116.74109864234924 210.90299794077873 1575.2516590952873 1081.9291550219059 4530.1683586835861 113.34359964728355 2283.7611386179924 159.75881710648537
leaf_count=116 31330 194 318 2352 1698 6985 172 3355 263
internal_value=-1.77893e-05 0.000909679 -2.86238e-05 0.000149436 -0.000346648 0.000256199 -8.52601e-05 -7.62798e-05 7.87741e-05
internal_weight=31185.2 347.52 30837.6 7398.25 1292.83 6105.42 23439.4 23326 230.779
internal_count=46783 573 46210 11353 2016 9337 34857 34685 379
is_linear=0
shrinkage=0.02


Tree=393
num_leaves=9
num_cat=0
split_feature=16 13 19 16 12 12 43 50
split_gain=0.980809 0.831582 0.792832 0.992617 1.46194 1.18456 0.982068 0.7701
threshold=26.390000000000004 0.09614755747849292 4.1472649804018333 7.8799999999999999 19.144756814980411 18.814430360944211 2.0500000000000003 1.0000000180025095e-35
decision_type=2 2 2 2 2 2 2 2
left_child=2 -2 6 5 -5 -4 7 -1
right_child=1 -3 3 4 -6 -7 -8 -9
leaf_value=0.00091630331062081394 -0.00014398915027013891 0.0018115706128136605 0.0010543836581556447 0.00049255215787581273 0.0035560481852770381 -0.0025970073939792621 0.0022576694857125539 -5.9042798177088139e-05
leaf_weight=324.30873087048531 130.80893135070801 212.70954447984695 72.901488691568375 224.07994759082794 90.652517825365067 62.603171497583389 71.900280505418777 29995.186475813389
leaf_count=528 203 341 118 373 132 98 102 44888
internal_value=-1.7424e-05 0.00104144 -2.96089e-05 0.000800538 0.00142339 -0.000573072 -4.22881e-05 -4.82206e-05
internal_weight=31185.2 343.518 30841.6 450.237 314.732 135.505 30391.4 30319.5
internal_count=46783 544 46239 721 505 216 45518 45416
is_linear=0
shrinkage=0.02


Tree=394
num_leaves=11
num_cat=0
split_feature=16 16 19 16 12 12 22 19 22 13
split_gain=0.941234 0.815551 0.762654 0.954269 1.40404 1.13958 0.56334 1.27765 0.862386 0.51048
threshold=26.390000000000004 28.550000000000004 4.1472649804018333 7.8799999999999999 19.144756814980411 18.814430360944211 2.3685179570228541 0.43234160938233934 2.0785309861851311 0.13225278764451434
decision_type=2 2 2 2 2 2 2 2 2 2
left_child=2 -2 6 5 -5 -4 8 -8 -1 -3
right_child=1 9 3 4 -6 -7 7 -9 -10 -11
leaf_value=-3.883016279191617e-05 0.0020064767398296221 -0.0012709223213961506 0.0010338591612193821 0.00048278827189960114 0.0034864624706962394 -0.0025466752690278633 -0.0016384146642604413 -0.00012695297259948335 0.00068647902887877766 0.0009135521866949673
leaf_weight=28259.495308578014 168.35921254754066 68.032740116119385 72.901488691568375 224.07994759082794 90.652517825365067 62.603171497583389 279.56756228208542 1183.9111860990524 668.42143023014069 107.12652316689491
leaf_count=42259 264 108 118 373 132 98 419 1829 1011 172
internal_value=-1.70406e-05 0.00102023 -2.89835e-05 0.000785191 0.00139606 -0.000560604 -4.1425e-05 -0.000424352 -2.16789e-05 3.87562e-06
internal_weight=31185.2 343.518 30841.6 450.237 314.732 135.505 30391.4 1463.48 28927.9 175.159
internal_count=46783 544 46239 721 505 216 45518 2248 43270 280
is_linear=0
shrinkage=0.02


Tree=395
num_leaves=11
num_cat=0
split_feature=19 0 24 24 12 12 30 30 23 23
split_gain=1.21824 1.03397 1.94522 2.35766 1.37017 2.00009 1.38705 0.846089 1.09835 1.24652
threshold=4.1472649804018333 18.919489743124135 1.1128454638082939 0.87050540166102452 19.674942222787664 19.572583989596044 -0.26798227164214156 0.41529743618751963 1.1696931798523014 1.4049815265743468
decision_type=2 2 2 2 2 2 2 2 2 2
left_child=1 2 3 -1 5 -3 -6 8 -2 -10
right_child=7 4 -4 -5 6 -7 -8 -9 9 -11
leaf_value=0.00018654897895497156 -0.00023734103995064093 -7.0946804128681022e-05 -0.0014730058915488255 0.0016181066787503973 -0.0011141967874131161 -0.0012058276932470926 0.00049209620440943905 -0.00083686042609692449 0.0045974139269722653 0.0012799786596794055
leaf_weight=6049.8983436822891 101.4542042016983 20331.459689736366 254.37535560131073 499.54207637906075 228.92232784628868 640.50968489050865 2635.7135645747185 70.796858191490173 63.177971065044403 210.56321403384209
leaf_count=9155 167 30511 417 739 330 973 3881 112 98 335
internal_value=2.74218e-05 1.19523e-05 0.000229639 0.000297724 -4.97778e-05 -0.000106196 0.000359556 0.00106308 0.00145063 0.00210968
internal_weight=31086.4 30640.4 6803.82 6549.44 23836.6 20972 2864.64 445.992 375.195 273.741
internal_count=46718 46006 10311 9894 35695 31484 4211 712 600 433
is_linear=0
shrinkage=0.02


Tree=396
num_leaves=8
num_cat=0
split_feature=14 19 24 22 24 22 30
split_gain=1.17939 1.1376 0.916643 1.47642 1.08361 0.729345 0.726334
threshold=14.500000000000002 4.1472649804018333 1.7090904247144743 -1.5763705206419734 1.4966891256562751 -0.40595224662789681 0.41529743618751963
decision_type=2 2 2 2 2 2 2
left_child=1 2 4 -4 -1 -2 -3
right_child=5 6 3 -5 -6 -7 -8
leaf_value=1.6885060829832973e-05 -0.0029508810430686296 0.0014016899399500421 -0.0030435760843161232 -0.00031193330566477894 0.00069095012720760411 -0.00043496576597937627 -0.00071995953385803921
leaf_weight=28744.241909116507 80.336160987615585 372.74906575679779 91.546491086483002 607.64711514115334 986.56662398576736 133.3718875348568 69.954036593437195
leaf_count=43176 112 596 142 935 1467 179 111
internal_value=2.68646e-05 3.74749e-05 2.24615e-05 -0.000691514 3.96341e-05 -0.00144569 0.00104222
internal_weight=31086.4 30872.7 30430 699.194 29730.8 213.708 442.703
internal_count=46718 46427 45720 1077 44643 291 707
is_linear=0
shrinkage=0.02


Tree=397
num_leaves=12
num_cat=0
split_feature=24 22 24 43 43 12 12 22 22 32 12
split_gain=0.861842 1.32805 0.985255 1.17614 0.956475 1.71634 0.800906 0.677937 0.938477 0.539603 0.535543
threshold=1.7090904247144743 -1.5763705206419734 1.4966891256562751 1.0000000180025095e-35 1.0000000180025095e-35 18.743168794746872 19.710867183964606 -0.18882809272845244 1.1752232907075568 0.8500000000000002 18.529609099801096
decision_type=2 2 2 2 2 2 2 2 2 2 2
left_child=2 -2 4 -4 5 -1 -6 10 -9 -5 -3
right_child=1 7 3 9 6 -7 -8 8 -10 -11 -12
leaf_value=-4.7047091833134161e-05 -0.0028740642855113697 0.001713692349442971 -0.0013830677832020373 0.00018285627288422987 -7.036617662241397e-05 0.00071142819182604632 0.00028744847019996294 -0.0015806169628102332 0.0002861397148155289 0.0012485906473471255 -0.00026710772633245175
leaf_weight=2734.7336172759533 92.963142544031143 94.666875302791595 96.300691068172455 315.99972751736641 21727.503692090511 2084.5893192589283 2820.0793148577213 242.84300035238266 177.56340757012367 590.66673293709755 108.50376942753792
leaf_count=4132 145 148 159 489 32679 3173 4131 364 286 846 166
internal_value=2.63012e-05 -0.000657461 4.28052e-05 0.000658917 2.13792e-05 0.000279115 -2.88322e-05 -0.000302891 -0.000770876 0.000889376 0.00061481
internal_weight=31086.4 716.54 30369.9 1002.97 29366.9 4819.32 24547.6 623.577 420.406 906.666 203.171
internal_count=46718 1109 45609 1494 44115 7305 36810 964 650 1335 314
is_linear=0
shrinkage=0.02


Tree=398
num_leaves=12
num_cat=0
split_feature=19 33 12 22 22 15 22 22 12 12 12
split_gain=1.1229 0.808072 1.39074 1.82235 1.46663 1.14037 1.31964 1.08592 0.746085 0.891895 0.5801
threshold=4.1472649804018333 0.19999999999999998 17.313927605171354 -0.82507251729253051 2.6137187775175468 15.99009934012865 2.3102807545393103 3.3769849070617677 17.851144525896519 18.577745966030637 19.098526605527812
decision_type=2 2 2 2 2 2 2 2 2 2 2
left_child=1 2 3 -1 -4 7 -7 -3 -2 -10 -11
right_child=8 5 4 -5 -6 6 -8 -9 9 10 -12
leaf_value=-0.0019740287001104701 -0.00067439059137540326 -0.00011226547820684557 0.00025355334715202295 -1.304170642526712e-05 -0.00093782486957542661 0.0001818653954329777 0.0017975948685805087 -0.0018393488719265839 0.0029838339344308495 -0.00017324051099088317 0.0016295287146378223
leaf_weight=270.43187609314919 76.78478267788887 16424.290949463844 10407.06563937664 657.82407549023628 425.3205561041832 2084.4447672069073 225.23248133063316 145.81069764494896 104.22905951738358 128.44443640112877 136.53396889567375
leaf_count=398 116 25014 15404 970 656 3002 332 230 163 226 207
internal_value=2.57664e-05 1.09016e-05 0.000141304 -0.000598108 0.000205688 -6.98058e-05 0.000345171 -0.000128287 0.00102007 0.00140115 0.000723455
internal_weight=31086.4 30640.4 11760.6 928.256 10832.4 18879.8 2309.68 16570.1 445.992 369.207 264.978
internal_count=46718 46006 17428 1368 16060 28578 3334 25244 712 596 433
is_linear=0
shrinkage=0.02


Tree=399
num_leaves=9
num_cat=0
split_feature=14 19 24 12 24 12 12 22
split_gain=1.13448 1.04717 0.851222 1.09838 0.994928 0.719322 0.856027 0.699089
threshold=14.500000000000002 4.1472649804018333 1.7090904247144743 18.759846573949513 1.4966891256562751 17.851144525896519 18.577745966030637 -0.40595224662789681
decision_type=2 2 2 2 2 2 2 2
left_child=1 2 4 -4 -1 -3 -7 -2
right_child=7 5 3 -5 -6 6 -8 -9
leaf_value=1.5975254156417953e-05 -0.0028933032590950369 -0.00066124527765749278 0 -0.0016395414831647443 0.00066189216971525137 0.0029252807155899963 0.00070495602605011515 -0.0004275035243201965
leaf_weight=28744.241909116507 80.336160987615585 76.78478267788887 421.77807602286339 277.41553020477295 986.56662398576736 104.22905951738358 261.68926015496254 133.3718875348568
leaf_count=43176 112 116 660 417 1467 163 428 179
internal_value=2.52332e-05 3.56459e-05 2.12281e-05 -0.000666778 3.77883e-05 0.00099964 0.00137704 -0.00141903
internal_weight=31086.4 30872.7 30430 699.194 29730.8 442.703 365.918 213.708
internal_count=46718 46427 45720 1077 44643 707 591 291
is_linear=0
shrinkage=0.02


Tree=400
num_leaves=15
num_cat=0
split_feature=1 0 0 0 1 43 40 40 24 24 24 40 0 2
split_gain=1.2217 2.18547 1.53663 1.73332 1.62516 1.17251 0.878677 1.28746 1.04941 1.44644 0.984574 0.858427 0.790167 0.767043
threshold=18.822111111111116 17.129668898655133 17.602413587407352 17.973478801075817 21.311833333333336 0.19999999999999998 -0.012155972198522698 -0.20428997825886752 0.61576472911798541 0.75067362820201333 0.97060291641036878 -0.0011323480898167498 16.434050879952036 19.718888888888895
decision_type=2 2 2 2 2 2 2 2 2 2 2 2 2 2
left_child=6 5 4 -4 -3 12 7 10 13 -10 -1 -7 -2 -8
right_child=1 2 3 -5 -6 11 8 -9 9 -11 -12 -13 -14 -15
leaf_value=-0.0011398767552265542 -0.00077030743932185138 0 0.0018983499125462774 2.502639319442041e-05 -0.0036213994747211239 0.0029495036721105873 -0.00010130649760356123 0.000139090319966756 -0.0018085577680810689 -0.00037073560076626309 0.001332904172146055 0.0010312824352579561 0.0017116750969308342 -0.0017268936593005301
leaf_weight=558.53336480259895 157.96430057287216 115.020612180233 197.51098865270615 23105.659747809172 92.565034121274948 165.49151194095612 1990.8703529834747 3078.7834922075272 477.54547238349915 730.82962188124657 67.502345234155655 276.68422693014145 73.48159521818161 123.03024449944496
leaf_count=824 235 174 305 34649 142 252 3039 4587 693 1095 102 427 113 198
internal_value=-8.70804e-06 5.84114e-05 2.57461e-05 4.14948e-05 -0.00167798 0.00118024 -0.000241079 -2.63816e-05 -0.00047733 -0.000949269 -0.000853931 0.00178177 0 -0.000202186
internal_weight=31211.5 24184.4 23510.8 23303.2 207.586 673.622 7027.09 3704.82 3322.28 1208.38 626.036 442.176 231.446 2113.9
internal_count=46835 36297 35270 34954 316 1027 10538 5513 5025 1788 926 679 348 3237
is_linear=0
shrinkage=0.02


Tree=401
num_leaves=15
num_cat=0
split_feature=1 0 0 0 1 43 33 27 13 30 40 40 27 0
split_gain=1.17406 2.10109 1.47858 1.66534 1.56067 1.12692 1.23157 0.880227 1.12752 1.03841 0.876401 1.46433 0.789028 0.759568
threshold=18.822111111111116 17.129668898655133 17.602413587407352 17.973478801075817 21.311833333333336 0.19999999999999998 1.0000000180025095e-35 0.12382555021018972 0.24075079837500812 -0.060150249070251294 -0.0098177812638194483 -0.20428997825886752 0.54082787405108934 16.434050879952036
decision_type=2 2 2 2 2 2 2 2 2 2 2 2 2 2
left_child=7 5 4 -4 -3 13 -7 8 -1 -10 11 -9 -12 -2
right_child=1 2 3 -5 -6 6 -8 10 9 -11 12 -13 -14 -15
leaf_value=0.0018301748648384835 -0.00075509394476497391 0 0.0018607635315972099 2.4525912158242764e-05 -0.003550503313900086 -0.00033056996962736859 0.0022582883610073271 -0.0009892071904892422 -0.0014153080084793898 0.0012145108386502673 -0.00024781037962331282 9.9395503304696415e-05 -0.00090765311843646367 0.0016783487325669842
leaf_weight=181.00425341725349 157.96430057287216 115.020612180233 197.51098865270615 23105.659747809172 92.565034121274948 83.614438265562057 358.56130060553551 588.56137016415596 133.87893164157867 103.41848027706146 1693.8038408458233 2980.0574842095375 1346.3705334365368 73.48159521818161
leaf_count=273 235 174 305 34649 142 122 557 870 215 186 2603 4411 1980 113
internal_value=-8.53395e-06 5.72574e-05 2.52205e-05 4.06768e-05 -0.00164599 0.00115722 0.00174694 -0.000236335 0.000643945 -0.000226825 -0.000293743 -7.77973e-05 -0.00054372 0
internal_weight=31211.5 24184.4 23510.8 23303.2 207.586 673.622 442.176 7027.09 418.302 237.297 6608.79 3568.62 3040.17 231.446
internal_count=46835 36297 35270 34954 316 1027 679 10538 674 401 9864 5281 4583 348
is_linear=0
shrinkage=0.02


Tree=402
num_leaves=14
num_cat=0
split_feature=1 20 17 17 1 13 17 13 24 13 16 16 1
split_gain=1.12755 1.3758 1.28989 1.79586 1.6475 1.1264 1.62161 1.52987 0.99652 0.957526 0.919742 1.50521 0.761219
threshold=18.822111111111116 1.0651285944514515 2.4382291245365848 2.553665602308143 26.95516666666667 0.022169094722521255 1.0315114161086958 0.39009843596625787 1.3228330911981661 2.5795901718015171 9.3600000000000048 8.6450000000000031 31.539166666666677
decision_type=2 2 2 2 2 2 2 2 2 2 2 2 2
left_child=1 5 9 4 -4 6 -1 -7 -5 12 11 -3 -2
right_child=2 10 3 8 -6 7 -8 -9 -10 -11 -12 -13 -14
leaf_value=0.00050169398489187974 7.4705277555564927e-05 0.00016007774340010759 0.00064601974167216982 -0.00015493215850804619 -0.0013687786461571954 -0.0017162618319142304 -0.00063203188868881895 -0.00046387860295417572 0.00039358717969626236 0.00089971753560307108 -0.0015691882322197794 0.0030186331785412137 0.00050127159780839401
leaf_weight=1006.0757871568203 12807.072933912277 2079.2927479147911 196.68010440468788 6096.5183405280113 771.84944772720337 482.87598079442978 1004.6699329614639 2267.2732293009758 1686.6982995867729 683.33980482816696 111.80567762255669 75.101538240909576 1942.2190864384174
leaf_count=1434 19158 3075 271 8991 1199 737 1414 3608 2401 1253 161 109 3024
internal_value=-8.36179e-06 -0.000231611 5.61066e-05 -0.000137208 -0.00094884 -0.000425234 -5.98694e-05 -0.000688495 -3.47077e-05 0.000166386 0.000170764 0.000267071 0.000131615
internal_weight=31211.5 7027.09 24184.4 8751.75 968.53 4760.89 2010.75 2750.15 7783.22 15432.6 2266.2 2154.39 14749.3
internal_count=46835 10538 36297 12862 1470 7193 2848 4345 11392 23435 3345 3184 22182
is_linear=0
shrinkage=0.02


Tree=403
num_leaves=15
num_cat=0
split_feature=1 17 17 22 40 1 1 22 27 13 40 40 17 27
split_gain=1.08308 1.23894 1.72404 1.72184 1.64696 1.58351 1.18835 1.1172 0.844605 1.07547 0.84384 1.40775 0.786752 0.75754
threshold=18.822111111111116 2.4382291245365848 2.553665602308143 -2.8960111257956211 -0.46012791514524604 26.95516666666667 23.569000000000006 -2.2991839766132078 0.12382555021018972 0.24075079837500812 -0.0098177812638194483 -0.20428997825886752 1.0834727780397022 0.54082787405108934
decision_type=2 2 2 2 2 2 2 2 2 2 2 2 2 2
left_child=8 3 5 6 -4 -3 -2 -5 9 -1 11 -10 -11 -12
right_child=1 2 4 7 -6 -7 -8 -9 10 12 13 -13 -14 -15
leaf_value=0.0017937475616847027 0 0.00063322937901358648 0.0029637594109552883 -0.0010399438486975946 -6.3440989262597799e-05 -0.0013414738534797046 0.0035508899413947241 0.00016554643234372135 -0.00096506080416935459 -0.00098646323910482809 -0.00023844696880376298 0.00010236610456576364 0.0015005455758521119 -0.00088511213903439399
leaf_weight=181.00425341725349 65.831852495670319 196.68010440468788 70.488031566143036 309.97728335857391 7712.7286085486412 771.84944772720337 99.048019915819168 14957.774669408798 588.56137016415596 168.22075253725052 1693.8038408458233 2980.0574842095375 69.076659381389618 1346.3705334365368
leaf_count=273 99 271 100 469 11292 1199 153 22714 870 280 2603 4411 121 1980
internal_value=-8.17496e-06 5.50026e-05 -0.000134443 0.000163088 -3.39866e-05 -0.000929687 0.00218779 0.000140284 -0.000226983 0.00063526 -0.000283247 -7.13227e-05 -0.000214222 -0.00052851
internal_weight=31211.5 24184.4 8751.75 15432.6 7783.22 968.53 164.88 15267.8 7027.09 418.302 6608.79 3568.62 237.297 3040.17
internal_count=46835 36297 12862 23435 11392 1470 252 23183 10538 674 9864 5281 401 4583
is_linear=0
shrinkage=0.02


Tree=404
num_leaves=9
num_cat=0
split_feature=40 24 30 2 17 20 19 13
split_gain=1.06371 0.775414 2.0901 1.14774 1.56387 1.13725 0.863837 0.847368
threshold=-0.54306826541105147 1.1327917102800897 0.51826156997976192 17.041916666666669 1.9092066101758067 0.030207167169717053 4.1472649804018333 0.58860920012812479
decision_type=2 2 2 2 2 2 2 2
left_child=-1 2 6 5 -5 -3 -2 -4
right_child=1 3 7 4 -6 -7 -8 -9
leaf_value=0.0018580006426050521 -5.9247493030489289e-05 -0.0030157353171838281 -0.0030838436927107106 0.00081848558235730342 4.2854783509051902e-05 0.00029755658691428018 0.00091447339657163421 -0.00054816451727014552
leaf_weight=119.63349592685699 24914.031455844641 85.143132418394089 123.15420401096344 1417.7378982901573 4003.5901092886925 68.942511677742004 366.87714019417763 112.3629637658596
leaf_count=184 37462 153 177 2152 5851 102 576 178
internal_value=-7.99437e-06 -1.56149e-05 -6.2603e-05 0.000197583 0.000247762 -0.00148439 -4.46501e-05 -0.001931
internal_weight=31211.5 31091.8 25516.4 5575.41 5421.33 154.086 25280.9 235.517
internal_count=46835 46651 38393 8258 8003 255 38038 355
is_linear=0
shrinkage=0.02


Tree=405
num_leaves=15
num_cat=0
split_feature=43 47 23 30 31 47 5 5 23 15 15 34 47 15
split_gain=1.19173 1.78762 2.03901 1.74329 1.50113 1.41802 0.818663 1.45997 1.18328 1.06877 1.37495 0.873797 0.767925 0.739979
threshold=1.0000000180025095e-35 1.7036274635810822 1.348063894390729 0.15530429006854438 1.7014950577781101 0.81179258726678183 26.149838106423982 26.829003112342559 1.0000000180025095e-35 6.4994614652213958 8.4187604848092885 0.61707984219887402 1.0410383681007984 4.6996373203358175
decision_type=2 2 2 2 2 2 2 2 2 2 2 2 2 2
left_child=1 5 4 -4 -3 -1 9 11 -9 13 -11 -8 -7 -2
right_child=6 2 3 -5 -6 12 7 8 -10 10 -12 -13 -14 -15
leaf_value=-6.7906701372250273e-05 -0.00067206174023935956 -0.00073751694919303962 0.00357696996132114 -0.00063492242033371966 0.0020114260200671712 0.0014190168345574201 0.00066608518528908027 -0.0016636158063338328 -4.100620583313578e-05 -0.0023341319119850146 0.00057905639732319669 0.0033424073543845225 0.00057514069335401561 0.00030573079816435231
leaf_weight=1073.4606078565121 691.95989829301834 1249.0970829427242 92.248892456293106 60.524145901203156 81.248043864965439 614.86458629369736 199.98529443144798 179.52992555499077 24179.959397852421 234.24269068241119 81.507546752691269 70.286707580089569 1740.026248306036 541.24671915173531
leaf_count=1642 1093 1920 158 100 125 929 306 281 36160 358 134 104 2617 803
internal_value=-1.13993e-05 0.00027402 -0.000301545 0.00185709 -0.000559358 0.000525958 -6.53465e-05 -3.68409e-05 -5.3511e-05 -0.000511531 -0.00155174 0.00141825 0.000800738 -0.000235019
internal_weight=31090.2 4911.47 1483.12 152.773 1330.35 3428.35 26178.7 24629.8 24359.5 1548.96 315.75 270.272 2354.89 1233.21
internal_count=46730 7491 2303 258 2045 5188 39239 36851 36441 2388 492 410 3546 1896
is_linear=0
shrinkage=0.02


Tree=406
num_leaves=15
num_cat=0
split_feature=43 47 31 47 16 4 5 5 16 15 15 31 4 16
split_gain=1.14484 1.71615 1.70645 1.36853 1.28458 0.991956 0.785969 1.40478 1.11869 1.02553 1.32262 0.805031 0.785484 0.626971
threshold=1.0000000180025095e-35 1.7036274635810822 1.7014950577781101 0.85000900491872855 8.3450000000000042 30.300170388873106 26.149838106423982 26.829003112342559 3.8708333333333331 6.4994614652213958 8.4187604848092885 1.4555963206225497 23.224784267245479 4.9450000000000012
decision_type=2 2 2 2 2 2 2 2 2 2 2 2 2 2
left_child=1 3 5 13 -5 -3 9 8 -8 12 -11 -9 -2 -1
right_child=6 2 -4 4 -6 -7 7 11 -10 10 -12 -13 -14 -15
leaf_value=0.00049638683026863165 0.00022908175736360787 -0.0018446127398761686 0.0020390128820068939 0.00024697908464742452 0.001226688234640371 -0.0002697917603364691 -0.00045514334072254195 -1.2060610483420151e-05 0.0022417373991484107 -0.00228784446077466 0.00056775257268309879 -0.00038373597249509466 -0.00077381163431833821 -0.00043239390081744884
leaf_weight=503.97408267855644 659.14654260873795 188.56067758798599 112.06138223409653 978.40659150481224 1268.6241247057915 1182.4961053431034 81.821817815303802 21741.019869238138 188.45018419623375 234.24269068241119 81.507546752691269 2618.4694541692734 574.0600748360157 677.34664356708527
leaf_count=763 1018 291 178 1458 1925 1834 125 32449 285 358 134 3992 878 1042
internal_value=-1.11503e-05 0.00026859 -0.000295266 0.000515461 0.000805147 -0.00049603 -6.40316e-05 -3.60922e-05 0.00139121 -0.000501226 -0.0015203 -5.24517e-05 -0.000230168 -2.75382e-05
internal_weight=31090.2 4911.47 1483.12 3428.35 2247.03 1371.06 26178.7 24629.8 270.272 1548.96 315.75 24359.5 1233.21 1181.32
internal_count=46730 7491 2303 5188 3383 2125 39239 36851 410 2388 492 36441 1896 1805
is_linear=0
shrinkage=0.02


Tree=407
num_leaves=14
num_cat=0
split_feature=42 15 30 13 34 4 30 15 4 6 15 47 47
split_gain=0.823282 2.11683 0.708911 1.37399 0.626719 1.7492 1.56455 0.909822 2.1508 1.43114 0.732576 0.564557 0.783374
threshold=1.5500000000000003 11.262596803335631 0.061201160655093255 0.58043593001515259 0.2130053218246751 30.459105836431316 0.15833927152149488 6.9216098685674234 49.166963226571774 5.5000000000000009 6.4278042347562421 1.5079237031251929 0.85627075941194042
decision_type=2 2 2 2 2 2 2 2 2 2 2 2 2
left_child=4 11 3 -3 5 10 -7 8 -6 -9 -1 12 -2
right_child=1 2 -4 -5 7 6 -8 9 -10 -11 -12 -13 -14
leaf_value=-0.00052249462861198872 -0.0026149618161525248 0.0024678037512104465 -0.00067669346593554613 -0.00077456535532968024 0.00022029520357952519 0.00015137237028578412 -0.00060976310038611049 2.8137918502998457e-05 0.0035846539683830514 -0.0007464122328933241 -0.0016363504490240434 -0.0027239181388353656 0
leaf_weight=1130.8778787255287 69.598969429731369 125.08159470558167 135.59221819043159 81.303799003362656 6178.5079960525036 5156.9576182663441 1363.9606347680092 15164.438261777163 75.442006796598434 1015.5097724795341 318.11577463150024 156.36599245667458 118.43527063727379
leaf_count=1787 100 162 183 115 9227 7991 2108 22571 119 1458 507 220 182
internal_value=-1.09265e-05 -0.000694976 0.000395318 0.00114734 4.23197e-06 -0.000147735 -6.43711e-06 5.86742e-05 0.000263611 -1.99438e-05 -0.000775844 -0.0018025 -0.000963039
internal_weight=31090.2 686.378 341.978 206.385 30403.8 7969.91 6520.92 22433.9 6253.95 16179.9 1448.99 344.4 188.034
internal_count=46730 962 460 277 45768 12393 10099 33375 9346 24029 2294 502 282
is_linear=0
shrinkage=0.02


Tree=408
num_leaves=15
num_cat=0
split_feature=43 0 16 23 12 34 12 12 31 16 0 42 16 12
split_gain=1.09912 1.12187 1.15385 1.5863 1.14812 1.50301 1.08444 0.98544 1.84522 0.883658 0.766657 0.764395 0.759942 0.599649
threshold=1.0000000180025095e-35 32.525407851014592 16.970000000000006 1.2882894493498609 17.91627965741689 0.65048361433290502 17.384728938712247 20.508866821453982 1.1283477902724239 2.7800000000000007 28.246788577986056 1.9500000000000002 16.590000000000007 18.911285502448568
decision_type=2 2 2 2 2 2 2 2 2 2 2 2 2 2
left_child=1 2 9 -4 6 -6 -3 11 10 -1 -9 12 -2 -13
right_child=7 4 3 -5 5 -7 -8 8 -10 -11 -12 13 -14 -15
leaf_value=-0.00077849959272720053 -7.8582600133718153e-05 -0.00092354646372577037 0.00033973189514774967 0.0037701214772165505 -9.2773349137221888e-05 -0.0025944626852316085 0.0018126549758151716 0.00039169149288115451 -0.0032859908790680982 0.00038031383108518056 -0.0018015226091461997 -0.0019747028280059776 0.00024207881307838989 0
leaf_weight=276.00664722919464 22120.018170803785 96.86049821972847 144.07779636979103 92.374830514192581 241.50965318083763 167.98555761575699 129.25982910394669 219.1327018737793 106.0168864428997 3763.3947953879833 85.85024157166481 144.05056712031364 3401.097835868597 102.55177661776543
leaf_count=414 33207 154 225 158 357 255 193 342 158 5735 119 202 5075 136
internal_value=-1.07231e-05 0.000263368 0.000381274 0.0017422 -0.000512826 -0.00115095 0.000598923 -6.25443e-05 -0.00103291 0.000298313 -0.00020082 -4.65998e-05 -3.54419e-05 -0.00115154
internal_weight=31090.2 4911.47 4275.85 236.453 635.616 409.495 226.12 26178.7 411 4039.4 304.983 25767.7 25521.1 246.602
internal_count=46730 7491 6532 383 959 612 347 39239 619 6149 461 38620 38282 338
is_linear=0
shrinkage=0.02


Tree=409
num_leaves=8
num_cat=0
split_feature=12 30 4 23 6 2 16
split_gain=0.969802 1.16373 1.17608 0.75389 0.681672 1.97314 0.92899
threshold=20.508866821453982 0.040801865872226409 39.50250638000778 2.9999456250760885 1.5000000000000002 29.536500000000004 9.6633333333333358
decision_type=2 2 2 2 2 2 2
left_child=3 2 -2 4 5 -1 -6
right_child=1 -3 -4 -5 6 -7 -8
leaf_value=5.3226372116901117e-05 -0.0017902767603324567 -0.0020793261685546631 0.0009875632364467798 0.001573645217770131 -7.2461955320991079e-05 -0.00084487668136100326 0.00016725427022645664
leaf_weight=3043.317942917347 94.613146156072617 196.12630277872086 162.85350695252419 119.74592873454094 14255.587274342775 1427.5752931237221 11790.368392914534
leaf_count=4538 145 297 243 228 21453 2103 17723
internal_value=-1.05196e-05 -0.000926551 -6.20532e-07 2.776e-06 -3.16304e-06 -0.000231556 3.56723e-05
internal_weight=31090.2 453.593 257.467 30636.6 30516.8 4470.89 26046
internal_count=46730 685 388 46045 45817 6641 39176
is_linear=0
shrinkage=0.02


Tree=410
num_leaves=14
num_cat=0
split_feature=44 34 47 21 47 6 12 18 31 15 15 47 47
split_gain=1.64667 1.33002 1.35746 2.39079 1.58388 1.1154 1.51084 0.900457 0.892905 0.793121 1.13276 0.948003 0.594633
threshold=1.1398252750614755 0.086946287734703309 1.4379785638925333 1.1231732712077624 0.78642377659030649 2.5000000000000004 18.400275103420714 1.5021956378618648 1.3337441731912436 15.848974720396384 14.795035415557559 0.81179258726678183 1.4615647932320484
decision_type=2 2 2 2 2 2 2 2 2 2 2 2 2
left_child=5 12 4 -4 -3 9 7 -7 -8 10 -1 -11 -2
right_child=1 2 3 -5 -6 6 8 -9 -10 11 -12 -13 -14
leaf_value=-0.00030512181752850946 -0.0020396706733433957 -0.0016059891961593391 -0.00012178724829471924 0.00068045399471635228 0.00042753677445654767 -3.0815386484748544e-05 0.00057020008403942178 -0.0011119282288990743 -0.00045368261434363235 0.0022975731767461162 -0.0022751006518375119 -7.4270476435106352e-05 4.7776685413263484e-06
leaf_weight=9211.1462410092354 162.84542840719223 153.48265418410301 9624.3251366615295 1755.068595468998 5861.9113674461842 879.66859525442123 2062.9530194401741 489.76629173755646 395.47261995077133 98.504328191280365 118.06223568320274 181.5140585899353 72.224762320518494
leaf_count=14133 283 255 14150 2527 8651 1310 3139 766 630 145 176 286 127
internal_value=-1.7032e-05 0.000109727 0.000130517 1.16336e-06 0.000373473 -0.00018408 0.000102649 -0.000425815 0.000401195 -0.000299337 -0.000331606 0.00073501 -0.0013746
internal_weight=31066.9 17629.9 17394.8 11379.4 6015.39 13437.1 3827.86 1369.43 2458.43 9609.23 9329.21 280.018 235.07
internal_count=46578 25993 25583 16677 8906 20585 5845 2076 3769 14740 14309 431 410
is_linear=0
shrinkage=0.02


Tree=411
num_leaves=13
num_cat=0
split_feature=20 2 44 44 12 23 2 8 27 27 23 23
split_gain=1.6695 2.03587 1.56018 1.51832 1.05163 1.06029 1.01852 0.974986 0.817463 1.48858 1.23604 0.540384
threshold=3.1970958035516088 12.909511904761905 1.3502195778342745 1.1177563810987052 20.765894009582848 1.5510682774390736 14.350740740740742 3.5000000000000004 0.6065016231909347 0.76687085494861773 1.0565648354053574 0.85512877842514234
decision_type=2 2 2 2 2 2 2 2 2 2 2 2
left_child=3 11 6 8 5 -5 -3 -4 10 -10 -1 -2
right_child=1 2 7 4 -6 -7 -8 -9 9 -11 -12 -13
leaf_value=8.2830250813820726e-05 0.0037004704462289236 -0.0018006400659697458 0.0019207691862898747 0.00010798980752056722 -0.0019468482241614337 -0.0007407376042803071 0.00011127995153559335 0.00026224614873793749 -0.00081047764135046751 -8.4569894550123317e-05 -0.00047139514176354843 0.0012312290336812129
leaf_weight=4935.6597173213959 91.655297070741653 122.00296300649643 319.64405956864357 16502.147882282734 100.97608354687691 606.26012602448463 1055.6929364800453 283.0379723906517 2224.1680533885956 2365.3999125659466 2372.4284512996674 87.871879398822784
leaf_count=7550 133 177 473 24259 161 987 1596 407 3383 3599 3715 138
internal_value=-1.67159e-05 0.000547524 0.000334929 -5.50872e-05 6.45642e-05 7.72465e-05 -8.10249e-05 0.00116186 -0.000228979 -0.000438733 -9.58e-05 0.00257384
internal_weight=31066.9 1959.91 1780.38 29107 17209.4 17108.4 1177.7 602.682 11897.7 4589.57 7308.09 179.527
internal_count=46578 2924 2653 43654 25407 25246 1773 880 18247 6982 11265 271
is_linear=0
shrinkage=0.02


Tree=412
num_leaves=13
num_cat=0
split_feature=20 1 46 32 15 30 3 42 34 46 50 44
split_gain=1.60577 1.67172 1.75649 1.85767 1.53882 1.53254 3.04028 1.29865 1.05997 1.46584 1.03291 0.975909
threshold=3.1970958035516088 11.728000000000003 1.3541666666666667 1.0500000000000003 8.6896549057575712 -0.23622667526324861 32.084850736401712 1.5500000000000003 1.3437839034957653 1.4722222222222225 1.1500000000000004 2.248075323200021
decision_type=2 2 2 2 2 2 2 2 2 2 2 2
left_child=4 -2 3 -3 5 6 -1 -7 9 -6 -4 -10
right_child=1 2 10 -5 8 7 -8 -9 11 -11 -12 -13
leaf_value=0.0017694964731019838 0.0027303873068974562 -0.00039353696097960903 0.0021323493232459777 0.0018945554005456147 0.00023744250077788553 -0.00025068871606082765 -0.00020520249977257592 -0.0020852525595492504 0.0016635102634148878 -0.00017732260639700471 0.00046429848480097403 0.000330316415408478
leaf_weight=451.55770018696785 129.21274572610855 1030.796847730875 281.40810340642929 162.16006827354431 6914.9513241052628 12538.771090209484 975.59040379524231 155.98063427209854 284.99210897088051 6702.4061309397221 356.32734277844429 1082.7908339500427
leaf_count=671 195 1547 420 244 10488 18927 1494 229 403 9805 518 1637
internal_value=-1.63667e-05 0.00053699 0.00037391 -7.1495e-05 -5.40045e-05 -0.000204001 0.000414208 -0.000274343 8.66926e-05 3.25665e-05 0.00122034 0.000617425
internal_weight=31066.9 1959.91 1830.69 1192.96 29107 14121.9 1427.15 12694.8 14985.1 13617.4 637.735 1367.78
internal_count=46578 2924 2729 1791 43654 21321 2165 19156 22333 20293 938 2040
is_linear=0
shrinkage=0.02


Tree=413
num_leaves=14
num_cat=0
split_feature=44 34 46 21 2 11 12 16 31 0 23 3 47
split_gain=1.50104 1.27586 1.39246 1.672 1.62267 1.06515 1.45526 1.57033 0.85138 0.756409 1.14626 0.98148 0.573342
threshold=1.1398252750614755 0.086946287734703309 1.4722222222222225 1.1231732712077624 22.927916666666672 1.0000000180025095e-35 18.400275103420714 10.830000000000004 1.1936877791655187 16.934371128226257 1.0907383232005763 25.747652862367932 1.4615647932320484
decision_type=2 2 2 2 2 2 2 2 2 2 2 2 2
left_child=5 12 4 -4 -3 9 7 -7 -8 10 -1 -11 -2
right_child=1 2 3 -5 -6 6 8 -9 -10 11 -12 -13 -14
leaf_value=0.00033824623959153303 -0.0020018675571854263 -9.78147508299549e-05 -0.0001123118366342875 0.00056994527634482526 0.00058722063429500211 -0.00010074568244915558 0.00060187896045462482 -0.0019245959454366856 -0.00027297758191806119 -0.0016892347558908512 -0.00060582846162709309 -0.00034466125149115826 3.28642681012242e-06
leaf_weight=1554.7524717748165 162.84542840719223 2019.6030195355415 9452.7993825078011 1691.7995723187923 4230.5857793986797 1141.5661476552486 1896.2321103811264 227.86873933672905 562.19352900981903 226.78693357110023 765.11519777774811 7062.5722603499889 72.224762320518494
leaf_count=2306 283 2974 13855 2436 6318 1712 2895 364 874 368 1188 10878 127
internal_value=-1.60032e-05 0.000105006 0.00012538 -7.76136e-06 0.000364307 -0.000175507 0.000104672 -0.000413883 0.000397693 -0.000288156 2.23206e-05 -0.000388317 -0.00134878
internal_weight=31066.9 17629.9 17394.8 11144.6 6250.19 13437.1 3827.86 1369.43 2458.43 9609.23 2319.87 7289.36 235.07
internal_count=46578 25993 25583 16291 9292 20585 5845 2076 3769 14740 3494 11246 410
is_linear=0
shrinkage=0.02


Tree=414
num_leaves=13
num_cat=0
split_feature=20 2 44 4 44 22 16 22 22 37 23 37
split_gain=1.54603 2.3042 2.16256 1.55826 1.31477 1.15863 1.59158 1.13892 2.13281 1.31025 1.04393 0.97025
threshold=3.8406644224576891 12.909511904761905 1.3323325273529816 40.28956857052443 1.1906313216336635 -0.66388482894720957 16.590000000000007 -1.4929416551946233 0.32743987161770477 0.14417168069355049 1.6092065161018365 0.78330622522403492
decision_type=2 2 2 2 2 2 2 2 2 2 2 2
left_child=4 -2 10 -4 5 11 -7 9 -9 -6 -3 -1
right_child=1 2 3 -5 7 6 -8 8 -10 -11 -12 -13
leaf_value=0.00013495142697207517 0.0031234246960589176 -0.00057335508720931985 0.0035470195372522568 0.00062879307125800882 0.0013293541962537798 -0.00037249721224731527 0.00072455343665673785 0.00039347526586918611 -0.00010490183787117929 -0.00046177569179207153 0.0014856632316064575 -0.0020613631873254794
leaf_weight=4076.5868158638477 136.32983160018921 621.32298830151558 116.97660726308823 222.269845277071 172.21667236089706 9091.0464425981045 554.04386603832245 6985.459022372961 6707.9001764059067 2189.7161835134029 113.39014691114426 79.686735838651657
leaf_count=6211 206 933 183 317 258 13881 883 10310 9889 3195 177 135
internal_value=-1.57089e-05 0.000683946 0.000359751 0.00167923 -4.44494e-05 -0.000187797 -0.000308305 7.81592e-05 0.000148628 -0.000325934 -0.000238837 8.94662e-05
internal_weight=31066.9 1210.29 1073.96 339.246 29856.7 13801.4 9645.09 16055.3 13693.4 2361.93 734.713 4156.27
internal_count=46578 1816 1610 500 44762 21110 14764 23652 20199 3453 1110 6346
is_linear=0
shrinkage=0.02


Tree=415
num_leaves=10
num_cat=0
split_feature=43 32 37 3 3 30 24 3 3
split_gain=0.971395 0.833534 1.11054 0.979309 1.46302 1.17822 0.842255 0.742226 1.86757
threshold=-0.54999999999999993 0.95000000000000007 1.0000000180025095e-35 36.636139757336402 27.122226888950667 0.22251759559785864 0.26004898660586434 37.518346415293472 44.005777919636479
decision_type=2 2 2 2 2 2 2 2 2
left_child=7 3 -3 4 -2 -5 -4 -1 -9
right_child=1 2 6 5 -6 -7 -8 8 -10
leaf_value=0.0021881283834414541 -0.00051953282164543004 -0.0023457860869235095 0.001675265358870969 -0.00010373505411546049 0.00021031271753609308 -0.00065047949565735829 0.00015054119667220534 -0.0017620552348215665 0.0017459334672878053
leaf_weight=136.54199630022049 1293.9712559580803 67.830092072486877 146.99273216724396 11655.495963424444 7060.4569149017334 1837.4404871165752 8638.0670786499977 98.824375689029694 147.46986523270607
leaf_count=206 1996 119 266 17724 10334 2763 12857 144 225
internal_value=5.44157e-06 -6.75203e-06 0.000156578 -7.34019e-05 9.5977e-05 -0.000179016 0.000177567 0.0010042 0.00029524
internal_weight=31083.1 30700.3 8852.89 21847.4 8354.43 13492.9 8785.06 382.836 246.294
internal_count=46634 46059 13242 32817 12330 20487 13123 575 369
is_linear=0
shrinkage=0.02


Tree=416
num_leaves=14
num_cat=0
split_feature=22 20 23 5 40 22 3 23 30 43 17 17 20
split_gain=1.37014 1.56102 1.39914 1.43712 1.20915 1.1413 1.41752 1.14408 1.00551 1.06288 0.994867 0.977701 0.779595
threshold=0.5988882454887402 3.7106843233539544 0.46522074878864111 37.103998025124078 -0.33931058589809276 0.68903266068296587 33.79900867642084 0.99980699284547947 -0.10558524166655779 0.45000000000000007 0.78248691152092709 3.2482120456780925 0.0045443008184626503
decision_type=2 2 2 2 2 2 2 2 2 2 2 2 2
left_child=1 2 4 -4 -1 6 12 -8 -3 -10 -7 -12 -2
right_child=5 8 3 -5 -6 10 7 -9 9 -11 11 -13 -14
leaf_value=0.0019432092184418703 -0.00059135190240658657 -5.0365725098577511e-05 0.00037704014166114032 -1.2278362170106507e-06 -0.00044565709790264581 0.00089755831274345517 -0.0015394265867202104 0.00034246022061542632 0.00096376160787278015 0.0033070830968883109 -0.00020414824996884082 0.00081207185478837825 -0.0033375388908912992
leaf_weight=84.405029624700546 77.144715815782547 190.17396250367165 6275.1233142614365 11014.933570116758 2502.4736860692501 364.42295706272125 205.83328711986542 325.58113265037537 297.38104179501534 115.4930405318737 9114.0676254034042 389.75504773855209 126.30235081911087
leaf_count=130 114 274 9425 16413 3773 556 301 491 447 165 13799 560 186
internal_value=5.32706e-06 0.000101181 7.01731e-05 0.000135507 -0.000362409 -0.000178856 -0.000940173 -0.000370745 0.00110307 0.00165614 -0.000120971 -0.000161259 -0.00236079
internal_weight=31083.1 20480 19876.9 17290.1 2586.88 10603.1 734.861 531.414 603.048 412.874 9868.25 9503.82 203.447
internal_count=46634 30627 29741 25838 3903 16007 1092 792 886 612 14915 14359 300
is_linear=0
shrinkage=0.02


Tree=417
num_leaves=12
num_cat=0
split_feature=22 0 23 3 40 22 3 23 2 23 40
split_gain=1.31613 1.39458 1.16356 1.50261 1.42988 1.09757 1.36338 1.09953 0.95769 1.12599 1.04782
threshold=0.5988882454887402 37.926381126134224 0.46522074878864111 36.820963273457828 -0.33931058589809276 0.68903266068296587 33.79900867642084 0.99980699284547947 19.43341666666667 0.8160421725029211 0.13713692986903017
decision_type=2 2 2 2 2 2 2 2 2 2 2
left_child=1 2 4 -4 -1 6 -2 -8 10 -10 -7
right_child=5 -3 3 -5 -6 8 7 -9 9 -11 -12
leaf_value=0.0021874341049553689 -0.0023153082531037826 -0.0024460651032620303 0.00041812791479907223 3.1971638380235809e-05 -0.00036419960015925611 0.00053302095646606969 -0.0015089343678902356 0.00033565282133807343 -0.0012854057813776066 -0.00016385631836321265 -0.0005036464185993653
leaf_weight=88.023468375205994 203.44706663489342 83.415068238973618 6281.0946581363678 11423.103027552366 2604.3474225997925 1519.1994404792786 205.83328711986542 325.58113265037537 378.04331123828888 7457.2836236953735 513.7192547917366
leaf_count=135 300 110 9313 17149 3920 2302 301 491 563 11290 760
internal_value=5.21727e-06 9.91689e-05 0.000110307 0.000169569 -0.000275504 -0.000175293 -0.000921919 -0.000363045 -0.000118505 -0.00021956 0.000265903
internal_weight=31083.1 20480 20396.6 17704.2 2692.37 10603.1 734.861 531.414 9868.25 7835.33 2032.92
internal_count=46634 30627 30517 26462 4055 16007 1092 792 14915 11853 3062
is_linear=0
shrinkage=0.02


Tree=418
num_leaves=13
num_cat=0
split_feature=20 22 22 37 2 0 20 3 20 22 0 22
split_gain=1.2873 1.33277 1.33031 1.26685 1.38895 1.133 1.08076 1.77453 1.22243 0.648369 0.853316 0.590257
threshold=3.7106843233539544 -0.75972936571076299 1.7621489800880756 0.3124824947294037 33.942416666666666 15.666111851455229 -2.9314428886947783 42.508422677013314 -1.5065785189169618 2.3102807545393103 19.157861793909294 1.1966655891446651
decision_type=2 2 2 2 2 2 2 2 2 2 2 2
left_child=2 -2 6 5 -5 -4 7 -1 -8 11 -11 -3
right_child=1 9 3 4 -6 -7 8 -9 -10 10 -12 -13
leaf_value=0.00064137093339897502 0.0023603712487604666 0.0004997655687583914 -0.0021091292368152683 -0.00099183902872235306 0.00022221449805508248 0.00027591680653232272 -0.0003617619632511048 -0.00075421506888442228 4.18678118094457e-05 0.003006876625004332 0.0001615759319633155 -0.00052958688426088518
leaf_weight=2200.7900021672249 154.18660974502563 681.19805413484573 83.245824247598648 1579.9392498731613 477.59117698669434 1135.5298580229282 3516.5217164456844 428.89159646630287 20319.030018568039 79.494508415460587 104.64216065406799 322.02998578548431
leaf_count=3323 228 1016 131 2391 739 1771 5306 713 30259 115 159 483
internal_value=5.08708e-06 0.000610896 -2.19422e-05 -0.000402155 -0.000705237 0.000101631 2.47759e-05 0.000409556 -1.72866e-05 0.000371721 0.00146277 0.000159006
internal_weight=31083.1 1341.55 29741.5 3276.31 2057.53 1218.78 26465.2 2629.68 23835.6 1187.36 184.137 1003.23
internal_count=46634 2001 44633 5032 3130 1902 39601 4036 35565 1773 274 1499
is_linear=0
shrinkage=0.02


Tree=419
num_leaves=12
num_cat=0
split_feature=20 22 22 37 32 22 34 37 2 22 22
split_gain=1.23816 1.27982 1.27742 1.21615 1.37085 1.09419 1.05095 1.72116 0.698911 0.624287 0.567143
threshold=3.7106843233539544 -0.75972936571076299 1.7621489800880756 0.3124824947294037 0.65000000000000002 2.8732430233838575 0.15518545513906154 0.072931893212283619 35.481416666666675 2.3102807545393103 1.1966655891446651
decision_type=2 2 2 2 2 2 2 2 2 2 2
left_child=2 -2 6 5 -5 -4 8 -8 -1 10 -3
right_child=1 9 3 4 -6 -7 7 -9 -10 -11 -12
leaf_value=-0.00021076839118003103 0.0023137683534394655 0.00048979953611376966 -0.00025235860868068073 -0.0013016362739822753 -0.00024222307389965038 0.0010976960246797006 0.0014078235671612549 5.7124470936425867e-05 -0.0017522253829391715 0.0014352678802258881 -0.00051906051860520035
leaf_weight=4316.1558323502541 154.18660974502563 681.19805413484573 894.94263514876366 860.63639816641808 1196.8940286934376 323.83304712176323 382.98905131220818 21644.810594886541 121.27785509824753 184.13666906952858 322.02998578548431
leaf_count=6765 228 1016 1387 1318 1812 515 567 32090 179 274 483
internal_value=5.00138e-06 0.000599139 -2.15007e-05 -0.000394083 -0.00069105 9.93749e-05 2.42722e-05 8.11882e-05 -0.00025592 0.00036456 0.000155625
internal_weight=31083.1 1341.55 29741.5 3276.31 2057.53 1218.78 26465.2 22027.8 4437.43 1187.36 1003.23
internal_count=46634 2001 44633 5032 3130 1902 39601 32657 6944 1773 1499
is_linear=0
shrinkage=0.02


Tree=420
num_leaves=8
num_cat=0
split_feature=40 1 1 19 32 1 32
split_gain=1.2016 0.97915 1.53633 1.78072 1.59528 1.28998 1.18575
threshold=-0.54306826541105147 31.451833333333337 33.688500000000012 0.34739081040530279 0.15000000000000005 31.366333333333333 1.1500000000000001
decision_type=2 2 2 2 2 2 2
left_child=-1 5 4 -4 -3 6 -2
right_child=1 2 3 -5 -6 -7 -8
leaf_value=0.0019910957009141909 -0.00012139943043209266 0.0027991097837902325 -0.00054886290440482024 0.00023948333148802998 0.00043627403299096939 -0.0021281094191371165 0.00031535743329483545
leaf_weight=118.39246666431427 19872.3479205966 119.14457479119301 1757.9249418079853 3274.8267866373062 2909.1191039979458 120.42591935396194 2830.8946641385555
leaf_count=184 29751 197 2620 5014 4368 177 4204
internal_value=-2.65287e-06 -1.07478e-05 0.000178337 -3.40061e-05 0.000534324 -7.79778e-05 -6.64763e-05
internal_weight=31003.1 30884.7 8061.02 5032.75 3028.26 22823.7 22703.2
internal_count=46515 46331 12199 7634 4565 34132 33955
is_linear=0
shrinkage=0.02


Tree=421
num_leaves=6
num_cat=0
split_feature=40 25 4 47 47
split_gain=1.15478 1.02975 0.893915 1.25848 0.868957
threshold=-0.54306826541105147 2.7083333333333335 16.658703725383173 0.90697603967666185 0.32902703703637537
decision_type=2 2 2 2 2
left_child=-1 2 3 -2 -4
right_child=1 -3 4 -5 -6
leaf_value=0.0019519353177231708 0.00016271999342380022 0.0016541246679842526 -0.00065984972495100852 -0.002949176161618593 7.3021619404334248e-06
leaf_weight=118.39246666431427 96.485888332128525 145.79994130134583 799.50238755345345 97.600646466016769 29745.295047670603
leaf_count=184 160 209 1294 147 44521
internal_value=-2.57661e-06 -1.05187e-05 -1.88468e-05 -0.00136529 -9.87506e-06
internal_weight=31003.1 30884.7 30738.9 194.087 30544.8
internal_count=46515 46331 46122 307 45815
is_linear=0
shrinkage=0.02


Tree=422
num_leaves=10
num_cat=0
split_feature=1 12 1 19 32 1 32 34 4
split_gain=0.956437 1.59057 1.4573 1.58085 1.44013 1.24976 1.14138 1.38187 1.25823
threshold=31.451833333333337 16.083099816964516 33.688500000000012 0.30602181856850669 0.15000000000000005 31.366333333333333 1.1500000000000001 0.16996644789791179 16.658703725383173
decision_type=2 2 2 2 2 2 2 2 2
left_child=5 -2 4 -4 -3 6 8 -8 -1
right_child=1 2 3 -5 -6 -7 7 -9 -10
leaf_value=-0.0018011165293172681 0.0032555208709928733 0.002670432846174282 -0.00055319493670583704 0.00019939624105703074 0.00041064682127071319 -0.0020864977616487242 -0.00049371636336302863 0.00055617330137515278 -9.5823045623015627e-05
leaf_weight=173.38410070538521 65.217696040868759 117.58320978283882 1674.8402190804482 3322.2468050420284 2911.0876733064651 120.42591935396194 637.88521164655685 2201.2930174171925 19779.112525612116
leaf_count=272 89 196 2494 5091 4373 177 1009 3208 29606
internal_value=-2.50551e-06 0.000184066 0.000157057 -5.09647e-05 0.000503383 -6.88364e-05 -5.75547e-05 0.000316591 -0.000111322
internal_weight=31003.1 8090.98 8025.76 4997.09 3028.67 22912.1 22791.7 2839.18 19952.5
internal_count=46515 12243 12154 7585 4569 34272 34095 4217 29878
is_linear=0
shrinkage=0.02


Tree=423
num_leaves=6
num_cat=0
split_feature=40 25 15 34 19
split_gain=1.10927 0.988179 0.946546 0.860859 0.819296
threshold=-0.54306826541105147 2.7083333333333335 23.102652948081236 1.0052966871929245 0.18142559013261381
decision_type=2 2 2 2 2
left_child=-1 2 4 -4 -2
right_child=1 -3 3 -5 -6
leaf_value=0.0019131592673799513 -0.00013374075624796367 0.0016204438793081038 0.0015434867714499857 -0.00021693449576254406 7.4167394798651016e-05
leaf_weight=118.39246666431427 15560.864190787077 145.79994130134583 289.26272514462471 164.28841000795364 14724.468644082546
leaf_count=184 23095 209 454 245 22328
internal_value=-2.44629e-06 -1.02367e-05 -1.84015e-05 0.000885711 -3.23292e-05
internal_weight=31003.1 30884.7 30738.9 453.551 30285.3
internal_count=46515 46331 46122 699 45423
is_linear=0
shrinkage=0.02


Tree=424
num_leaves=7
num_cat=0
split_feature=40 15 37 0 22 30
split_gain=1.06605 0.913598 1.31848 1.13632 0.925932 0.806236
threshold=-0.54306826541105147 23.102652948081236 0.99740806401705007 37.926381126134224 2.2656042282809179 -0.08506563406517588
decision_type=2 2 2 2 2 2
left_child=-1 3 5 4 -2 -3
right_child=1 2 -4 -5 -6 -7
leaf_value=0.0018755317051759399 1.2707400105949725e-05 0.0030699429619682594 -0.00051817599993631447 -0.0019978588088757541 -0.00043775435284091441 0.0008026299344327623
leaf_weight=118.39246666431427 28356.598885774612 107.28422513604164 165.68057933449745 114.27912402153015 1947.0049138367176 193.83618322014809
leaf_count=184 42450 169 250 148 3014 300
internal_value=-2.37182e-06 -1.00153e-05 0.000865596 -2.38374e-05 -1.59318e-05 0.00165835
internal_weight=31003.1 30884.7 466.801 30417.9 30303.6 301.12
internal_count=46515 46331 719 45612 45464 469
is_linear=0
shrinkage=0.02


Tree=425
num_leaves=14
num_cat=0
split_feature=5 43 13 5 36 37 5 30 24 36 30 3 37
split_gain=0.95878 2.4506 1.27833 1.09221 1.81449 1.11072 1.02317 1.01464 0.940724 1.43473 1.43368 0.902216 0.813304
threshold=48.68974077200474 0.25000000000000006 1.4926617451241484 48.018009771187579 0.76388888888888895 0.21514597151362222 47.950427270852543 -0.050480435869457489 1.2983031020356519 0.41428571428571431 -0.011928624928020699 48.075032098701939 0.066663288623216466
decision_type=2 2 2 2 2 2 2 2 2 2 2 2 2
left_child=3 2 11 6 5 -5 12 -4 10 -10 -3 -2 -1
right_child=1 8 7 4 -6 -7 -8 -9 9 -11 -12 -13 -14
leaf_value=0.00034848375149593012 -0.0025050488851096676 -0.00062827512128280528 0.0014210720184437934 0.0012357287569516593 0.0020788356301469583 -0.00027671563766096464 -0.0019117896541720511 -0.00068179502966434836 0.0016704982267405244 0 0.00033518434823370173 -0.00093268734288858837 -2.2108718217999053e-05
leaf_weight=2647.7559395134449 177.11019590497017 1229.8728444874287 152.03925082087517 278.96468824148178 267.3844590485096 610.0246020257473 108.44115129113197 220.62911474704742 323.80904975533485 549.98685342073441 1224.956656396389 1220.62959882617 22112.348408162594
leaf_count=4041 257 1821 264 426 383 920 166 390 469 793 1859 1845 33099
internal_value=-1.22572e-05 -0.000263221 -0.000864303 3.65461e-05 0.000636967 0.000188374 8.17581e-06 0.000152437 5.38035e-05 0.000618749 -0.000143558 -0.00114236 1.71422e-05
internal_weight=31124 5099.03 1770.41 26024.9 1156.37 888.989 24868.5 372.668 3328.63 873.796 2454.83 1397.74 24760.1
internal_count=46733 7698 2756 39035 1729 1346 37306 654 4942 1262 3680 2102 37140
is_linear=0
shrinkage=0.02


Tree=426
num_leaves=13
num_cat=0
split_feature=42 18 19 23 13 43 23 27 37 27 27 27
split_gain=0.886815 1.27339 2.92331 1.32763 1.26345 1.17462 1.12867 1.08942 0.911362 0.889836 0.805494 0.938029
threshold=0.35000000000000003 3.050091413162809 1.10284479104155 0.38463345614280037 2.4555399228720467 -0.54999999999999993 0.58241659912868959 0.58143868242514984 0.066663288623216466 0.6065016231909347 0.68261588539719609 1.2382249663056377
decision_type=2 2 2 2 2 2 2 2 2 2 2 2
left_child=1 3 7 9 5 -2 -5 -3 -7 -1 -6 -12
right_child=4 2 -4 6 10 8 -8 -9 -10 -11 11 -13
leaf_value=-0.00027139979018946016 0.0018362119051629276 0.00052620113565636636 0.0015563556470383757 0.00054201980158219583 0.00012044059956162082 0.00069560385492201896 -7.3573819740404363e-05 -0.0014694388155311027 -4.0157224262098543e-06 -0.0014254862656573194 0.0020178726722880434 0
leaf_weight=752.16288620233536 144.00295674800873 116.82072564959526 176.78758400678635 1326.8725573718548 355.81809493899345 782.29570326209068 11464.57902815938 834.93808177113533 14281.445690184832 439.61847904324532 315.69412073493004 132.91690456867218
leaf_count=1155 212 172 268 1979 622 1211 17477 1232 21005 656 525 219
internal_value=-1.20134e-05 -0.000122181 -0.000768698 -6.91848e-05 9.1337e-05 4.97242e-05 -8.86116e-06 -0.00121342 3.17409e-05 -0.000707165 0.000863552 0.00142761
internal_weight=31124 15111.8 1128.55 13983.2 16012.2 15207.7 12791.5 951.759 15063.7 1191.78 804.429 448.611
internal_count=46733 22939 1672 21267 23794 22428 19456 1404 22216 1811 1366 744
is_linear=0
shrinkage=0.02


Tree=427
num_leaves=13
num_cat=0
split_feature=35 36 23 5 36 30 37 23 30 30 13 3
split_gain=0.981767 1.05615 2.01415 1.63701 1.39979 2.00979 1.0662 0.929563 0.932567 1.83462 1.22244 0.760467
threshold=1.0000000180025095e-35 1.5857142857142861 0.89577080334506676 32.766703475293504 1.3875000000000002 0.023350792523423453 0.9689476050978022 0.3574877895173646 0.15833927152149488 0.12203239521264801 1.4788309761760356 30.200199819467993
decision_type=2 2 2 2 2 2 2 2 2 2 2 2
left_child=7 4 3 -3 6 -6 -2 11 9 -9 -10 -1
right_child=1 2 -4 -5 5 -7 -8 8 10 -11 -12 -13
leaf_value=0.00082126771859368443 -0.00012197940286674943 -0.00051854903859920075 -3.6789445340262818e-05 0.0023860524066403035 -0.001982348502520328 0.00031402264931086263 0.00032634329524471305 0.00031592810065707592 0.00012380669884538446 0.0020267616405076029 -0.0014092222840882912 -0.00083515580640918061
leaf_weight=132.02293255925179 20346.404624313116 96.230908632278442 879.35707902908325 303.23608601093292 366.83232975006104 247.67759010195732 2357.6351659595966 4376.9238444566727 950.06559219956398 267.28310808539391 261.45611101388931 538.82744053006172
leaf_count=198 30546 142 1353 435 538 364 3498 6587 1388 411 435 838
internal_value=-1.17472e-05 -6.99139e-05 0.000487926 0.00166233 -0.000100975 -0.00104256 -7.49596e-05 0.000205894 0.000287791 0.000417372 -0.00020057 -0.000492838
internal_weight=31124 24597.4 1278.82 399.467 23318.5 614.51 22704 6526.58 5855.73 4644.21 1211.52 670.85
internal_count=46733 36876 1930 577 34946 902 34044 9857 8821 6998 1823 1036
is_linear=0
shrinkage=0.02


Tree=428
num_leaves=15
num_cat=0
split_feature=35 36 23 36 23 37 23 13 37 20 2 20 23 37
split_gain=0.943155 1.01348 1.93415 1.34367 1.21268 1.02408 0.892369 0.91624 1.21274 0.751916 0.586714 0.562793 0.526914 0.506454
threshold=1.0000000180025095e-35 1.5857142857142861 0.89577080334506676 1.3875000000000002 1.1696931798523014 0.9689476050978022 0.3574877895173646 0.65746069272798746 0.29666640814358819 -3.4063291800954452 13.853333333333333 1.5732422700384563 0.67627195155305986 0.24129578838264149
decision_type=2 2 2 2 2 2 2 2 2 2 2 2 2 2
left_child=6 3 12 5 -5 -2 9 13 -9 -1 -11 -4 -3 -8
right_child=1 2 11 4 -6 -7 7 8 -10 10 -12 -13 -14 -15
leaf_value=-0.0018308113142004698 -0.00011954005625571647 0.0029130847459981879 0.00017435949304677703 -0.0015426284620452615 0.00044996156689294873 0.00031982196293318287 0.00042450978135152509 6.8890174093526067e-05 -0.0024686544093823369 0.00090792048737096563 -0.00055187768412092559 -0.001192788483025667 0.0011288557562375598 0.0014163870583673906
leaf_weight=131.81455713510513 20346.404624313116 103.6159180700779 738.13973265886307 458.74064698815346 155.7692728638649 2357.6351659595966 3154.5330275595188 2395.0534009635448 75.751063585281372 148.63976880908012 390.39604714512825 141.21734637022018 295.85107657313347 230.39116364717484
leaf_count=210 30546 146 1133 667 235 3498 4567 3788 125 223 603 220 431 341
internal_value=-1.14976e-05 -6.8515e-05 0.000477912 -9.89491e-05 -0.00102149 -7.34512e-05 0.000201813 0.000282077 -6.79677e-06 -0.000482685 -0.000128985 -3.60553e-05 0.00162877 0.00049577
internal_weight=31124 24597.4 1278.82 23318.5 614.51 22704 6526.58 5855.73 2470.8 670.85 539.036 879.357 399.467 3384.92
internal_count=46733 36876 1930 34946 902 34044 9857 8821 3913 1036 826 1353 577 4908
is_linear=0
shrinkage=0.02


Tree=429
num_leaves=12
num_cat=0
split_feature=5 19 40 34 5 36 3 5 36 3 2
split_gain=0.903542 1.90182 1.4831 1.57748 1.05358 1.73222 1.01296 0.984312 0.900923 0.767432 0.757918
threshold=48.68974077200474 -0.98852695814956071 0.12898132695962727 1.0585116074026053 48.018009771187579 0.76388888888888895 48.006506016670855 47.950427270852543 0.89444444444444449 48.225617505406781 29.369833333333336
decision_type=2 2 2 2 2 2 2 2 2 2 2
left_child=4 8 3 -3 7 -6 -4 10 9 -2 -1
right_child=1 2 6 -5 5 -7 -8 -9 -10 -11 -12
leaf_value=-4.4202414369797075e-05 -0.0025023149665542163 -1.0178336754997263e-05 -0.0028632948528761674 0.0015678635448027312 0.00018722048674721666 0.0020347976952430394 -0.00056023173945415167 -0.0018748694949358117 -0.0026244231724410162 -0.00054042919316996075 0.00021577295721956054
leaf_weight=18888.535633504391 94.25205472111702 3046.870431214571 86.498761087656021 273.23249259591103 888.98929026722908 267.3844590485096 793.30750033259392 108.44115129113197 134.134013235569 670.73831117153168 5871.568714171648
leaf_count=28320 135 4650 125 400 1346 383 1228 166 191 969 8820
internal_value=-1.12418e-05 -0.00025488 -7.34095e-05 0.000117544 3.61257e-05 0.000625838 -0.00080398 8.25423e-06 -0.00108941 -0.00080108 1.70563e-05
internal_weight=31124 5099.03 4199.91 3320.1 26024.9 1156.37 879.806 24868.5 899.124 764.99 24760.1
internal_count=46733 7698 6403 5050 39035 1729 1353 37306 1295 1104 37140
is_linear=0
shrinkage=0.02


Tree=430
num_leaves=12
num_cat=0
split_feature=17 32 8 36 36 23 36 21 5 21 37
split_gain=1.37086 1.76617 1.56224 1.62952 1.08364 1.76515 1.34003 1.26828 1.21236 1.17114 1.0182
threshold=0.68599704940507511 0.95000000000000007 1.5000000000000002 0.76388888888888895 1.5857142857142861 0.95065053635820884 1.3875000000000002 1.1396184246319965 30.532684554532057 0.92480060171242739 0.95519641350972539
decision_type=2 2 2 2 2 2 2 2 2 2 2
left_child=1 2 -1 -4 6 8 10 -8 -6 -7 -2
right_child=4 -3 3 -5 5 9 7 -9 -10 -11 -12
leaf_value=-0.0020796672448960365 -5.9584060226305982e-05 0.0026772810797980116 0.0002356110683919993 0.002633006684075137 -0.00075066266479942648 -0.0017719649375278993 -0.0013633604414793324 0.0011730541106848842 0.0019217303799392263 0.00030447989127454914 0.00036779703950729289
leaf_weight=90.677130371332169 25666.961387902498 155.10940489172935 707.41306629776955 136.31991684436798 74.082833796739578 127.34018442034721 513.7265123128891 87.275329887866974 414.40914267301559 672.9948488175869 2436.9800239801407
leaf_count=126 38582 239 1096 204 110 199 753 126 596 1042 3606
internal_value=8.29567e-06 0.000704734 0.000361599 0.000640087 -1.67143e-05 0.000549609 -4.25266e-05 -0.000975779 0.00149465 -1.70302e-05 -2.21452e-05
internal_weight=31083.3 1089.52 934.41 843.733 29993.8 1288.83 28704.9 601.002 488.492 800.335 28103.9
internal_count=46679 1665 1426 1300 45014 1947 43067 879 706 1241 42188
is_linear=0
shrinkage=0.02


Tree=431
num_leaves=11
num_cat=0
split_feature=20 3 37 18 21 37 43 44 23 47
split_gain=1.66956 1.30471 1.22319 1.05592 1.03413 1.14457 1.01286 1.29841 0.875481 0.874645
threshold=-5.1724738637396426 37.713042825389287 0.13081955704033879 1.1626504464541543 0.64337574656441288 0.64140999172576574 1.0000000180025095e-35 2.0360400352249637 0.43359647998844847 0.7270313854396192
decision_type=2 2 2 2 2 2 2 2 2 2
left_child=1 2 -1 -4 5 9 8 -8 -6 -2
right_child=4 -3 3 -5 6 -7 7 -9 -10 -11
leaf_value=0 0.00160583899370221 -0.00011770470868230079 0.0034338985940013849 0.00058364426550610291 -0.00078207749281242536 0.0031567365149921494 -0.00012713461421628899 0.00032293829406610278 0.00031283964510140093 -0.00061346927376375576
leaf_weight=100.45803835988045 128.88360777497292 215.45375350117683 173.15667831897736 88.460126638412476 305.86436149477959 79.681339383125305 22459.460060596466 2882.8565574288368 4503.1527644693851 145.86249423027039
leaf_count=146 208 364 255 133 459 126 33740 4149 6866 233
internal_value=8.14042e-06 0.00107176 0.00180378 0.00251982 -1.17369e-05 0.0010586 -2.47197e-05 -7.55198e-05 0.000240826 0.000395557
internal_weight=31083.3 577.529 362.075 261.617 30505.8 354.427 30151.3 25342.3 4809.02 274.746
internal_count=46679 898 534 388 45781 567 45214 37889 7325 441
is_linear=0
shrinkage=0.02


Tree=432
num_leaves=15
num_cat=0
split_feature=3 4 4 38 15 23 17 17 15 17 50 43 36 16
split_gain=1.41145 1.60912 1.91304 1.29233 1.28673 1.78455 1.08834 1.49958 1.05929 1.04352 0.858625 1.72177 0.64984 0.639897
threshold=34.217094344937173 38.622096643037317 40.28956857052443 1.2500000000000002 13.001226851800014 0.90279411098533513 0.68599704940507511 0.66646562410938781 12.059005383972593 2.0560544862355914 2.7500000000000004 0.95000000000000007 1.0000000180025095e-35 6.6200000000000019
decision_type=2 2 2 2 2 2 2 2 2 2 2 2 2 2
left_child=1 6 -3 10 8 -6 7 -1 -5 -8 12 -12 -2 -4
right_child=3 2 13 4 5 -7 9 -9 -10 -11 11 -13 -14 -15
leaf_value=0.00050974799834554931 0.00025648434700929366 0.0030491498268807806 -0.00094212786511503794 0.00028766736491718704 0.0030139151995683183 0.0005346517363901905 4.3595830534390026e-05 0.0030687032113155131 -0.0019683551816177549 0.0019285968029710125 0.0006356335196767421 -0.0024246384499678041 -0.00012366716819970213 0.0011970941481057023
leaf_weight=816.72392237186432 1960.7641167938709 173.54337340593338 98.224055618047714 430.6070958673954 160.66903704404831 462.15250185132027 6361.6555526256561 104.5481233894825 100.2895881831646 118.14929074048996 116.62330549955368 176.71298962831497 19882.59195509553 120.03487408161163
leaf_count=1228 2958 266 155 653 240 701 9477 148 148 152 163 260 29942 188
internal_value=7.98919e-06 0.000241232 0.0014904 -6.96377e-05 0.000581055 0.00119783 0.000173368 0.000816994 -0.000125531 8.00932e-05 -0.000104052 -0.00117802 -8.90648e-05 0.000189156
internal_weight=31083.3 7792.88 391.802 23290.4 1153.72 622.822 7401.08 921.272 530.897 6479.8 22136.7 293.336 21843.4 218.259
internal_count=46679 11614 609 35065 1742 941 11005 1376 801 9629 33323 423 32900 343
is_linear=0
shrinkage=0.02


Tree=433
num_leaves=11
num_cat=0
split_feature=20 3 37 0 21 36 36 23 36 36
split_gain=1.59403 1.24537 1.18129 1.42748 0.98395 1.32203 1.0038 1.6033 1.36035 0.949711
threshold=-5.1724738637396426 37.713042825389287 0.099583431153199911 18.501462852980779 0.64337574656441288 0.43650793650793651 1.5857142857142861 0.95065053635820884 1.3875000000000002 0.29285714285714287
decision_type=2 2 2 2 2 2 2 2 2 2
left_child=1 2 -1 -4 5 9 8 -8 -6 -2
right_child=4 -3 3 -5 6 -7 7 -9 -10 -11
leaf_value=-0.0002684341723253819 0.0010517287884738485 -0.00011393923806115024 0.0035395723521589773 0.00051758038781311735 -2.8388740715582884e-05 0.0026393457777698789 0.0014336949886202435 -1.580528331851439e-05 -0.00098978371490324743 -0.0016308204000159618
leaf_weight=79.990711063146591 146.83537077903748 215.45375350117683 168.60801020264626 113.47612205147743 28275.791264981031 128.33324661850929 480.4031668305397 794.80089619755745 600.33841598033905 79.258823990821838
leaf_count=116 237 364 245 173 42411 204 693 1233 877 126
internal_value=7.87968e-06 0.00104716 0.00176238 0.0023713 -1.15354e-05 0.0010325 -2.42073e-05 0.00052382 -4.87897e-05 6.14478e-05
internal_weight=31083.3 577.529 362.075 282.084 30505.8 354.427 30151.3 1275.2 28876.1 226.094
internal_count=46679 898 534 418 45781 567 45214 1926 43288 363
is_linear=0
shrinkage=0.02


Tree=434
num_leaves=10
num_cat=0
split_feature=20 18 37 21 42 37 44 34 37
split_gain=1.53064 1.2002 1.27796 0.94543 1.21701 1.19112 0.917899 1.2037 1.15497
threshold=-5.1724738637396426 1.1626504464541543 0.092647035108669812 0.64337574656441288 0.15000000000000005 0.64140999172576574 1.8946424518684022 0.19758890796456177 0.072931893212283619
decision_type=2 2 2 2 2 2 2 2 2
left_child=1 2 -1 4 -2 -6 8 -8 -5
right_child=3 -3 -4 6 5 -7 7 -9 -10
leaf_value=-0.00034299723750929418 -0.00091274668636423463 0 0.0025505668168127426 0.0002831368774327164 0.000811977522677164 0.0039319508891974735 -0.0022556152965169988 0.00026592733232253261 -0.00012449416153783856
leaf_weight=73.037861317396164 89.885426133871078 261.67148789763451 242.81924760341644 3168.0887307822704 193.92901661992073 70.612998634576797 74.206706196069717 4862.8048234879971 22046.23348352313
leaf_count=107 141 425 366 4779 314 112 137 7116 33182
internal_value=7.71711e-06 0.00102613 0.00185206 -1.13015e-05 0.00101208 0.00170555 -2.37292e-05 0.000225104 -7.28618e-05
internal_weight=31083.3 577.529 315.857 30505.8 354.427 264.542 30151.3 4937.01 25214.3
internal_count=46679 898 473 45781 567 426 45214 7253 37961
is_linear=0
shrinkage=0.02


Tree=435
num_leaves=7
num_cat=0
split_feature=25 27 14 24 14 15
split_gain=1.38256 0.992984 0.835852 1.34812 0.798442 0.792775
threshold=2.7083333333333335 0.12382555021018972 10.500000000000002 0.58955153404205896 9.5000000000000018 16.136299778949013
decision_type=2 2 2 2 2 2
left_child=1 4 5 -4 -1 -3
right_child=-2 2 3 -5 -6 -7
leaf_value=0 0.0018837991730359977 -3.9529246601786213e-05 -0.00059544889441192413 -6.3169790534838767e-05 0.0014451776066906853 0.00032871337242363198
leaf_weight=280.70721352100372 146.9972268640995 18582.637230008841 2719.2635891437531 6509.7880589962006 316.17479920387268 2671.8767246305943
leaf_count=478 204 28356 4027 9275 514 3991
internal_value=-3.65711e-05 -4.6096e-05 -6.22399e-05 -0.00022118 0.000759153 6.31817e-06
internal_weight=31227.4 31080.4 30483.6 9229.05 596.882 21254.5
internal_count=46845 46641 45649 13302 992 32347
is_linear=0
shrinkage=0.02


Tree=436
num_leaves=7
num_cat=0
split_feature=27 27 14 24 16 14
split_gain=0.979095 0.949516 0.81975 1.29481 0.910129 0.767403
threshold=2.3865142105686705 0.12382555021018972 10.500000000000002 0.58955153404205896 15.540000000000004 9.5000000000000018
decision_type=2 2 2 2 2 2
left_child=1 5 4 -4 -3 -1
right_child=-2 2 3 -5 -6 -7
leaf_value=0 0.0016576986932206644 -5.0904930066581638e-05 -0.00058354865529035662 -6.1888022747289323e-05 0.00029453331076164947 0.0014164557287597501
leaf_weight=280.70721352100372 133.65894600749016 17577.834279894829 2719.2635891437531 6512.4682822227478 3687.3377323746681 316.17479920387268
leaf_count=478 174 26761 4027 9282 5609 514
internal_value=-3.58328e-05 -4.35403e-05 -5.93275e-05 -0.000216722 8.54522e-06 0.000743893
internal_weight=31227.4 31093.8 30496.9 9231.73 21265.2 596.882
internal_count=46845 46671 45679 13309 32370 992
is_linear=0
shrinkage=0.02


Tree=437
num_leaves=6
num_cat=0
split_feature=25 27 22 16 1
split_gain=1.29859 0.915846 0.746172 0.957314 0.803224
threshold=2.7083333333333335 0.12382555021018972 -1.2105997003404616 1.0200000000000002 21.404666666666675
decision_type=2 2 2 2 2
left_child=1 -1 3 -3 -4
right_child=-2 2 4 -5 -6
leaf_value=0.00072893731571626599 0.0018259909260181287 0.0010633332659974095 -0.0001850221865499795 -0.00032434139550468327 6.1369642815384758e-05
leaf_weight=596.8820127248764 146.9972268640995 201.66337502002716 7593.3413183987141 5284.2354131340981 17404.325496226549
leaf_count=992 204 299 11350 7882 26118
internal_value=-3.51096e-05 -4.43505e-05 -5.98667e-05 -0.000271139 -1.30836e-05
internal_weight=31227.4 31080.4 30483.6 5485.9 24997.7
internal_count=46845 46641 45649 8181 37468
is_linear=0
shrinkage=0.02


Tree=438
num_leaves=7
num_cat=0
split_feature=25 15 15 19 24 14
split_gain=1.24784 0.737838 0.888512 0.984435 0.73078 0.680015
threshold=2.7083333333333335 21.723153682571041 27.016050859683194 -0.13472340182516165 0.068587426900460255 10.500000000000002
decision_type=2 2 2 2 2 2
left_child=1 4 3 -3 -1 -6
right_child=-2 2 -4 -5 5 -7
leaf_value=0.001450676617357658 0.0017899612524609444 -9.5327417284385259e-05 -0.00094262366166828556 0.0015541582912647523 -2.4092174524360072e-06 -0.00020941040995119109
leaf_weight=125.22155386209488 146.9972268640995 219.90337353944778 117.17774972319603 366.78494814038277 21114.18334966898 9137.1766405701637
leaf_count=261 204 349 168 579 32131 13153
internal_value=-3.43842e-05 -4.34489e-05 0.000594528 0.000920685 -5.8599e-05 -6.52725e-05
internal_weight=31227.4 31080.4 703.866 586.688 30376.6 30251.4
internal_count=46845 46641 1096 928 45545 45284
is_linear=0
shrinkage=0.02


Tree=439
num_leaves=10
num_cat=0
split_feature=15 1 22 26 24 26 15 24 15
split_gain=0.894915 0.864387 0.833712 1.48067 1.37111 1.29399 0.908174 0.850738 0.690623
threshold=21.723153682571041 31.781333333333333 -1.2105997003404616 0.95000000000000007 1.0634959543874769 0.61250000000000016 20.854892348139156 0.97060291641036878 27.016050859683194
decision_type=2 2 2 2 2 2 2 2 2
left_child=2 -2 3 5 -5 -1 7 -4 -3
right_child=1 8 6 4 -6 -7 -8 -9 -10
leaf_value=-0.00036366038110884817 -0.0011787161753820158 0.0012334643956792343 -6.3042509184822761e-05 -0.0013738327411129839 -0.00026216277901878175 0.0004080781963744456 -0.0013586513132098374 0.00019822361828431145 -0.00043039197574168381
leaf_weight=2033.6162989139557 83.562327057123184 522.36206296086311 18008.778769254684 778.22300684452057 1097.691597789526 1511.1164609789848 193.76967462897301 6886.2478752434254 112.07676869630814
leaf_count=3112 124 830 27212 1122 1594 2261 299 10130 161
internal_value=-3.36919e-05 0.000662264 -5.04405e-05 -0.000275326 -0.000729636 -3.18048e-05 -1.43535e-06 8.83514e-06 0.000923395
internal_weight=31227.4 718.001 30509.4 5420.65 1875.91 3544.73 25088.8 24895 634.439
internal_count=46845 1115 45730 8089 2716 5373 37641 37342 991
is_linear=0
shrinkage=0.02


Tree=440
num_leaves=13
num_cat=0
split_feature=40 4 26 47 24 0 2 14 40 19 26 0
split_gain=0.92629 1.54583 1.46211 1.28051 1.18684 1.1014 1.27917 0.965516 0.95833 0.846789 0.799119 0.732023
threshold=-0.070397181914759938 24.701282457319284 0.41428571428571431 0.19657313875467458 0.10959485817001702 35.189931661732352 36.460916666666677 9.5000000000000018 0.070217233765584516 -1.3844445308930984 0.21111111111111114 33.66961305044412
decision_type=2 2 2 2 2 2 2 2 2 2 2 2
left_child=1 2 10 -2 7 11 -7 -5 -6 -4 -1 -3
right_child=3 5 9 4 8 6 -8 -9 -10 -11 -12 -13
leaf_value=-0.0014764027365635052 -0.001552024661946223 -0.00011872697786092001 -0.00028692926314546414 0 0.0001680737453206528 -0.0022265634862246352 -0.00020209203669594074 0.0036610962869244265 -0.0001033395597824403 -0.0024292460829788828 0.0011513232234518795 0.00057764939295827764
leaf_weight=67.821363687515259 195.88044688105583 7677.6709107756615 114.22486859560013 47.426624804735184 12116.520945847034 207.06545773148537 342.31685894727707 64.327447354793549 9075.0063957870007 291.90769582986832 130.05513912439346 650.25948289036751
leaf_count=107 319 11486 172 100 18144 300 487 133 13635 443 196 951
internal_value=-2.47759e-05 -0.000189644 -0.00116891 4.74782e-05 6.27991e-05 -0.000121641 -0.000988572 0.00210244 5.13738e-05 -0.00185558 0.000194889 -6.30266e-05
internal_weight=30980.5 9481.32 604.009 21499.2 21303.3 8877.31 549.382 111.754 21191.5 406.133 197.877 8327.93
internal_count=46473 14142 918 32331 32012 13224 787 233 31779 615 303 12437
is_linear=0
shrinkage=0.02


Tree=441
num_leaves=12
num_cat=0
split_feature=40 47 2 17 40 2 44 30 50 19 50
split_gain=0.890214 1.23034 0.946998 0.898539 0.862766 1.72226 1.43323 0.811043 0.750493 0.621369 0.52439
threshold=-0.070397181914759938 0.19657313875467458 35.585333333333338 0.59158068811941711 0.070217233765584516 33.059559523809533 1.5746646103032802 0.32846817388215893 2.2500000000000004 -0.98852695814956071 1.6500000000000004
decision_type=2 2 2 2 2 2 2 2 2 2 2
left_child=2 -2 3 9 6 -6 -3 -5 10 -1 -4
right_child=1 4 8 7 5 -7 -8 -9 -10 -11 -12
leaf_value=-0.0030197787961969338 -0.0015212978479243542 6.3431814333030881e-05 -0.00069904094230593462 -0.00014592490263196317 4.2581374705610091e-05 -0.00067185340706100842 0.00061081031313417727 0.0006796218482977781 0.00093311487242779903 -0.00046923365059281681 -0.0020092331253758373
leaf_weight=68.731577813625336 195.88044688105583 9766.4180744588375 453.91534414887428 8080.6254598498344 7502.6119009554386 1638.743301063776 2395.5081373155117 500.62136396765709 74.013246119022369 110.73500022292137 192.67978546023369
leaf_count=105 319 14733 712 12035 11315 2458 3506 741 106 167 276
internal_value=-2.43058e-05 4.652e-05 -0.000185936 -0.00012717 6.15467e-05 -8.45185e-05 0.000172153 -9.64511e-05 -0.000884202 -0.00152366 -0.00110988
internal_weight=30980.5 21499.2 9481.32 8760.71 21303.3 9141.36 12161.9 8581.25 720.608 179.467 646.595
internal_count=46473 32331 14142 13048 32012 13773 18239 12776 1094 272 988
is_linear=0
shrinkage=0.02


Tree=442
num_leaves=7
num_cat=0
split_feature=29 24 24 15 50 17
split_gain=0.819624 0.763707 1.02777 1.65226 1.39975 0.590306
threshold=2.2500000000000004 0.068587426900460255 0.37790249842397844 2.7005166739282065 0.8500000000000002 1.1180023256370661
decision_type=2 2 2 2 2 2
left_child=1 5 4 -4 -3 -1
right_child=-2 2 3 -5 -6 -7
leaf_value=0.0001294183641265194 0.001465635423148396 -0.00083573462426266053 -0.0014344146372661335 1.9539826675453142e-05 -5.401174756129798e-06 0.0031579021117387196
leaf_weight=65.095242887735367 144.80035826563835 1450.5422608852386 314.26454585790634 27057.383621990681 1897.5656714141369 50.831936955451965
leaf_count=134 198 2366 514 40028 3121 112
internal_value=-2.38342e-05 -3.12474e-05 -3.77296e-05 2.37751e-06 -0.000368406 0.00157319
internal_weight=30980.5 30835.7 30719.8 27371.6 3348.11 115.927
internal_count=46473 46275 46029 40542 5487 246
is_linear=0
shrinkage=0.02


Tree=443
num_leaves=12
num_cat=0
split_feature=4 4 22 46 25 19 19 4 30 40 19
split_gain=0.874456 1.45566 1.7523 1.76057 1.2492 1.22521 1.06442 1.02057 1.47158 1.40747 0.563433
threshold=30.994925356264442 33.126624463409264 -2.2361811760909407 0.88194444444444453 1.9000000000000001 -4.5348623010301585 -1.6644812831917351 28.978042302889538 0.24968566099997572 -0.27608697972068891 -5.207898259951091
decision_type=2 2 2 2 2 2 2 2 2 2 2
left_child=4 2 -2 -4 7 10 -7 9 -9 -1 -3
right_child=1 5 3 -5 -6 6 -8 8 -10 -11 -12
leaf_value=-0.0017690904695289731 -0.0025299334975341327 0.00039751452201117611 -0.00021901897547082851 0.0011227811103550745 0.0015432146511057628 -0.00041451553627175434 1.8027881300742621e-05 -0.00053041950983081349 -0.0026762321025448834 -4.7827789387815647e-05 0.0026477305169914172
leaf_weight=198.60552433133125 66.981764525175095 106.19111767411232 559.27677240967751 1213.2626219391823 148.25300586223602 2551.7176934480667 20638.962460458279 1302.5937757790089 144.04518696665764 3955.0221046507359 95.57161021232605
leaf_count=303 97 144 847 1782 206 3740 31012 1981 209 6017 135
internal_value=-2.33413e-05 2.70244e-05 0.000568565 0.000694008 -0.000246083 -1.51785e-05 -2.91662e-05 -0.000295769 -0.000754386 -0.000133348 0.00152801
internal_weight=30980.5 25232 1839.52 1772.54 5748.52 23392.4 23190.7 5600.27 1446.64 4153.63 201.763
internal_count=46473 37757 2726 2629 8716 35031 34752 8510 2190 6320 279
is_linear=0
shrinkage=0.02


Tree=444
num_leaves=14
num_cat=0
split_feature=26 17 27 1 46 15 18 17 34 2 27 40 2
split_gain=0.884787 0.993 2.25119 1.95203 1.30099 1.22862 1.12342 0.911247 0.768853 0.935152 0.863257 0.826219 0.686142
threshold=0.2678571428571429 2.385905085190386 0.94226044411192433 27.056500000000003 3.4222222222222229 18.343726023800787 0.76860663052758282 1.6141367136239719 0.11897214913849946 22.394916666666667 0.19271926555169658 -0.069005488011182087 26.946250000000003
decision_type=2 2 2 2 2 2 2 2 2 2 2 2 2
left_child=8 3 5 6 -4 -3 -2 -5 9 -1 12 -12 -10
right_child=1 2 4 7 -6 -7 -8 -9 10 -11 11 -13 -14
leaf_value=-0.00068785419170810545 0.00071548744422999546 2.5814737341613077e-05 -0.00051910149760633841 -3.6813284776620371e-05 0.0012899895308096144 0.00098323832408160378 -7.9894046500150523e-05 0.00055371295135756156 4.6329306458526114e-05 -0.0031467510106670854 -0.0014287430111804287 -0.00018340809359949564 0.0019637822499208269
leaf_weight=429.42296430468559 747.37460479140282 3565.234887868166 4715.6381454765797 1353.2266312539577 159.69221651554108 634.24958866834641 13210.99754974246 4167.6709847152233 853.51190048456192 75.648820370435715 332.16957998275757 654.37648013234138 81.269283950328827
leaf_count=703 1121 5318 6843 2097 222 967 19634 6441 1352 123 496 1018 138
internal_value=-2.28841e-05 7.94084e-06 -0.00016445 8.87744e-05 -0.000457289 0.000173194 -3.64941e-05 0.000407198 -0.000389461 -0.00108682 -0.000200002 -0.00061487 0.000227543
internal_weight=30980.5 28554.1 9074.81 19479.3 4875.33 4199.48 13958.4 5520.9 2426.4 505.072 1921.33 986.546 934.781
internal_count=46473 42643 13350 29293 7065 6285 20755 8538 3830 826 3004 1514 1490
is_linear=0
shrinkage=0.02


Tree=445
num_leaves=13
num_cat=0
split_feature=30 20 15 34 34 40 15 50 3 26 40 40
split_gain=1.04862 1.32719 1.56451 2.20876 1.42544 0.901849 0.713794 0.666616 1.00327 0.771419 0.625674 0.714686
threshold=-0.37508833695718996 0.48242556993056951 7.3727021101150507 0.2698979714233149 0.56025371305810723 0.24989599286660272 18.559744408427015 0.75000000000000011 36.820963273457828 1.4142857142857144 0.37443931819798071 0.4485431038708948
decision_type=2 2 2 2 2 2 2 2 2 2 2 2
left_child=1 2 3 -1 -3 7 -4 9 -9 -2 -7 -12
right_child=5 4 6 -5 -6 10 -8 8 -10 -11 11 -13
leaf_value=-0.0020974739799808125 -6.1273627527419914e-05 -0.00052722765603160373 -0.0020167215332428158 0.0024460428993236354 0.0024139618268945694 -0.00060853245111848638 0 0.00031180119972978144 2.3102993671226597e-05 -0.0011337513455745884 0.0007818306842365786 -0.00041119642022284904
leaf_weight=70.448734432458878 6148.3213081657887 175.97081652283669 418.90680038928986 99.715117156505585 99.79884734749794 1396.2572791278362 95.452750325202942 7323.8173499703407 14299.594455242157 280.60551369190216 342.5630130469799 472.85091736912727
leaf_count=122 9444 267 638 147 139 2110 145 10836 21368 450 520 713
internal_value=1.60485e-05 -0.000633344 -0.00110902 0.000504404 0.000510882 3.7025e-05 -0.00166204 6.79878e-05 0.000121367 -0.000109977 -0.000350889 7.84583e-05
internal_weight=31224.3 960.293 684.523 170.164 275.77 30264 514.36 28052.3 21623.4 6428.93 2211.67 815.414
internal_count=46899 1458 1052 269 406 45441 783 42098 32204 9894 3343 1233
is_linear=0
shrinkage=0.02


Tree=446
num_leaves=9
num_cat=0
split_feature=12 50 27 12 27 12 47 12
split_gain=1.03111 0.968719 0.972659 2.80713 1.09569 0.730882 0.846062 0.816243
threshold=18.34883705073068 3.2500000000000004 1.2897781031880375 18.706327139539649 1.2382249663056377 17.524841467106182 0.34725262439712395 17.473959811735401
decision_type=2 2 2 2 2 2 2 2
left_child=5 2 4 -4 -2 7 -7 -1
right_child=1 -3 3 -5 -6 6 -8 -9
leaf_value=0 0.00012257937141617816 0.0023343286282344754 0.00085669902041617672 -0.00062236292311242222 0.0011569391343297564 0.00082951898223507182 -0.00028402556492896378 0.001035171898628226
leaf_weight=2951.6598797142506 16826.124264001846 75.80481693148613 675.57495227456093 2076.3551335930824 420.81680393218994 276.9891451895237 7581.1376535892487 339.84025356173515
leaf_count=4390 25473 99 949 3033 614 438 11372 531
internal_value=1.57012e-05 0.000101638 9.2443e-05 -0.000255276 0.000148528 -0.000138121 -0.000243301 0.000109946
internal_weight=31224.3 20074.7 19998.9 2751.93 17246.9 11149.6 7858.13 3291.5
internal_count=46899 30168 30069 3982 26087 16731 11810 4921
is_linear=0
shrinkage=0.02


Tree=447
num_leaves=12
num_cat=0
split_feature=30 12 20 15 20 50 12 12 46 47 12
split_gain=1.00714 1.29413 1.2758 1.50275 1.01519 0.878565 0.817953 0.792465 0.750958 1.82718 0.552556
threshold=-0.37508833695718996 18.34883705073068 0.48242556993056951 7.3727021101150507 1.6471213146775343 3.2500000000000004 18.559911241264778 17.727067366620727 1.4722222222222225 1.2226480594089852 17.795373015678354
decision_type=2 2 2 2 2 2 2 2 2 2 2
left_child=2 8 3 -1 -4 6 -3 -5 9 -2 -10
right_child=1 5 4 7 -6 -7 -8 -9 10 -11 -12
leaf_value=0.00049289979578190693 -0.00018502744682881436 0.00044482676254246163 0.0016383588049419524 0.00027896807114326488 -0.00074837216028743011 0.0023375294568366792 7.1404000719899044e-05 -0.0019333142073710435 -0.00010672303897805481 0.00061102684419111347 -0.0005698099961123352
leaf_weight=170.16385158896446 5091.085955530405 2754.9710966050625 148.14731341600418 66.130659490823746 127.62235045433044 70.619750022888184 16605.057851344347 448.22889122366905 2080.8937622904778 1488.7522881627083 2172.6291326582432
leaf_count=269 7738 3946 214 98 192 92 25143 685 3081 2213 3228
internal_value=1.54187e-05 3.59825e-05 -0.000620994 -0.00108746 0.000500377 0.000133895 0.0001251 -0.00162954 -0.000138702 -3.26216e-06 -0.000345767
internal_weight=31224.3 30264 960.293 684.523 275.77 19430.6 19360 514.36 10833.4 6579.84 4253.52
internal_count=46899 45441 1458 1052 406 29181 29089 783 16260 9951 6309
is_linear=0
shrinkage=0.02


Tree=448
num_leaves=15
num_cat=0
split_feature=40 34 47 20 49 47 46 34 34 34 34 34 46 34
split_gain=0.658619 0.933537 1.66442 1.13334 1.13263 1.34297 1.09604 0.729086 0.738113 1.11415 0.926509 0.610004 0.600549 0.559861
threshold=0.23082447751797083 0.2871433887478369 1.9505025028673428 1.0146940891624328 1.7500000000000002 1.4379785638925333 2.1055555555555561 1.0960789459665534 0.88697462835112484 0.97872626364973014 0.79232510383189303 1.4800446365992974 2.0500000000000003 1.8167221222600958
decision_type=2 2 2 2 2 2 2 2 2 2 2 2 2 2
left_child=1 2 3 -1 6 -6 -3 8 10 -10 -2 -9 -4 -13
right_child=7 4 12 -5 5 -7 -8 11 9 -11 -12 13 -14 -15
leaf_value=-0.00019409986671081305 -0.00046754413004531948 0.00022081244710697349 -0.003175515138093271 0.00026216535497522063 0.0012796515994440605 -0.00017876160038662206 0.0020365610717635206 0.00091205704698545586 -0.0026173027094400555 -0.00010844766385195191 0.0010897279902281091 -0.0012681970220037992 -0.0006094413046113115 0.00034437361259453931
leaf_weight=7905.0632441043854 1523.0040550231934 11984.043018937111 90.747636705636978 2990.9177495837212 262.55030837655067 5125.7325548529625 134.00333541631699 319.63274151086807 149.12020036578178 150.05638909339905 164.77348837256432 139.3968480527401 80.950229734182358 204.31110265851021
leaf_count=12242 2338 17862 137 4542 385 7414 191 465 215 222 240 207 130 309
internal_value=1.51197e-05 4.3405e-05 -9.98399e-05 -6.79136e-05 0.000134538 -0.000105395 0.000242049 -0.000285869 -0.00047929 -0.00140123 -0.000308484 0.000278168 -0.00204421 -0.00028426
internal_weight=31224.3 28574 11067.7 10896 17506.3 5388.28 12118 2650.29 1986.95 299.177 1687.78 663.341 171.698 343.708
internal_count=46899 42903 17051 16784 25852 7799 18053 3996 3015 437 2578 981 267 516
is_linear=0
shrinkage=0.02


Tree=449
num_leaves=7
num_cat=0
split_feature=30 15 47 47 47 47
split_gain=0.966151 1.05465 0.643859 0.867094 0.584655 0.560254
threshold=-0.37508833695718996 9.2165322073272655 1.5154872803674502 1.5079237031251929 2.086088172788676 1.9785876318142968
decision_type=2 2 2 2 2 2
left_child=1 -1 3 -2 5 -4
right_child=2 -3 4 -5 -6 -7
leaf_value=0.0001096035979984118 8.9637804758306282e-05 -0.0012027867075416804 -0.00013708698804619626 0.0017544069390578367 9.0754152541603432e-05 -0.00068655331117917749
leaf_weight=427.95175555348396 20010.347980320454 532.34131062030792 5220.782999843359 124.67468920350075 4024.8856433331966 883.3185239136219
leaf_count=667 30420 791 7711 186 5848 1276
internal_value=1.48013e-05 -0.00060852 3.49489e-05 0.000100616 -9.45947e-05 -0.000218436
internal_weight=31224.3 960.293 30264 20135 10129 6104.1
internal_count=46899 1458 45441 30606 14835 8987
is_linear=0
shrinkage=0.02


Tree=450
num_leaves=13
num_cat=0
split_feature=2 0 19 15 14 34 15 40 19 40 1 15
split_gain=1.2762 1.78369 1.75721 1.23075 1.89696 1.21196 1.3767 0.94438 1.53539 0.981175 0.93991 0.886922
threshold=34.633416666666676 35.189931661732352 -0.73020000662056173 18.343726023800787 9.5000000000000018 0.2130053218246751 7.8795356965820611 -0.16927162292612688 -0.14950979325005057 0.038366954407707508 33.961166666666671 8.5956851368740921
decision_type=2 2 2 2 2 2 2 2 2 2 2 2
left_child=1 5 3 4 -2 11 -7 8 -4 -9 -5 -1
right_child=2 -3 7 10 -6 6 -8 9 -10 -11 -12 -13
leaf_value=-0.0003560582969901461 -0.00088371065862154641 0.0024193554566685586 0.0010881457159540727 0.0014674680251389261 -0.004369324484376904 0.00027069244047291932 -6.2085336887874611e-05 0.0002917015875436942 -0.0019183185090502247 -0.00051625791388825652 -0.0013633976083270317 0.00011519614519224122
leaf_weight=5362.6796163916588 156.72881755232811 120.35178422927856 84.39291313290596 71.401351600885391 114.91800591349602 8675.6479302048683 11566.184677392244 1331.6329105198383 271.1623971760273 1085.7570867240429 122.73917099833488 2234.3462769389153
leaf_count=8351 240 168 124 106 157 12892 17060 2022 416 1653 190 3445
internal_value=-3.33902e-05 9.80828e-06 -0.000409174 -0.0015466 -0.00241597 -4.22443e-07 8.00619e-05 -0.000213534 -0.00117466 -6.71824e-05 -0.000266926 -0.000216149
internal_weight=31197.9 27959.2 3238.73 465.787 271.647 27838.9 20241.8 2772.95 355.555 2417.39 194.141 7597.03
internal_count=46824 41916 4908 693 397 41748 29952 4215 540 3675 296 11796
is_linear=0
shrinkage=0.02


Tree=451
num_leaves=12
num_cat=0
split_feature=30 2 47 19 34 30 31 21 26 24 31
split_gain=1.43168 1.22781 1.74227 1.44137 1.21645 1.20035 1.13823 1.06125 0.90379 0.679246 0.654785
threshold=0.51826156997976192 34.633416666666676 0.6259891114211803 -0.73020000662056173 0.2130053218246751 0.32846817388215893 1.2350380787136284 1.1597396405120375 1.3875000000000002 0.97060291641036878 1.6037882057819033
decision_type=2 2 2 2 2 2 2 2 2 2 2
left_child=1 4 -3 -4 7 -6 -2 -1 9 -8 -10
right_child=6 2 3 -5 5 -7 8 -9 10 -11 -12
leaf_value=-0.00028568243896433943 0.00051623655865248798 0.0025310612254795467 -0.00152304112486844 -0.00028346071302504046 7.2372984772509067e-05 0.00077280425304253916 -0.0014511243374981195 0.00039714931777714061 -0.0019307084272638542 -0.0041688343705634893 0.00034518360804979074
leaf_weight=6464.7666216790676 122.27000468969345 76.699249088764191 444.03062599897385 2637.1486611366272 18994.334111243486 1034.823208630085 109.00853928923607 1046.8124530017376 83.709568679332733 75.677347362041473 108.66254797577858
leaf_count=10089 184 127 661 4001 28113 1517 165 1577 124 103 163
internal_value=-3.27273e-05 -1.50827e-05 -0.000388694 -0.000466213 2.74183e-05 0.000109134 -0.00109318 -0.000189112 -0.00164142 -0.00265104 -0.000603385
internal_weight=31197.9 30698.6 3157.88 3081.18 27540.7 20029.2 499.328 7511.58 377.058 184.686 192.372
internal_count=46824 46085 4789 4662 41296 29630 739 11666 555 268 287
is_linear=0
shrinkage=0.02


Tree=452
num_leaves=11
num_cat=0
split_feature=30 31 31 21 46 31 30 30 14 46
split_gain=1.37638 1.19387 1.68613 1.55663 1.40758 1.0957 1.06361 0.957286 0.937153 1.26506
threshold=0.51826156997976192 2.1237862865880301 1.7779524063401329 1.1597396405120375 0.76388888888888895 1.2350380787136284 0.28185890904459127 0.17485475596248168 8.5000000000000018 2.1547619047619051
decision_type=2 2 2 2 2 2 2 2 2 2
left_child=1 2 3 -1 -3 -2 -4 -6 -7 -10
right_child=5 4 6 -5 7 8 -8 -9 9 -11
leaf_value=-6.0320373436603741e-05 0.00050607800610533518 -0.00089457631265966596 -0.0015053476089154083 0.00038519987739208002 0.0035831268061739673 0 1.3335043611452632e-05 0.0009919058603219174 -0.0032309464595264726 -0.00032710730150852755
leaf_weight=25902.907030373812 122.27000468969345 111.63839212059975 495.31195083260536 3566.3861519396305 79.237455636262894 97.84036049246788 272.65864562988281 270.47530424594879 175.40864160656929 103.80900120735168
leaf_count=38868 184 198 776 5230 145 147 398 470 254 154
internal_value=-3.20727e-05 -1.47659e-05 -3.05238e-05 -6.04153e-06 0.000992111 -0.00107185 -0.000954536 0.00162449 -0.00160988 -0.00219691
internal_weight=31197.9 30698.6 30237.3 29469.3 461.351 499.328 767.971 349.713 377.058 279.218
internal_count=46824 46085 45272 44098 813 739 1174 615 555 408
is_linear=0
shrinkage=0.02


Tree=453
num_leaves=13
num_cat=0
split_feature=12 30 31 47 43 45 43 14 19 19 1 31
split_gain=1.37127 1.62979 1.29714 1.27005 2.86268 1.69807 1.56961 1.46412 0.877454 1.28401 1.14079 0.613671
threshold=18.16595900812737 0.51826156997976192 1.4031721588102157 1.5576072099104563 1.1500000000000004 1.5500000000000003 1.2500000000000002 8.5000000000000018 1.0000000180025095e-35 -0.13472340182516165 19.607333333333337 1.714987297134946
decision_type=2 2 2 2 2 2 2 2 2 2 2 2
left_child=3 8 -3 4 5 -1 7 -5 9 -2 -10 -4
right_child=1 2 11 6 -6 -7 -8 -9 10 -11 -12 -13
leaf_value=-0.00024508825091200008 4.0539478419463938e-06 0.00019504855986602587 -0.0036531674163324955 0.00012514594882913035 0.0031379043261480139 0.00085682162296834424 -0.0030891591714188038 -0.0008017707375241078 -0.00025090474337105913 -0.00084372593713541747 0.00028234854051455214 -0.0012715948942488308
leaf_weight=5321.6182002127171 9301.7832519114017 135.11949270963669 81.901906728744507 1015.5943337082863 107.19185239076614 620.46862602233887 95.268294721841812 1967.2623299956322 1899.8671191036701 770.09132063388824 9742.1445918381214 139.63161879777908
leaf_count=8001 13763 202 117 1590 165 922 132 2841 2897 1141 14840 213
internal_value=-3.14207e-05 5.34819e-05 -0.00128219 -0.000237782 -6.75524e-05 -0.000128096 -0.000568817 -0.000482954 7.59969e-05 -5.99289e-05 0.00019444 -0.00222162
internal_weight=31197.9 22070.5 356.653 9127.4 6049.28 5942.09 3078.12 2982.86 21713.9 10071.9 11642 221.534
internal_count=46824 33173 532 13651 9088 8923 4563 4431 32641 14904 17737 330
is_linear=0
shrinkage=0.02


Tree=454
num_leaves=10
num_cat=0
split_feature=30 2 0 47 19 31 14 31 24
split_gain=1.27466 1.16477 1.68782 1.67444 1.38165 1.0257 0.892266 0.865677 0.773212
threshold=0.51826156997976192 34.633416666666676 35.189931661732352 0.6259891114211803 -0.73020000662056173 1.2350380787136284 8.5000000000000018 2.1237862865880301 1.3779418393734286
decision_type=2 2 2 2 2 2 2 2 2
left_child=1 2 7 -3 -5 -2 -7 -1 -8
right_child=5 3 -4 4 -6 6 8 -9 -10
leaf_value=1.6459149366860321e-06 0.00049342645413112121 0.0024840517411337608 0.0023716356694091657 -0.0014888522296877516 -0.0002750750855735469 0 -0.0027933321130802712 0.00089269117483430852 -0.00030493263120246042
leaf_weight=26978.665186554193 122.27000468969345 76.699249088764191 120.35178422927856 444.03062599897385 2637.1486611366272 97.84036049246788 199.46124690771103 441.71942377090454 79.756395906209946
leaf_count=40352 184 127 168 661 4001 147 296 776 112
internal_value=-3.07994e-05 -1.41319e-05 2.72553e-05 -0.000378035 -0.000454089 -0.00103142 -0.00155227 1.64286e-05 -0.00212532
internal_weight=31197.9 30698.6 27540.7 3157.88 3081.18 499.328 377.058 27420.4 279.218
internal_count=46824 46085 41296 4789 4662 739 555 41128 408
is_linear=0
shrinkage=0.02


Tree=455
num_leaves=10
num_cat=0
split_feature=48 36 36 1 12 37 1 1 1
split_gain=0.782324 1.43545 1.95153 1.28338 0.86053 0.789063 0.71025 2.08532 0.708021
threshold=3.7500000000000004 1.5857142857142861 1.3875000000000002 26.391500000000004 19.820744997408365 2.9708902928387317 18.822111111111116 23.146500000000007 31.020166666666672
decision_type=2 2 2 2 2 2 2 2 2
left_child=1 2 4 -2 -1 -5 -3 -8 -4
right_child=3 6 8 5 -6 -7 7 -9 -10
leaf_value=-6.9270604185888392e-05 -0.003301772520080664 -0.0010012661201294845 -0.0016761727764489783 -0.00080311065560834951 0.00031651584392000529 0.0013422910445288192 0.0034317229002537855 0.0005012976880019403 -0.00011642873606971775
leaf_weight=26415.786778330803 70.744496136903763 83.578312873840332 399.19177743792534 361.21048220992088 2526.9764425456524 80.026369094848633 110.43171459436417 846.90135011076927 184.62774270772934
leaf_count=39790 100 123 579 527 3720 123 168 1262 280
internal_value=-4.60014e-05 -3.26473e-05 -5.8713e-05 -0.000820615 -3.52228e-05 -0.000387141 0.000695841 0.000856206 -0.00120207
internal_weight=31079.5 30567.5 29526.6 511.981 28942.8 441.237 1040.91 957.333 583.82
internal_count=46672 45922 44369 750 43510 650 1553 1430 859
is_linear=0
shrinkage=0.02


Tree=456
num_leaves=9
num_cat=0
split_feature=24 27 24 24 24 26 3 24
split_gain=0.931274 0.808511 1.64392 1.44447 1.72921 1.0224 0.980606 0.638818
threshold=0.068587426900460255 1.1396462672251151 1.0935962364069411 1.2983031020356519 0.99980105643975958 1.4722222222222225 44.71400273919668 1.3512013742656597
decision_type=2 2 2 2 2 2 2 2
left_child=-1 3 6 4 -2 -4 -3 -5
right_child=1 2 5 7 -6 -7 -8 -9
leaf_value=0.0016386786880274282 -3.9232472757222631e-05 -0.00044309222757468503 0.00024182339235977006 -0.0029064915656433479 0.00051853249764688446 -0.00033667910422905729 -0.001516909353514071 -0.00073902891711007763
leaf_weight=128.47573575377464 21682.497928887606 1060.9572938382626 2264.5470127761364 81.042847841978073 2473.9226788580418 2630.6744497716427 531.61530146002769 225.74221685528755
leaf_count=270 32652 1573 3361 130 3656 3815 790 425
internal_value=-4.50896e-05 -5.25073e-05 -0.000250963 0 1.7514e-05 -6.70303e-05 -0.000809266 -0.00135911
internal_weight=31079.5 30951 6487.79 24463.2 24156.4 4895.22 1592.57 306.785
internal_count=46672 46402 9539 36863 36308 7176 2363 555
is_linear=0
shrinkage=0.02


Tree=457
num_leaves=7
num_cat=0
split_feature=24 48 12 12 18 2
split_gain=0.89501 0.732119 0.718011 1.09025 1.02031 0.518779
threshold=0.068587426900460255 3.7500000000000004 19.820744997408365 19.767461702905191 1.2338980573606457 28.11975
decision_type=2 2 2 2 2 2
left_child=-1 2 3 -2 -4 -3
right_child=1 5 4 -5 -6 -7
leaf_value=0.0016064075150482385 -5.4622224040829332e-05 -0.0018797702957284881 -0.00072722211237411123 -0.0011879200065740591 0.00042437932189738018 -0.00038333581076792849
leaf_weight=128.47573575377464 27399.187409341335 134.26314631104469 346.75822508335114 342.91244006156921 2350.1603083610535 377.71820113062859
leaf_count=270 41173 200 503 521 3455 550
internal_value=-4.42053e-05 -5.14833e-05 -3.8496e-05 -6.90757e-05 0.000272177 -0.000801008
internal_weight=31079.5 30951 30439 27742.1 2696.92 511.981
internal_count=46672 46402 45652 41694 3958 750
is_linear=0
shrinkage=0.02


Tree=458
num_leaves=8
num_cat=0
split_feature=24 48 1 3 24 16 16
split_gain=0.860157 0.704127 1.21468 0.915931 0.707151 0.86041 0.626318
threshold=0.068587426900460255 3.7500000000000004 26.391500000000004 49.829679276112891 1.7090904247144743 24.950000000000006 26.390000000000004
decision_type=2 2 2 2 2 2 2
left_child=-1 4 -3 -4 6 -6 -2
right_child=1 2 3 -5 5 -7 -8
leaf_value=0.0015747718165025609 -3.1982854982677246e-05 -0.0031992225847611851 -0.00077024175753227038 0.0017052336302180446 -0.00039361135484047242 -0.0026411724976628747 0.00097355552742136632
leaf_weight=128.47573575377464 29551.371964424849 70.744496136903763 373.79306364059448 67.443787664175034 560.95588877797127 79.290211945772171 247.40031769871712
leaf_count=270 44248 100 541 109 893 109 402
internal_value=-4.33369e-05 -5.04779e-05 -0.000785553 -0.000363313 -3.77347e-05 -0.000694885 -2.32342e-05
internal_weight=31079.5 30951 511.981 441.237 30439 640.246 29798.8
internal_count=46672 46402 750 650 45652 1002 44650
is_linear=0
shrinkage=0.02


Tree=459
num_leaves=13
num_cat=0
split_feature=27 12 1 1 42 12 1 37 37 37 26 16
split_gain=0.821839 0.813065 1.65204 1.03296 0.907523 1.78352 1.41957 0.77518 0.933393 0.845731 0.698236 0.572834
threshold=1.1396462672251151 19.820744997408365 21.501000000000005 27.9815 0.35000000000000003 19.710867183964606 37.870833333333337 0.026528481770781206 0.056360009540523802 0.31577249434927673 1.2928571428571431 5.1800000000000042
decision_type=2 2 2 2 2 2 2 2 2 2 2 2
left_child=1 4 11 -4 6 -6 -1 10 -9 -10 -2 -3
right_child=7 2 3 -5 5 -7 -8 8 9 -11 -12 -13
leaf_value=-0.00018359224856260791 0 -0.00096880115684813109 0.0012880253929290065 0.0001590717724666636 0.00014291058975006253 -0.0014181748767986765 0.0015978611295381199 0.0013734012431227168 -0.00063164040420129769 -9.8382531491322383e-05 -0.0025514629436498683 9.5657410663154601e-05
leaf_weight=10964.391841590405 72.165131002664566 330.64142251014709 772.24571937322617 597.05359899997711 10972.299262732267 297.89886456727982 178.90189081430435 142.79452231526375 1644.3584264814854 4521.4655001759529 107.01047787070274 478.24880760908127
leaf_count=16703 113 501 1097 927 16482 447 289 202 2487 6573 164 687
internal_value=-4.24801e-05 9.96039e-06 0.000378966 0.000804012 -2.54848e-05 0.000100516 -0.000153813 -0.000242736 -0.000203795 -0.000242377 -0.00154122 -0.000328434
internal_weight=31079.5 24591.7 2178.19 1369.3 22413.5 11270.2 11143.3 6487.79 6308.62 6165.82 179.176 808.89
internal_count=46672 37133 3212 2024 33921 16929 16992 9539 9262 9060 277 1188
is_linear=0
shrinkage=0.02


Tree=460
num_leaves=14
num_cat=0
split_feature=30 3 35 2 20 16 30 20 3 20 30 30 20
split_gain=1.35026 1.15668 1.96666 1.55362 1.29054 1.37309 1.19824 0.940784 0.927997 0.97618 0.755752 0.971595 0.70435
threshold=0.22672758583685251 49.2805897545501 2.9000000000000004 28.450833333333339 0.1062477075806036 28.550000000000004 -0.27362327517083412 -1.759410788782908 35.279934943205852 1.1185994951270539 0.25431008859960247 0.4019588908011289 -1.0103890899992825
decision_type=2 2 2 2 2 2 2 2 2 2 2 2 2
left_child=1 2 3 -1 5 -3 -6 10 12 -10 -2 -12 -9
right_child=7 4 -4 -5 6 -7 -8 8 9 -11 11 -13 -14
leaf_value=-2.0282530430424576e-05 -0.0026800171312508455 -2.2073612554179824e-06 -0.0024617963657488137 0.00032451233383167677 0.0011931403198698982 -0.0024796632029280962 -0.0014837186575741258 -0.0011851262307487249 -0.00017559994321272426 -0.0010257209251447136 -0.00010362547884434576 -0.002080298705880584 0.00051185517802288308
leaf_weight=16275.8358335495 102.6357242166996 2029.5382212400436 119.21237483620644 7665.654926776886 70.430403351783752 92.019676595926285 548.8174347281456 106.13124105334282 1984.4510343074799 762.840834826231 335.75782090425491 147.06376078724861 832.98677724599838
leaf_count=24361 163 3183 195 11456 114 142 838 158 2960 1107 503 215 1248
internal_value=-2.0543e-05 3.17583e-05 7.64541e-05 8.97151e-05 -0.000356737 -0.000116607 -0.00116031 -0.00035088 -0.00022885 -0.000415865 -0.00109884 -0.000732429 0.00030734
internal_weight=31073.4 26801.5 24060.7 23941.5 2740.81 2121.56 619.248 4271.87 3686.41 2747.29 585.457 482.822 939.118
internal_count=46643 40289 36012 35817 4277 3325 952 6354 5473 4067 881 718 1406
is_linear=0
shrinkage=0.02


Tree=461
num_leaves=15
num_cat=0
split_feature=30 2 23 22 22 2 31 18 20 22 31 18 17 20
split_gain=1.29829 1.05538 1.33773 1.15709 2.4054 1.7233 1.13944 1.03159 0.905201 1.62647 1.26962 1.25994 2.16139 1.44487
threshold=0.22672758583685251 36.318333333333342 1.0328247882885517 -1.7958323827126135 -2.8960111257956211 33.942416666666666 1.1360468858259147 2.5526300956022441 -1.759410788782908 0.31308954230265545 0.97676087990082083 1.0206499413760137 0.99317396737245411 1.8322209884386054
decision_type=2 2 2 2 2 2 2 2 2 2 2 2 2 2
left_child=1 3 7 4 -1 -5 -4 -3 9 10 -2 12 -10 -13
right_child=8 2 6 5 -6 -7 -8 -9 11 -11 -12 13 -14 -15
leaf_value=0.00083280344710922173 0 0.0023828239490567165 -0.0016819774237227471 5.0565280855701286e-05 -0.00067675925815874479 0.00067562544775553763 0.000589224497995636 -0.00019767769280675223 -0.00014146485410497381 0 -0.0028928066756493398 -0.00013204267153808745 0.0032019167117183088 -0.001175142271877472
leaf_weight=531.41508761048317 86.887367010116577 67.06966444849968 461.95068988204002 21172.498978734016 1956.8179922997952 1929.0339297354221 100.68433004617691 582.03819832205772 231.41780766844749 280.57925608754158 217.99068281054497 2673.7471932470798 110.31828010082245 670.92660641670227
leaf_count=787 132 101 711 31791 2923 2950 158 868 341 417 332 3969 161 1002
internal_value=-2.01922e-05 3.10859e-05 -0.000544366 5.87662e-05 -0.000349934 0.000103246 -0.00125718 6.00968e-05 -0.000344112 -0.00107788 -0.00208425 -0.000224347 0.000921094 -0.000344849
internal_weight=31073.4 26801.5 1211.74 25589.8 2488.23 23101.5 562.635 649.108 4271.87 585.457 304.878 3686.41 341.736 3344.67
internal_count=46643 40289 1838 38451 3710 34741 869 969 6354 881 464 5473 502 4971
is_linear=0
shrinkage=0.02


Tree=462
num_leaves=12
num_cat=0
split_feature=22 22 4 22 21 49 4 21 21 39 4
split_gain=0.882314 1.47229 1.01221 0.970427 0.955377 1.18019 0.915813 0.703499 1.55885 0.615472 0.574165
threshold=-3.0345149476935998 -1.6361144505744976 16.658703725383173 -0.26613012120358664 1.0166796185033105 1.2500000000000002 22.912825970920021 1.03566366909314 1.0089683835206533 1.0000000180025095e-35 38.025486145157394
decision_type=2 2 2 2 2 2 2 2 2 2 2
left_child=4 7 3 -3 10 -6 -4 8 -2 -9 -1
right_child=1 2 6 -5 5 -7 -8 9 -10 -11 -12
leaf_value=0.0015631325102799592 -0.00055932151508080038 0 0.00063600277957579323 -0.0028197610090392954 0.0033742696152730539 8.7097070426679309e-05 0 -0.00056031522910552332 0.00072509882974260728 -0.0017287250430440813 -0.00040094050194690572
leaf_weight=78.05113822221756 1528.0000548660755 86.367517203092575 935.89889347553253 96.560757100582123 101.81745120882988 86.793889760971069 26500.706788599491 668.96038287878036 494.92778474092484 272.50605422258377 222.78535214066505
leaf_count=119 2311 139 1431 149 151 119 39776 979 739 392 338
internal_value=-1.97852e-05 -3.36063e-05 1.15147e-05 -0.0014624 0.000820121 0.00193085 2.18121e-05 -0.000457099 -0.000239732 -0.000912057 8.25693e-05
internal_weight=31073.4 30583.9 27619.5 182.928 489.448 188.611 27436.6 2964.39 2022.93 941.466 300.836
internal_count=46643 45916 41495 288 727 270 41207 4421 3050 1371 457
is_linear=0
shrinkage=0.02


Tree=463
num_leaves=15
num_cat=0
split_feature=30 3 35 1 33 20 30 20 18 20 31 44 30 18
split_gain=1.24967 1.10928 1.89102 1.76283 1.31549 1.81987 1.14887 0.869806 1.20794 1.38778 1.18999 1.21698 0.710415 0.666609
threshold=0.22672758583685251 49.2805897545501 2.9000000000000004 25.623500000000003 -0.14999999999999988 -0.15136379662541435 -0.36363391509512993 -1.759410788782908 1.0206499413760137 1.8322209884386054 0.97976616389376603 1.2625952766388695 0.25431008859960247 0.87297810406449783
decision_type=2 2 2 2 2 2 2 2 2 2 2 2 2 2
left_child=1 2 3 -1 5 -3 -6 10 13 -10 11 -2 -12 -9
right_child=7 4 -4 -5 6 -7 -8 8 9 -11 12 -13 -14 -15
leaf_value=-6.5811438805827175e-05 0.0023769534088972548 0.0014443621010683508 -0.0024142052738650639 0.00027894795933698055 -0.0017677667499816213 -0.0015676930582000095 2.6408689186383705e-05 0 -0.00012910469114227972 -0.0011515061359987193 -0.0034994770054361875 -0.0010469880538773275 -0.0011943790313237201 0.0018078266004457084
leaf_weight=13251.686737120152 68.596590459346771 88.598499715328217 119.21237483620644 10689.804023206234 151.34058886766434 559.18546342849731 1941.6811839044094 176.64077851176262 2673.7471932470798 670.92660641670227 71.027582049369812 95.367253363132477 350.46588003635406 165.09530925750732
leaf_count=19820 108 144 195 15997 236 894 3003 263 3969 1002 112 139 522 239
internal_value=-1.93766e-05 3.09262e-05 7.4704e-05 8.77154e-05 -0.000349514 -0.00113716 -0.000100114 -0.000337181 -0.000219713 -0.000337747 -0.00105654 0.000336594 -0.00162113 0.000901675
internal_weight=31073.4 26801.5 24060.7 23941.5 2740.81 647.784 2093.02 4271.87 3686.41 3344.67 585.457 163.964 421.493 341.736
internal_count=46643 40289 36012 35817 4277 1038 3239 6354 5473 4971 881 247 634 502
is_linear=0
shrinkage=0.02


Tree=464
num_leaves=15
num_cat=0
split_feature=30 3 33 35 22 33 20 30 20 22 31 4 22 22
split_gain=1.20062 1.06505 1.87606 1.71144 1.50978 1.26246 1.74978 1.10405 0.836313 1.5581 1.18616 1.08794 0.960349 0.875963
threshold=0.22672758583685251 49.2805897545501 0.19999999999999998 2.9000000000000004 -3.2267389153317296 -0.14999999999999988 -0.15136379662541435 -0.36363391509512993 -1.759410788782908 0.31308954230265545 0.97676087990082083 45.4383300084138 3.3769849070617677 1.7621489800880756
decision_type=2 2 2 2 2 2 2 2 2 2 2 2 2 2
left_child=1 2 4 -4 -1 6 -3 -7 9 10 -2 13 -13 -10
right_child=8 5 3 -5 -6 7 -8 -9 11 -11 -12 12 -14 -15
leaf_value=0.0027448589630066169 0 0.001416112552774907 -4.2650161725977675e-05 -0.0027387875063131662 0.00027676397348139718 -0.001732872532644662 -0.0015364509482258795 2.5881055862627334e-05 0.0003020741268948811 5.9418490996176081e-06 -0.0028028048882530582 -0.00075120639150942322 0.0011876561593603654 -0.00066308583237519871
leaf_weight=99.345255643129349 86.887367010116577 88.598499715328217 15194.795071065426 92.930211097002029 8673.6325973570347 151.34058886766434 559.18546342849731 1941.6811839044094 1633.2625468373299 280.57925608754158 217.99068281054497 1465.1872462332249 104.28386691212654 483.67622745037079
leaf_count=144 132 144 23013 152 12703 236 894 3003 2393 417 332 2171 166 743
internal_value=-1.90122e-05 3.02867e-05 7.31897e-05 -6.00494e-05 0.000306472 -0.000342478 -0.00111412 -9.80492e-05 -0.000330521 -0.00103598 -0.00202124 -0.000215271 -0.000614667 7.64182e-05
internal_weight=31073.4 26801.5 24060.7 15287.7 8772.98 2740.81 647.784 2093.02 4271.87 585.457 304.878 3686.41 1569.47 2116.94
internal_count=46643 40289 36012 23165 12847 4277 1038 3239 6354 881 464 5473 2337 3136
is_linear=0
shrinkage=0.02


Tree=465
num_leaves=14
num_cat=0
split_feature=20 20 12 12 23 3 20 21 40 21 21 12 12
split_gain=1.4996 1.31701 0.925735 1.04086 1.20885 0.8503 0.782363 0.728153 0.867251 0.705365 1.31173 0.696661 0.652547
threshold=-2.8693529091551464 -2.210965307362494 19.402656919210248 17.932125293242176 0.75473915386841794 49.969894747755752 -1.7957326618967107 1.04916200510661 -0.1324521217964211 0.94173225324144616 0.8827697746101093 18.568716569987533 18.093204169260719
decision_type=2 2 2 2 2 2 2 2 2 2 2 2 2
left_child=2 7 3 4 -1 6 -3 8 -2 10 -4 -7 -5
right_child=1 5 9 12 -6 11 -8 -9 -10 -11 -12 -13 -14
leaf_value=0.00077457554749605782 0.00072748926365243441 0.0005080700354259353 -0.0005079688828892137 0.002104656087252734 -0.00097875089353151746 0.0013486804335348752 -1.7092597866565234e-05 -0.0019503480356883641 -0.00066846280718386704 -0.0019185555619456677 0.0023764456235739473 5.3949080885722831e-05 0.00075549714666623151
leaf_weight=328.91753512620926 205.40901136398315 1186.1310686171055 320.36538589000702 169.04993233084679 296.62990617752075 346.36866387724876 24996.829392790794 145.57121461629868 1067.4525642991066 86.856103718280792 76.243957817554474 350.6416040956974 1551.417272746563
leaf_count=499 305 1788 500 256 451 595 37221 217 1638 127 114 664 2380
internal_value=3.76731e-05 -5.88667e-06 0.000476555 0.000642091 -4.13732e-05 2.5118e-05 6.35322e-06 -0.000599688 -0.000434558 -0.000305448 3.05836e-05 0.00071367 0.000896158
internal_weight=31127.9 28298.4 2829.48 2346.01 625.547 26880 26183 1418.43 1272.86 483.465 396.609 697.01 1720.47
internal_count=46755 42428 4327 3586 950 40268 39009 2160 1943 741 614 1259 2636
is_linear=0
shrinkage=0.02


Tree=466
num_leaves=13
num_cat=0
split_feature=20 20 46 46 20 3 21 51 21 12 15 21
split_gain=1.44039 1.26512 1.25881 1.06121 0.849186 0.759206 0.921573 0.726994 1.06848 0.674356 0.862882 0.600451
threshold=-2.8693529091551464 -2.210965307362494 0.15476190476190474 1.5634920634920637 6.5467966185759776 31.455710327503144 0.56247078744263301 1.4500000000000004 0.75464507125243585 18.305768294966406 11.197945822976985 0.75464507125243585
decision_type=2 2 2 2 2 2 2 2 2 2 2 2
left_child=3 7 -3 5 -4 6 -1 8 -2 -5 -11 -7
right_child=1 2 4 9 -6 11 -8 -9 -10 10 -12 -13
leaf_value=-0.00091353610893518667 -0.0018629692886871442 -0.001721076347287871 2.7764065995993732e-05 0.00027309623874060494 0.0017177770597829657 -0.00052624148500409319 0.0012429914622915702 -0.0018227070689269503 -0.00016186696864497644 0.0021534168148402591 -0.00013852587863178692 0.0002953414580663622
leaf_weight=87.976759999990463 173.08662459254265 161.98776316642761 26600.269413262606 224.98822048306465 117.71355295181274 514.17444407939911 477.483392983675 170.47120916843414 1074.8749565184116 320.0419605076313 72.182121336460114 1132.6331944167614
leaf_count=136 272 256 39829 330 183 837 710 265 1623 480 109 1725
internal_value=3.69295e-05 -5.7548e-06 2.46259e-05 0.000467061 3.57122e-05 0.000256188 0.00088781 -0.000587748 -0.000408406 0.00120347 0.00170769 3.24306e-05
internal_weight=31127.9 28298.4 26880 2829.48 26718 2212.27 565.46 1418.43 1247.96 617.212 392.224 1646.81
internal_count=46755 42428 40268 4327 40012 3408 846 2160 1895 919 589 2562
is_linear=0
shrinkage=0.02


Tree=467
num_leaves=14
num_cat=0
split_feature=20 20 12 12 23 3 20 21 40 3 3 12 12
split_gain=1.38367 1.21661 0.895409 0.992826 1.16457 0.817565 0.752116 0.704064 0.834224 0.683663 1.07575 0.668567 0.631502
threshold=-2.8693529091551464 -2.210965307362494 19.402656919210248 17.932125293242176 0.75473915386841794 49.969894747755752 -1.7957326618967107 1.04916200510661 -0.1324521217964211 32.541563917973974 36.636139757336402 18.568716569987533 18.093204169260719
decision_type=2 2 2 2 2 2 2 2 2 2 2 2 2
left_child=2 7 3 4 -1 6 -3 8 -2 -4 -11 -7 -5
right_child=1 5 9 12 -6 11 -8 -9 -10 10 -12 -13 -14
leaf_value=0.00075385678243172121 0.00072570229774733183 0.00049766261322946954 0.0011040899918278726 0.0020575509389203343 -0.00096680281453980941 0.0013213962585769874 -1.7254720987764175e-05 -0.0019041813967910148 -0.00064353263491029062 -0.0024215990450410663 -2.1265553478107683e-05 5.2405751182615036e-05 0.00073036350090485962
leaf_weight=328.91753512620926 205.40901136398315 1186.1310686171055 100.53516486287117 169.04993233084679 296.62990617752075 346.36866387724876 24996.829392790794 145.57121461629868 1067.4525642991066 104.69873669743538 278.23154586553574 350.6416040956974 1551.417272746563
leaf_count=499 305 1788 153 256 451 595 37221 217 1638 154 434 664 2380
internal_value=3.61762e-05 -5.65217e-06 0.000457753 0.000620631 -4.66129e-05 2.41334e-05 5.72621e-06 -0.000576383 -0.000413935 -0.000311315 -0.000712703 0.000699294 0.000868814
internal_weight=31127.9 28298.4 2829.48 2346.01 625.547 26880 26183 1418.43 1272.86 483.465 382.93 697.01 1720.47
internal_count=46755 42428 4327 3586 950 40268 39009 2160 1943 741 588 1259 2636
is_linear=0
shrinkage=0.02


Tree=468
num_leaves=14
num_cat=0
split_feature=20 46 23 23 20 46 20 40 51 12 51 12 12
split_gain=1.32936 1.10698 1.55349 1.57195 1.01059 1.2095 0.816919 0.769098 1.10129 0.655673 0.544831 0.512746 0.954373
threshold=-2.9314428886947783 1.0500000000000003 0.75038061972880821 0.79672681595971684 -2.210965307362494 0.15476190476190474 6.5467966185759776 -0.15991243431957453 -0.099999999999999936 18.102641494910639 0.8500000000000002 18.007239156035165 17.313927605171354
decision_type=2 2 2 2 2 2 2 2 2 2 2 2 2
left_child=1 11 9 -4 7 -6 -7 10 -9 -3 -2 12 -1
right_child=4 2 3 -5 5 6 -8 8 -10 -11 -12 -13 -14
leaf_value=0.00086192366689724371 0.001640254465693164 0.0028115666373877768 -0.0025202780701372553 0.00056974822305625675 -0.0016875029162112889 2.6732504785170983e-05 0.0016843348248592024 0.00068449895086044319 -0.00091717697628289601 0.001190156509410929 -0.00037492775193186041 0.00028733011680430692 -0.0013116537677795885
leaf_weight=113.41208308935165 103.27956780791283 157.838827252388 69.925029426813126 705.28210851550102 161.98776316642761 26600.269413262606 117.71355295181274 193.04542270302773 1148.1134606897831 401.72123581171036 95.712747603654861 1017.0528293251991 242.52957186102867
leaf_count=177 153 232 107 1073 256 39829 183 276 1768 604 143 1578 376
internal_value=3.54607e-05 0.000458761 0.000868955 0.000272388 -4.54737e-06 2.3661e-05 3.45353e-05 -0.000502739 -0.000678512 0.00167371 0.000627139 5.20314e-05 -0.000590213
internal_weight=31127.9 2707.76 1334.77 775.207 28420.1 26880 26718 1540.15 1341.16 559.56 198.992 1372.99 355.942
internal_count=46755 4147 2016 1180 42608 40268 40012 2340 2044 836 296 2131 553
is_linear=0
shrinkage=0.02


Tree=469
num_leaves=13
num_cat=0
split_feature=20 20 46 46 23 15 20 21 21 23 15 15
split_gain=1.28086 1.12624 1.16221 1.0068 1.67463 0.866786 0.78508 0.677153 0.795441 0.60999 0.588476 0.864386
threshold=-2.8693529091551464 -2.210965307362494 0.15476190476190474 1.5634920634920637 0.75038061972880821 7.0852281274590228 6.5467966185759776 1.04916200510661 0.75464507125243585 0.84145494811372779 9.7469984157652227 7.6298169479057183
decision_type=2 2 2 2 2 2 2 2 2 2 2 2
left_child=3 7 -3 10 5 -5 -4 8 -2 -6 11 -1
right_child=1 2 6 4 9 -7 -8 -9 -10 -11 -12 -13
leaf_value=0.00014639884753685434 -0.0015778918392150784 -0.0016541644612695745 2.619789261031205e-05 0.00054684007316735059 -0.0013647838686154188 0.0033921057523871685 0.0016512109613666984 -0.0018565951166350757 -0.00017217859878461105 0.00070501777547426537 -0.00068678812399187593 0.0012389951333956618
leaf_weight=1614.4198959469795 192.869843095541 161.98776316642761 26600.269413262606 73.040195435285568 64.626496165990829 152.71661913394928 117.71355295181274 145.57121461629868 1079.9917325675488 326.82899159193039 237.96699911355972 359.88089641928673
leaf_count=2492 305 256 39829 105 94 226 183 217 1638 494 364 552
internal_value=3.47745e-05 -5.45668e-06 2.31878e-05 0.000440389 0.00115752 0.00252836 3.38547e-05 -0.000554591 -0.000395164 0.000332692 0.000234933 0.000351673
internal_weight=31127.9 28298.4 26880 2829.48 617.212 225.757 26718 1418.43 1272.86 391.455 2212.27 1974.3
internal_count=46755 42428 40268 4327 919 331 40012 2160 1943 588 3408 3044
is_linear=0
shrinkage=0.02


Tree=470
num_leaves=9
num_cat=0
split_feature=3 3 24 46 46 46 16 0
split_gain=0.818274 0.80092 0.763438 1.39458 0.994483 0.875715 0.872849 0.656046
threshold=49.969894747755752 49.983461986801466 1.7090904247144743 3.0500000000000003 3.1180555555555558 3.3875000000000006 7.0400000000000018 35.064390718520677
decision_type=2 2 2 2 2 2 2 2
left_child=2 -2 4 7 6 -6 -1 -4
right_child=1 -3 3 -5 5 -7 -8 -9
leaf_value=-0.00010275091535620764 0.0022163493419337858 0.00037351400822443212 -0.0015004486989440204 0.0011260030377756392 -0.0021773493971856748 -0.00021609813692074136 0.00012263653578875364 0.00025710601594358022
leaf_weight=10867.840218573809 117.04127633571625 576.35203915834427 413.92085048556328 129.91240268945694 147.57509008049965 268.69083639979362 18575.616839766502 94.463739216327667
leaf_count=16394 180 1061 673 168 207 399 27606 127
internal_value=2.58504e-05 0.000704435 1.00493e-05 -0.000672708 2.50232e-05 -0.000942398 3.91031e-05 -0.00115455
internal_weight=31191.4 693.393 30498 638.297 29859.7 416.266 29443.5 508.385
internal_count=46815 1241 45574 968 44606 606 44000 800
is_linear=0
shrinkage=0.02


Tree=471
num_leaves=13
num_cat=0
split_feature=27 27 4 24 24 4 16 27 4 4 4 4
split_gain=0.785739 1.65245 1.43976 1.32879 1.23308 1.5658 1.38844 0.931646 0.72458 0.546547 0.515311 0.996105
threshold=0.3452594600880135 0.32948646320056485 33.126624463409264 0.49581239301534596 0.37790249842397844 32.632012808907525 7.3633333333333342 0.38036761664634061 16.658703725383173 22.912825970920021 35.015471277954141 23.824706986285403
decision_type=2 2 2 2 2 2 2 2 2 2 2 2
left_child=1 4 -3 -4 6 -6 -1 10 -9 -10 11 -2
right_child=7 2 3 -5 5 -7 -8 8 9 -11 -12 -13
leaf_value=-0.00069399429533687819 0.0022829143570905664 -0.0031922542618524835 0.00053690066722676016 -0.0026713292697699586 0.0013445865713159098 -9.1911864266426907e-05 0.00038583796872713051 -0.0014341472339596433 0.00057801539677864919 3.4043225874859492e-05 0.0011038021326620819 -0.00039855121363528245
leaf_weight=1674.3691914379597 66.087893098592758 131.68692654371262 149.74073991179466 74.118858098983765 442.43407726287842 921.63592183589935 650.86749637126923 129.79586839675903 762.58040425181389 25375.614192217588 524.36331063508987 288.11841264367104
leaf_count=2698 104 201 233 109 654 1383 1067 203 1150 37770 807 436
internal_value=2.53335e-05 -0.000234116 -0.00153443 -0.000495303 -0.000105329 0.00036798 -0.000387365 6.43744e-05 4.25147e-05 5.03391e-05 0.000705013 8.36925e-05
internal_weight=31191.4 4044.85 355.547 223.86 3689.31 1364.07 2325.24 27146.6 26268 26138.2 878.57 354.206
internal_count=46815 6345 543 342 5802 2037 3765 40470 39123 38920 1347 540
is_linear=0
shrinkage=0.02


Tree=472
num_leaves=15
num_cat=0
split_feature=27 26 27 15 0 24 16 27 46 24 34 27 19 1
split_gain=0.754926 2.37246 1.58829 1.27157 1.65922 1.18375 1.33393 1.1628 1.03786 0.992472 0.905053 0.901226 0.884108 0.661869
threshold=0.3452594600880135 0.43650793650793651 0.32948646320056485 12.908431130703576 34.060035277487252 0.37790249842397844 7.3633333333333342 0.44687034029379741 1.1180555555555558 0.50010782136313969 0.10634913059129592 0.42913996637157897 1.548101488398226 17.924166666666668
decision_type=2 2 2 2 2 2 2 2 2 2 2 2 2 2
left_child=2 3 5 8 -5 6 -1 11 -2 13 -7 -3 -9 -4
right_child=1 7 9 4 -6 10 -8 12 -10 -11 -12 -13 -14 -15
leaf_value=-0.00068013095377011284 0.00068225233013952319 -0.00030217169778898491 0.00038693387096532065 0.0030591070919589675 -0.00043595732890041699 -0.0010677025647293824 0.00037814485516930843 -2.6693706300101179e-05 -0.00033807831732836482 -0.0031788441822059744 0.00054812725714168764 -0.0016947929213005902 0.00029577249992621211 -0.0016204560336399013
leaf_weight=1674.3691914379597 2004.0442860722542 791.120824187994 103.03918108344078 173.41162800788879 71.296708762645721 151.10590803623199 650.86749637126923 19251.553057968616 482.03988197445869 102.50302010774612 1212.9640910625458 253.02505114674568 4120.0686431229115 150.00432336330414
leaf_count=2698 3043 1217 154 271 106 238 1067 28412 722 155 1799 384 6315 234
internal_value=2.4824e-05 6.30975e-05 -0.000229477 0.00062194 0.00200499 -0.000103158 -0.000379537 1.38118e-07 0.000480283 -0.00150434 0.000360511 -0.000651796 2.97449e-05 -0.000767215
internal_weight=31191.4 27146.6 4044.85 2730.79 244.708 3689.31 2325.24 24415.8 2486.08 355.547 1364.07 1044.15 23371.6 253.044
internal_count=46815 40470 6345 4142 377 5802 3765 36328 3765 543 2037 1601 34727 388
is_linear=0
shrinkage=0.02


Tree=473
num_leaves=9
num_cat=0
split_feature=3 19 17 17 17 17 3 3
split_gain=0.786121 1.16574 0.754563 0.733455 0.972807 0.98883 0.502513 1.22826
threshold=49.969894747755752 -1.1958533299420206 3.308625495599224 0.52468590852710073 0.56370041046045938 0.59158068811941711 30.775857662636817 24.167767340255583
decision_type=2 2 2 2 2 2 2 2
left_child=3 -2 -3 6 -5 -6 7 -1
right_child=1 2 -4 4 5 -7 -8 -9
leaf_value=-0.0017332045349484969 -0.0015833655032689181 0.00061917814320424031 0.0024607806946939275 0.0018140196460823413 -0.0017893563466324272 1.9825021037854599e-05 -0.0023695938736383406 0.00089803595895492094
leaf_weight=144.75782179832458 75.207442581653595 502.67604359984398 115.50982931256294 118.45754736661911 119.25599145889282 29910.585372924805 74.311791360378265 130.65145230293274
leaf_count=216 118 929 194 184 182 44671 123 198
internal_value=2.42968e-05 0.000689398 0.000986237 8.80315e-06 1.97199e-05 1.21886e-05 -0.00089862 -0.000451447
internal_weight=31191.4 693.393 618.186 30498 30148.3 30029.8 349.721 275.409
internal_count=46815 1241 1123 45574 45037 44853 537 414
is_linear=0
shrinkage=0.02


Tree=474
num_leaves=5
num_cat=0
split_feature=17 17 17 13
split_gain=0.729803 0.918041 0.967559 0.95016
threshold=0.52468590852710073 0.56370041046045938 0.59158068811941711 2.4555399228720467
decision_type=2 2 2 2
left_child=-1 -2 -3 -4
right_child=1 2 3 -5
leaf_value=-0.0008810118259041386 0.0017783416360389222 -0.001754159521671626 8.6629336885965576e-06 0.00051883692692601658
leaf_weight=349.72106546163559 118.45754736661911 119.25599145889282 29065.56762856245 1538.4110598564148
leaf_count=537 184 182 43266 2646
internal_value=2.38087e-05 3.44493e-05 2.72847e-05 3.46675e-05
internal_weight=31191.4 30841.7 30723.2 30604
internal_count=46815 46278 46094 45912
is_linear=0
shrinkage=0.02


Tree=475
num_leaves=15
num_cat=0
split_feature=36 30 43 43 0 30 30 21 30 30 4 30 49 16
split_gain=1.17712 1.61672 1.53208 1.26366 1.39272 1.25168 3.65885 1.06676 1.15005 1.12727 1.04995 0.998695 0.81081 0.727423
threshold=1.2361111111111114 -0.23622667526324861 0.65000000000000013 1.3500000000000003 30.2769780843064 -0.15892013745247302 -0.075137454672040638 1.2428599110861771 -0.19289229386585371 0.3448560709832732 33.692710401269046 -0.24037285776808712 2.7500000000000004 3.2800000000000007
decision_type=2 2 2 2 2 2 2 2 2 2 2 2 2 2
left_child=1 10 5 4 -4 -2 -7 8 -3 -9 13 -12 -5 -1
right_child=2 7 3 12 -6 6 -8 9 -10 -11 11 -13 -14 -15
leaf_value=4.1440031105848057e-05 -0.0019225591648358042 -0.00055289058496299276 0.0014911472922711679 -0.0024476742343497661 -0.00055958368255499809 0.001800611478338664 -0.00097817144919648742 -0.00037899320394420738 5.5309324926671847e-05 -0.0025868190186684025 0.0001719320119317267 0.0024330944643179918 8.1986005931510963e-05 0.0014288192351960341
leaf_weight=220.51498305797577 308.10332930088043 1312.4474081993103 381.48180285096169 89.272570431232452 192.3695065677166 226.19581586122513 1076.1019536852837 1267.6311891078949 22677.414325118065 100.53728175163269 2458.4579136073589 79.749766379594803 97.494408488273621 613.71237951517105
leaf_count=321 476 1985 545 120 250 349 1661 1870 34135 156 3672 127 130 926
internal_value=9.64698e-06 4.53184e-05 -0.000418056 0.000311838 0.000786769 -0.000768958 -0.000485837 -9.02166e-06 2.15755e-05 -0.000552069 0.000456639 0.000248774 -0.00108731 0.00107502
internal_weight=31101.5 28730.5 2371.02 760.618 573.851 1610.4 1302.3 25358 23989.9 1368.17 3372.44 2538.21 186.767 834.227
internal_count=46723 43192 3531 1045 795 2486 2010 38146 36120 2026 5046 3799 250 1247
is_linear=0
shrinkage=0.02


Tree=476
num_leaves=13
num_cat=0
split_feature=18 30 0 0 21 4 47 4 4 2 15 49
split_gain=1.21612 1.75832 1.76527 1.36992 1.25461 1.26552 1.16422 1.12086 0.849844 0.917378 1.30653 1.0774
threshold=1.4842248532997973 -0.22452503577807634 20.372316210098369 24.868169078581143 1.1504758096454688 38.420975096457603 1.332924791176141 30.71978938769308 24.139212132321145 23.954000000000004 8.8288398583266439 0.75000000000000011
decision_type=2 2 2 2 2 2 2 2 2 2 2 2
left_child=1 2 6 -4 5 -3 -1 -6 -2 10 -10 -11
right_child=8 4 3 -5 7 -7 -8 -9 9 11 -12 -13
leaf_value=1.6635867151625607e-05 -0.0021309808563440033 9.444736021226461e-05 0.0027958636357786233 -8.8324681199389624e-05 -0.0016127725350404873 0.00077752664702822924 0.0020849129211377025 -0.00016239160636622122 -0.00064387282594355962 0.00040835906757699647 0.00017695773960261057 -7.3750286029999236e-05
leaf_weight=648.23756828904152 79.043258786201477 6347.0624966025352 268.00171926617622 78.222710967063904 241.40460824966431 1320.0619756877422 131.38979908823967 1943.1288563907146 2315.5491063296795 2123.3904328346252 1140.0317910611629 14465.96031036973
leaf_count=954 122 9585 403 129 381 1997 199 2857 3532 3261 1709 21594
internal_value=9.45156e-06 0.000179051 0.00092807 0.00211876 9.22664e-05 0.00021353 0.000382437 -0.00032857 -8.25754e-05 -7.37873e-05 -0.000370234 -1.13971e-05
internal_weight=31101.5 10977.5 1125.85 346.224 9851.66 7667.12 779.627 2184.53 20124 20044.9 3455.58 16589.4
internal_count=46723 16505 1685 532 14820 11582 1153 3238 30218 30096 5241 24855
is_linear=0
shrinkage=0.02


Tree=477
num_leaves=12
num_cat=0
split_feature=18 30 36 17 36 33 4 18 43 30 36
split_gain=1.16831 1.69005 1.3658 1.36116 1.1681 2.64671 1.11437 1.03539 1.18317 0.755906 0.945188
threshold=1.4842248532997973 -0.22452503577807634 0.11805555555555557 1.4246186980092712 1.2361111111111114 0.19999999999999998 33.692710401269046 1.7282408535451976 1.0000000180025095e-35 -0.11614998985531653 0.95000000000000007
decision_type=2 2 2 2 2 2 2 2 2 2 2
left_child=1 2 -1 7 6 -6 -5 8 -2 -3 -11
right_child=3 9 -4 4 5 -7 -8 -9 -10 10 -12
leaf_value=-0.00038468781789266905 0.0011539476753649502 -0.00029141465061589312 0.0012772477358211985 0.00054834871106962781 0.0011484046024174495 -0.00091442262075726419 -4.614594197560929e-05 -0.0032877575235264679 -0.0010534411324660418 0.00025060364468721427 -0.00041375181803107334
leaf_weight=242.84528294205666 112.07091480493546 1695.7171078026295 883.00651466846466 1364.7985416352749 296.57430398464203 1406.3339837193489 16325.546642184258 67.6289903819561 551.02152267098427 7195.4607721865177 960.48005694150925
leaf_count=372 171 2535 1313 2027 461 2061 24503 107 888 10837 1448
internal_value=9.26465e-06 0.000175502 0.000909857 -8.09284e-05 -4.84086e-05 -0.000548375 0 -0.000927866 -0.000662981 9.03971e-05 0.000171058
internal_weight=31101.5 10977.5 1125.85 20124 19393.3 1702.91 17690.3 730.721 663.092 9851.66 8155.94
internal_count=46723 16505 1685 30218 29052 2522 26530 1166 1059 14820 12285
is_linear=0
shrinkage=0.02


Tree=478
num_leaves=13
num_cat=0
split_feature=36 33 43 2 36 3 21 20 21 20 20 20
split_gain=1.07435 1.78102 2.77481 1.64201 1.23798 0.942213 1.19524 1.26175 1.00505 0.733478 1.0788 0.902132
threshold=1.2361111111111114 0.19999999999999998 0.65000000000000013 22.18375 2.4722222222222228 32.323718941005431 1.2428599110861771 0.41181534626713306 1.2226642379490005 -1.9162480268207778 -2.210965307362494 0.030207167169717053
decision_type=2 2 2 2 2 2 2 2 2 2 2 2
left_child=5 -2 3 -3 -4 9 8 -8 -7 10 -1 -11
right_child=1 2 4 -5 -6 6 7 -9 -10 11 -12 -13
leaf_value=0.00045261938908631858 0.0008423756055915098 0.00025171073132781768 0 -0.0015373016221759378 0.002246896224601586 2.8587554884602954e-06 -0.0029246604238537055 -0.00044759419833701174 0.0011960256045389828 -0.00023758414999157116 0.002134443700604908 0.00038062406911129457
leaf_weight=1092.9621885418892 379.19054365158081 242.99238264560699 586.95570355653763 1047.769124686718 114.11163264513016 22194.179681926966 91.64418563246727 880.6652298271656 284.28939834237099 1489.4428247213364 182.44048377871513 2514.8412539660931
leaf_count=1629 583 372 804 1608 164 33503 136 1282 403 2216 279 3744
internal_value=9.05747e-06 -0.000399532 -0.000641581 -0.00119291 0.000359769 4.31503e-05 -1.07915e-05 -0.000696856 1.84989e-05 0.00028455 0.00070399 0.000148174
internal_weight=31101.5 2371.02 1991.83 1290.76 701.067 28730.5 23450.8 972.309 22478.5 5279.69 1275.4 4004.28
internal_count=46723 3531 2948 1980 968 43192 35324 1418 33906 7868 1908 5960
is_linear=0
shrinkage=0.02


Tree=479
num_leaves=15
num_cat=0
split_feature=36 33 43 2 30 3 22 22 16 22 36 16 43 30
split_gain=1.03083 1.71076 2.66482 1.57833 1.49932 1.918 1.50624 1.31168 1.294 1.22023 1.19007 0.986778 1.64624 1.07429
threshold=1.2361111111111114 0.19999999999999998 0.65000000000000013 22.18375 -0.23622667526324861 30.200199819467993 -0.51722903303567491 -0.92751332326950842 4.0633333333333352 1.0407517476815171 2.4722222222222228 2.3633333333333342 0.19999999999999998 -0.19001331409770197
decision_type=2 2 2 2 2 2 2 2 2 2 2 2 2 2
left_child=4 7 3 -3 5 6 -1 -2 -7 -9 -4 12 -6 -13
right_child=1 2 10 -5 11 8 -8 9 -10 -11 -12 13 -14 -15
leaf_value=0.0029246911474551315 0.0027993952128119127 0.00024671764079309434 0 -0.0015066141675514641 -0.0016741824008560879 -0.00076426223164709857 0.00020188552084817742 -0.00082237299775437449 0.0004369424584572457 0.0019238224874774418 0.0022027323334143766 -0.00052362875204272936 -3.0744873899297195e-05 4.9463546652407569e-05
leaf_weight=207.41113865375519 97.819967210292816 242.99238264560699 586.95570355653763 1047.769124686718 372.12288147211075 408.93314597010612 146.95611256361008 185.06630989909172 2609.1346453726292 96.304266542196274 114.11163264513016 1384.6625732183456 737.33522319793701 22863.909526288509
leaf_count=310 147 372 804 1608 561 616 223 283 3897 153 164 2089 1120 34376
internal_value=8.89354e-06 -0.000391325 -0.000628609 -0.00116893 4.22951e-05 0.000438411 0.00183107 0.000825617 0.000270476 8.92177e-05 0.000352476 -1.00216e-05 -0.000592987 1.62855e-05
internal_weight=31101.5 2371.02 1991.83 1290.76 28730.5 3372.44 354.367 379.191 3018.07 281.371 701.067 25358 1109.46 24248.6
internal_count=46723 3531 2948 1980 43192 5046 533 583 4513 436 968 38146 1681 36465
is_linear=0
shrinkage=0.02


Tree=480
num_leaves=15
num_cat=0
split_feature=23 4 0 50 51 33 22 45 50 3 3 33 32 25
split_gain=1.09144 1.58837 1.31903 1.08321 0.958581 1.16408 1.19626 1.17335 1.10397 0.858354 1.0225 0.805349 0.708489 0.552022
threshold=1.1657403604722005 43.473814365194066 26.192556066697588 2.0500000000000003 1.9500000000000002 0.45000000000000007 -1.6361144505744976 1.3666666666666669 3.0500000000000003 40.168259751833538 43.706876795844579 0.8500000000000002 0.45000000000000007 1.0000000180025095e-35
decision_type=2 2 2 2 2 2 2 2 2 2 2 2 2 2
left_child=4 9 13 -4 5 7 -7 -1 11 12 -11 -6 -2 -3
right_child=1 2 3 -5 8 6 -8 -9 -10 10 -12 -13 -14 -15
leaf_value=0.00030612654157244075 -0.00072764077364883368 -0.0010903848566484386 -0.00035757430465276367 0.0010417287015294797 0.0023164469663024476 -0.00069024785609197808 -4.2913151872134268e-05 -8.184552078039495e-05 -0.00088426517665354061 -0.0014362228852711776 3.5076727091569713e-05 0.00065006842402569819 -0.00013060816001499991 0.00069747885319189709
leaf_weight=7917.1865410506725 1164.1868684887886 67.020789593458176 1909.7890468239784 245.75715523958206 151.85744196176529 1356.8281457126141 7432.58757391572 5086.5071877837181 142.29937538504601 638.46428027749062 249.32648080587387 631.42354235053062 2684.0834652781487 1293.407527089119
leaf_count=11795 1784 107 2926 366 230 2012 11099 7524 193 993 429 940 4048 2078
internal_value=-1.0857e-05 -0.000208101 0.000111641 -0.000192585 6.03593e-05 3.30731e-05 -0.000144114 0.00015361 0.000690584 -0.00044753 -0.00101264 0.000990946 -0.000314105 0.000600589
internal_weight=30970.7 8252.04 3515.97 2155.55 22718.7 21793.1 8789.42 13003.7 925.58 4736.06 887.791 783.281 3848.27 1360.43
internal_count=46524 12731 5477 3292 33793 32430 13111 19319 1363 7254 1422 1170 5832 2185
is_linear=0
shrinkage=0.02


Tree=481
num_leaves=12
num_cat=0
split_feature=49 50 50 41 23 21 21 21 36 36 43
split_gain=1.18991 1.23346 1.09129 1.27018 1.27691 1.07484 1.97518 1.25752 1.03144 0.968564 0.900785
threshold=1.7500000000000002 0.45000000000000007 0.95000000000000007 1.9312138426435885 0.82731174088746551 1.0915541507964559 1.1165434383771615 0.8827697746101093 0.88194444444444453 1.5634920634920637 -0.24999999999999992
decision_type=2 2 2 2 2 2 2 2 2 2 2
left_child=1 8 3 4 -2 7 -7 -4 -1 10 -3
right_child=2 9 5 -5 -6 6 -8 -9 -10 -11 -12
leaf_value=-0.00031504207328343832 0.00021898126542626287 0.00080623923024944239 -0.00079315642690556032 0.0018139000731396916 -0.0012664771918478646 -0.0021225307548041056 -0.00018479912525546074 0.00016622290452826663 -0.0026201568752478744 0.0022806426390017983 6.7185582798238828e-05
leaf_weight=1967.5347739756107 290.09993460774422 682.32925590872765 637.1404864192009 68.141125202178955 957.44665423035622 278.62054949998856 901.14528274536133 3742.7750226855278 80.576732248067856 79.499228179454803 21285.416376054287
leaf_count=3043 436 994 919 116 1509 392 1283 5424 122 113 32173
internal_value=-1.06533e-05 5.52327e-05 -0.000242959 -0.000761883 -0.000913254 -0.000118129 -0.000653705 2.40828e-05 -0.000413075 9.92239e-05 9.06674e-05
internal_weight=30970.7 24095.4 6875.37 1315.69 1247.55 5559.68 1179.77 4379.92 2048.11 22047.2 21967.7
internal_count=46524 36445 10079 2061 1945 8018 1675 6343 3165 33280 33167
is_linear=0
shrinkage=0.02


Tree=482
num_leaves=15
num_cat=0
split_feature=49 24 23 23 23 22 22 4 5 23 2 4 14 2
split_gain=1.1429 1.30879 1.49712 1.79866 1.49596 1.37306 1.27205 1.24533 1.55789 1.23311 1.61402 1.20775 1.18685 1.07928
threshold=1.7500000000000002 0.88221773777769963 0.64876761355054458 0.59724558988136878 1.1657403604722005 1.8211720069552084 2.4237112132799408 31.123418940916689 30.803947537849997 0.75945219363229499 26.856750000000002 32.632012808907525 12.500000000000002 29.536500000000004
decision_type=2 2 2 2 2 2 2 2 2 2 2 2 2 2
left_child=1 4 3 -3 5 -1 -4 9 11 10 -2 -9 -10 -11
right_child=7 2 6 -5 -6 -7 -8 8 12 13 -12 -13 -14 -15
leaf_value=3.8696210072266044e-05 0.0016700385505200252 2.3073682472644682e-05 0.00050741186178733001 -0.0019418396332057466 -0.00034635876200392573 0.0013375350917718932 -0.00065268840833547709 0.0036841781623674088 -9.9671174015611845e-05 -0.0018409265823320661 -0.0016532743760104265 0 -0.0011974797074445608 -3.4749927240868643e-05
leaf_weight=12359.601442396641 141.60034844279289 907.41487729549408 5252.6732570827007 229.44743058085442 4614.5425845086575 333.29780757427216 398.37896692752838 72.616214692592621 5374.3808390796185 497.49145764112473 95.049212902784348 71.908502548933029 426.63249078392982 195.68998929858208
leaf_count=18629 209 1354 7818 334 7213 493 604 103 7908 738 139 108 589 285
internal_value=-1.04362e-05 5.41284e-05 0.000289622 -0.000367428 -3.76766e-05 7.3795e-05 0.000423658 -0.000238113 -0.00012956 -0.000919724 0.000290674 0.0019013 -0.000182517 -0.00134698
internal_weight=30970.7 24095.4 6787.91 1136.86 17307.4 12692.9 5651.05 6875.37 5945.54 929.831 236.65 144.525 5801.01 693.181
internal_count=46524 36445 10110 1688 26335 19122 8422 10079 8708 1371 348 211 8497 1023
is_linear=0
shrinkage=0.02


Tree=483
num_leaves=15
num_cat=0
split_feature=42 24 49 2 51 15 24 21 2 22 24 40 24 5
split_gain=1.1839 1.56441 1.38154 1.86321 1.70889 2.07646 1.69341 1.17399 0.978356 1.10715 0.873703 1.13848 1.12487 0.53458
threshold=0.35000000000000003 1.5842845226535067 1.7500000000000002 18.531500000000001 0.049999999999999982 16.603669898865494 0.67925426139255241 0.91168841600345762 35.157250000000005 0.93399085464428133 0.71808567006099866 -0.30918038570646095 0.56345257115059322 34.388524416922387
decision_type=2 2 2 2 2 2 2 2 2 2 2 2 2 2
left_child=1 10 4 13 6 -6 -2 -5 9 -3 12 -12 -1 -4
right_child=2 8 3 7 5 -7 -8 -9 -10 -11 11 -13 -14 -15
leaf_value=-5.834088849837443e-05 0.0019093409903342398 -0.00095545415151115953 -0.0034603925259375731 -0.00086533757317740743 6.7752482598154836e-05 0.0010534355873992802 9.811883914247866e-05 4.0349701892457915e-05 0.00044006048089415169 -0.0034008394511367752 -0.0018830704740858573 8.1828755051666633e-05 -0.00057982853148278791 -0.0010962234415508362
leaf_weight=4372.0467435419559 463.40603011846542 266.73076814413071 74.840155780315399 665.42559558153152 9318.5056185126305 943.24953296780586 393.5025537610054 3917.183683604002 97.166293829679489 113.42705550789833 117.5970601439476 7398.0900502502918 2709.9720191657543 119.58226084709167
leaf_count=6861 702 442 113 967 14092 1364 572 5605 152 190 192 11043 4053 176
internal_value=-1.02323e-05 -0.000137494 0.000109832 -0.00017338 0.000232421 0.000159517 0.00109141 -8.93011e-05 -0.00126359 -0.00172523 -9.98194e-05 4.92612e-05 -0.00025941 -0.00208316
internal_weight=30970.7 15075 15895.7 4777.03 11118.7 10261.8 856.909 4582.61 477.324 380.158 14597.7 7515.69 7082.02 194.422
internal_count=46524 22933 23591 6861 16730 15456 1274 6572 784 632 22149 11235 10914 289
is_linear=0
shrinkage=0.02


Tree=484
num_leaves=15
num_cat=0
split_feature=42 36 21 22 51 36 39 43 21 22 22 5 2 22
split_gain=1.1375 1.66787 2.21144 1.46799 1.22928 1.06959 2.02972 1.01192 1.01138 0.975157 0.963274 0.94898 1.78713 0.800065
threshold=0.35000000000000003 0.89444444444444449 1.0847761399781941 -0.14740012980840062 1.3500000000000003 1.3166666666666669 0.75000000000000011 1.0000000180025095e-35 1.0644402731789333 0.067742663642685413 2.2656042282809179 48.158676332636013 31.20216666666667 -0.30994358088317847
decision_type=2 2 2 2 2 2 2 2 2 2 2 2 2 2
left_child=4 7 8 -4 5 6 -1 13 -3 -7 -9 12 -6 -2
right_child=1 2 3 -5 11 9 -8 10 -10 -11 -12 -13 -14 -15
leaf_value=-5.3167375532359848e-05 0.00013827005475138001 -4.8630676829069922e-05 -0.0020064902199150142 -0.00045883715963205494 -0.00075641335455675738 -0.00010316019817474664 -0.00091965329167498124 0.00022940841611313772 0.0013891586172173637 0.0025452497507301958 -0.00053686405933698754 0.00057880171665512206 -0.004155900333683132 0.0013993075281201351
leaf_weight=13272.095800429583 362.5738650560379 2978.599959641695 376.65421983599663 770.20956408977509 244.39549544453621 93.550930380821228 1179.2467085719109 9995.0035043954849 206.96414437890053 113.65981116890907 693.45233112573624 85.337108761072159 86.744135826826096 512.23784264922142
leaf_count=20102 526 4364 526 1100 375 159 1836 14948 304 198 1072 128 135 751
internal_value=-1.00387e-05 0.000107643 -0.000225808 -0.000978431 -0.000134788 -0.000103513 -0.000124683 0.000233459 4.24574e-05 0.0013122 0.000178667 -0.00120589 -0.00169655 0.000889571
internal_weight=30970.7 15895.7 4332.43 1146.86 15075 14658.6 14451.3 11563.3 3185.56 207.211 10688.5 416.477 331.14 874.812
internal_count=46524 23591 6294 1626 22933 22295 21938 17297 4668 357 16020 638 510 1277
is_linear=0
shrinkage=0.02


Tree=485
num_leaves=13
num_cat=0
split_feature=49 40 33 51 40 17 5 51 30 5 1 2
split_gain=1.43646 1.06076 1.13016 1.0354 0.955469 1.03976 2.16042 0.933643 0.923946 0.828821 0.617391 0.520514
threshold=0.75000000000000011 -0.028633925666086198 0.14999999999999999 -0.6499999999999998 -0.4153395339242289 2.4810945998750165 41.902275841696429 0.19999999999999998 -0.12953639127225805 28.87434821646519 15.860958333333334 23.954000000000004
decision_type=2 2 2 2 2 2 2 2 2 2 2 2
left_child=1 2 7 -3 11 9 -7 -1 -5 -6 -4 -2
right_child=4 3 10 8 5 6 -8 -9 -10 -11 -12 -13
leaf_value=0.00059630527053998721 -7.5329800697518837e-05 -0.002057925152038325 -0.00027594238860082019 0.00061895610348799231 -0.00036938344723556611 -0.00185073830396742 -0.00023775208511509125 0.0018528035101807261 -0.00010358182831938732 3.3860327611337585e-05 0.00043898024098391609 0.0015494701363008882
leaf_weight=876.07969132065773 106.85122513771057 93.387986302375793 717.37079513072968 897.28976505994797 2401.9228578209877 349.29375422000885 7060.567409157753 347.22790557146072 3282.6073577105999 13277.803519934416 1402.4357441961765 211.69667759537697
leaf_count=1262 169 128 1111 1396 3645 482 10331 522 5057 19896 2170 326
internal_value=-2.69422e-05 0.000211168 0.000477912 2.19675e-08 -0.000104856 -0.000120286 -0.000315615 0.000963557 4.93545e-05 -2.73127e-05 0.000192296 0.000976194
internal_weight=31024.5 7616.4 3343.11 4273.29 23408.1 23089.6 7409.86 1223.31 4179.9 15679.7 2119.81 318.548
internal_count=46495 11646 5065 6581 34849 34354 10813 1784 6453 23541 3281 495
is_linear=0
shrinkage=0.02


Tree=486
num_leaves=13
num_cat=0
split_feature=49 50 51 47 47 47 3 36 36 51 47 24
split_gain=1.37975 1.17938 1.23965 1.14327 1.2971 1.09492 1.04376 1.03351 1.0294 0.748188 0.579121 0.570678
threshold=0.75000000000000011 0.55000000000000016 1.1500000000000004 0.83754050355805587 0.81848981765942586 1.1558916820626239 38.944177074867767 1.7638888888888891 0.10555555555555557 1.4500000000000004 0.80556543669477032 0.83845112831772994
decision_type=2 2 2 2 2 2 2 2 2 2 2 2
left_child=1 11 5 4 10 -3 8 -8 -5 -4 -2 -1
right_child=3 2 9 6 -6 -7 7 -9 -10 -11 -12 -13
leaf_value=-0.00040541482279340881 -0.00047497221939620042 0.00055242129666933535 -0.0007006872715375499 -0.00066888663594705992 -0.0020106362862499635 -0.00061064891346434625 -0.00021318421187203784 0.00069849488234907198 0.00017018044342081154 0.00026647299996397341 0.00086264606305240066 0.0014139416270551686
leaf_weight=1352.8686916828156 1710.2051936984062 4598.0539220869541 652.99983555078506 624.81626179814339 219.21976816654205 338.60681068897247 12112.249585449696 512.1627958714962 8096.1258129179478 605.23307964205742 133.35602596402168 68.636905640363693
leaf_count=2075 2629 6990 1011 895 334 510 18091 781 11913 951 206 109
internal_value=-2.64032e-05 0.00020695 0.000326944 -0.000102769 -0.000552736 0.000470406 -5.87685e-05 -0.000175301 0.000108779 -0.000227846 -0.000371966 -0.00030868
internal_weight=31024.5 7616.4 6194.89 23408.1 2062.78 4936.66 21345.4 12624.4 8720.94 1258.23 1843.56 1421.51
internal_count=46495 11646 9462 34849 3169 7500 31680 18872 12808 1962 2835 2184
is_linear=0
shrinkage=0.02


Tree=487
num_leaves=15
num_cat=0
split_feature=49 27 8 27 43 17 1 1 22 18 22 3 8 43
split_gain=1.32495 1.02572 1.18303 1.15899 0.901482 0.885153 1.53523 2.26681 1.00025 1.23975 0.915257 0.85881 0.648525 0.638598
threshold=0.75000000000000011 0.35543481053991438 2.5000000000000004 0.67458519649821569 0.19999999999999998 2.466831748314227 27.253833333333336 31.27416666666667 -1.8690090145194229 2.301488564175759 -0.053141899368813687 48.075032098701939 1.5000000000000002 0.75000000000000011
decision_type=2 2 2 2 2 2 2 2 2 2 2 2 2 2
left_child=1 4 12 -4 -1 8 11 -8 9 -2 -10 -7 -3 -6
right_child=5 2 3 -5 13 6 7 -9 10 -11 -12 -13 -14 -15
leaf_value=-0.00059794123466839111 -0.00089611946765467011 0.00021834818937729441 0.00045036155378203193 -0.00030454284497574707 0.00028930992836708261 -8.717603403930468e-05 -0.0010495045631615731 -0.00017190258962936471 0.00020979126524422437 0.00091003351075299142 -0.00010850437191921335 0.0013688750728801696 0.0014113295493720763 -0.0008741241837716639
leaf_weight=954.75956991314888 920.9609010219574 291.56741684675217 2747.9781684279442 1137.535816013813 1668.1301432549953 294.03599980473518 1513.8383698165417 5470.7771217226982 6343.0204174220562 175.04453444480896 8362.201200067997 328.2568995654583 608.5694759786129 207.85865485668182
leaf_count=1496 1377 426 4155 1727 2628 400 2177 8101 9468 260 12634 432 888 326
internal_value=-2.58766e-05 0.000202788 0.000381661 0.000226738 -9.6141e-05 -0.000100716 -0.000278015 -0.00036379 -1.47052e-05 -0.000597417 2.81207e-05 0.000666791 0.00103733 0.000154284
internal_weight=31024.5 7616.4 4785.65 3885.51 2830.75 23408.1 7606.91 6984.62 15801.2 1096.01 14705.2 622.293 900.137 1875.99
internal_count=46495 11646 7196 5882 4450 34849 11110 10278 23739 1637 22102 832 1314 2954
is_linear=0
shrinkage=0.02


Tree=488
num_leaves=14
num_cat=0
split_feature=49 24 25 40 27 24 47 2 36 47 2 17 2
split_gain=1.27261 1.11935 1.73213 1.89123 1.43126 1.13332 1.10168 2.18386 1.51346 1.24473 1.26502 1.14704 0.691542
threshold=0.75000000000000011 0.40902967914745908 0.77500000000000013 -0.004534764718527799 0.44687034029379741 0.40430458708015288 0.83754050355805587 13.292442129629631 0.78888888888888908 0.81848981765942586 13.292442129629631 0.84884771213600818 23.774416666666671
decision_type=2 2 2 2 2 2 2 2 2 2 2 2 2
left_child=1 5 4 -4 -3 12 9 8 -8 10 -2 -9 -1
right_child=6 2 3 -5 -6 -7 7 11 -10 -11 -12 -13 -14
leaf_value=-0.00020327398980453693 -0.0021013645781077332 0.00016240085898704945 0.00044268535702087408 -0.0010468849957662161 0.00095118795096277493 -0.0025408668555930982 0.0023226382887658707 -0.00082580936420324498 -0.00039996776746895285 -0.0019687504317127962 -0.00019802591414839669 -5.2714510612635558e-05 0.00079020305690364028
leaf_weight=2085.6781316697598 152.68985137343407 1749.5017032027245 730.71767777204514 628.22675797343254 2027.4916482269764 74.902412831783295 254.39234226942062 799.02865868806839 110.64999088644981 219.21976816654205 1690.8713682889938 20181.283464193344 319.88091361522675
leaf_count=3395 224 2598 1087 926 3002 110 381 1190 170 334 2611 29939 528
internal_value=-2.53581e-05 0.000198735 0.000367747 -0.000239107 0.000588748 -0.0001472 -9.87101e-05 -5.55103e-05 0.00147245 -0.000540405 -0.000363192 -8.27101e-05 -6.64654e-05
internal_weight=31024.5 7616.4 5135.94 1358.94 3776.99 2480.46 23408.1 21345.4 365.042 2062.78 1843.56 20980.3 2405.56
internal_count=46495 11646 7613 2013 5600 4033 34849 31680 551 3169 2835 31129 3923
is_linear=0
shrinkage=0.02


Tree=489
num_leaves=13
num_cat=0
split_feature=49 24 8 40 27 24 40 17 5 22 2 2
split_gain=1.22251 1.07553 1.35761 1.37374 1.10312 1.08958 0.90726 0.951738 2.07712 1.04822 0.66436 0.500104
threshold=0.75000000000000011 0.40902967914745908 2.5000000000000004 -0.0019103160912635998 0.67458519649821569 0.40430458708015288 -0.4153395339242289 2.4810945998750165 41.902275841696429 -1.8690090145194229 23.774416666666671 23.954000000000004
decision_type=2 2 2 2 2 2 2 2 2 2 2 2
left_child=1 5 3 -3 -4 10 11 9 -9 -8 -1 -2
right_child=6 2 4 -5 -6 -7 7 8 -10 -11 -12 -13
leaf_value=-0.00019921240050137191 -7.2257785880456627e-05 0.0016434809815143012 0.00039955550219915965 6.492747293154001e-05 -0.00033023142221093261 -0.0024913710814449355 -0.00062855673600992559 -0.0018038076178923329 -0.00022232588533180119 2.064862537143076e-05 0.00077449718894468734 0.0015186867027984666
leaf_weight=2085.6781316697598 106.85122513771057 586.4265508055687 3054.1516494750977 374.70560291409492 1120.6539839804173 74.902412831783295 1064.2149165868759 349.29375422000885 7060.567409157753 14615.511461168528 319.88091361522675 211.69667759537697
leaf_count=3395 169 835 4540 542 1696 110 1586 482 10331 21955 528 326
internal_value=-2.48763e-05 0.000194753 0.000360435 0.00103986 0.000201198 -0.000144287 -9.67756e-05 -0.000111824 -0.000298691 -2.28511e-05 -6.50433e-05 0.000956715
internal_weight=31024.5 7616.4 5135.94 961.132 4174.81 2480.46 23408.1 23089.6 7409.86 15679.7 2405.56 318.548
internal_count=46495 11646 7613 1377 6236 4033 34849 34354 10813 23541 3923 495
is_linear=0
shrinkage=0.02


Tree=490
num_leaves=13
num_cat=0
split_feature=6 23 22 40 24 16 21 34 37 16 5 24
split_gain=1.35164 1.53149 1.36418 1.24699 1.09574 1.4914 1.32533 1.06306 1.37932 1.04394 0.963041 0.847238
threshold=6.5000000000000009 1.6092065161018365 -2.5805736975209168 -0.060852628407103045 0.71808567006099866 21.580000000000005 0.81358144029123391 0.60151903209606905 1.1862160950514344 14.880000000000004 38.072873710546567 0.54829525894799136
decision_type=2 2 2 2 2 2 2 2 2 2 2 2
left_child=2 3 7 11 5 -4 -6 10 -9 -5 -1 -2
right_child=1 -3 4 9 6 -7 -8 8 -10 -11 -12 -13
leaf_value=-0.00037859337842859893 0.0013231180144181718 0.0021528775123395546 -0.00011621477786399671 -0.00075309512008782094 -0.0005049397247075065 0.0025143253774784482 0.00020436859100391136 -0.0010397434031255781 0.0020011019112392446 -0.0024792749890982665 0.0016469899525037347 -0.00036954073289783142
leaf_weight=104.48136010766029 161.85590362548828 78.79882276058197 12706.900199115276 909.32532212138176 1127.9767461419106 84.51573646068573 14391.232462227345 207.85447731614113 80.694304436445236 174.46210786700249 518.07463452219963 414.50416001677513
leaf_count=158 243 117 19480 1329 1733 146 21272 306 117 251 786 584
internal_value=3.12658e-05 -0.00050948 6.38197e-05 -0.000644303 3.89057e-05 -9.76622e-05 0.000152112 0.000825239 -0.000147015 -0.00104423 0.00129091 9.14403e-05
internal_weight=30960.7 1738.95 29221.7 1660.15 28310.6 12791.4 15519.2 911.105 288.549 1083.79 622.556 576.36
internal_count=46522 2524 43998 2407 42631 19626 23005 1367 423 1580 944 827
is_linear=0
shrinkage=0.02


Tree=491
num_leaves=13
num_cat=0
split_feature=8 25 23 22 31 24 32 18 37 21 37 24
split_gain=1.29816 2.77791 1.59502 1.30969 1.27933 1.49562 1.06704 1.1077 1.04498 0.988216 0.928873 0.521159
threshold=1.5000000000000002 0.22500000000000003 1.6092065161018365 -2.5805736975209168 2.0101229035110681 0.51335964704010995 0.55000000000000016 2.177917265125433 0.13081955704033879 0.91440759587922915 0.75818661408221633 0.88592124984516551
decision_type=2 2 2 2 2 2 2 2 2 2 2 2
left_child=1 9 11 6 5 -5 7 -2 -6 -1 -8 -3
right_child=3 2 -4 4 8 -7 10 -9 -10 -11 -12 -13
leaf_value=-0.00028084959761877728 0.00045560074836876048 -0.0013496610656907151 0.0019628859216810329 -0.00026030835183959847 -0.00061376272287885834 9.4871103560262261e-05 0.00072599897452291836 0.0032139075227535507 0.0012747076934454666 0.0021564753607866975 -0.001200282325111139 -0.00052690877606993648
leaf_weight=92.168912589550018 123.64375501871109 798.23608458042145 72.274089127779007 6074.7393609881401 139.02055704593658 21538.600921452045 540.48329901695251 129.05610078573227 558.264304459095 185.29709357023239 117.92162156105042 590.97013652324677
leaf_count=138 192 1166 107 9541 240 31910 810 190 940 283 175 830
internal_value=3.0633e-05 -0.000499293 -0.000851871 6.25424e-05 3.81234e-05 1.63588e-05 0.000808613 0.00191773 0.000883217 0.00131484 0.000363266 -0.00100811
internal_weight=30960.7 1738.95 1461.48 29221.7 28310.6 27613.3 911.105 252.7 697.285 277.466 658.405 1389.21
internal_count=46522 2524 2103 43998 42631 41451 1367 382 1180 421 985 1996
is_linear=0
shrinkage=0.02


Tree=492
num_leaves=14
num_cat=0
split_feature=8 25 25 21 24 37 15 2 17 34 21 34 2
split_gain=1.24663 2.66728 1.13282 0.950815 0.879144 1.87997 0.967585 0.810101 3.0403 0.748162 0.934027 0.815308 0.72487
threshold=1.5000000000000002 0.22500000000000003 0.45000000000000007 0.91440759587922915 0.36678518077111305 0.14417168069355049 2.7005166739282065 29.963249999999999 2.2064734076433115 0.080470941420341016 1.0764461976205699 1.0000000180025095e-35 33.671083333333343
decision_type=2 2 2 2 2 2 2 2 2 2 2 2 2
left_child=1 3 9 -1 5 -4 -6 8 -3 11 -11 -2 -9
right_child=2 7 4 -5 6 -7 -8 12 -10 10 -12 -13 -14
leaf_value=-0.00027535186369334201 0.00076247879264563796 -0.0009219828652503732 -0.00091439234066372649 0.002113806382673201 -0.0013393745850478408 0.0016609081386898341 0.00013452155461724863 -0.0023417595160525714 0.0023919678337633531 7.2482048880621774e-05 -0.00039321539626642 -0.0010169617184795957 -0.00065313702145653688
leaf_weight=92.168912589550018 114.66897112131119 885.47893437743187 151.21454334259033 185.29709357023239 176.66693770885468 398.43122678995132 19701.612482428551 232.02575147151947 123.37778142094612 5561.0846486091614 2479.9400976896286 638.1110126376152 220.59784296154976
leaf_count=138 215 1279 275 283 281 730 29209 334 173 8586 3680 1022 317
internal_value=3.00276e-05 -0.000489262 6.13035e-05 0.0012881 0.000143233 0.000933536 0.000120786 -0.000834832 -0.000502881 -0.000127871 -6.99629e-05 -0.000731353 -0.00154726
internal_weight=30960.7 1738.95 29221.7 277.466 20427.9 549.646 19878.3 1461.48 1008.86 8793.8 8041.02 752.78 452.624
internal_count=46522 2524 43998 421 30495 1005 29490 2103 1452 13503 12266 1237 651
is_linear=0
shrinkage=0.02


Tree=493
num_leaves=11
num_cat=0
split_feature=6 25 23 25 4 32 21 31 21 34
split_gain=1.19773 2.56147 1.53294 1.08777 1.7738 1.00195 1.39956 0.934946 0.914851 0.848901
threshold=6.5000000000000009 0.22500000000000003 1.6092065161018365 0.45000000000000007 16.658703725383173 0.75000000000000011 0.64337574656441288 2.0101229035110681 0.91440759587922915 0.10387369450545851
decision_type=2 2 2 2 2 2 2 2 2 2
left_child=3 8 -3 5 -5 6 -1 -6 -2 -7
right_child=1 2 -4 4 7 9 -8 -9 -10 -11
leaf_value=0.0013096285984318559 -0.00026996179554022949 -0.00097163166600851367 0.0019408455734533953 -0.0026057938712005513 0.00012717258099372746 -0.00071594168824979949 -0.00034102834245053131 0.00087292919325223045 0.0020719816859890152 0.00029896841121178043
leaf_weight=209.14920192956924 92.168912589550018 1389.2062211036682 72.274089127779007 91.256312280893326 19636.391185611486 370.70821207761765 5589.6672646105289 700.27769237756729 185.29709357023239 2624.2800514400005
leaf_count=332 138 1996 107 141 29171 608 8538 1183 283 4025
internal_value=2.94068e-05 -0.000479585 -0.000818313 6.00691e-05 0.000140358 -0.000125293 -0.000279338 0.000153427 0.00126189 0.000169616
internal_weight=30960.7 1738.95 1461.48 29221.7 20427.9 8793.8 5798.82 20336.7 277.466 2994.99
internal_count=46522 2524 2103 43998 30495 13503 8870 30354 421 4633
is_linear=0
shrinkage=0.02


Tree=494
num_leaves=13
num_cat=0
split_feature=6 25 23 22 31 24 2 32 4 37 21 31
split_gain=1.14955 2.45902 1.47411 1.25832 1.16162 1.3831 1.29965 1.03014 1.12308 0.894043 0.88027 0.524419
threshold=6.5000000000000009 0.22500000000000003 1.6092065161018365 -2.5805736975209168 2.0101229035110681 0.51335964704010995 14.350740740740742 0.55000000000000016 37.709049469777405 0.75818661408221633 0.91440759587922915 0.58819426713247702
decision_type=2 2 2 2 2 2 2 2 2 2 2 2
left_child=3 10 11 7 5 -5 -6 8 -1 -9 -2 -3
right_child=1 2 -4 4 6 -7 -8 9 -10 -11 -12 -13
leaf_value=-2.0726958561166634e-05 -0.00026467720729034786 -0.0014318995222170447 0.0019030739400045704 -0.00025187796805334399 -0.0019124683861083953 8.9685683782377934e-05 0.0011122111099767765 0.00070842177402336828 0.0027512718430091087 -0.0011812272245798683 0.0020309845550245879 -0.00060476997062056397
leaf_weight=76.437963157892227 92.168912589550018 568.85955834388733 72.274089127779007 6074.7393609881401 58.318376541137695 21538.600921452045 638.96648496389389 540.48329901695251 176.26189264655113 117.92162156105042 185.29709357023239 820.34666275978088
leaf_count=116 138 828 107 9541 93 31910 1087 810 266 175 283 1168
internal_value=2.88209e-05 -0.000469815 -0.000801784 5.88663e-05 3.4925e-05 1.41692e-05 0.000840191 0.000790132 0.00187994 0.000352287 0.00123619 -0.000952227
internal_weight=30960.7 1738.95 1461.48 29221.7 28310.6 27613.3 697.285 911.105 252.7 658.405 277.466 1389.21
internal_count=46522 2524 2103 43998 42631 41451 1180 1367 382 985 421 1996
is_linear=0
shrinkage=0.02


Tree=495
num_leaves=15
num_cat=0
split_feature=0 1 1 27 24 24 49 0 24 1 27 23 27 24
split_gain=0.719707 2.15159 2.12931 2.17335 1.22849 1.39645 1.06727 1.3743 1.35512 0.996147 0.989233 0.874132 0.704539 0.649023
threshold=18.23549837295052 19.161833333333337 23.964500000000005 0.59835558823128265 1.0743289675168315 0.99489120489866678 0.75000000000000011 25.851299901730226 0.61226961546110925 20.900833333333335 1.2293875388747473 0.071057573194325555 1.0432444097878266 0.83845112831772994
decision_type=2 2 2 2 2 2 2 2 2 2 2 2 2 2
left_child=1 4 3 11 5 -1 7 -4 -8 13 -6 -2 -11 -3
right_child=2 9 6 -5 10 -7 8 -9 -10 12 -12 -13 -14 -15
leaf_value=9.1117785146781278e-05 -0.0018595494384410871 0.0013705238904997744 0.0012191792997609408 -0.00058526375475953898 -0.002508055875150655 0.0024276205076010438 -0.00041800423072063355 0.00019081885446430293 0.00014167473235549352 0.00016673745215902612 0.00041850449523652116 0.00017106287674562302 0.0021129268311904431 0.0035038303626239039
leaf_weight=4693.4811823964119 84.607772469520569 422.04640489816666 773.09982550144196 4009.4234319627285 126.35434204339981 103.15415954589844 1975.5163243114948 1675.2827380895615 13568.466652691364 502.80886191129684 63.150774538516998 3092.3405328691006 88.885073661804199 75.991865575313568
leaf_count=7035 131 640 1198 5829 213 154 3219 2536 20093 768 100 4726 133 121
internal_value=6.27279e-05 0.000258166 1.51528e-05 -0.00027537 7.98819e-05 0.00014444 0.000131765 0.000520344 6.98561e-05 0.00106312 -0.0014864 0.000112702 0.000482073 0.00172874
internal_weight=31254.6 6075.87 25178.7 7186.37 4986.14 4796.64 17992.4 2448.38 15544 1089.73 189.505 3176.95 591.694 498.038
internal_count=46896 9164 37732 10686 7502 7189 27046 3734 23312 1662 313 4857 901 761
is_linear=0
shrinkage=0.02


Tree=496
num_leaves=9
num_cat=0
split_feature=12 0 23 43 17 24 24 26
split_gain=0.942947 0.668477 1.31313 1.18952 1.02721 0.919158 0.736104 0.653846
threshold=20.765894009582848 18.06524979419213 0.46522074878864111 -0.44999999999999996 0.78248691152092709 1.2064050945622655 1.0743289675168315 0.88194444444444453
decision_type=2 2 2 2 2 2 2 2
left_child=1 3 4 -1 -3 -4 -5 -2
right_child=7 2 5 6 -6 -7 -8 -9
leaf_value=0.0022582344237541165 -0.00033769755089879119 0.0015742554063799946 6.8776771919386135e-06 0.00026957207080964123 -0.00062202704991219443 0.00033462176675835538 -0.00087269892239982361 -0.0027350821851323827
leaf_weight=116.404352247715 139.01282066106796 85.621080011129379 19336.266997992992 5456.8315120339394 1639.592914968729 4174.9838953018188 229.77280285954475 76.123566389083862
leaf_count=175 213 129 29043 8190 2455 6185 383 123
internal_value=6.152e-05 7.10082e-05 2.60529e-05 0.000264714 -0.000505541 6.55253e-05 0.000221369 -0.00124942
internal_weight=31254.6 31039.5 25236.5 5803.01 1725.21 23511.3 5686.6 215.136
internal_count=46896 46560 37812 8748 2584 35228 8573 336
is_linear=0
shrinkage=0.02


Tree=497
num_leaves=11
num_cat=0
split_feature=51 26 4 27 4 0 0 4 0 26
split_gain=0.733849 1.33575 1.15162 2.04414 1.30296 0.88952 0.788666 1.6719 1.01846 0.597032
threshold=-0.099999999999999936 0.21111111111111114 27.646278224424123 0.58143868242514984 29.447590216326002 37.926381126134224 18.919489743124135 26.473071120572467 13.437410961941081 0.11805555555555557
decision_type=2 2 2 2 2 2 2 2 2 2
left_child=1 9 3 -3 -4 6 8 -8 -2 -1
right_child=5 2 4 -5 -6 -7 7 -9 -10 -11
leaf_value=0.00021304856109464649 -0.00036146794962481989 0.0028735399683776086 -0.0014482132374725454 2.8086396749346862e-05 0.00036676007014668722 -0.0016054523361219081 -0.00070496791264109977 1.9300426640788888e-05 0.00034135536546148654 -0.0018488884650340806
leaf_weight=73.821202218532562 965.21029791235924 196.1264656484127 162.47246590256691 220.82087787985802 3258.3728966116905 131.38534569740295 1360.716569930315 19527.075290054083 5201.7584815621376 156.85004904866219
leaf_count=110 1510 288 227 323 4738 174 2111 29299 7888 228
internal_value=6.02894e-05 0.000310929 0.000401888 0.00139775 0.000276841 2.23928e-05 3.07858e-05 -2.74657e-05 0.000229652 -0.00114987
internal_weight=31254.6 4068.46 3837.79 416.947 3420.85 27186.1 27054.8 20887.8 6166.97 230.671
internal_count=46896 5914 5576 611 4965 40982 40808 31410 9398 338
is_linear=0
shrinkage=0.02


Tree=498
num_leaves=13
num_cat=0
split_feature=44 4 4 24 43 51 51 44 44 27 24 24
split_gain=0.740927 1.11863 1.63393 1.14062 1.06004 1.04382 1.12869 1.4952 1.37505 0.889653 1.29418 1.19269
threshold=1.6983129739208185 22.229989860523872 25.65757457239047 1.2871871826287744 1.3500000000000003 -0.099999999999999936 -0.54999999999999993 0.99353813114445189 0.52503761260765647 0.80951417502022938 0.8664984994745043 0.53629385340579472
decision_type=2 2 2 2 2 2 2 2 2 2 2 2
left_child=5 -2 3 -3 -4 6 7 -1 -8 10 -7 -11
right_child=1 2 4 -5 -6 9 8 -9 -10 11 -12 -13
leaf_value=0.00032626249690813016 0.0020098670793591805 -0.0026345821224624593 0.00030384749550936861 0.00023109897779085461 -0.0010328602122291692 -5.8519943355691464e-06 -0.001069755161878287 -0.0016951342294468858 0.00060351138388299119 0.0019853185736235742 0.0007797410238621343 -0.00026178717110606961
leaf_weight=361.19867762923241 138.79833862185478 133.52334636449814 6635.1277052164078 83.52718859910965 241.10518842935562 12465.703431993723 205.69909411668777 237.10581198334694 2755.8863115310669 92.851842880249023 895.58372566103935 7008.4992794394493
leaf_count=501 216 199 9765 136 319 19153 331 341 3951 179 1390 10415
internal_value=5.90809e-05 0.000236559 0.000199893 -0.00149409 0.000255237 5.21902e-06 0.000321574 -0.00046113 0.000483276 -4.93547e-05 4.61654e-05 -0.000230447
internal_weight=31254.6 7232.08 7093.28 217.051 6876.23 24022.5 3559.89 598.304 2961.59 20462.6 13361.3 7101.35
internal_count=46896 10635 10419 335 10084 36261 5124 842 4282 31137 20543 10594
is_linear=0
shrinkage=0.02


Tree=499
num_leaves=10
num_cat=0
split_feature=12 44 4 4 51 51 23 27 23
split_gain=0.908791 0.735415 1.05846 1.60583 1.01076 1.08235 1.06678 0.675238 0.659023
threshold=20.765894009582848 1.6983129739208185 22.229989860523872 24.963553381417526 -0.099999999999999936 -0.54999999999999993 1.4443368238698593 0.92129549470868111 0.83808212197997745
decision_type=2 2 2 2 2 2 2 2 2
left_child=1 4 8 -4 5 -1 -6 -2 -3
right_child=7 2 3 -5 6 -7 -8 -9 -10
leaf_value=-0.0004420484056046941 -0.00038898657664391227 0.0031634534510898461 -0.0017295975932730462 0.00025664117776953309 -8.8997887858243105e-05 0.00048534993062972356 0.00039551369780992031 -0.002902523868335798 0.0001940080114018784
leaf_weight=594.86900505423546 148.84796315431595 78.72301983833313 163.66769078373909 6887.2596684098244 18309.626780897379 2933.4776599705219 2011.7744116783142 66.288423895835876 60.075318783521652
leaf_count=837 230 119 256 10096 27655 4238 3262 106 97
internal_value=5.78987e-05 6.72199e-05 0.000244578 0.000208641 1.33184e-05 0.000325999 -4.05061e-05 -0.00122912 0.00197024
internal_weight=31254.6 31039.5 7189.73 7050.93 23849.7 3528.35 20321.4 215.136 138.798
internal_count=46896 46560 10568 10352 35992 5075 30917 336 216
is_linear=0
shrinkage=0.02


Tree=500
num_leaves=10
num_cat=0
split_feature=48 15 27 19 2 19 32 51 27
split_gain=1.0245 1.44447 1.10339 0.89885 1.13919 0.937432 0.79682 1.33333 0.830831
threshold=3.2500000000000004 16.940093053230751 2.3865142105686705 0.64783264809921104 28.283000000000001 0.028725551958510554 1.1500000000000001 2.7500000000000004 1.5412325332773358
decision_type=2 2 2 2 2 2 2 2 2
left_child=2 3 6 5 -5 -2 7 -1 -8
right_child=1 -3 -4 4 -6 -7 8 -9 -10
leaf_value=-6.0284510762299826e-05 -0.0012344831052256142 0.00069445948106650946 0.0025187722606890236 -0.0024265642108960367 0.00072570857946154758 -0.0043331475933719599 0.00033558075739940386 0.002634790079459489 -0.00040658742641305301
leaf_weight=25514.475310951471 110.99980580806732 151.76179251074791 67.320766448974609 73.376036942005157 108.7643726170063 74.572003841400146 4155.755461782217 71.49461230635643 692.70402243733406
leaf_count=38384 156 212 92 110 165 108 6245 101 971
internal_value=-1.65757e-05 -0.000895605 -1.21943e-06 -0.00157911 -0.000502454 -0.00256592 -7.28734e-06 -5.21575e-05 0.000227361
internal_weight=31021.2 519.474 30501.8 367.712 182.14 185.572 30434.4 25586 4848.46
internal_count=46544 751 45793 539 275 264 45701 38485 7216
is_linear=0
shrinkage=0.02


Tree=501
num_leaves=10
num_cat=0
split_feature=48 19 2 19 27 24 24 2 21
split_gain=0.985093 1.22483 1.56585 1.29056 1.06093 0.890231 1.59006 1.14114 0.776345
threshold=3.2500000000000004 0.59146807487326225 28.283000000000001 0.12678672102398011 2.3865142105686705 1.8093541491699188 1.4243126031923665 29.880833333333339 1.0146408126251409
decision_type=2 2 2 2 2 2 2 2 2
left_child=4 3 -3 8 5 6 -1 -7 -2
right_child=1 2 -4 -5 -6 7 -8 -9 -10
leaf_value=-3.0329156753566237e-05 -0.0020262498102551108 -0.0022489868267670985 0.0010851756155385002 -0.0040367336733731782 0.0024698502160635243 -0.0023481898970046547 0.00061346289080147648 0 0.00052130221440240562
leaf_weight=28477.283634573221 99.55149832367897 78.438534259796143 184.83373221755028 76.493909388780594 67.320766448974609 145.55317032337189 1619.7199099957943 191.87269258499146 80.156337529420853
leaf_count=42721 134 118 272 112 92 257 2426 297 115
internal_value=-1.62398e-05 -0.000878198 4.46417e-05 -0.00185823 -1.17535e-06 -7.13173e-06 4.0238e-06 -0.00102578 -0.000841683
internal_weight=31021.2 519.474 263.272 256.202 30501.8 30434.4 30097 337.426 179.708
internal_count=46544 751 390 361 45793 45701 45147 554 249
is_linear=0
shrinkage=0.02


Tree=502
num_leaves=12
num_cat=0
split_feature=46 2 23 23 44 37 44 44 24 27 15
split_gain=0.852584 1.57574 1.35916 2.08509 1.37956 0.778431 1.75042 0.88143 1.07959 0.942115 0.736682
threshold=0.89444444444444449 11.969021164021166 1.6881796479517976 1.5331971198921852 1.1067134549704036 0.58570457687917277 0.97252318922835834 1.2859113447684849 0.98070184565669549 0.29998805677194523 4.2143540484863768
decision_type=2 2 2 2 2 2 2 2 2 2 2
left_child=5 10 3 -3 -4 7 -7 9 -9 -1 -2
right_child=1 2 4 -5 -6 6 -8 8 -10 -11 -12
leaf_value=-0.00020229357867553789 0.0033398771631673579 -8.9876694740675543e-05 0.0017256650187071681 -0.0013013845665943138 -1.2699798445308373e-05 -0.00041457051744781198 0.0027231419710118778 -0.0026771238001416665 0.00019835022562746777 0.00028900485438157155 0.0005058111077980358
leaf_weight=2124.1013362407684 73.649860084056854 21266.56948196888 322.59309059381485 583.62445151805878 391.75183972716331 129.04549461603165 143.45621982216835 97.0090252161026 97.566577523946762 5699.4398562908173 92.416952043771744
leaf_count=3356 109 31469 549 917 653 209 214 160 179 8591 138
internal_value=-1.59238e-05 -7.95384e-05 -9.43225e-05 -0.00012281 0.000761 0.000157261 0.00120863 0.00011999 -0.00119705 0.000154321 0.00184699
internal_weight=31021.2 22730.6 22564.5 21850.2 714.345 8290.62 272.502 8018.12 194.576 7823.54 166.067
internal_count=46544 33835 33588 32386 1202 12709 423 12286 339 11947 247
is_linear=0
shrinkage=0.02


Tree=503
num_leaves=9
num_cat=0
split_feature=48 15 27 24 24 51 19 19
split_gain=0.942814 1.37845 1.02149 0.852481 1.53586 1.48519 0.83984 0.871812
threshold=3.2500000000000004 16.940093053230751 2.3865142105686705 1.8093541491699188 1.4243126031923665 1.0500000000000003 0.64783264809921104 0.028725551958510554
decision_type=2 2 2 2 2 2 2 2
left_child=2 6 3 4 -1 -5 7 -2
right_child=1 -3 -4 5 -6 -7 -8 -9
leaf_value=-2.9546944282490221e-05 -0.0011925112878509265 0.0006937415977837884 0.0024238196215492645 -0.0018691097916031262 0.00060317429780351584 0.00097567906698987883 -0.00048397126161894865 -0.004187746696795008
leaf_weight=28477.283634573221 110.99980580806732 151.76179251074791 67.320766448974609 238.35019302368164 1619.7199099957943 99.075669884681702 182.14040955901146 74.572003841400146
leaf_count=42721 156 212 92 407 2426 147 275 108
internal_value=-1.55936e-05 -0.000858845 -8.49026e-07 -6.69985e-06 4.20957e-06 -0.00100353 -0.00152696 -0.00248128
internal_weight=31021.2 519.474 30501.8 30434.4 30097 337.426 367.712 185.572
internal_count=46544 751 45793 45701 45147 554 539 264
is_linear=0
shrinkage=0.02


Tree=504
num_leaves=9
num_cat=0
split_feature=48 15 27 21 19 32 20 27
split_gain=0.907179 1.327 0.982189 0.849553 1.28394 0.756722 0.867653 0.815922
threshold=3.2500000000000004 16.940093053230751 2.3865142105686705 1.0566290085633656 1.0450090732190482 1.1500000000000001 -6.435683541707804 1.5412325332773358
decision_type=2 2 2 2 2 2 2 2
left_child=2 3 5 4 -2 6 -1 -7
right_child=1 -3 -4 -5 -6 7 -8 -9
leaf_value=0.001219158432687287 -0.0032548601489875233 0.00068004720042252485 0.002376741823544882 -0.00021826798261904433 0 0.00032937022634347857 -6.1331564349218249e-05 -0.00040613218509131296
leaf_weight=210.82454368472099 156.22149288654327 151.76179251074791 67.320766448974609 144.28217402100563 67.208552300930023 4155.755461782217 25375.145379573107 692.70402243733406
leaf_count=326 222 212 92 212 105 6245 38159 971
internal_value=-1.52857e-05 -0.000842448 -8.16176e-07 -0.00149814 -0.002271 -6.5597e-06 -5.02952e-05 0.000222103
internal_weight=31021.2 519.474 30501.8 367.712 223.43 30434.4 25586 4848.46
internal_count=46544 751 45793 539 327 45701 38485 7216
is_linear=0
shrinkage=0.02


Tree=505
num_leaves=11
num_cat=0
split_feature=12 12 14 24 30 16 44 12 12 30
split_gain=0.897088 0.986392 0.870004 0.934569 0.718407 0.676824 0.572646 0.551497 0.731901 0.608298
threshold=20.508866821453982 20.10868634568331 10.500000000000002 1.6109850420111682 0.14953286775022448 16.590000000000007 1.5672409586014784 20.194418425765338 20.355079131834227 0.12203239521264801
decision_type=2 2 2 2 2 2 2 2 2 2
left_child=1 2 5 -4 6 -1 -2 9 -9 -3
right_child=4 7 3 -5 -6 -7 -8 8 -10 -11
leaf_value=2.5668528061652702e-05 -0.00088608705273813832 0.00073978034379554747 -0.00012353444512175029 -0.0012325672115462588 -0.0022767537385801149 0.00035648250955498624 0.00099840287475197725 -0.0002319602770079614 0.0011550732228711134 0.0030197775697438051
leaf_weight=17969.172495156527 239.02536731958389 169.25798255205154 8568.2695897221565 316.02229675650597 111.98196414113045 2884.4719502329826 82.236988216638565 346.956074655056 256.96535125374794 75.431083768606186
leaf_count=27408 367 239 12362 462 169 4397 126 512 354 111
internal_value=7.3911e-06 2.05391e-05 9.94049e-07 -0.000164378 -0.000893695 7.19359e-05 -0.000369567 0.000692089 0.000343576 0.00150196
internal_weight=31019.8 30586.5 29737.9 8884.29 433.244 20853.6 321.262 848.61 603.921 244.689
internal_count=46507 45845 44629 12824 662 31805 493 1216 866 350
is_linear=0
shrinkage=0.02


Tree=506
num_leaves=7
num_cat=0
split_feature=13 13 16 19 24 13
split_gain=0.780753 1.10166 0.990886 0.95253 0.898136 0.558909
threshold=0.50657759196130059 0.54815819890446715 23.030000000000008 -4.5348623010301585 0.82696943340912055 0.56594052180259091
decision_type=2 2 2 2 2 2
left_child=3 -2 5 -1 -4 -3
right_child=1 2 4 -5 -6 -7
leaf_value=0.0013728107578140725 0.0011682378037515407 -0.0010950797645090523 0.0031288942596480029 -0.00010144709702864798 0.00058238099089471249 7.111743429571799e-05
leaf_weight=174.38523900508881 386.66119456291199 163.58247947692871 69.955120384693146 16529.581160068512 325.72434717416763 13369.901603102684
leaf_count=237 572 245 127 23773 514 21039
internal_value=7.24526e-06 0.000115918 8.58255e-05 -8.52951e-05 0.00107122 5.61228e-05
internal_weight=31019.8 14315.8 13929.2 16704 395.679 13533.5
internal_count=46507 22497 21925 24010 641 21284
is_linear=0
shrinkage=0.02


Tree=507
num_leaves=12
num_cat=0
split_feature=1 19 19 12 1 14 1 21 21 15 15
split_gain=0.950601 1.06706 1.17532 1.11318 1.04916 0.937524 1.431 1.07794 0.769702 0.752395 1.19709
threshold=38.674666666666674 0.41771875004491937 1.4024943209339862 17.727067366620727 36.500500000000009 9.5000000000000018 34.622000000000007 1.2428599110861771 1.0095812967331745 21.723153682571041 20.184190138403125
decision_type=2 2 2 2 2 2 2 2 2 2 2
left_child=4 -2 3 -3 5 6 -1 -7 -4 10 -6
right_child=1 2 8 -5 9 7 -8 -9 -10 -11 -12
leaf_value=7.6726910718290559e-05 -0.0013102104158872402 0.00057145428585192134 0.001476770153947443 0.0039975561261297267 -0.00051841699904634907 -4.9123496778504167e-05 0.0008203427306593626 -0.00082155625849361722 -0.00073999095224707031 0.0006469445024445701 -0.0026880016249039374
leaf_weight=12490.999062269926 69.420788288116455 76.249800592660904 120.71582159399986 94.857927888631821 1012.0373821854591 14857.925389319658 1132.7277651131153 760.85379976034164 120.38658133149147 168.30877050757408 115.30805492401123
leaf_count=19190 100 124 196 138 1534 21746 1744 1108 182 270 175
internal_value=7.11987e-06 0.000887026 0.00128575 0.00255281 -6.48726e-06 1.7874e-05 0.000139399 -8.74924e-05 0.000331787 -0.000563199 -0.00075355
internal_weight=31019.8 481.631 412.21 171.108 30538.2 29242.5 13623.7 15618.8 241.102 1295.65 1127.35
internal_count=46507 740 640 262 45767 43788 20934 22854 378 1979 1709
is_linear=0
shrinkage=0.02


Tree=508
num_leaves=11
num_cat=0
split_feature=12 32 30 12 21 15 30 21 13 21
split_gain=0.861992 1.00751 0.97517 0.951815 1.14678 1.79395 0.966287 0.827203 1.26242 1.00526
threshold=20.508866821453982 0.55000000000000016 0.14953286775022448 20.10868634568331 1.0503497779681357 5.6644024479225203 -0.12511089947213477 1.2428599110861771 1.3186010565114741 1.2360623197201395
decision_type=2 2 2 2 2 2 2 2 2 2
left_child=3 -2 -3 7 5 -5 -6 9 -9 -1
right_child=1 2 -4 4 6 -7 -8 8 -10 -11
leaf_value=1.7075299131107388e-05 -0.0021721372851949846 0.00051368835192779994 -0.0021966363870242404 0.0028682123193415256 -0.00021768678165741306 -0.00047837440087636498 0.0021000889200944815 -0.00082054236950951766 0.00046944783937529183 0.0018545234015204175
leaf_weight=28132.347200363874 153.39098060131073 211.86549216508865 67.987846910953522 73.766502678394318 86.298306077718735 410.83478114008904 277.71090233325958 1077.9551062583923 409.87812933325768 117.75589591264725
leaf_count=42254 236 323 103 117 121 591 387 1552 654 169
internal_value=6.9729e-06 -0.000876308 -0.000120196 1.98676e-05 0.000679537 2.01907e-05 0.00152509 6.62371e-07 -0.000458302 2.52191e-05
internal_weight=31019.8 433.244 279.853 30586.5 848.61 484.601 364.009 29737.9 1487.83 28250.1
internal_count=46507 662 426 45845 1216 708 508 44629 2206 42423
is_linear=0
shrinkage=0.02


Tree=509
num_leaves=11
num_cat=0
split_feature=12 32 30 12 21 15 30 21 13 24
split_gain=0.828559 0.967796 0.954031 0.913985 1.10119 1.70306 0.957358 0.794061 1.21302 1.13498
threshold=20.508866821453982 0.55000000000000016 -0.0079236913658221973 20.10868634568331 1.0526543857776762 5.6644024479225203 -0.12511089947213477 1.2428599110861771 1.3186010565114741 0.33151912737470107
decision_type=2 2 2 2 2 2 2 2 2 2
left_child=3 -2 -3 7 5 -5 -6 9 -9 -1
right_child=1 2 -4 4 6 -7 -8 8 -10 -11
leaf_value=-0.00041687859777551971 -0.0021292536520301879 0.0010623660312921348 -0.0012513518885508773 0.0028123622927245483 -0.00021343172355013491 -0.00044214582484769049 0.0021027520609554471 -0.00080416192612308226 0.00046010447232706269 6.1393972128836143e-05
leaf_weight=2143.4585057199001 153.39098060131073 132.90539035201073 146.94794872403145 73.766502678394318 86.298306077718735 420.04341474175453 268.50226873159409 1077.9551062583923 409.87812933325768 26106.644590556622
leaf_count=3673 236 201 225 117 121 603 375 1552 654 38750
internal_value=6.83595e-06 -0.000859136 -0.000117321 1.94843e-05 0.000665912 3.32348e-05 0.00151332 6.57898e-07 -0.000449011 2.47244e-05
internal_weight=31019.8 433.244 279.853 30586.5 848.61 493.81 354.801 29737.9 1487.83 28250.1
internal_count=46507 662 426 45845 1216 720 496 44629 2206 42423
is_linear=0
shrinkage=0.02


Tree=510
num_leaves=8
num_cat=0
split_feature=2 31 31 43 2 2 12
split_gain=1.17931 0.889872 1.68188 1.03956 0.843661 0.827206 0.817034
threshold=9.6193749999999998 2.0101229035110681 1.7944740141344451 0.75000000000000011 14.780648148148151 33.153416666666672 18.714881820448074
decision_type=2 2 2 2 2 2 2
left_child=-1 2 4 6 -2 -4 -3
right_child=1 3 5 -5 -6 -7 -8
leaf_value=0.0019431950661986403 0.00035302974768431836 0.0016510049912742068 -0.00079358204832500484 -0.0016505024009455655 -4.4157119136262519e-05 -0.0032250697719902479 0.00021825189541489483
leaf_weight=121.21131500601768 2316.8800854980946 317.64655038714409 519.3034211397171 65.566167771816254 27325.194152235985 65.843372523784637 355.68533876538277
leaf_count=176 3473 551 784 111 40870 103 577
internal_value=-8.90479e-06 -1.69939e-05 -3.40913e-05 0.000667144 -1.27532e-05 -0.00109427 0.000911853
internal_weight=31087.3 30966.1 30227.2 738.898 29642.1 585.147 673.332
internal_count=46645 46469 45230 1239 44343 887 1128
is_linear=0
shrinkage=0.02


Tree=511
num_leaves=9
num_cat=0
split_feature=17 5 17 26 19 12 26 12
split_gain=0.95013 0.997508 0.852964 0.817794 1.97703 0.815598 0.713304 0.682498
threshold=0.68599704940507511 33.457939325389361 0.73815816728841155 0.84523809523809534 0.51785397930113775 19.203973033664493 0.18333333333333332 17.753074439189231
decision_type=2 2 2 2 2 2 2 2
left_child=1 5 -2 7 -5 6 -1 -4
right_child=2 -3 3 4 -6 -7 -8 -9
leaf_value=-0.00062014488871834749 -0.00099544758669026017 0.0027658411689224379 -0.00023391063995910618 -0.00034642739163150263 0.00015789309320564951 -0.0012097528746145818 0.00085167029900579192 0.00012621170275100568
leaf_weight=150.04058548808098 360.07788395881653 76.47205576300621 2448.1995810866356 7548.3280136883259 5253.0704087615013 107.74500387907028 751.34533041715622 14392.051540285349
leaf_count=234 547 127 3677 10913 7883 165 1130 21969
internal_value=-8.72226e-06 0.000571524 -3.00883e-05 -1.79577e-05 -0.000138705 0.000390207 0.000594779 7.32426e-05
internal_weight=31087.3 1085.6 30001.7 29641.6 12801.4 1009.13 901.386 16840.3
internal_count=46645 1656 44989 44442 18796 1529 1364 25646
is_linear=0
shrinkage=0.02


Tree=512
num_leaves=9
num_cat=0
split_feature=2 26 19 19 43 12 12 19
split_gain=1.12567 0.745804 1.90982 1.42983 0.684993 1.18807 1.10179 0.526019
threshold=9.6193749999999998 0.84523809523809534 1.0640876375061767 -2.3666966226824608 -0.34999999999999992 18.444719246241039 17.811362458976429 2.0919257983981461
decision_type=2 2 2 2 2 2 2 2
left_child=-1 4 3 -3 5 -2 -6 -4
right_child=1 2 7 -5 6 -7 -8 -9
leaf_value=0.0018986299357650028 0.0018116108154422742 0.00053253782989496495 0.00046243393074801999 -0.00035346301090078693 -0.00030292321108752119 -1.1376107953722007e-05 0.00011699790781849263 -3.7178342543251199e-05
leaf_weight=121.21131500601768 240.41044327616692 784.67988777160645 2137.9262472689152 8728.2056434750557 3014.64425817132 322.58200919628143 14405.113342791796 1332.5572563707829
leaf_count=176 358 1083 3176 12723 4539 495 22008 2087
internal_value=-8.54718e-06 -1.64575e-05 -0.000132219 -0.000279233 6.65704e-05 0.000753038 4.37264e-05 0.000267808
internal_weight=31087.3 30966.1 12983.4 9512.89 17982.8 562.992 17419.8 3470.48
internal_count=46645 46469 19069 13806 27400 853 26547 5263
is_linear=0
shrinkage=0.02


Tree=513
num_leaves=9
num_cat=0
split_feature=0 33 0 0 33 12 12 12
split_gain=0.958578 0.873491 2.04246 0.756156 0.689065 0.705594 0.620983 0.810217
threshold=17.129668898655133 -0.34999999999999992 16.118566534329794 17.318821879169391 1.2500000000000002 18.568716569987533 16.083099816964516 17.866824675577877
decision_type=2 2 2 2 2 2 2 2
left_child=1 2 -1 -2 5 -3 -5 -8
right_child=3 4 -4 6 -6 -7 7 -9
leaf_value=0.00022998442947278437 -0.0011624930106819062 0.0006055799537739297 -0.0027748119371428393 0.0013750638657342401 0.0021827119576813539 7.0293120093755713e-05 -0.0002823093223495306 1.9616985645170167e-06
leaf_weight=323.11258003115654 243.02849221229553 1803.4731357097626 121.05235800147057 120.22853973507881 80.231527119874954 2275.9736171066761 4925.0528303682804 21195.177323043346
leaf_count=429 361 2703 169 161 130 3525 7351 31816
internal_value=-8.35807e-06 0.000257563 -0.000575295 -5.49789e-05 0.000349131 0.000309568 -4.42527e-05 -5.12732e-05
internal_weight=31087.3 4603.84 444.165 26483.5 4159.68 4079.45 26240.5 26120.2
internal_count=46645 6956 598 39689 6358 6228 39328 39167
is_linear=0
shrinkage=0.02


Tree=514
num_leaves=9
num_cat=0
split_feature=2 19 21 26 20 19 26 26
split_gain=1.07351 0.717503 1.65716 2.24558 1.77365 0.739904 2.07069 0.600087
threshold=9.6193749999999998 0.34739081040530279 1.1004957195166714 0.81666666666666676 3.8406644224576891 0.4026213225783622 0.95000000000000007 0.35416666666666669
decision_type=2 2 2 2 2 2 2 2
left_child=-1 2 3 -2 -4 6 -3 -7
right_child=1 5 4 -5 -6 7 -8 -9
leaf_value=0.0018542921044153718 0.00022431869853804993 0.0018148747133329866 -0.00065885522243952434 -0.00029672164150533714 0.00054623211191049586 0.00042159507367430643 -0.00086904828280338073 1.1053342623278738e-05
leaf_weight=121.21131500601768 7727.3716447651386 318.76179447770119 3182.0956381261349 5782.6389849483967 566.39086985588074 1631.3810993134975 171.97036528587341 11585.508691549301
leaf_count=176 11795 479 4648 8382 826 2582 248 17509
internal_value=-8.16486e-06 -1.58973e-05 -0.000101965 5.48772e-07 -0.000473908 9.17356e-05 0.000854326 6.25398e-05
internal_weight=31087.3 30966.1 17258.5 13510 3748.49 13707.6 490.732 13216.9
internal_count=46645 46469 25651 20177 5474 20818 727 20091
is_linear=0
shrinkage=0.02


Tree=515
num_leaves=9
num_cat=0
split_feature=0 2 45 33 33 23 0 12
split_gain=1.72534 1.0219 0.965746 0.674736 0.665305 1.27702 1.1711 0.507878
threshold=37.214475057815783 38.212750000000007 4.1000000000000005 0.65000000000000013 0.65000000000000013 1.0030630543270183 33.472846538254935 17.878756878271378
decision_type=2 2 2 2 2 2 2 2
left_child=2 -2 4 -4 6 -6 -1 -3
right_child=1 7 3 -5 5 -7 -8 -9
leaf_value=3.6985403242293905e-05 0.00027805871664247033 -0.0032685627461938875 0.0025519994352346705 0 -0.00034606194816052117 0.00015417183335537625 0.00049677261446939456 -0.00091476298771470262
leaf_weight=19943.138660281897 75.084571868181229 110.23320165276527 101.85736411809921 74.989251047372818 4545.0487351417542 3670.7032414972782 2501.4854499697685 78.83627849817276
leaf_count=29985 100 159 156 107 6781 5590 3669 103
internal_value=2.6823e-05 -0.0015756 4.09751e-05 0.00150761 3.20917e-05 -0.000121363 8.87145e-05 -0.00235928
internal_weight=31101.4 264.154 30837.2 176.847 30660.4 8215.75 22444.6 189.069
internal_count=46650 362 46288 263 46025 12371 33654 262
is_linear=0
shrinkage=0.02


Tree=516
num_leaves=10
num_cat=0
split_feature=0 30 50 34 1 6 30 34 12
split_gain=1.65831 1.1177 0.976873 0.919055 0.864426 1.90819 1.12075 0.81381 0.7346
threshold=37.214475057815783 0.10191893838945647 1.0000000180025095e-35 0.76050302998123487 23.671500000000005 1.5000000000000002 0.14088726386975467 0.40977877589771716 17.753074439189231
decision_type=2 2 2 2 2 2 2 2 2
left_child=2 8 3 7 5 -4 -6 -1 -2
right_child=1 -3 4 -5 6 -7 -8 -9 -10
leaf_value=0.0012969620975854599 -0.0035750129887362602 0.00043881342962761785 0.00048682583583326873 0.0031784571697562325 0.000213222879197522 -0.00020327288228566033 -0.00014242234728016839 -0.00092312556390576595 -0.00089174940057961478
leaf_weight=192.16041624546051 98.652725160121918 73.054781645536423 1878.0958265662193 67.533402770757675 13110.874514967203 10674.400730460882 4820.8345592617989 93.323251783847809 92.446545213460922
leaf_count=313 143 102 2795 119 19726 15981 7209 145 117
internal_value=2.62946e-05 -0.00154468 4.01753e-05 0.00108398 2.76893e-05 -9.91632e-05 0.000117047 0.000535068 -0.00235142
internal_weight=31101.4 264.154 30837.2 353.017 30484.2 12552.5 17931.7 285.484 191.099
internal_count=46650 362 46288 577 45711 18776 26935 458 260
is_linear=0
shrinkage=0.02


Tree=517
num_leaves=9
num_cat=0
split_feature=45 50 50 19 19 32 20 19
split_gain=0.941891 0.952291 0.796651 0.970431 0.993282 0.678014 1.6005 0.988241
threshold=4.1000000000000005 1.8500000000000003 1.0000000180025095e-35 0.85470681184728303 -1.1458569697179095 1.1500000000000001 0.48242556993056951 2.9084691529654125
decision_type=2 2 2 2 2 2 2 2
left_child=2 -2 3 4 -1 7 -7 -4
right_child=1 -3 5 -5 -6 6 -8 -9
leaf_value=0.0024908006835295043 0.0028509868155602407 0 -6.4879256335353551e-05 0.0027568989295426254 -0.0003525151475788308 -1.8918288960237124e-05 0.0007517330811748162 0.00049428842556006696
leaf_weight=61.752355664968491 92.649496912956238 84.706274658441544 24259.198111891747 88.996009290218353 198.83095708489418 3432.2766685783863 1553.7208616435528 1329.2460183501244
leaf_count=100 147 117 36356 158 312 5129 2277 2054
internal_value=2.57622e-05 0.00147159 1.70521e-05 0.000963837 0.000297043 5.83741e-06 0.00021943 -3.5405e-05
internal_weight=31101.4 177.356 30924 349.579 260.583 30574.4 4986 25588.4
internal_count=46650 264 46386 570 412 45816 7406 38410
is_linear=0
shrinkage=0.02


Tree=518
num_leaves=11
num_cat=0
split_feature=0 30 1 2 0 2 30 45 33 9
split_gain=1.59319 1.07623 0.928482 1.70325 1.71444 1.46579 1.10535 1.50447 1.127 0.501536
threshold=37.214475057815783 0.10191893838945647 23.671500000000005 18.834250000000004 16.934371128226257 17.475416666666671 0.14088726386975467 4.1000000000000005 -0.34999999999999992 1.0000000180025095e-35
decision_type=2 2 2 2 2 2 2 2 2 2
left_child=2 9 3 5 -5 -1 8 -8 -4 -2
right_child=1 -3 6 4 -6 -7 7 -9 -10 -11
leaf_value=-3.5326461798407477e-05 -0.0010805763779923087 0.00042972693119637707 0.00072507064507601319 0.00136428412756854 -0.00041696659596140697 0.00066441852766419116 -0.00017530408158737004 0.0024094752633408273 0.00015626879291046766 -0.0033728587554674562
leaf_weight=5366.7616559565067 95.145625621080399 73.054781645536423 1598.2050740420818 220.62712350487709 5537.3310569822788 1531.203496068716 4801.8111912608147 89.407599687576294 11691.875504553318 95.953644752502441
leaf_count=8046 132 102 2361 339 8255 2313 7194 133 17647 128
internal_value=2.5261e-05 -0.00151455 3.88728e-05 -9.21921e-05 -0.000346528 0.000118701 0.000130656 -0.000125047 0.000225521 -0.00230636
internal_weight=31101.4 264.154 30837.2 12655.9 5757.96 6897.97 18181.3 4891.22 13290.1 191.099
internal_count=46650 362 46288 18953 8594 10359 27335 7327 20008 260
is_linear=0
shrinkage=0.02


Tree=519
num_leaves=8
num_cat=0
split_feature=35 50 19 19 6 18 12
split_gain=1.1821 0.613386 0.836261 0.888743 0.653044 0.964674 0.596072
threshold=1.9000000000000001 1.0000000180025095e-35 0.85470681184728303 -0.53650532308303045 6.5000000000000009 0.73322595998167139 18.72395477515742
decision_type=2 2 2 2 2 2 2
left_child=1 2 3 -1 5 -3 -2
right_child=6 4 -4 -5 -6 -7 -8
leaf_value=0.0015688423078829847 0.00018040435746807806 0.00073367591960965864 0.0025201784614756 -0.00079880078946503882 -0.00038787345287842043 -1.9414573844109685e-06 0.0012610618313975684
leaf_weight=110.17231446504593 420.03285825252533 729.41458398103714 87.461228609085083 139.75864386558533 1688.110837250948 27478.047381788492 448.37890586256981
leaf_count=175 636 1094 155 219 2433 41249 689
internal_value=2.47566e-05 3.50332e-06 0.000849171 0.000209358 -5.76231e-06 1.6777e-05 0.000751474
internal_weight=31101.4 30233 337.392 249.931 29895.6 28207.5 868.412
internal_count=46650 45325 549 394 44776 42343 1325
is_linear=0
shrinkage=0.02


Tree=520
num_leaves=12
num_cat=0
split_feature=33 4 16 16 4 42 33 4 33 33 42
split_gain=0.943469 1.1316 2.7099 1.47211 1.40485 0.836213 0.671525 0.645026 0.558943 0.660253 0.557662
threshold=0.35000000000000003 30.158512544947559 8.1633333333333358 9.9100000000000037 33.001931850297318 1.3500000000000003 0.55000000000000016 25.65757457239047 0.8500000000000002 0.75000000000000011 1.0000000180025095e-35
decision_type=2 2 2 2 2 2 2 2 2 2 2
left_child=1 2 7 -4 10 -6 -2 -1 9 -8 -3
right_child=6 4 3 -5 5 -7 8 -9 -10 -11 -12
leaf_value=-0.00033995754436265787 -0.00030391600870817328 -9.7161105882953366e-05 -0.0027667765144412299 -0.00033025698690563286 0.00013541929548525417 -0.0015388807495615631 -2.437821215477404e-05 0.00035095753244274982 -0.00018784266133531742 0.00043907216855952337 0.001031226372002697
leaf_weight=1045.3051653206348 4993.4773764610291 192.80666270852089 238.8043609559536 187.14742249250412 11512.640572935343 117.72075161337852 4356.5840498805046 1112.4082970023155 4633.6355781257153 1692.166777163744 998.42211091518402
leaf_count=1583 7549 284 349 284 17235 157 6570 1663 6982 2536 1460
internal_value=-2.80585e-06 0.000108011 -0.000272134 -0.00172617 0.000185424 0.000117351 -0.000112347 1.16083e-05 -2.18228e-05 0.000103724 0.000840354
internal_weight=31081.1 15405.3 2583.67 425.952 12821.6 11630.4 15675.9 2157.71 10682.4 6048.75 1191.23
internal_count=46652 23015 3879 633 19136 17392 23637 3246 16088 9106 1744
is_linear=0
shrinkage=0.02


Tree=521
num_leaves=14
num_cat=0
split_feature=42 30 4 24 24 30 4 4 4 37 13 37 30
split_gain=0.795409 1.36778 1.13448 0.864919 1.26482 0.803057 0.795756 2.21179 1.90047 2.03491 1.15922 1.13597 0.797188
threshold=1.3500000000000003 -0.013776633733556398 47.223426781773036 0.89019513846421627 0.42875083872738179 0.22672758583685251 30.158512544947559 33.463752309071616 28.978042302889538 1.6003822684179771 2.3251849958155941 0.092647035108669812 0.043074856924132356
decision_type=2 2 2 2 2 2 2 2 2 2 2 2 2
left_child=6 3 5 4 -2 -3 8 10 9 -1 -8 -9 -10
right_child=1 2 -4 -5 -6 -7 7 11 12 -11 -12 -13 -14
leaf_value=3.0409052184938553e-05 -0.0010533001632228945 -0.0020963626878622815 0.00035492289005721974 -0.0010244441448947431 0.0013332063073269263 0 0.0004970446855239554 0.00036649258187282466 -0.00056033583695372727 -0.0029493385977105197 0.0023208459427173024 -5.7586178035858341e-05 -0.0018835250439735358
leaf_weight=3959.8114589750767 118.09922096133232 362.00509053468704 136.91871774196625 169.24119195342064 309.37292513251305 102.09694719314575 2549.0598405301571 2902.2342596948147 496.43644845485687 91.758038520812988 149.75851982831955 19413.559424042702 320.76704201102257
leaf_count=6035 174 527 194 250 419 137 3766 4380 769 145 244 29131 481
internal_value=-2.7737e-06 -0.000507984 -0.00118179 0.000155662 0.000648759 -0.00165618 1.71733e-05 6.30186e-05 -0.000216245 -3.60298e-05 0.000603594 -1.95752e-06 -0.00109525
internal_weight=31081.1 1197.73 601.021 596.713 427.472 464.102 29883.4 25014.6 4868.77 4051.57 2698.82 22315.8 817.203
internal_count=46652 1701 858 843 593 664 44951 37521 7430 6180 4010 33511 1250
is_linear=0
shrinkage=0.02


Tree=522
num_leaves=15
num_cat=0
split_feature=33 13 18 13 13 21 33 33 18 21 12 12 4 4
split_gain=0.89848 1.37245 1.96908 1.0954 1.05066 0.953618 1.2471 1.48551 1.2309 1.76649 1.22435 0.961846 0.752098 0.720992
threshold=0.35000000000000003 0.49878279298888734 0.58667464675916303 0.64019168723963482 0.11387259442214681 1.0328321908665308 0.55000000000000016 0.8500000000000002 1.512021829168255 0.93233604114140822 17.335203530111702 18.34883705073068 49.672639137016425 24.701282457319284
decision_type=2 2 2 2 2 2 2 2 2 2 2 2 2 2
left_child=1 4 -3 -4 13 8 11 -8 10 -10 -2 -7 -6 -1
right_child=5 2 3 -5 12 6 7 -9 9 -11 -12 -13 -14 -15
leaf_value=-0.00081774999240113826 -0.00080596926230488281 0.0037954511735241764 0.0010746863739573224 0.00019527427286125291 -0.0003112002076794152 -0.0013066718819045111 0.00021483747385670057 -0.00051040354816256773 -0.00072608987491681409 6.3958555786649369e-05 0.00046677077178603637 -0.00038793281149455478 -0.0014497282200089088 0.0001014553305239528
leaf_weight=358.38457456231117 329.98124051094055 62.622860670089722 627.44148018956184 6493.5605521202087 1518.8758718669415 687.22696423530579 2589.7012225091457 1988.9782629907131 1555.3767476081848 4078.9224508702755 2940.1635410189629 1505.5133518874645 283.08635711669922 6061.2836474180222
leaf_count=512 499 101 926 10185 2274 1013 3845 2959 2419 6123 4558 2221 431 8586
internal_value=-2.73001e-06 0.000105405 0.000307578 0.000274444 -7.00599e-05 -0.000109636 -0.000288601 -9.81094e-05 2.53708e-05 -0.000152544 0.000334872 -0.00068136 -0.000497014 4.83438e-05
internal_weight=31081.1 15405.3 7183.62 7121 8221.63 15675.9 6771.42 4578.68 8904.44 5634.3 3270.14 2192.74 1801.96 6419.67
internal_count=46652 23015 11212 11111 11803 23637 10038 6804 13599 8542 5057 3234 2705 9098
is_linear=0
shrinkage=0.02


Tree=523
num_leaves=11
num_cat=0
split_feature=33 21 21 33 33 12 21 12 18 16
split_gain=0.863125 1.00537 0.916048 1.19812 1.42683 1.12266 1.13689 0.923227 0.674262 0.532208
threshold=0.35000000000000003 1.4148738136475414 1.0328321908665308 0.55000000000000016 0.8500000000000002 20.624768811575503 1.0173919740343982 18.34883705073068 3.452791854258384 0.67749999999999988
decision_type=2 2 2 2 2 2 2 2 2 2
left_child=1 8 5 7 -5 6 -2 -4 9 -1
right_child=2 -3 3 4 -6 -7 -8 -9 -10 -11
leaf_value=0.0014431494406706416 -3.7640560037130093e-05 0.001950898658653655 -0.0012806143014377771 0.00021054404310795593 -0.00050020574506832668 -0.002316965672105274 0.00064476044050615334 -0.00038018446959271301 0.0019451279509267226 6.723770247489155e-05
leaf_weight=112.13557949662209 7712.0538657307625 115.4300397336483 687.22696423530579 2589.7012225091457 1988.9782629907131 78.972847878932953 1113.4172663986683 1505.5133518874645 76.293833911418915 15101.395890802145
leaf_count=164 11832 177 1013 3845 2959 121 1646 2221 116 22558
internal_value=-2.67593e-06 0.000103303 -0.000107463 -0.00028287 -9.61062e-05 2.48364e-05 4.74446e-05 -0.000667854 8.84475e-05 7.82248e-05
internal_weight=31081.1 15405.3 15675.9 6771.42 4578.68 8904.44 8825.47 2192.74 15289.8 15213.5
internal_count=46652 23015 23637 10038 6804 13599 13478 3234 22838 22722
is_linear=0
shrinkage=0.02


Tree=524
num_leaves=10
num_cat=0
split_feature=50 23 23 16 23 16 30 23 23
split_gain=0.804666 1.80074 1.58599 1.076 0.742472 0.717717 0.846243 0.805032 0.66492
threshold=1.8500000000000003 1.4146639793090079 1.3333925558198325 8.3450000000000042 1.5331971198921852 0.67749999999999988 -0.15165422123348862 0.11763224965882617 2.9999456250760885
decision_type=2 2 2 2 2 2 2 2 2
left_child=5 2 3 -2 -3 6 -1 -7 -9
right_child=1 4 -4 -5 -6 7 -8 8 -10
leaf_value=0.0029237365640157552 -0.00080835672108771643 0.0023421962054868293 -0.0023874720842802242 -7.4235982685486759e-05 0.00031698038250376837 -0.00094957286681377894 0.00012948162243210665 3.4989704725890057e-05 0.0016015411578800471
leaf_weight=72.931970447301865 1134.5443825423717 130.12014186382294 149.24842071533203 2811.9256843626499 192.59043863415718 329.11044636368752 122.8266379237175 26030.645841658115 107.17516106367111
leaf_count=102 1695 204 224 3994 317 510 188 39220 198
internal_value=-2.60729e-06 -0.000252825 -0.000368188 -0.000288119 0.00117376 3.84986e-05 0.00124012 2.91402e-05 4.19178e-05
internal_weight=31081.1 4418.43 4095.72 3946.47 322.711 26662.7 195.759 26466.9 26137.8
internal_count=46652 6434 5913 5689 521 40218 290 39928 39418
is_linear=0
shrinkage=0.02


Tree=525
num_leaves=8
num_cat=0
split_feature=19 44 24 43 44 44 50
split_gain=1.38816 0.930495 0.90398 0.81635 1.28407 1.27277 0.734165
threshold=-4.5348623010301585 1.1177563810987052 0.18412854299775477 1.0000000180025095e-35 1.0806471161680156 1.0195110371693548 2.5500000000000003
decision_type=2 2 2 2 2 2 2
left_child=-1 3 -3 5 -5 -2 -4
right_child=1 2 6 4 -6 -7 -8
leaf_value=0.0014049919928557737 2.8913584100753932e-06 0.0023069283497570672 3.3701479406037805e-05 -0.00016094900272268026 -0.0010332057049374128 0.0014639194259034982 0.00071574121920632647
leaf_weight=272.34640955924988 1578.5681238472462 70.143447488546371 17229.397986203432 10283.570870608091 727.25683718919754 281.92412322759628 656.05917179584503
leaf_count=382 2427 134 25468 15793 1099 420 923
internal_value=-1.07746e-05 -2.36972e-05 6.89487e-05 -0.000153706 -0.000219646 0.000230987 5.93558e-05
internal_weight=31099.3 30826.9 17955.6 12871.3 11010.8 1860.49 17885.5
internal_count=46646 46264 26525 19739 16892 2847 26391
is_linear=0
shrinkage=0.02


Tree=526
num_leaves=7
num_cat=0
split_feature=19 44 24 31 50 44
split_gain=1.33353 0.893773 0.869116 0.735961 0.705126 0.694139
threshold=-4.5348623010301585 1.1177563810987052 0.18412854299775477 2.0101229035110681 2.5500000000000003 1.0806471161680156
decision_type=2 2 2 2 2 2
left_child=-1 3 -3 5 -4 -2
right_child=1 2 4 -5 -6 -7
leaf_value=0.0013770970158050438 -0.0001393268049237542 0.0022620688111412504 3.3027538042763901e-05 0.00063029029676760315 0.00070146991643755738 -0.00074356433978785979
leaf_weight=272.34640955924988 11590.029122948647 70.143447488546371 17229.397986203432 457.9098736345768 656.05917179584503 823.380958288908
leaf_count=382 17699 134 25468 800 923 1240
internal_value=-1.05209e-05 -2.3193e-05 6.75988e-05 -0.000150616 5.81815e-05 -0.000180325
internal_weight=31099.3 30826.9 17955.6 12871.3 17885.5 12413.4
internal_count=46646 46264 26525 19739 26391 18939
is_linear=0
shrinkage=0.02


Tree=527
num_leaves=9
num_cat=0
split_feature=19 22 44 27 40 40 40 27
split_gain=1.28106 1.30325 1.31753 1.24661 1.1838 1.26598 0.897941 0.736262
threshold=-4.5348623010301585 -1.6361144505744976 1.1177563810987052 0.503511619561957 -0.20862390415114127 -0.28615042448992095 0.11234328322962121 0.98937765913252196
decision_type=2 2 2 2 2 2 2 2
left_child=-1 4 3 -3 5 -2 -4 -6
right_child=1 2 6 -5 7 -7 -8 -9
leaf_value=0.0013497558610023747 -0.000296900781240264 7.9093737900562346e-05 0.00023338625528365183 -0.00033324296334349274 -2.1655181113122202e-05 -0.0025172088286837414 -0.00010295958150738229 -0.00072012829083656013
leaf_weight=272.34640955924988 228.31736531853676 5497.0925005078316 11522.821521192789 6208.8658172190189 1934.4853891730309 204.93573978543282 4333.4464620649815 896.95576509833336
leaf_count=382 354 8552 17004 9397 2924 301 6414 1318
internal_value=-1.02795e-05 -2.27061e-05 2.17157e-05 -0.000138776 -0.000400582 -0.00137686 0.000140832 -0.000246802
internal_weight=31099.3 30826.9 27562.2 11706 3264.69 433.253 15856.3 2831.44
internal_count=46646 46264 41367 17949 4897 655 23418 4242
is_linear=0
shrinkage=0.02


Tree=528
num_leaves=9
num_cat=0
split_feature=31 46 15 2 46 2 46 2
split_gain=0.67225 0.935766 0.656234 0.825877 0.85138 0.64706 0.590973 0.562508
threshold=2.5868351285869244 1.3166666666666669 23.102652948081236 36.941083333333339 2.4722222222222228 39.532916666666672 0.38750000000000007 19.341583333333336
decision_type=2 2 2 2 2 2 2 2
left_child=2 7 5 4 -4 6 -1 -2
right_child=1 -3 3 -5 -6 -7 -8 -9
leaf_value=-0.00046949231999891323 -0.0011884671101547411 0.0030263027567438618 0.0019690341498625401 -0.00084619072398874355 0 -0.0016823663315219325 -6.2553195536313599e-06 0.0014239992228012313
leaf_weight=1145.1943781077862 62.936196357011795 67.46714386343956 216.07228329777718 97.273756682872772 154.56863903999329 92.631479620933533 29199.22381106019 63.899281889200211
leaf_count=1830 115 123 335 154 230 132 43604 123
internal_value=-1.00897e-05 0.00115584 -1.78179e-05 0.000723044 0.00116405 -2.95826e-05 -2.40971e-05 5.17403e-05
internal_weight=31099.3 194.303 30905 467.915 370.641 30437 30344.4 126.835
internal_count=46646 361 46285 719 565 45566 45434 238
is_linear=0
shrinkage=0.02


Tree=529
num_leaves=12
num_cat=0
split_feature=22 44 34 43 27 27 27 34 34 34 34
split_gain=0.857017 1.26862 1.06455 0.89332 0.875218 1.29522 1.28024 0.83171 0.69392 0.565153 0.55963
threshold=-1.6047928378755081 1.151055361359768 0.060386914375932056 1.5500000000000003 0.503511619561957 0.44687034029379741 0.96358728756940415 0.34050852468357556 0.36288832018019751 1.5241515419650449 0.29283569883616478
decision_type=2 2 2 2 2 2 2 2 2 2 2
left_child=7 4 -3 -4 5 -2 -6 10 -9 -10 -1
right_child=1 2 3 -5 6 -7 -8 8 9 -11 -12
leaf_value=-8.8360371775878787e-05 -8.0146942847769098e-05 -0.0017755743971759029 0.00018198418525717768 -0.0012965101737993394 -0.00038832148534445078 0.00070984616919147938 0.00040996359044477262 -0.0021171994991918417 -0.00055946781563478792 0.00067662591296341812 0.0010407973296561786
leaf_weight=1248.635069578886 4608.3053918480873 111.09418132901192 14924.466395497322 161.75278455018997 5784.3306427001953 1007.5776638388634 919.7730840742588 109.2376554608345 1871.394983291626 151.84276452660561 200.85635322332382
leaf_count=1919 7206 196 21987 227 8719 1531 1428 158 2743 234 298
internal_value=-9.88868e-06 2.76659e-05 0.000150222 0.000165299 -0.000122701 6.00125e-05 -0.00027722 -0.000301034 -0.000552605 -0.000461185 6.24363e-05
internal_weight=31099.3 27517.3 15197.3 15086.2 12320 5615.88 6704.1 3581.97 2132.48 2023.24 1449.49
internal_count=46646 41294 22410 22214 18884 8737 10147 5352 3135 2977 2217
is_linear=0
shrinkage=0.02


Tree=530
num_leaves=8
num_cat=0
split_feature=4 4 36 40 4 21 23
split_gain=0.938739 1.57472 1.28789 1.26617 0.887573 1.24431 0.622349
threshold=30.158512544947559 28.978042302889538 1.5277777777777779 0.31680437376815312 29.124107141160987 0.90902545423887271 1.0000000180025095e-35
decision_type=2 2 2 2 2 2 2
left_child=1 2 3 -1 -3 -6 -2
right_child=6 4 -4 -5 5 -7 -8
leaf_value=-6.7327858230366156e-05 -0.0011279781852931898 -0.0028121148709830683 -0.001844786125955759 0.0018330892194287089 -0.0015950334151893788 6.7353108613171546e-06 7.6566167435408256e-05
leaf_weight=3919.5923906564713 169.76960089802742 99.256965100765228 155.11849755048752 143.434510409832 362.912781894207 387.94763350486755 25855.041728824377
leaf_count=5968 264 153 231 214 565 575 38683
internal_value=1.94425e-05 -0.000229072 -6.80754e-05 0 -0.00101414 -0.000756344 6.82382e-05
internal_weight=31093.1 5068.26 4218.15 4063.03 850.117 750.86 26024.8
internal_count=46653 7706 6413 6182 1293 1140 38947
is_linear=0
shrinkage=0.02


Tree=531
num_leaves=12
num_cat=0
split_feature=35 23 27 27 21 23 23 21 12 12 12
split_gain=0.681698 1.05757 1.67154 0.824357 0.747392 0.992934 1.44917 0.700345 0.676961 0.646232 0.63404
threshold=1.0000000180025095e-35 0.44418939301367194 1.2382249663056377 0.32948646320056485 0.89162941191983858 1.1325188992017075 1.1859111459792191 1.0830439798806257 20.624768811575503 20.04409021188221 19.688574726264992
decision_type=2 2 2 2 2 2 2 2 2 2 2
left_child=4 2 3 -2 10 7 -7 -6 9 -3 -1
right_child=1 8 -4 -5 5 6 -8 -9 -10 -11 -12
leaf_value=-0.00036965442388125352 0.00039461946651595875 -3.9047205819250947e-06 -0.0032840792275749286 -0.00063703546372943592 0.00067286469375450037 -0.001466832113304157 0.00015854440260734993 7.3264962180471306e-05 -0.0010621801250433982 0.00054002723707870497 0.0011743755648884098
leaf_weight=1177.4590117633343 407.84303656220436 21779.100115567446 81.852757185697556 1163.2102057933807 2530.6991838812828 262.49196380376816 1255.0335304141045 1183.2008748948574 232.61051189899445 906.91062662005424 112.66229045391083
leaf_count=1808 635 32693 119 1721 3765 399 1911 1759 357 1305 181
internal_value=1.90272e-05 -2.8866e-05 -0.000517206 -0.000362701 0.000200963 0.000308083 -0.000117583 0.000484673 5.95921e-06 1.74448e-05 -0.000225471
internal_weight=31093.1 24571.5 1652.91 1571.05 6521.55 5231.43 1517.53 3713.9 22918.6 22686 1290.12
internal_count=46653 36830 2475 2356 9823 7834 2310 5524 34355 33998 1989
is_linear=0
shrinkage=0.02


Tree=532
num_leaves=8
num_cat=0
split_feature=4 4 12 46 50 21 23
split_gain=0.890128 1.51589 1.18694 0.973203 1.23915 0.625394 0.59813
threshold=30.158512544947559 28.978042302889538 17.507044415520728 0.73214285714285732 1.9500000000000002 0.90071560918398919 1.0000000180025095e-35
decision_type=2 2 2 2 2 2 2
left_child=1 3 -3 -1 -5 -4 -2
right_child=6 2 5 4 -6 -7 -8
leaf_value=0.0004374078880111606 -0.0011065133424273269 -0.0029550528518980106 -0.0013203232162999534 -0.00039061487148908197 0.00089265625495194738 -0.00012410062756588143 7.4330784192963063e-05
leaf_weight=1116.0290103554726 169.76960089802742 108.72301885485649 338.21912184357643 2770.2086848020554 331.90770345926285 403.17523980140686 25855.041728824377
leaf_count=1728 264 161 532 4172 513 600 38683
internal_value=1.86354e-05 -0.000223349 -0.000993612 -6.53452e-05 -0.000249604 -0.000685345 6.6159e-05
internal_weight=31093.1 5068.26 850.117 4218.15 3102.12 741.394 26024.8
internal_count=46653 7706 1293 6413 4685 1132 38947
is_linear=0
shrinkage=0.02


Tree=533
num_leaves=7
num_cat=0
split_feature=4 4 36 4 23 35
split_gain=0.855242 1.45815 1.24085 0.863316 0.574763 0.515535
threshold=30.158512544947559 28.978042302889538 1.5277777777777779 29.289169137433614 1.0000000180025095e-35 1.0000000180025095e-35
decision_type=2 2 2 2 2 2
left_child=1 2 -1 -3 5 -2
right_child=4 3 -4 -5 -6 -7
leaf_value=1.0464073533871446e-06 0 -0.0020869655811416371 -0.0018079804045884394 -0.00057947851272786106 7.2844279903423636e-05 -0.0021013220947434844
leaf_weight=4063.0269010663033 79.302930682897568 213.83861392736435 155.11849755048752 636.27876657247543 25855.041728824377 90.466670215129852
leaf_count=6182 126 325 231 968 38683 138
internal_value=1.82376e-05 -0.000218949 -6.39346e-05 -0.000974416 6.48266e-05 -0.00108464
internal_weight=31093.1 5068.26 4218.15 850.117 26024.8 169.77
internal_count=46653 7706 6413 1293 38947 264
is_linear=0
shrinkage=0.02


Tree=534
num_leaves=12
num_cat=0
split_feature=16 50 46 46 27 12 16 5 46 40 46
split_gain=0.721466 0.926279 1.27732 0.878515 0.857469 0.803223 0.717061 1.47077 0.623091 0.795226 0.520431
threshold=6.0900000000000025 2.5500000000000003 1.1339285714285716 2.8944444444444448 0.16278518499283942 20.508866821453982 6.0225000000000017 35.723133038257139 1.6833333333333336 -0.10668958310946389 1.5634920634920637
decision_type=2 2 2 2 2 2 2 2 2 2 2
left_child=6 4 -3 -4 -2 -6 8 -8 10 -10 -1
right_child=1 2 3 -5 5 -7 7 -9 9 -11 -12
leaf_value=-8.9889383816118624e-05 0.0010720397830527905 -0.0011814814700941683 0.0015596881517838139 -0.00021689479446902309 5.4092022450599488e-05 -0.00092762658434200184 -0.0036872191706921803 0.00014007103256376684 -0.0016870287235228071 -0.00018031050905000125 0.00087089377564535933
leaf_weight=7597.3442333638668 324.79422223567963 105.2238450050354 470.41321942210197 132.74808391928673 21093.258499652147 335.90022653341293 66.460302323102951 85.478606104850769 219.26353931427002 433.17179465293884 229.01753631234169
leaf_count=11551 533 162 670 175 31548 509 102 128 312 620 343
internal_value=1.78503e-05 7.78516e-05 0.000789583 0.00115274 5.4145e-05 3.81519e-05 -0.000137132 -0.00149524 -0.000111269 -0.000705561 -6.02819e-05
internal_weight=31093.1 22462.3 708.385 603.161 21754 21429.2 8630.74 151.939 8478.8 652.435 7826.36
internal_count=46653 33597 1007 845 32590 32057 13056 230 12826 932 11894
is_linear=0
shrinkage=0.02


Tree=535
num_leaves=14
num_cat=0
split_feature=33 14 2 51 22 22 12 2 2 50 14 2 2
split_gain=1.07052 1.7673 2.09452 1.87168 1.54446 1.31238 1.47813 0.902053 1.50268 1.22825 1.12715 0.839327 0.527726
threshold=0.19999999999999998 11.500000000000002 29.035333333333337 0.35000000000000003 0.27095154710138836 -2.8960111257956211 16.642802263935025 14.780648148148151 14.49601851851852 2.5500000000000003 7.5000000000000009 37.888750000000009 33.059559523809533
decision_type=2 2 2 2 2 2 2 2 2 2 2 2 2
left_child=1 5 4 -4 -3 12 -7 8 10 11 -2 -9 -1
right_child=7 2 3 -5 -6 6 -8 9 -10 -11 -12 -13 -14
leaf_value=0.0026079887223868408 -0.0015515469284182557 0.00070848021798355953 -0.0018519260141757056 0.00036524829620021917 -0.00074887390100348476 0.0018447544381717113 0.00019589662541464302 -0.0001448333083515649 0.0021271067865025893 0.00066351628316875663 0.00030993568005447178 -0.0014811024071637157 0.00030983577448927838
leaf_weight=132.3947865664959 138.90283647179604 722.79291000962257 533.3055374622345 202.35561177134514 480.70625829696655 222.34468832612038 9623.077609360218 16384.408624827862 169.22875669598579 749.77972003817558 1560.0252397656441 190.07308310270309 72.920590162277222
leaf_count=197 233 1003 762 281 667 327 14383 24833 251 1096 2388 288 111
internal_value=1.31212e-05 0.000161643 -0.000388783 -0.00122916 0.000117806 0.000268891 0.000234516 -7.91495e-05 0.000336727 -0.000124606 0.000150218 -0.000160938 0.00185087
internal_weight=31182.3 11989.9 1939.16 735.661 1203.5 10050.7 9845.42 19192.4 1868.16 17324.3 1698.93 16574.5 205.315
internal_count=46820 17731 2713 1043 1670 15018 14710 29089 2872 26217 2621 25121 308
is_linear=0
shrinkage=0.02


Tree=536
num_leaves=14
num_cat=0
split_feature=40 17 51 0 0 22 44 51 44 51 17 22 51
split_gain=0.917056 1.21721 1.37181 1.2067 1.34316 1.21044 0.878059 1.25242 1.38279 0.946617 1.02455 0.899172 0.832618
threshold=0.11234328322962121 2.7837692575707993 1.4500000000000004 28.776537492559413 27.530070794641368 -0.79279290751985154 1.2625952766388695 4.1633363423443376e-17 1.2072187724034327 -0.54999999999999993 1.3518545024590056 -1.0720833248707884 0.45000000000000001
decision_type=2 2 2 2 2 2 2 2 2 2 2 2 2
left_child=6 3 12 4 -2 -5 7 11 -9 -8 -11 -1 -3
right_child=1 2 -4 5 -6 -7 9 8 -10 10 -12 -13 -14
leaf_value=0.00095303175588572263 -0.00010670205322958915 -0.00035737660054070225 0.00056789085344826067 -0.00065995349637583292 -0.0013654165208558302 0.00087237710296629437 -0.0015592570383365545 -7.7519816346730938e-05 -0.00096580518252338923 0.00065297072273737169 0.00013365528266054717 0.00012863776076709377 -0.0015744256284491187
leaf_weight=684.71431317925453 3908.7592242658138 404.27783420681953 238.96110609173775 260.34815344214439 372.67285141348839 876.80689114332199 117.113082498312 9697.0969868600368 757.85769921541214 1854.0439361035824 8924.2588734328747 2494.3882923722267 591.01700863242149
leaf_count=991 5977 615 329 373 565 1303 183 15016 1118 2793 13054 3642 861
internal_value=1.28823e-05 -0.000194952 -0.000761991 -6.37121e-05 -0.000219187 0.000512234 6.96697e-05 -3.6679e-05 -0.000143038 0.00020365 0.000224018 0.000309827 -0.00109181
internal_weight=31182.3 6652.84 1234.26 5418.59 4281.43 1137.16 24529.5 13634.1 10455 10895.4 10778.3 3179.1 995.295
internal_count=46820 10023 1805 8218 6542 1676 36797 20767 16134 16030 15847 4633 1476
is_linear=0
shrinkage=0.02


Tree=537
num_leaves=11
num_cat=0
split_feature=40 21 18 17 17 17 34 44 34 22
split_gain=0.881259 1.59463 1.57294 1.201 1.00547 1.02803 0.898118 0.892181 2.30494 0.857237
threshold=0.11234328322962121 1.4148738136475414 2.9071135963906705 2.984493300479738 0.61899482280192097 0.8602729135868844 0.46644560312589822 1.297224603347493 0.17747926732058997 -0.080795741131855586
decision_type=2 2 2 2 2 2 2 2 2 2
left_child=1 7 4 -4 6 -6 -2 9 -9 -1
right_child=2 -3 3 -5 5 -7 -8 8 -10 -11
leaf_value=0.00010698904956636722 0.0029491084585182808 0.0019736417369093061 -0.0024413727166977552 -0.00058373705824796946 -0.0011073021749397102 -3.3729468887459935e-05 -1.6256813981916346e-05 -0.0011780304850227113 0.00026196407652891005 -0.00020461610090173274
leaf_weight=7017.0068687200546 80.566011786460876 172.7442099750042 177.39219644665718 759.84776243567467 383.3454498052597 5183.8089235126972 67.882725208997726 461.68776789307594 9813.2977211177349 7064.7366159558296
leaf_count=10608 122 270 271 1101 591 7836 102 746 14357 10816
internal_value=1.26011e-05 6.82751e-05 -0.000191129 -0.00095043 -6.4581e-05 -0.000109821 0.00154445 5.41903e-05 0.000196071 -4.86384e-05
internal_weight=31182.3 24529.5 6652.84 937.24 5715.6 5567.15 148.449 24356.7 10275 14081.7
internal_count=46820 36797 10023 1372 8651 8427 224 36527 15103 21424
is_linear=0
shrinkage=0.02


Tree=538
num_leaves=15
num_cat=0
split_feature=33 14 2 2 22 22 34 34 2 34 22 33 22 22
split_gain=1.02091 1.69627 2.00536 1.51039 1.47724 1.25601 1.03765 1.03596 1.32526 2.31507 0.6674 0.600973 0.544583 0.543826
threshold=0.19999999999999998 11.500000000000002 29.035333333333337 31.443416666666668 -0.040555304191955695 -2.8960111257956211 0.83037083496848763 0.22110785003229727 14.780648148148151 0.37984819309210105 0.39323005204243794 0.55000000000000016 -1.3466465005019688 2.219362561335295
decision_type=2 2 2 2 2 2 2 2 2 2 2 2 2 2
left_child=1 5 4 -4 -3 -1 -7 10 9 -9 12 -10 -2 -12
right_child=7 2 3 -5 -6 6 -8 8 11 -11 13 -13 -14 -15
leaf_value=0.0018102153130587126 -2.2475278211525257e-05 0.00079421551387236905 -0.0024961353701049385 -0.00053561604607159168 -0.00060309129080319233 0.00016899086759166037 0.0009530999400395886 0.0019809922033436613 -0.0002108362119131873 3.4403674374193555e-05 0.00013710760770229062 5.5231117092282458e-05 -0.00071895762336344029 -0.00086471196859274745
leaf_weight=205.31537672877312 621.48336178064346 624.39601626992226 243.89558207988739 491.76556715369225 579.10315203666687 9109.4487887620926 735.97350892424583 358.1570251584053 5789.3448768258095 794.50276181101799 1294.5314903557301 8117.0050911307335 1959.9138057529926 257.47984808683395
leaf_count=308 985 868 346 697 802 13569 1141 512 8679 1209 2106 12021 3139 438
internal_value=1.23231e-05 0.000157371 -0.000381845 -0.00120415 0.000113675 0.000262456 0.000228802 -7.77773e-05 -1.1504e-07 0.000650296 -0.000358165 -5.48306e-05 -0.000555294 -2.3559e-05
internal_weight=31182.3 11989.9 1939.16 735.661 1203.5 10050.7 9845.42 19192.4 15059 1152.66 4133.41 13906.3 2581.4 1552.01
internal_count=46820 17731 2713 1043 1670 15018 14710 29089 22421 1721 6668 20700 4124 2544
is_linear=0
shrinkage=0.02


Tree=539
num_leaves=13
num_cat=0
split_feature=40 21 17 51 0 34 0 22 22 0 2 0
split_gain=0.850751 1.53117 1.12815 1.31501 1.15725 1.49525 1.29145 0.863117 1.17103 0.92899 0.82257 0.673141
threshold=0.11234328322962121 1.4148738136475414 2.7837692575707993 1.4500000000000004 28.776537492559413 1.9272749415117565 27.530070794641368 0.56687772363824307 0.52218673199375909 33.566293438810156 31.036833333333337 19.081189243259328
decision_type=2 2 2 2 2 2 2 2 2 2 2 2
left_child=1 7 4 10 6 -6 -2 8 -1 -9 -4 -3
right_child=2 11 3 -5 5 -7 -8 9 -10 -11 -12 -13
leaf_value=0.00011156683637472467 -0.00010360943111857427 0.0028681752162585008 0.00041445618782390774 0.00056770903286819353 0.00069676563677060425 -0.0022538237179690339 -0.0013379295210812498 -0.00020837539666366135 0.0014175795274739814 0.00043655228039811146 -0.0012747111327563688 9.9395444347655655e-05
leaf_weight=16377.342589348555 3908.7592242658138 110.09540992975235 122.0719675719738 238.96110609173775 1066.996541172266 70.158503413200378 372.67285141348839 6678.8334145843983 278.9490672647953 1021.6039024889469 873.22287526726723 62.648800045251846
leaf_count=24499 5977 170 178 329 1572 104 565 10148 406 1474 1298 100
internal_value=1.20773e-05 6.67848e-05 -0.00018809 -0.000734021 -6.16667e-05 0.000502309 -0.000213959 5.29746e-05 0.000134207 -0.000121425 -0.00105709 0.00193388
internal_weight=31182.3 24529.5 6652.84 1234.26 5418.59 1137.16 4281.43 24356.7 16656.3 7700.44 995.295 172.744
internal_count=46820 36797 10023 1805 8218 1676 6542 36527 24905 11622 1476 270
is_linear=0
shrinkage=0.02


Tree=540
num_leaves=15
num_cat=0
split_feature=31 31 12 31 12 22 12 15 15 0 12 15 15 40
split_gain=1.32916 1.30167 1.13907 2.3534 1.03159 1.02026 1.51387 1.01154 1.21439 0.913209 0.899134 0.799898 0.687798 0.630007
threshold=1.5935070778405025 2.0873959220203924 18.559911241264778 1.7779524063401329 18.84885264771771 0.5988882454887402 17.224103731504627 18.126263265018263 14.335997466179508 14.023495361475709 20.04409021188221 4.0300202105348673 8.9700856214953522 -0.16302998817830883
decision_type=2 2 2 2 2 2 2 2 2 2 2 2 2 2
left_child=4 2 3 -2 5 9 -7 8 -6 -1 -4 -3 -13 -9
right_child=1 11 10 -5 7 6 -8 13 -10 -11 -12 12 -14 -15
leaf_value=0.00078671692189692427 0.00077363239317532293 -0.0010305774750412786 -0.0014005696532047704 -0.0015328551064240636 0.00017283393968705492 0.00070862847339934326 -0.00043765064059418521 0.0023301099311298949 -0.00049349689038806401 -3.5502827445225842e-05 0.0005318686232262059 0.0012249155656374841 -0.00035125525848959336 0.00059834336361594691
leaf_weight=566.47277292609215 431.66508561372757 134.85623946785927 924.09490126371384 295.25982117652893 10129.86479690671 501.04443541169167 4874.76187941432 113.31562173366547 1218.8479472994804 10850.312356978655 98.452943414449692 318.91663384437561 155.20816919207573 432.78878358006477
leaf_count=872 634 225 1394 451 15236 741 7319 175 1723 16202 136 551 270 695
internal_value=-3.81787e-05 -0.000494378 -0.000772945 -0.000151125 -2.93156e-07 -0.000101575 -0.00032873 0.000141844 0.000100315 4.54859e-06 -0.00120408 0.000289427 0.000688634 0.000983118
internal_weight=31045.9 2358.45 1749.47 726.925 28687.4 16792.6 5375.81 11894.8 11348.7 11416.8 1022.55 608.981 474.125 546.104
internal_count=46624 3661 2615 1085 42963 25134 8060 17829 16959 17074 1530 1046 821 870
is_linear=0
shrinkage=0.02


Tree=541
num_leaves=12
num_cat=0
split_feature=32 17 40 0 32 12 12 8 43 40 43
split_gain=0.735438 1.20911 1.05778 1.16975 0.809852 0.852428 1.26111 0.847079 0.686129 0.641944 0.583221
threshold=1.6500000000000001 3.2000719657048751 -0.03971539269561284 33.286341848112123 1.5500000000000003 19.338957048606854 19.402656919210248 3.5000000000000004 0.19999999999999998 -0.011037720649288499 0.35000000000000003
decision_type=2 2 2 2 2 2 2 2 2 2 2
left_child=4 2 3 -2 5 7 -7 -1 -6 -4 -10
right_child=1 -3 9 -5 8 6 -8 -9 10 -11 -12
leaf_value=2.3241703080859733e-05 0.0008218537859585697 0.0013100753956583984 -0.0032440358633645484 -0.0019930463515877646 0.0026816557678786164 0.00097654206099568219 7.0045153691097701e-05 -0.00021835326083927728 -0.00069558860835278267 -0.0011209757310301793 0.00098466941252460592
leaf_weight=12159.391543895006 209.73845618963242 107.86024051904678 75.619088023900986 79.789220005273819 67.681651711463928 688.09469145536423 5910.8760152459145 10991.859504789114 111.98911491036415 382.26183432340622 260.70102715492249
leaf_count=18337 324 150 119 113 103 1041 8814 16505 166 571 381
internal_value=-3.73999e-05 -0.000615459 -0.000909436 3.45883e-06 -2.06532e-05 -3.36048e-05 0.000166351 -9.10409e-05 0.000827915 -0.00150593 0.000452065
internal_weight=31045.9 855.269 747.409 289.528 30190.6 29750.2 6598.97 23151.3 440.372 457.881 372.69
internal_count=46624 1277 1127 437 45347 44697 9855 34842 650 690 547
is_linear=0
shrinkage=0.02


Tree=542
num_leaves=12
num_cat=0
split_feature=34 12 20 30 20 20 20 17 17 20 12
split_gain=0.84303 1.52929 1.03296 1.5473 0.874375 0.818567 1.09923 1.08886 0.803828 0.615811 0.588279
threshold=0.086946287734703309 19.014097074994552 1.3756404157327717 0.0061573381924414005 1.8322209884386054 5.3447110436968517 4.9915709712567464 1.6691155391327974 1.392374755030575 -0.61699963853538609 18.241820909281344
decision_type=2 2 2 2 2 2 2 2 2 2 2
left_child=1 2 9 -4 -3 6 8 10 -2 -1 -7
right_child=5 4 3 -5 -6 7 -8 -9 -10 -11 -12
leaf_value=-0.00062607614522493639 0.00015767897958877315 0 0.0016666101092169831 -0.001213533023734778 0.0018318741697827805 0.0010519506583843894 0.0020028855006238937 -0.0030505812712481447 -7.4122196430111251e-05 -0.001619630597520507 -0.0010035472152359634
leaf_weight=588.67210820317268 8552.5583048164845 659.24085387587547 147.92430943250656 144.41905990242958 120.78166645765305 78.538183093070984 107.5648677945137 77.853846073150635 19894.671915262938 509.38094288110733 164.25633043050766
leaf_count=971 12833 1090 233 236 197 115 158 115 29632 797 247
internal_value=-3.66331e-05 -0.000416673 -0.000815768 0.000211253 0.000282196 -7.69423e-06 3.2754e-06 -0.00100953 -4.07431e-06 -0.00109818 -0.00029463
internal_weight=31045.9 2170.42 1390.4 292.343 780.023 28875.4 28554.8 320.648 28447.2 1098.05 242.795
internal_count=46624 3524 2237 469 1287 43100 42623 477 42465 1768 362
is_linear=0
shrinkage=0.02


Tree=543
num_leaves=13
num_cat=0
split_feature=22 22 34 32 15 22 34 20 1 20 43 40
split_gain=0.874721 1.50428 1.33572 1.37391 1.30988 1.21072 2.07708 1.39386 0.908716 0.914279 0.816106 0.5763
threshold=0.5988882454887402 0.68903266068296587 0.24209343366877165 1.6500000000000001 18.126263265018263 -1.2105997003404616 0.34050852468357556 -1.5065785189169618 37.095166666666678 0.055092078473052163 1.0500000000000003 0.17870895334601608
decision_type=2 2 2 2 2 2 2 2 2 2 2 2
left_child=2 11 3 4 -1 6 -4 -7 10 -10 -3 -2
right_child=1 8 5 -5 -6 7 -8 -9 9 -11 -12 -13
leaf_value=-0.00020376522527086068 -0.0013001150803206006 -0.00013112200545970797 0.0008389195682001674 -0.0021442740380890547 0.0017348295203223135 -0.00016840359572396746 -0.00036521051567627727 0.0003841895250327381 0.0014160810373744436 -7.322106164420059e-05 -0.001113824630052242 0.00025814286451768199
leaf_weight=5943.473956823349 616.7697449028492 8774.4710495769978 690.75268062949181 141.51243802905083 139.89841118454933 2329.6746147871017 3245.172517567873 8073.6391361355782 296.88649895787239 340.88682660460472 353.45020830631256 99.27430471777916
leaf_count=9175 918 13244 1044 230 201 3482 4762 11924 461 518 517 148
internal_value=-3.59043e-05 -0.000184751 3.94889e-05 -0.000204443 -0.000156985 0.000146094 -0.000151028 0.000259474 -0.000118611 0.000606685 -0.000170505 -0.00107003
internal_weight=31045.9 10481.7 20564.1 6224.88 6083.37 14339.2 3935.93 10403.3 9765.69 637.773 9127.92 716.044
internal_count=46624 15806 30818 9606 9376 21212 5806 15406 14740 979 13761 1066
is_linear=0
shrinkage=0.02


Tree=544
num_leaves=10
num_cat=0
split_feature=46 46 37 17 32 32 34 15 15
split_gain=0.826973 1.67354 1.36232 0.82012 1.73361 1.08525 0.76883 0.531118 0.54095
threshold=3.1180555555555558 3.3166666666666669 1.5458128604600454 3.1710963448222889 1.0500000000000003 1.6500000000000001 2.7344846369021023 14.335997466179508 12.478193690245275
decision_type=2 2 2 2 2 2 2 2 2
left_child=2 -2 3 5 -5 -1 -3 8 -4
right_child=1 6 7 4 -6 -7 -8 -9 -10
leaf_value=-4.9290936682478343e-05 -0.0023088070230348704 -0.00052044899303470196 0.00069318587623228662 -0.00019273106916047714 0.0011556223630092859 -0.00085581410331540104 0.001569882735638538 0 0.0021244660082062844
leaf_weight=27351.852446377277 190.40963363647461 293.34987437725067 505.76713398098946 837.91955932974815 682.35551854968071 684.29223898053169 90.32236459851265 260.0126965045929 149.58092188835144
leaf_count=41132 271 424 765 1255 980 1043 140 387 227
internal_value=-3.52002e-05 -0.000786374 -2.06694e-05 -4.45442e-05 0.000406614 -6.93925e-05 0 0.00073775 0.00104055
internal_weight=31045.9 574.082 30471.8 29556.4 1520.28 28036.1 383.672 915.361 655.348
internal_count=46624 835 45789 44410 2235 42175 564 1379 992
is_linear=0
shrinkage=0.02


Tree=545
num_leaves=13
num_cat=0
split_feature=4 3 3 22 14 37 17 45 5 5 30 30
split_gain=0.922561 0.966452 1.75323 1.39587 1.12161 1.10294 0.820907 0.899387 0.918169 0.549234 0.535673 0.701548
threshold=26.281514012395153 30.48215109377627 30.354715890312711 0.27095154710138836 15.500000000000002 0.55967718533024191 1.2207776536327861 0.36666666666666675 26.382258856271129 29.653599043941885 0.045247916490562007 -0.089180652801498131
decision_type=2 2 2 2 2 2 2 2 2 2 2 2
left_child=6 2 3 -2 5 -3 7 9 -9 -1 11 -8
right_child=1 4 -4 -5 -6 -7 10 8 -10 -11 -12 -13
leaf_value=-0.0018060094165793254 0.00081940110975784342 5.1986680938223484e-05 0.0029616832475595125 -0.00027596313977709989 0.0022451995106093281 -0.00022105177343745533 -0.001917375186125103 -0.00043117785792978931 0.00043311392976781363 0.00016143364469446147 -0.0028659066676637673 0.00066410562977644867
leaf_weight=220.27646636962891 942.8390220105648 17391.900539755821 102.3563404083252 897.39604905247688 84.040023028850555 8942.665455520153 89.207165122032166 1414.0365497171879 743.06830662488937 63.756671130657196 80.700814604759216 69.260447055101395
leaf_count=352 1388 26219 152 1351 112 13269 134 2152 1124 97 123 98
internal_value=-3.44028e-05 -5.19461e-07 0.000429433 0.000280096 -3.2543e-05 -4.03615e-05 -0.000388937 -0.000273698 -0.000128694 -0.00133138 -0.00151167 -0.000732571
internal_weight=31041.5 28361.2 1942.59 1840.24 26418.6 26334.6 2680.31 2441.14 2157.1 284.033 239.168 158.468
internal_count=46571 42491 2891 2739 39600 39488 4080 3725 3276 449 355 232
is_linear=0
shrinkage=0.02


Tree=546
num_leaves=15
num_cat=0
split_feature=8 5 5 36 1 22 30 50 1 5 46 46 30 1
split_gain=1.10191 1.55174 1.72683 1.47269 1.26559 1.91529 1.0507 1.21415 1.2138 0.922934 0.74832 0.658406 0.752641 0.656423
threshold=3.5000000000000004 25.096870928879749 45.57222495087094 0.89444444444444449 20.469000000000005 0.5519576561664673 -0.27362327517083412 0.8500000000000002 22.533666666666672 38.766292008483362 0.95000000000000007 1.9500000000000002 -0.19987956295753548 14.900166666666669
decision_type=2 2 2 2 2 2 2 2 2 2 2 2 2 2
left_child=3 11 9 6 13 -6 8 -8 -1 -3 -4 12 -2 -5
right_child=1 2 10 4 5 -7 7 -9 -10 -11 -12 -13 -14 -15
leaf_value=-0.0011665119314525512 0.00049277804543247314 -0.0001271424304530007 5.0599270135467267e-05 0 0.00031809015629347961 -0.00085245406706558019 -6.1996093803718571e-05 0.00035895143230910527 0.00011611207011721633 0.00026956104803946707 -0.00058308105782055569 0.00069085136975107517 -0.0015615162171042293 -0.0017355022346578703
leaf_weight=486.20281255245209 73.036575078964233 5728.093496799469 917.96674317121506 127.3259551525116 1405.8603166937828 919.85215973854065 4028.6080496311188 8328.7558459639549 715.12913623452187 3957.4027498364449 3400.2387852966785 66.249415427446365 542.88746976852417 343.89433905482292
leaf_count=735 112 8534 1428 194 2081 1355 6201 12459 1081 5868 5082 102 840 499
internal_value=-3.37021e-05 -0.000159669 -0.000113416 7.87989e-05 -0.000337723 -0.000140915 0.000165495 0.000220922 -0.000395757 3.39368e-05 -0.000446097 -0.00109143 -0.00130093 -0.00128324
internal_weight=31041.5 14685.9 14003.7 16355.6 2796.93 2325.71 13558.7 12357.4 1201.33 9685.5 4318.21 682.173 615.924 471.22
internal_count=46571 21966 20912 24605 4129 3436 20476 18660 1816 14402 6510 1054 952 693
is_linear=0
shrinkage=0.02


Tree=547
num_leaves=15
num_cat=0
split_feature=8 32 27 36 17 40 17 6 40 37 32 32 37 27
split_gain=1.05771 1.60582 1.36504 1.17334 1.1549 0.942067 2.07764 1.26583 0.909926 1.13544 1.12457 0.816278 0.935467 0.893262
threshold=3.5000000000000004 0.75000000000000011 0.77906296936094732 0.61250000000000016 3.3356991799618543 0.12898132695962727 3.018283610246399 2.5000000000000004 0.082272630529878862 0.51486800121943921 1.7500000000000002 0.65000000000000002 0.16675012600082115 0.24834524098976804
decision_type=2 2 2 2 2 2 2 2 2 2 2 2 2 2
left_child=1 11 5 4 -3 7 -7 -2 10 -10 -4 13 -13 -1
right_child=2 3 8 -5 -6 6 -8 -9 9 -11 -12 12 -14 -15
leaf_value=-0.0006475874362915292 -0.00015131538431952532 0.00039019374858894186 -0.00015827365127482116 -0.00011851624350482034 0.0020557406056844526 0.00070230214562419047 -0.0028025229983111781 0.00097727303712715667 -0.0013207488604528564 -0.00032598369923222931 -0.0019350908228532204 -0.0013485434646490243 -0.00022179909725330346 6.40114551034061e-05
leaf_weight=788.86563789844513 5806.7449501156807 5295.0074127018452 4982.1270154416561 1983.6947646737099 173.50658157467842 1269.55286064744 68.570364326238632 423.40846860408783 776.74291995167732 1212.6096628010273 146.11899349093437 402.18926823139191 1210.3730589151382 6501.9918910264969
leaf_count=1260 8817 7970 7318 2884 254 1964 100 628 1167 1756 216 598 1800 9839
internal_value=-3.30309e-05 7.71825e-05 -0.00015645 0.000294105 0.000445599 2.93288e-05 0.000511326 -7.27216e-05 -0.00035535 -0.000720348 -0.000211584 -0.000103285 -0.000510336 -1.17683e-05
internal_weight=31041.5 16355.6 14685.9 7452.21 5468.51 7568.28 1338.12 6230.15 7117.6 1989.35 5128.25 8903.42 1612.56 7290.86
internal_count=46571 24605 21966 11108 8224 11509 2064 9445 10457 2923 7534 13497 2398 11099
is_linear=0
shrinkage=0.02


Tree=548
num_leaves=15
num_cat=0
split_feature=8 36 17 23 27 3 1 22 4 4 12 3 14 12
split_gain=1.01613 1.39445 1.50456 1.53637 1.31164 1.23121 1.21469 1.83987 1.09669 2.34907 1.04817 0.879349 0.879003 0.79198
threshold=3.5000000000000004 0.89444444444444449 3.3356991799618543 1.7593357140894221 0.77906296936094732 24.167767340255583 20.469000000000005 0.5519576561664673 46.107988659257408 44.792356022621469 19.360310112302635 43.016288227042317 10.500000000000002 18.731303174030351
decision_type=2 2 2 2 2 2 2 2 2 2 2 2 2 2
left_child=1 2 3 -1 5 -2 13 -8 9 -6 -7 -10 -4 -3
right_child=4 6 12 -5 8 10 7 -9 11 -11 -12 -13 -14 -15
leaf_value=9.175017381667173e-05 -0.0014644779660336214 -0.0020738609489532574 0.0024952528339927298 0.0013460020537558459 -0.00028710030322466634 -4.9817683735511589e-05 0.00031301543221755839 -0.00083422700967810651 -0.0022219907958105248 0.001419384002216587 0.00053023023782838082 -0.00057340228003755639 -2.3907593337864148e-06 -0.00037035301451557556
leaf_weight=12913.700534313917 212.00967389345169 237.72103279829025 170.38361060619354 402.61767256259918 4025.5822844803333 5776.6400683224201 1405.8603166937828 919.85215973854065 139.93014922738075 347.56931966543198 1579.6269014775753 2604.516838312149 71.994026899337769 233.49926140904427
leaf_count=19440 333 347 258 673 5910 8781 2081 1355 208 501 2395 3838 105 346
internal_value=-3.24023e-05 7.56149e-05 0.000159992 0.00013062 -0.000153376 2.87091e-05 -0.000329668 -0.000136766 -0.000348348 -0.0001486 7.34885e-05 -0.000662656 0.0017185 -0.001256
internal_weight=31041.5 16355.6 13558.7 13316.3 14685.9 7568.28 2796.93 2325.71 7117.6 4373.15 7356.27 2744.45 242.378 471.22
internal_count=46571 24605 20476 20113 21966 11509 4129 3436 10457 6411 11176 4046 363 693
is_linear=0
shrinkage=0.02


Tree=549
num_leaves=15
num_cat=0
split_feature=8 5 5 36 37 1 12 27 30 12 1 5 40 27
split_gain=0.976138 1.47391 1.61301 1.34009 1.54613 1.34674 1.14433 1.0568 1.01433 1.23616 1.16005 0.88874 0.880011 0.811131
threshold=3.5000000000000004 25.096870928879749 45.57222495087094 0.89444444444444449 0.79133505835399198 31.451833333333337 18.858067645117945 0.87257428800725034 -0.27362327517083412 18.16595900812737 22.533666666666672 38.766292008483362 -0.13770147993354656 0.69506555427045902
decision_type=2 2 2 2 2 2 2 2 2 2 2 2 2 2
left_child=3 6 11 8 7 -6 12 -5 10 -10 -1 -3 -2 -4
right_child=1 2 13 4 5 -7 -8 -9 9 -11 -12 -13 -14 -15
leaf_value=-0.001148066606139338 0.0010382880600974056 -0.00012088730295123824 0 -0.00057428799205034122 -0.00049182046232640754 0.00048808147940780709 -0.0025652132827989637 -0.0033714004655439216 -0.00010770428028585527 0.00033611197038980713 0.00010539524026483901 0.00026834915373802738 -0.00099146858638774057 -0.00060129516913645046
leaf_weight=486.20281255245209 100.66514232754707 5728.093496799469 1246.1564997732639 133.22854444384575 1741.9363489151001 817.25912553071976 156.98814696073532 104.50875174999237 3452.8803068697453 8904.4835887253284 715.12913623452187 3957.4027498364449 424.52017098665237 3072.0490286946297
leaf_count=735 155 8534 1958 199 2564 1214 246 152 5150 13510 1081 5868 653 4552
internal_value=-3.17693e-05 -0.000150343 -0.000105249 7.40927e-05 -0.000323188 -0.000174855 -0.00105839 -0.00186347 0.000156818 0.000211295 -0.00039466 3.71414e-05 -0.000580982 -0.000426807
internal_weight=31041.5 14685.9 14003.7 16355.6 2796.93 2559.2 682.173 237.737 13558.7 12357.4 1201.33 9685.5 525.185 4318.21
internal_count=46571 21966 20912 24605 4129 3778 1054 351 20476 18660 1816 14402 808 6510
is_linear=0
shrinkage=0.02


Tree=550
num_leaves=11
num_cat=0
split_feature=24 44 5 44 24 0 44 0 0 42
split_gain=1.00675 0.931467 1.62187 1.02152 0.675592 0.666308 1.44693 0.895836 0.875817 0.503414
threshold=0.7399929903377821 2.7130110744357121 42.46105059898894 2.499357752521179 0.66858403279862522 18.919489743124135 0.88967609733407171 18.750631869164042 19.081189243259328 0.25000000000000006
decision_type=2 2 2 2 2 2 2 2 2 2
left_child=1 3 -3 4 -1 7 -7 9 -8 -2
right_child=5 2 -4 -5 -6 6 8 -9 -10 -11
leaf_value=-3.1009824238660032e-05 -2.031985566868426e-05 0 -0.003877138216704718 0.0018958328338691524 -0.00040061582051221812 -0.0017080528485383048 -0.0020021194106631108 0.0026063933965161058 0.00012535558898343172 0.00075262013028446308
leaf_weight=12027.03703841567 564.43236741423607 109.39566287398338 69.172240614891052 101.65738970041275 2385.1404119729996 173.93093577027321 75.306522369384766 79.742681860923767 14729.133497536182 753.08147683739662
leaf_count=18465 875 174 118 159 3525 280 111 113 21659 1130
internal_value=2.32572e-05 -9.65392e-05 -0.00152717 -7.80408e-05 -9.29186e-05 0.000131349 9.15434e-05 0.000550173 0.000113589 0.00041438
internal_weight=31068 14692.4 178.568 14513.8 14412.2 16375.6 14978.4 1397.26 14804.4 1317.51
internal_count=46609 22441 292 22149 21990 24168 22050 2118 21770 2005
is_linear=0
shrinkage=0.02


Tree=551
num_leaves=11
num_cat=0
split_feature=1 32 44 5 1 2 2 1 1 5
split_gain=1.33468 1.41658 1.08398 1.06016 1.07982 1.0376 1.23161 0.779059 0.770002 0.732631
threshold=31.27416666666667 1.1500000000000001 2.499357752521179 35.213799761829286 36.500500000000009 33.574583333333344 32.792083333333345 32.307166666666681 29.602166666666665 28.712344873618505
decision_type=2 2 2 2 2 2 2 2 2 2
left_child=1 5 8 7 -5 6 -1 -2 -3 -9
right_child=3 2 -4 4 -6 -7 -8 9 -10 -11
leaf_value=-0.0001127724036877279 0.0018978136518351771 0.00058867032250264028 -0.0014469547359328061 0.00029168290272105766 -0.00028062956681617252 0.002105768895505422 -0.0020859737012889623 -0.00087564684686631438 -0.00034951199425327254 0.0008433049977654278
leaf_weight=19692.580039262772 234.94423866271973 2313.5511783957481 122.31390073895454 5775.9843659698963 1690.4223563671112 81.211604237556458 126.01038646697998 115.45835879445076 396.76146492362022 518.79233154654503
leaf_count=29502 356 3464 176 8691 2585 119 185 188 587 756
internal_value=2.27694e-05 -5.62565e-05 0.000361193 0.000239446 0.00016073 -0.000116211 -0.000126032 0.000902221 0.000447487 0.000512903
internal_weight=31068 22732.4 2832.63 8335.6 7466.41 19899.8 19818.6 869.195 2710.31 634.251
internal_count=46609 34033 4227 12576 11276 29806 29687 1300 4051 944
is_linear=0
shrinkage=0.02


Tree=552
num_leaves=12
num_cat=0
split_feature=1 1 50 1 1 24 24 15 24 15 1
split_gain=1.28248 1.04599 0.830381 1.75254 0.744954 0.726655 1.46187 0.713094 0.690111 0.674529 0.517303
threshold=31.451833333333337 31.611166666666666 0.45000000000000007 29.160833333333333 36.500500000000009 1.7537963095789042 1.4243126031923665 9.9598856176285242 0.63404972643017399 13.569395321394067 31.703166666666664
decision_type=2 2 2 2 2 2 2 2 2 2 2
left_child=2 7 3 8 10 6 -4 -2 -1 -9 -3
right_child=1 4 5 -5 -6 -7 -8 9 -10 -11 -12
leaf_value=-0.00055842039630105231 0 -0.0010112439950591666 -3.3989588476700796e-05 -0.0025027986249024914 -0.00015711584382362923 -0.0011194018628044413 0.00093542804250650968 0.0037990442788113209 0.000256490558451659 0.00094178348420244861 0.00033053454208319019
leaf_weight=1157.2014801204205 87.308652639389038 111.78927505016327 20164.92073366046 152.30495944619179 1792.6779114603996 234.38101065158844 639.94442301988602 70.914522081613541 627.10469278693199 86.169556260108948 5943.3130081892014
leaf_count=1768 134 174 30102 243 2732 375 944 106 962 124 8945
internal_value=2.23019e-05 0.000239018 -5.36053e-05 -0.000449887 0.000197214 -1.66139e-05 -3.60326e-06 0.00152831 -0.000266451 0.00232608 0.000303786
internal_weight=31068 8092.17 22975.9 1936.61 7847.78 21039.2 20804.9 244.393 1784.31 157.084 6055.1
internal_count=46609 12215 34394 2973 11851 31421 31046 364 2730 230 9119
is_linear=0
shrinkage=0.02


Tree=553
num_leaves=14
num_cat=0
split_feature=1 5 2 34 2 1 50 1 42 5 50 34 34
split_gain=1.23312 1.01689 1.07081 1.29991 0.947854 0.918595 1.46525 0.897794 0.929021 0.795811 0.751244 0.596925 0.51555
threshold=31.27416666666667 36.894772423491453 30.876166666666673 0.13485344293767829 28.853666666666673 29.340166666666665 0.45000000000000007 28.97483333333334 0.25000000000000006 35.936412663900022 1.2500000000000002 0.70745531905335779 1.4800446365992974
decision_type=2 2 2 2 2 2 2 2 2 2 2 2 2
left_child=5 4 11 -4 -2 7 -7 10 -9 -8 -1 -3 -6
right_child=1 2 3 -5 12 6 9 8 -10 -11 -12 -13 -14
leaf_value=-0.00012118460655386616 -0.00083678885815245923 0.0011065307524637461 -0.0010635023746136476 0.00012442099476958699 0.0011669292403101866 -0.0024757541493988155 0.00033555994601134042 -0.00041700679285407426 0.0014364417429849807 -0.00049001749618042946 0.00013726394678250273 -4.9992321940092354e-05 -0.00018318935679156271
leaf_weight=12613.590518981218 119.04543235898018 647.90519967675209 389.92482796311378 5960.8979025483131 879.33251503109932 129.01403698325157 598.35922187566757 148.21468418836594 332.17455342411995 1941.7219229638577 6969.3536356091499 223.58898460865021 114.90678915381432
leaf_count=18999 187 982 605 9003 1315 206 904 224 501 2889 10310 322 162
internal_value=2.18483e-05 0.000230127 0.000141599 4.95995e-05 0.000794189 -5.40976e-05 -0.000402591 -7.20238e-06 0.000844508 -0.000291494 -2.86904e-05 0.000798932 0.0010008
internal_weight=31068 8335.6 7222.32 6350.82 1113.28 22732.4 2669.1 20063.3 480.389 2540.08 19582.9 871.494 994.239
internal_count=46609 12576 10912 9608 1664 34033 3999 30034 725 3793 29309 1304 1477
is_linear=0
shrinkage=0.02


Tree=554
num_leaves=11
num_cat=0
split_feature=50 2 2 2 15 2 2 15 15 2
split_gain=1.00109 1.43657 0.946983 1.63725 1.3904 1.28952 1.06283 0.955972 0.665775 0.523176
threshold=0.45000000000000007 10.842430555555556 29.621416666666672 27.223000000000006 15.04732350245151 29.963249999999999 29.880833333333339 13.999106504000485 14.919838799115611 12.688250000000002
decision_type=2 2 2 2 2 2 2 2 2 2
left_child=1 -1 3 7 -5 6 -4 -2 -7 -3
right_child=2 9 5 4 -6 8 -8 -9 -10 -11
leaf_value=0.0024365829966229253 4.0417076575480355e-05 -0.0018293306548435046 0.00059538264225182929 -0.00057635758028295504 0.00082913445048696428 0.00031380950139041802 0.0027621972884028572 0.0017866736383114327 -2.2518197668628336e-05 -0.00039359985861129573
leaf_weight=67.219618022441864 15568.359081983566 109.8545508980751 338.42288836836815 2912.136504650116 304.42779937386513 5128.9732370972633 132.46235293149948 124.78321012854576 4253.9144677519798 2127.4765141606331
leaf_count=95 23288 168 506 4419 389 7811 195 173 6252 3313
internal_value=2.13903e-05 -0.000378973 5.38395e-05 -2.85371e-05 -0.000439797 0.000212911 0.00123517 5.51654e-05 0.000160291 -0.000470132
internal_weight=31068 2304.55 28763.5 18909.7 3216.56 9853.77 470.885 15693.1 9382.89 2237.33
internal_count=46609 3576 43033 28269 4808 14764 701 23461 14063 3481
is_linear=0
shrinkage=0.02


Tree=555
num_leaves=13
num_cat=0
split_feature=22 15 19 43 43 2 43 22 22 19 19 43
split_gain=1.08677 1.33657 1.35892 1.50865 1.26907 1.05603 0.881978 1.77973 1.10121 0.821229 0.737853 0.54971
threshold=1.7621489800880756 16.136299778949013 -0.80321828149818042 0.65000000000000013 0.45000000000000007 37.888750000000009 1.3500000000000003 -0.32372959540052898 1.668236241437451 1.4265741574378394 0.36199141075567814 0.25000000000000006
decision_type=2 2 2 2 2 2 2 2 2 2 2 2
left_child=5 2 -2 -4 9 6 8 -8 -1 -3 -6 -7
right_child=1 4 3 -5 10 11 7 -9 -10 -11 -12 -13
leaf_value=6.6338769641842622e-05 -0.0029576704091539732 0.00065010266305592901 -0.0006214013579745962 0.00065677364435642708 -0.0019560979862472795 0.00011084711698818949 0.00061658423893510509 -0.0019740216694495915 0.0011909254026917222 0.0028588667853649431 0.00014331007546239941 -0.0014368638989182142
leaf_weight=26325.761490374804 87.097516983747482 305.16061815619469 2407.5641791522503 427.29546159505844 94.267575919628143 117.73631203174591 180.2079019844532 238.99683585762978 352.29463225603104 93.389911144971848 195.16674473881721 284.82877200841904
leaf_count=39443 123 462 3718 649 137 183 267 352 533 150 281 421
internal_value=8.34747e-06 -0.00031743 -0.00050578 -0.000424891 0.00046717 5.14963e-05 6.69798e-05 -0.00083899 8.16524e-05 0.00120432 -0.000514877 -0.000961184
internal_weight=31109.8 3609.94 2921.96 2834.86 687.985 27499.8 27097.3 419.205 26678.1 398.551 289.434 402.565
internal_count=46719 5520 4490 4367 1030 41199 40595 619 39976 612 418 604
is_linear=0
shrinkage=0.02


Tree=556
num_leaves=14
num_cat=0
split_feature=22 16 27 42 22 2 22 51 22 42 2 27 2
split_gain=1.04321 1.19785 1.45631 1.12091 1.75062 1.29027 1.12907 0.803954 0.792429 0.781095 0.727655 0.572411 0.534841
threshold=1.7621489800880756 17.93000000000001 0.63067794722856996 1.3500000000000003 0.18834001706450373 37.888750000000009 1.668236241437451 2.0500000000000003 0.42314351391517985 0.25000000000000006 34.226000000000006 0.58143868242514984 28.365166666666671
decision_type=2 2 2 2 2 2 2 2 2 2 2 2 2
left_child=3 2 11 5 7 6 -1 -5 -6 -7 -4 -2 -3
right_child=1 12 10 4 8 9 -8 -9 -10 -11 -12 -13 -14
leaf_value=7.8657135963865169e-05 -9.6027473322513014e-05 0.0019673163371864599 -0.0010230206945993855 -0.00039154568562995746 -0.0032554716166330083 0.00032600422783844702 0.001230561983014892 0.0011131884767344954 -0.0010611116238403669 -0.0015976287835109107 0.00064989984416527805 0.0014156658858677609 0.00011212724471585209
leaf_weight=25670.121076494455 788.98276877403259 65.737377852201462 1517.6360195577145 439.9126253426075 90.023867428302765 107.11820775270462 344.41290590167046 205.73516443371773 354.26251024007797 288.23958691954613 102.84044849872589 111.7200021147728 1023.0253908932209
leaf_count=38534 1228 95 2308 617 124 168 523 306 502 425 158 171 1560
internal_value=8.18996e-06 -0.000310984 -0.000551467 5.04716e-05 -0.000576405 7.6763e-05 9.43853e-05 7.44531e-05 -0.00154075 -0.00105226 -0.000910018 8.31209e-05 0.00023671
internal_weight=31109.8 3609.94 2521.18 27499.8 1089.93 26409.9 26014.5 645.648 444.286 395.358 1620.48 900.703 1088.76
internal_count=46719 5520 3865 41199 1549 39650 39057 923 626 593 2466 1399 1655
is_linear=0
shrinkage=0.02


Tree=557
num_leaves=14
num_cat=0
split_feature=23 16 6 12 8 16 16 16 16 12 43 16 16
split_gain=1.06935 1.33454 0.984576 1.42397 0.921108 1.01557 0.861029 1.2528 1.05422 0.827126 0.769874 0.683284 0.652752
threshold=1.2768878672470192 5.363333333333336 5.5000000000000009 17.753074439189231 3.5000000000000004 7.6200000000000019 10.444999999999999 18.710000000000004 9.7225000000000019 19.985187174614584 1.0000000180025095e-35 4.8900000000000023 8.2225000000000037
decision_type=2 2 2 2 2 2 2 2 2 2 2 2 2
left_child=2 10 4 -4 12 -6 8 -8 -3 -5 -2 -12 -1
right_child=1 6 3 9 5 -7 7 -9 -10 -11 11 -13 -14
leaf_value=6.558147157079738e-05 0.00054886917628511357 -4.0108695177313443e-05 -0.0015417909689831447 -0.00024842101757456417 0.00019148182229321317 -0.00018080645355583895 -0.0005944478502932874 0.00045384696471287332 0.0011615056257126115 0.0015350213682730426 -0.0011060504507711501 -0.0032055888331350168 0.00036525174814892972
leaf_weight=5703.3878108263016 68.751313924789429 1790.7449202239513 344.30041855573654 1360.5459329783916 4994.0188063979149 7066.816932618618 2239.5101970434189 559.95755040645599 343.93674355745316 109.81633597612381 297.37306842207909 90.266804933547974 6140.3411163389683
leaf_count=8622 111 2758 478 1989 7458 10419 3505 905 511 160 491 144 9168
internal_value=8.03191e-06 -0.000247671 6.20289e-05 -0.000385744 9.64684e-05 -2.58182e-05 -0.000149411 -0.000381021 0.000149719 -0.000106526 -0.00128287 -0.00163456 0.000221824
internal_weight=31109.8 5390.54 25719.2 1814.66 23904.6 12060.8 4934.15 2799.47 2134.68 1470.36 456.391 387.64 11843.7
internal_count=46719 8425 38294 2627 35667 17877 7679 4410 3269 2149 746 635 17790
is_linear=0
shrinkage=0.02


Tree=558
num_leaves=15
num_cat=0
split_feature=23 16 19 19 16 6 12 19 15 19 15 42 22 12
split_gain=1.02715 1.28233 1.13165 1.88231 0.978007 0.945707 1.3679 1.34625 0.932246 1.41464 1.36962 0.913838 1.11114 0.666335
threshold=1.2768878672470192 5.363333333333336 0.90420464172705028 0.333719050704401 4.7100000000000026 5.5000000000000009 17.753074439189231 0.93713313792498287 6.9668703791250941 0.071349489284546722 7.5020879317092728 1.3500000000000003 -0.32372959540052898 18.814430360944211
decision_type=2 2 2 2 2 2 2 2 2 2 2 2 2 2
left_child=5 2 3 -2 -4 11 -7 -8 9 -3 -10 13 -13 -1
right_child=1 8 4 -5 -6 6 7 -9 10 -11 -12 12 -14 -15
leaf_value=2.7230727564084373e-05 -0.0010540285363249285 -0.0010206114770750843 0.00092936974684619891 -0.0050813765307261083 -0.0019637631416036137 -0.001511133255324759 0.00021097999490764447 -0.0012412221941777051 -0.0015560975466088582 0.00045892075973695892 -0.00020667092866029032 0.00025471433878440414 -0.0010815550196319067 0.00024644473568723245
leaf_weight=13200.273072183132 194.21178439259529 306.10484755039215 127.16081964969635 64.292068719863892 70.726514518260956 344.30041855573654 1145.6053053736687 324.75696358084679 340.87651577591896 1533.9845016598701 2753.1835462450981 425.30440908670425 564.42739754915237 9714.5597873628139
leaf_count=19742 326 493 203 105 112 478 1675 474 508 2407 4271 601 793 14531
internal_value=7.8615e-06 -0.000242738 -0.00125754 -0.00212537 -6.39335e-05 6.07886e-05 -0.000378035 -0.000104225 -0.000146374 0.000206526 -0.000359478 9.45481e-05 -0.000497899 0.000120615
internal_weight=31109.8 5390.54 456.391 258.504 197.887 25719.2 1814.66 1470.36 4934.15 1840.09 3094.06 23904.6 989.732 22914.8
internal_count=46719 8425 746 431 315 38294 2627 2149 7679 2900 4779 35667 1394 34273
is_linear=0
shrinkage=0.02


Tree=559
num_leaves=11
num_cat=0
split_feature=2 19 27 19 19 16 19 27 27 27
split_gain=0.679422 2.58005 1.28859 0.851195 0.742953 0.921859 0.91078 0.710816 0.65905 0.674778
threshold=37.888750000000009 0.97173515428922752 1.1108983131662067 1.4024943209339862 2.3553328423294855 1.0000000180025095e-35 2.3052574051390757 1.5412325332773358 0.18265854543324087 0.26219228428276797
decision_type=2 2 2 2 2 2 2 2 2 2
left_child=4 2 -2 -3 5 -1 -7 -4 -6 -10
right_child=1 3 7 -5 8 6 -8 -9 9 -11
leaf_value=0.0021266122848458725 -0.0030886062241974412 0.0029032560283669636 0.00072841632730684966 0 0.0012163597473549565 3.5417238114576731e-05 0.0018002682825128662 -0.0017406449373537395 -0.0022007684565441593 -0.00031000076321899473
leaf_weight=83.442592322826385 154.71366435289383 70.219740867614746 84.47873392701149 96.574614524841309 103.94849827885628 27868.025219857693 115.73812332749367 91.773564517498016 78.310056924819946 2362.5431433022022
leaf_count=122 237 102 130 149 174 41681 182 129 126 3687
internal_value=7.66238e-06 -0.000723287 -0.00175472 0.00126065 1.9921e-05 4.99032e-05 4.32019e-05 -0.000506215 -0.000306613 -0.000376508
internal_weight=31109.8 497.76 330.966 166.794 30612 28067.2 27983.8 176.252 2544.8 2440.85
internal_count=46719 747 496 251 45972 41985 41863 259 3987 3813
is_linear=0
shrinkage=0.02


Tree=560
num_leaves=11
num_cat=0
split_feature=51 2 21 2 2 21 21 21 21 21
split_gain=0.854195 0.724132 0.795583 1.45377 0.773964 0.691989 2.01029 0.792789 0.631398 0.547839
threshold=1.2500000000000002 36.460916666666677 1.1004957195166714 32.3705 36.064083333333343 0.86169794702719382 0.87242524429667911 0.90902545423887271 1.0073027428526984 0.82735290681733176
decision_type=2 2 2 2 2 2 2 2 2 2
left_child=1 2 4 -4 -1 9 -7 -8 -3 -2
right_child=5 8 3 -5 -6 6 7 -9 -10 -11
leaf_value=0.00010001381051500549 0 -0.00098933880597969919 -0.00024186988161426073 0.0011222422051784715 0.001168523546793893 -0.0037701060477736675 0.00074578922458625211 -0.00033311590140708329 0 0.0011729394014250672
leaf_weight=18254.595316082239 560.27016612887383 505.85340040922165 5135.0301652848721 328.8470393717289 275.37042644619942 65.105671674013138 281.50679937005043 4854.7068377733231 524.05201330780983 213.59897336363792
leaf_count=27597 876 792 7559 507 407 93 433 7161 785 326
internal_value=-1.99257e-05 3.10282e-05 5.37103e-05 -0.00015756 0.000116557 -0.00023493 -0.000318913 -0.00027177 -0.000486788 0.000316015
internal_weight=30998.9 25023.7 23993.8 5463.88 18530 5975.19 5201.32 5136.21 1029.91 773.869
internal_count=46536 37647 36070 8066 28004 8889 7687 7594 1577 1202
is_linear=0
shrinkage=0.02


Tree=561
num_leaves=10
num_cat=0
split_feature=42 2 42 2 2 24 24 2 24
split_gain=0.685858 1.22278 0.787107 1.1427 0.725719 1.22458 1.01337 0.839507 0.62884
threshold=1.5500000000000003 26.667250000000006 1.8500000000000003 19.038416666666667 14.780648148148151 0.23121676103569247 0.10959485817001702 17.148770833333337 0.54065556945542004
decision_type=2 2 2 2 2 2 2 2 2
left_child=4 2 3 -2 5 -1 -6 -8 -7
right_child=1 -3 -4 -5 6 8 7 -9 -10
leaf_value=-0.00069379457803004502 -0.00017566485564735637 0.00014955959357756482 -0.00034346468875507709 -0.0035383778776844179 0.0018188877495316372 0.000792356791692012 -0.000402974064335146 -8.7252864099426666e-06 7.8311031204922072e-05
leaf_weight=392.99748429656029 70.751819342374802 364.72692856192589 154.8262385725975 119.20951554179192 115.23977765440941 1277.9791784584522 2366.9238483011723 25278.579953432083 857.70206505060196
leaf_count=686 102 496 218 175 237 1860 3543 37960 1259
internal_value=-1.95205e-05 -0.000633412 -0.00148659 -0.0023529 -4.7694e-06 0.000319075 -3.46489e-05 -4.28681e-05 0.000510611
internal_weight=30998.9 709.515 344.788 189.961 30289.4 2528.68 27760.7 27645.5 2135.68
internal_count=46536 991 495 277 45545 3805 41740 41503 3119
is_linear=0
shrinkage=0.02


Tree=562
num_leaves=8
num_cat=0
split_feature=41 2 27 2 21 2 27
split_gain=0.72829 0.666155 1.70397 0.887958 0.771092 1.37298 1.2184
threshold=2.8628360912496853 14.780648148148151 0.26219228428276797 11.286964285714287 1.0733866923264139 33.763416666666679 0.77489324222281741
decision_type=2 2 2 2 2 2 2
left_child=1 2 -1 -4 6 -6 -3
right_child=-2 4 3 -5 5 -7 -8
leaf_value=-0.00050590473323609473 0.0014487297584852914 0.00017616363234801609 -0.00041632435752201013 0.00080537333843764495 -0.00029308492345158548 0.00078370134694518161 -0.00013315172154842645
leaf_weight=757.89601999521255 132.38104513287544 9503.9771488010883 268.58911880850792 1539.0236754417419 7334.0983492732048 500.04599580168724 10962.925455957651
leaf_count=1189 244 14678 393 2270 10823 737 16202
internal_value=-1.91395e-05 -2.58524e-05 0.00028199 0.000618058 -5.41298e-05 -0.000222896 9.99608e-06
internal_weight=30998.9 30866.6 2565.51 1807.61 28301 7834.14 20466.9
internal_count=46536 46292 3852 2663 42440 11560 30880
is_linear=0
shrinkage=0.02


Tree=563
num_leaves=11
num_cat=0
split_feature=27 21 2 40 2 21 21 27 2 21
split_gain=0.595037 1.35073 0.935225 0.980241 0.860697 0.797691 0.703617 0.791871 0.697762 0.670751
threshold=0.77489324222281741 1.0934260720122861 14.190083333333336 -0.46012791514524604 26.667250000000006 1.1104634725902767 1.0898531664112652 0.69933824937671096 12.463386243386244 1.1004957195166714
decision_type=2 2 2 2 2 2 2 2 2 2
left_child=1 6 8 -4 -5 9 7 -1 -2 -3
right_child=2 5 3 4 -6 -7 -8 -9 -10 -11
leaf_value=9.0591667944801778e-05 -0.00024371947821068908 -0.00012824651519145928 0.0019130367659529269 -0.0003527516754548328 -2.9374738093116161e-05 -0.00012102600802443346 0.0015868452948620477 0.00056722409272385178 0.0020745482830557822 -0.0014874803293560845
leaf_weight=10006.62472012639 72.114260882139206 279.85422319173813 90.710538864135742 5105.169304817915 9485.2197135686874 3703.5082703530788 139.41570779681206 1637.0581837296486 133.42439520359039 345.83749067783356
leaf_count=15472 107 415 139 7445 14037 5512 211 2482 200 516
internal_value=-1.87479e-05 6.50854e-05 -0.000110152 -0.000129597 -0.000143242 -0.000235965 0.000176563 0.000158549 0.00121848 -0.000897811
internal_weight=30998.9 16112.3 14886.6 14681.1 14590.4 4329.2 11783.1 11643.7 205.539 625.692
internal_count=46536 24608 21928 21621 21482 6443 18165 17954 307 931
is_linear=0
shrinkage=0.02


Tree=564
num_leaves=9
num_cat=0
split_feature=41 23 27 27 47 27 27 47
split_gain=0.699388 0.712694 1.0117 0.65362 0.651931 0.862952 0.588586 0.501132
threshold=2.8628360912496853 1.1536095416329217 0.63465131198575364 0.44687034029379741 0.76053771975031637 0.11106484872592386 0.70317238449066177 1.0410383681007984
decision_type=2 2 2 2 2 2 2 2
left_child=1 2 3 -1 5 -3 -4 -6
right_child=-2 4 6 -5 7 -7 -8 -9
leaf_value=4.2875222002448792e-05 0.0014200744891705197 0.0013072402189989042 -0.00044706745121006697 0.00038905975521602999 0.00022659523893013737 -0.00069071248234681419 -2.7328962822823151e-05 -0.00018698869638789542
leaf_weight=4956.1761500537395 132.38104513287544 87.16079169511795 1513.9992064535618 4002.474931538105 1465.8802982866764 1389.19217222929 11915.184414088726 5536.4877997338772
leaf_count=7602 244 150 2263 5988 2266 2195 17364 8464
internal_value=-1.83679e-05 -2.49527e-05 3.38156e-05 0.000198709 -0.000181279 -0.000564384 -7.54541e-05 -9.89411e-05
internal_weight=30998.9 30866.6 22387.8 8958.65 8478.72 1476.35 13429.2 7002.37
internal_count=46536 46292 33217 13590 13075 2345 19627 10730
is_linear=0
shrinkage=0.02


Tree=565
num_leaves=12
num_cat=0
split_feature=42 23 23 40 13 15 23 18 15 40 18
split_gain=0.893067 0.963974 1.12513 0.81853 0.926376 0.775646 1.13601 0.92366 0.657279 1.09413 0.95914
threshold=0.95000000000000007 1.4049815265743468 1.5331971198921852 -0.46012791514524604 0.36061524618027457 10.227285156364845 0.88906243774095683 1.2338980573606457 21.723153682571041 0.040030083842375351 3.082549726681663
decision_type=2 2 2 2 2 2 2 2 2 2 2
left_child=3 5 -3 4 -1 7 -7 -2 10 -10 -5
right_child=1 2 -4 8 -6 6 -8 -9 9 -11 -12
leaf_value=0.0031315509074373799 0.00045003447656075416 0.0029652680046503431 0.00019199727054553366 -5.1577665844512499e-05 -5.152905472361247e-05 0.0012371800599564602 0.00011445684803369386 -0.0005607377388820344 0.0013486316804541198 -0.00047140912398187723 -0.00052999776351331544
leaf_weight=66.272769421339035 598.79691433906555 111.04645016789436 139.44907119870186 25216.506793797016 65.843976259231567 535.34050285816193 1168.8829795718193 888.37303882837296 326.61479383707047 209.18628397583961 1801.9976688921452
leaf_count=101 877 175 222 38042 119 762 1668 1298 527 323 2624
internal_value=-2.37907e-05 0.000279419 0.00147476 -6.18633e-05 0.0014935 0.000181599 0.000474031 -0.000146986 -6.97917e-05 0.000620351 -8.38928e-05
internal_weight=31128.3 3441.89 250.496 27686.4 132.117 3191.39 1704.22 1487.17 27554.3 535.801 27018.5
internal_count=46738 5002 397 41736 220 4605 2430 2175 41516 850 40666
is_linear=0
shrinkage=0.02


Tree=566
num_leaves=14
num_cat=0
split_feature=12 31 35 30 16 16 30 30 35 31 30 44 16
split_gain=0.745844 2.1001 1.95629 1.17309 2.03634 1.36692 1.34683 1.32987 1.16791 0.847929 0.847869 1.22556 0.772858
threshold=18.698515773512984 1.613713355140509 2.3666666666666671 0.33628485884184256 13.700000000000005 18.060000000000006 0.46727830957953337 0.13257528087006107 1.0000000180025095e-35 0.97028049534975069 0.12468472604661522 0.70019453030559187 17.670000000000005
decision_type=2 2 2 2 2 2 2 2 2 2 2 2 2
left_child=3 2 8 5 6 12 -5 -7 -2 -6 -3 -12 -1
right_child=1 10 -4 4 9 7 -8 -9 -10 -11 11 -13 -14
leaf_value=-2.2595153490729603e-05 0.00026088704358595403 -0.0019283487810839823 0.0017072136759038656 0.0021412620832474989 -0.0021774705344718651 0.0009003319058771388 0.00013995846440540465 -0.00042727989653015288 -0.00018215443485782769 7.3162303318321606e-05 0.00053811734872292549 -0.0010708272012657943 -0.0015353769648743065
leaf_weight=12959.638869702816 3023.3197740614414 269.81588935852051 245.39900103211403 396.63248577713966 82.603107124567032 1230.5207300186157 220.27156162261963 386.88724797964096 10967.45583486557 285.08593702316284 252.49498954415321 673.33060532808304 134.85520970821381
leaf_count=19214 4652 436 390 585 127 1850 311 567 16508 423 450 1026 199
internal_value=-2.32856e-05 -0.000122256 -5.38345e-05 7.33821e-05 0.000741409 2.79001e-05 0.0014456 0.000576454 -8.56777e-05 -0.000414448 -0.000927131 -0.000621037 -3.91704e-05
internal_weight=31128.3 15431.8 14236.2 15696.5 984.593 14711.9 616.904 1617.41 13990.8 367.689 1195.64 925.826 13094.5
internal_count=46738 23462 21550 23276 1446 21830 896 2417 21160 550 1912 1476 19413
is_linear=0
shrinkage=0.02


Tree=567
num_leaves=14
num_cat=0
split_feature=42 12 31 35 30 30 30 23 23 12 33 12 30
split_gain=0.855362 1.09685 2.3038 1.50222 1.22035 1.08794 0.976004 0.929498 1.07713 0.969997 1.13402 1.1272 0.653487
threshold=0.95000000000000007 18.698515773512984 1.613713355140509 1.0000000180025095e-35 0.33628485884184256 0.41529743618751963 0.22672758583685251 1.4049815265743468 1.5331971198921852 18.384794576502689 1.0000000180025095e-35 16.642802263935025 0.092369390133473062
decision_type=2 2 2 2 2 2 2 2 2 2 2 2 2
left_child=1 4 3 -3 6 -6 -1 9 -9 11 -11 -2 -4
right_child=7 2 12 -5 5 -7 -8 8 -10 10 -12 -13 -14
leaf_value=6.523545855557152e-05 0.0021380453943060187 0.00028423311197595336 -0.0022791569255720128 -0.00023104053218022603 0.0015571027569229354 0.00013537978942877409 -0.00058223955516895076 0.0029064353753846584 0.0001908443094537398 0.0023910822299052525 0.00033350491587319774 -0.00039709024991422843 -0.00085021590025757213
leaf_weight=12022.059248179197 71.63782325387001 2929.0851865708828 163.6480567753315 9771.2898135185242 397.76065787672997 504.82820147275925 1006.6021715402603 111.04645016789436 139.44907119870186 114.4972040951252 1800.2759619355202 1204.9824463129044 891.14895024895668
leaf_count=17910 98 4505 268 14811 582 742 1486 175 222 181 2565 1761 1432
internal_value=-2.28155e-05 -6.00826e-05 -0.000186944 -0.00011139 6.44666e-05 0.000775029 1.4362e-05 0.000273917 0.00144778 0.000177799 0.000464125 -0.000243888 -0.00108527
internal_weight=31128.3 27686.4 13755.2 12700.4 13931.3 902.589 13028.7 3441.89 250.496 3191.39 1914.77 1276.62 1054.8
internal_count=46738 41736 21016 19316 20720 1324 19396 5002 397 4605 2746 1859 1700
is_linear=0
shrinkage=0.02


Tree=568
num_leaves=14
num_cat=0
split_feature=42 12 35 30 15 30 30 23 23 12 15 30 36
split_gain=0.822802 1.05382 1.32933 1.17295 1.73606 0.937437 0.936452 0.894107 1.03384 0.931636 1.1344 0.937815 0.769284
threshold=0.95000000000000007 18.698515773512984 1.0000000180025095e-35 0.33628485884184256 10.227285156364845 0.22672758583685251 -0.38932842218284536 1.4049815265743468 1.5331971198921852 18.384794576502689 19.615100196400089 -0.16992390252785403 0.41428571428571431
decision_type=2 2 2 2 2 2 2 2 2 2 2 2 2
left_child=1 3 12 5 -5 -1 -4 9 -9 10 -2 -11 -3
right_child=7 2 6 4 -6 -7 -8 8 -10 11 -12 -13 -14
leaf_value=6.3930971792535798e-05 -0.00045208548047262086 0.0002342170102700391 -0.0013580856768097757 0.00156834613585997 -0.00016979645754067551 -0.00057061786037761793 -0.00025711897014269315 0.0028493350542936834 0.00018708144838670206 -0.0004399971075091379 0.0014571034901335526 0.00067197369968958099 -0.0014156195390248735
leaf_weight=12022.059248179197 1140.5426354110241 3089.6991829276085 321.91591173410416 487.7551746070385 414.83368474245071 1006.6021715402603 10229.563474476337 111.04645016789436 139.44907119870186 364.22027793526649 136.07763415575027 1550.5528880953789 113.99343797564507
leaf_count=17910 1662 4774 507 710 614 1486 15562 175 222 517 197 2229 173
internal_value=-2.23198e-05 -5.88765e-05 -0.000183229 6.3195e-05 0.000759824 1.40579e-05 -0.000291907 0.000268701 0.0014201 0.000174362 -0.000238799 0.000455004 0.000171547
internal_weight=31128.3 27686.4 13755.2 13931.3 902.589 13028.7 10551.5 3441.89 250.496 3191.39 1276.62 1914.77 3203.69
internal_count=46738 41736 21016 20720 1324 19396 16069 5002 397 4605 1859 2746 4947
is_linear=0
shrinkage=0.02


Tree=569
num_leaves=12
num_cat=0
split_feature=15 12 12 12 18 31 12 30 30 30 31
split_gain=0.758712 0.919319 1.11058 0.979048 0.814091 1.33223 0.662742 0.626299 1.40129 0.653996 0.55962
threshold=21.723153682571041 18.475848601429544 18.252274250743667 19.127154411468762 3.082549726681663 1.6252470140697637 17.91627965741689 -0.10153818925496823 -0.082868711746806892 -0.12953639127225805 0.48088951432968086
decision_type=2 2 2 2 2 2 2 2 2 2 2
left_child=4 2 6 -3 7 10 -2 9 -9 -1 -6
right_child=1 3 -4 -5 5 -7 -8 8 -10 -11 -12
leaf_value=-7.065631987282557e-05 0.0012757273365038198 -0.0013082375016750824 0.003511410633452824 0.0011838365985304858 -0.00085164121912698542 -0.0031398134576360883 -0.00048305463848448676 0.00076720005024418045 1.201802625721345e-05 -0.00053225085311978592 -8.94050477956021e-05
leaf_weight=7243.1158488094807 260.44988694787025 156.38310545682907 69.057307541370392 100.10040864348412 565.74192202091217 68.949626922607422 115.96607857942581 1037.4092149734497 18699.125093609095 1497.0884684026241 1314.9242812395096
leaf_count=10863 403 250 104 162 833 100 174 1553 28165 2237 1894
internal_value=-2.18639e-05 0.000626472 0.00117849 -0.000295309 -3.71903e-05 -0.000432473 0.000707767 -9.74829e-06 5.22929e-05 -0.000150969 -0.000324674
internal_weight=31128.3 701.957 445.473 256.484 30426.4 1949.62 376.416 28476.7 19736.5 8740.2 1880.67
internal_count=46738 1093 681 412 45645 2827 577 42818 29718 13100 2727
is_linear=0
shrinkage=0.02


Tree=570
num_leaves=12
num_cat=0
split_feature=16 16 33 17 17 17 17 23 42 23 32
split_gain=1.08019 1.71825 0.984363 1.57136 1.39461 2.57182 0.938622 0.925211 0.919645 0.647456 0.636463
threshold=18.060000000000006 19.030000000000005 0.19999999999999998 0.64512468614572727 2.9635855139265534 2.9414997485696155 2.4945805838236015 0.95715096702588731 0.65000000000000002 0.87536113432991558 0.75000000000000011
decision_type=2 2 2 2 2 2 2 2 2 2 2
left_child=2 8 3 10 5 -4 -5 9 -2 -3 -1
right_child=1 7 4 6 -6 -7 -8 -9 -10 -11 -12
leaf_value=0.00089384387510722406 0.00075977178582132632 0 -9.1953205990744175e-05 0.00019722241451609743 -0.0008634104845688114 0.0033953921824613187 -0.00024079527897720714 -5.3186939683769424e-05 0.0024697437030472987 0.0016459857408023871 0.0032173012307578071
leaf_weight=163.39968091249466 449.50020635128021 144.1531280875206 16375.204642057419 7903.7229596674442 947.28880125284195 82.905962288379669 2582.4372000396252 1946.6315841972828 192.03521585464478 240.42760819196701 79.19068256020546
leaf_count=241 667 220 24904 11664 1355 118 3801 2976 266 357 108
internal_value=1.41252e-05 0.000376762 -2.38608e-05 0.000126359 -0.000117035 -7.33681e-05 8.83726e-05 0.000119371 0.00129325 0.00101443 0.0017133
internal_weight=31106.9 2972.75 28134.1 10728.8 17405.4 16458.1 10486.2 2331.21 641.535 384.581 242.59
internal_count=46677 4486 42191 15814 26377 25022 15465 3553 933 577 349
is_linear=0
shrinkage=0.02


Tree=571
num_leaves=11
num_cat=0
split_feature=16 16 4 50 19 50 20 33 33 19
split_gain=1.03776 1.65166 1.27089 1.26561 1.04633 0.975008 0.902642 0.889257 0.865467 0.752816
threshold=18.060000000000006 19.030000000000005 45.248019630598279 2.1500000000000008 0.34739081040530279 3.1500000000000008 4.1271819338291982 0.19999999999999998 0.65000000000000013 1.0450090732190482
decision_type=2 2 2 2 2 2 2 2 2 2
left_child=5 3 -3 9 -4 6 7 -1 -8 -2
right_child=1 2 4 -5 -6 -7 8 -9 -10 -11
leaf_value=0.00010720427515780978 0.0003782238360057598 -0.0017836471813993304 -0.00023969273675690777 0.0036487700458674387 0.00063105095757777063 -0.001897558527868743 0.00095128802681725567 -0.00012810499929384166 -0.0003998448916161365 0.0020047203508760472
leaf_weight=10417.382613509893 388.75571146607399 129.61583611369133 990.73042640089989 79.125190556049347 1210.8660579621792 108.68207916617393 701.79070964455605 16660.060304373503 246.23422208428383 173.65452018380165
leaf_count=15365 566 194 1492 106 1867 151 1044 25262 369 261
internal_value=1.38657e-05 0.000369313 0.000116866 0.0012679 0.000234812 -2.33601e-05 -1.56004e-05 -3.7205e-05 0.000589724 0.000903476
internal_weight=31106.9 2972.75 2331.21 641.535 2201.6 28134.1 28025.5 27077.4 948.025 562.41
internal_count=46677 4486 3553 933 3359 42191 42040 40627 1413 827
is_linear=0
shrinkage=0.02


Tree=572
num_leaves=13
num_cat=0
split_feature=16 16 4 22 33 19 4 33 20 42 19 32
split_gain=0.997361 1.58928 1.22123 1.14942 1.40987 1.00519 0.9973 1.65435 0.961032 0.864655 1.33894 0.859251
threshold=18.060000000000006 19.030000000000005 45.248019630598279 2.2656042282809179 0.95000000000000007 0.34739081040530279 49.87114996927523 0.19999999999999998 2.4609865241516045 0.65000000000000002 1.0450090732190482 0.35000000000000003
decision_type=2 2 2 2 2 2 2 2 2 2 2 2
left_child=3 9 -3 6 11 -4 7 -1 -8 10 -2 -5
right_child=1 2 5 4 -6 -7 8 -9 -10 -11 -12 -13
leaf_value=0.00025400700125216373 0 -0.0017485162388247667 -0.00023490853589379414 -0.0014943974193970591 -0.0026982326386146274 0.00061845074032188571 -0.00051450907113778871 -8.4363211732211928e-05 0.0013882593808181725 0.0023846348010896964 0.0024021107569754431 -0.00010871138305899161
leaf_weight=9176.1756581664085 317.49730524420738 129.61583611369133 990.73042640089989 224.82044726610184 116.64378187060356 1210.8660579621792 2005.5555947721004 15555.080751955509 107.6649574637413 192.03521585464478 132.00290110707283 948.20873728394508
leaf_count=13461 464 194 1492 347 191 1867 2989 23576 163 266 203 1464
internal_value=1.35926e-05 0.000362056 0.000114334 -2.28949e-05 -0.000605716 0.000230032 4.7758e-06 4.07902e-05 -0.000411618 0.00124354 0.000725488 -0.000384891
internal_weight=31106.9 2972.75 2331.21 28134.1 1289.67 2201.6 26844.5 24731.3 2113.22 641.535 449.5 1173.03
internal_count=46677 4486 3553 42191 2002 3359 40189 37037 3152 933 667 1811
is_linear=0
shrinkage=0.02


Tree=573
num_leaves=15
num_cat=0
split_feature=33 23 17 42 19 27 17 17 27 50 23 44 27 44
split_gain=0.773576 1.40795 2.17732 1.98251 1.61999 1.19486 1.13263 2.21949 1.12107 1.08838 0.866842 2.06056 0.855811 0.60744
threshold=0.45000000000000007 0.8160421725029211 1.392374755030575 1.4500000000000002 -3.1032656210877207 0.44687034029379741 0.78248691152092709 0.84884771213600818 0.94226044411192433 0.75000000000000011 0.88906243774095683 0.30074258319790143 0.86830593375543474 0.84260096962393505
decision_type=2 2 2 2 2 2 2 2 2 2 2 2 2 2
left_child=5 2 12 -4 -3 10 9 -8 -6 -7 11 -1 -2 -12
right_child=1 4 3 -5 8 6 7 -9 -10 -11 13 -13 -14 -15
leaf_value=-0.0025268914746311255 0.0002954440584626134 0.0024945911814517885 -0.00093085147879150732 0.0016986571058350657 0.00017896870630483585 4.5698804321803898e-05 -0.0018862035472026134 0.00017863683880617068 -0.00029204902912825364 0.0019650184405826591 -0.00022516377972049698 0.00023518189610690292 -0.00094777524958299553 -0.0010030891026676242
leaf_weight=112.68673199415207 1558.0444466471672 104.18656304478645 2292.5378594398499 116.36777931451797 5597.9030409455299 226.67855367064476 208.75351542234421 13652.08362364769 3159.004118591547 272.96549889445305 1037.6687660515308 1810.076811850071 254.09383028745651 703.8465316593647
leaf_count=206 2416 150 3404 159 8576 339 304 20370 4618 376 1622 2692 379 1066
internal_value=1.33054e-05 -0.000103384 -0.000404121 -0.000798375 3.88049e-05 9.85538e-05 0.000181192 0.00014655 7.88217e-06 0.00111785 -0.000222502 6.56531e-05 0.000114758 -0.000546094
internal_weight=31106.9 13082.1 4221.04 2408.91 8861.09 18024.8 14360.5 13860.8 8756.91 499.644 3664.28 1922.76 1812.14 1741.52
internal_count=46677 19702 6358 3563 13344 26975 21389 20674 13194 715 5586 2898 2795 2688
is_linear=0
shrinkage=0.02


Tree=574
num_leaves=11
num_cat=0
split_feature=20 1 44 23 33 23 24 44 44 1
split_gain=0.911117 1.52631 0.841338 1.14214 0.835462 1.33316 1.00904 0.704761 1.68024 0.640751
threshold=4.1271819338291982 11.144722222222224 0.30074258319790143 0.83431615601114306 0.45000000000000007 0.8160421725029211 0.76199862594802248 1.3264749023211115 1.97590112377458 16.356833333333338
decision_type=2 2 2 2 2 2 2 2 2 2
left_child=2 -2 3 -1 6 -6 -4 -3 -9 -5
right_child=1 7 4 9 5 -7 -8 8 -10 -11
leaf_value=-0.0022508564815813502 0.0034508612167919845 0 -6.6977743762865267e-05 -0.0011804211641210397 -0.00041730675927041189 2.2799521008948759e-05 0.00023883008408794162 0.0021594269167151269 -0.0014237953743608494 0.0010479535482682304
leaf_weight=154.65437895059586 69.344477832317352 630.62972500920296 8039.7146413326263 93.744322508573532 4048.8609783947468 8474.4951144456863 9219.0477468371391 201.03778222203255 65.46712264418602 109.90138128399849
leaf_count=296 102 943 12036 167 6077 12729 13717 291 104 215
internal_value=1.30383e-05 0.000616957 -6.03474e-06 -0.000966854 5.253e-06 -0.000118734 9.58039e-05 0.000379598 0.00123791 0
internal_weight=31106.9 966.479 30140.4 358.3 29782.1 12523.4 17258.8 897.135 266.505 203.646
internal_count=46677 1440 45237 678 44559 18806 25753 1338 395 382
is_linear=0
shrinkage=0.02


Tree=575
num_leaves=8
num_cat=0
split_feature=32 17 3 3 3 36 36
split_gain=0.738129 0.623359 1.47629 1.4812 0.923082 0.785257 1.2145
threshold=2.1500000000000008 2.466831748314227 41.803778547153051 42.614943911331238 40.818127440894351 1.5857142857142861 1.3875000000000002
decision_type=2 2 2 2 2 2 2
left_child=1 5 4 -4 -3 6 -1
right_child=-2 2 3 -5 -6 -7 -8
leaf_value=5.8469958031072563e-05 -0.0018584718822011856 -0.00056850090598542773 0.0018083024385227415 -0.00011422369807797301 -0.0024869202067288845 0.0006607003249706119 -0.00099418101813338001
leaf_weight=21363.745804786682 83.267386227846146 336.69665628671646 161.21606308221817 7862.6890812814236 155.62173384428024 838.2897367477417 444.91746640205383
leaf_count=32321 126 449 230 11601 223 1277 647
internal_value=0 4.8896e-06 -0.000140608 -7.39094e-05 -0.00120275 6.00521e-05 3.64472e-05
internal_weight=31246.4 31163.2 8516.22 8023.91 492.318 22647 21808.7
internal_count=46874 46748 12503 11831 672 34245 32968
is_linear=0
shrinkage=0.02


Tree=576
num_leaves=8
num_cat=0
split_feature=32 31 2 31 31 31 24
split_gain=0.709565 0.623996 1.84911 1.41487 0.649515 0.619191 0.541068
threshold=2.1500000000000008 2.1237862865880301 14.350740740740742 1.7944740141344451 2.3716036019692637 1.8780229670833324 0.068587426900460255
decision_type=2 2 2 2 2 2 2
left_child=1 3 -3 6 -4 -5 -1
right_child=-2 2 4 5 -6 -7 -8
leaf_value=0.0013324097409496102 -0.0018221742251059831 -0.0025643455713823568 0.0018740109013255909 -0.0016386120984891134 0.00036904113573172303 -0.00041853306105422278 9.1634034032752857e-06
leaf_weight=122.29157149791718 83.267386227846146 59.518585503101349 227.57802876830101 263.63881048560143 273.00161132216454 541.25565925240517 29675.892275601625
leaf_count=253 126 92 379 395 502 831 44296
internal_value=0 4.77687e-06 0.0006653 -7.02797e-06 0.00107788 -0.000833628 1.50186e-05
internal_weight=31246.4 31163.2 560.098 30603.1 500.58 804.894 29798.2
internal_count=46874 46748 973 45775 881 1226 44549
is_linear=0
shrinkage=0.02


Tree=577
num_leaves=10
num_cat=0
split_feature=31 2 31 3 3 17 17 31 3
split_gain=0.649489 1.80065 1.34117 0.765937 1.25075 0.642809 1.07787 0.628822 0.602315
threshold=2.1237862865880301 14.350740740740742 1.7944740141344451 30.48215109377627 31.053214818026728 2.8826874499679462 2.2700083558059645 2.3716036019692637 28.661707788351141
decision_type=2 2 2 2 2 2 2 2 2
left_child=2 -2 3 8 -5 6 -4 -3 -1
right_child=1 7 5 4 -6 -7 -8 -9 -10
leaf_value=8.9895048750815483e-05 -0.002514725921554994 0.0018583474400559405 -0.00093117949740700227 -0.0010502865069411092 -1.0298570426830522e-05 -0.0024424591830033682 0.0011961149137664625 0.00037928255515434919 0.00062838666906826974
leaf_weight=2518.6958931088448 59.518585503101349 229.07536959648132 608.79543057084084 469.63907086849213 25609.815508663654 88.711356520652771 107.38768264651299 273.91170752048492 1280.8933236598969
leaf_count=3801 92 382 932 689 38280 128 166 504 1900
internal_value=0 0.000672029 -1.25741e-05 8.82265e-06 -2.94892e-05 -0.000817305 -0.000595837 0.00107739 0.000274293
internal_weight=31246.4 562.506 30683.9 29879 26079.5 804.894 716.183 502.987 3799.59
internal_count=46874 978 45896 44670 38969 1226 1098 886 5701
is_linear=0
shrinkage=0.02


Tree=578
num_leaves=12
num_cat=0
split_feature=31 31 3 3 31 36 3 36 31 36 36
split_gain=0.623739 1.2884 0.735957 1.20141 0.595595 0.928625 0.578235 0.544172 1.0787 0.652995 0.962367
threshold=2.1237862865880301 1.7944740141344451 30.48215109377627 31.053214818026728 1.8780229670833324 0.47222222222222227 28.661707788351141 0.58571428571428574 2.3716036019692637 0.23611111111111113 0.11805555555555557
decision_type=2 2 2 2 2 2 2 2 2 2 2
left_child=1 2 6 -4 5 -3 -1 9 -9 10 -2
right_child=7 4 3 -5 -6 -7 -8 8 -10 -11 -12
leaf_value=8.8098571130350704e-05 -0.00010821342340219494 -0.00044689909660440677 -0.0010293698732660849 -1.0092611268226182e-05 -0.00039381802575124656 -0.0029331802026149843 0.0006158385327783637 0.0031545040013256876 5.7271301299628538e-05 -0.00074323053856205714 0.0025661430142191349
leaf_weight=2518.6958931088448 125.82466194033623 147.86257016658783 469.63907086849213 25609.815508663654 541.25565925240517 115.7762403190136 1280.8933236598969 86.627532929182053 105.37090492248535 160.65367966890335 84.028883159160614
leaf_count=3801 211 224 689 38280 831 171 1900 139 190 283 155
internal_value=0 -1.23259e-05 8.63905e-06 -2.89087e-05 -0.000801067 -0.00159025 0.000268868 0.000658569 0.00152437 0.000177288 0.000929558
internal_weight=31246.4 30683.9 29879 26079.5 804.894 263.639 3799.59 562.506 191.998 370.507 209.854
internal_count=46874 45896 44670 38969 1226 395 5701 978 329 649 366
is_linear=0
shrinkage=0.02


Tree=579
num_leaves=6
num_cat=0
split_feature=32 17 3 3 3
split_gain=0.682107 0.592092 1.42084 1.42269 0.885859
threshold=2.1500000000000008 2.466831748314227 41.803778547153051 42.614943911331238 40.818127440894351
decision_type=2 2 2 2 2
left_child=1 -1 4 -4 -3
right_child=-2 2 3 -5 -6
leaf_value=5.8442220573777993e-05 -0.0017865805539557941 -0.0005570021600717638 0.0017729511041618339 -0.00011119697331135699 -0.0024375591159689351
leaf_weight=22646.953007936478 83.267386227846146 336.69665628671646 161.21606308221817 7862.6890812814236 155.62173384428024
leaf_count=34245 126 449 230 11601 223
internal_value=0 4.67292e-06 -0.00013712 -7.16624e-05 -0.00117913
internal_weight=31246.4 31163.2 8516.22 8023.91 492.318
internal_count=46874 46748 12503 11831 672
is_linear=0
shrinkage=0.02


Tree=580
num_leaves=9
num_cat=0
split_feature=43 20 30 16 50 30 30 20
split_gain=1.08874 1.18065 1.68233 0.89892 0.693805 1.53013 0.755525 0.642385
threshold=-0.34999999999999992 0.78277989777454071 -0.089180652801498131 1.0000000180025095e-35 1.4500000000000002 -0.51360491227287908 -0.15165422123348862 0.20518546466299978
decision_type=2 2 2 2 2 2 2 2
left_child=1 7 -3 -2 5 -5 -6 -1
right_child=3 2 -4 4 6 -7 -8 -9
leaf_value=0.0005712747120339125 0.0021221784009869127 -0.00024243622994237998 0.0030161344080036063 -0.0020616011723763625 0.00048804042887825981 -2.7716983093221115e-05 6.3102370823909807e-05 -0.0010694378841507315
leaf_weight=474.66132125258446 79.807025969028473 90.508015125989914 172.87960812449455 147.23289847373962 2208.8365348279476 20681.637586385012 7208.089224845171 114.63810321688652
leaf_count=718 118 132 257 238 3237 31326 10627 168
internal_value=4.74407e-05 0.000751855 0.00186532 2.72561e-05 2.12579e-05 -4.27705e-05 0.00016392 0.000232653
internal_weight=31178.3 852.687 263.388 30325.6 30245.8 20828.9 9416.93 589.299
internal_count=46821 1275 389 45546 45428 31564 13864 886
is_linear=0
shrinkage=0.02


Tree=581
num_leaves=14
num_cat=0
split_feature=4 4 19 4 16 43 17 43 4 43 19 27 16
split_gain=1.20685 1.93817 1.82136 1.93167 1.4725 1.15314 1.09396 1.08966 1.16439 1.07309 1.00599 0.941049 0.539344
threshold=30.019998773425918 33.242767554248239 2.6905298340759392 28.978042302889538 5.7225000000000019 -0.14999999999999988 1.6235169941398924 -0.54999999999999993 47.484619532964928 0.8500000000000002 -2.439020024018475 0.9944919209235108 7.1400000000000006
decision_type=2 2 2 2 2 2 2 2 2 2 2 2 2
left_child=2 5 3 10 -4 -2 -5 8 -3 -7 -1 -9 -6
right_child=1 7 4 6 12 9 -8 11 -10 -11 -12 -13 -14
leaf_value=-0.0012300038185051822 0.0027499869282260705 0.00037552961726460682 -0.00065431065593257731 -0.0015923154625721468 0.0037620413439098301 0.00039470422778858526 0.00098064291039437783 0.00011585507997305008 0.0032293970487686148 0.0018853872755780516 -6.9859612777590019e-05 -0.00015514247182392714 0.0013652811219927552
leaf_weight=326.67076355218887 97.067874878644943 202.71146610379219 105.66845908761024 617.91386687755585 64.430541425943375 2406.7691914141178 67.658690690994263 15572.343488901854 84.112938672304153 213.82992577552795 3644.4317175447941 7621.8361772894859 152.84521600604057
leaf_count=490 145 311 166 951 106 3592 91 23569 120 320 5543 11184 233
internal_value=4.64955e-05 0.000101015 -0.00023826 -0.000340825 0.00120289 0.000606732 -0.00132173 4.20114e-05 0.00126363 0.000521496 -0.000168383 2.63658e-05 0.00214945
internal_weight=31178.3 26198.7 4979.62 4656.68 322.944 2717.67 685.573 23481 286.824 2620.6 3971.1 23194.2 217.276
internal_count=46821 39241 7580 7075 505 4057 1042 35184 431 3912 6033 34753 339
is_linear=0
shrinkage=0.02


Tree=582
num_leaves=9
num_cat=0
split_feature=43 44 20 16 19 30 31 20
split_gain=1.01329 1.96142 1.50952 0.867822 0.861787 1.02878 0.956958 0.541459
threshold=-0.34999999999999992 2.3579042657909546 0.78277989777454071 1.0000000180025095e-35 3.8885557289332477 0.43081415346182611 1.5935070778405025 0.17740751992880982
decision_type=2 2 2 2 2 2 2 2
left_child=1 2 7 -2 6 -6 -5 -1
right_child=3 -3 -4 4 5 -7 -8 -9
leaf_value=0.00077556168756354139 0.0020844631055329564 -0.0019022961378780442 0.0023939753351679386 3.7208434280209342e-05 0.0011520530127666229 -0.0012600886712769563 -0.00040142954286398209 -0.00080148354900709019
leaf_weight=414.92003747820854 79.807025969028473 96.143173187971115 239.01821035146713 27545.191373437643 481.52631178498268 77.375402837991714 2141.7031564712524 102.60562670230865
leaf_count=620 118 157 347 41219 775 127 3307 151
internal_value=4.55992e-05 0.00072518 0.0010764 2.61146e-05 2.02154e-05 0.000796981 5.20202e-06 0.000441764
internal_weight=31178.3 852.687 756.544 30325.6 30245.8 558.902 29686.9 517.526
internal_count=46821 1275 1118 45546 45428 902 44526 771
is_linear=0
shrinkage=0.02


Tree=583
num_leaves=14
num_cat=0
split_feature=4 4 4 31 30 17 16 17 17 4 16 31 31
split_gain=1.16076 1.86365 1.56439 1.10621 1.32573 1.06003 1.56285 0.971346 1.39869 1.24242 0.910938 0.833814 1.06294
threshold=30.019998773425918 33.242767554248239 28.978042302889538 1.5935070778405025 0.11937610871764727 1.6333900575530731 8.5225000000000044 1.3830312907697906 1.4761592520462052 26.473071120572467 0.67749999999999988 1.8997357088765894 1.6758586318179176
decision_type=2 2 2 2 2 2 2 2 2 2 2 2 2
left_child=2 11 7 10 -5 6 -4 9 -9 -1 -3 12 -2
right_child=1 3 5 4 -6 -7 -8 8 -10 -11 -12 -13 -14
leaf_value=-0.00023435650985568734 0.00058500800993856953 0.0022390831035263453 -0.00084696501932091735 -0.0014681810684604225 -0.00013884870170239317 0.0012244393211859519 -0.0033993916938327741 -0.0025250071006238904 0 0.00053486666860163515 7.1525624053389019e-05 -0.0011480068002017777 0.0028706298644331778
leaf_weight=2649.8937874138355 2532.8327234387398 76.177330046892166 550.38951805233955 390.53978863358498 1370.8175821304321 66.275985062122345 120.92090353369713 151.36058524250984 214.14807417988777 1226.6304017007351 21643.469370156527 99.854548692703247 84.979719936847687
leaf_count=4065 3773 114 846 625 2118 89 191 232 317 1840 32327 155 129
internal_value=4.46899e-05 9.81644e-05 -0.000234568 4.0298e-05 -0.000440599 -0.00108454 -0.00133031 -8.3981e-05 -0.00106687 6.61718e-06 7.97937e-05 0.000594063 0.000665156
internal_weight=31178.3 26198.7 4979.62 23481 1761.36 737.586 671.31 4242.03 365.509 3876.52 21719.6 2717.67 2617.81
internal_count=46821 39241 7580 35184 2743 1126 1037 6454 549 5905 32441 4057 3902
is_linear=0
shrinkage=0.02


Tree=584
num_leaves=14
num_cat=0
split_feature=4 4 19 4 50 16 43 31 30 43 43 19 4
split_gain=1.11556 1.79003 1.74414 1.7921 1.51494 2.14043 1.10097 1.06312 1.27309 1.17967 1.03039 0.968971 0.886718
threshold=30.019998773425918 33.242767554248239 2.6905298340759392 28.978042302889538 1.2500000000000002 5.7225000000000019 -0.14999999999999988 1.5935070778405025 0.11937610871764727 -0.54999999999999993 0.8500000000000002 -2.439020024018475 29.289169137433614
decision_type=2 2 2 2 2 2 2 2 2 2 2 2 2
left_child=2 6 3 11 5 -4 -2 9 -9 -3 -8 -1 -5
right_child=1 7 4 12 -6 -7 10 8 -10 -11 -12 -13 -14
leaf_value=-0.001206089699675589 0.0026764240875573222 0.0013895418746379853 -0.0021942988364327311 -0.0024739940361987599 0.0034279367509344816 0.0017319521348008321 0.00037454961023487729 -0.0014389670668476277 -0.00013607578617720495 6.1130097909126166e-05 0.0018351591198889983 -6.7435193791510868e-05 -0.00080042051642725722
leaf_weight=326.67076355218887 97.067874878644943 269.6853629052639 83.569214552640915 186.16936230659485 86.29826831817627 153.07673364877701 2406.7691914141178 390.53978863358498 1370.8175821304321 21449.961337298155 213.82992577552795 3644.4317175447941 499.40319526195526
leaf_count=490 145 400 129 283 141 235 3592 625 2118 32041 320 5543 759
internal_value=4.37773e-05 9.62057e-05 -0.000229979 -0.000330387 0.00118021 0.000296762 0.000582216 3.94847e-05 -0.000431937 7.82113e-05 0.000498851 -0.00016418 -0.0012753
internal_weight=31178.3 26198.7 4979.62 4656.68 322.944 236.646 2717.67 23481 1761.36 21719.6 2620.6 3971.1 685.573
internal_count=46821 39241 7580 7075 505 364 4057 35184 2743 32441 3912 6033 1042
is_linear=0
shrinkage=0.02


Tree=585
num_leaves=12
num_cat=0
split_feature=27 27 37 19 41 41 41 41 36 19 36
split_gain=0.894417 1.84746 1.34373 1.03337 0.928839 1.03764 1.22158 1.03187 1.00031 0.782442 0.75482
threshold=0.43753566203771782 0.49926210037764446 1.2867801898201494 -0.33000026972665347 1.2040724459718255 0.88132066687157973 0.74682448089061981 1.3359220694811682 0.41428571428571431 3.8885557289332477 2.7638888888888893
decision_type=2 2 2 2 2 2 2 2 2 2 2
left_child=4 2 3 -2 5 6 -1 -6 -9 10 -3
right_child=1 9 -4 -5 7 -7 -8 8 -10 -11 -12
leaf_value=-0.00026834617956262587 0.00024678161794596388 -4.9954708183640231e-06 -0.0010927075768344234 0.0013226317084299988 0.0018715383534250636 -0.0011884173761065075 0.0013483489344233075 -0.001487060448139575 0.00047598216773715534 0.00088123064629573881 0.0015549377048917729
leaf_weight=4906.4776598513126 636.45916253328323 22521.622760087252 145.00452506542206 898.97818720340729 158.48573535680771 474.41331541538239 190.68179002404213 128.36365619301796 500.36501544713974 411.85118991136551 122.73633509874344
leaf_count=7624 956 33364 213 1366 248 707 298 199 812 671 194
internal_value=1.1795e-05 6.64842e-05 0.000706467 0.000884083 -0.000199336 -0.000291294 -0.0002054 0.000437921 5.59007e-05 1.93484e-05 3.15464e-06
internal_weight=31095.4 24736.7 1680.44 1535.44 6358.79 5571.57 5097.16 787.214 628.729 23056.2 22644.4
internal_count=46652 36764 2535 2322 9888 8629 7922 1259 1011 34229 33558
is_linear=0
shrinkage=0.02


Tree=586
num_leaves=8
num_cat=0
split_feature=51 36 37 37 36 30 37
split_gain=0.781165 0.793394 1.44258 0.935858 0.734417 0.578438 0.576296
threshold=-0.54999999999999993 0.58571428571428574 0.60698593054637062 0.40087493032315819 2.7071428571428577 0.25961622261029588 0.35520812491639492
decision_type=2 2 2 2 2 2 2
left_child=5 2 6 -3 -5 -1 -2
right_child=1 3 -4 4 -6 -7 -8
leaf_value=-0.00043975272598341186 1.8534759153363006e-06 0.0013688102146968831 0.001012937665134034 -0.00015836993502929016 0.0011905067581718842 -0.0024118928071910611 0.00025004759065889266
leaf_weight=599.21003606915474 13960.971985936165 164.82829028367996 671.23577952384949 10317.732882767916 160.49105489253998 68.472958117723465 5152.4963445961475
leaf_count=864 21153 256 1008 15298 255 95 7723
internal_value=1.15703e-05 2.67555e-05 0.000101922 -0.000112027 -0.000136532 -0.000663533 6.93025e-05
internal_weight=31095.4 30427.8 19784.7 10643.1 10478.2 667.683 19113.5
internal_count=46652 45693 29884 15809 15553 959 28876
is_linear=0
shrinkage=0.02


Tree=587
num_leaves=11
num_cat=0
split_feature=27 27 51 27 50 27 50 27 27 50
split_gain=0.858302 1.77484 0.90917 0.844914 0.74913 0.776526 0.742961 1.28444 0.659985 0.616454
threshold=0.43753566203771782 0.49926210037764446 -0.54999999999999993 0.42913996637157897 2.2500000000000004 0.472708083943983 1.8500000000000003 0.3452594600880135 0.12382555021018972 3.0500000000000003
decision_type=2 2 2 2 2 2 2 2 2 2
left_child=3 4 -3 6 5 -2 8 -8 -1 -4
right_child=1 2 9 -5 -6 -7 7 -9 -10 -11
leaf_value=0.00043564764687921117 0.00020098541235807175 -0.00084827017305149027 4.6483446902961681e-05 -0.0013300743047948676 0.0027163116724772183 0.0011058982871526479 -0.0001633500951473284 0.0017535393725441823 -0.00029302800037533678 -0.0012084903199805867
leaf_weight=540.30435931682587 923.91612979769707 470.92832008004189 22430.099365264177 252.26942291855812 70.923730552196503 685.60201445221901 371.94985437393188 214.41782069206238 4979.8457149863243 155.1825997531414
leaf_count=897 1398 676 33337 381 106 1031 592 326 7692 216
internal_value=1.13463e-05 6.49265e-05 1.87177e-05 -0.000195471 0.000692206 0.000593548 -0.000146542 0.000524183 -0.000219763 3.73116e-05
internal_weight=31095.4 24736.7 23056.2 6358.79 1680.44 1609.52 6106.52 586.368 5520.15 22585.3
internal_count=46652 36764 34229 9888 2535 2429 9507 918 8589 33553
is_linear=0
shrinkage=0.02


Tree=588
num_leaves=9
num_cat=0
split_feature=43 19 21 21 21 36 43 43
split_gain=0.865355 0.725738 0.894526 1.04459 0.673535 0.668709 1.25857 0.609424
threshold=1.8500000000000003 3.8885557289332477 1.04916200510661 1.1927955263157963 0.96455467987624099 0.58571428571428574 1.3500000000000003 1.0000000180025095e-35
decision_type=2 2 2 2 2 2 2 2
left_child=1 5 4 -4 -3 7 -7 -1
right_child=-2 2 3 -5 -6 6 -8 -9
leaf_value=0.0003427897728990839 0.0015906461353336746 0.00041335109910354629 -0.0011227148205287074 0.0014882319842993055 0.0023765954893553241 -0.00010624705249381184 -0.0016698253018683738 1.4841326826194045e-05
leaf_weight=2620.9260593652725 136.15494218468666 154.51254498958588 163.25914418697357 94.391766726970673 154.6325655579567 10272.231261223555 209.32543575763702 17290.005612194538
leaf_count=3939 192 256 243 145 263 15271 293 26050
internal_value=1.11225e-05 3.7507e-06 0.000711786 -0.000123572 0.00143646 -9.17057e-06 -0.000138739 5.85423e-05
internal_weight=31095.4 30959.3 566.796 257.651 309.145 30392.5 10481.6 19910.9
internal_count=46652 46460 907 388 519 45553 15564 29989
is_linear=0
shrinkage=0.02


Tree=589
num_leaves=9
num_cat=0
split_feature=43 27 27 41 41 41 21 51
split_gain=0.831559 0.819537 1.61304 1.03118 1.04818 1.00576 0.918674 0.865782
threshold=1.8500000000000003 0.43753566203771782 0.49926210037764446 1.2040724459718255 1.3359220694811682 0.88132066687157973 0.98233364943783885 -0.54999999999999993
decision_type=2 2 2 2 2 2 2 2
left_child=1 3 6 5 -5 -1 -3 -4
right_child=-2 2 7 4 -6 -7 -8 -9
leaf_value=-0.00021090081965352146 0.0015592936947730813 0.0012740459319421694 -0.00083409741646133884 0.0019278992297977976 8.9333558386726336e-05 -0.0011808539971222168 0.00028504729242485595 3.028149728687567e-05
leaf_weight=5083.3993650078773 136.15494218468666 614.70377606153488 470.92832008004189 157.15107923746109 625.07176724076271 472.56869196891785 1058.1423837840557 22477.319006621838
leaf_count=7903 192 933 676 246 1005 705 1591 33401
internal_value=1.09172e-05 3.68439e-06 5.6213e-05 -0.000198743 0.000475433 -0.000295596 0.000655523 1.20364e-05
internal_weight=31095.4 30959.3 24621.1 6338.19 782.223 5555.97 1672.85 22948.2
internal_count=46652 46460 36601 9859 1251 8608 2524 34077
is_linear=0
shrinkage=0.02


Tree=590
num_leaves=15
num_cat=0
split_feature=4 34 34 37 3 3 46 5 46 26 20 4 34 22
split_gain=0.988495 1.21823 1.17152 1.91587 1.43626 1.25641 1.12296 1.4037 1.15562 1.10742 1.05943 0.896742 0.752117 0.568004
threshold=31.246280023877734 1.1909437216833367 0.21563260988876889 0.26867971915215366 30.775857662636817 38.396957662719366 1.8452380952380956 36.566223175884282 1.3875000000000002 0.21111111111111114 -0.44283654306353343 22.912825970920021 0.17505822663627887 1.2379794766426715
decision_type=2 2 2 2 2 2 2 2 2 2 2 2 2 2
left_child=2 9 11 4 -4 -5 8 -8 -3 -2 -11 12 -1 -13
right_child=1 6 3 5 -6 -7 7 -9 -10 10 -12 13 -14 -15
leaf_value=0.00076071598918925841 -0.00055999796768062564 -0.00048840418780640986 0.0016330336946061208 -0.00019634534657799303 -0.00017644908819674927 -0.0026625168179695699 0.0014319804308706235 -2.2602885477679408e-05 0.0021960006159686923 -0.00018900936039514143 0.00012085098289710517 -0.00077067972982078651 -0.0013581025581830474 -0.0021516348990862143
leaf_weight=257.07905685901642 1331.8531202673912 76.109043687582016 415.46613165736198 3499.5600932836533 286.26572459936142 83.536814332008362 334.16591617465019 1199.8861394226551 265.50449746847153 6119.2042665779591 15730.426144391298 1197.8928024172783 86.764297991991043 143.45545852184296
leaf_count=438 2101 140 611 5232 441 147 490 1760 403 9223 23380 1842 134 233
internal_value=-1.56203e-05 3.91421e-05 -0.000247077 -6.86723e-05 0.000882257 -0.000258085 0.000529119 0.000289194 0.00156947 -1.13908e-07 3.36046e-05 -0.000694151 0.000192384 -0.000928799
internal_weight=31027.2 25057.1 5970.02 4284.83 701.732 3583.1 1875.67 1534.05 341.614 23181.5 21849.6 1685.19 343.843 1341.35
internal_count=46575 37497 9078 6431 1052 5379 2793 2250 543 34704 32603 2647 572 2075
is_linear=0
shrinkage=0.02


Tree=591
num_leaves=14
num_cat=0
split_feature=42 34 37 22 47 20 16 40 15 20 34 47 22
split_gain=0.973775 1.75872 2.58491 1.66452 1.41035 1.14684 1.30007 1.03983 1.34294 1.10304 1.02091 0.82802 0.820942
threshold=0.15000000000000005 0.53448771687660135 1.4159675832869303 -0.36496102946962189 0.56885560569933269 -0.11422555271990824 1.9666666666666675 -0.00043281777834014993 19.615100196400089 -0.90708026878513859 0.15000179802132654 0.60231492701399592 -1.7340003709115608
decision_type=2 2 2 2 2 2 2 2 2 2 2 2 2
left_child=1 4 3 -3 -1 7 12 8 -2 -9 -8 -6 -7
right_child=5 2 -4 -5 11 6 10 9 -10 -11 -12 -13 -14
leaf_value=-0.00075965473757745876 2.2240369316065614e-05 -0.00019276161124256899 0.0024802209997108935 -0.0019596098931077806 0.0015678872340808428 0.0033564007317398838 -0.00034483037797797565 -0.00010803566330706116 0.0022195709267120675 -0.00074418932901623811 0.00019416032089061253 1.1553375773356848e-05 0.00074329205375175695
leaf_weight=1019.4452933967113 5424.1188877224922 359.33609333634377 75.153667598962784 577.71979624032974 139.8401911854744 74.816269993782043 1572.6514690220356 3206.5708075761795 111.88298055529594 1688.1808234751225 12352.930982351303 4251.3905683457851 173.13167685270309
leaf_count=1565 8162 575 137 912 198 117 2506 4878 165 2536 18139 6437 248
internal_value=-1.53368e-05 -0.000234827 -0.00100011 -0.00129457 -8.94965e-05 4.15685e-05 0.000158996 -0.000117036 6.92398e-05 -0.000329699 0.000132532 6.40828e-05 0.00159233
internal_weight=31027.2 6422.89 1012.21 937.056 5410.68 24604.3 14173.5 10430.8 5536 4894.75 13925.6 4391.23 247.948
internal_count=46575 9824 1624 1487 8200 36751 21010 15741 8327 7414 20645 6635 365
is_linear=0
shrinkage=0.02


Tree=592
num_leaves=15
num_cat=0
split_feature=42 34 34 34 26 20 16 5 40 15 20 34 16 26
split_gain=0.93508 1.68911 1.7017 1.47153 1.22858 1.10147 1.25102 2.64988 0.999279 1.29572 1.0591 0.980645 0.763152 0.689468
threshold=0.15000000000000005 0.53448771687660135 0.77620447859546371 0.66184497145872412 0.2678571428571429 -0.11422555271990824 1.9666666666666675 33.784415315845429 -0.00043281777834014993 18.794385591090798 -0.90708026878513859 0.15000179802132654 5.610000000000003 0.38750000000000007
decision_type=2 2 2 2 2 2 2 2 2 2 2 2 2 2
left_child=1 4 3 -3 12 8 7 -7 9 -2 -10 -8 -1 -6
right_child=5 2 -4 -5 13 6 11 -9 10 -11 -12 -13 -14 -15
leaf_value=-0.00050125476755189988 1.5386403032161266e-05 -0.00094406499555612657 0.00012554691951347031 -0.0030874693256102144 0.00082104496421271645 -0.00030482255962264136 -0.00033794250700717982 0.0037547807452067063 -0.00010587630075640435 0.0019164420242489605 -0.00072932316593029526 0.0001902777353966562 -0.0023224114691148797 -6.2329089835431255e-05
leaf_weight=338.64301741123199 5390.2785519957542 475.78105765581131 348.32317206263542 188.10532745718956 380.98314052820206 132.39863568544388 1572.6514690220356 115.54931116104126 3206.5708075761795 145.72331628203392 1688.1808234751225 12352.930982351303 137.53184461593628 4553.5180503726006
leaf_count=533 8113 725 603 296 586 189 2506 176 4878 214 2536 18139 217 6864
internal_value=-1.50024e-05 -0.000230092 -0.000980092 -0.00157384 -8.76266e-05 4.07539e-05 0.000155841 0.00156194 -0.00011467 6.79073e-05 -0.000323153 0.000129867 -0.00105568 4.15377e-06
internal_weight=31027.2 6422.89 1012.21 663.886 5410.68 24604.3 14173.5 247.948 10430.8 5536 4894.75 13925.6 476.175 4934.5
internal_count=46575 9824 1624 1021 8200 36751 21010 365 15741 8327 7414 20645 750 7450
is_linear=0
shrinkage=0.02


Tree=593
num_leaves=15
num_cat=0
split_feature=42 34 23 34 34 47 23 20 3 40 3 20 3 34
split_gain=0.898732 1.62237 1.77113 1.63635 1.41251 1.3191 1.27434 1.05767 0.972421 0.960306 1.10603 1.01689 0.909831 0.845831
threshold=0.15000000000000005 0.53448771687660135 0.44418939301367194 0.77620447859546371 0.66184497145872412 1.1558916820626239 0.92208375618290062 -0.11422555271990824 25.747652862367932 -0.00043281777834014993 43.897309648574726 -0.90708026878513859 22.45603628668054 0.31055711269341607
decision_type=2 2 2 2 2 2 2 2 2 2 2 2 2 2
left_child=1 2 5 4 -3 -1 -5 9 12 10 -2 -11 -9 -4
right_child=7 3 13 6 -6 -7 -8 8 -10 11 -12 -13 -14 -15
leaf_value=-0.00071984904162376753 -0.00010737210284653538 -0.00092526273634378525 -0.00011230479527297017 0.0015838261988688055 -0.0030263695737609043 -0.0035858066864750382 -0.00085347145473020571 0.00075950239515972244 0.00018307132617577265 -0.00010376010242491073 0.00052137844303564731 -0.00071475395546409613 -0.0012913253166675876 0.000493622149416719
leaf_weight=543.74969720840454 3989.4251532554626 475.78105765581131 3554.8642702102661 143.1628820002079 188.10532745718956 74.583765715360641 205.16029006242752 108.51880711317062 13731.490213811398 3206.5708075761795 1546.5767150223255 1688.1808234751225 333.52137729525566 1237.4783197939396
leaf_count=815 5967 725 5367 243 296 115 360 170 20320 4878 2360 2536 520 1903
internal_value=-1.47172e-05 -0.000225589 -8.59262e-05 -0.000960644 -0.00154291 -0.00109211 0.00012305 3.99378e-05 0.00015272 -0.000112354 6.65993e-05 -0.000316738 -0.000764183 4.22125e-05
internal_weight=31027.2 6422.89 5410.68 1012.21 663.886 618.333 348.323 24604.3 14173.5 10430.8 5536 4894.75 442.04 4792.34
internal_count=46575 9824 8200 1624 1021 930 603 36751 21010 15741 8327 7414 690 7270
is_linear=0
shrinkage=0.02


Tree=594
num_leaves=15
num_cat=0
split_feature=4 44 34 51 37 34 44 21 34 34 47 4 21 20
split_gain=0.898267 1.17208 1.82437 1.56299 1.22098 1.14217 1.16878 1.95735 1.05794 1.03213 0.964374 0.946877 1.42597 1.3766
threshold=31.246280023877734 1.3800372523707047 0.20030876996015703 0.95000000000000018 0.27778137361012706 1.1909437216833367 1.8829595404618147 1.0864234228956378 1.4800446365992974 0.17747926732058997 1.5925260497656082 33.692710401269046 1.1253773559932128 -0.16889125433928232
decision_type=2 2 2 2 2 2 2 2 2 2 2 2 2 2
left_child=1 2 9 8 -4 11 10 -8 -3 -1 -7 12 -2 -13
right_child=5 3 4 -5 -6 6 7 -9 -10 -11 -12 13 -14 -15
leaf_value=-0.00037707033891614007 0.0001914584791707021 -0.00085693190321645899 0.00095220215305366412 0.00011302554361934928 0 0 0.00071780621158099456 -0.00086703016710704172 -0.0028098249639062303 -0.0018873647804471113 0.0027375021387949505 -0.0002759576531473382 0.0017374670707380798 6.9768402331296114e-05
leaf_weight=1242.962147384882 1685.4120603203773 1078.553858935833 747.22321090102196 668.87966692447662 1885.3871743083 85.076465904712677 1222.3962936401367 411.82617157697678 129.45146405696869 217.56285715103149 156.36666563153267 6740.9676678478718 280.88331404328346 14474.220489025116
leaf_count=1964 2515 1600 1110 995 2875 139 1825 599 200 334 230 10213 413 21563
internal_value=-1.44589e-05 -0.000235113 -4.26385e-05 -0.00064905 0.000269195 3.77289e-05 0.000512165 0.000311742 -0.00107877 -0.000611158 0.00181396 -2.68336e-07 0.000418926 -3.96278e-05
internal_weight=31027.2 5970.02 4093.14 1876.88 2632.61 25057.1 1875.67 1634.22 1208.01 1460.53 241.443 23181.5 1966.3 21215.2
internal_count=46575 9078 6283 2795 3985 37497 2793 2424 1800 2298 369 34704 2928 31776
is_linear=0
shrinkage=0.02


Tree=595
num_leaves=10
num_cat=0
split_feature=37 46 27 27 27 25 22 22 2
split_gain=1.10724 1.03256 1.59212 1.4053 1.03846 1.03491 0.991531 0.778366 0.547978
threshold=0.0019896142343955505 0.89444444444444449 0.37564121158114244 0.12382555021018972 0.72024735692589714 0.90000000000000013 0.58341303469278449 1.2379794766426715 23.954000000000004
decision_type=2 2 2 2 2 2 2 2 2
left_child=6 2 7 -3 -5 -4 8 -2 -1
right_child=1 3 5 4 -6 -7 -8 -9 -10
leaf_value=-0.00069679185189899643 -0.00022967808889068169 0.0022981739028532207 0.00056036329782019291 -0.00025047712701622093 4.3333590527838536e-05 -0.00041992834998989364 -0.0020706094712247538 0.0006766975000708185 0.0012039013357194501
leaf_weight=234.92030775547028 2865.2239530384541 100.52311223745346 4287.2785941064358 6952.2437364161015 15502.864964187145 465.54084348678589 185.64974075555801 431.22606879472733 77.576463848352432
leaf_count=394 4455 165 6452 10550 22845 689 307 678 123
internal_value=1.73487e-05 3.29162e-05 0.000227523 -3.61023e-05 -4.7201e-05 0.000462104 -0.000915394 -0.00010774 -0.000188498
internal_weight=31103 30604.9 8049.27 22555.6 22455.1 4752.82 498.147 3296.45 312.497
internal_count=46658 45834 12274 33560 33395 7141 824 5133 517
is_linear=0
shrinkage=0.02


Tree=596
num_leaves=10
num_cat=0
split_feature=12 12 27 3 22 22 3 3 14
split_gain=1.06072 1.12358 1.018 1.36808 0.988198 1.10763 0.953165 1.30106 1.04818
threshold=20.355079131834227 20.296858072678962 0.70317238449066177 39.408634498336404 0.90024144691655661 -0.43407882120206681 30.48215109377627 28.661707788351141 12.500000000000002
decision_type=2 2 2 2 2 2 2 2 2
left_child=1 6 3 -2 5 -4 7 -1 -8
right_child=2 -3 4 -5 -6 -7 8 -9 -10
leaf_value=3.0430477379763105e-05 0 -0.0019102942026622527 0.00060397189459211232 0.0025446966503108299 0.0015480632126463412 -0.0018749035732349593 -1.5052507839426296e-06 0.0007961428497778618 -0.00049245267682024828
leaf_weight=2625.5209391117096 130.81790781021118 120.82084664702415 140.49721246957779 212.14166632294655 123.25475126504898 136.59077000617981 24376.614191234112 1362.0749849677086 1874.7145147919655
leaf_count=3971 190 174 206 304 184 199 36820 2022 2588
internal_value=1.69967e-05 -9.73518e-07 0.000762431 0.00155995 5.00127e-05 -0.00058684 6.45041e-06 0.000294755 -3.69816e-05
internal_weight=31103 30359.7 743.302 342.96 400.343 277.088 30238.9 3987.6 26251.3
internal_count=46658 45575 1083 494 589 405 45401 5993 39408
is_linear=0
shrinkage=0.02


Tree=597
num_leaves=8
num_cat=0
split_feature=37 46 21 22 14 25 22
split_gain=1.06445 0.985917 1.10925 0.952622 0.886655 0.867327 0.852326
threshold=0.0019896142343955505 0.89444444444444449 1.4148738136475414 0.58341303469278449 14.500000000000002 2.7083333333333335 1.1966655891446651
decision_type=2 2 2 2 2 2 2
left_child=3 2 6 -1 5 -3 -2
right_child=1 4 -4 -5 -6 -7 -8
leaf_value=-0.00018468227213609234 0.0001036304460394719 -3.5430346925097981e-05 0.0023181683696576671 -0.0020303289114202263 -0.0015760154042141605 0.0014981045937817411 0.00067835035884728683
leaf_weight=312.49677160382271 6716.3951092064381 22262.669278353453 98.62016624212265 185.64974075555801 146.67251235246658 146.29002213478088 1234.2541839778423
leaf_count=517 10234 33153 150 307 199 208 1890
internal_value=1.6654e-05 3.19241e-05 0.000222089 -0.000897882 -3.55091e-05 -2.48401e-05 0.000194255
internal_weight=31103 30604.9 8049.27 498.147 22555.6 22409 7950.65
internal_count=46658 45834 12274 824 33560 33361 12124
is_linear=0
shrinkage=0.02


Tree=598
num_leaves=7
num_cat=0
split_feature=37 16 17 17 17 27
split_gain=1.02363 0.977672 0.869923 1.61036 1.06231 0.558491
threshold=0.0019896142343955505 0.67749999999999988 0.983883050741579 1.1626414016229349 0.95487134520076744 0.27004351815783617
decision_type=2 2 2 2 2 2
left_child=-1 5 4 -4 -3 -2
right_child=1 2 3 -5 -6 -7
leaf_value=-0.00088050164365132831 0.0029831765743039223 -0.00015170406547284645 0.00056405026758860315 1.3949745174274748e-05 -0.0013237469259702089 0.00056629809495069348
leaf_weight=498.14651235938072 64.09847155213356 3454.4792924523354 2336.1456782519817 24280.138782054186 342.41283392906189 127.62621402740479
leaf_count=824 96 5200 3559 36266 527 186
internal_value=1.63155e-05 3.1296e-05 2.19392e-05 6.26472e-05 -0.000260675 0.0014484
internal_weight=31103 30604.9 30413.2 26616.3 3796.89 191.725
internal_count=46658 45834 45552 39825 5727 282
is_linear=0
shrinkage=0.02


Tree=599
num_leaves=11
num_cat=0
split_feature=12 21 27 2 12 34 46 22 27 22
split_gain=1.01926 1.42605 1.4366 1.19224 1.08091 0.884218 0.895455 0.70352 0.693329 0.665854
threshold=20.355079131834227 1.0417550794733375 0.70317238449066177 24.758583333333338 20.296858072678962 0.017295853854374005 0.89444444444444449 0.79730624895081192 0.96887698411890233 -0.093778511745107485
decision_type=2 2 2 2 2 2 2 2 2 2
left_child=4 3 -3 9 5 -1 -7 -5 -4 -2
right_child=1 2 8 7 -6 6 -8 -9 -10 -11
leaf_value=-0.000963540353258982 0 0.0030166016446048732 -0.00087871615480623086 -0.0019326905197431996 -0.0018743149423916599 0.00020072246173718735 -4.7308843508345828e-05 0.00044848024868294464 0.0015169782384111732 0.0023838448579074278
leaf_weight=369.52467149496078 102.45781528949738 166.24808344244957 83.530270278453827 140.18824398517609 120.82084664702415 7909.6607737541199 21959.739184856415 66.130765676498413 102.0594140291214 82.687715172767639
leaf_count=636 148 237 125 209 174 12071 32694 102 142 120
internal_value=1.59915e-05 0.000746725 0.0016681 -6.02354e-05 -1.61784e-06 5.65738e-06 1.80461e-05 -0.00112448 0.000387543 0.00107163
internal_weight=31103 743.302 351.838 391.465 30359.7 30238.9 29869.4 206.319 185.59 185.146
internal_count=46658 1083 504 579 45575 45401 44765 311 267 268
is_linear=0
shrinkage=0.02


end of trees

feature_importances:
SB_Season=404
BLK_Season=367
MIN_L5=308
PACE_ROLLING=294
GAME_SCORE_CONSISTENCY=293
STL_STREAK=250
USAGE_VACUUM=247
MIN_L10=243
GAME_SCORE_STREAK=242
STL_Season=240
SB_L20=231
MIN_STREAK=224
OPP_SB_ALLOWED=209
USAGE_RATE_STREAK=205
GAME_SCORE_Season=198
BLK_L20=196
MIN_Season=194
GAME_SCORE_L5=182
BLK_STREAK=180
STL_L20=175
USAGE_RATE_CONSISTENCY=171
SB_L10=169
USAGE_RATE_Season=160
STAR_COUNT=142
USAGE_RATE_L5=140
BLK_L10=135
EXP_POSS=132
STL_CONSISTENCY=128
OPP_BLK_ALLOWED=125
OPP_SB_ALLOWED_DIFF=109
OPP_STL_ALLOWED=105
EXP_POSS_SEASON=101
OPP_BLK_ALLOWED_DIFF=98
OPP_STL_ALLOWED_DIFF=89
USAGE_RATE_L10=75
DAYS_REST=69
STL_L10=68
STL_L5=56
SB_L5=34
SB_L10_Median=34
GAMES_7D=32
BLK_L5=31
BLK_CONSISTENCY=27
IS_HOME=22
STL_L10_Median=11
BLK_L10_Median=9
SB_L5_Median=8
IS_FRESH=3
IS_B2B=2
BLK_L5_Median=2
IS_4_IN_6=1
STL_L5_Median=1

parameters:
[boosting: gbdt]
[objective: regression]
[metric: l2]
[tree_learner: serial]
[device_type: cpu]
[data_sample_strategy: bagging]
[data: ]
[valid: ]
[num_iterations: 600]
[learning_rate: 0.02]
[num_leaves: 15]
[num_threads: 10]
[seed: 0]
[deterministic: 0]
[force_col_wise: 0]
[force_row_wise: 0]
[histogram_pool_size: -1]
[max_depth: 4]
[min_data_in_leaf: 100]
[min_sum_hessian_in_leaf: 0.001]
[bagging_fraction: 0.7]
[pos_bagging_fraction: 1]
[neg_bagging_fraction: 1]
[bagging_freq: 5]
[bagging_seed: 3]
[bagging_by_query: 0]
[feature_fraction: 0.6]
[feature_fraction_bynode: 1]
[feature_fraction_seed: 2]
[extra_trees: 0]
[extra_seed: 6]
[early_stopping_round: 0]
[early_stopping_min_delta: 0]
[first_metric_only: 0]
[max_delta_step: 0]
[lambda_l1: 0.5]
[lambda_l2: 2]
[linear_lambda: 0]
[min_gain_to_split: 0.5]
[drop_rate: 0.1]
[max_drop: 50]
[skip_drop: 0.5]
[xgboost_dart_mode: 0]
[uniform_drop: 0]
[drop_seed: 4]
[top_rate: 0.2]
[other_rate: 0.1]
[min_data_per_group: 100]
[max_cat_threshold: 32]
[cat_l2: 10]
[cat_smooth: 10]
[max_cat_to_onehot: 4]
[top_k: 20]
[monotone_constraints: ]
[monotone_constraints_method: basic]
[monotone_penalty: 0]
[feature_contri: ]
[forcedsplits_filename: ]
[refit_decay_rate: 0.9]
[cegb_tradeoff: 1]
[cegb_penalty_split: 0]
[cegb_penalty_feature_lazy: ]
[cegb_penalty_feature_coupled: ]
[path_smooth: 0]
[interaction_constraints: ]
[verbosity: -1]
[saved_feature_importance_type: 0]
[use_quantized_grad: 0]
[num_grad_quant_bins: 4]
[quant_train_renew_leaf: 0]
[stochastic_rounding: 1]
[linear_tree: 0]
[max_bin: 255]
[max_bin_by_feature: ]
[min_data_in_bin: 3]
[bin_construct_sample_cnt: 200000]
[data_random_seed: 1]
[is_enable_sparse: 1]
[enable_bundle: 1]
[use_missing: 1]
[zero_as_missing: 0]
[feature_pre_filter: 1]
[pre_partition: 0]
[two_round: 0]
[header: 0]
[label_column: ]
[weight_column: ]
[group_column: ]
[ignore_column: ]
[categorical_feature: ]
[forcedbins_filename: ]
[precise_float_parser: 0]
[parser_config_file: ]
[objective_seed: 5]
[num_class: 1]
[is_unbalance: 0]
[scale_pos_weight: 1]
[sigmoid: 1]
[boost_from_average: 1]
[reg_sqrt: 0]
[alpha: 0.9]
[fair_c: 1]
[poisson_max_delta_step: 0.7]
[tweedie_variance_power: 1.5]
[lambdarank_truncation_level: 30]
[lambdarank_norm: 1]
[label_gain: ]
[lambdarank_position_bias_regularization: 0]
[eval_at: ]
[multi_error_top_k: 1]
[auc_mu_weights: ]
[num_machines: 1]
[local_listen_port: 12400]
[time_out: 120]
[machine_list_filename: ]
[machines: ]
[gpu_platform_id: -1]
[gpu_device_id: -1]
[gpu_use_dp: 0]
[num_gpu: 1]

end of parameters

pandas_categorical:[]
