tree
version=v4
num_class=1
num_tree_per_iteration=1
label_index=0
max_feature_idx=53
objective=regression
feature_names=MIN_Season MIN_L5 MIN_L10 USAGE_RATE_Season USAGE_RATE_L5 USAGE_RATE_L10 DAYS_REST IS_HOME GAMES_7D IS_4_IN_6 IS_B2B IS_FRESH PACE_ROLLING USAGE_VACUUM STAR_COUNT GAME_SCORE_Season GAME_SCORE_L5 EXP_POSS EXP_POSS_SEASON MIN_STREAK USAGE_RATE_STREAK USAGE_RATE_CONSISTENCY GAME_SCORE_STREAK GAME_SCORE_CONSISTENCY STL_Season STL_L5 STL_L10 STL_L20 STL_L5_Median STL_L10_Median STL_STREAK STL_CONSISTENCY OPP_STL_ALLOWED OPP_STL_ALLOWED_DIFF BLK_Season BLK_L5 BLK_L10 BLK_L20 BLK_L5_Median BLK_L10_Median BLK_STREAK BLK_CONSISTENCY OPP_BLK_ALLOWED OPP_BLK_ALLOWED_DIFF TOV_Season TOV_L5 TOV_L10 TOV_L20 TOV_L5_Median TOV_L10_Median TOV_STREAK TOV_CONSISTENCY OPP_TOV_ALLOWED OPP_TOV_ALLOWED_DIFF
feature_infos=[6.5459706856228053:41.996888198531956] [5.3722222222222227:48.233333333333334] [6.0533333333333328:45.767333333333326] [3.0454631429302661:50] [3.3518198366569907:50] [6.2706233500235475:50] [0:7] [0:1] [1:5] [0:1] [0:1] [0:1] [15.241541405796715:21.438673522433501] [0:7.0170031880977675] [3:18] [-2.4090852280485029:31.857915805770357] [-2.8333333333333335:41.920000000000002] [0.1175011049851578:3.7391863506726466] [0.055717144287036502:3.6910777435278641] [-9.1463954284185007:11.588257533555982] [-16.156007792588895:18.091371160270725] [0:3] [-7.9387719672752972:8.5630863458271698] [0:3] [0:4.3900960605301114] [0:5.7999999999999998] [0:3.7000000000000002] [0:4.3425703298474252] [0:6] [0:4] [-1.9186716648220876:1.5669322140191619] [0:3] [0:3] [-1:2.8999999999999999] [0:4.4510769110826942] [0:6.5999999999999996] [0:5.2000000000000002] [0:5.3472551484272941] [0:7] [0:5] [-1.3789880224276776:1.497700333104941] [0:3] [0:4.7000000000000002] [-1:4.7000000000000002] [0:5.2431031021551169] [0:7.2000000000000002] [0:6.2000000000000002] [0:6.3126458814412745] [0:8] [0:6] [-1.6250470243291826:1.7497079954432606] [0:3] [0:5.7000000000000002] [-1.8999999999999999:4.7000000000000002]
tree_sizes=1714 1787 1758 1782 1790 1778 1774 1786 1784 1777 1778 1784 1786 1792 1785 1788 1783 1768 1781 1784 1789 1782 1787 1782 1785 1793 1781 1802 1803 1795 1795 1793 1803 1795 1788 1791 1783 1800 1793 1800 1798 1791 1798 1801 1793 1792 1803 1789 1798 1796 1796 1788 1797 1774 1790 1791 1768 1801 1794 1786 1689 1788 1805 1799 1795 1782 1795 1797 1806 1793 1796 1792 1787 1795 1787 1798 1800 1798 1796 1793 1783 1794 1791 1799 1774 1813 1800 1804 1804 1808 1792 1800 1681 1792 1579 1800 1803 1794 1801 1799 1803 1781 1816 1776 1809 1813 1808 1790 1801 1819 1803 1780 1803 1797 1472 1804 1805 1690 1688 1688 1794 1803 1667 1557 1806 1808 1777 1452 1809 1561 1359 1666 1680 1579 1788 1667 1354 1773 1799 1350 1779 1778 1806 1810 1777 1792 1809 1676 1565 1683 1559 1574 1814 1665 1572 1805 1810 1573 1796 1778 1699 1694 1670 1690 1479 1792 1753 1790 1809 1782 1803 1344 1234 1573 1788 1145 1145 1142 1587 1813 1583 1677 1672 1813 1587 1588 1808 1579 1255 1258 1472 1580 1366 1479 912 1693 1354 1770 1699 1664 1804 1799 1815 1025 1256 1704 1475 1680 1803 1485 1585 1355 1352 1474 1475 1133 1142 1578 1134 1573 1454 1473 1464 1580 1563 1576 1448 1249 1475 1253 1544 1464 1567 1667 1321 1576 1821 1589 1705 1699 1795 1559 1658 1763 1811 1470 1579 1478 1675 1687 1817 1260 1339 1042 1490 813 1365 1348 812 1465 1803 1691 1245 1688 1799 1229 1247 1469 1590 1586 1471 1134 1441 1370 1374 1487 1148 1351 1369 1475 1672 1372 1596 1469 1481 1142 1812 1262 1361 1810 1466 1561 1558 1022 1810 1807 1473 1810 1452 1475 1700 1350 1369 1490 1663 1000 1111 1585 1562 894 1584 1698 1809 1781 1708 1354 1458 1252 1023 1698 1480 1583 1041 1705 1146 1701 1245 1695 1471 1817 1142 1246 1478 1365 1372 1559 1796 1802 1802 1685 1699 1369 1662 1473 1369 1252 1691 1464 1803 1469 1136 1153 1138 1117 818 1476 1808 1588 1468 1800 1244 1138 1035 1586 1251 1481 1688 1480 1586 1482 1356 1234 1360 1567 1130 1011 1019 1579 1691 1025 1146 1367 1344 1475 1478 1363 1473 1702 1706 1359 1257 1141 1148 820 927 802 1130 1467 1366 696 1569 1035 700 1023 1023 799 374 1023 1031 703 1578 1141 1374 814 815 1467 1472 1675 1249 1354 1255 1256 1152 1032 816 1150 1265 1029 1363 1152 1374 1354 1586 1472 1363 1706 1144 1695 1697 1477 1462 1023 1488 1343 928 1121 1475 1478 1560 1365 1367 1803 1579 931 1367 1362 814 1668 1564 1585 1706 1591 1678 1257 1802 595 1252 808 916 590 1127 1334 1029 914 1356 1030 1034 1034 1026 1468 1256 1588 1587 1483 1572 1710 1803 1812 1341 1481 1253 812 1029 1028 787 1336 1040 923 1249 1363 1035 1132 1035 1030 1142 899 1033 1144 1037 919 1593 1154 920 1025 1712 1245 1029 1135 1034 1351 1350 1363 1130 1030 1014 1673 1706 1820 1468 1804 1126 488 1338 373 702 1699 1252 1483 1781 1697 1259 1260 1570 1486 1359 928 943 375 936 820 1141 1132 1205 1134 1147 1363 1258 1141 703 1014 1031 1140 1254 928 1362 806 1373 809 374 1030 1590 1371 1476 1230 1257 801 1137 921 814 918 1370 1685 1041 1587 1471 929 821 592 481 371 916 1127 915 922 593 812 804 1133 1134 1025

Tree=0
num_leaves=15
num_cat=0
split_feature=29 29 2 0 29 31 32 32 29 32 29 0 32 0
split_gain=203.028 64.1238 45.3966 29.2966 11.2915 11.1117 8.44513 7.92976 7.9094 6.81029 4.07789 4.01218 3.83764 3.80723
threshold=0.75000000000000011 1.2500000000000002 23.349250000000008 27.082183194871416 2.2500000000000004 0.82671119016184103 1.1500000000000001 0.75000000000000011 1.0000000180025095e-35 0.8500000000000002 1.0000000180025095e-35 33.013514681428028 0.95000000000000007 21.512365350482632
decision_type=2 2 2 2 2 2 2 2 2 2 2 2 2 2
left_child=2 3 8 6 9 -5 -2 10 12 -3 -4 -9 -1 -10
right_child=1 4 7 5 -6 -7 -8 11 13 -11 -12 -13 -14 -15
leaf_value=0.47886664339993762 0.48152569873555107 0.48474900060341275 0.48037323555547301 0.48489302313783439 0.49175903131849563 0.48316596567777609 0.48376144458774212 0.48183720906118449 0.48002248887107196 0.48689435489735333 0.48165241563831646 0.48355657891424703 0.48016790402745524 0.48211944685093289
leaf_weight=6154.342272400856 4702.0963351726532 1050.8405845463276 2536.6267617642879 2472.5973945260048 147.05233091115952 3846.7123352587223 787.17266991734505 2696.726577103138 1328.8726198673248 1491.2615566253662 1674.8987945616245 674.19479709863663 1119.3681105971336 456.88431194424629
leaf_count=9398 7075 1580 3885 3605 203 5656 1198 4155 1942 2110 2540 988 1742 653
internal_value=0.481822 0.483552 0.480315 0.482916 0.486339 0.483844 0.481849 0.481458 0.479359 0.486014 0.480879 0.482179 0.479065 0.480564
internal_weight=31139.6 14497.7 16641.9 11808.6 2689.15 6319.31 5489.27 7582.45 9059.47 2542.1 4211.53 3370.92 7273.71 1785.76
internal_count=46730 21427 25303 17534 3893 9261 8273 11568 13735 3690 6425 5143 11140 2595
is_linear=0
shrinkage=1


Tree=1
num_leaves=15
num_cat=0
split_feature=24 24 24 24 24 27 2 2 4 27 5 17 37 2
split_gain=327.048 56.1061 56.0052 14.2043 13.1764 9.5368 8.16925 6.76644 5.75344 4.35688 3.92805 3.72081 2.79575 1.53724
threshold=0.88221773777769963 1.4068528179905084 0.50010782136313969 1.1327917102800897 0.74340446297999685 2.3865142105686705 18.341041666666669 24.360916666666672 44.894117357831881 0.27601985160639436 49.516049428648195 1.6235169941398924 0.026528481770781206 23.559212962962963
decision_type=2 2 2 2 2 2 2 2 2 2 2 2 2 2
left_child=2 3 8 11 7 6 -3 -4 9 -1 -6 -2 -5 -10
right_child=1 5 4 12 10 -7 -8 -9 13 -11 -12 -13 -14 -15
leaf_value=-0.0041072840682146259 0.00050157952883870941 -0.00046638038261362098 -0.0018640324209014342 -0.00025522061714060008 -0.0001704372448653048 0.010518236171238886 0.0053167775379317972 -0.00070576795380766755 -0.0024565612275778467 -0.0029194095822850843 0.0017729614038987484 0.0016408483217470815 0.0030975547577523515 -0.00096019405227418394
leaf_weight=2083.6406704187393 1570.3387362658978 98.845864117145538 4298.9530356228352 96.756958872079849 4074.1482965648174 139.78162482380867 2090.4571660757065 3877.3785793185234 666.61625757813454 3441.4907774925232 461.12990722060204 4575.1057278513908 3143.3897708654404 521.61407920718193
leaf_count=3304 2312 182 6206 145 6040 187 3121 5895 1056 5383 711 6665 4618 905
internal_value=-2.6557e-05 0.00261219 -0.00161853 0.00192028 -0.000836794 0.00539208 0.00505092 -0.00131629 -0.00309656 -0.00337051 2.56506e-05 0.00135162 0.00299425 -0.0018108
internal_weight=31139.6 11714.7 19425 9385.59 12711.6 2329.08 2189.3 8176.33 6713.36 5525.13 4535.28 6145.44 3240.15 1188.23
internal_count=46730 17230 29500 13740 18852 3490 3303 12101 10648 8687 6751 8977 4763 1961
is_linear=0
shrinkage=0.02


Tree=2
num_leaves=15
num_cat=0
split_feature=26 26 1 26 2 26 32 34 32 26 4 49 44 26
split_gain=245.848 68.8519 30.4608 17.6897 17.6613 11.0851 9.11422 6.19366 6.18598 5.7852 3.00043 2.83119 2.79372 2.33108
threshold=0.78888888888888908 1.3875000000000002 24.058166666666672 2.0500000000000003 27.397416666666668 0.31666666666666671 0.75000000000000011 0.27820700423002737 1.0500000000000003 1.0500000000000003 48.763373829021795 1.7500000000000002 1.4710983514086249 2.6125000000000003
decision_type=2 2 2 2 2 2 2 2 2 2 2 2 2 2
left_child=2 4 5 7 8 -1 12 -3 -2 -6 -7 -8 -4 -5
right_child=1 3 6 13 9 10 11 -9 -10 -11 -12 -13 -14 -15
leaf_value=-0.0035460668034768888 -0.00020079899664112539 0.0019157638338342718 -0.0018282157570096006 0.0071794374969136251 0.0011703860075918944 -0.0021431075239921366 -0.00032945603341576131 0.0040813975129587003 0.0015340046892400789 0.002378241119380807 0 0.0010221589683311581 -0.00069668604352501548 0.011603085080301967
leaf_weight=2946.8399283587933 4199.1256095767021 692.83810448646545 2192.2806180715561 336.44491058588028 3707.8866011798382 6049.1200835704803 1685.6367187798023 2621.665473818779 1018.8479270339012 2852.9428678452969 272.61558359861374 973.40620848536491 1515.433426707983 74.56339019536972
leaf_count=4625 6125 1042 3298 470 5590 9048 2580 3775 1504 4241 425 1517 2391 99
internal_value=-2.60272e-05 0.0017581 -0.00179585 0.00412811 0.00100707 -0.00252783 -0.000728207 0.00363315 0.000136476 0.0016977 -0.00205064 0.000161973 -0.00136905 0.00805847
internal_weight=31139.6 15504.3 15635.3 3725.51 11778.8 9268.58 6366.76 3314.5 5217.97 6560.83 6321.74 2659.04 3707.71 411.008
internal_count=46730 22846 23884 5386 17460 14098 9786 4817 7629 9831 9473 4097 5689 569
is_linear=0
shrinkage=0.02


Tree=3
num_leaves=15
num_cat=0
split_feature=24 24 24 24 27 24 34 4 18 27 5 23 13 18
split_gain=304.397 52.3675 52.2531 12.2445 10.62 9.92004 8.70574 5.38947 4.99965 4.03883 3.70158 2.4878 1.99898 1.6907
threshold=0.88221773777769963 1.3228330911981661 0.50010782136313969 0.74340446297999685 2.3865142105686705 1.0526353560572206 0.17747926732058997 44.894117357831881 1.6229437881352093 0.27601985160639436 49.516049428648195 0.79672681595971684 1.3676008841621894 2.2012288500438513
decision_type=2 2 2 2 2 2 2 2 2 2 2 2 2 2
left_child=2 5 7 8 6 11 -3 9 -4 -1 -5 -2 -7 -9
right_child=1 4 3 10 -6 12 -8 13 -10 -11 -12 -13 -14 -15
leaf_value=-0.0039640696265166846 0.00032022684238625153 0.0010960705468901152 -0.001772271267617173 -0.00016516618943808998 0.01017595123294871 0.0021653478560300842 0.0048434322996141225 -0.0022556021989227066 -0.00077624287457243326 -0.0028194621030026685 0.0017213639110649978 0.0013672249395319249 0.0032225195351630689 -0.00058238039583702545
leaf_weight=2083.6406704187393 1300.305605083704 282.68506586551666 4027.673071205616 4074.1482965648174 140.1993213891983 3056.3153209090233 2665.4511571526527 817.68055248260498 4148.6585437357426 3441.4907774925232 461.12990722060204 3243.3660781681538 1026.3533003032207 370.54978430271149
leaf_count=3304 1861 500 5869 6040 188 4396 3914 1322 6232 5383 711 4755 1616 639
internal_value=-2.54586e-05 0.00252026 -0.00156133 -0.000806193 0.00475633 0.00171764 0.00448849 -0.00298901 -0.00126842 -0.0032542 2.51193e-05 0.00107007 0.00243501 -0.00174406
internal_weight=31139.6 11714.7 19425 12711.6 3088.34 8626.34 2948.14 6713.36 8176.33 5525.13 4535.28 4543.67 4082.67 1188.23
internal_count=46730 17230 29500 18852 4602 12628 4414 10648 12101 8687 6751 6616 6012 1961
is_linear=0
shrinkage=0.02


Tree=4
num_leaves=15
num_cat=0
split_feature=27 27 27 31 26 18 17 17 15 27 31 27 31 41
split_gain=238.448 58.3864 40.1392 17.3128 12.7401 12.6226 7.10315 7.02966 6.34815 5.39283 5.15738 4.72496 4.62054 1.93909
threshold=0.83593634559517971 1.4531773521506686 0.45112181128436052 0.93137504827664719 2.2111111111111117 1.5989490261298938 2.0893715421424051 2.3205943893006697 14.563787597959339 0.29998805677194523 1.3511997458497855 1.1937668967618109 1.3337441731912436 0.55627792918797381
decision_type=2 2 2 2 2 2 2 2 2 2 2 2 2 2
left_child=2 3 7 6 10 12 -2 9 -7 -1 -3 -5 -4 -6
right_child=1 4 5 11 13 8 -8 -9 -10 -11 -12 -13 -14 -15
leaf_value=-0.0035878686565988622 0.0012035187425905301 0.0047400779186813962 -0.0011791308461813672 0.0001153530259892676 0.010831815538816051 -0.00050970286579463651 0.0026641544920693407 -0.00085088114317643756 0.001078811935413591 -0.0023731407285347522 0.0027147795835691835 0.0016879785424508639 -0.002595786465445797 0.0060497593443527209
leaf_weight=2938.7052840590477 2281.5887020230293 1860.6431040167809 3698.6402035355568 3830.9655630886555 139.61637422442436 4930.1917571723461 3331.4657460153103 719.44338744878769 1259.9552884399891 3118.5593694746494 742.11883455514908 958.19160327315331 1255.6133714020252 73.948863565921783
leaf_count=4656 3444 2716 5510 5612 195 7510 4866 1107 1899 4748 1071 1423 1873 100
internal_value=-2.49205e-05 0.00201238 -0.00152824 0.0013189 0.00456747 -0.000788647 0.00207286 -0.00274245 -0.000184514 -0.00296511 0.00416898 0.000432657 -0.00154109 0.00929387
internal_weight=31139.6 13218.5 17921.1 10402.2 2816.33 11144.4 5613.05 6776.71 6190.15 6057.26 2602.76 4789.16 4954.25 213.565
internal_count=46730 19427 27303 15345 4082 16792 8310 10511 9409 9404 3787 7035 7383 295
is_linear=0
shrinkage=0.02


Tree=5
num_leaves=15
num_cat=0
split_feature=24 24 24 24 1 27 34 17 24 24 19 1 32 46
split_gain=280.822 58.7656 45.3988 13.4099 8.76337 7.1892 5.5951 4.52081 4.07761 4.05913 4.50685 4.05072 3.01506 2.42337
threshold=0.83845112831772994 1.4068528179905084 0.50010782136313969 1.042047803441793 25.524833333333337 2.0687430439901795 0.32200231991646067 1.6691155391327974 0.68255615800119973 0.36115590681777493 0.7434208161196737 30.669166666666673 0.75000000000000011 1.3875000000000002
decision_type=2 2 2 2 2 2 2 2 2 2 2 2 2 2
left_child=2 3 9 7 8 6 -3 -2 -4 10 -1 -5 -6 -11
right_child=1 5 4 11 12 -7 -8 -9 -10 13 -12 -13 -14 -15
leaf_value=-0.004029757112600351 6.3205281907904439e-05 0.0025981271430195406 -0.001761867539753459 0.0017742230154147102 -0.00065293917947304174 0.0076985397135286206 0.0052140667258387076 0.001314242332056779 -0.00070410818553932766 -0.0027028095294504479 -0.0024080666148374123 0.0029165143206102695 0.00031035371019552779 -0.0013668587863791286
leaf_weight=1982.5461481511593 1669.0208057463169 448.81753569841385 3711.9790499508381 2509.858202278614 2941.3898819386959 380.5276762843132 1500.3451462686062 3883.994198590517 2472.1782961189747 2825.3184899389744 1129.6499640643597 2635.1374855339527 2309.9904617965221 722.96235534548759
leaf_count=3273 2485 766 5335 3677 4439 535 2193 5655 3648 4223 1932 3896 3514 1151
internal_value=1.49463e-05 0.00225409 -0.00159658 0.00162529 -0.000830594 0.00513341 0.00462012 0.000940187 -0.001341 -0.00290957 -0.00344626 0.00236212 -0.000227343 -0.00243435
internal_weight=31123.7 13027.7 18096 10698 11435.5 2329.69 1949.16 5553.02 6184.16 6660.48 3112.2 5145 5251.38 3548.28
internal_count=46722 19207 27515 15713 16936 3494 2959 8140 8983 10579 5205 7573 7953 5374
is_linear=0
shrinkage=0.02


Tree=6
num_leaves=15
num_cat=0
split_feature=24 24 24 24 2 26 26 17 23 24 24 26 12 17
split_gain=269.736 56.4481 43.6048 12.8779 7.69846 7.30863 5.49856 4.34095 3.996 3.8959 3.66296 2.579 2.33705 1.58217
threshold=0.83845112831772994 1.4068528179905084 0.50010782136313969 1.042047803441793 24.060916666666671 1.0500000000000003 2.1180555555555558 1.6691155391327974 0.66550242695183759 0.36115590681777493 0.74340446297999685 0.58571428571428574 18.293918795646924 2.3205943893006697
decision_type=2 2 2 2 2 2 2 2 2 2 2 2 2 2
left_child=2 3 9 7 12 -3 -7 -2 -5 11 -6 -1 -4 -11
right_child=1 5 4 8 10 6 -8 -9 -10 13 -12 -13 -14 -15
leaf_value=-0.0035317001792756746 6.1942669092469903e-05 0.00095652517346064066 -0.0019665525741639819 0.00079998526997971525 -0.00067635581915354492 0.004928618982746733 0.0080117777497694005 0.001287970992015501 0.0025247268600430469 -0.0025275311853065903 0.00035978572440064841 -0.0011163177874382155 -0.001065674642924306 -0.0010468223488961591
leaf_weight=2908.2942236065865 1669.0208057463169 170.24012160301208 1769.7761589586735 632.72182586789131 3983.5756034851074 1874.8707421720028 284.57949447631836 3883.994198590517 4512.2738619446754 3200.2014553844929 2060.0150921344757 203.9018886089325 3622.1708352267742 348.0793898999691
leaf_count=4800 2485 337 2547 922 6031 2763 394 5655 6651 4809 3088 405 5270 565
internal_value=1.4658e-05 0.00220917 -0.00156473 0.00159286 -0.000814009 0.00503118 0.00534659 0.00092143 0.00231496 -0.00285153 -0.000321521 -0.00337748 -0.00136384 -0.00238576
internal_weight=31123.7 13027.7 18096 10698 11435.5 2329.69 2159.45 5553.02 5145 6660.48 6043.59 3112.2 5391.95 3548.28
internal_count=46722 19207 27515 15713 16936 3494 3157 8140 7573 10579 9119 5205 7817 5374
is_linear=0
shrinkage=0.02


Tree=7
num_leaves=15
num_cat=0
split_feature=24 24 24 24 26 1 26 24 24 23 1 32 47 24
split_gain=259.087 54.2722 41.8812 9.00539 8.819 8.16215 6.6231 3.88707 3.73904 3.72009 2.94091 2.88548 2.76936 2.07071
threshold=0.83845112831772994 1.3100230269197726 0.50010782136313969 0.97060291641036878 2.1180555555555558 25.524833333333337 0.88194444444444453 0.68255615800119973 0.36115590681777493 0.66550242695183759 25.04216666666667 0.75000000000000011 1.1391329665048429 2.0065851873926817
decision_type=2 2 2 2 2 2 2 2 2 2 2 2 2 2
left_child=2 3 8 12 6 7 -3 -4 10 -5 -1 -7 -2 -6
right_child=1 4 5 9 13 11 -8 -9 -10 -11 -12 -13 -14 -15
leaf_value=-0.0035785694893235923 -5.3462676497483192e-05 -9.4059811475387132e-05 -0.0017012533885323268 0.00065358427856999641 0.0059789387091548239 -0.00063189763588613159 0.0042910967789188351 -0.00066845732947161624 -0.0023381460346611049 0.0021093309082721601 -0.0018230655993416356 0.00031048260557826099 0.0010628481434869705 0.0098937744447251137
leaf_weight=2628.0891971290112 1371.3335857689381 140.13707041740417 3711.9790499508381 839.6589440703392 160.6284111738205 2941.3898819386959 2792.315650343895 2472.1782961189747 3548.280845284462 5156.0641324222088 484.1069150865078 2309.9904617965221 2440.3072743415833 127.25598186254501
leaf_count=4337 2040 283 5335 1210 235 4439 4123 3648 5374 7577 868 3514 3574 165
internal_value=1.43738e-05 0.00216513 -0.00153352 0.00142339 0.00441868 -0.000797758 0.00407821 -0.00129035 -0.00279464 0.00190742 -0.00331006 -0.000215497 0.000658788 0.00780026
internal_weight=31123.7 13027.7 18096 9807.36 3220.34 11435.5 2932.45 6184.16 6660.48 5995.72 3112.2 5251.38 3811.64 287.884
internal_count=46722 19207 27515 14401 4806 16936 4406 8983 10579 8787 5205 7953 5614 400
is_linear=0
shrinkage=0.02


Tree=8
num_leaves=15
num_cat=0
split_feature=24 24 24 24 24 26 27 17 24 17 32 27 0 46
split_gain=248.853 52.379 40.2245 11.9149 7.03548 6.82416 5.05316 3.85179 3.58907 3.52676 3.0801 2.65932 2.3505 2.29603
threshold=0.83845112831772994 1.4068528179905084 0.50010782136313969 1.0042517320156574 0.7399929903377821 1.0500000000000003 2.0687430439901795 1.8797497691506291 0.36115590681777493 1.6691155391327974 1.1500000000000001 0.48598469346760947 33.874068686525696 1.3875000000000002
decision_type=2 2 2 2 2 2 2 2 2 2 2 2 2 2
left_child=2 3 8 9 7 -3 -7 -4 11 -2 -5 -1 -6 -10
right_child=1 5 4 10 12 6 -8 -9 13 -11 -12 -13 -14 -15
leaf_value=-0.0034295463025193597 -4.6286568345324271e-05 0.00090132518618330263 -0.0014463892081861965 0.0018444762769690771 -0.00015993146922530868 0.0046712339857605499 0.0073016926498363334 -0.00054316337089849068 -0.0025525500113157736 0.0011348736627866097 0.0029017398830527455 -0.0013057548491311019 0.001854377122950047 -0.0012528586156243305
leaf_weight=2834.1665943264961 1446.3889233469963 170.24012160301208 4981.5595752000809 4470.6104530692101 3088.2527199685574 1779.3491213321686 380.10111531615257 3117.2617684006691 2825.3184899389744 3238.4334342777729 1542.5778814554214 278.02951788902283 248.4636262357235 722.96235534548759
leaf_count=4687 2159 337 7263 6625 4613 2623 534 4682 4223 4719 2210 518 378 1151
internal_value=1.40907e-05 0.00212195 -0.00150291 0.00152823 -0.00078183 0.00484041 0.0051452 -0.00110019 -0.00273886 0.000768205 0.00211824 -0.00324399 -5.92283e-06 -0.00229141
internal_weight=31123.7 13027.7 18096 10698 11435.5 2329.69 2159.45 8098.82 6660.48 4684.82 6013.19 3112.2 3336.72 3548.28
internal_count=46722 19207 27515 15713 16936 3494 3157 11945 10579 6878 8835 5205 4991 5374
is_linear=0
shrinkage=0.02


Tree=9
num_leaves=15
num_cat=0
split_feature=24 24 24 24 24 34 27 17 0 17 24 19 46 0
split_gain=239.024 50.3136 38.6351 11.5083 6.75757 6.68992 4.99363 3.94757 3.77594 3.69822 3.44445 4.26896 3.10365 2.2581
threshold=0.83845112831772994 1.4068528179905084 0.50010782136313969 1.042047803441793 0.7399929903377821 0.25307554344154221 2.3865142105686705 1.6691155391327974 29.196586087225629 1.8797497691506291 0.36115590681777493 0.71167741989899735 1.1833333333333336 33.874068686525696
decision_type=2 2 2 2 2 2 2 2 2 2 2 2 2 2
left_child=2 3 10 7 9 8 -7 -2 -3 -4 11 -1 -5 -6
right_child=1 5 4 12 13 6 -8 -9 -10 -11 -12 -13 -14 -15
leaf_value=-0.0037533500662521218 4.3020393525743863e-05 0.00058262600238245246 -0.0014174730343003608 0.0012837696812642546 -0.00015673491853034543 0.0049044433625118015 0.0090207235743138877 0.0012123388590170876 0.0050247626718322759 -0.00053230706012318246 -0.0022456805007243716 -0.0021818045040297696 0.0024588701621942972 0.001817585768843418
leaf_weight=1965.3786182403564 1669.0208057463169 231.75492027401924 4981.5595752000809 1230.5073855519295 3088.2527199685574 1845.7132757604122 134.60383579134941 3883.994198590517 117.61832642555237 3117.2617684006691 3548.280845284462 1146.8174939751625 3914.4883022606373 248.4636262357235
leaf_count=3242 2485 428 7263 1813 4613 2707 180 5655 179 4682 5374 1963 5760 378
internal_value=1.38088e-05 0.00207963 -0.00147293 0.0014977 -0.000766212 0.00474399 0.00519809 0.000862829 0.00212664 -0.00107822 -0.00268422 -0.00317923 0.00218038 -5.72417e-06
internal_weight=31123.7 13027.7 18096 10698 11435.5 2329.69 1980.32 5553.02 349.373 8098.82 6660.48 3112.2 5145 3336.72
internal_count=46722 19207 27515 15713 16936 3494 2887 8140 607 11945 10579 5205 7573 4991
is_linear=0
shrinkage=0.02


Tree=10
num_leaves=15
num_cat=0
split_feature=27 27 27 0 31 26 34 0 32 32 47 0 27 47
split_gain=176.589 40.993 30.6162 13.2205 10.8855 10.0652 6.62538 5.02074 4.52598 3.99507 3.84155 3.20419 3.09058 2.38844
threshold=0.84942735656539925 1.279171214910779 0.4554948980738624 24.136566804201546 0.95501224064798029 2.0500000000000003 0.41973349560240114 30.889546565550884 0.75000000000000011 0.45000000000000007 2.2481939544636935 29.999448632126597 2.3865142105686705 1.808447194787083
decision_type=2 2 2 2 2 2 2 2 2 2 2 2 2 2
left_child=2 4 8 10 7 6 -3 -2 11 -5 -4 -1 -7 -10
right_child=1 5 3 9 -6 12 -8 -9 13 -11 -12 -13 -14 -15
leaf_value=-0.0028004655244909609 0.0010490950010336039 0.0020291499793730515 -0.0013900038078831685 -0.00094401486501869488 0.00012798800554130574 0.0050362821906021291 0.0036831038129203574 0.0023867553981929079 -0.0017600182832743581 0.00031901064604986372 0.0024467431372945702 -0.00080973181854723342 0.0090920215086960493 0.00032448684853081432
leaf_weight=4503.4736180007458 2850.0992057919502 1671.0167863070965 5562.5879296958447 1283.3524793684483 3608.9249757230282 281.64439880847931 2468.4080570340157 1905.171969473362 1705.0169185698032 4528.2182824313641 102.76638314127922 366.14868342876434 124.93119412660599 242.68958461284637
leaf_count=6987 4337 2542 8326 1993 5280 401 3509 2718 2664 6789 173 539 170 396
internal_value=1.12807e-06 0.00179229 -0.0012624 -0.000630431 0.000959364 0.00332149 0.00301915 0.0015879 -0.00232435 3.81514e-05 -0.0013178 -0.00265323 0.0063454 -0.00149509
internal_weight=31204.5 12910.2 18294.3 11476.9 8364.2 4546 4139.42 4755.27 6817.33 5811.57 5665.35 4869.62 406.576 1947.71
internal_count=46824 18957 27867 17281 12335 6622 6051 7055 10586 8782 8499 7526 571 3060
is_linear=0
shrinkage=0.02


Tree=11
num_leaves=15
num_cat=0
split_feature=24 24 24 24 34 27 2 32 0 24 2 46 44 34
split_gain=217.542 40.9289 35.8647 9.72366 7.89336 6.71792 4.62736 3.94047 3.01623 2.58585 2.51921 2.51857 2.07542 1.97735
threshold=0.90315093367978883 0.4921775772962339 1.2871871826287744 0.7399929903377821 0.2871433887478369 2.3865142105686705 24.360916666666672 0.95000000000000007 34.341838185687912 0.31882381917136421 20.733666666666672 0.89444444444444449 2.7186202746966477 0.36589992254747544
decision_type=2 2 2 2 2 2 2 2 2 2 2 2 2 2
left_child=1 9 7 6 10 -6 -3 -2 -5 13 -4 -9 -11 -1
right_child=2 3 4 8 5 -7 -8 11 -10 12 -12 -13 -14 -15
leaf_value=-0.0025273845587975331 0.0011099324562968268 -0.001488342410000767 -0.00017491324134998225 -8.0860330599522986e-05 0.0041941101340781236 0.0090268652061826164 -0.0005389626471058545 0.0006035335710464797 0.0017905620164272173 -0.0023050011720712809 0.0026476022721729914 0.0022863631376939613 0.0011292111123260347 -0.0037562303163107815
leaf_weight=1237.4130481779575 4685.072238445282 4450.7667677998543 155.36853504180908 4909.6185067296028 2625.7478042542934 124.30399024486542 3898.6030463278294 434.36053669452667 368.15379053354263 4045.5514080822468 549.77954629063606 2573.280002117157 66.578270375728607 1079.8529753983021
leaf_count=2167 6863 6404 271 7294 3823 169 5932 626 543 6164 877 3775 110 1806
internal_value=1.15522e-06 -0.00124347 0.00224112 -0.000621748 0.00393514 0.00442259 -0.00104648 0.00147812 4.84165e-05 -0.00255906 0.00201283 0.00204722 -0.00224645 -0.00310709
internal_weight=31204.5 20056.5 11147.9 13627.1 3455.2 2750.05 8349.37 7692.71 5277.77 6429.4 705.148 3007.64 4112.13 2317.27
internal_count=46824 30420 16404 20173 5140 3992 12336 11264 7837 10247 1148 4401 6274 3973
is_linear=0
shrinkage=0.02


Tree=12
num_leaves=15
num_cat=0
split_feature=27 27 27 44 31 27 34 17 16 31 13 30 27 13
split_gain=163.091 37.9866 28.3549 10.1348 10.0723 9.23021 6.24117 4.55446 3.91775 3.50467 3.46564 3.02446 2.97039 1.97983
threshold=0.84942735656539925 1.279171214910779 0.45112181128436052 1.518548013287111 0.93509245309779832 2.0687430439901795 0.41973349560240114 2.5236378365787364 10.830000000000004 1.4175354920101217 0.11387259442214681 -0.13205909307342903 0.29998805677194523 1.5265012231067774
decision_type=2 2 2 2 2 2 2 2 2 2 2 2 2 2
left_child=2 4 7 9 8 6 -3 12 -2 -4 -7 -5 -1 -6
right_child=1 5 3 11 13 10 -8 -9 -10 -11 -12 -13 -14 -15
leaf_value=-0.0028682521023238655 0.0009508275486331025 0.0019557199028767238 -0.00080711842594633257 0.0011049255304396849 -3.8495201023035549e-05 0.0032313136788950166 0.0035569147311475813 -0.00039498015700779946 0.0021506413737544024 -0.0019086231801560818 0.0075147470270075416 -0.0001339127227842186 -0.00196951232965175 0.0011048662262043854
leaf_weight=2943.091027110815 2163.6763239502907 1683.9795635938644 6688.6017994880676 1187.1446742117405 3166.3142881691456 126.48659393191338 2474.1987364292145 503.34192723035812 2291.2897508442402 1421.1946766078472 261.33554232120514 2304.7666061520576 3246.1131684482098 742.91578802466393
leaf_count=4674 3221 2554 9881 1800 4534 170 3514 769 3391 2173 384 3621 4949 1189
internal_value=1.14739e-06 0.0017225 -0.00121312 -0.000613721 0.000920645 0.00319459 0.00291212 -0.0022502 0.00157085 -0.00100181 0.00616712 0.000284784 -0.00239928 0.000176688
internal_weight=31204.5 12910.2 18294.3 11601.7 8364.2 4546 4158.18 6692.55 4454.97 8109.8 387.822 3491.91 6189.2 3909.23
internal_count=46824 18957 27867 17475 12335 6622 6068 10392 6612 12054 554 5421 9623 5723
is_linear=0
shrinkage=0.02


Tree=13
num_leaves=15
num_cat=0
split_feature=26 26 1 0 26 26 13 46 31 31 47 32 31 32
split_gain=150.109 45.2711 20.6218 10.9997 10.1591 7.8624 6.37851 5.41417 5.2353 4.47735 4.27084 3.08489 2.58362 2.22509
threshold=0.78888888888888908 1.267857142857143 26.302833333333336 28.022615128223567 1.6125000000000003 0.58571428571428574 0.036318817743398811 1.4722222222222225 0.99702852845855416 0.93509245309779832 1.214803034772385 0.95000000000000007 1.1936877791655187 0.45000000000000007
decision_type=2 2 2 2 2 2 2 2 2 2 2 2 2 2
left_child=2 3 5 8 10 11 -6 -4 -2 -5 -3 -1 -7 -9
right_child=1 4 7 9 6 12 -8 13 -10 -11 -12 -13 -14 -15
leaf_value=-0.002417280899748062 0.00060599773994970648 0.0011573202121850875 -0.0010143257553241348 0.0018528464565645813 0.0026786383429829325 -0.00068409470708080168 0.0053676494294758442 -0.00076307092056685758 -0.00061421734330210681 0.00062293680050032514 0.0027877203813031883 -0.0012508429326289548 -0.0018899566622850284 0.00062710135062757984
leaf_weight=6234.1106874644756 3112.5756479203701 906.90115442872047 2314.2969175577164 2899.86354637146 605.85926315188408 2308.4160687327385 943.35976049304008 588.14112856984138 2560.1336694657803 2056.1054389178753 2469.4563491642475 1114.9194505214691 1058.6287186741829 2031.6826650798321
leaf_count=9530 4723 1309 3523 4252 826 3443 1411 960 3785 3042 3595 1731 1550 3144
internal_value=1.14169e-06 0.0013928 -0.00138134 0.000656825 0.00297798 -0.00187409 0.0043273 -0.000308841 5.35215e-05 0.00134506 0.00235369 -0.00224207 -0.00106709 0.000310854
internal_weight=31204.5 15554.3 15650.2 10628.7 4925.58 10716.1 1549.22 4934.12 5672.71 4955.97 3376.36 7349.03 3367.04 2619.82
internal_count=46824 22943 23881 15802 7141 16254 2237 7627 8508 7294 4904 11261 4993 4104
is_linear=0
shrinkage=0.02


Tree=14
num_leaves=15
num_cat=0
split_feature=27 27 27 1 31 26 1 31 47 47 17 27 27 13
split_gain=151.191 35.2155 26.4061 10.5071 9.31558 8.91841 5.55412 4.28568 4.27375 4.08455 3.73279 2.77255 2.51794 2.17492
threshold=0.84942735656539925 1.279171214910779 0.45112181128436052 25.623500000000003 0.95501224064798029 2.0500000000000003 26.391500000000004 1.093833261135051 1.1310480646570678 1.4415966137999872 1.5966163094165002 2.3865142105686705 0.29998805677194523 1.5265012231067774
decision_type=2 2 2 2 2 2 2 2 2 2 2 2 2 2
left_child=2 4 6 7 10 8 12 -4 -3 -5 -2 -7 -1 -6
right_child=1 5 3 9 13 11 -8 -9 -10 -11 -12 -13 -14 -15
leaf_value=-0.0029111833639635749 0.00041698606840464869 0.0015278856017772022 -0.00074696425503082168 -0.00056452253682873611 -0.00011971499840807723 0.0046810860244236238 -0.001021472140398822 -0.0018428486231767747 0.0031286223210010965 0.00055277822420265663 0.0017711867049074064 0.0085261961071634012 -0.0020149260160848802 0.0011225255131694792
leaf_weight=2642.9905347824097 1073.6329593658447 881.30939266085625 4029.1304776668549 2317.7303758859634 2914.4056084752083 281.64439880847931 1375.4981836080551 2259.1491000950336 3258.1154506802559 2995.697802811861 3681.6382158994675 124.93119412660599 2674.0574043989182 694.5193672478199
leaf_count=4182 1628 1270 5969 3545 4169 401 2157 3326 4781 4635 5427 170 4053 1111
internal_value=1.12791e-06 0.0016585 -0.00116798 -0.000589514 0.000886384 0.00307592 -0.00216881 -0.00114273 0.00279113 6.34986e-05 0.00146784 0.00592303 -0.00246324 0.000117068
internal_weight=31204.5 12910.2 18294.3 11601.7 8364.2 4546 6692.55 6288.28 4139.42 5313.43 4755.27 406.576 5317.05 3608.92
internal_count=46824 18957 27867 17475 12335 6622 10392 9295 6051 8180 7055 571 8235 5280
is_linear=0
shrinkage=0.02


Tree=15
num_leaves=15
num_cat=0
split_feature=24 24 24 1 34 24 31 27 18 1 0 32 33 44
split_gain=179.758 37.7154 34.3887 7.45157 6.6002 5.90618 5.56911 5.3711 3.83007 3.60492 3.0287 2.91306 2.40882 2.30672
threshold=0.87836214164545579 1.3100230269197726 0.5974354751273 22.328500000000002 0.29562338994563214 0.46568918361497574 0.87941777257934783 2.3865142105686705 2.9168782931201132 21.701000000000004 33.472846538254935 0.45000000000000007 -1.0000000180025095e-35 1.518548013287111
decision_type=2 2 2 2 2 2 2 2 2 2 2 2 2 2
left_child=2 6 5 -4 8 12 9 -6 -3 -2 -5 -8 -1 -7
right_child=1 4 3 10 7 13 11 -9 -10 -11 -12 -13 -14 -15
leaf_value=-0.0014251073970446492 0.00043316914177055169 0.0011038383759520846 -0.0011793726408061004 -0.00014113225349197091 0.0040277690015547004 -0.0017061928144591256 -0.00050698004725630377 0.0083154596640068416 0.0045855077468148608 0.0019496351782337306 0.001216927582143185 0.0009169450414396094 -0.0026506953172465669 -0.00047797409228086875
leaf_weight=791.89199569821358 772.60974189639091 513.95713222026825 3088.4700493514538 5736.0879939198494 2352.7415908873081 3311.0801404714584 683.00625333189964 128.29558569192886 172.37446835637093 3827.3809297680855 739.59624615311623 3340.3116543292999 4871.6845456361771 782.1135106086731
leaf_count=1220 1138 873 4529 8543 3419 4820 1020 175 258 5659 1114 4828 7884 1204
internal_value=-3.70878e-05 0.00190846 -0.00122496 -0.000371328 0.00377582 -0.00206046 0.00122069 0.00426003 0.00200358 0.0016974 1.27576e-05 0.000672601 -0.00248166 -0.0014743
internal_weight=31111.6 11790.7 19320.9 9564.15 3167.37 9756.77 8623.31 2481.04 686.332 4599.99 6475.68 4023.32 5663.58 4093.19
internal_count=46684 17370 29314 14186 4725 15128 12645 3594 1131 6797 9657 5848 9104 6024
is_linear=0
shrinkage=0.02


Tree=16
num_leaves=15
num_cat=0
split_feature=24 24 24 1 29 24 31 31 1 2 16 44 31 24
split_gain=172.765 36.501 33.1425 7.94252 5.91458 5.6702 4.91584 4.12798 3.259 2.57619 2.56596 2.21391 1.87347 1.56761
threshold=0.90315093367978883 0.5974354751273 1.3100230269197726 22.009000000000004 2.2500000000000004 0.46568918361497574 0.82293388444362037 0.48088951432968086 21.404666666666675 33.942416666666666 12.360000000000005 1.518548013287111 1.3511997458497855 0.97060291641036878
decision_type=2 2 2 2 2 2 2 2 2 2 2 2 2 2
left_child=1 5 6 12 7 10 8 -4 -2 -5 -1 -7 -3 -8
right_child=2 3 4 9 -6 11 13 -9 -10 -11 -12 -13 -14 -15
leaf_value=-0.0025487730809425429 0.00043261982964935754 -0.0010051070431961839 0.0012165839189068146 -0.00010157299516388715 0.0078920478837355406 -0.0016720895477509955 0.00026466171776583566 0.0037553775583830931 0.0021513715989310901 0.00097766810523302228 -0.00082215724887630423 -0.00046843899972861738 -0.0028312688995946887 0.0010869952068840473
leaf_weight=5273.9606870114803 545.62318906188011 2846.406503111124 298.61071828007698 6180.8421225547791 132.14763605594635 3311.0801404714584 1348.5502520799637 2736.6104228198528 2733.5827029645443 1029.232533454895 389.61585432291031 782.1135106086731 251.10236024856567 3252.1232052743435
leaf_count=8408 802 4186 528 9109 178 4820 1968 4019 4034 1622 696 1204 360 4750
internal_value=-3.63146e-05 -0.00114249 0.0019717 -0.000311299 0.00370072 -0.00201934 0.00127467 0.00350986 0.00186888 5.13297e-05 -0.00243209 -0.00144488 -0.0011581 0.000848345
internal_weight=31111.6 20064.4 11047.2 10307.6 3167.37 9756.77 7879.88 3035.22 3279.21 7210.07 5663.58 4093.19 3097.51 4600.67
internal_count=46684 30405 16279 15277 4725 15128 11554 4547 4836 10731 9104 6024 4546 6718
is_linear=0
shrinkage=0.02


Tree=17
num_leaves=15
num_cat=0
split_feature=24 24 24 1 34 24 27 24 18 13 46 16 16 44
split_gain=165.96 34.7761 31.6922 6.87636 6.28114 5.44356 5.03656 5.01675 3.66419 3.17821 3.01155 2.83696 2.46176 2.12481
threshold=0.87836214164545579 1.3100230269197726 0.5974354751273 22.328500000000002 0.29562338994563214 0.46568918361497574 2.3865142105686705 1.1128454638082939 2.9168782931201132 0.95223645941716673 1.1833333333333336 19.41 12.360000000000005 1.518548013287111
decision_type=2 2 2 2 2 2 2 2 2 2 2 2 2 2
left_child=2 7 5 -4 8 12 -6 9 -3 -2 -9 -5 -1 -7
right_child=1 4 3 11 6 13 -8 10 -10 -11 -12 -13 -14 -15
leaf_value=-0.002497816994276994 0.00049452718400782875 0.0010181917653647543 -0.0011336476946303229 -9.5783858004152916e-05 0.0038741973809793408 -0.001638667946171114 0.008027835609667083 0.00066208617882451931 0.0044226721719257938 0.0014819453775339498 0.0022428303580087875 0.0016221972467110584 -0.00080579803553013757 -0.00045909410284515048
leaf_weight=5273.9606870114803 3829.5127935409546 513.95713222026825 3088.4700493514538 6067.2926971912384 2352.7415908873081 3311.0801404714584 128.29558569192886 651.50183528661728 172.37446835637093 2017.5371453464031 2124.756805151701 408.39154288172722 389.61585432291031 782.1135106086731
leaf_count=8408 5438 873 4529 9012 3419 4820 175 952 258 3131 3124 645 696 1204
internal_value=-3.55647e-05 0.00183381 -0.00117695 -0.000357417 0.00362699 -0.00197904 0.0040993 0.00117332 0.00189813 0.000837338 0.00187622 1.14849e-05 -0.00238351 -0.00141606
internal_weight=31111.6 11790.7 19320.9 9564.15 3167.37 9756.77 2481.04 8623.31 686.332 5847.05 2776.26 6475.68 5663.58 4093.19
internal_count=46684 17370 29314 14186 4725 15128 3594 12645 1131 8569 4076 9657 9104 6024
is_linear=0
shrinkage=0.02


Tree=18
num_leaves=15
num_cat=0
split_feature=24 24 24 24 32 44 24 32 27 24 29 32 33 43
split_gain=159.506 33.644 30.5887 7.24382 5.51387 5.38322 5.22593 3.50335 3.154 2.64196 2.44911 2.3587 2.32229 2.13411
threshold=0.90315093367978883 0.5974354751273 1.4068528179905084 1.1795663400291057 0.8500000000000002 0.98908298323076604 0.46568918361497574 1.1500000000000001 1.3119128514894809 0.758467540165492 2.2500000000000004 1.5500000000000003 -1.0000000180025095e-35 0.35000000000000003
decision_type=2 2 2 2 2 2 2 2 2 2 2 2 2 2
left_child=1 6 3 7 8 13 12 -2 -4 -7 -6 -5 -1 -3
right_child=2 5 4 11 10 9 -8 -9 -10 -11 -12 -13 -14 -15
leaf_value=-0.0012995948577428323 0.0007402583307838899 -0.0012989073132439 0.00010232404021075114 0.0020680992572368801 0.004444434056455681 -0.00036029906977829888 -0.0013878033861935751 0.0019203936289711777 0.0032321153733852678 0.00043853895653274714 0.0078539090956292103 0.0043542947650480369 -0.0025016930359416253 -0.0003033924243330208
leaf_weight=791.89199569821358 4955.5678089857101 2243.3572351932526 168.90560346841812 2309.8985351026058 1369.1455566287041 3284.5137132406235 4093.1936510801315 1284.948233217001 651.07109981775284 3330.7939512133598 101.37504914402962 206.33624017238617 4871.6845456361771 1448.9186197221279
leaf_count=1220 7285 3306 308 3390 1977 4916 6024 1877 1013 4951 132 297 7884 2104
internal_value=-3.48056e-05 -0.0010977 0.0018946 0.00135404 0.00395383 -0.000299651 -0.00193954 0.000985392 0.0026014 4.0414e-05 0.00469662 0.00226285 -0.0023359 -0.000911331
internal_weight=31111.6 20064.4 11047.2 8756.75 2290.5 10307.6 9756.77 6240.52 819.977 6615.31 1470.52 2516.23 5663.58 3692.28
internal_count=46684 30405 16279 12849 3430 15277 15128 9162 1321 9867 2109 3687 9104 5410
is_linear=0
shrinkage=0.02


Tree=19
num_leaves=15
num_cat=0
split_feature=24 24 24 1 34 24 24 31 18 1 16 13 1 31
split_gain=153.218 32.3121 29.3985 7.24746 5.95106 5.01761 4.69359 4.54986 3.49708 3.0759 2.36703 2.33633 2.26137 1.79328
threshold=0.90315093367978883 0.5974354751273 1.3100230269197726 22.009000000000004 0.29562338994563214 0.46568918361497574 1.5175323826954117 0.82293388444362037 2.9168782931201132 21.404666666666675 12.360000000000005 0.95223645941716673 34.32350000000001 1.3511997458497855
decision_type=2 2 2 2 2 2 2 2 2 2 2 2 2 2
left_child=1 5 7 13 8 10 -6 9 -4 -2 -1 -9 -5 -3
right_child=2 3 4 12 6 -7 -8 11 -10 -11 -12 -13 -14 -15
leaf_value=-0.0024012829930891012 0.00037669214257027419 -0.00095289217458685864 0.00094279990507850956 -9.683679044636428e-05 0.0030124314195491674 -0.0013600608782941596 0.004802031766394166 0.00045484554010170598 0.0042680890510484876 0.002046361857691672 -0.00074254896112954736 0.0014086290904501706 0.00088416199154032278 -0.0027392381044759164
leaf_weight=5273.9606870114803 545.62318906188011 2846.406503111124 513.95713222026825 6102.6260126829147 1197.8398858010769 4093.1936510801315 1283.1972907781601 2996.2197023034096 172.37446835637093 2733.5827029645443 389.61585432291031 1604.4537550508976 1107.4486433267593 251.10236024856567
leaf_count=8408 802 4186 873 9001 1732 6024 1862 4249 258 4034 696 2469 1730 360
internal_value=-3.40606e-05 -0.0010758 0.00185692 -0.000293683 0.00348545 -0.00190081 0.00394517 0.00120034 0.00180246 0.00177199 -0.00228924 0.000790111 5.26589e-05 -0.0011026
internal_weight=31111.6 20064.4 11047.2 10307.6 3167.37 9756.77 2481.04 7879.88 686.332 3279.21 5663.58 4600.67 7210.07 3097.51
internal_count=46684 30405 16279 15277 4725 15128 3594 11554 1131 4836 9104 6718 10731 4546
is_linear=0
shrinkage=0.02


Tree=20
num_leaves=15
num_cat=0
split_feature=26 26 1 0 26 32 26 1 13 32 32 49 47 26
split_gain=114.932 33.6023 16.9525 12.0148 7.59743 6.46823 5.90916 4.66072 4.4983 3.97597 3.63727 2.90188 2.57515 2.30153
threshold=0.78888888888888908 1.3875000000000002 24.058166666666672 26.607589456542012 2.0500000000000003 0.75000000000000011 0.29285714285714287 31.703166666666664 0.10695994030176686 0.95000000000000007 0.55000000000000016 1.2500000000000002 0.65307044170415884 2.5277777777777781
decision_type=2 2 2 2 2 2 2 2 2 2 2 2 2 2
left_child=2 3 6 11 8 7 -1 -4 -3 -5 -8 -2 -7 -6
right_child=1 4 5 9 13 12 10 -9 -10 -11 -12 -13 -14 -15
leaf_value=-0.0026967793141198606 -0.00027173859645579317 0.0017247273972758506 -0.0013927402653422999 0.00087659160344915308 0.0046396875267950164 -0.0017827851640088005 -0.001975336307517608 0.00021829558370754237 0.0032430532361943454 0.0018919463476526385 -0.0010568728019609995 0.00084650654183318424 0.00050994868329626004 0.0087387892207555079
leaf_weight=2094.2721287608147 4009.090104341507 1461.3234643936157 2670.6635486781597 4066.097888559103 325.550765812397 209.22315233945847 3245.3910923302174 967.79661792516708 1804.6568102240562 2555.7865428626537 3863.9350101649761 1205.4257983863354 2493.9796307384968 78.905943214893341
leaf_count=3309 5926 2013 4053 5983 464 318 4864 1518 2739 3754 5812 1862 3827 104
internal_value=6.40851e-06 0.00122492 -0.00120845 0.000705111 0.00289717 -0.000410546 -0.00175694 -0.000961588 0.00256823 0.00127044 -0.00147799 -1.10944e-05 0.000327612 0.00550305
internal_weight=31052.1 15506.8 15545.3 11836.4 3670.44 6341.66 9203.6 3638.46 3265.98 6621.88 7109.33 5214.52 2703.2 404.457
internal_count=46546 22845 23701 17525 5320 9716 13985 5571 4752 9737 10676 7788 4145 568
is_linear=0
shrinkage=0.02


Tree=21
num_leaves=15
num_cat=0
split_feature=24 24 24 1 13 45 2 24 24 1 13 1 24 30
split_gain=152.585 32.0762 24.3697 7.27449 6.0195 5.34867 4.89693 4.81969 4.12517 2.81926 2.55571 2.37848 2.13702 1.91484
threshold=0.90315093367978883 0.5974354751273 1.4068528179905084 22.533666666666672 0.012706500820191152 0.90000000000000013 26.212583333333338 0.37229636590520737 1.1795663400291057 25.04216666666667 2.4769091732542825 31.451833333333337 0.75476355142399021 -0.16453370319567931
decision_type=2 2 2 2 2 2 2 2 2 2 2 2 2 2
left_child=1 7 5 12 -4 13 -6 9 -7 -1 -9 -5 -3 -2
right_child=2 3 4 11 6 8 -8 10 -10 -11 -12 -13 -14 -15
leaf_value=-0.0027396951064121984 0.0015314023505859718 -0.0013925058292470845 0.002397432829696134 -0.00014728492316765207 0.0022274394918594558 0.0013388877016523295 0.0051836891132926131 -0.0016202395803592083 0.0024106933605119625 -0.0011129228227163186 0.00022786447249549381 0.00063420923282051336 -0.00034260816921532214 8.2838087832482581e-06
leaf_weight=2775.1911954581738 449.27783426642418 2152.6442998349667 865.82234397530556 4522.2054401040077 303.19133219122887 4910.6490732729435 1106.1676718294621 6127.8076320290565 2095.870811611414 534.3088975250721 304.28938826918602 2364.8004596531391 1259.3252208828926 1280.5468978285789
leaf_count=4569 662 3122 1221 6634 516 7172 1699 9080 3056 951 495 3626 1875 1868
internal_value=6.31063e-06 -0.00103257 0.00189778 -0.00025316 0.00374355 0.0014152 0.00455886 -0.00185532 0.00166152 -0.00248091 -0.00153121 0.000119712 -0.00100836 0.000410961
internal_weight=31052.1 20040.6 11011.5 10299 2275.18 8736.34 1409.36 9741.6 7006.52 3309.5 6432.1 6887.01 3411.97 1729.82
internal_count=46546 30352 16194 15257 3436 12758 2215 15095 10228 5520 9575 10260 4997 2530
is_linear=0
shrinkage=0.02


Tree=22
num_leaves=15
num_cat=0
split_feature=24 24 24 1 13 45 34 24 32 1 46 1 32 43
split_gain=146.564 30.8056 23.408 6.98734 5.77881 5.13461 4.9694 4.62833 4.09586 2.70502 2.56477 2.28449 2.05355 1.88654
threshold=0.90315093367978883 0.5974354751273 1.4068528179905084 22.533666666666672 0.012706500820191152 0.90000000000000013 0.17505822663627887 0.37229636590520737 0.95000000000000007 25.04216666666667 1.3541666666666667 31.451833333333337 0.55000000000000016 0.14999999999999999
decision_type=2 2 2 2 2 2 2 2 2 2 2 2 2 2
left_child=1 7 5 12 13 -2 -6 9 -7 -1 -9 -5 -3 -4
right_child=2 3 4 11 6 8 -8 10 -10 -11 -12 -13 -14 -15
leaf_value=-0.0026849406929595489 0.00040289277281277148 -0.0016259507138515563 0.00041442272981667596 -0.00014434052843214119 0.0007817497449810831 0.0012201450958848452 0.004862411683985767 -0.0017340201631838726 0.0022149147882245378 -0.0010907473322671287 -0.00079886370461449904 0.00062153577288055425 -0.00059983463505360339 0.0028195849687638335
leaf_weight=2775.1911954581738 1729.8247320950031 1279.4317569732666 174.08262181282043 4522.2054401040077 139.23415270447731 4145.1326053440571 1270.1248513162136 4813.4686043560505 2861.3872795403004 534.3088975250721 1618.6284159421921 2364.8004596531391 2132.5377637445927 691.73972216248512
leaf_count=4569 2530 1900 267 6634 272 6068 1943 7067 4160 951 2508 3626 3097 954
internal_value=6.20838e-06 -0.00101196 0.00185999 -0.000248121 0.00366902 0.00138699 0.00446804 -0.00181826 0.00162834 -0.0024314 -0.00150057 0.000117292 -0.000988267 0.00234959
internal_weight=31052.1 20040.6 11011.5 10299 2275.18 8736.34 1409.36 9741.6 7006.52 3309.5 6432.1 6887.01 3411.97 865.822
internal_count=46546 30352 16194 15257 3436 12758 2215 15095 10228 5520 9575 10260 4997 1221
is_linear=0
shrinkage=0.02


Tree=23
num_leaves=15
num_cat=0
split_feature=24 24 24 1 45 14 24 24 34 1 46 1 42 24
split_gain=140.782 29.5871 22.4864 6.7116 4.93024 4.51037 4.44385 3.9452 3.68022 2.59537 2.4617 2.1942 2.11505 2.04623
threshold=0.90315093367978883 0.5974354751273 1.4068528179905084 22.533666666666672 0.90000000000000013 10.500000000000002 0.37229636590520737 1.1795663400291057 0.17505822663627887 25.04216666666667 1.3541666666666667 31.451833333333337 0.15000000000000005 0.75476355142399021
decision_type=2 2 2 2 2 2 2 2 2 2 2 2 2 2
left_child=1 6 4 13 -2 8 9 -6 -4 -1 -8 -5 -7 -3
right_child=2 3 5 11 7 12 10 -9 -10 -11 -12 -13 -14 -15
leaf_value=-0.0026312805768336301 0.00039484422507328606 -0.0013444340702250183 0.00097173640704160372 -0.00014145499644035019 0.0012802865918090812 -0.0002699945738527705 -0.0016993541655005828 0.0023284350273135154 0.0044953866946651141 -0.0010690137440786467 -0.00078290613927481335 0.00060911555298844011 0.002686106327604066 -0.00031708563314000417
leaf_weight=2775.1911954581738 1729.8247320950031 2152.6442998349667 138.61057457327843 4522.2054401040077 4910.6490732729435 108.28597751259804 4813.4686043560505 2095.870811611414 1442.2741387784481 534.3088975250721 1618.6284159421921 2364.8004596531391 586.01065713167191 1259.3252208828926
leaf_count=4569 2530 3122 262 6634 7172 178 7067 3056 2167 951 2508 3626 829 1875
internal_value=6.09021e-06 -0.000991785 0.00182294 -0.000243185 0.00135931 0.00359606 -0.00178198 0.00159582 0.00419437 -0.00238288 -0.0014706 0.00011492 0.00221125 -0.000968587
internal_weight=31052.1 20040.6 11011.5 10299 8736.34 2275.18 9741.6 7006.52 1580.88 3309.5 6432.1 6887.01 694.297 3411.97
internal_count=46546 30352 16194 15257 12758 3436 15095 10228 2429 5520 9575 10260 1007 4997
is_linear=0
shrinkage=0.02


Tree=24
num_leaves=15
num_cat=0
split_feature=24 24 24 13 47 24 2 24 32 26 13 32 14 26
split_gain=135.225 28.4168 21.5974 5.41804 5.15597 4.63805 4.57908 4.2667 2.62984 2.52604 2.45553 2.3888 2.16839 2.10588
threshold=0.90315093367978883 0.5974354751273 1.4068528179905084 0.012706500820191152 1.3307493627987472 1.1795663400291057 26.212583333333338 0.37229636590520737 0.95000000000000007 0.58571428571428574 2.4769091732542825 0.45000000000000007 8.5000000000000018 1.4722222222222225
decision_type=2 2 2 2 2 2 2 2 2 2 2 2 2 2
left_child=1 7 5 -4 11 8 -5 9 -2 -1 -9 -3 -6 -7
right_child=2 4 3 6 12 13 -8 10 -10 -11 -12 -13 -14 -15
leaf_value=-0.0024848179971543099 0.00071797828350659773 -0.0012991010342652245 0.0022463136968440657 0.0020442777392326991 0.0011733105666998248 0.0024630567403489188 0.0049020832200162012 -0.0015285610095349417 0.0015796849495116584 -0.00023694286197691909 0.00028319242082847085 -0.00037998600576834323 5.6495065337065931e-05 0.0011826329931579234
leaf_weight=3084.6086668968201 3944.6064762175083 1546.7411218881607 865.82234397530556 303.19133219122887 875.39793333411217 1713.0969269275665 1106.1676718294621 6127.8076320290565 2283.7475373148918 224.89142608642578 304.28938826918602 4414.9295517206192 3461.906813532114 794.89367651939392
leaf_count=5077 5734 2297 1221 516 1393 2514 1699 9080 3359 443 495 6481 5086 1151
internal_value=5.96133e-06 -0.000972014 0.0017866 0.00352437 -0.000238345 0.00133219 0.00429815 -0.00174643 0.00103595 -0.00233532 -0.00144124 -0.000620481 0.000284643 0.00206248
internal_weight=31052.1 20040.6 11011.5 2275.18 10299 8736.34 1409.36 9741.6 6228.35 3309.5 6432.1 5961.67 4337.3 2507.99
internal_count=46546 30352 16194 3436 15257 12758 2215 15095 9093 5520 9575 8778 6479 3665
is_linear=0
shrinkage=0.02


Tree=25
num_leaves=15
num_cat=0
split_feature=24 24 24 1 27 32 2 32 33 16 4 4 13 52
split_gain=133.472 33.7328 14.5535 5.38858 4.97812 4.39129 3.95159 3.41606 3.36073 2.58906 2.58011 1.96063 1.44935 1.4148
threshold=0.7791693560887204 1.2064050945622655 0.49581239301534596 24.255333333333336 2.3865142105686705 0.45000000000000007 18.341041666666669 0.95000000000000007 1.0000000180025095e-35 8.8900000000000023 44.894117357831881 49.226659207923419 2.5237157855268095 1.8500000000000003
decision_type=2 2 2 2 2 2 2 2 2 2 2 2 2 2
left_child=2 3 8 11 6 13 -3 -5 12 -7 -10 -2 -1 -4
right_child=1 4 5 7 -6 9 -8 -9 10 -11 -12 -13 -14 -15
leaf_value=-0.0011939905854149422 -9.5897209366473655e-05 -2.3684068254705939e-05 -0.0015442573949005882 0.0007281967981449249 0.0067722641696851341 -0.00081400289025770217 0.0028583313885946109 0.0016172284558567645 -0.0023790969636286407 -3.064124506659698e-05 -0.0011809972842666495 0.0020472785481537555 0.0015110960497920788 0.00023835903604816518
leaf_weight=1193.21648016572 2726.3469744622707 192.23664578795433 2489.5041461288929 4872.3593791723251 128.00861233472824 3749.2426642477512 4133.5071018636227 2748.1519646346569 4415.7395594120026 3117.8908176124096 909.90584659576416 179.96042504906654 79.993092924356461 180.92940634489059
leaf_count=1837 3988 321 3712 7186 173 5452 6138 4095 6988 4686 1530 245 153 254
internal_value=3.02418e-05 0.00138992 -0.00123143 0.000771027 0.00284946 -0.000729912 0.00272799 0.00105046 -0.00195435 -0.000459901 -0.00217679 3.46878e-05 -0.00101409 -0.00141965
internal_weight=31117 14980.6 16136.4 10526.8 4453.75 9537.57 4325.74 7620.51 6598.85 6867.13 5325.65 2906.31 1273.21 2670.43
internal_count=46758 22146 24612 15514 6632 14104 6459 11281 10508 10138 8518 4233 1990 3966
is_linear=0
shrinkage=0.02


Tree=26
num_leaves=15
num_cat=0
split_feature=24 24 24 1 24 32 27 32 44 0 27 1 4 23
split_gain=128.198 32.3972 13.9765 5.17528 4.86328 4.21588 3.79026 3.27989 3.22726 2.66356 2.57615 2.48057 1.88383 1.85394
threshold=0.7791693560887204 1.2064050945622655 0.49581239301534596 24.255333333333336 1.4966891256562751 0.45000000000000007 1.3468955493025392 0.95000000000000007 2.8417000575920266 30.088379085114273 0.29998805677194523 29.683333333333337 49.226659207923419 1.8542289493760959
decision_type=2 2 2 2 2 2 2 2 2 2 2 2 2 2
left_child=2 3 8 12 9 13 -6 -5 10 -3 -1 -7 -2 -4
right_child=1 4 5 7 6 11 -8 -9 -10 -11 -12 -13 -14 -15
leaf_value=-0.0024365359825113202 -9.3980666541419489e-05 0.001539616439946768 -0.00147792022342819 0.00071363885210927848 0.0011433325903767208 -0.00067520445472043242 0.0039995616702110607 0.0015849074161507662 0.0020357328556325246 0.0028275253568072539 -0.0016141415865074105 0.00018945675217696 0.0020067829969891231 0.0017996440552318174
leaf_weight=2761.1553401648998 2726.3469744622707 1226.1218012273312 2603.8750797510147 4872.3593791723251 225.96965837478638 5095.8969993889332 1502.1276529729366 2748.1519646346569 77.697318375110626 1499.5332474112511 3760.0023205578327 1771.2364824712276 179.96042504906654 66.558472722768784
leaf_count=4389 3988 1891 3869 7186 428 7421 2175 4095 142 2138 5977 2717 245 97
internal_value=2.9635e-05 0.00136218 -0.00120686 0.000755641 0.00279256 -0.000715343 0.00363361 0.00102949 -0.00191531 0.00225339 -0.00196453 -0.000450737 3.39521e-05 -0.0013912
internal_weight=31117 14980.6 16136.4 10526.8 4453.75 9537.57 1728.1 7620.51 6598.85 2725.66 6521.16 6867.13 2906.31 2670.43
internal_count=46758 22146 24612 15514 6632 14104 2603 11281 10508 4029 10366 10138 4233 3966
is_linear=0
shrinkage=0.02


Tree=27
num_leaves=15
num_cat=0
split_feature=24 24 24 17 34 24 32 33 24 34 17 23 17 16
split_gain=123.132 31.1187 13.4226 5.79228 5.64957 5.17423 4.04776 3.22318 2.68617 2.48278 2.14703 1.78347 1.43454 1.16883
threshold=0.7791693560887204 1.2064050945622655 0.49581239301534596 1.5966163094165002 0.09584516484706411 1.5175323826954117 0.45000000000000007 1.0000000180025095e-35 0.97060291641036878 0.2698979714233149 2.6601052519883486 1.8044871977507184 1.4005824436210388 12.140000000000002
decision_type=2 2 2 2 2 2 2 2 2 2 2 2 2 2
left_child=2 3 7 12 -3 -6 11 13 -5 -8 -9 -4 -2 -1
right_child=1 4 6 8 5 -7 9 10 -10 -11 -12 -13 -14 -15
leaf_value=-0.0011504386273905416 0.00025272426524492343 -0.00069844378298681425 -0.0014545255367048278 0.00065898666427565127 0.0023513153302659327 0.0038282606450358459 -0.00090142799277281838 -0.0021524793792192863 0.0014128604224495434 -0.000123899974041019 0.00064296923414088188 0.0015481980094318346 -0.00073972729001917526 0.00091380049761287396
leaf_weight=1158.9830197095871 1975.9410409331322 178.39361098408699 2593.6024422049522 4014.4973939657211 2747.8839914500713 1527.4747575521469 2792.4122804999352 5219.8030881881714 3714.0907250344753 4074.7212013602257 105.84231781959534 76.831110268831253 822.28958338499069 114.22655338048935
leaf_count=1786 2993 319 3854 5921 4039 2274 4119 8339 5406 6019 179 112 1194 204
internal_value=2.90829e-05 0.00133504 -0.00118272 0.000740564 0.00273693 0.00288287 -0.000701016 -0.00187702 0.00102284 -0.000441696 -0.00209482 -0.0013633 -3.5667e-05 -0.00095626
internal_weight=31117 14980.6 16136.4 10526.8 4453.75 4275.36 9537.57 6598.85 7728.59 6867.13 5325.65 2670.43 2798.23 1273.21
internal_count=46758 22146 24612 15514 6632 6313 14104 10508 11327 10138 8518 3966 4187 1990
is_linear=0
shrinkage=0.02


Tree=28
num_leaves=15
num_cat=0
split_feature=24 24 24 34 24 44 32 19 33 4 16 48 44 16
split_gain=118.262 29.8859 12.8889 5.42932 4.96697 4.91339 3.88581 3.25237 3.09442 2.43088 2.42102 1.6064 1.57825 1.12904
threshold=0.7791693560887204 1.2064050945622655 0.49581239301534596 0.09584516484706411 1.5175323826954117 1.0436198218531836 0.45000000000000007 0.34739081040530279 1.0000000180025095e-35 44.894117357831881 8.8900000000000023 1.7500000000000002 1.0257581006511838 14.167500000000002
decision_type=2 2 2 2 2 2 2 2 2 2 2 2 2 2
left_child=2 5 8 -3 -5 11 12 -7 13 -10 -8 -2 -4 -1
right_child=1 3 6 4 -6 7 10 -9 9 -11 -12 -13 -14 -15
leaf_value=-0.0010779017311836495 8.006421673418443e-05 -0.00068462978475181222 -0.0018166158597292007 0.0023043232287429088 0.0037517955402484055 0.00062001202765786783 -0.00077527674777033196 0.0014487802556719307 -0.0022491894690227763 -0.0010865175072314827 -1.7749201746526686e-05 -0.0025536445590473773 -0.00082162988836547801 0.0015854288034817439
leaf_weight=1210.683689057827 2582.2771132588387 178.39361098408699 1367.7269597351551 2747.8839914500713 1527.4747575521469 4473.9450997114182 3749.2426642477512 3376.5555751025677 4415.7395594120026 909.90584659576416 3117.8908176124096 94.040955245494843 1302.7065927386284 62.525884032249451
leaf_count=1878 3761 319 1979 4039 2274 6531 5452 5077 6988 1530 4686 145 1987 112
internal_value=2.85069e-05 0.00130839 -0.00115909 0.00268224 0.00282532 0.000725777 -0.000687021 0.000978023 -0.00183946 -0.0020529 -0.000432897 -1.05836e-05 -0.00133596 -0.000936985
internal_weight=31117 14980.6 16136.4 4453.75 4275.36 10526.8 9537.57 7850.5 6598.85 5325.65 6867.13 2676.32 2670.43 1273.21
internal_count=46758 22146 24612 6632 6313 15514 14104 11608 10508 8518 10138 3906 3966 1990
is_linear=0
shrinkage=0.02


Tree=29
num_leaves=15
num_cat=0
split_feature=24 24 24 26 17 34 32 44 33 24 30 34 24 23
split_gain=113.59 28.702 12.3767 5.47603 5.45189 4.74534 3.73194 3.02241 2.76179 2.58185 2.39904 2.36689 2.01635 1.71977
threshold=0.7791693560887204 1.2064050945622655 0.49581239301534596 2.2111111111111117 1.5966163094165002 0.09584516484706411 0.45000000000000007 2.8417000575920266 1.0000000180025095e-35 1.0687397107879193 -0.22839327867512835 0.2698979714233149 2.0065851873926817 1.8542289493760959
decision_type=2 2 2 2 2 2 2 2 2 2 2 2 2 2
left_child=2 4 7 5 10 -3 13 8 -1 -6 -2 -8 -5 -4
right_child=1 3 6 12 9 -7 11 -9 -10 -11 -12 -13 -14 -15
leaf_value=-0.0009889048434914055 0.0013453575919106398 -0.00067108895496094747 -0.0013930003791520673 0.0032881448836784124 0.0007743827227182211 0.0026110054667108367 -0.00087312686673056558 0.0020199127794657706 -0.0020531151390991388 0.001635339383218751 -0.0002912882947565569 -0.00011394194656601855 0.0077493655567790996 0.0017624498761728738
leaf_weight=1253.8205619454384 419.25408953428268 178.39361098408699 2603.8750797510147 86.658163666725159 5851.5610500276089 4076.8593217432499 2792.4122804999352 77.697318375110626 5267.3370987772942 1877.0270689725876 2378.9765347838402 4074.7212013602257 111.84126359224319 66.558472722768784
leaf_count=1952 628 319 3869 126 8580 6044 4119 142 8414 2747 3559 6019 143 97
internal_value=2.79094e-05 0.00128226 -0.00113598 0.00262864 0.000711279 0.00247081 -0.000673358 -0.00180272 -0.0018504 0.000985144 -4.17156e-05 -0.000424273 0.00590385 -0.00130935
internal_weight=31117 14980.6 16136.4 4453.75 10526.8 4255.25 9537.57 6598.85 6521.16 7728.59 2798.23 6867.13 198.499 2670.43
internal_count=46758 22146 24612 6632 15514 6363 14104 10508 10366 11327 4187 10138 269 3966
is_linear=0
shrinkage=0.02


Tree=30
num_leaves=15
num_cat=0
split_feature=24 24 24 27 0 13 47 1 24 46 32 30 34 32
split_gain=104.177 29.0159 11.0185 7.61331 5.84278 4.73027 3.18056 2.58832 2.55808 1.98897 1.94895 1.91078 1.80822 1.41447
threshold=0.76550879607695999 1.1795663400291057 0.50010782136313969 2.0687430439901795 19.711291546943674 1.358600431353935 1.199233070668154 29.683333333333337 1.8093541491699188 1.4142857142857144 0.55000000000000016 -0.13205909307342903 0.60151903209606905 0.75000000000000011
decision_type=2 2 2 2 2 2 2 2 2 2 2 2 2 2
left_child=2 5 9 4 -3 6 -2 10 -5 12 -4 -7 -1 -11
right_child=1 3 7 8 -6 11 -8 -9 -10 13 -12 -13 -14 -15
leaf_value=-0.0017693757798477184 -0.00025755965598191601 -0.00061519878306926803 -0.0013733062424094306 0.0027394142412166941 0.0023261428064379149 0.0021113883829137789 0.00056434660217872688 -0.00015474688633557298 0.0063803281122564596 -0.0015300513199338426 -0.00067425291382633521 0.00089131044217061889 -0.0025986442314124901 3.3985945254168681e-05
leaf_weight=4103.1118606328964 2975.8410437405109 282.5351514518261 2769.4200609624386 137.49189853668213 4142.5891349315643 737.20998355746269 5066.7142319977283 2118.2971386015415 242.00488379597664 682.33942776918411 4005.5978001356125 1897.1230319440365 1540.9706619977951 330.64092499017715
leaf_count=6458 4283 469 4051 194 6129 1168 7320 3255 340 1150 5833 2967 2368 568
internal_value=-7.71194e-05 0.00108385 -0.00123358 0.00237481 0.00213589 0.000501645 0.000259 -0.000770771 0.00510871 -0.00184994 -0.000961801 0.00123788 -0.0019984 -0.00101063
internal_weight=31031.9 15481.5 15550.4 4804.62 4425.12 10676.9 8042.56 8893.31 379.497 6657.06 6775.02 2634.33 5644.08 1012.98
internal_count=46553 22870 23683 7132 6598 15738 11603 13139 534 10544 9884 4135 8826 1718
is_linear=0
shrinkage=0.02


Tree=31
num_leaves=15
num_cat=0
split_feature=27 27 27 31 0 27 31 32 47 26 2 33 27 31
split_gain=76.0954 29.487 8.91653 8.59916 5.94759 5.69397 4.90155 3.8609 3.14425 3.09863 3.00965 2.89421 1.7138 1.41973
threshold=0.72024735692589714 1.4531773521506686 0.43331065299646304 0.93509245309779832 30.889546565550884 2.0687430439901795 1.4104019342155791 0.75000000000000011 1.199233070668154 1.3166666666666669 29.880833333333339 -0.34999999999999992 0.13885636614326807 1.0511672788872513
decision_type=2 2 2 2 2 2 2 2 2 2 2 2 2 2
left_child=2 3 7 4 -2 10 8 11 -4 -5 -3 -1 -9 -7
right_child=1 5 6 9 -6 13 -8 12 -10 -11 -12 -13 -14 -15
leaf_value=-0.00071761006789104937 0.00049246050345153264 0.0014273985752632468 -0.00085029203181719753 -0.00013438093735759502 0.0016891023359186341 0.0065944380623162305 -0.0017734024435944959 -0.0027854898345918266 4.9826835542990941e-06 0.0018931331671602201 0.0029298561413815061 -0.0022362615062177294 -0.00070352833166920981 0.0038266695013700709
leaf_weight=605.2882961332798 4271.4151925742626 897.75537812709808 3957.290079087019 6370.7442735135555 2755.8135829865932 158.87150791287422 1421.1522064507008 178.75737512111664 2998.2265850007534 314.28187519311905 1475.4105284512043 3771.9236616194248 1632.2532932162285 222.70339965820312
leaf_count=882 6494 1300 5887 9397 3944 226 2185 297 4570 471 2159 5875 2553 313
internal_value=-7.55691e-05 0.00085547 -0.00112886 0.000475061 0.000963508 0.00274369 -0.000701236 -0.00170568 -0.000480287 -3.70287e-05 0.00236738 -0.00202897 -0.000917392 0.0050335
internal_weight=31031.9 16467 14564.9 13712.3 7027.23 2754.74 8376.67 6188.22 6955.52 6685.03 2373.17 4377.21 1811.01 381.575
internal_count=46553 24304 22249 20306 10438 3998 12642 9607 10457 9868 3459 6757 2850 539
is_linear=0
shrinkage=0.02


Tree=32
num_leaves=15
num_cat=0
split_feature=27 27 27 1 27 30 33 30 32 1 33 3 43 27
split_gain=73.096 28.3289 8.56453 8.37712 5.47203 3.97835 3.8173 3.75125 3.70553 3.66344 2.77752 2.70862 2.07542 1.64603
threshold=0.72024735692589714 1.4531773521506686 0.43331065299646304 29.602166666666665 2.0687430439901795 -0.065728214176617131 0.19999999999999998 -0.097259004997002241 0.75000000000000011 31.539166666666677 -0.34999999999999992 45.732211957348632 0.35000000000000003 0.13885636614326807
decision_type=2 2 2 2 2 2 2 2 2 2 2 2 2 2
left_child=2 3 8 6 9 12 -2 -5 10 -3 -1 -7 -4 -10
right_child=1 4 5 7 -6 11 -8 -9 13 -11 -12 -13 -14 -15
leaf_value=-0.0007033051144596477 0.00055561702975195535 0.0014513075150858676 -0.00058858005003549019 0.0017745910331556783 0.0049344344402892535 -0.0013040364054198066 -0.00035288436698605887 0.00068691442222957656 -0.0027303964706288674 0.0030563889610799345 -0.002191560020730658 -0.00010934504063646788 0.00038492478060021319 -0.00068947497889914027
leaf_weight=605.2882961332798 3154.8858304917812 1097.456796169281 2087.5139787197113 1844.3098537623882 381.57490757107735 3823.131758838892 4463.4569752514362 4249.6022647619247 178.75737512111664 1275.7091104090214 3771.9236616194248 970.82338812947273 1495.1997448503971 1632.2532932162285
leaf_count=882 4525 1585 3142 2751 539 5737 6628 6402 297 1874 5875 1553 2210 2553
internal_value=-7.40324e-05 0.000838467 -0.00110636 0.000465586 0.00268924 -0.000687224 2.20764e-05 0.00101821 -0.0016717 0.00232019 -0.00198846 -0.00106433 -0.000179523 -0.000899231
internal_weight=31031.9 16467 14564.9 13712.3 2754.74 8376.67 7618.34 6093.91 6188.22 2373.17 4377.21 4793.96 3582.71 1811.01
internal_count=46553 24304 22249 20306 3998 12642 11153 9153 9607 3459 6757 7290 5352 2850
is_linear=0
shrinkage=0.02


Tree=33
num_leaves=15
num_cat=0
split_feature=27 27 18 1 27 27 17 33 1 30 15 26 33 29
split_gain=70.2139 27.2127 8.48576 8.04615 5.25419 4.41588 3.70602 3.66624 3.51629 3.30054 2.86552 2.01448 1.91403 1.86643
threshold=0.72024735692589714 1.4531773521506686 1.7884831769315699 29.602166666666665 2.0687430439901795 0.37008356100930806 3.3356991799618543 0.19999999999999998 31.539166666666677 -0.048409447515065845 16.603669898865494 0.21111111111111114 -0.14999999999999988 2.2500000000000004
decision_type=2 2 2 2 2 2 2 2 2 2 2 2 2 2
left_child=2 3 5 7 8 -1 -5 -2 -3 -7 11 -4 -12 -6
right_child=1 4 10 6 13 9 -8 -9 -10 -11 12 -13 -14 -15
leaf_value=-0.0019735039946550481 0.00054451171591836335 0.0014223341784937449 -0.0020976203258129241 0.00088635958912151327 0.0037735378280960023 -0.00052345715878880455 0.003247427476360159 -0.00034582984033704775 0.0029953568619688919 -0.0014916294127326802 0.0037286693998153813 -0.00045461443897171542 0.00041758438705932934 0.0070644039257103655
leaf_weight=3727.8396372199059 3154.8858304917812 1097.456796169281 325.21762642264366 5812.9262454509735 265.03875103592873 2476.9714743494987 280.98587307333946 4463.4569752514362 1275.7091104090214 3400.4049025774002 83.088615417480469 4096.5416884124279 454.82755222916603 116.53615653514862
leaf_count=5810 4525 1585 520 8750 384 3673 403 6628 1874 5151 125 6281 689 155
internal_value=-7.25464e-05 0.000821776 -0.00108432 0.000456296 0.00263574 -0.00143159 0.000997897 2.16097e-05 0.00227394 -0.00108562 -0.000409459 -0.000578611 0.000959466 0.00483626
internal_weight=31031.9 16467 14564.9 13712.3 2754.74 9605.22 6093.91 7618.34 2373.17 5877.38 4959.68 4421.76 537.916 381.575
internal_count=46553 24304 22249 20306 3998 14634 9153 11153 3459 8824 7615 6801 814 539
is_linear=0
shrinkage=0.02


Tree=34
num_leaves=15
num_cat=0
split_feature=24 24 24 0 1 24 1 14 24 18 18 19 50 51
split_gain=91.078 20.7588 16.3053 6.00773 3.5494 3.54796 3.5347 3.43296 2.6581 2.63594 2.20246 1.87355 1.81755 1.46348
threshold=0.90315093367978883 0.60867869990640633 1.4068528179905084 19.711291546943674 29.602166666666665 1.0526353560572206 25.623500000000003 10.500000000000002 0.46568918361497574 2.0224974691175448 0.73322595998167139 1.9151222805785102 0.19140679026591359 1.1887360654068642
decision_type=2 2 2 2 2 2 2 2 2 2 2 2 2 2
left_child=1 8 4 -4 12 -6 11 -5 9 -1 -10 -3 -2 -8
right_child=2 6 3 7 5 -7 13 -9 10 -11 -12 -13 -14 -15
leaf_value=-0.0019509890373523894 0.00034625538154639659 -0.00074032001277822437 -0.0014419569896592184 0.003650646552318977 0.00069261208685378935 0.0018327160790274858 -4.7300675345829618e-05 0.0018738999995695418 0.0013045763777530094 -0.00049748827632487707 -0.0012216149491691946 0.00070902350874975232 0.0014130662149398365 0.00074915878334244309
leaf_weight=5092.2630620002747 3310.386422097683 4340.1130896806717 117.52885776758194 1529.052304059267 1879.0921947062016 2740.5853535532951 3996.1868962049484 657.43776774406433 137.26857972145081 576.1629447042942 4279.6770730614662 380.11773547530174 805.35630774497986 1190.6586465239525
leaf_count=8063 4821 6355 206 2304 2780 4044 5997 944 196 1020 6321 560 1156 1786
internal_value=-7.10475e-05 -0.000876474 0.00138657 0.00288493 0.000989654 0.00137163 -0.00022497 0.00312318 -0.0015153 -0.00180524 -0.00114029 -0.000621237 0.000558019 0.00013382
internal_weight=31031.9 19992.4 11039.4 2304.02 8735.42 4619.68 9907.08 2186.49 10085.4 5668.43 4416.95 4720.23 4115.74 5186.85
internal_count=46553 30298 16255 3454 12801 6824 14698 3248 15600 9083 6517 6915 5977 7783
is_linear=0
shrinkage=0.02


Tree=35
num_leaves=15
num_cat=0
split_feature=24 24 24 1 34 26 49 3 0 24 24 24 36 19
split_gain=91.2869 19.1404 14.3879 6.0185 6.01154 3.46615 2.88911 2.72499 1.98748 1.9331 1.77016 1.66211 1.63139 1.53722
threshold=0.85023769344778788 1.2064050945622655 0.50010782136313969 25.433333333333337 0.27257239765114855 2.2111111111111117 1.2500000000000002 48.225617505406781 24.955131159550806 0.71063848983242528 0.98070184565669549 1.1128454638082939 2.0500000000000003 2.1331077420656448
decision_type=2 2 2 2 2 2 2 2 2 2 2 2 2 2
left_child=2 6 7 9 8 -6 10 -1 -3 -4 -2 -8 -5 -9
right_child=1 4 3 12 5 -7 11 13 -10 -11 -12 -13 -14 -15
leaf_value=-0.0017137677306822429 -5.5847175037552848e-05 -0.00030688134573017041 -0.0011323224225296539 8.017820657989092e-05 0.0025910766479804222 0.0054487853278923073 0.00090582431505629611 -0.00043276709795610994 0.0016096688877309546 -0.00037137470449560356 0.00077561160316243194 0.001916362081685233 -0.0018518194684377961 0.0032244649381054321
leaf_weight=6393.9674038589001 2019.4620704352856 329.99122723937035 4240.0083027482033 5346.3158408105373 3361.5543161034584 186.32667940855026 3326.2284753620625 236.3078308403492 583.94320154190063 2018.8214178681374 2033.2689682245255 845.13124081492424 178.64112803339958 54.399007737636566
leaf_count=10067 2958 576 6115 8070 4913 255 4900 437 876 2987 2951 1253 281 123
internal_value=1.10597e-05 0.00131752 -0.000885846 -0.000464076 0.00237301 0.00274696 0.000743231 -0.00162749 0.00090759 -0.000888669 0.000359009 0.00111378 1.52532e-05 0.000234791
internal_weight=31154.4 12685.9 18468.5 11783.8 4461.82 3547.88 8224.09 6684.67 913.934 6258.83 4052.73 4171.36 5524.96 290.707
internal_count=46762 18682 28080 17453 6620 5168 12062 10627 1452 9102 5909 6153 8351 560
is_linear=0
shrinkage=0.02


Tree=36
num_leaves=15
num_cat=0
split_feature=24 24 24 34 2 13 49 33 13 2 24 34 13 17
split_gain=87.6812 18.3831 13.8165 5.77317 4.66533 3.4942 2.77486 2.52208 2.09664 1.84737 1.70048 1.64184 1.51353 1.45555
threshold=0.85023769344778788 1.2064050945622655 0.50010782136313969 0.27257239765114855 24.262444444444451 0.14125109274087677 1.2500000000000002 0.19999999999999998 1.4926617451241484 23.774416666666671 0.98070184565669549 0.22345985655842318 1.8404785466883447 2.4945805838236015
decision_type=2 2 2 2 2 2 2 2 2 2 2 2 2 2
left_child=2 6 7 9 11 -5 10 -1 -8 -3 -2 -4 -6 -9
right_child=1 3 4 5 12 -7 8 13 -10 -11 -12 -13 -14 -15
leaf_value=-0.00092981720064078132 -5.4731346526512456e-05 -0.00044303735171331621 -0.0013394049556871984 0.0019333186071173588 -0.00019323028677154652 0.0032348427659351711 0.00086111538045013827 -0.0018936460725210785 0.0019968271688791577 0.0014851979560540462 0.00076011459727824541 -0.00061334435663248422 0.00075972614077930787 0
leaf_weight=1752.3603053689003 2019.4620704352856 277.42412835359573 1989.2990860342979 1490.7912350594997 5443.3672792613506 2057.0897604525089 3336.8069493174553 4762.1937495470047 834.5527668595314 636.51030042767525 2033.2689682245255 3595.6109303236008 755.50939384102821 170.12018752098083
leaf_count=2729 2958 478 2946 2077 8092 3091 4820 7617 1333 974 2951 5171 1244 281
internal_value=1.08522e-05 0.00129126 -0.000868155 0.00232568 -0.000454822 0.00269217 0.000728408 -0.00159493 0.00109158 0.000889276 0.000351787 -0.000874138 -7.52652e-05 -0.00182873
internal_weight=31154.4 12685.9 18468.5 4461.82 11783.8 3547.88 8224.09 6684.67 4171.36 913.934 4052.73 5584.91 6198.88 4932.31
internal_count=46762 18682 28080 6620 17453 5168 12062 10627 6153 1452 5909 8117 9336 7898
is_linear=0
shrinkage=0.02


Tree=37
num_leaves=15
num_cat=0
split_feature=24 24 24 34 47 32 31 13 3 13 34 0 36 19
split_gain=84.2187 17.6552 13.2692 5.54412 3.93628 3.41213 2.62553 3.07719 2.58352 2.20785 2.13146 1.85013 1.54522 1.48389
threshold=0.85023769344778788 1.2064050945622655 0.50010782136313969 0.27257239765114855 1.0501903008568536 0.95000000000000007 0.93509245309779832 1.4926617451241484 48.225617505406781 1.8404785466883447 0.24471955313962349 24.955131159550806 1.1339285714285716 2.1331077420656448
decision_type=2 2 2 2 2 2 2 2 2 2 2 2 2 2
left_child=2 6 8 11 10 -5 7 -2 -1 -6 -4 -3 -8 -10
right_child=1 3 4 5 9 -7 12 -9 13 -11 -12 -13 -14 -15
leaf_value=-0.0016471193402965662 0.00074257395854133502 -0.00029959723373042057 -0.0013398601386868309 0.0019377177782402585 -0.00023872778114630863 0.0032128398125891252 0.00039542680684891157 0.0019764656324934241 -0.00040547239799385286 0.00091958047357594379 -0.00052331648476474377 0.0015488427033579376 -0.0011499898636203165 0.0031863935240696853
leaf_weight=6393.9674038589001 4067.5202023983002 329.99122723937035 2091.4411179423332 1609.9889789521694 5479.9091905653477 1937.8920165598392 2847.1014113128185 1029.3271929323673 236.3078308403492 744.1696652173996 3468.2667157351971 583.94320154190063 280.14194819331169 54.399007737636566
leaf_count=10067 5860 576 3102 2427 8094 2741 4147 1649 437 1217 5040 876 406 123
internal_value=1.06347e-05 0.00126551 -0.000850836 0.00227926 -0.000445748 0.00263844 0.000713881 0.000994402 -0.00156308 -9.83799e-05 -0.000832652 0.000871318 0.000253144 0.000249677
internal_weight=31154.4 12685.9 18468.5 4461.82 11783.8 3547.88 8224.09 5096.85 6684.67 6224.08 5559.71 913.934 3127.24 290.707
internal_count=46762 18682 28080 6620 17453 5168 12062 7509 10627 9311 8142 1452 4553 560
is_linear=0
shrinkage=0.02


Tree=38
num_leaves=15
num_cat=0
split_feature=24 24 24 34 2 13 51 3 13 19 32 0 19 34
split_gain=80.8911 16.9563 12.7423 5.32409 4.40246 3.35922 2.52956 2.48198 2.46566 2.28301 2.09143 1.778 1.42726 1.38589
threshold=0.85023769344778788 1.2064050945622655 0.50010782136313969 0.27257239765114855 24.262444444444451 0.14125109274087677 1.813279711948993 48.225617505406781 1.4926617451241484 1.548101488398226 1.0500000000000003 24.955131159550806 2.1331077420656448 0.39610743830201517
decision_type=2 2 2 2 2 2 2 2 2 2 2 2 2 2
left_child=2 6 7 11 10 -5 8 13 -2 -6 -4 -3 -9 -1
right_child=1 3 4 5 9 -7 -8 12 -10 -11 -12 -13 -14 -15
leaf_value=-0.0013445957488377003 0.00056723684540891295 -0.00029364140313806615 -0.00099482018953086777 0.0018418736512159034 -0.00024403491940377671 0.0031177331202792559 -0.001913282229775388 -0.00039743096827925847 0.0014402324656071304 0.00077350190697829055 0.00013932400875691351 0.0015179715889330231 0.0031249255093963066 -0.0019578901283570605
leaf_weight=3605.1229534745216 6431.3768989145756 329.99122723937035 4851.8923655748367 1490.7912350594997 5138.1157429814339 2057.0897604525089 141.62582483887672 236.3078308403492 1651.0880310833454 1060.760930120945 733.01765078306198 583.94320154190063 54.399007737636566 2788.8444503843784
leaf_count=5704 9228 576 7040 2077 7721 3091 235 437 2599 1615 1077 876 123 4363
internal_value=1.04327e-05 0.00124027 -0.000833841 0.00223378 -0.000436854 0.00258578 0.000699638 -0.00153182 0.000747122 -6.81065e-05 -0.000844178 0.000853728 0.00024438 -0.00161419
internal_weight=31154.4 12685.9 18468.5 4461.82 11783.8 3547.88 8224.09 6684.67 8082.46 6198.88 5584.91 913.934 290.707 6393.97
internal_count=46762 18682 28080 6620 17453 5168 12062 10627 11827 9336 8117 1452 560 10067
is_linear=0
shrinkage=0.02


Tree=39
num_leaves=15
num_cat=0
split_feature=26 26 1 1 13 27 32 33 47 14 32 33 13 33
split_gain=61.0124 16.4174 11.1719 6.05872 5.5042 4.50659 3.53102 3.90674 2.98352 2.45063 2.42201 2.24152 2.09236 1.98085
threshold=0.76388888888888895 1.3875000000000002 25.343000000000004 31.366333333333333 0.012706500820191152 1.9881855510444739 0.45000000000000007 0.35000000000000003 1.7007419108425312 10.500000000000002 0.75000000000000011 -0.14999999999999988 2.4351821110690635 0.14999999999999999
decision_type=2 2 2 2 2 2 2 2 2 2 2 2 2 2
left_child=2 3 6 8 11 -6 -1 -8 -2 -5 12 -3 -4 -12
right_child=1 4 10 9 5 -7 7 -9 -10 -11 13 -13 -14 -15
leaf_value=-0.0017872241594818043 -8.3916438706471183e-06 -0.00036682074940465488 -0.00065938011710969097 0.0014591877653989443 0.0023149921057238274 0.0049467708818931389 -0.00025313794661983104 -0.0013273441741254214 0.00090051338656525932 0.00034592550443015321 0.0011447848728416228 0.0015097775882738299 0.0014886585370250372 -7.6236109991153995e-05
leaf_weight=3577.8036282360554 6072.2694799602032 311.76519522070885 2894.1636028587818 2953.5286319851875 1858.46275177598 314.06247320771217 1991.4334698617458 4411.4030271172523 1884.9686876833439 1117.0795908868313 786.63268598914146 1203.2587017118931 189.05768921971321 1588.4774953126907
leaf_count=5430 8944 429 4427 4535 2804 460 2904 6842 2732 1622 1211 1636 338 2448
internal_value=1.02309e-05 0.000887748 -0.000882349 0.000528524 0.00205581 0.00270424 -0.00128029 -0.000994985 0.000205832 0.00115646 -0.000152681 0.00111704 -0.000523545 0.00032458
internal_weight=31154.4 15715.4 15439 12027.8 3687.55 2172.53 9980.64 6402.84 7957.24 4070.61 5458.33 1515.02 3083.22 2375.11
internal_count=46762 23162 23600 17833 5329 3264 15176 9746 11676 6157 8424 2065 4765 3659
is_linear=0
shrinkage=0.02


Tree=40
num_leaves=15
num_cat=0
split_feature=27 26 2 0 26 27 26 13 2 33 13 46 27 30
split_gain=58.5695 14.3423 10.3843 6.8636 3.91488 3.37705 3.23897 2.87784 2.72956 2.60966 2.44356 2.00723 1.93475 1.4453
threshold=0.84046789282139966 1.6458333333333337 24.360916666666672 27.082183194871416 1.2361111111111114 2.3865142105686705 0.64583333333333337 2.1499692429993877 32.450083333333346 -1.0000000180025095e-35 0.28228905397220766 1.3875000000000002 0.52030979085754747 -0.22839327867512835
decision_type=2 2 2 2 2 2 2 2 2 2 2 2 2 2
left_child=2 3 6 4 -2 7 9 -3 12 -1 -5 -10 -4 -8
right_child=1 5 8 10 -6 -7 13 -9 11 -11 -12 -13 -14 -15
leaf_value=-0.00053953355640732801 -9.6519674756274728e-05 0.0022232905779238483 -0.00088266285553522718 0.00078781886219500357 0.0012480465497629904 0.0059936762977730188 0.00057634873487395451 0.0053943184959705697 -0.00089083636937191152 -0.00150740048303563 0.0015601994927755189 0.0007974959381969064 -0.00011376211852925264 -0.00072005873231608037
leaf_weight=1384.9730737507343 3812.5901423096657 1268.7115382552147 2056.5637211501598 3236.9674915671349 1114.9117314517498 128.07562348246574 403.4321206510067 131.47124347090721 338.0064180791378 6620.1805029213428 3501.5967675447464 1534.6732085943222 3698.2562935352325 2040.7478999495506
leaf_count=1972 5712 1840 3166 4531 1672 175 577 211 505 10293 5261 2396 5654 3006
internal_value=2.73052e-06 0.00101608 -0.000736397 0.000775947 0.00020606 0.00283925 -0.00114606 0.00253544 -0.000173716 -0.00134138 0.001191 0.000486803 -0.000390488 -0.000501692
internal_weight=31271.2 13194.3 18076.8 11666.1 4927.5 1528.26 10449.3 1400.18 7627.5 8005.15 6738.56 1872.68 5754.82 2444.18
internal_count=46971 19402 27569 17176 7384 2226 15848 2051 11721 12265 9792 2901 8820 3583
is_linear=0
shrinkage=0.02


Tree=41
num_leaves=15
num_cat=0
split_feature=27 27 2 1 27 32 32 33 2 32 14 47 27 46
split_gain=56.2602 13.8119 9.97227 5.84101 4.61293 3.95618 2.94399 2.64262 2.62123 2.49638 2.13648 2.08831 1.87035 1.75859
threshold=0.84046789282139966 1.4102967503030166 24.360916666666672 23.964500000000005 2.3865142105686705 0.65000000000000002 1.1500000000000001 0.65000000000000013 32.450083333333346 1.0500000000000003 11.500000000000002 1.2798194877944886 0.25548203126719571 1.7071428571428573
decision_type=2 2 2 2 2 2 2 2 2 2 2 2 2 2
left_child=2 3 5 9 10 13 -5 -7 12 -2 -3 -10 -4 -1
right_child=1 4 8 6 -6 7 -8 -9 11 -11 -12 -13 -14 -15
leaf_value=-0.0015143221249444576 -0.0005132476577113178 0.0022152040707644097 -0.001873502135598272 0.00070412553421849995 0.0058756458838191564 -2.7050811408601303e-05 0.0016894113481790024 -0.0010529985210762721 -0.0010258178115774715 0.0010020583990678073 0.00076673361431290894 0.00077379616455915123 -0.00029289374257413837 0.00018696099715502284
leaf_weight=5963.4186523854733 2036.6416132450104 2561.7004973590374 318.46200421452522 5843.7813507914543 128.07562348246574 1686.5268022418022 1561.4738480448723 2557.3083069324493 302.52235952019691 548.19138485193253 514.46022030711174 1570.1572671532631 5436.3580104708672 242.0798357129097
leaf_count=8979 2946 3770 519 8701 175 2482 2303 4010 457 798 709 2444 8301 377
internal_value=2.6936e-06 0.000995875 -0.000721709 0.000627748 0.00213939 -0.00112316 0.000913633 -0.00064784 -0.000170274 -0.00018749 0.00197686 0.000476959 -0.00038272 -0.0014463
internal_weight=31271.2 13194.3 18076.8 9990.09 3204.24 10449.3 7405.26 4243.84 7627.5 2584.83 3076.16 1872.68 5754.82 6205.5
internal_count=46971 19402 27569 14748 4654 15848 11004 6492 11721 3744 4479 2901 8820 9356
is_linear=0
shrinkage=0.02


Tree=42
num_leaves=15
num_cat=0
split_feature=27 27 2 2 27 27 27 13 13 33 13 4 19 2
split_gain=54.0413 13.2676 9.57644 5.60462 4.43221 2.96141 2.58325 2.55129 2.49265 2.33439 2.23088 1.94266 1.93374 1.36437
threshold=0.84046789282139966 1.4102967503030166 24.360916666666672 26.667250000000006 2.3865142105686705 0.43753566203771782 0.52030979085754747 0.95223645941716673 2.5501507561762131 -1.0000000180025095e-35 0.21755937125375005 46.878963500358914 2.0534131982469188 32.450083333333346
decision_type=2 2 2 2 2 2 2 2 2 2 2 2 2 2
left_child=2 3 5 8 10 9 12 -5 -2 -1 -3 -7 -4 -8
right_child=1 4 6 7 -6 11 13 -9 -10 -11 -12 -13 -14 -15
leaf_value=-0.00038174086268740202 -0.00010306949669420618 0.0013374681441576551 -0.00087257016379708107 0.0006752886039350514 0.0057599397789238962 -0.0009087977776113716 -0.000105633396821281 0.0015277494194859496 0.0024296094242649883 -0.0016621045558879509 0.0024446442929893005 0.00035838656492135533 0.00093889925663070061 0.00062987259174131411
leaf_weight=690.26516851782799 3604.800726801157 1421.5973396599293 2294.8773983418941 3988.380135178566 128.07562348246574 5235.8651631176472 3698.2562935352325 2236.4836185276508 160.42371642589569 4003.0380601882935 1654.5633780062199 520.16520544886589 255.83649623394012 1378.5294532477856
leaf_count=995 5228 1979 3510 5734 175 7735 5654 3517 269 6316 2500 802 426 2131
internal_value=2.64857e-06 0.000976054 -0.000707319 0.000615224 0.00209684 -0.00110073 -0.000166907 0.000983561 3.41765e-06 -0.00147617 0.00193743 -0.000792463 -0.000686369 9.22833e-05
internal_weight=31271.2 13194.3 18076.8 9990.09 3204.24 10449.3 7627.5 6224.86 3765.22 4693.3 3076.16 5756.03 2550.71 5076.79
internal_count=46971 19402 27569 14748 4654 15848 11721 9251 5497 7311 4479 8537 3936 7785
is_linear=0
shrinkage=0.02


Tree=43
num_leaves=15
num_cat=0
split_feature=27 27 2 1 27 27 27 15 33 30 41 0 33 30
split_gain=51.9087 12.7449 9.19769 5.44871 4.2585 2.84384 2.48037 2.46135 2.24048 2.16608 2.15874 1.75696 1.53528 1.41186
threshold=0.84046789282139966 1.4102967503030166 24.360916666666672 23.964500000000005 2.3865142105686705 0.43753566203771782 0.52030979085754747 24.241860142458812 -1.0000000180025095e-35 -0.22839327867512835 1.7817057633551527 22.823008522455385 1.0500000000000003 -0.15892013745247302
decision_type=2 2 2 2 2 2 2 2 2 2 2 2 2 2
left_child=2 3 5 12 10 8 11 -5 -1 -7 -3 -4 -2 -8
right_child=1 4 6 7 -6 9 13 -9 -10 -11 -12 -13 -14 -15
leaf_value=-0.00037412810578092568 -0.00032181633787123408 0.0020281571224485141 0.001208413941996023 0.00082269743877503025 0.0056465122610086359 0.00031785123150778735 0.00063598505773635253 0.0033492025395595823 -0.0016288790636822697 -0.0009130356118081975 -0.00022212142296916857 -0.0008193254650328784 0.0015747201200137944 -0.0001114663163080894
leaf_weight=690.26516851782799 2404.2334235012531 2903.8495039641857 178.63599663972855 7246.5368651747704 128.07562348246574 629.68116548657417 1383.3352079093456 158.71833366155624 4003.0380601882935 5126.3492030799389 172.31121370196342 2372.0778979361057 180.59957459568977 3693.4505388736725
leaf_count=995 3479 4207 297 10757 175 929 2081 247 6316 7608 272 3639 265 5704
internal_value=2.62382e-06 0.000956636 -0.000693188 0.000602958 0.00205514 -0.00107874 -0.00016354 0.000879088 -0.0014467 -0.000776582 0.0018988 -0.000672562 -0.000184327 9.04024e-05
internal_weight=31271.2 13194.3 18076.8 9990.09 3204.24 10449.3 7627.5 7405.26 4693.3 5756.03 3076.16 2550.71 2584.83 5076.79
internal_count=46971 19402 27569 14748 4654 15848 11721 11004 7311 8537 4479 3936 3744 7785
is_linear=0
shrinkage=0.02


Tree=44
num_leaves=15
num_cat=0
split_feature=24 24 24 34 13 27 46 46 47 32 36 44 19 32
split_gain=69.006 11.2243 10.8672 4.00417 3.57379 3.24094 2.76391 2.6187 2.06515 1.71187 1.67548 1.56855 1.38924 1.38623
threshold=0.90315093367978883 1.3100230269197726 0.6302628563353514 0.17980768842862332 1.5065005493421977 2.3865142105686705 1.3541666666666667 1.4365079365079367 0.91932178735692316 0.45000000000000007 1.267857142857143 1.2284663464653351 1.3106206322031648 0.45000000000000007
decision_type=2 2 2 2 2 2 2 2 2 2 2 2 2 2
left_child=2 4 6 -3 8 -5 9 13 -2 -1 -6 -9 -8 -4
right_child=1 3 7 5 10 -7 12 11 -10 -11 -12 -13 -14 -15
leaf_value=-0.001659505686674423 -0.00013705031033488683 5.0099138781502792e-05 -0.00098007999754270362 0.0023434864624886386 0.0018477055965077233 0.0056691545686684908 -0.00081605954645390041 -0.0018757092687497247 0.00080672283418617376 -0.0010623736538447105 -0.0007499314595123957 0.00033693697555199474 0.00023764478442753046 -0.00026352403156181968
leaf_weight=3290.02289301157 1108.5284346938133 304.28133952617645 1472.194061756134 2771.5437572002411 1568.1708024740219 126.53828305006027 1870.1084436774254 130.26728838682175 5162.4625246822834 5110.7182265818119 99.301303863525391 3290.108873963356 664.16323909163475 4302.7483047544956
leaf_count=4989 1589 544 2192 4068 2466 172 2979 209 7411 7846 163 4942 1099 6302
internal_value=2.58566e-06 0.00126567 -0.000696009 0.00226685 0.000860068 0.00249595 -0.00112226 -0.000187891 0.000638307 -0.00129776 0.00168631 0.000248698 -0.000536 -0.000448201
internal_weight=31271.2 11140.8 20130.3 3202.36 7938.46 2898.08 10935 9195.32 6270.99 8400.74 1667.47 3420.38 2534.27 5774.94
internal_count=46971 16413 30558 4784 11629 4240 16913 13645 9000 12835 2629 5151 4078 8494
is_linear=0
shrinkage=0.02


Tree=45
num_leaves=15
num_cat=0
split_feature=24 24 1 24 34 24 14 24 1 21 43 37 34 34
split_gain=68.4799 11.8082 10.8152 4.22836 3.3611 3.16235 3.03554 3.00737 2.38505 2.22327 2.15813 1.87192 1.72131 1.43931
threshold=0.83845112831772994 1.4068528179905084 23.671500000000005 0.40902967914745908 0.29562338994563214 0.97060291641036878 10.500000000000002 0.5974354751273 31.611166666666666 0.92723890261570496 -1.0000000180025095e-35 0.35196433210329797 1.4800446365992974 0.83037083496848763
decision_type=2 2 2 2 2 2 2 2 2 2 2 2 2 2
left_child=2 5 3 12 8 10 -6 13 -3 -7 -2 -9 -1 -4
right_child=1 4 7 -5 6 9 -8 11 -10 -11 -12 -13 -14 -15
leaf_value=-0.0018968431055618352 -0.001588483789908752 -0.00026092400854421622 -0.00047261018787329108 -0.00093680355071582445 0.0033123355095925205 0.00028792733553274969 0.0015119265383097766 -0.00038534392296664979 0.0027481507378178146 0.001254850234959976 0.00048812516525873422 0.00040136227504130673 0.0010849094586001073 -0.0014750832394315324
leaf_weight=3164.8194720447063 207.85035872459412 284.63301786780357 2388.7886587381363 6642.5457172095776 1318.8345579504967 1175.6103395819664 564.52249199151993 2098.708029538393 160.494235008955 5735.7993583381176 3671.4871728420258 2839.013798981905 73.859009385108948 778.25966608524323
leaf_count=5106 300 490 3820 9634 1951 1748 783 3198 271 8399 5394 4225 122 1228
internal_value=1.61669e-05 0.00111516 -0.000784933 -0.00122928 0.00240867 0.00083472 0.00278016 -0.000241783 0.000809097 0.00109196 0.000373525 6.4939e-05 -0.00182513 -0.000722885
internal_weight=31105.2 13119.2 17986 9881.22 2328.48 10790.7 1883.36 8104.77 445.127 6911.41 3879.34 4937.72 3238.68 3167.05
internal_count=46669 19336 27333 14862 3495 15841 2734 12471 761 10147 5694 7423 5228 5048
is_linear=0
shrinkage=0.02


Tree=46
num_leaves=15
num_cat=0
split_feature=26 26 1 0 32 27 34 32 27 32 32 32 40 16
split_gain=45.9321 12.9751 10.4851 5.24017 4.53281 3.44958 3.1748 2.47784 2.38335 2.13627 1.84715 1.79922 1.75573 1.68699
threshold=0.76388888888888895 1.2361111111111114 23.671500000000005 29.108680078294793 0.8500000000000002 0.43331065299646304 0.29562338994563214 1.0500000000000003 0.26219228428276797 0.75000000000000011 1.1500000000000001 0.45000000000000007 -0.30918038570646095 1.4666666666666666
decision_type=2 2 2 2 2 2 2 2 2 2 2 2 2 2
left_child=2 3 5 7 12 11 -6 -2 -4 -10 -5 -1 -3 -7
right_child=1 4 8 10 6 13 -8 -9 9 -11 -12 -13 -14 -15
leaf_value=-0.0021140914758309248 -0.00016507393387606034 0.0039568536429330763 -0.0015524284082251694 0.00069572845525902932 0.00080783353867084631 0.0013496821733173529 0.0024892723859466699 0.00082084662109305239 -0.00037635202715277351 0.00037873736392183757 0.0016977877996528724 -0.0012669801666098639 0.00079047098582051651 -0.00088780330519535808
leaf_weight=1790.3623425364494 5249.2924843132496 72.669318526983261 454.53900063037872 3353.8119551837444 587.71998012065887 133.98405379056931 2255.7708539068699 1262.5296240150928 3498.9420180618763 2612.9174284338951 973.67263266444206 2564.0342346429825 2026.0466078817844 4268.9333495795727
leaf_count=2778 7824 113 738 4937 895 202 3173 1909 5331 4007 1410 3993 3018 6341
internal_value=1.58488e-05 0.000773435 -0.000763717 0.000384857 0.00162315 -0.00121682 0.00214606 2.47371e-05 -0.000157719 -5.18853e-05 0.000924179 -0.00161839 0.000908532 -0.000816863
internal_weight=31105.2 15781.5 15323.7 10839.3 4942.21 8757.31 2843.49 6511.82 6566.4 6111.86 4327.48 4354.4 2098.72 4402.92
internal_count=46669 23279 23390 16080 7199 13314 4068 9733 10076 9338 6347 6771 3131 6543
is_linear=0
shrinkage=0.02


Tree=47
num_leaves=15
num_cat=0
split_feature=24 24 1 32 24 1 32 24 32 18 24 34 37 34
split_gain=63.7788 11.0663 9.95865 4.52743 3.96337 3.38425 3.18616 2.82528 2.31995 2.08639 1.94831 1.82295 1.80179 1.37368
threshold=0.83845112831772994 1.4068528179905084 23.671500000000005 0.8500000000000002 0.29164392008399592 20.578833333333339 1.1500000000000001 0.5974354751273 0.55000000000000016 0.87297810406449783 0.92451536944740831 0.29562338994563214 0.35196433210329797 0.83037083496848763
decision_type=2 2 2 2 2 2 2 2 2 2 2 2 2 2
left_child=2 6 4 5 -1 -3 9 13 -6 -2 -8 -5 -9 -4
right_child=1 3 7 11 8 -7 10 12 -10 -11 -12 -13 -14 -15
leaf_value=-0.0021280555901116707 -0.0016098134519002738 -0.0021159343146527378 -0.00045796754440882438 0.0012321466633289941 -0.0013681817823586755 0.001617051440037552 0.00016435699295121363 -0.00038079013182152363 -0.0006926031685035841 0.00066552720409628118 0.0017204704746194013 0.0032743742542481538 0.00039105494984845185 -0.0014375300589031265
leaf_weight=1523.2684731781483 160.05885353684425 108.70189690589905 2388.7886587381363 225.3990306854248 3911.5731883943081 705.77772843837738 403.29353672266006 2098.708029538393 4446.3825370669365 8277.4287393689156 1949.966099858284 1288.6056467890739 2839.013798981905 778.25966608524323
leaf_count=2608 245 181 3820 379 5708 1135 607 3198 6546 12166 2823 1800 4225 1228
internal_value=1.55532e-05 0.00107616 -0.000757549 0.00232844 -0.00118396 0.00110263 0.000804634 -0.000236282 -0.00101023 0.000620808 0.0014584 0.00297896 6.09475e-05 -0.000702593
internal_weight=31105.2 13119.2 17986 2328.48 9881.22 814.48 10790.7 8104.77 8357.96 8437.49 2353.26 1514 4937.72 3167.05
internal_count=46669 19336 27333 3495 14862 1316 15841 12471 12254 12411 3430 2179 7423 5048
is_linear=0
shrinkage=0.02


Tree=48
num_leaves=15
num_cat=0
split_feature=26 26 2 31 32 32 32 34 3 33 0 32 3 43
split_gain=42.4164 12.0028 10.7856 5.76311 4.17879 3.59306 3.4306 2.95811 2.41176 2.24196 1.69042 1.52531 1.51425 1.33825
threshold=0.76388888888888895 1.2361111111111114 23.954000000000004 0.99358022436005711 0.8500000000000002 0.95000000000000007 0.65000000000000002 0.29562338994563214 35.95012191525646 0.65000000000000013 28.095210410801318 0.95000000000000007 29.698043462503474 0.25000000000000006
decision_type=2 2 2 2 2 2 2 2 2 2 2 2 2 2
left_child=2 3 6 5 13 -2 -1 -6 12 -8 -5 -10 -4 -3
right_child=1 4 8 10 7 -7 9 -9 11 -11 -12 -13 -14 -15
leaf_value=-0.0014858605431859301 0.00038135575234102791 0.00029522647182832174 0.00032140054676227842 -0.00050964344467203883 0.00077023577714435416 0.0013554439570715895 -5.4658034808057096e-05 0.0023940587440268459 -8.3713667141008889e-05 -0.0010800058787039505 0.0003149703146069912 0.00072293858039285651 -0.0011516711364018741 0.00132828116640882
leaf_weight=5506.8095708191395 4181.7921957969666 933.92993950843811 357.5278083384037 2680.6354515850544 587.71998012065887 2413.6407831907272 1407.5534056127071 2255.7708539068699 3394.050371915102 2250.1633403301239 1563.2382656037807 1285.3872442245483 1122.2206864356995 1164.7859869003296
leaf_count=8332 6210 1436 572 3953 895 3590 2087 3173 5210 3522 2327 1993 1674 1695
internal_value=1.52278e-05 0.000743256 -0.000733897 0.000369475 0.00156053 0.000739648 -0.0011689 0.00206272 -8.48496e-05 -0.000688412 -0.000203535 0.000135942 -0.000789054 0.00087405
internal_weight=31105.2 15781.5 15323.7 10839.3 4942.21 6595.43 9164.53 2843.49 6159.19 3657.72 4243.87 4679.44 1479.75 2098.72
internal_count=46669 23279 23390 16080 7199 9800 13941 4068 9449 5609 6280 7203 2246 3131
is_linear=0
shrinkage=0.02


Tree=49
num_leaves=15
num_cat=0
split_feature=26 26 2 1 26 15 19 13 47 1 33 20 47 1
split_gain=40.7431 11.5295 10.3595 3.78458 3.52916 2.74579 2.34246 2.29996 1.64996 1.64104 2.3294 1.48709 1.36338 1.24524
threshold=0.76388888888888895 1.2361111111111114 23.954000000000004 23.964500000000005 2.2928571428571431 15.848974720396384 2.0919257983981461 0.96921122962801054 1.1685837272858308 19.387500000000006 -1.0000000180025095e-35 0.165419210436383 0.29208688083882262 19.926666666666669
decision_type=2 2 2 2 2 2 2 2 2 2 2 2 2 2
left_child=2 3 9 12 7 8 -5 -3 -4 10 -1 -6 -2 -11
right_child=1 4 5 6 11 -7 -8 -9 -10 13 -12 -13 -14 -15
leaf_value=-0.00045100654184339806 0.0014890620983162729 0.0010774602545914537 -0.00067721386940663823 0.00073988338222045699 0.0023775948149458155 0.0010153497294005766 -0.00032875956409739312 0.0020116731184988117 3.5897825420955794e-05 0.00027118752202922057 -0.0015363204588511922 0.006121160334372028 -0.00030358692657453189 -0.00092507868980061905
leaf_weight=983.14454215764999 176.12619391083717 3042.7278763949871 2139.6783999800682 6641.9488628804684 111.32818815112114 788.04690483212471 921.06140750646591 1698.4538136720657 3231.4608061015606 378.51424157619476 4787.992693811655 89.696882218122482 3100.1702318787575 3014.8748392164707
leaf_count=1380 244 4302 3251 9887 153 1189 1459 2620 5009 588 7357 124 4490 4616
internal_value=1.49407e-05 0.00072847 -0.000719252 0.00036211 0.00152948 -8.31214e-05 0.000608364 0.00141494 -0.000246467 -0.00114557 -0.00135338 0.00414106 -0.000203318 -0.000788615
internal_weight=31105.2 15781.5 15323.7 10839.3 4942.21 6159.19 7563.01 4741.18 5371.14 9164.53 5771.14 201.025 3276.3 3393.39
internal_count=46669 23279 23390 16080 7199 9449 11346 6922 8260 13941 8737 277 4734 5204
is_linear=0
shrinkage=0.02


Tree=50
num_leaves=15
num_cat=0
split_feature=24 24 32 24 24 13 13 26 32 2 13 26 13 4
split_gain=53.6139 16.2349 6.18601 5.40065 3.90069 3.26229 2.56739 1.99339 1.78603 1.73174 1.58595 1.20786 1.3124 0.985934
threshold=0.74340446297999685 1.4068528179905084 0.8500000000000002 0.47471552747061002 1.0526353560572206 1.4390388223408863 1.0000000180025095e-35 1.4722222222222225 0.45000000000000007 24.460833333333337 2.2092548836962744 0.58571428571428574 0.98083074833250283 22.561535526147974
decision_type=2 2 2 2 2 2 2 2 2 2 2 2 2 2
left_child=3 4 9 11 5 -2 -4 -6 13 -3 -10 -1 -13 -5
right_child=1 2 6 8 7 -7 -8 -9 10 -11 -12 12 -14 -15
leaf_value=-0.0014683345138817991 6.4846051846263037e-05 -0.00076830752929124384 0.0019763408612108392 0.00072289608508188349 0.0011746966842897451 0.00098101039857234141 0.0037338576758331543 0.00015638433324708628 -0.00048158948884284466 0.0013969620105575339 0.00072819416978858146 -0.0013224863264112926 0.00038361193592782901 -0.0011015936325411146
leaf_weight=5180.7387714982033 7098.2133058309555 185.49755197763443 576.68232455849648 116.28499883413315 3891.237754791975 1999.2140924930573 939.890709400177 988.23846846818924 5824.8477964103222 623.9259298145771 460.27807852625847 402.14065423607826 311.83317711949348 2516.9238333106041
leaf_count=8174 10264 308 778 181 5724 3157 1402 1451 8533 1002 722 673 599 3719
internal_value=-1.86438e-05 0.00077233 0.00231998 -0.000889833 0.000513764 0.000267449 0.00307562 0.000970655 -0.000577203 0.000887747 -0.000391199 -0.00136077 -0.000564379 -0.00101674
internal_weight=31115.9 16302.9 2326 14813 13976.9 9097.43 1516.57 4879.48 8918.33 809.423 6285.13 5894.71 713.974 2633.21
internal_count=46687 24086 3490 22601 20596 13421 2180 7175 13155 1310 9255 9446 1272 3900
is_linear=0
shrinkage=0.02


Tree=51
num_leaves=15
num_cat=0
split_feature=24 24 24 24 36 13 27 2 1 1 51 1 1 24
split_gain=51.4964 15.5938 5.18643 3.74599 3.25252 3.13297 2.55246 2.34712 1.94691 1.6537 1.56432 1.25733 1.12506 1.07863
threshold=0.74340446297999685 1.4068528179905084 0.47471552747061002 1.0526353560572206 0.23611111111111113 1.4390388223408863 2.3865142105686705 34.434000000000005 25.343000000000004 31.873500000000003 0.51600696891830566 31.451833333333337 32.756166666666672 0.29164392008399592
decision_type=2 2 2 2 2 2 2 2 2 2 2 2 2 2
left_child=2 3 9 5 7 -2 -6 -3 -5 13 -4 -12 -11 -1
right_child=1 4 10 8 6 -7 -8 -9 -10 12 11 -13 -14 -15
leaf_value=-0.0018205730814847565 6.3549502975015517e-05 -7.7402307625770711e-05 -0.00096236864260130866 0.00021870792438540552 0.0024191849737715755 0.00096140981759803418 0.0054534847261913681 0.003550549555665832 0.0011730986177942643 0.0024177619477695951 -0.00052845254798001976 0.00018052179746460203 -0.00057935174137101946 -0.0012051298813325823
leaf_weight=1783.9852888286114 7098.2133058309555 337.38258853554726 2772.2039522528648 1145.4119629859924 1777.324648976326 1999.2140924930573 124.4847374856472 86.804540753364563 3734.0642602741718 69.089950740337372 4915.0993800759315 1231.0313747525215 160.14574262499809 3881.4916206598282
leaf_count=3100 10264 541 4021 1665 2650 3157 167 132 5510 117 7209 1925 285 5944
internal_value=-1.82244e-05 0.000756966 -0.000872043 0.000503539 0.00227377 0.000262127 0.00262857 0.000654726 0.000951294 -0.00133357 -0.000565637 -0.00038481 0.000293809 -0.00140126
internal_weight=31115.9 16302.9 14813 13976.9 2326 9097.43 1901.81 424.187 4879.48 5894.71 8918.33 6146.13 229.236 5665.48
internal_count=46687 24086 22601 20596 3490 13421 2817 673 7175 9446 13155 9134 402 9044
is_linear=0
shrinkage=0.02


Tree=52
num_leaves=15
num_cat=0
split_feature=27 27 32 0 2 27 32 36 32 36 15 32 43 3
split_gain=35.5981 11.2219 5.89854 5.14516 4.7165 3.4933 2.6408 2.46988 2.12582 1.79678 1.72275 1.40194 1.38156 1.18979
threshold=0.71206726705108359 1.4531773521506686 1.1500000000000001 23.0084797310132 29.200583333333338 2.3865142105686705 0.65000000000000002 0.13392857142857142 0.8500000000000002 0.61250000000000016 16.781763474973737 0.45000000000000007 0.35000000000000003 46.136844629816046
decision_type=2 2 2 2 2 2 2 2 2 2 2 2 2 2
left_child=3 2 4 6 -2 8 13 -4 -3 -8 11 -5 -12 -1
right_child=1 5 7 10 -6 -7 9 -9 -10 -11 12 -13 -14 -15
leaf_value=-0.0014162297871250882 -0.00017594192589995088 0.00088561744771829527 -0.00011517229063571106 -0.00094358567682367701 0.00064666812342628762 0.0049746607230298327 -0.00037604514100585026 0.0015109492242444944 0.0020637943289621196 -0.0015784965204799363 -0.00019488600351131298 -0.00020483213809351287 0.0018479999621965561 -7.2843853369877787e-06
leaf_weight=4941.8977115750313 6460.8473370969296 1058.7639992237091 437.45446246862411 1409.0508690178394 4885.2090924978256 130.67034959793091 2622.0397175252438 2167.3769609928131 1606.9626331329346 624.91454422473907 256.29805818200111 3992.4613473713398 255.0082111954689 266.99215316772461
leaf_count=7451 9468 1590 645 2181 7352 177 4060 3213 2283 973 398 6046 374 476
internal_value=-1.78197e-05 0.000608415 0.000375587 -0.000748401 0.000177415 0.00176529 -0.00106528 0.00123414 0.00160061 -0.000611378 -0.000293336 -0.000399674 0.000807729 -0.00134596
internal_weight=31115.9 16747.3 13950.9 14368.7 11346.1 2796.4 8455.84 2604.83 2665.73 3246.95 5912.82 5401.51 511.306 5208.89
internal_count=46687 24728 20678 21959 16820 4050 12960 3858 3873 5033 8999 8227 772 7927
is_linear=0
shrinkage=0.02


Tree=53
num_leaves=15
num_cat=0
split_feature=24 24 32 24 14 24 13 26 32 13 0 17 31 4
split_gain=47.9669 14.5715 5.76288 4.85109 4.17176 3.48885 3.00794 1.95366 1.64771 1.52205 1.30114 1.21318 1.06899 0.955469
threshold=0.74340446297999685 1.4068528179905084 0.8500000000000002 0.47471552747061002 10.500000000000002 1.0526353560572206 1.4390388223408863 1.4722222222222225 0.45000000000000007 2.2092548836962744 29.654469414203231 2.2700083558059645 2.1237862865880301 22.561535526147974
decision_type=2 2 2 2 2 2 2 2 2 2 2 2 2 2
left_child=3 5 10 11 -4 6 -2 -7 13 -10 -3 12 -1 -5
right_child=1 2 4 8 -6 7 -8 -9 9 -11 -12 -13 -14 -15
leaf_value=-0.0014292636256093769 5.8038026750008041e-05 0 0.0036261028489607645 0.00074566762701692101 0.0013008928196264857 0.0011196959209258397 0.00093780494659438023 0.00011210385943942071 -0.00045499291820965337 0.00073032041489905317 0.0016131630285498941 -0.00014075136322980604 -0.00016953469844028845 -0.0010509698707585559
leaf_weight=5225.0492861866951 7098.2133058309555 404.63564929366112 1054.0784935057163 116.28499883413315 462.49454045295715 3891.237754791975 1999.2140924930573 988.23846846818924 5824.8477964103222 460.27807852625847 404.78783249855042 365.82390797138214 303.83940869569778 2516.9238333106041
leaf_count=8270 10264 697 1545 181 635 5724 3157 1451 8533 722 613 622 554 3719
internal_value=-1.74673e-05 0.000730675 0.00219695 -0.000841518 0.00292624 0.000485666 0.000252635 0.000917807 -0.000545122 -0.000366394 0.000814363 -0.00128791 -0.00136193 -0.000967328
internal_weight=31115.9 16302.9 2326 14813 1516.57 13976.9 9097.43 4879.48 8918.33 6285.13 809.423 5894.71 5528.89 2633.21
internal_count=46687 24086 3490 22601 2180 20596 13421 7175 13155 9255 1310 9446 8824 3900
is_linear=0
shrinkage=0.02


Tree=54
num_leaves=15
num_cat=0
split_feature=24 24 32 24 14 49 32 32 1 32 1 13 1 31
split_gain=46.0754 13.9983 5.53288 4.65948 4.00378 3.47797 2.25104 2.08972 1.86032 1.58173 1.54017 1.4623 1.08543 1.03283
threshold=0.74340446297999685 1.4068528179905084 0.8500000000000002 0.47471552747061002 10.500000000000002 1.2500000000000002 0.55000000000000016 1.8500000000000003 18.709166666666668 0.45000000000000007 31.873500000000003 2.2092548836962744 32.756166666666672 2.1237862865880301
decision_type=2 2 2 2 2 2 2 2 2 2 2 2 2 2
left_child=3 5 8 10 -4 6 -2 -7 -3 -5 13 -11 -12 -1
right_child=1 2 4 9 -6 7 -8 -9 -10 11 12 -13 -14 -15
leaf_value=-0.0013917298389054366 -0.00040280970316557331 -0.0021062684006904267 0.0035537181281427039 -0.00094791034973424671 0.0012749869829120778 0.0007526468230319096 0.00038750316239716644 0.0037503327615028637 0.0011162101393655259 -0.0004458961800572446 0.0023932032450313706 0.00071577719632920876 -0.00054902975459006852 -0.0001474395236613904
leaf_weight=5365.1066916882992 1999.6805765032768 75.647634655237198 1054.0784935057163 2633.2088321447372 462.49454045295715 6798.0485275089741 5084.8998870551586 94.274630516767502 733.77584713697433 5824.8477964103222 69.089950740337372 460.27807852625847 160.14574262499809 300.37021780014038
leaf_count=8497 2988 126 1545 3900 635 10040 7426 142 1184 8533 117 722 285 547
internal_value=-1.70738e-05 0.000716162 0.00215334 -0.000824719 0.00286798 0.000476002 0.000162969 0.000796176 0.000798268 -0.000534198 -0.00126223 -0.000359032 0.000307521 -0.0013276
internal_weight=31115.9 16302.9 2326 14813 1516.57 13976.9 7084.58 6892.32 809.423 8918.33 5894.71 6285.13 229.236 5665.48
internal_count=46687 24086 3490 22601 2180 20596 10414 10182 1310 13155 9446 9255 402 9044
is_linear=0
shrinkage=0.02


Tree=55
num_leaves=15
num_cat=0
split_feature=24 24 32 24 46 13 48 23 23 13 32 34 13 13
split_gain=47.6436 9.8523 6.88239 6.18826 2.92366 2.62234 2.47843 2.21274 2.34466 2.10955 2.09778 1.75673 1.56249 1.24858
threshold=0.97060291641036878 0.68255615800119973 0.95000000000000007 1.5383991189460484 1.3166666666666669 0.10695994030176686 1.7500000000000002 0.37173130688136985 1.4666012725087569 2.5002656748140279 1.3500000000000003 0.35357512434512639 2.1499692429993877 1.8577993205358798
decision_type=2 2 2 2 2 2 2 2 2 2 2 2 2 2
left_child=1 4 7 12 10 -5 9 -2 -9 -3 -1 -8 -4 -6
right_child=2 6 3 5 13 -7 11 8 -10 -11 -12 -13 -14 -15
leaf_value=-0.0010842429924816646 -0.0016962557577666593 -0.00031832703215730598 0.0012968590080839509 0.0018943521022207793 -0.00048351382574554104 0.004273454391394026 -0.00010486735625030677 0.00090679829537522168 -0.0008713938010697646 0.001549106023748921 0.0006523588748628302 0.00083931773691370086 0.0029230644037940056 0.00067036325224863029
leaf_weight=9199.1411376297474 143.36706775426865 5642.0996677875519 3107.1578262448311 328.27300524711609 2739.3235617876053 512.44763645529747 1310.0386850237846 4490.521323621273 310.30255195498466 249.35360038280487 278.39220520853996 1912.447114855051 268.30424427986145 426.22672262787819
leaf_count=13966 224 8285 4495 440 4238 761 1970 6666 512 417 448 2838 427 768
internal_value=1.46076e-05 -0.000494499 0.00122473 0.00181983 -0.000855807 0.00336306 5.69807e-06 0.00071471 0.000789467 -0.000237093 -0.00103205 0.000452549 0.00143074 -0.000324667
internal_weight=30917.4 21757 9160.37 4216.18 12643.1 840.721 9113.94 4944.19 4800.82 5891.45 9477.53 3222.49 3375.46 3165.55
internal_count=46455 32930 13525 6123 19420 1201 13510 7402 7178 8702 14414 4808 4922 5006
is_linear=0
shrinkage=0.02


Tree=56
num_leaves=15
num_cat=0
split_feature=29 29 1 31 28 31 31 22 30 28 42 47 16 13
split_gain=21.9066 9.43074 7.40102 5.27598 5.92345 3.58568 3.28163 2.59641 2.18186 1.98481 1.75983 1.42817 1.42317 1.25973
threshold=0.75000000000000011 1.7500000000000002 27.253833333333336 0.92802863774612832 1.7500000000000002 0.53609199389844464 1.1891707417777932 -1.6047928378755081 -0.15402712737619231 2.2500000000000004 1.3500000000000003 3.5216972280875196 16.970000000000006 0.17796528859849123
decision_type=2 2 2 2 2 2 2 2 2 2 2 2 2 2
left_child=2 3 8 5 -5 -2 7 -3 -1 -8 -10 13 -13 -4
right_child=1 6 11 4 -6 -7 9 -9 10 -11 -12 12 -14 -15
leaf_value=-0.00023262896390806049 0.00010183874476073862 0.00012327582736239837 -0.00030899443916061363 -0.00031946129466950207 0.001041586095958343 0.0011367829329382271 0.00038704588998615777 0.0038040142212242877 -0.0008487059146296969 0.0029485436172204255 -0.0022269259360849789 0 0.0033184501920113926 0.00034348301491604486
leaf_weight=2458.4247571527958 1924.0122765302658 96.057862758636475 1984.2845970392227 4954.1820548474789 1721.3504301011562 4578.2631084918976 422.45287945866585 539.45703190565109 8549.98345464468 175.00644841790199 396.82260850071907 102.994424700737 109.22745659947395 2904.8769597113132
leaf_count=3703 2915 142 2915 7399 2513 6699 625 777 13036 248 563 158 162 4600
internal_value=1.43419e-05 0.000584385 -0.000482728 0.00042676 3.02072e-05 0.000832208 0.00225753 0.00326549 -0.000766061 0.00116137 -0.000911436 0.000148816 0.00174937 7.661e-05
internal_weight=30917.4 14410.8 16506.6 13177.8 6675.53 6502.28 1232.97 635.515 11405.2 597.459 8946.81 5101.38 212.222 4889.16
internal_count=46455 21318 25137 19526 9912 9614 1792 919 17302 873 13599 7835 320 7515
is_linear=0
shrinkage=0.02


Tree=57
num_leaves=15
num_cat=0
split_feature=26 26 32 32 33 1 26 34 13 13 13 33 32 34
split_gain=28.9867 11.8893 5.36149 5.02636 4.56596 4.10734 2.64075 2.54189 2.46625 2.2692 2.19463 2.17885 2.11242 1.56546
threshold=1.1833333333333336 0.64583333333333337 0.95000000000000007 0.95000000000000007 0.19999999999999998 27.158833333333337 1.9500000000000002 0.14760668539027932 0.96921122962801054 0.46498788678842479 2.1687485704780323 0.45000000000000007 0.95000000000000007 0.28430892048515538
decision_type=2 2 2 2 2 2 2 2 2 2 2 2 2 2
left_child=1 5 8 4 -3 12 10 -5 13 -7 -4 -10 -1 -2
right_child=2 3 6 7 -6 9 -8 -9 11 -11 -12 -13 -14 -15
leaf_value=-0.0010812160565008917 -0.00061596861377486388 0.00041091173516965695 0.0014483113048822562 -0.00050295096447655857 -0.00051855393764708578 -0.0006572723827978032 0.0035212565654634776 0.00097039319021546095 0.0019677680307479085 0.0004124607124463206 0.003656998792532336 0.00014709276544923696 -0.00023581231691036835 0.00059742121448805373
leaf_weight=7698.9913647472858 578.58948838710785 3677.8895467817783 2339.0304429829121 537.75015732645988 4951.156474173069 1551.895622164011 348.27057439088821 3202.6510809659958 842.68113911151886 1610.3066716492176 202.07522627711296 400.14325308799744 1435.4337436258793 1540.5315651893616
leaf_count=11711 839 5395 3359 851 7448 2325 477 4752 1333 2583 323 619 2260 2180
internal_value=1.40901e-05 -0.000293893 0.00123062 0.000143228 -0.000121233 -0.000734368 0.00186425 0.000755746 0.000682296 -0.000109449 0.00163062 0.00139079 -0.00094954 0.000261143
internal_weight=30917.4 24666.1 6251.32 12369.4 8629.05 12296.6 2889.38 3740.4 3361.95 3162.2 2541.11 1242.82 9134.43 2119.12
internal_count=46455 37325 9130 18446 12843 18879 4159 5603 4971 4908 3682 1952 13971 3019
is_linear=0
shrinkage=0.02


Tree=58
num_leaves=15
num_cat=0
split_feature=26 26 32 32 33 47 26 34 13 13 33 32 13 13
split_gain=27.8465 11.419 5.14952 4.82666 4.38535 4.17644 2.53503 2.44214 2.36932 2.10753 2.09139 1.89351 1.7795 1.53872
threshold=1.1833333333333336 0.64583333333333337 0.95000000000000007 0.95000000000000007 0.19999999999999998 1.1462729629543318 1.9500000000000002 0.14760668539027932 0.96921122962801054 2.1687485704780323 0.45000000000000007 0.55000000000000016 2.3980880891594576 0.12668717773682839
decision_type=2 2 2 2 2 2 2 2 2 2 2 2 2 2
left_child=1 5 8 4 -3 11 9 -5 -2 -4 -10 -1 -7 -8
right_child=2 3 6 7 -6 12 13 -9 10 -11 -12 -13 -14 -15
leaf_value=-0.0013194707706636092 0.00025582561313888477 0.00040269797462135919 0.0014193698145596007 -0.00049292922325444761 -0.00050818704661316039 -0.00033020569749494768 0.0015328036798100326 0.00095099743595138803 0.0019285058808923051 0.0035845755911022908 0.0001441655381185198 -0.0006885328419835321 0.0013594188983365744 0.0044770390818399553
leaf_weight=3826.5861992835999 2119.1210535764694 3677.8895467817783 2339.0304429829121 537.75015732645988 4951.156474173069 4204.311175942421 126.47599604725838 3202.6510809659958 842.68113911151886 202.07522627711296 400.14325308799744 4004.4634917676449 261.26653519272804 221.79457834362984
leaf_count=5825 3019 5395 3359 851 7448 6457 166 4752 1333 323 619 6124 473 311
internal_value=1.38335e-05 -0.000288026 0.0012062 0.000140348 -0.000118786 -0.000719702 0.00182722 0.000740582 0.000668734 0.00159817 0.0013632 -0.000998371 -0.000228549 0.00345123
internal_weight=30917.4 24666.1 6251.32 12369.4 8629.05 12296.6 2889.38 3740.4 3361.95 2541.11 1242.82 7831.05 4465.58 348.271
internal_count=46455 37325 9130 18446 12843 18879 4159 5603 4971 3682 1952 11949 6930 477
is_linear=0
shrinkage=0.02


Tree=59
num_leaves=15
num_cat=0
split_feature=26 26 26 0 0 13 33 6 13 23 37 46 42 46
split_gain=26.7543 10.9672 4.4545 4.00063 3.97837 3.86987 3.11677 2.78127 1.74537 2.37046 1.64119 1.51731 1.322 1.31
threshold=1.1833333333333336 0.64583333333333337 1.6125000000000003 29.108680078294793 22.542161782143854 0.10695994030176686 0.19999999999999998 1.5000000000000002 0.96921122962801054 0.74578715904431025 0.31901621467308994 3.6125000000000003 1.2500000000000002 3.0500000000000003
decision_type=2 2 2 2 2 2 2 2 2 2 2 2 2 2
left_child=1 4 8 6 12 10 -3 -5 13 -10 -4 -6 -1 -2
right_child=2 3 5 7 11 -7 -8 -9 9 -11 -12 -13 -14 -15
leaf_value=-0.00093699427973862291 0.00041859261255871791 0.00035895296568802076 -0.00096963965776144167 -0.00060527045669246952 -0.00032043387441015774 0.0029528354168944703 -0.00045117041860246755 0.00082291007051915556 -0.00028885419285305667 0.00171639439821166 0.0014439072456496874 0.0022232341165191174 -0.0021376700480144179 0.001696132224991196
leaf_weight=6854.3386663198471 2651.5427507162094 3128.1942968070507 141.83561000227928 626.75120463967323 4946.8167985379696 914.85715645551682 4804.5106992125511 3809.991058588028 271.6649643778801 1433.3329434990883 465.10001173615456 92.765904575586319 402.70603275299072 372.98825263977051
leaf_count=10619 3734 4616 202 912 7550 1377 7295 5623 415 2228 633 146 564 541
internal_value=1.35992e-05 -0.000282274 0.00118235 0.000137526 -0.000705327 0.00212779 -0.000130435 0.000618725 0.000875263 0.00139107 0.000862128 -0.000270765 -0.00100557 0.000580461
internal_weight=30917.4 24666.1 6251.32 12369.4 12296.6 1521.79 7932.7 4436.74 4729.53 1705 606.936 5039.58 7257.04 3024.53
internal_count=46455 37325 9130 18446 18879 2212 11911 6535 6918 2643 835 7696 11183 4275
is_linear=0
shrinkage=0.02


Tree=60
num_leaves=14
num_cat=0
split_feature=24 24 24 1 24 27 27 20 46 27 14 30 24
split_gain=36.2848 9.79265 5.9524 3.61165 2.96937 2.18244 2.06931 1.83883 1.80251 1.73388 1.46321 1.73326 0.990192
threshold=0.99980105643975958 0.64793157849639915 1.3100230269197726 16.882375000000003 0.37790249842397844 0.3452594600880135 2.3865142105686705 1.9942601786146776 1.6458333333333337 0.41065030229461341 8.5000000000000018 0.21440848701534707 1.1062499404573429
decision_type=2 2 2 2 2 2 2 2 2 2 2 2 2
left_child=1 4 10 -4 9 -3 -5 -6 -7 -1 12 -12 -2
right_child=2 5 3 6 7 8 -8 -9 -10 -11 11 -13 -14
leaf_value=-0.0015176394875788101 0.00067541914960022502 -0.0029446299896638867 -0.0016996333152124426 0.0018379456316585364 -0.00074158928152439122 -0.00013859582621412049 0.0045100832003364365 4.5133026957628529e-05 0.00040168869430301377 -0.00033888634086352387 0.00074680478435420333 -0.00025862002746811132 0.001880032241826301
leaf_weight=2846.3251622617245 536.97672495245934 96.677934527397156 107.74319323897362 2895.204815030098 6640.3531568646431 7324.2011177539825 125.8668038547039 1418.2849755585194 3717.606923699379 634.69125965237617 3215.3167969584465 853.54851460456848 644.11407741904259
leaf_count=4651 826 158 187 4329 9908 10734 169 2070 5572 1144 4663 1215 1002
internal_value=8.15058e-06 -0.000407057 0.00113298 0.00182543 -0.000815333 1.50957e-05 0.00195549 -0.000601912 4.2444e-05 -0.00130591 0.000717865 0.000533411 0.00134288
internal_weight=31056.9 22678.1 8378.77 3128.81 11539.7 11138.5 3021.07 8058.64 11041.8 3481.02 5249.96 4068.87 1181.09
internal_count=46628 34237 12391 4685 17773 16464 4498 11978 16306 5795 7706 5878 1828
is_linear=0
shrinkage=0.02


Tree=61
num_leaves=15
num_cat=0
split_feature=24 24 24 34 32 47 33 32 19 32 40 47 42 36
split_gain=34.8531 9.42695 5.75575 3.71036 2.98251 2.56637 2.53614 2.12756 2.086 1.49506 1.47656 1.84369 1.77603 1.10949
threshold=0.99980105643975958 0.60867869990640633 1.2064050945622655 0.092893219839391153 1.7500000000000002 1.6763277835327977 0.19999999999999998 0.35000000000000003 0.90420464172705028 0.45000000000000007 -0.053203783072143192 1.0081268835660455 0.45000000000000007 0.38750000000000007
decision_type=2 2 2 2 2 2 2 2 2 2 2 2 2 2
left_child=1 6 10 -4 -5 9 7 -1 -8 -3 11 -2 -12 -7
right_child=2 5 3 4 -6 13 8 -9 -10 -11 12 -13 -14 -15
leaf_value=-0.0010961430657751819 -0.0013195189705682276 -0.00068340374322375843 -0.0013000464772503768 0.0015931828505661063 0.0039008298851392386 0 -0.0012835815882765098 2.4309273186041274e-05 -0.00053475346886685041 -7.0573670674297284e-05 0.0012866576191192085 0.00041734576291271224 0.00018936841248321626 0.00069090560489141171
leaf_weight=1019.72989615798 304.60377770662308 2124.9402173757553 162.74120098352432 3946.48163869977 244.08843284845352 1648.3624411523342 4980.3216266930103 1964.6322766542435 2205.2308989465237 6528.8203376829624 1525.0764503180981 1194.6767920851707 1001.1026334166527 2206.1028356552124
leaf_count=1562 444 3157 294 5856 331 2474 7753 2946 3497 9525 2245 1770 1451 3323
internal_value=7.98429e-06 -0.000398943 0.00111041 0.0016156 0.00173178 -3.04064e-05 -0.000851137 -0.000355668 -0.00105537 -0.000222333 0.000561058 5.65241e-05 0.000856261 0.000397792
internal_weight=31056.9 22678.1 8378.77 4353.31 4190.57 12508.2 10169.9 2984.36 7185.55 8653.76 4025.46 1499.28 2526.18 3854.47
internal_count=46628 34237 12391 6481 6187 18479 15758 4508 11250 12682 5910 2214 3696 5797
is_linear=0
shrinkage=0.02


Tree=62
num_leaves=15
num_cat=0
split_feature=24 24 24 24 2 33 47 30 24 31 20 36 25 23
split_gain=33.4768 9.06389 5.53819 2.8164 2.61677 1.97433 1.93717 1.71044 1.64311 1.40986 1.83434 1.19385 1.1392 1.01567
threshold=0.99980105643975958 0.64793157849639915 1.3100230269197726 0.37790249842397844 19.718888888888895 0.19999999999999998 1.6763277835327977 -0.32520228189259009 2.2453353698666048 0.80119215304520897 -0.15136379662541435 0.21111111111111114 1.4500000000000002 2.1808295935743547
decision_type=2 2 2 2 2 2 2 2 2 2 2 2 2 2
left_child=1 3 9 13 11 -5 12 -8 -6 -2 -11 -4 -3 -1
right_child=2 6 4 5 8 -7 7 -9 -10 10 -12 -13 -14 -15
leaf_value=-0.0013313635308774788 0.0010881256412571738 -0.00011631417404114154 -0.0020230988756252065 -0.00012741890802023503 0.0018196725318627553 -0.00079696199160130682 0.0021834184180223211 0.00028816163540125526 0.0047069590505573588 -0.00020071292968731885 0.00079159325167674807 0.00097874909133645088 -0.0014383225921110693 0.00036570974793068438
leaf_weight=3344.0750958621502 2123.9924472570419 7292.7521674335003 96.018741101026535 2676.8845149278641 2838.5632517933846 5381.7536174952984 202.45505845546722 3372.8236777186394 84.867671489715576 1186.0808212459087 1939.8828454315662 109.36514773964882 270.45507237315178 136.94132605195045
leaf_count=5548 3159 10696 170 3885 4198 8093 305 5061 133 1740 2807 184 402 247
internal_value=7.82597e-06 -0.00039098 0.00108827 -0.000783771 0.00175624 -0.000575883 1.5129e-05 0.000399439 0.00191007 0.000687756 0.000411999 -0.000382397 -0.000165278 -0.00126156
internal_weight=31056.9 22678.1 8378.77 11539.7 3128.81 8058.64 11138.5 3575.28 2923.43 5249.96 3125.96 205.384 7563.21 3481.02
internal_count=46628 34237 12391 17773 4685 11978 16464 5366 4331 7706 4547 354 11098 5795
is_linear=0
shrinkage=0.02


Tree=63
num_leaves=15
num_cat=0
split_feature=24 24 24 32 0 20 42 32 43 27 27 51 1 26
split_gain=32.1552 8.71129 5.33519 2.81841 3.48912 2.51147 2.30639 2.11863 2.10316 2.07047 1.70472 1.4689 1.45451 1.00822
threshold=0.99980105643975958 0.60867869990640633 1.2064050945622655 1.0500000000000003 30.088379085114273 -1.5430212551612834 1.1500000000000001 0.45000000000000007 -0.14999999999999988 0.15011461277603519 0.80492086167604315 1.4464021807292435 32.051833333333342 0.68333333333333346
decision_type=2 2 2 2 2 2 2 2 2 2 2 2 2 2
left_child=1 6 10 4 -4 -5 9 12 -9 -1 13 -12 -3 -2
right_child=2 7 3 5 -6 -7 -8 8 -10 -11 11 -13 -14 -15
leaf_value=-0.0017304923522217231 0.00022583049157624092 -0.00072917338464952627 0.00034007021626190388 0.00016798877271328362 0.0018620201759309445 0.0024105571220943019 -0.0018847991030873617 -0.001362700705153812 0.00017156413983089586 -0.00063946913134398195 0.00030247632894576828 0.0018532913253075953 0.00040982660006687262 0.0028016323751330671
leaf_weight=770.27052414417267 99.833008110523224 2306.8513177037239 1243.2401230037212 238.28943258523941 1205.2712318599224 1666.5104850828648 760.4302344918251 368.65719506144524 9289.5932998657227 8639.2139398157597 3459.0731475949287 265.02489912509918 543.12401923537254 201.52859869599342
leaf_count=1282 174 3443 2002 350 1776 2353 1104 536 13656 13372 5017 407 844 312
internal_value=7.67742e-06 -0.000383171 0.00106659 0.00155301 0.00109423 0.00213573 -0.000817862 -2.88674e-05 0.000111696 -0.000730193 0.000537554 0.000416459 -0.000508471 0.00198842
internal_weight=31056.9 22678.1 8378.77 4353.31 2448.51 1904.8 10169.9 12508.2 9658.25 9409.48 4025.46 3724.1 2849.98 301.362
internal_count=46628 34237 12391 6481 3778 2703 15758 18479 14192 14654 5910 5424 4287 486
is_linear=0
shrinkage=0.02


Tree=64
num_leaves=15
num_cat=0
split_feature=24 24 24 32 0 21 47 36 14 44 27 4 15 46
split_gain=31.0288 11.1314 4.35586 2.70549 3.35011 2.2507 2.12258 2.09145 1.82706 1.77221 1.37812 1.3534 1.45387 1.30091
threshold=0.7864141024151855 1.2064050945622655 0.46568918361497574 1.0500000000000003 30.088379085114273 0.98443533989022736 1.6889130653404878 1.1055555555555558 11.500000000000002 0.69602670954810764 0.93210813656052227 47.137556834878545 6.9216098685674234 1.3541666666666667
decision_type=2 2 2 2 2 2 2 2 2 2 2 2 2 2
left_child=2 6 11 4 -3 -5 10 13 -8 -9 -2 12 -1 -4
right_child=1 3 7 5 -6 -7 8 9 -10 -11 -12 -13 -14 -15
leaf_value=-0.00092174812981661916 0.00040310717271911932 0.0003332797301002677 -0.00042023817145416784 0.00061997880712218504 0.0018248414487629081 0.0024255727837184265 0.00084014585680804795 0.0016318512670116508 -0.00029994133038663696 -0.0014502694956510492 -0.00019564785426583176 -9.3173163296138639e-05 -0.0016812482560747588 7.4960043727473994e-05
leaf_weight=3654.932237714529 2830.9790587425232 1243.2401230037212 6474.9397462904453 357.25704300403595 1205.2712318599224 1547.5428746640682 3568.2528696060181 76.301740676164627 651.98765075206757 954.84073060750961 3340.1753725707531 567.12701669335365 1475.3576355278492 3108.706124663353
leaf_count=5782 4227 2002 9442 526 1776 2177 5332 116 915 1423 4813 993 2377 4727
internal_value=7.55503e-06 0.000672749 -0.000593114 0.00152213 0.00107247 0.00209317 0.000315727 -0.000352138 0.000661586 -0.0012098 7.7449e-05 -0.00104004 -0.00114268 -0.000258582
internal_weight=31056.9 14744.7 16312.2 4353.31 2448.51 1904.8 10391.4 10614.8 4220.24 1031.14 6171.15 5697.42 5130.29 9583.65
internal_count=46628 21768 24860 6481 3778 2703 15287 15708 6247 1539 9040 9152 8159 14169
is_linear=0
shrinkage=0.02


Tree=65
num_leaves=15
num_cat=0
split_feature=24 24 24 26 13 34 31 48 26 32 33 32 19 3
split_gain=33.7649 8.17083 4.68325 3.8668 3.47901 2.90738 2.35139 2.02561 1.63479 1.41386 1.38401 1.13543 1.04425 0.960195
threshold=0.7791693560887204 1.2336383359383578 0.47471552747061002 1.0500000000000003 1.3676008841621894 0.43031204747250579 1.4104019342155791 1.2500000000000002 0.41428571428571431 0.75000000000000011 0.45000000000000007 0.55000000000000016 2.9084691529654125 46.561233016338171
decision_type=2 2 2 2 2 2 2 2 2 2 2 2 2 2
left_child=2 4 8 -3 7 -5 9 -2 12 -4 -6 -8 -1 -10
right_child=1 3 6 5 10 -7 11 -9 13 -11 -12 -13 -14 -15
leaf_value=-0.0013628810978398268 -5.832557018248463e-05 -0.00033503383344749476 -0.00043229628375408889 0.00093893853599647567 0.0014248485914652117 0.002137495975147384 -0.0017526697293157075 0.00056961254143715991 -0.00071447073564492609 8.6334403229410112e-05 0.00047053210534992357 -0.00056843010570548167 0 0.00070696950819985449
leaf_weight=3878.6180696487427 4569.1135983169079 409.18409091234207 5352.8704458773136 1330.0685121417046 1616.2297427654266 2251.0365088582039 631.21768790483475 3694.7665007412434 1522.3011730015278 3414.8553648293018 1038.9046198129654 739.65131756663322 253.46511191129684 208.60687077045441
leaf_count=6112 6570 735 7867 2046 2552 3176 945 5330 2475 5058 1633 1131 390 416
internal_value=2.47047e-05 0.00070976 -0.000612972 0.00148507 0.000425292 0.0016959 -0.000351192 0.000221285 -0.00106368 -0.000229186 0.00105584 -0.00112276 -0.00128161 -0.000536772
internal_weight=30910.9 14909.3 16001.6 3990.29 10919 3581.11 10138.6 8263.88 5862.99 8767.73 2655.13 1370.87 4132.08 1730.91
internal_count=46436 22042 24394 5957 16085 5222 15001 11900 9393 12925 4185 2076 6502 2891
is_linear=0
shrinkage=0.02


Tree=66
num_leaves=15
num_cat=0
split_feature=1 2 14 47 6 30 36 42 19 17 47 4 6 19
split_gain=19.2852 5.25504 2.13063 2.68033 2.35998 1.83215 1.73571 1.57979 1.5181 1.33412 1.32196 2.24982 1.68409 1.05224
threshold=31.451833333333337 24.060916666666671 10.500000000000002 1.1391329665048429 1.5000000000000002 0.23132240528616912 0.95000000000000007 1.3500000000000003 -0.37609583752963699 2.984493300479738 1.1169731204619195 42.61746370357934 6.5000000000000009 0.95421100159081551
decision_type=2 2 2 2 2 2 2 2 2 2 2 2 2 2
left_child=1 6 3 5 9 -2 7 -1 -6 -4 12 -12 -3 -8
right_child=2 10 4 -5 8 -7 13 -9 -10 -11 11 -13 -14 -15
leaf_value=-0.0004224031733382343 -0.00055859711012374322 -0.00012963450136664986 -0.0026112627688581521 0.0012152487326697141 -0.00071980647569594989 0.0020587960502190437 -0.0016655829214360174 -0.0019980809775626929 0.00083702477257527981 0.00010596607236255373 0.00069658101382284721 -6.4253402417361786e-05 -0.0021242732022174961 -0.00036203230827330291
leaf_weight=11647.636968195438 590.69458723068237 3204.0518646240234 155.82399618625641 5260.8694015741348 292.55177050828934 128.18924349546432 824.15518960356712 262.23960569500923 1492.1071497499943 120.58562818169594 2638.678951382637 3728.5565801858902 178.11723667383194 386.6314417719841
leaf_count=17537 901 4813 226 8107 417 192 1211 380 2175 162 3963 5513 258 581
internal_value=2.41995e-05 -0.000271686 0.000866873 0.00105866 0.000305106 -7.35824e-05 -0.000533089 -0.000458267 0.000575703 -0.00139769 7.91181e-05 0.000249598 -0.000238828 -0.00125886
internal_weight=30910.9 22870.1 8040.82 5979.75 2061.07 718.884 13120.7 11909.9 1784.66 276.41 9749.4 6367.24 3382.17 1210.79
internal_count=46436 34256 12180 9200 2980 1093 19709 17917 2592 388 14547 9476 5071 1792
is_linear=0
shrinkage=0.02


Tree=67
num_leaves=15
num_cat=0
split_feature=24 24 24 34 13 1 32 46 27 5 3 32 30 22
split_gain=31.9292 7.7853 4.423 3.47097 3.32283 2.40722 2.17611 2.1029 2.09333 1.73819 1.25543 1.28329 1.12787 0.90421
threshold=0.7791693560887204 1.2336383359383578 0.46568918361497574 0.43031204747250579 1.3676008841621894 31.451833333333337 0.55000000000000016 1.0500000000000003 1.0432444097878266 42.743916091134757 44.187760891643102 1.3500000000000003 -0.11198482467141364 1.2166194852456804
decision_type=2 2 2 2 2 2 2 2 2 2 2 2 2 2
left_child=2 4 10 5 7 -3 9 -2 -5 -4 11 -1 -6 -8
right_child=1 3 6 8 12 -7 13 -9 -10 -11 -12 -13 -14 -15
leaf_value=-0.0012350017379877398 -0.00029322589015191121 7.8426194823916945e-06 -0.00097137933674679004 -0.00034720129897879251 0.001656155713288632 0.0016101955684909288 -0.00022684447816312219 0.0004135231097696342 0.0020680716400074788 -7.7776596317718439e-05 -0.00035100093902789713 0.00080842380964843332 0.00074207408273570231 0.00039098944956737021
leaf_weight=4596.6460151672363 2333.2584502995014 893.34160327911377 2918.9161285459995 145.08105152845383 817.71535775065422 660.60856801271439 5025.5061662197113 5930.6216487586498 2291.2578890919685 1276.9366026222706 907.64309921860695 119.04601523280144 1837.4190048277378 1156.892014503479
leaf_count=7219 3362 1402 4285 257 1303 1054 7416 8538 3244 1929 1614 196 2882 1735
internal_value=2.36692e-05 0.000689852 -0.000596423 0.00144667 0.000412148 0.000696649 -0.000350101 0.000212744 0.00191998 -0.000701975 -0.00104896 -0.00118098 0.00102839 -0.000109525
internal_weight=30910.9 14909.3 16001.6 3990.29 10919 1553.95 10378.3 8263.88 2436.34 4195.85 5623.34 4715.69 2655.13 6182.4
internal_count=46436 22042 24394 5957 16085 2456 15365 11900 3501 6214 9029 7415 4185 9151
is_linear=0
shrinkage=0.02


Tree=68
num_leaves=15
num_cat=0
split_feature=24 24 24 26 33 34 30 31 21 26 18 26 17 24
split_gain=30.669 7.47716 4.25002 3.60496 2.9458 2.65958 2.37771 2.25159 1.72295 1.55449 1.25008 0.798339 0.783606 0.711716
threshold=0.7791693560887204 1.2336383359383578 0.47471552747061002 1.0500000000000003 0.35000000000000003 0.43031204747250579 -0.0058844076327731988 1.4104019342155791 0.98670295314970857 0.41428571428571431 1.4422295029837462 1.0500000000000003 2.7721022455624182 0.29164392008399592
decision_type=2 2 2 2 2 2 2 2 2 2 2 2 2 2
left_child=2 4 9 12 6 -5 -2 10 -6 13 -4 -9 -3 -1
right_child=1 3 7 5 8 -7 -8 11 -10 -11 -12 -13 -14 -15
leaf_value=-0.0015752247783221336 0.0011241784543724439 -0.0007983973815679006 -0.00051920772345566077 0.00089685991127640683 -0.00047279129137268387 0.0020439303044812 0.00030386198853258857 -0.0012057778579932369 0.00030803111167296423 -0.00050009991559266662 -2.5767190386003785e-05 0.00088637305274491898 0.0013376186537273202 -0.0010088573600202583
leaf_weight=1564.6028290987015 2870.2627299129963 326.68745958805084 3352.6673060655594 1330.0685121417046 1658.7061165571213 2251.0365088582039 2870.3050255179405 1300.5576525628567 3519.7405896484852 1730.9080437719822 5415.0585046410561 70.311352908611298 82.496631324291229 2567.480352461338
leaf_count=2658 4241 603 4874 2046 2500 3176 4231 1945 5113 2891 8051 131 132 3844
internal_value=2.32013e-05 0.00067611 -0.000584523 0.00141782 0.000403933 0.00162142 0.000716007 -0.000335074 5.59099e-05 -0.00101392 -0.000215668 -0.00109005 -0.000339018 -0.00122639
internal_weight=30910.9 14909.3 16001.6 3990.29 10919 3581.11 5740.57 10138.6 5178.45 5862.99 8767.73 1370.87 409.184 4132.08
internal_count=46436 22042 24394 5957 16085 5222 8472 15001 7613 9393 12925 2076 735 6502
is_linear=0
shrinkage=0.02


Tree=69
num_leaves=15
num_cat=0
split_feature=26 2 27 33 1 14 27 6 27 13 27 2 27 1
split_gain=18.9811 7.83528 3.50792 2.92734 2.76852 2.34192 2.33346 2.33816 2.27252 2.12945 2.03277 1.67486 1.2832 1.15823
threshold=1.0500000000000003 24.360916666666672 2.0687430439901795 0.19999999999999998 31.781333333333333 10.500000000000002 0.29411044726970026 6.5000000000000009 0.96358728756940415 0.12668717773682839 0.24834524098976804 31.036833333333337 0.37008356100930806 35.350833333333341
decision_type=2 2 2 2 2 2 2 2 2 2 2 2 2 2
left_child=1 3 4 10 8 -6 11 -8 -2 -4 -1 -3 -5 -11
right_child=2 6 9 12 5 -7 7 -9 -10 13 -12 -13 -14 -15
leaf_value=-0.0014711934416832279 -0.00078922984159337107 -0.0018480409295206716 0.00057475086540086854 -0.0011942032523803647 0.0015209982619971676 0.00029659089344888525 0.00025742687961895054 -0.0010761266072000172 0.00059894859783002959 0.0045828249861552877 1.0647992441583543e-06 0.00081764860488611855 -0.00065408543942084812 0.0012813617124444454
leaf_weight=417.98086369037628 531.16614308953285 385.67433795332909 136.24087506532669 2709.4814220964909 2426.0137048363686 872.18638104200363 9778.6564171612263 551.51009115576744 3791.9455115497112 191.23859861493111 3387.2615134418011 117.39201039075851 5545.1844626069069 68.957282364368439
leaf_count=641 780 621 184 4307 3666 1238 14892 797 5491 274 4912 188 8342 103
internal_value=2.27253e-05 -0.000270246 0.000860354 -0.000621018 0.000762643 0.00120062 0.000119364 0.000185068 0.00042579 0.00270044 -0.000158714 -0.00120542 -0.000832829 0.00376246
internal_weight=30910.9 22893.1 8017.75 12059.9 7621.31 3298.2 10833.2 10330.2 4323.11 396.437 3805.24 503.066 8254.67 260.196
internal_count=46436 34700 11736 18202 11175 4904 16498 15689 6271 561 5553 809 12649 377
is_linear=0
shrinkage=0.02


Tree=70
num_leaves=15
num_cat=0
split_feature=27 27 46 13 27 46 1 1 13 14 13 44 17 34
split_gain=17.9183 5.85534 5.61406 3.25854 2.7181 2.57465 2.4431 1.92363 1.75547 1.59766 1.55541 1.36325 1.15397 1.12369
threshold=0.80061147300295343 1.4531773521506686 1.3541666666666667 1.3676008841621894 2.0687430439901795 1.4722222222222225 36.500500000000009 27.056500000000003 2.3785982876930603 11.500000000000002 1.7782260480820595 3.6009515540321604 0.59158068811941711 0.83993953691100753
decision_type=2 2 2 2 2 2 2 2 2 2 2 2 2 2
left_child=2 3 8 5 9 -2 -6 -5 13 -3 11 -4 -10 -1
right_child=1 4 10 7 6 -7 -8 -9 12 -11 -12 -13 -14 -15
leaf_value=-0.00066515333894597646 -0.00024306825325500744 0.0012999617151025573 -8.4506125483963491e-05 0.00021213726181291436 0.003605006172600012 0.00045085565129671156 -0.00029142511068530982 0.0012994459531505342 -0.002315186698537221 -4.3463188415887114e-05 0.00096718117691158413 0.0026555100366974916 0.00047439726611448943 -0.0012366007717991762
leaf_weight=9373.4151810705662 4137.0216456651688 2019.5159532725811 4403.1054057478905 1064.3942461907864 327.5513653755188 4403.4344462156296 73.869682282209396 1781.2689025998116 62.084171742200851 411.82231584191322 710.69556346535683 71.74493533372879 700.45243462920189 1679.7886048853397
leaf_count=14091 5960 2973 6681 1661 462 6355 107 2836 107 568 1230 110 1179 2491
internal_value=-9.56282e-06 0.000513995 -0.000448033 0.000310291 0.00132845 0.000113568 0.00286531 0.000896694 -0.000688872 0.00106845 9.88671e-05 -3.71752e-05 0.000228733 -0.00075311
internal_weight=31220.2 14218.9 17001.3 11386.1 2832.76 8540.46 401.421 2845.66 11815.7 2431.34 5185.55 4474.85 762.537 11053.2
internal_count=46811 20922 25889 16812 4110 12315 569 4497 17868 3541 8021 6791 1286 16582
is_linear=0
shrinkage=0.02


Tree=71
num_leaves=15
num_cat=0
split_feature=24 24 4 27 13 1 47 13 12 43 1 43 13 47
split_gain=28.757 8.58919 2.71109 2.48268 2.44326 2.31178 2.13469 2.04729 2.03011 1.51096 1.45935 1.41551 1.30797 1.86625
threshold=0.76550879607695999 1.1473520257630538 46.728600348882743 2.0687430439901795 1.3253763719364138 36.500500000000009 1.199233070668154 2.3785982876930603 17.147144321551643 0.35000000000000003 31.873500000000003 -1.0000000180025095e-35 1.8404785466883447 1.0799992734070669
decision_type=2 2 2 2 2 2 2 2 2 2 2 2 2 2
left_child=2 4 7 8 6 -5 -2 10 -3 -6 -1 -9 -4 -14
right_child=1 3 12 5 9 -7 -8 11 -10 -11 -12 -13 13 -15
leaf_value=-0.00086110838838464711 -0.00035305276106376997 -0.00072348454172334862 -0.00020814571968062704 0.003497957232696062 0.00035313460274228312 -0.00029914922355095348 0.00033668393838675269 -0.0025929203625795184 0.0012079149287190496 0.0013351994165762987 4.3911867784941501e-05 0.0004422707866794169 -0.001968594748676306 0.0018254385617312511
leaf_weight=11294.297939270735 2885.5024295449257 220.29275965690613 2404.1030865907669 326.30907461047173 1482.4873338937759 73.448630720376968 4719.6062023341656 64.109066009521484 4746.8469071686268 1135.8614490926266 738.12926682829857 792.09118512272835 59.588931530714035 277.49059194326401
leaf_count=16931 4161 331 3688 459 2327 106 6815 104 7069 1751 1146 1322 108 493
internal_value=-9.35095e-06 0.000598047 -0.000615854 0.00124629 0.000256589 0.0027774 7.3648e-05 -0.000737361 0.00111999 0.000783673 -0.000804761 0.000197842 -4.07814e-05 0.00111758
internal_weight=31220.2 15590.4 15629.8 5366.9 10223.5 399.758 7605.11 12888.6 4967.14 2618.35 12032.4 856.2 2741.18 337.08
internal_count=46811 23019 23792 7965 15054 565 10976 19503 7400 4078 18077 1426 4289 601
is_linear=0
shrinkage=0.02


Tree=72
num_leaves=15
num_cat=0
split_feature=24 24 32 32 13 25 32 1 16 33 16 13 2 14
split_gain=27.6199 8.24786 3.52482 2.54973 2.31406 2.29778 2.19841 2.19277 2.11079 1.77995 1.54199 1.45315 1.36828 1.31094
threshold=0.76550879607695999 1.1473520257630538 0.55000000000000016 0.8500000000000002 1.3089255651755656 2.3666666666666671 1.7500000000000002 31.366333333333333 10.830000000000004 0.55000000000000016 16.222500000000004 2.4134944678609069 20.733666666666672 9.5000000000000018
decision_type=2 2 2 2 2 2 2 2 2 2 2 2 2 2
left_child=2 3 7 4 -2 6 -3 11 9 -4 -5 -1 -10 -7
right_child=1 5 8 10 -6 13 -8 -9 12 -11 -12 -13 -14 -15
leaf_value=-0.0011222431106127 -0.00025827623544430006 0.00099230937563699832 -6.9641797298943521e-05 0.00042245035484929258 0.00063843778387959952 0.0036939616347599 0.002924335505877962 0.00017006127236055332 0.0023887926265422472 -0.00076420011556487129 0.0013633732875536766 0.00012188915945353584 8.9738546350167162e-05 0.0013610042627015819
leaf_weight=6041.5210360586643 4321.7124202251434 4681.9822579920292 2369.8666043579578 3440.9554504752159 1565.9432784318924 229.45042619109154 253.27505785226822 637.28558719158173 108.02791234850883 4064.3832792937756 894.84626573324203 384.66604486107826 2024.0596031844616 202.18963012099266
leaf_count=9056 6210 7004 3468 5082 2440 331 350 1012 157 6281 1322 648 3170 280
internal_value=-9.14851e-06 0.000586113 -0.000603546 0.000251484 -1.7943e-05 0.00122136 0.00109463 -0.000935033 -0.000328893 -0.000510035 0.000619488 -0.0010462 0.000213042 0.00263553
internal_weight=31220.2 15590.4 15629.8 10223.5 5887.66 5366.9 4935.26 7063.47 8566.34 6434.25 4335.8 6426.19 2132.09 431.64
internal_count=46811 23019 23792 15054 8650 7965 7354 10716 13076 9749 6404 9704 3327 611
is_linear=0
shrinkage=0.02


Tree=73
num_leaves=15
num_cat=0
split_feature=27 26 32 32 47 2 5 27 26 37 17 19 17 27
split_gain=15.7911 6.3958 5.67796 3.56241 3.32881 2.69917 1.92651 1.88257 1.86804 1.7593 1.67832 1.60841 1.40977 1.32339
threshold=0.80061147300295343 1.6125000000000003 0.45000000000000007 0.95000000000000007 2.2481939544636935 26.483083333333337 49.564106490194227 0.27004351815783617 2.4142857142857146 0.75818661408221633 3.3356991799618543 0.80719597123433406 1.899993915546405 1.9881855510444739
decision_type=2 2 2 2 2 2 2 2 2 2 2 2 2 2
left_child=2 3 9 5 7 -2 8 -4 -3 12 -5 -6 -1 -8
right_child=1 6 4 10 11 -7 13 -9 -10 -11 -12 -13 -14 -15
leaf_value=-0.00093752679114392516 -0.0003684883424759502 0.0018642099234734992 -0.00097322286047273456 0.00068913294011975718 0.00030218199854155646 0.00037866657274729815 -0.00036115855558345586 -0.00018016407571966577 0.0049883083948932773 -0.0016089897122946928 0.0025648224244878615 0.0018795081108198017 -3.5850716506562024e-06 0.0019917644875386796
leaf_weight=3256.243950009346 3230.5580968260765 1058.4475801289082 1391.1452662944794 4442.7104728519917 829.55840572714806 4795.7506295442581 256.67465171217918 9013.2565941810608 86.636457085609436 1289.3183197081089 202.54792141914368 388.3248470723629 833.43891388177872 145.55274787545204
leaf_count=4956 4693 1537 2208 6567 1253 7141 384 13587 116 1964 279 625 1296 205
internal_value=-8.89898e-06 0.000482581 -0.00042054 0.00033323 -0.000170777 7.66771e-05 0.00169721 -0.000287329 0.00211758 -0.000958075 0.000774139 0.00081557 -0.000749737 0.00047119
internal_weight=31220.2 14218.9 17001.3 12671.6 11622.3 8026.31 1547.31 10404.4 1145.08 5379 4645.26 1217.88 4089.68 402.227
internal_count=46811 20922 25889 18680 17673 11834 2242 15795 1653 8216 6846 1878 6252 589
is_linear=0
shrinkage=0.02


Tree=74
num_leaves=15
num_cat=0
split_feature=24 24 19 24 32 27 27 32 26 32 17 12 44 31
split_gain=25.79 7.79519 3.36463 2.44608 2.37061 2.3801 2.21067 2.34136 1.68548 1.54619 1.51933 1.48067 1.46069 0.94191
threshold=0.76199862594802248 1.1473520257630538 1.548101488398226 0.40902967914745908 0.8500000000000002 0.93735290749559164 2.0687430439901795 1.7500000000000002 1.1055555555555558 1.0500000000000003 2.0678386997935152 20.296858072678962 1.7021648782832581 1.0511672788872513
decision_type=2 2 2 2 2 2 2 2 2 2 2 2 2 2
left_child=2 4 3 11 5 -2 7 -3 10 -5 -4 -1 -6 -8
right_child=1 6 8 9 12 -7 13 -9 -10 -11 -12 -13 -14 -15
leaf_value=-0.0012788235223186307 0.0003705462370346923 0.00095749298075354663 -0.00027228581736208338 -0.00066676111806803385 0.00028951032052458489 -0.00042787536235438037 0.0038853994930034509 0.0029605732638182938 0.0030115936123587582 7.3627541751692435e-05 0.00092909017699866381 0.001232702594965953 0.001043189792649668 0.0017435526134167475
leaf_weight=3169.7725714445114 3055.2170934379101 4717.0988708734512 2393.0845870673656 7990.3424904942513 2624.3839817047119 2915.5387786924839 157.36162608861923 250.04079595208168 71.320570349693298 1285.4588543176651 507.67362809181213 91.192578345537186 1749.28234821558 242.39607924222946
leaf_count=5143 4556 7054 3672 11773 3868 4217 222 346 125 1951 813 135 2593 343
internal_value=-8.6951e-06 0.000562056 -0.000587541 -0.000730969 0.000239869 -1.7664e-05 0.00118087 0.00106149 1.41882e-05 -0.000563085 -5.80878e-05 -0.00120481 0.000593575 0.00262671
internal_weight=31220.2 15711.3 15508.8 12536.8 10344.4 5970.76 5366.9 4967.14 2972.08 9275.8 2900.76 3260.97 4373.67 399.758
internal_count=46811 23199 23612 19002 15234 8773 7965 7400 4610 13724 4485 5278 6461 565
is_linear=0
shrinkage=0.02


Tree=75
num_leaves=15
num_cat=0
split_feature=24 24 24 48 50 16 27 12 5 43 43 26 40 14
split_gain=21.86 4.68337 3.96008 2.29519 2.66657 1.97357 1.97378 1.91321 2.0872 1.82519 1.75647 1.45848 0.991767 0.825196
threshold=0.90315093367978883 0.41884420910815423 1.4068528179905084 1.2500000000000002 0.20615101410499917 17.510000000000009 1.0632850140037762 18.706327139539649 44.987507598307303 0.45000000000000007 -1.0000000180025095e-35 0.5634920634920636 0.075548537229558163 6.5000000000000009
decision_type=2 2 2 2 2 2 2 2 2 2 2 2 2 2
left_child=1 11 5 9 -5 10 -7 12 -9 -3 -2 13 -4 -1
right_child=2 3 7 4 -6 6 -8 8 -10 -11 -12 -13 -14 -15
leaf_value=0.00077585499607710131 -0.001160959427788325 -0.00057415845216309295 0.0023818085195512727 0.00056090682576411162 -0.00044364471829781617 0.0020557724200998087 0.00059033098439004335 0.0016529292133233143 -4.9395445397952221e-05 -8.5596302864330313e-06 0.0004011301146226533 6.7337562293527802e-05 0.0010908691879146701 -0.0011666052976985284
leaf_weight=81.959974974393845 295.81450825929642 8069.5635122656822 814.34692290425301 2457.1768017113209 1843.9934613406658 575.94005471467972 1098.9635257422924 570.35495382547379 557.68427512049675 3232.3084856271744 6775.7404307126999 440.86481401324272 393.19335588812828 3896.2760044932365
leaf_count=145 432 11925 1212 3704 2796 872 1615 844 880 4707 9899 825 579 6240
internal_value=-3.24524e-05 -0.000427206 0.000679802 -0.000263481 0.000127907 0.000482491 0.00110206 0.00141339 0.00080388 -0.000413313 0.000334062 -0.00100264 0.00197223 -0.0011237
internal_weight=31104.2 20022.1 11082 15603 4301.17 8746.46 1674.9 2335.58 1128.04 11301.9 7071.55 4419.1 1207.54 3978.24
internal_count=46675 30342 16333 23132 6500 12818 2487 3515 1724 16632 10331 7210 1791 6385
is_linear=0
shrinkage=0.02


Tree=76
num_leaves=15
num_cat=0
split_feature=24 24 24 33 15 21 34 33 26 43 30 26 13 15
split_gain=20.9975 4.49622 3.80377 3.15677 2.55225 2.39137 2.34857 2.73361 1.93666 1.86696 1.82683 1.40162 1.35681 1.29421
threshold=0.90315093367978883 0.41884420910815423 1.4068528179905084 0.35000000000000003 22.296422430853109 0.93481478774976312 0.26407387013313083 0.19999999999999998 1.1833333333333336 -0.14999999999999988 -0.12731467922695078 0.5634920634920636 0.12668717773682839 2.5257590925032756
decision_type=2 2 2 2 2 2 2 2 2 2 2 2 2 2
left_child=1 11 3 10 8 -5 7 -3 -4 -8 -2 13 -6 -1
right_child=2 6 4 5 12 -7 9 -9 -10 -11 -12 -13 -14 -15
leaf_value=0.0004523240195573844 0.0014237631516603802 -0.00013861331923783235 -0.00054419760075932353 -0.00097317353422356656 0.001334426408070556 0.00028821331401831629 -0.0010183761850064556 -0.0010157499127738446 0.0013706402013993063 9.024304519916887e-06 0.00055956957281200583 6.5996891608225994e-05 0.0046852859416802685 -0.001183550678062626
leaf_weight=193.73993375897408 1407.5324993133545 2867.6280676722527 228.9735504090786 740.82032921910286 92.625205725431442 3135.4956829249859 763.59227883815765 2876.9432505965233 1876.6816980242729 9094.8786638379097 3462.6100079715252 440.86481401324272 137.29905357956886 3784.4960457086563
leaf_count=334 2059 4139 446 1139 137 4532 1115 4453 2729 13425 5088 825 203 6051
internal_value=-3.17697e-05 -0.000418663 0.000666285 0.000472873 0.00138529 4.4188e-05 -0.000258226 -0.000579834 0.00115735 -6.97297e-05 0.000811867 -0.000982503 0.00340165 -0.00110118
internal_weight=31104.2 20022.1 11082 8746.46 2335.58 3876.32 15603 5744.57 2105.66 9858.47 4870.14 4419.1 229.924 3978.24
internal_count=46675 30342 16333 12818 3515 5671 23132 8592 3175 14540 7147 7210 340 6385
is_linear=0
shrinkage=0.02


Tree=77
num_leaves=15
num_cat=0
split_feature=26 16 26 0 31 15 14 28 30 48 22 23 19 40
split_gain=13.2712 5.72044 5.1228 2.71121 2.02707 1.78884 2.04867 1.69457 1.65924 1.62436 1.95307 1.4398 1.09744 0.85042
threshold=0.64583333333333337 17.510000000000009 1.3875000000000002 23.199003061955896 0.90910178424337129 23.102652948081236 11.500000000000002 1.2500000000000002 -0.087116968602466441 1.7500000000000002 -0.63464394104145094 0.5752943010956969 4.9002165425104165 -0.0027423677506924994
decision_type=2 2 2 2 2 2 2 2 2 2 2 2 2 2
left_child=3 2 4 12 -2 6 -3 -4 -7 10 -5 -11 13 -1
right_child=1 5 7 9 -6 8 -8 -9 -10 11 -12 -13 -14 -15
leaf_value=-0.00059316708495840275 0.00024271716522872346 0.0011348809375977696 0.00045721747499327415 0.00027824583689105628 -0.00025349773365397822 0.0040299510970813034 -0.00051356590244959141 0.0014811421856039406 0.0013430449837685532 -0.0014884537910932064 -0.00081609576913971055 0.000490790372576831 0.001351222553655661 -0.0010286644807063797
leaf_weight=3995.7779063284397 6502.3835886716843 2133.6241261959076 1387.7031587958336 960.00426131486893 6664.9204631149769 151.37433323264122 340.96216800808907 1278.2790301442146 283.41555422544479 157.63341158628464 1956.2747941911221 1637.5687061548233 90.900690197944641 3563.3588894307613
leaf_count=6079 9706 3215 1997 1434 9832 243 480 1828 431 233 2968 2572 133 5524
internal_value=-3.11018e-05 0.00030405 0.000153477 -0.000540038 -7.69393e-06 0.00111939 0.00090348 0.000952657 0.00231557 -0.000159837 -0.000452481 0.000309969 -0.000772785 -0.0008
internal_weight=31104.2 18742.7 15833.3 12361.5 13167.3 2909.38 2474.59 2665.98 434.79 4711.48 2916.28 1795.2 7650.04 7559.14
internal_count=46675 27732 23363 18943 19538 4369 3695 3825 674 7207 4402 2805 11736 11603
is_linear=0
shrinkage=0.02


Tree=78
num_leaves=15
num_cat=0
split_feature=24 24 34 24 16 32 13 16 13 15 20 25 47 17
split_gain=19.6487 6.11155 2.96947 2.62205 2.47696 2.51234 2.41233 1.66486 1.61083 1.42161 1.44278 1.35485 1.25861 0.688086
threshold=0.74340446297999685 1.1473520257630538 0.17747926732058997 0.31882381917136421 17.790000000000006 0.65000000000000002 1.980939643689051 21.310000000000006 2.3785982876930603 2.5257590925032756 0.9658476063501561 1.5500000000000003 1.3223361308019268 0.79650003889675192
decision_type=2 2 2 2 2 2 2 2 2 2 2 2 2 2
left_child=3 4 12 9 5 -2 -4 8 -5 10 -1 -6 -3 -11
right_child=1 2 6 7 11 -7 -8 -9 -10 13 -12 -13 -14 -15
leaf_value=-0.00070771244166804457 -0.00034306833865618385 -0.0014822297437443943 0.0010083284240298479 -0.00052296203873295345 0.0011904363250476607 0.00032056678226882388 0.0024591327050980513 0.0019103877131887799 0.00043450423446774903 -0.0020239378249695783 0.0029035446263298383 -0.00081769420069802731 0.00039376424008134825 -0.0011194109338787941
leaf_weight=133.75787064433098 3710.05906483531 228.15862548351288 4187.4147920310497 11657.272617816925 1229.5001452863216 5900.8398442566395 528.51596322655678 115.59937357902527 734.97853735089302 482.21157318353653 62.275441318750381 143.37330085039139 363.82101854681969 1626.4029131829739
leaf_count=242 5491 393 6045 17298 1844 8629 861 193 1184 769 106 212 602 2806
internal_value=-3.04461e-05 0.000448501 0.00100601 -0.000557885 0.000178041 6.33279e-05 0.00117401 -0.00044225 -0.000465307 -0.0011802 0.000406745 0.000972563 -0.000314995 -0.00133272
internal_weight=31104.2 16291.7 5307.91 14812.5 10983.8 9610.9 4715.93 12507.9 12392.3 2304.65 196.033 1372.87 591.98 2108.61
internal_count=46675 24077 7901 22598 16176 14120 6906 18675 18482 3923 348 2056 995 3575
is_linear=0
shrinkage=0.02


Tree=79
num_leaves=15
num_cat=0
split_feature=24 24 24 32 16 26 15 31 16 27 15 20 20 26
split_gain=18.8713 5.87015 2.51866 2.46201 2.37809 2.42264 1.91593 1.8646 1.60022 1.46835 1.36584 1.38762 1.35268 1.03402
threshold=0.74340446297999685 1.1473520257630538 0.31882381917136421 0.95000000000000007 17.790000000000006 0.95000000000000007 22.296422430853109 0.74474321015066491 21.310000000000006 1.0976203591846401 2.5257590925032756 0.9658476063501561 -6.435683541707804 0.5277777777777779
decision_type=2 2 2 2 2 2 2 2 2 2 2 2 2 2
left_child=2 4 10 7 5 -2 -5 -3 12 -6 11 -1 -4 -12
right_child=1 3 8 6 9 -7 -8 -9 -10 -11 13 -13 -14 -15
leaf_value=-0.00069376674248854814 0.0003532374618044224 -3.151774959485471e-05 0.0017178463297727647 0.0012252860816069197 0.0013789427936849096 -0.00028382415858088487 0.003049124327639703 0.0010370944362306097 0.0018728297508855407 -2.6694179007122184e-05 -0.0014209826735843215 0.0028472805671865792 -0.00047646739700233677 0.0003531798351728255
leaf_weight=133.75787064433098 5233.4886892139912 1201.4069167971611 109.56655123829842 2458.1672161519527 963.38295021653175 4377.4102198779583 263.98242110013962 1384.3538452386856 115.59937357902527 409.49049592018127 1978.1271708905697 62.275441318750381 12282.68460392952 130.4873154759407
leaf_count=242 7806 1928 154 3532 1453 6314 393 2048 193 603 3314 106 18328 261
internal_value=-2.98197e-05 0.00043955 -0.000546725 0.000985944 0.000174463 6.20404e-05 0.00140793 0.000537086 -0.000433367 0.000952978 -0.0011567 0.000398044 -0.000455985 -0.00130622
internal_weight=31104.2 16291.7 14812.5 5307.91 10983.8 9610.9 2722.15 2585.76 12507.9 1372.87 2304.65 196.033 12392.3 2108.61
internal_count=46675 24077 22598 7901 16176 14120 3925 3976 18675 2056 3923 348 18482 3575
is_linear=0
shrinkage=0.02


Tree=80
num_leaves=15
num_cat=0
split_feature=24 24 1 12 43 31 24 1 19 5 31 18 47 18
split_gain=17.0055 5.71696 3.13339 3.05107 2.57764 2.81682 2.25309 2.24871 2.19739 1.77618 1.67893 1.29173 1.18503 1.11148
threshold=0.7399929903377821 1.5383991189460484 31.539166666666677 18.400275103420714 0.25000000000000006 0.80119215304520897 0.45241582400070474 24.660333333333337 2.0534131982469188 44.380139395561194 0.90910178424337129 2.4019854706575843 3.4520736909838909 2.1404368547630046
decision_type=2 2 2 2 2 2 2 2 2 2 2 2 2 2
left_child=2 4 3 11 12 -6 -5 10 13 -9 -3 -1 -2 -4
right_child=1 7 8 6 5 -7 -8 9 -10 -11 -12 -13 -14 -15
leaf_value=-0.00092718956502457772 -3.4270688111374422e-05 -0.0010339265006163423 0.0012444287350884199 -0.00075384358120892834 0.00099370594224924185 0.00026577152812204722 -7.9533596290180805e-05 0.0030064430461717866 0.0017190994318257067 0.0013735302430010826 0.0023280321908910697 -0.003048962126739782 0.0013075675576317786 -0.00031992620401480077
leaf_weight=4581.728102594614 5770.6574934124947 187.4510281085968 218.00597238540649 3286.1374164223671 3611.1417388319969 5299.5731312334538 5088.6821003854275 471.93089836835861 363.44145426154137 711.55689606070518 84.544520527124405 120.77510794997215 273.52459338307381 1029.7947796583176
leaf_count=6915 8612 316 350 5303 5343 7677 7446 672 600 1097 111 188 412 1627
internal_value=2.04608e-05 0.00046321 -0.000473503 -0.000576325 0.000345783 0.000562052 -0.000345432 0.00166077 0.000354512 0.00203708 0 -0.000985082 2.52116e-05 -3.70591e-05
internal_weight=31098.9 16410.4 14688.6 13077.3 14954.9 8910.71 8374.82 1455.48 1611.24 1183.49 271.996 4702.5 6044.18 1247.8
internal_count=46669 24240 22429 19852 22044 13020 12749 2196 2577 1769 427 7103 9024 1977
is_linear=0
shrinkage=0.02


Tree=81
num_leaves=15
num_cat=0
split_feature=24 24 1 12 24 19 26 31 0 51 17 0 46 30
split_gain=16.3352 5.52531 3.0106 2.93014 2.16358 2.11073 2.00624 1.80125 1.73765 1.70297 1.69622 1.54891 1.07655 1.02771
threshold=0.7399929903377821 1.4068528179905084 31.539166666666677 18.400275103420714 0.45241582400070474 2.0534131982469188 2.6125000000000003 0.80119215304520897 30.088379085114273 0.71629586478407314 2.4382291245365848 32.271293484605032 1.8819444444444446 -0.032961013523079639
decision_type=2 2 2 2 2 2 2 2 2 2 2 2 2 2
left_child=2 7 3 10 -5 12 8 11 -3 -9 -1 -2 -4 -7
right_child=1 6 5 4 -6 13 -8 9 -10 -11 -12 -13 -14 -15
leaf_value=-0.00089958411598225747 0.00037013949872532207 0.00052528462500202159 0.00056668257944262658 -0.00073877589021253813 -7.7943551532562861e-05 3.6876267971372662e-05 0.0045824709559726205 -0.00025509276134345465 0.0016878437537221978 0.00033214949435942688 -0.0033098970624991703 0.0011184944308484264 -0.00060626694016526611 0.0024083707430635564
leaf_weight=4580.826898753643 3952.6814264059067 872.20838764309883 598.00219374895096 3286.1374164223671 5088.6821003854275 115.73204073309898 75.245314508676529 3065.27925157547 1376.0275621712208 5492.029781550169 121.67631179094315 1576.9085760712624 649.7985582947731 247.70941352844238
leaf_count=6915 6002 1423 938 5303 7446 183 98 4472 1974 8009 188 2262 1039 417
internal_value=2.00594e-05 0.000454002 -0.000464066 -0.000564859 -0.000338551 0.000347487 0.00135846 0.00030394 0.00124214 0.000120617 -0.000965457 0.000585688 -3.61283e-05 0.00168491
internal_weight=31098.9 16410.4 14688.6 13077.3 8374.82 1611.24 2323.48 14086.9 2248.24 8557.31 4702.5 5529.59 1247.8 363.441
internal_count=46669 24240 22429 19852 12749 2577 3495 20745 3397 12481 7103 8264 1977 600
is_linear=0
shrinkage=0.02


Tree=82
num_leaves=15
num_cat=0
split_feature=24 24 32 0 30 1 12 36 43 24 19 32 3 18
split_gain=15.6915 5.31746 3.1915 3.00461 3.10745 2.89341 2.81402 2.3236 2.20033 2.07763 2.02906 1.90793 1.59749 1.05169
threshold=0.7399929903377821 1.5383991189460484 0.95000000000000007 30.088379085114273 -0.11837126072797564 31.539166666666677 18.400275103420714 0.31666666666666671 -1.0000000180025095e-35 0.45241582400070474 2.0534131982469188 0.95000000000000007 44.512294846336353 2.1404368547630046
decision_type=2 2 2 2 2 2 2 2 2 2 2 2 2 2
left_child=5 2 8 4 -3 6 11 -4 -2 -8 13 -1 -5 -7
right_child=1 3 7 12 -6 10 9 -9 -10 -11 -12 -13 -14 -15
leaf_value=-0.001123649010387434 -0.0011179842241958759 -0.0011377341793825529 0.0002077372146314387 0.0036021787568084954 0.0017935704037471919 0.0012110632479089389 -0.00072400935287489506 0.0010514980311831876 0.00018395750028526588 -7.638528868346836e-05 0.0016520224343947341 -1.817572593712075e-05 0.0017054436730443432 -0.00031061678455812007
leaf_weight=3938.3743213713169 548.01325932145119 260.09522971510887 2217.8439652323723 284.42092680931091 315.79397892951965 218.00597238540649 3286.1374164223671 3297.1597616970539 8891.8799706101418 5088.6821003854275 363.44145426154137 764.12888917326927 595.17320761084557 1029.7947796583176
leaf_count=5930 804 467 3332 391 479 350 5303 4789 13119 7446 600 1173 859 1627
internal_value=1.96784e-05 0.000444992 0.000331713 0.0016 0.000453013 -0.000454806 -0.000553623 0.000714193 0.000107096 -0.000331808 0.000340721 -0.000946226 0.00233689 -3.52469e-05
internal_weight=31098.9 16410.4 14954.9 1455.48 575.889 14688.6 13077.3 5515 9439.89 8374.82 1611.24 4702.5 879.594 1247.8
internal_count=46669 24240 22044 2196 946 22429 19852 8121 13923 12749 2577 7103 1250 1977
is_linear=0
shrinkage=0.02


Tree=83
num_leaves=15
num_cat=0
split_feature=24 24 32 1 14 29 32 20 13 24 44 17 31 16
split_gain=15.0742 5.09978 3.26736 2.78257 2.46582 2.37576 2.2183 1.90338 1.89164 1.76256 1.41473 1.15358 0.815795 0.683516
threshold=0.74340446297999685 1.4068528179905084 0.95000000000000007 31.539166666666677 10.500000000000002 2.2500000000000004 0.95000000000000007 -2.9314428886947783 1.5692554712246489 0.26004898660586434 2.8762004098635643 2.3448262558449469 0.8442118717818371 21.580000000000005
decision_type=2 2 2 2 2 2 2 2 2 2 2 2 2 2
left_child=3 2 8 6 5 -3 9 -4 -2 -1 -6 -5 -8 -13
right_child=1 4 7 11 10 -7 12 -9 -10 -11 -12 13 -14 -15
leaf_value=-0.0013807582115119479 -7.2705773169069732e-05 0.0015050159602369763 0.0023029274825902401 0.0010722915326214972 0.00067599533359897883 0.0044986646328887096 0.00028293650653928525 0.00060430433861850699 0.00067668101012746012 -0.00056498252213012994 -0.0018433385657552741 -0.0001999344358413781 -0.00054773768458622719 0.0016090643153999086
leaf_weight=1213.5902824997902 7310.3824717700481 1519.6394329965115 283.32157412171364 554.15553545951843 584.72090482711792 117.2181550860405 1571.8431195616722 4724.9938483834267 1646.2822052538395 9714.1428883075714 101.90277141332626 995.70237481594086 672.18831765651703 88.861351430416107
leaf_count=2131 10541 2351 433 912 838 154 2417 6948 2641 14394 152 1555 1050 152
internal_value=1.92937e-05 0.000439449 0.000294074 -0.000442112 0.0013079 0.00173073 -0.000539092 0.000703273 6.40395e-05 -0.00065673 0.000283308 0.000331006 2.93938e-05 -3.98258e-05
internal_weight=31098.9 16288.5 13965 14810.5 2323.48 1636.86 13171.8 5008.32 8956.66 10927.7 686.624 1638.72 2244.03 1084.56
internal_count=46669 24058 20563 22611 3495 2505 19992 7381 13182 16525 990 2619 3467 1707
is_linear=0
shrinkage=0.02


Tree=84
num_leaves=15
num_cat=0
split_feature=32 1 36 27 43 33 42 4 36 33 13 27 27 4
split_gain=11.4456 6.11182 4.75268 4.47492 2.29343 2.26818 2.15596 2.09422 2.06135 1.96706 1.74057 1.51201 1.37245 1.1464
threshold=0.95000000000000007 31.27416666666667 0.35416666666666669 0.38036761664634061 0.14999999999999999 0.95000000000000007 1.5500000000000003 39.309423809249914 0.68333333333333346 1.0000000180025095e-35 0.25905609100165178 1.2031532073956599 1.3342391617246581 46.293971861961005
decision_type=2 2 2 2 2 2 2 2 2 2 2 2 2 2
left_child=1 3 5 13 8 12 -6 11 -4 -5 -9 -3 -2 -1
right_child=2 7 4 9 6 -7 -8 10 -10 -11 -12 -13 -14 -15
leaf_value=-0.0011206605927888552 0.00020398278673683325 0.00070790228024115455 0.0011294881684294311 9.4699956180740877e-05 0.0013384191552610156 -0.00066719407251583185 -0.00093945650474108625 -0.0003015781376771706 -0.0007503951258387325 -0.00041023412554219165 0.00054988237027757273 0.0024637387167737198 0.0013910661264698173 0
leaf_weight=3465.4263418614864 2444.8227549791336 749.19882228970528 438.61033535003662 4793.3257691860199 3871.9500249624252 1091.7575303912163 167.08170112967491 1678.9117743372917 490.61631259322166 8519.9047311246395 2211.6783367693424 279.63102316856384 469.67546981573105 426.35430562496185
leaf_count=5380 3686 1144 675 6889 5635 1711 233 2445 774 12806 3519 401 689 682
internal_value=1.89318e-05 -0.000225108 0.00062158 -0.000403138 0.00103498 0.000106154 0.0012413 0.00039541 0.000126722 -0.000227699 0.000179915 0.00119869 0.000399534 -0.0010003
internal_weight=31098.9 22124.4 8974.51 17205 4968.26 4006.26 4039.03 4919.42 929.227 13313.2 3890.59 1028.83 2914.5 3891.78
internal_count=46669 33266 13403 25757 7317 6086 5868 7509 1449 19695 5964 1545 4375 6062
is_linear=0
shrinkage=0.02


Tree=85
num_leaves=15
num_cat=0
split_feature=24 24 32 24 1 13 32 13 13 32 20 50 13 32
split_gain=17.6413 4.07678 2.97386 2.29832 2.03868 2.50775 1.96723 1.77686 1.38486 1.42281 1.12306 1.02153 0.967024 0.936494
threshold=0.90315093367978883 0.46568918361497574 0.95000000000000007 1.5175323826954117 27.34500000000001 0.51328731122971327 1.7500000000000002 1.0000000180025095e-35 2.2092548836962744 0.55000000000000016 -5.4635888823289065 0.060686800138672406 2.2727709370360674 0.75000000000000011
decision_type=2 2 2 2 2 2 2 2 2 2 2 2 2 2
left_child=1 10 4 6 11 -6 -4 -5 9 -3 -1 -2 -10 -12
right_child=2 8 3 7 5 -7 -8 -9 12 -11 13 -13 -14 -15
leaf_value=0.00069400955793313349 -0.00036550828591758346 -0.00043538586510228841 0.00073306903301848425 0.00078499135846340205 0.00019530647522898514 0.0012150592859318994 0.0025408666551857179 0.002663252440763637 0.0024529386338995392 -8.0862854641158993e-06 -0.00095935742419648272 0.00052533816843444432 0.00037191896784629351 -0.00035490222962649684
leaf_weight=199.91582605242729 1527.9136072099209 5014.8614064157009 3702.7229824066162 339.81004559993744 2052.2011314928532 1867.0971849262714 262.01937639713287 576.50492304563522 100.13749092817307 8361.464808344841 4041.5295209288597 770.39563703536987 941.03798562288284 1457.7810100018978
leaf_count=326 2258 7407 5395 457 2932 2949 386 853 149 12310 6404 1127 1505 2432
internal_value=5.91576e-05 -0.000293645 0.000699464 0.00107017 0.000406591 0.000684024 0.000856283 0.00198083 -0.000113778 -0.000169072 -0.000746706 -6.23513e-05 0.000585971 -0.000801131
internal_weight=31215.4 20116.7 11098.7 4881.06 6217.61 3919.3 3964.74 916.315 14417.5 13376.3 5699.23 2298.31 1041.18 5499.31
internal_count=46890 30533 16357 7091 9266 5881 5781 1310 21371 19717 9162 3385 1654 8836
is_linear=0
shrinkage=0.02


Tree=86
num_leaves=15
num_cat=0
split_feature=1 32 32 33 16 33 36 21 42 33 36 20 50 3
split_gain=10.475 3.77204 3.24153 3.02262 2.97963 3.10139 2.6325 2.62952 2.40583 1.53725 1.52939 1.10092 1.0269 0.975102
threshold=25.433333333333337 1.0500000000000003 0.75000000000000011 -1.0000000180025095e-35 23.030000000000008 0.8500000000000002 0.86607142857142871 1.1043121464526906 0.55000000000000016 0.25000000000000006 0.95000000000000007 2.1575359428552656 -0.27140660853491339 31.053214818026728
decision_type=2 2 2 2 2 2 2 2 2 2 2 2 2 2
left_child=1 3 6 8 5 -4 7 -2 -1 12 -5 -8 -3 -11
right_child=2 9 4 10 -6 -7 11 -9 -10 13 -12 -13 -14 -15
leaf_value=-9.7406264742200353e-05 0.00013199348625625863 0.0033737919178906924 0.0008282624438784472 -0.00053108858958269016 0.002022703035884147 -2.0147242523829702e-05 -0.00035904145087629327 0.0013072559586462301 0.0017898044571079881 0.0010903293550641705 -0.0012827981886809892 -0.0019589611761742314 0.00093289117277439943 -0.00013261721185819786
leaf_weight=2913.2743265330791 4647.5818634331226 84.055273681879044 5631.8921991586685 8317.2959029972553 612.95272594690323 2450.1752589344978 1755.62108746171 915.6313102543354 295.28872555494308 322.89553797245026 1274.1068495213985 193.99316221475601 517.7665684223175 1282.8621443212032
leaf_count=4127 7137 126 8369 12737 941 3648 2668 1387 410 495 1885 290 744 1926
internal_value=5.8013e-05 -0.000322334 0.000410806 -0.000454395 0.000673886 0.000569879 0.000104898 0.000327623 7.41685e-05 0.000438575 -0.000632234 -0.000525207 0.00130041 0.000108131
internal_weight=31215.4 15007.5 16207.8 12800 8695.02 8082.07 7512.83 5563.21 3208.56 2207.58 9591.4 1949.61 601.822 1605.76
internal_count=46890 22450 24440 19159 12958 12017 11482 8524 4537 3291 14622 2958 870 2421
is_linear=0
shrinkage=0.02


Tree=87
num_leaves=15
num_cat=0
split_feature=24 24 24 0 30 14 43 12 33 14 43 13 19 24
split_gain=16.6162 3.83394 2.4989 2.32745 2.51876 1.8704 2.83619 2.00147 1.69421 2.22212 1.49816 1.48343 1.4755 1.18768
threshold=0.90315093367978883 0.46568918361497574 1.5175323826954117 29.999448632126597 -0.12031732917902534 8.5000000000000018 -1.0000000180025095e-35 17.224103731504627 0.19999999999999998 11.500000000000002 0.35000000000000003 0.036318817743398811 2.9084691529654125 0.29164392008399592
decision_type=2 2 2 2 2 2 2 2 2 2 2 2 2 2
left_child=1 12 5 4 -4 6 -2 -7 9 -3 -10 -5 13 -1
right_child=2 8 3 11 -6 7 -8 -9 10 -11 -12 -13 -14 -15
leaf_value=-0.0012515320546036554 -0.0023184787427885443 0.00035599282044917877 -0.00096780615768364542 0.0010168052133423693 0.0015892191047667259 -0.0011625025870765293 0.001226652768665522 0.00046987543491532714 -0.00051931276417867148 -0.0007555544512385375 -4.6534599105742215e-06 0.0026883357928046618 0.00039267985985868377 -0.0006009684306335283
leaf_weight=1731.213914334774 90.684175163507462 4410.1948471069336 273.02623769640923 378.96419653296471 341.76654630899429 308.6846641600132 2084.3295100331306 7043.5471220612526 4803.6586566269398 853.59026926755905 4350.0579183101654 577.66243615746498 424.12276285886765 3543.8896797895432
leaf_count=3001 146 6487 488 518 522 435 3204 10195 7263 1184 6437 849 697 5464
internal_value=5.68618e-05 -0.000285527 0.000678294 0.00142101 0.000437989 0.000554469 0.00107226 0.000399683 -0.000111074 0.000173624 -0.000275881 0.0020401 -0.000724899 -0.000816763
internal_weight=31215.4 20116.7 11098.7 1571.42 614.793 9527.25 2175.01 7352.23 14417.5 5263.79 9153.72 956.627 5699.23 5275.1
internal_count=46890 30533 16357 2377 1010 13980 3350 10630 21371 7671 13700 1367 9162 8465
is_linear=0
shrinkage=0.02


Tree=88
num_leaves=15
num_cat=0
split_feature=24 24 34 13 19 2 33 34 12 19 42 24 33 44
split_gain=15.96 3.68176 2.51507 2.47269 2.3604 1.69671 1.62711 2.69399 1.86157 1.41799 1.28267 0.948456 0.879914 0.884145
threshold=0.90315093367978883 0.46568918361497574 1.2423149972615535 0.95223645941716673 0.56275560353548582 30.045416666666672 0.19999999999999998 0.2698979714233149 17.851144525896519 2.9084691529654125 1.3500000000000003 0.29164392008399592 0.75000000000000011 1.3292192397214457
decision_type=2 2 2 2 2 2 2 2 2 2 2 2 2 2
left_child=1 9 3 4 -2 -5 8 -8 -3 10 -1 -11 13 -4
right_child=2 6 12 5 -6 -7 7 -9 -10 11 -12 -13 -14 -15
leaf_value=-0.00072368508307807877 0.00021324948221922263 -0.00057792238364229493 -0.0031172313686423183 0.00068844746483592541 0.0009931494132846279 0.0015534847112125966 -0.00079832041495403894 -4.5687796924594557e-05 0.00035959967368221678 0.0016484691966308757 -0.0021449823944014196 -0.00029274675330056622 0.00030692129185290061 -0.00063790224045392628
leaf_weight=5000.0304718613625 4224.2123579978943 1052.407611489296 77.192955851554871 1777.2453781068325 2495.1377775967121 1996.1319378316402 2718.0511090755463 6435.6654658615589 4211.3775048851967 152.19742080569267 275.07312226295471 271.92534205317497 247.43863183259964 281.30584889650345
leaf_count=8057 5979 1531 124 2779 3578 3123 4207 9493 6140 275 408 422 351 423
internal_value=5.5712e-05 -0.000279841 0.000664755 0.000737537 0.000504552 0.00114928 -0.000108869 -0.000270388 0.00017011 -0.000710411 -0.000800479 0.000384863 -0.000577405 -0.00121383
internal_weight=31215.4 20116.7 11098.7 10492.7 6719.35 3773.38 14417.5 9153.72 5263.79 5699.23 5275.1 424.123 605.937 358.499
internal_count=46890 30533 16357 15459 9557 5902 21371 13700 7671 9162 8465 697 898 547
is_linear=0
shrinkage=0.02


Tree=89
num_leaves=15
num_cat=0
split_feature=24 24 23 24 26 14 31 2 17 33 14 43 19 24
split_gain=15.3304 3.53603 3.24777 2.48152 2.74362 2.07717 1.8443 2.77504 1.96433 1.56268 2.13805 1.42717 1.37048 1.34691
threshold=0.90315093367978883 0.46568918361497574 0.80091049820911286 1.5175323826954117 0.95000000000000007 10.500000000000002 0.84771031620224835 18.341041666666669 1.3265349139468612 0.19999999999999998 11.500000000000002 0.35000000000000003 0.7434208161196737 0.29164392008399592
decision_type=2 2 2 2 2 2 2 2 2 2 2 2 2 2
left_child=1 12 6 4 -4 -5 7 -2 -8 10 -3 -11 13 -1
right_child=2 9 3 5 -6 -7 8 -9 -10 11 -12 -13 -14 -15
leaf_value=-0.001492977125459215 -0.0014694792376029897 0.00034559269859040003 0.0014329487297990401 0.002209518594004502 0.00048669981164719259 0.00035139758043760617 0.0011600629921552951 0.0008488975122851011 -0.00092571146087107813 -0.00050258214447931719 -0.00074472903943673769 -2.4785945634334892e-07 -0.00027587032004561626 -0.0006562520351579657
leaf_weight=1178.4807937443256 238.23249763250351 4410.1948471069336 1606.511081635952 875.07825213670731 5457.8912451565266 351.64115297794342 216.34142285585403 1383.7763759493828 969.19285976886749 4803.6586566269398 853.59026926755905 4350.0579183101654 2054.7108164131641 2466.034746825695
leaf_count=2013 388 6487 2468 1336 7962 505 308 2008 1382 7263 1184 6437 3348 3801
internal_value=5.45816e-05 -0.000274279 0.000651496 0.000850636 0.000703645 0.00168646 5.96577e-05 0.000500838 -0.000535357 -0.000106708 0.000166668 -0.000265006 -0.000696248 -0.000930226
internal_weight=31215.4 20116.7 11098.7 8291.12 7064.4 1226.72 2807.54 1622.01 1185.53 14417.5 5263.79 9153.72 5699.23 3644.52
internal_count=46890 30533 16357 12271 10430 1841 4086 2396 1690 21371 7671 13700 9162 5814
is_linear=0
shrinkage=0.02


Tree=90
num_leaves=15
num_cat=0
split_feature=47 1 25 33 34 34 19 26 31 13 47 2 20 46
split_gain=10.1103 3.63739 3.08897 2.00935 1.76869 2.20503 1.63012 1.60101 1.57067 1.38267 1.36544 1.21688 1.02959 0.60224
threshold=1.1310480646570678 21.501000000000005 2.2916666666666674 0.19999999999999998 1.2168626973380638 0.3164897478257529 -4.5348623010301585 1.3166666666666669 1.0511672788872513 2.2250344722002446 1.2075086873621241 23.140537037037038 4.1271819338291982 1.4722222222222225
decision_type=2 2 2 2 2 2 2 2 2 2 2 2 2 2
left_child=3 9 6 4 5 -1 -3 12 -4 10 -2 -9 -5 -11
right_child=1 2 8 7 -6 -7 -8 11 -10 13 -12 -13 -14 -15
leaf_value=-0.00036627800795006752 0.0005743377961603081 0.0032975837804682683 0.0049069808335125628 -0.00067902279886115457 -0.0024303026232288358 0.00050128099675597376 0.00037545553946974239 0.0020951727513360734 0.0015246628615959064 0.00016303062732753802 -0.00079208249617319188 -0.00014816570163535121 0.00027236228471939547 0.0028961109681987472
leaf_weight=2859.5242488384247 341.39589864015579 75.737863957881927 74.512039959430695 8461.8969460427761 122.01352807879448 1981.8457106649876 14251.459088563919 146.09026834368706 272.23064184188843 82.353831380605698 1738.7880000174046 257.49146321415901 464.33029642701149 62.285516023635864
leaf_count=4246 519 99 103 12963 179 2825 21409 216 388 145 2570 368 703 109
internal_value=-7.16913e-06 0.000323639 0.00043823 -0.000398972 -7.1503e-05 -9.01216e-06 0.000392059 -0.000572059 0.00230414 -0.000427377 -0.000562689 0.000645559 -0.000628363 0.00143161
internal_weight=31192 16898.8 14673.9 14293.2 4963.38 4841.37 14327.2 9329.81 346.743 2224.82 2080.18 403.582 8926.23 144.639
internal_count=46842 25342 21999 21500 7250 7071 21508 14250 491 3343 3089 584 13666 254
is_linear=0
shrinkage=0.02


Tree=91
num_leaves=15
num_cat=0
split_feature=47 1 25 33 34 34 19 22 28 19 20 13 34 42
split_gain=9.71243 3.49161 2.97032 1.92902 1.69977 2.11814 1.56706 1.51733 1.44563 1.35513 1.31812 0.959887 0.881548 0.773916
threshold=1.1310480646570678 21.501000000000005 2.2916666666666674 0.19999999999999998 1.2168626973380638 0.34677722822281276 -4.5348623010301585 0.7656818166573115 1.7500000000000002 0.10008039151157082 3.594297719660386 2.2495188956154837 0.25588344008111535 0.8500000000000002
decision_type=2 2 2 2 2 2 2 2 2 2 2 2 2 2
left_child=3 9 6 4 5 -1 -3 -4 10 13 -5 -11 -10 -2
right_child=1 2 7 8 -6 -7 -8 -9 12 11 -12 -13 -14 -15
leaf_value=-0.0003269038784508846 -0.0005470978588563082 0.0032333289702774701 0.0035605149309771247 -0.00067950590073563935 -0.0023824804159060958 0.00054227865897469099 0.00036794747576041515 0.00081269365339752214 -0.0012806802882122899 5.5268821250093592e-05 0.00025266178911234822 0.0026050573805476169 0.0011290855786009258 -0.0018393765166320687
leaf_weight=3081.4853305518627 1330.9146665036678 75.737863957881927 177.37565812468529 8319.1132417917252 122.01352807879448 1759.8846289515495 14251.459088563919 169.36702367663383 70.562131643295288 602.96879255771637 637.12689539790154 64.681036770343781 303.00670519471169 226.25875023007393
leaf_count=4562 1993 99 244 12742 179 2509 21409 247 107 909 970 116 431 325
internal_value=-6.97165e-06 0.000317256 0.000429534 -0.000390995 -7.00914e-05 -8.78952e-06 0.000384242 0.00225937 -0.000560589 -0.000418509 -0.000612036 0.000324265 0.000642891 -0.000743399
internal_weight=31192 16898.8 14673.9 14293.2 4963.38 4841.37 14327.2 346.743 9329.81 2224.82 8956.24 667.65 373.569 1557.17
internal_count=46842 25342 21999 21500 7250 7071 21508 491 14250 3343 13712 1025 538 2318
is_linear=0
shrinkage=0.02


Tree=92
num_leaves=14
num_cat=0
split_feature=24 24 32 3 0 30 26 26 5 5 51 13 31
split_gain=15.5353 4.3198 3.12033 2.93615 2.29013 2.28819 1.72678 1.65095 1.44443 2.00433 1.48343 1.35449 0.511535
threshold=0.758467540165492 1.1795663400291057 1.5500000000000003 42.010469844792397 19.793044301678503 -0.075137454672040638 1.1339285714285716 1.0500000000000003 40.594485011730065 41.419970751474118 1.108875505315601 1.5065005493421977 1.4801271431144427
decision_type=2 2 2 2 2 2 2 2 2 2 2 2 2
left_child=6 5 4 -4 -3 11 8 -7 10 -10 -1 -2 -8
right_child=1 2 3 -5 -6 7 12 -9 9 -11 -12 -13 -14
leaf_value=-0.00077867533090488579 0.00039619266264570872 -0.00095267285972707718 0.0046196800733849606 0.001372850492217714 0.00086742651369382698 0.00022524385957240902 0.00044044866235309812 -0.00041847950375852678 0.00088917954112876629 -0.00035274509056032298 -0.00018688681144326567 0.0013077593175681399 0.0034227241156053472
leaf_weight=7030.0929220616817 3290.1558731198311 290.25786843895912 161.88420513272285 404.85458266735077 4001.0691446065903 4301.3404767811298 56.297173798084259 2527.457528591156 569.83155184984207 5374.3589350581169 2297.3736502826214 834.22629311680794 52.755136489868164
leaf_count=10675 4738 476 226 569 5925 6398 103 3690 866 8275 3458 1340 103
internal_value=-6.79951e-06 0.000433072 0.000929943 0.00233085 0.000741603 0.000211652 -0.000459631 -1.15982e-05 -0.000478174 -0.000231749 -0.00063406 0.00058354 0.00200886
internal_weight=31192 15811.2 4858.07 566.739 4291.33 10953.2 15380.7 6828.8 15271.7 5944.19 9327.47 4124.38 109.052
internal_count=46842 23362 7196 795 6401 16166 23480 10088 23274 9141 14133 6078 206
is_linear=0
shrinkage=0.02


Tree=93
num_leaves=15
num_cat=0
split_feature=24 24 32 3 19 23 13 26 26 3 24 34 2 36
split_gain=14.9213 4.14909 2.99906 2.81941 2.79714 2.44969 2.06652 2.22678 2.00145 1.68088 1.25001 1.01201 0.957325 0.677038
threshold=0.758467540165492 1.1795663400291057 1.5500000000000003 42.010469844792397 1.5224760590393596 0.37173130688136985 1.3676008841621894 1.1547619047619049 1.1055555555555558 44.606208824835228 0.29164392008399592 1.3077082527503954 12.215750000000002 0.15476190476190474
decision_type=2 2 2 2 2 2 2 2 2 2 2 2 2 2
left_child=4 6 5 -4 10 -3 7 -2 9 -6 13 -8 -12 -1
right_child=1 2 3 -5 8 -7 11 -9 -10 -11 12 -13 -14 -15
leaf_value=-0.00040016793899735984 0.0002172539831790598 -0.0020815459136490091 0.0045284140947348386 0.0013455284426436823 -0.00021458911792687427 0.00080877093700384268 0.0007862522899197722 -0.00059485489165092662 0.0033500477490590909 0.0010206135890620091 0.00035161623109349223 -0.00084399525856455025 -0.00055029510261042029 -0.0014276574467863973
leaf_weight=386.1197681427002 6562.8216554224491 116.97510349750519 161.88420513272285 404.85458266735077 2405.3438379466534 4174.3519095480442 2539.8301545381546 1695.9666828215122 71.641491800546646 537.23031571507454 477.82710790634155 154.56167882680893 10489.580001324415 1012.966846704483
leaf_count=665 9508 188 226 569 3653 6213 3997 2417 133 894 683 244 15715 1737
internal_value=-6.61755e-06 0.000424467 0.000911434 0.002285 -0.000450417 0.000726723 0.000207443 4.91708e-05 9.29836e-05 8.06772e-06 -0.000583668 0.000688469 -0.000510032 -0.0011522
internal_weight=31192 15811.2 4858.07 566.739 15380.7 4291.33 10953.2 8258.79 3014.22 2942.57 12366.5 2694.39 10967.4 1399.09
internal_count=46842 23362 7196 795 23480 6401 16166 11925 4680 4547 18800 4241 16398 2402
is_linear=0
shrinkage=0.02


Tree=94
num_leaves=13
num_cat=0
split_feature=47 27 1 27 34 34 45 19 19 37 43 19
split_gain=8.92014 3.75176 2.94986 2.07267 1.5729 2.18037 2.08686 1.48296 1.28641 1.05416 0.781989 0.546473
threshold=1.1310480646570678 2.3865142105686705 21.501000000000005 0.29998805677194523 0.22345985655842318 0.92416870418768526 1.2250000000000003 -4.5348623010301585 0.10008039151157082 0.18699770427745752 0.14999999999999999 2.9084691529654125
decision_type=2 2 2 2 2 2 2 2 2 2 2 2
left_child=3 2 8 9 6 -6 -5 -4 -2 10 -1 -11
right_child=1 -3 7 4 5 -7 -8 -9 -10 11 -12 -13
leaf_value=-0.0011093614237293391 -0.00071429868449305147 0.0038532025982138309 0.0031550800388536891 -0.00050445681391665827 2.9881497818989841e-05 -0.00087239830643722025 -0.0029370630377960668 0.0003668634624391468 0.00032601476813320289 -0.0013382082995688186 0.00015164437005228324 0.00028393251221461928
leaf_weight=313.50643214583397 1556.225036740303 116.76422628760338 75.737863957881927 3713.3934002816677 6882.6718452572823 1262.9753122627735 146.95122498273849 14482.385924071074 667.64982932806015 1403.9646897017956 492.76939868927002 76.960158288478851
leaf_count=498 2317 160 99 5693 10083 1897 229 21741 1025 2179 800 121
internal_value=-6.4643e-06 0.000304244 0.0002785 -0.000374504 -0.000268119 -0.000108969 -0.000601121 0.000382487 -0.000397472 -0.00092785 -0.000327836 -0.0012469
internal_weight=31192 16898.8 16782 14293.2 12006 8145.65 3860.34 14558.1 2223.87 2287.2 806.276 1480.92
internal_count=46842 25342 25182 21500 17902 11980 5922 21840 3342 3598 1298 2300
is_linear=0
shrinkage=0.02


Tree=95
num_leaves=15
num_cat=0
split_feature=24 24 0 48 43 14 32 13 0 27 27 32 1 30
split_gain=11.598 5.14277 2.8549 2.7823 2.68724 1.96667 1.78622 1.59387 1.42213 1.93143 1.40061 1.18331 1.11683 0.811314
threshold=0.74340446297999685 1.4068528179905084 19.626202691025906 1.2500000000000002 -1.0000000180025095e-35 10.500000000000002 0.55000000000000016 2.4134944678609069 13.84048608128291 0.29411044726970026 0.79193122218815037 1.1500000000000001 31.451833333333337 0.15530429006854438
decision_type=2 2 2 2 2 2 2 2 2 2 2 2 2 2
left_child=6 3 -3 4 -2 -4 7 12 9 -8 -5 -10 -1 -9
right_child=1 2 5 10 -6 -7 8 13 11 -11 -12 -13 -14 -15
leaf_value=-0.00079340961267166093 -0.0016997497869073788 -0.0016894086254308075 0.0018291995100494314 0.0011620503996946903 6.6283006569368058e-05 0.00050951329926663075 -0.00063197481861892145 7.1591312077004944e-05 -0.00036828757628882701 0.0018435417163421384 0.00039963768388508913 0.00030919108497490981 0.00016641603809743955 0.0022884790022534461
leaf_weight=5797.0006558001041 359.19385850429535 120.01730307936668 1506.1813080310822 1222.9714592695236 7474.8832044303417 681.47389417886734 205.36945232748985 355.9356025159359 6408.3310399949551 303.79324778914452 4995.2809062004089 1211.3351408243179 510.04456761479378 82.251058220863342
leaf_count=8698 525 206 2263 1869 10990 971 330 598 9742 438 7304 1901 808 145
internal_value=1.25738e-05 0.000380338 0.00125596 0.000235673 -1.38269e-05 0.00142351 -0.000391256 -0.000632458 -0.000189772 0.000826919 0.000551518 -0.000259221 -0.000714176 0.000518943
internal_weight=31234.1 16360 2307.67 14052.3 7834.08 2187.66 14874.1 6745.23 8128.83 509.163 6218.25 7619.67 6307.05 438.187
internal_count=46788 24128 3440 20688 11515 3234 22660 10249 12411 768 9173 11643 9506 743
is_linear=0
shrinkage=0.02


Tree=96
num_leaves=15
num_cat=0
split_feature=32 33 34 13 33 28 22 18 31 44 20 25 34 19
split_gain=9.38255 5.4535 4.2862 3.20871 3.04915 2.85715 2.67576 2.65145 2.10518 2.09964 1.87784 1.38397 1.36471 1.32759
threshold=0.95000000000000007 -1.0000000180025095e-35 0.21563260988876889 2.5002656748140279 0.95000000000000007 1.7500000000000002 -1.6677062133942553 3.2099218553014963 1.2205143845739663 2.7756211509255948 3.3738605709851766 1.0000000180025095e-35 0.41289277873769287 0.16777645696739982
decision_type=2 2 2 2 2 2 2 2 2 2 2 2 2 2
left_child=1 3 9 8 6 11 -4 -6 -1 10 -2 -3 -5 -7
right_child=2 5 4 12 7 13 -8 -9 -10 -11 -12 -13 -14 -15
leaf_value=0.0003100394985053799 -0.00056515913637978905 -0.0011557113182993223 -0.00012728044202529697 0.0011197892564724541 0.00016060021661594794 -0.00028150930728216037 0.0013549047906335266 0.0032489007659526896 -0.00055997017440111152 0.0020023063679105854 0.0021857788149066541 -0.00043384142332121963 0.0038815790246326037 0.0014049432070624658
leaf_weight=5729.1341190934181 1838.5771788656712 1179.7810757160187 551.27559831738472 221.76860576868057 2725.2233284115791 291.50362119078636 3506.7021223902702 114.6046290397644 1372.8250597715378 152.48796513676643 101.73699143528938 12854.488510608673 118.33758822083473 475.61630481481552
leaf_count=8270 2868 1852 799 380 4035 426 5130 157 1986 229 159 19591 187 719
internal_value=1.23524e-05 -0.0002077 0.000557817 0.00023303 0.000798626 -0.000429974 0.00115112 0.00029095 0.000140347 -0.000231115 -0.000413668 -0.000495393 0.00212704 0.000752028
internal_weight=31234.1 22243.5 8990.61 7442.07 6897.81 14801.4 4057.98 2839.83 7101.96 2092.8 1940.31 14034.3 340.106 767.12
internal_count=46788 33411 13377 10823 10121 22588 5929 4192 10256 3256 3027 21443 567 1145
is_linear=0
shrinkage=0.02


Tree=97
num_leaves=15
num_cat=0
split_feature=24 24 0 13 32 14 32 16 0 13 5 5 24 19
split_gain=10.8528 4.85095 2.72894 2.64885 2.42239 1.88104 1.67079 1.58604 1.92267 1.5234 1.59525 1.40731 1.21054 0.706837
threshold=0.74340446297999685 1.4068528179905084 19.626202691025906 1.5065005493421977 0.55000000000000016 10.500000000000002 0.55000000000000016 9.6000000000000032 13.84048608128291 2.4134944678609069 40.22639508101458 41.622541354467209 1.3651865190810493 1.8181290495469935
decision_type=2 2 2 2 2 2 2 2 2 2 2 2 2 2
left_child=6 3 -3 4 -2 -4 9 8 -8 10 -1 -9 -5 -11
right_child=1 2 5 12 -6 -7 7 11 -10 13 -12 -13 -14 -15
leaf_value=-0.00093046339382900898 -0.00041853582849102756 -0.0016606745967415524 0.001778983194917542 0.0008386795982463709 0.00025871649373260757 0.00048805244459361783 0.00079625789553181578 0.0008720552639270787 -0.00049142352420327405 5.7885203709981533e-05 -0.00025986454396515249 -0.00011001594839989519 -0.0016658272770053752 0.0020280238400748611
leaf_weight=4045.1742053925991 2818.1636246442795 120.01730307936668 1506.1813080310822 2801.7717879712582 8357.4072814583778 681.47389417886734 503.20983126759529 884.47557625174522 5073.5857966840267 343.48397368192673 2261.8710180222988 1667.5576767325401 74.986734330654144 94.702687054872513
leaf_count=6042 4136 206 2263 4453 11973 971 759 1362 7707 573 3464 2583 126 170
internal_value=1.21342e-05 0.000367899 0.00121834 0.000227375 8.69936e-05 0.00138223 -0.000378497 -0.000183574 -0.000373196 -0.000611797 -0.000691713 0.000226848 0.00076881 0.000513677
internal_weight=31234.1 16360 2307.67 14052.3 11175.6 2187.66 14874.1 8128.83 5576.8 6745.23 6307.05 2552.03 2876.76 438.187
internal_count=46788 24128 3440 20688 16109 3234 22660 12411 8466 10249 9506 3945 4579 743
is_linear=0
shrinkage=0.02


Tree=98
num_leaves=15
num_cat=0
split_feature=1 26 43 27 13 23 23 14 19 27 23 13 17 4
split_gain=7.6187 3.45056 2.89251 2.84761 2.55128 2.15455 1.85643 1.82883 1.55308 1.43751 1.40124 1.15975 1.01909 0.956307
threshold=31.539166666666677 0.68333333333333346 -0.14999999999999988 1.4531773521506686 2.0210662735349101 0.67067179070284089 0.45446102336751976 11.500000000000002 -0.37609583752963699 0.21833339922700892 1.2396877111367715 0.95995021800316249 2.6000058905419472 48.971981293752002
decision_type=2 2 2 2 2 2 2 2 2 2 2 2 2 2
left_child=1 6 8 5 -4 12 -1 10 -3 -8 -5 -7 -2 -9
right_child=3 2 4 7 -6 11 9 13 -10 -11 -12 -13 -14 -15
leaf_value=-0.0010287598703018479 -0.0021270929015683115 -0.00011629192202758536 3.7947746484889623e-05 0.0019222598385001068 0.0010707955827747536 0.00023095386486028804 -0.00093327063582318505 0.00086613789597430647 -0.0023686456227943399 -0.00021306384531231379 0.0002915022269893877 0.00080726682101939955 -1.7134832511695031e-05 -0.0018651148339116541
leaf_weight=1709.9761130809784 188.10663276910782 229.75481602549553 10297.716780424118 1058.2138159573078 1055.6920787990093 3737.4910070896149 1291.3356082141399 99.402588337659836 287.12923875451088 8403.1318607628345 282.87321680784225 2300.6887508630753 195.523403018713 97.026787877082825
leaf_count=2617 278 325 14924 1525 1714 5515 2092 139 419 12703 439 3676 285 137
internal_value=1.18936e-05 -0.000170447 6.75208e-05 0.00054626 0.000135039 0.000358786 -0.00041898 0.00132131 -0.00139105 -0.000310202 0.00158668 0.000452393 -0.00108332 -0.000437776
internal_weight=31234.1 23274.7 11870.3 7959.33 11353.4 6421.81 11404.4 1537.52 516.884 9694.47 1341.09 6038.18 383.63 196.429
internal_count=46788 34794 17382 11994 16638 9754 17412 2240 744 14795 1964 9191 563 276
is_linear=0
shrinkage=0.02


Tree=99
num_leaves=15
num_cat=0
split_feature=1 26 43 13 26 13 23 23 3 28 26 13 5 50
split_gain=7.31803 3.31438 2.78025 2.45032 2.33876 2.14498 1.78661 1.78249 1.51197 1.37818 1.11226 1.07172 1.24891 0.887634
threshold=31.539166666666677 0.68333333333333346 -0.14999999999999988 2.0210662735349101 2.0500000000000003 0.22565765860405665 0.67067179070284089 0.45446102336751976 39.989632325138629 1.2500000000000002 0.18333333333333332 1.2732612060970274 49.362574576159126 0.34502429429740872
decision_type=2 2 2 2 2 2 2 2 2 2 2 2 2 2
left_child=1 7 8 -4 5 6 -2 13 -3 -7 -9 12 -6 -1
right_child=4 2 3 -5 11 9 -8 10 -10 -11 -12 -13 -14 -15
leaf_value=-0.00088122092099438302 -0.0017440666969257975 -0.0025421691569646517 3.7188941035315098e-05 0.001049420159412337 0.0046690895396164448 0.00059522382900692656 0.00020061472724992462 -0.00098677817101429691 -0.00032507905407062405 0.0015545219136002082 -0.00023490515769552964 0.00016242682950237273 0.0010670368406778667 -0.0028353294019581956
leaf_weight=1606.7426492571831 198.95517790317535 236.29924589395523 10297.716780424118 1055.6920787990093 105.35289436578751 3719.2072948515415 3053.7159320414066 875.44933670759201 280.58480888605118 737.21140053868294 8819.0181322693825 69.343605995178223 75.5398970246315 103.23346382379532
leaf_count=2456 282 343 14924 1714 146 5811 4415 1419 401 1134 13376 108 98 161
internal_value=1.16385e-05 -0.000167061 6.61489e-05 0.00013236 0.000535361 0.000471608 7.75938e-05 -0.000410643 -0.00136381 0.000756787 -0.000304023 0.00244043 0.00324769 -0.00100821
internal_weight=31234.1 23274.7 11870.3 11353.4 7959.33 7709.09 3252.67 11404.4 516.884 4456.42 9694.47 250.236 180.893 1709.98
internal_count=46788 34794 17382 16638 11994 11642 4697 17412 744 6945 14795 352 244 2617
is_linear=0
shrinkage=0.02


Tree=100
num_leaves=15
num_cat=0
split_feature=24 24 43 12 46 4 13 44 34 24 2 13 16 15
split_gain=10.2355 2.53949 2.26884 4.77191 1.68237 1.66619 1.4313 1.69888 1.17631 1.1621 1.49209 1.11441 0.956907 0.81516
threshold=0.74340446297999685 1.1062499404573429 0.25000000000000006 17.262765459681919 1.4142857142857144 49.412301233342511 1.5065005493421977 2.9886210970821732 0.17747926732058997 0.26004898660586434 15.158726190476189 1.7104024451578745 8.5900000000000052 9.5353763191512311
decision_type=2 2 2 2 2 2 2 2 2 2 2 2 2 2
left_child=4 6 8 -4 9 12 7 -2 -3 -1 -11 -8 -6 -7
right_child=1 2 3 -5 5 13 11 -9 -10 10 -12 -13 -14 -15
leaf_value=-0.0010975257436160357 -5.7758392333341547e-05 -0.00081145160150966871 -0.0017998463250957009 0.0011359404761161589 -0.00019881122222515247 0.00059809197706151452 0.0013704773220543391 0.0011380755481957326 0.00036668582161007826 5.6143636383150455e-05 -0.00055748115057990203 0.0003126855922715185 0.00059475030222773775 -0.00099574033827707817
leaf_weight=1233.2349457740784 7596.392483651638 411.12282708287239 231.80979973077774 3573.8277707397938 1015.7251671254635 144.2372881770134 562.26446270942688 504.64758738875389 1824.0717031359673 1925.4580114483833 8255.2705388367176 1495.6969570815563 1457.2278034687042 771.18161690235138
leaf_count=2147 10995 656 335 5189 1554 240 858 748 2774 2766 12357 2411 2300 1245
internal_value=-1.58953e-05 0.000331124 0.000656227 0.000953637 -0.000396346 -2.03039e-06 0.000136734 1.57635e-05 0.000144988 -0.000512507 -0.000440457 0.000607594 0.00026487 -0.000732953
internal_weight=31002.2 16199.8 6040.83 3805.64 14802.3 3388.37 10159 8101.04 2235.19 11414 10180.7 2057.96 2472.95 915.419
internal_count=46575 23966 8954 5524 22609 5339 15012 11743 3430 17270 15123 3269 3854 1485
is_linear=0
shrinkage=0.02


Tree=101
num_leaves=15
num_cat=0
split_feature=24 24 43 12 27 46 2 19 14 27 2 13 46 42
split_gain=9.83079 2.43792 2.17857 4.58489 1.71838 1.61579 1.49221 1.36166 1.17629 1.17041 1.45811 1.07273 0.881897 0.768452
threshold=0.74340446297999685 1.1062499404573429 0.25000000000000006 17.262765459681919 1.0833909904285275 1.4142857142857144 38.212750000000007 -1.5923194344933804 7.5000000000000009 0.26219228428276797 13.292442129629631 2.4555399228720467 1.7638888888888891 0.65000000000000002
decision_type=2 2 2 2 2 2 2 2 2 2 2 2 2 2
left_child=5 4 11 -4 6 9 -2 12 -6 -1 -11 -3 -7 -9
right_child=1 2 3 -5 8 7 -8 13 -10 10 -12 -13 -14 -15
leaf_value=-0.00093704347402725704 0.00031247433743026453 2.479907598324708e-05 -0.0017641573077144799 0.0011132343781699496 0.0011902480748923808 0 -0.001925916659470303 0.00035254781972350396 -0.00047261811256306608 0.0004152107170403074 -0.00048096745125024681 0.0018504933039768089 -0.0017731386430049107 -0.00036670147487708116
leaf_weight=2063.1604510247707 7702.5014318823814 2099.0934371948242 231.80979973077774 3573.8277707397938 179.89850404858589 182.49257677793503 117.88864701986313 2133.7569844126701 2158.7129078805447 779.86656945943832 8570.9364755749702 136.10109302401543 262.04484695196152 810.07746753096581
leaf_count=3291 11424 3195 335 5189 285 267 173 3414 3130 1143 12836 235 392 1266
internal_value=-1.55644e-05 0.000324518 0.000643062 0.000934505 0.00013403 -0.000388424 0.000276969 -1.93082e-06 -0.000339521 -0.000502262 -0.000405083 0.00014199 -0.00103398 0.000151117
internal_weight=31002.2 16199.8 6040.83 3805.64 10159 14802.3 7820.39 3388.37 2338.61 11414 9350.8 2235.19 444.537 2943.83
internal_count=46575 23966 8954 5524 15012 22609 11597 5339 3415 17270 13979 3430 659 4680
is_linear=0
shrinkage=0.02


Tree=102
num_leaves=15
num_cat=0
split_feature=24 33 47 37 32 15 44 27 32 31 30 24 37 30
split_gain=9.49078 3.48819 3.09148 2.37742 2.79597 3.00579 2.08926 2.9995 1.91203 1.89069 1.82301 1.47575 1.28211 0.94368
threshold=0.97060291641036878 0.19999999999999998 1.0576975607619579 0.49331068966760111 1.8500000000000003 14.919838799115611 1.518548013287111 1.1622744028977923 0.45000000000000007 1.2398984141707585 0.080682385230784817 0.51335964704010995 0.03311562705568221 0.18147493789801381
decision_type=2 2 2 2 2 2 2 2 2 2 2 2 2 2
left_child=1 2 8 6 5 -5 7 -2 -1 -4 -8 13 -13 -3
right_child=3 11 9 4 -6 -7 10 -9 -10 -11 -12 12 -14 -15
leaf_value=-0.00093103113759943079 0.00056409116946284108 -0.00079329741931691723 0.00070134501785784555 0.0012070332094265225 0.003644817006662348 9.2580478717425114e-05 0.0009746091805514569 -0.00095103214945977245 2.4180889998582484e-05 -0.00047992559135995436 -6.3606080759268061e-05 -0.0014094479945655632 -0.00022104286390059726 5.5655297393017671e-05
leaf_weight=1281.9066962599754 957.20708039402962 4574.6777614951134 3210.5355678200722 2497.6405158042908 140.60810503363609 1613.8269967734814 1754.4743052721024 1135.9473659992218 2358.6358934342861 640.08000954985619 1071.7588859498501 381.01030677556992 8817.3295422792435 566.52993041276932
leaf_count=1891 1445 7250 4791 3640 187 2345 2648 1679 3423 1001 1583 577 13165 950
internal_value=-1.52457e-05 -0.000242372 0.00010632 0.000524225 0.000871288 0.000772279 0.000221977 -0.000253511 -0.000309749 0.000502242 0.000577597 -0.00042522 -0.000271651 -0.000697818
internal_weight=31002.2 21830.7 7491.16 9171.46 4252.08 4111.47 4919.39 2093.15 3640.54 3850.62 2826.23 14339.5 9198.34 5141.21
internal_count=46575 33048 11106 13527 6172 5985 7355 3124 5314 5792 4231 21942 13742 8200
is_linear=0
shrinkage=0.02


Tree=103
num_leaves=15
num_cat=0
split_feature=46 27 12 43 20 3 44 1 15 16 46 21 20 23
split_gain=6.38348 3.16153 2.23289 1.85907 1.82594 1.75693 2.1886 2.17881 2.2745 1.3398 1.21531 1.06843 0.901292 0.876854
threshold=1.4142857142857144 0.41065030229461341 18.425003975886025 -0.14999999999999988 0.78277989777454071 41.71430130131349 3.6009515540321604 31.539166666666677 11.888298119408345 12.360000000000005 4.4722222222222232 1.1125091070285755 5.7936770156728761 0.78058667534989479
decision_type=2 2 2 2 2 2 2 2 2 2 2 2 2 2
left_child=1 9 4 -4 -3 7 11 8 -2 12 -8 -7 -1 -9
right_child=5 2 3 -5 -6 6 10 13 -10 -11 -12 -13 -14 -15
leaf_value=-0.00081036125874002583 0.00064762270378621218 -0.00066701799666441658 -0.0014762400129111192 0.00016667146670615822 8.3189566329144461e-05 7.0482617392774187e-05 0.0020502930587463441 0 -0.0015479112910977185 0.00083008305028137934 -0.00014844348773766574 0.00093195603031750855 0.0011953041991431006 0.0019049022392557166
leaf_weight=4419.4711461663246 1834.9312076568604 3676.5841174125671 282.29994261264801 8127.6608957350254 1970.3588100671768 8247.168487906456 379.43073138594627 104.20941123366356 206.27372029423714 212.11897775530815 125.03552275896072 621.24194231629372 85.795046478509903 709.58900347352028
leaf_count=6868 2761 5447 403 12093 2889 12519 552 146 284 334 161 915 125 1078
internal_value=-1.49248e-05 -0.000246834 -9.56202e-05 0.000109997 -0.000403545 0.000340306 0.00020645 0.000775796 0.000419561 -0.000695072 0.00148714 0.000132154 -0.000769435 0.00165384
internal_weight=31002.2 18774.3 14056.9 8409.96 5646.94 12227.9 9372.88 2855 2041.2 4717.39 504.466 8868.41 4505.27 813.798
internal_count=46575 28159 20832 12496 8336 18416 14147 4269 3045 7327 713 13434 6993 1224
is_linear=0
shrinkage=0.02


Tree=104
num_leaves=15
num_cat=0
split_feature=24 32 37 32 15 44 12 13 47 30 47 13 44 23
split_gain=8.96536 2.78894 2.28128 2.68479 2.89103 1.97943 2.12234 1.87422 1.95155 1.75138 1.69831 1.41307 1.23312 0.600079
threshold=0.97060291641036878 0.45000000000000007 0.49331068966760111 1.8500000000000003 14.919838799115611 1.518548013287111 17.906331933174283 2.3785982876930603 1.4415966137999872 0.080682385230784817 1.0352387985536742 0.4268356308303059 3.6009515540321604 1.2299167717913082
decision_type=2 2 2 2 2 2 2 2 2 2 2 2 2 2
left_child=1 7 5 4 -4 6 -2 8 -1 -7 11 -3 -12 -9
right_child=2 10 3 -5 -6 9 -8 13 -10 -11 12 -13 -14 -15
leaf_value=-0.00087494771128159563 -0.0016608073734691513 -3.8997428894437136e-05 0.001178983295854877 0.0035677830818665107 8.5927761125515335e-05 0.00094896954803270399 3.2347641840687722e-05 0.00015360556246794569 -3.0711338869756025e-05 -6.8560107587539742e-05 8.258784763855566e-05 -0.00060513578737968806 0.0023915684982897551 0.0018011228370911146
leaf_weight=4638.0450769066811 352.26326578855515 3722.0606715381145 2497.6405158042908 140.60810503363609 1613.8269967734814 1754.4743052721024 1740.8911806046963 332.20957213640213 1466.3793433606625 1071.7588859498501 8031.8077255487442 3420.6866883337498 92.022042810916901 127.49458739161491
leaf_count=6944 516 5389 3640 187 2345 2648 2608 550 2272 1583 12147 5380 143 223
internal_value=-1.45939e-05 -0.000235353 0.000509722 0.000849697 0.00075262 0.000213606 -0.000249139 -0.000580299 -0.000673863 0.000559792 -8.63253e-05 -0.000311616 0.000110555 0.000638011
internal_weight=31002.2 21830.7 9171.46 4252.08 4111.47 4919.39 2093.15 6564.13 6104.42 2826.23 15266.6 7142.75 8123.83 459.704
internal_count=46575 33048 13527 6172 5985 7355 3124 9989 9216 4231 23059 10769 12290 773
is_linear=0
shrinkage=0.02


Tree=105
num_leaves=15
num_cat=0
split_feature=24 30 24 13 21 19 22 24 30 26 15 33 22 39
split_gain=9.14779 2.0683 2.82284 1.99612 1.94768 1.68114 1.7255 1.84552 1.56896 1.72283 1.52043 1.91032 1.29758 1.15159
threshold=0.82310781625338003 -0.21285542516331987 1.4966891256562751 0.012706500820191152 0.93719622880615205 0.18142559013261381 0.61255389727112519 0.64106770118303735 0.11174993091182721 1.1055555555555558 23.102652948081236 1.3500000000000003 1.2379794766426715 0.75000000000000011
decision_type=2 2 2 2 2 2 2 2 2 2 2 2 2 2
left_child=5 10 4 -4 -3 6 13 -8 12 -10 11 -2 -7 -1
right_child=1 2 3 -5 -6 8 7 -9 9 -11 -12 -13 -14 -15
leaf_value=-0.00028911738600857821 0.00088563362366748347 -0.00045434767143214081 0.00011865201529513311 0.0017678269543251067 0.00026030477335752916 -0.00048914242199529442 -0.0017822201421150777 -0.00026531739277088775 0.0001671008199531143 0.0027760242087418591 0.0034715660280928229 -0.0021212618095365673 0.00018623351567044992 -0.00093092507490873436
leaf_weight=6395.0937328636646 2341.2793267667294 1882.4781252741814 497.76415604352951 766.00072550773621 7875.7958618700504 4317.6143334507942 820.78146201372147 555.22539618611336 2489.9732617139816 104.43989363312721 87.481101185083389 83.97050353884697 1518.4800249636173 1383.2573406994343
leaf_count=9628 3522 2826 676 1173 11496 6586 1249 823 3818 187 137 124 2339 2082
internal_value=-3.32946e-05 0.000357173 0.00023779 0.00112737 0.000121351 -0.000334406 -0.000522402 -0.00117867 -0.000129007 0.000278034 0.000876261 0.000775743 -0.000311701 -0.000404748
internal_weight=31119.6 13534.8 11022 1263.76 9758.27 17584.9 9154.36 1376.01 8430.51 2594.41 2512.73 2425.25 5836.09 7778.35
internal_count=46666 19954 16171 1849 14322 26712 13782 2072 12930 4005 3783 3646 8925 11710
is_linear=0
shrinkage=0.02


Tree=106
num_leaves=15
num_cat=0
split_feature=24 32 33 33 32 34 13 27 13 20 40 40 33 49
split_gain=8.78697 3.06063 3.1128 2.48253 2.11998 2.08142 1.83942 1.79453 1.74081 1.42035 1.26923 1.21813 1.31282 1.21485
threshold=0.82310781625338003 0.95000000000000007 0.19999999999999998 1.2500000000000002 0.75000000000000011 0.41973349560240114 2.3785982876930603 1.4851337817945793 0.49878279298888734 0.89696439005192741 0.4485431038708948 -0.1254789098516744 0.8500000000000002 2.7500000000000004
decision_type=2 2 2 2 2 2 2 2 2 2 2 2 2 2
left_child=4 2 8 5 6 -3 10 -4 -2 -8 -1 12 -6 -5
right_child=1 3 7 13 11 -7 9 -9 -10 -11 -12 -13 -14 -15
leaf_value=-0.00052632235970700254 8.6395707736489546e-05 0.00041259395795241314 -0.00048128897907403096 -0.00079834492745759617 0.0013006115267340742 0.0012474039079242601 -0.00015603717292216434 0.00084123466042752588 0.00091091440314975422 0.0016264692086417176 -0.0021870332721750803 -0.00015189114208787407 -0.00013100132687806691 0.0015320408783653587
leaf_weight=10489.747129827738 2220.2527343928814 2261.8311210274696 3322.9615017771721 565.8177347779274 524.07062354683876 2651.4612867534161 512.66199043393135 461.60356283187866 1948.7543833553791 265.73349478840828 189.78725582361221 5126.3076134622097 476.557337641716 102.08747527003288
leaf_count=15716 3142 3373 4979 836 809 3783 876 691 3011 429 289 7859 734 139
internal_value=-3.26116e-05 0.000350071 9.66235e-05 0.000709295 -0.000327731 0.000865458 -0.000488339 -0.000316981 0.000474457 0.000442281 -0.000557175 -2.56852e-05 0.000609919 -0.000423714
internal_weight=31119.6 13534.8 7953.57 5581.2 17584.9 4913.29 11457.9 3784.57 4169.01 778.395 10679.5 6126.94 1000.63 667.905
internal_count=46666 19954 11823 8131 26712 7156 17310 5670 6153 1305 16005 9402 1543 975
is_linear=0
shrinkage=0.02


Tree=107
num_leaves=15
num_cat=0
split_feature=24 32 30 32 13 34 36 16 31 46 40 40 2 1
split_gain=8.44103 2.93929 2.21485 2.03597 1.76652 1.69275 1.60348 1.70437 1.61255 1.46009 1.21912 1.16944 1.02212 0.848858
threshold=0.82310781625338003 0.95000000000000007 -0.21285542516331987 0.75000000000000011 2.3785982876930603 0.092893219839391153 0.31666666666666671 7.3633333333333342 1.2499415862376513 0.58571428571428574 0.4485431038708948 -0.1254789098516744 15.027500000000002 23.463666666666672
decision_type=2 2 2 2 2 2 2 2 2 2 2 2 2 2
left_child=3 2 5 4 10 -2 7 -3 -8 -4 -1 -5 -6 -13
right_child=1 6 9 11 12 -7 8 -9 -10 -11 -12 13 -14 -15
leaf_value=-0.00051579791571464064 -0.0016016864619063376 -0.0007402722588048746 -0.0011796946224136233 0.00059756782432290911 -0.0010984028204253412 0.00099306967979133007 0.0011525356781856399 0.00057969931561985418 0 1.6770587946076364e-05 -0.0021437487630146042 -0.00041999062608343637 0.00077656779882076586 9.2930283820058201e-05
leaf_weight=10489.747129827738 104.07227975130081 513.59705236554146 434.41167503595352 1000.6279611885548 136.3880532681942 1354.0192539393902 2899.5537824630737 1573.4895266592503 594.55725634098053 6061.0689736306667 189.78725582361221 2435.2814978063107 642.00743195414543 2691.026115655899
leaf_count=15716 184 759 652 1543 230 2049 4215 2317 840 8938 289 3697 1075 4162
internal_value=-3.1942e-05 0.000343125 9.4723e-05 -0.000321199 -0.000478594 0.000799078 0.000695162 0.000249692 0.000958093 -6.20473e-05 -0.000546061 -2.51648e-05 0.000433254 -0.000148855
internal_weight=31119.6 13534.8 7953.57 17584.9 11457.9 1458.09 5581.2 2087.09 3494.11 6495.48 10679.5 6126.94 778.395 5126.31
internal_count=46666 19954 11823 26712 17310 2233 8131 3076 5055 9590 16005 9402 1305 7859
is_linear=0
shrinkage=0.02


Tree=108
num_leaves=15
num_cat=0
split_feature=1 34 13 26 27 43 31 31 0 13 44 21 44 30
split_gain=4.97647 2.84394 2.75504 2.82062 2.03512 1.9542 1.72176 1.54826 1.49389 1.333 1.29084 1.25577 1.10757 0.919003
threshold=27.34500000000001 0.9107673847570309 0.036318817743398811 1.6125000000000003 1.3342391617246581 0.35000000000000003 1.0203275060845962 1.2071836395699078 20.93433674912356 0.022169094722521255 3.6009515540321604 0.90071560918398919 2.0473079992261654 0.087581799664264617
decision_type=2 2 2 2 2 2 2 2 2 2 2 2 2 2
left_child=1 4 6 8 9 -6 10 -5 -4 -1 -2 -8 13 -3
right_child=2 12 3 7 5 -7 11 -9 -10 -11 -12 -13 -14 -15
leaf_value=6.75810072871285e-06 6.8668403428498616e-05 -0.00080501226867112476 0.0025569732504544659 0.0023469880730240551 -6.2295221748326257e-05 0.0018103636493012071 0.00097154634195101221 0.0003734293061520539 0.00032696026834583096 -0.00037987669912085162 0.0019261077443852898 -0.00078164954881551206 0.00070176307688246415 -0.0018279042885936587
leaf_weight=5995.4221278429031 3342.9823615252972 1290.6738508939743 121.68084788322449 475.061213940382 487.11996644735336 394.04215931892395 175.10318353772163 259.52458229660988 7509.0015005469322 8625.3546017408371 155.66045346856117 1624.3677154481411 137.82444998621941 525.81623083353043
leaf_count=8486 4773 1929 208 715 713 544 248 394 11763 13392 207 2314 215 765
internal_value=-3.12977e-05 -0.000255328 0.000254186 0.000480368 -0.000163848 0.000766009 -0.000101096 0.00166623 0.000364491 -0.000220669 0.000155219 -0.000604609 -0.000974942 -0.00110829
internal_weight=31119.6 17456.3 13663.4 8365.27 15501.9 881.162 5298.11 734.586 7630.68 14620.8 3498.64 1799.47 1954.31 1816.49
internal_count=46666 26044 20622 13080 23135 1257 7542 1109 11971 21878 4980 2562 2909 2694
is_linear=0
shrinkage=0.02


Tree=109
num_leaves=15
num_cat=0
split_feature=24 30 24 13 21 19 22 24 30 26 33 4 30 30
split_gain=7.94347 1.90838 2.57443 1.85213 1.83444 1.60111 1.66024 1.76224 1.51609 1.64586 1.3106 1.29554 1.19513 0.965647
threshold=0.82310781625338003 -0.21285542516331987 1.4966891256562751 0.012706500820191152 0.93719622880615205 0.18142559013261381 0.61255389727112519 0.64106770118303735 0.11174993091182721 1.1055555555555558 1.3500000000000003 46.649669070704071 -0.27362327517083412 0.14354835999058232
decision_type=2 2 2 2 2 2 2 2 2 2 2 2 2 2
left_child=5 10 4 -4 -3 6 13 -8 11 -10 12 -7 -2 -1
right_child=1 2 3 -5 -6 8 7 -9 9 -11 -12 -13 -14 -15
leaf_value=-0.00029453977571474354 0.0005976521973540662 -0.00045146579192730879 9.5870920047648055e-05 0.0016848197837529186 0.00024216356380043236 -0.00043823500998800113 -0.0017280010567637422 -0.00024552806683052756 0.00018082471039714571 0.0027317508980484817 -0.0014976005802809704 0.00030837193858088591 0.0015593456749306745 -0.00098555806517967772
leaf_weight=6841.7966447770596 1620.2401820719242 1882.4781252741814 497.76415604352951 766.00072550773621 7875.7958618700504 4694.7247840762138 820.78146201372147 555.22539618611336 2489.9732617139816 104.43989363312721 88.179287046194077 1141.3695743381977 804.31146237254143 936.55442878603935
leaf_count=10299 2462 2826 676 1173 11496 7132 1249 823 3818 187 130 1793 1191 1411
internal_value=-3.06239e-05 0.000333211 0.000218504 0.00106801 0.000107265 -0.000311236 -0.000494667 -0.0011383 -0.000110798 0.000289391 0.000831819 -0.000290452 0.000921824 -0.000379259
internal_weight=31119.6 13534.8 11022 1263.76 9758.27 17584.9 9154.36 1376.01 8430.51 2594.41 2512.73 5836.09 2424.55 7778.35
internal_count=46666 19954 16171 1849 14322 26712 13782 2072 12930 4005 3783 8925 3653 11710
is_linear=0
shrinkage=0.02


Tree=110
num_leaves=15
num_cat=0
split_feature=24 34 14 26 3 1 24 30 34 13 37 42 1 5
split_gain=5.68438 2.31797 2.10399 2.19979 1.86277 1.76513 2.1375 1.61638 1.5165 1.37206 1.24969 1.10642 0.639025 0.561059
threshold=0.97060291641036878 0.23677392660123592 10.500000000000002 1.6125000000000003 48.493646328544109 19.387500000000006 0.96539033324079071 -0.47274449425976467 0.60658892413568577 2.7792027348220318 0.17327630617632392 0.8500000000000002 17.571166666666674 49.65047544930308
decision_type=2 2 2 2 2 2 2 2 2 2 2 2 2 2
left_child=5 4 3 -3 10 8 9 -4 11 -7 -2 -1 -10 -6
right_child=1 2 7 -5 13 6 -8 -9 12 -11 -12 -13 -14 -15
leaf_value=-0.00021730037843307372 -0.00018155371271024161 0.00058240902177048796 -0.0028366296416795778 0.001659019102258936 -1.4359105335915601e-05 -7.7048634946843596e-05 -0.0028114844855279537 0.00014719033882481191 -0.00075552186724495943 0.0011493381883255045 -0.001505614305142032 -0.001326056733026439 -0.0017378456197510576 0.0013932764534675273
leaf_weight=5089.9660010635853 897.76943135261536 4186.4589177966118 73.048404783010483 947.0038189291954 163.82605546712875 14554.746153354645 110.79209393262863 2151.3795783221722 1059.9759227335453 371.64595186710358 431.59784704446793 391.17495715618134 393.8216381072998 286.09045207500458
leaf_count=7645 1361 6225 109 1373 269 22000 166 3006 1572 692 707 575 574 424
internal_value=-1.49985e-05 0.000403833 0.000560862 0.000783534 -0.000239815 -0.000189647 -6.71077e-05 4.22525e-05 -0.000453814 -4.56936e-05 -0.000620556 -0.000298708 -0.00103052 0.000860797
internal_weight=31109.3 9137.17 7357.89 5133.46 1779.28 21972.1 15037.2 2224.43 6934.94 14926.4 1329.37 5481.14 1453.8 449.917
internal_count=46698 13474 10713 7598 2761 33224 22858 3115 10366 22692 2068 8220 2146 693
is_linear=0
shrinkage=0.02


Tree=111
num_leaves=15
num_cat=0
split_feature=1 33 44 31 28 14 52 40 3 27 34 33 3 3
split_gain=4.23973 2.48118 1.70153 1.5708 3.4209 1.98701 1.55474 1.55109 1.45606 1.17739 1.16581 1.03049 1.0075 0.989269
threshold=24.255333333333336 0.25000000000000006 3.6009515540321604 1.2448606937639328 1.7500000000000002 10.500000000000002 3.3500000000000001 0.095170126293803115 45.530237501832289 1.5594144021166225 0.22345985655842318 0.95000000000000007 46.350109060031578 25.084056670664676
decision_type=2 2 2 2 2 2 2 2 2 2 2 2 2 2
left_child=1 8 3 4 -2 -5 7 -4 9 -1 13 -12 -10 -3
right_child=2 10 6 5 -6 -7 -8 -9 12 -11 11 -13 -14 -15
leaf_value=-0.00010954248344790552 0.00017941941659731562 0.0010928123959122818 0.0026594672797593806 6.8045871941568105e-05 0.0016825858724353858 -0.0010156334139468266 -0.0009216744317783657 -2.5679259229197813e-05 0.0025633986909760959 0.0020331195360443733 -0.00044953122593279128 0.0003089815891945825 0.00051996844288036573 -0.00094452127239722883
leaf_weight=4585.2060911655426 13161.73138859868 93.164660692214966 289.59147754311562 2396.965668618679 635.28919512033463 933.22322353720665 91.114507228136063 111.66628295183182 129.30092009902 102.6537823677063 4916.2027013301849 820.99784815311432 449.6389976143837 2392.550478965044
leaf_count=6642 19811 168 424 3710 936 1362 110 158 188 147 7262 1241 681 3858
internal_value=-1.47326e-05 -0.000281848 0.000189214 0.000155145 0.000249592 -0.000233061 0.00134866 0.001891 5.53626e-05 -5.96436e-05 -0.000499008 -0.000339175 0.00100082 -0.000863325
internal_weight=31109.3 13489.7 17619.6 17127.2 13797 3330.19 492.372 401.258 5266.8 4687.86 8222.92 5737.2 578.94 2485.72
internal_count=46698 20187 26511 25819 20747 5072 692 582 7658 6789 12529 8503 869 4026
is_linear=0
shrinkage=0.02


Tree=112
num_leaves=15
num_cat=0
split_feature=24 24 27 19 0 50 0 31 30 13 37 30 15 42
split_gain=5.35982 1.8889 2.39271 2.35523 1.63932 1.49812 1.69811 1.99365 1.87933 1.47046 1.3822 1.06265 0.999912 0.87195
threshold=1.1473520257630538 0.71808567006099866 0.93735290749559164 0.37636949654574009 37.214475057815783 -0.40697018649215772 29.999448632126597 1.3013694239524847 -0.40518342287928805 2.3785982876930603 0.26249259485308457 0.22251759559785864 16.136299778949013 0.65000000000000002
decision_type=2 2 2 2 2 2 2 2 2 2 2 2 2 2
left_child=1 9 4 -4 -3 10 8 -8 -7 12 -2 -12 -1 -11
right_child=5 2 3 -5 -6 6 7 -9 -10 13 11 -13 -14 -15
leaf_value=-0.00037320292471793487 0.0014311599091516908 0.00034310739119821515 -0.00066907580044494306 0.00017560907666436276 -0.0025756321945152776 -0.0018511843679461712 0.0012861369847727731 -6.2994472041879557e-05 0.00041747273643422535 0.00080956551579389278 -0.00049365051208682064 -0.0032001912687850422 0.00075039346215847362 -0.00060757395968875894
leaf_weight=12779.677978157997 107.37870755791664 6503.8990677595139 2750.82536688447 2508.9157625436783 75.175501644611359 154.77701422572136 2129.0163134932518 533.75042426586151 1950.3987222313881 721.9249247610569 281.15918150544167 76.317342907190323 317.31040889024734 218.77050715684891
leaf_count=19371 166 9688 3968 3694 104 265 3058 753 3001 1242 430 110 486 362
internal_value=-1.44024e-05 -0.000132778 5.25755e-05 -0.000264344 0.000307464 0.000568887 0.000675455 0.00101211 0.000244332 -0.000289794 -0.000500956 -0.00111388 -0.000345107 0.000468794
internal_weight=31109.3 25876.5 11838.8 5259.74 6579.07 5232.8 4767.94 2662.77 2105.18 14037.7 464.855 357.477 13097 940.695
internal_count=46698 38915 17454 7662 9792 7783 7077 3811 3266 21461 706 540 19857 1604
is_linear=0
shrinkage=0.02


Tree=113
num_leaves=15
num_cat=0
split_feature=24 33 13 24 25 5 36 14 5 23 1 4 26 26
split_gain=5.18543 2.72407 1.84048 1.71993 1.81633 2.79888 1.553 1.56453 1.40552 1.38611 1.32342 1.40324 1.18707 1.18312
threshold=0.97060291641036878 0.19999999999999998 2.5237157855268095 1.4068528179905084 1.1000000000000003 49.65047544930308 0.23611111111111113 10.500000000000002 49.211905013523072 1.1818373316713362 21.311833333333336 49.749550505493126 1.0500000000000003 1.2361111111111114
decision_type=2 2 2 2 2 2 2 2 2 2 2 2 2 2
left_child=1 2 13 4 8 -6 9 -8 -2 -5 11 -3 -12 -1
right_child=3 10 -4 6 5 -7 7 -9 -10 -11 12 -13 -14 -15
leaf_value=2.0553152446948024e-05 0.0008427105054417311 -0.00061148084404123054 0.0015636959034212511 -0.00085652810977025057 -0.00029407909081558778 0.001145124428662304 0.0014850238510662175 0.00021723646939611615 -0.00019295030959453892 0.0019411008098004781 -0.00010252565592472684 0.0014399193718002568 -0.00098416301094937783 0.0019730886370030237
leaf_weight=7108.0250310599804 2245.0774820744991 6015.6076072454453 338.31425556540489 324.86191299557686 3275.3901277780533 644.48127883672714 1314.1549791097641 582.04201939702034 663.71516042947769 87.451545149087906 7586.0023427307606 131.74992483854294 667.78048154711723 124.64307522773743
leaf_count=10429 3337 9173 573 524 4729 951 1981 833 987 132 11631 205 1018 195
internal_value=-1.41203e-05 -0.000180942 0.000125203 0.000385893 0.000224235 -5.44409e-05 0.000859146 0.00110178 0.000602992 -0.00023251 -0.000342578 -0.000565435 -0.000175288 5.61203e-05
internal_weight=31109.3 21972.1 7570.98 9137.17 6828.66 3919.87 2308.51 1896.2 2908.79 412.313 14401.1 6147.36 8253.78 7232.67
internal_count=46698 33224 11197 13474 10004 5680 3470 2814 4324 656 22027 9378 12649 10624
is_linear=0
shrinkage=0.02


Tree=114
num_leaves=12
num_cat=0
split_feature=24 34 50 24 2 29 24 2 20 16 40
split_gain=4.9804 2.18118 2.20245 1.94442 1.74868 1.68431 1.52474 1.56183 1.4542 1.40982 1.22585
threshold=0.97060291641036878 0.23677392660123592 -0.40697018649215772 1.2983031020356519 25.927083333333336 1.2500000000000002 0.96539033324079071 23.349250000000008 0.016932396331281203 11.700000000000005 -0.047674032867559342
decision_type=2 2 2 2 2 2 2 2 2 2 2
left_child=5 4 8 -4 9 6 7 -1 -3 -2 -6
right_child=1 2 3 -5 10 -7 -8 -9 -10 -11 -12
leaf_value=-0.00034731568658067258 -0.0013231509938665092 -0.0013234145375067485 0.00036923641825707448 0.001076751551804332 0.0011968213307519216 0.0021837470533048807 -0.0024088663864090406 -7.2739330209667795e-06 0.00080239798620154572 0.0017004576033253841 -0.00021784742735645753
leaf_weight=10850.37373110652 633.84431698918343 399.35234090685844 4270.0283232033253 2506.7827660739422 363.77782040834427 117.5332427918911 121.97867569327354 10882.237068623304 181.72728964686394 63.832897335290909 717.82875120639801
leaf_count=16299 1003 594 6195 3669 555 193 182 16550 255 93 1110
internal_value=-1.38024e-05 0.000378215 0.000530577 0.000632666 -0.000246123 -0.000177299 -0.000190653 -0.000177522 -0.000640964 -0.00102815 0.000250052
internal_weight=31109.3 9137.17 7357.89 6776.81 1779.28 21972.1 21854.6 21732.6 581.08 697.677 1081.61
internal_count=46698 13474 10713 9864 2761 33224 33031 32849 849 1096 1665
is_linear=0
shrinkage=0.02


Tree=115
num_leaves=15
num_cat=0
split_feature=32 34 33 1 12 13 23 26 33 43 2 4 8 30
split_gain=5.40773 3.13273 2.7588 2.40826 2.12 2.25147 2.10065 1.92174 1.90718 1.79855 1.4587 1.60652 1.29063 1.23707
threshold=0.95000000000000007 0.2698979714233149 0.95000000000000007 31.366333333333333 18.400275103420714 2.3785982876930603 1.6092065161018365 2.2928571428571431 0.65000000000000013 -1.0000000180025095e-35 32.961000000000006 35.015471277954141 3.5000000000000004 -0.21669459599340501
decision_type=2 2 2 2 2 2 2 2 2 2 2 2 2 2
left_child=3 6 7 4 5 -1 8 -3 -2 -6 13 -12 -4 -5
right_child=1 2 12 10 9 -7 -8 -9 -10 -11 11 -13 -14 -15
leaf_value=-0.0006883981594281584 5.266715986306097e-05 0.0009466794132545035 0.00057932158980721603 -0.00071895891190376345 -0.0010663599367183273 0.0007828958646261924 0.0020137742481649017 0.0036886078759960123 -0.001142964710774798 -4.7018035092445046e-05 0.0015759405868679571 -0.00019653081723322214 -0.00030433894009078595 0.00083203968831652034
leaf_weight=5634.3609845936298 1845.6502930819988 3398.5108276307583 1443.4697652757168 224.96380427479744 741.48488080501556 441.30592569708824 166.57399007678032 106.64136838912964 740.65796571969986 10563.416400194168 219.12063965201378 2661.6359552443027 1201.4623661637306 1728.3672302365303
leaf_count=8348 2783 4979 2115 352 1094 715 295 140 1190 15857 324 4110 1798 2610
internal_value=-7.08035e-07 0.000415387 0.000666613 -0.000167939 -0.000278013 -0.000579663 -0.000142311 0.00103501 -0.000286489 -0.000114938 0.000225708 -5.72416e-05 0.000174214 0.000647745
internal_weight=31117.6 8902.97 6150.08 22214.7 17380.6 6075.67 2752.88 3505.15 2586.31 11304.9 4834.09 2880.76 2644.93 1953.33
internal_count=46710 13300 9032 33410 26014 9063 4268 5119 3973 16951 7396 4434 3913 2962
is_linear=0
shrinkage=0.02


Tree=116
num_leaves=15
num_cat=0
split_feature=24 24 51 14 27 25 43 12 37 15 41 6 27 37
split_gain=6.61449 2.36946 2.89813 1.99069 2.56216 1.8616 1.52252 1.46441 1.45635 1.08524 1.0668 1.05748 1.05067 0.925109
threshold=1.1795663400291057 0.71808567006099866 1.1603170440954982 9.5000000000000018 1.9881855510444739 1.2250000000000003 0.25000000000000006 18.400275103420714 0.049815527622293861 6.8804560273019595 1.4366964390047154 5.5000000000000009 1.1468086846233101 0.75016935812795216
decision_type=2 2 2 2 2 2 2 2 2 2 2 2 2 2
left_child=1 7 5 4 8 -3 13 10 -2 -9 -1 -8 -4 -5
right_child=3 2 12 6 -6 -7 11 9 -10 -11 -12 -13 -14 -15
leaf_value=-0.0006680560850888138 -0.0013952804433251245 3.657158300938577e-05 0.0008605886010534773 -4.0818770019864374e-05 0.0029883813804509147 -0.00070747900837876687 0.00079669364337207633 6.6714219159876321e-05 0.00098597887981415186 -0.00037451564150821538 0.00032666001683628204 -0.0010726666712595266 -6.9905064092427196e-05 -0.0016866476200266371
leaf_weight=4631.4225852489471 103.42146229743958 7957.6450837552547 2120.683416813612 741.86603310704231 259.0361453294754 1611.9955412745476 1547.1258628964424 4520.7854650616646 1927.2404596209526 4337.7306860685349 460.20153144001961 125.2079863846302 603.82729172706604 169.43284600973129
leaf_count=7069 167 11774 3122 1122 376 2350 2184 6865 2940 6682 723 171 900 265
internal_value=-6.72914e-07 -0.000126659 7.51158e-05 0.000675521 0.00110624 -8.78398e-05 0.000289375 -0.000305184 0.000858528 -0.000148249 -0.000576093 0.000649648 0.000650798 -0.000360792
internal_weight=31117.6 26244.3 12294.2 4873.33 2289.7 9569.64 2583.63 13950.1 2030.66 8858.52 5091.62 1672.33 2724.51 911.299
internal_count=46710 39485 18146 7225 3483 14124 3742 21339 3107 13547 7792 2355 4022 1387
is_linear=0
shrinkage=0.02


Tree=117
num_leaves=14
num_cat=0
split_feature=24 24 2 49 13 19 13 26 1 42 22 20 2
split_gain=6.3512 2.27541 1.92771 2.20767 1.60648 1.82871 1.5477 1.42209 1.25329 1.10534 1.07407 0.970426 0.850301
threshold=1.1795663400291057 0.71808567006099866 17.583250000000003 0.75000000000000011 0.93915451966420094 0.92075010831144433 2.1687485704780323 1.1547619047619049 36.36716666666667 1.2500000000000002 1.0798520964902296 -1.0366852036465664 23.042250000000006
decision_type=2 2 2 2 2 2 2 2 2 2 2 2 2
left_child=1 9 3 -2 5 -4 7 -3 -8 10 -1 -6 -11
right_child=2 6 4 -5 11 -7 8 -9 -10 12 -12 -13 -14
leaf_value=-0.00034584435221805105 0.00084460602181145176 0.00011767066556225414 0.00013586269372680153 -0.003484360537370871 0.00022528717250213569 0.0012547858425279671 0.0011588215561208392 -0.00045665593861911427 -0.0011591962455721066 -0.0016570051919111365 9.8481732669863521e-05 0.001456660480883099 -0.00033235254141109944
leaf_weight=10419.698639780283 87.189357221126556 9301.2508537173271 2128.3677540421486 92.427023321390152 338.09391084313393 817.32505857944489 778.84822872281075 2113.9526583850384 100.09959274530411 413.80972144007683 2708.5583776831627 1409.9276916384697 408.07352891564369
leaf_count=15947 155 13648 3011 147 533 1182 1269 3067 162 578 4217 2197 597
internal_value=-6.59397e-07 -0.000124119 0.000661934 -0.00134177 0.000741279 0.000450357 7.35976e-05 1.03753e-05 0.000881449 -0.000299068 -0.000253411 0.00122474 -0.00101384
internal_weight=31117.6 26244.3 4873.33 179.616 4693.71 2945.69 12294.2 11415.2 878.948 13950.1 13128.3 1748.02 821.883
internal_count=46710 39485 7225 302 6923 4193 18146 16715 1431 21339 20164 2730 1175
is_linear=0
shrinkage=0.02


Tree=118
num_leaves=14
num_cat=0
split_feature=24 24 51 26 14 26 34 25 32 33 41 20 0
split_gain=6.10188 2.18547 2.78359 1.88713 1.86799 2.42105 1.82157 1.76837 1.2266 1.39154 1.06365 1.11567 1.01037
threshold=1.1795663400291057 0.71808567006099866 1.1603170440954982 0.81666666666666676 9.5000000000000018 2.2928571428571431 0.17505822663627887 1.2250000000000003 0.75000000000000011 1.2500000000000002 2.6371658726759732 -7.4917074892434874 27.175813746110077
decision_type=2 2 2 2 2 2 2 2 2 2 2 2 2
left_child=1 10 7 -4 5 6 -2 -3 12 -10 11 -1 -6
right_child=4 2 3 -5 8 -7 -8 -9 9 -11 -12 -13 -14
leaf_value=0.0019138528458888106 -0.0006592241212797416 3.3644878529370839e-05 0.0013415186527079724 0.0002351953272703123 -0.001205734456723153 0.0040616791827040675 0.0011261451824308066 -0.00069149282622185432 0.00075605348557922268 -0.0011974968147450014 0.0015457945082215211 -0.00032511797358902237 0.00020247256318957663
leaf_weight=86.387103766202927 250.44411644339561 7957.6450837552547 977.08709111809731 1747.4236174225807 332.27697539329529 103.10356280207634 1936.1503880023956 1611.9955412745476 1598.3499707579613 155.02163437008858 120.9486055970192 13742.804558455944 497.98414787650108
leaf_count=135 423 11774 1454 2568 544 141 2919 2350 2256 209 207 20997 733
internal_value=-6.29683e-07 -0.000121648 7.21083e-05 0.000636315 0.000648822 0.00106607 0.000916671 -8.7578e-05 0.000274633 0.000576469 -0.000293107 -0.000310134 -0.000350631
internal_weight=31117.6 26244.3 12294.2 2724.51 4873.33 2289.7 2186.59 9569.64 2583.63 1753.37 13950.1 13829.2 830.261
internal_count=46710 39485 18146 4022 7225 3483 3342 14124 3742 2465 21339 21132 1277
is_linear=0
shrinkage=0.02


Tree=119
num_leaves=14
num_cat=0
split_feature=24 24 51 2 14 27 26 46 27 21 42 22 2
split_gain=5.86007 2.09883 2.67402 1.82771 1.90412 2.25172 1.81194 1.77213 1.70324 1.17738 1.06191 1.03145 0.816687
threshold=1.1795663400291057 0.71808567006099866 1.1603170440954982 17.583250000000003 9.5000000000000018 1.9881855510444739 0.81666666666666676 0.86607142857142871 1.3585695424402671 0.768618457393342 1.2500000000000002 1.0798520964902296 23.042250000000006
decision_type=2 2 2 2 2 2 2 2 2 2 2 2 2
left_child=1 10 8 7 5 -5 -4 -2 -3 -6 11 -1 -12
right_child=3 2 6 4 9 -7 -8 -9 -10 -11 12 -13 -14
leaf_value=-0.00033304223404627837 0.0003583269560942795 -2.6787974764036374e-05 0.001314743069131853 0.00090102025876568595 0.0026930781455318858 0.0029115153401025064 0.00023049680385386819 -0.0035346780719780896 -0.0013157020204092559 0.00024317140060524535 -0.0016181078700433758 0.00010238720073798004 -0.0003194323937842014
leaf_weight=10419.698639780283 100.80628049373627 9141.1482833921909 977.08709111809731 1945.3303670585155 80.302484035491943 257.66404524445534 1747.4236174225807 78.810100048780441 428.49234163761139 2410.4175187647343 413.80972144007683 2708.5583776831627 408.07352891564369
leaf_count=15947 179 13499 1454 2958 122 374 2568 123 625 3469 578 4217 597
internal_value=-5.75782e-07 -0.000119179 7.06854e-05 0.00063587 0.000713178 0.00114313 0.000623685 -0.00131486 -8.58083e-05 0.000328267 -0.000287207 -0.000242443 -0.00098778
internal_weight=31117.6 26244.3 12294.2 4873.33 4693.71 2202.99 2724.51 179.616 9569.64 2490.72 13950.1 13128.3 821.883
internal_count=46710 39485 18146 7225 6923 3332 4022 302 14124 3591 21339 20164 1175
is_linear=0
shrinkage=0.02


Tree=120
num_leaves=15
num_cat=0
split_feature=24 32 23 32 19 22 26 20 37 2 24 43 21 5
split_gain=5.62575 3.98836 2.49966 2.29588 2.03867 1.91947 1.88392 2.11874 1.83906 1.38152 1.32025 1.08724 1.86927 0.665649
threshold=0.97060291641036878 0.45000000000000007 0.37173130688136985 1.7500000000000002 3.0810629760021295 -1.6677062133942553 0.29285714285714287 4.7163489494201505 0.50173864409509294 14.780648148148151 0.98070184565669549 0.45000000000000007 0.945977834934003 41.146920103602163
decision_type=2 2 2 2 2 2 2 2 2 2 2 2 2 2
left_child=1 4 11 10 5 -1 7 -3 -5 -8 -4 12 -2 -6
right_child=2 6 3 8 13 -7 9 -9 -10 -11 -12 -13 -14 -15
leaf_value=0.00044065021272157604 -0.0028360543794588946 -0.00080653203954814698 0.0018951806623806883 0.00047339652382372881 0.00026313155984384251 -0.00075154431987987892 0.00084334500711334324 0.0027924420853807303 0.0033724280989410743 5.1823999587285233e-05 0.00038797251613027512 -0.0036662132693490342 0.0012043302364604489 0.0021722606593120521
leaf_weight=584.73658737540245 81.908094227313995 1432.6599614620209 241.25514632463455 174.47565686702728 246.2443508207798 5674.5851870775223 948.74915343523026 65.53975835442543 196.06668931245804 12897.862433940172 8423.180700391531 68.333764791488647 95.354505687952042 112.41220194101334
leaf_count=889 129 2270 349 256 365 8635 1385 97 267 19382 12424 104 143 172
internal_value=3.10673e-05 -0.000143046 0.000444131 0.0004992 -0.000553447 -0.000638469 3.33511e-05 -0.000638914 0.00204409 0.000106894 0.000431521 -0.00152902 -0.000617647 0.000897957
internal_weight=31243.4 21962.8 9280.57 9034.98 6617.98 6259.32 15344.8 1498.2 370.542 13846.6 8664.44 245.596 177.263 358.657
internal_count=46867 33195 13672 13296 10061 9524 23134 2367 523 20767 12773 376 272 537
is_linear=0
shrinkage=0.02


Tree=121
num_leaves=15
num_cat=0
split_feature=24 32 23 32 19 24 37 34 34 24 19 43 53 43
split_gain=5.40285 3.82946 2.40339 2.20705 1.96052 1.8365 1.76497 1.52218 1.27781 1.26809 1.05095 1.04482 0.942477 0.776331
threshold=0.97060291641036878 0.45000000000000007 0.37173130688136985 1.7500000000000002 3.0810629760021295 0.46568918361497574 0.50173864409509294 0.2698979714233149 1.4800446365992974 0.98070184565669549 -3.5687460820529657 0.45000000000000007 -0.34999999999999992 0.19999999999999998
decision_type=2 2 2 2 2 2 2 2 2 2 2 2 2 2
left_child=1 4 11 9 10 8 -5 -7 -3 -4 -1 13 -6 -2
right_child=2 5 3 6 12 7 -8 -9 -10 -11 -12 -13 -14 -15
leaf_value=0.0011679189182779144 -0.0021732048570146357 -0.00046377358024165437 0.0018575886786745838 0.00046403587017991056 -0.00089062646776452237 -0.00014318767720341072 0.0033056605705065428 0.00032095671499646574 0.001603584385795713 0.00038021491201045048 -0.00066341387024904303 -0.0035949740377786781 0.0014579539058812098 0.00043114463749142364
leaf_weight=122.31139746308327 73.459216088056564 3178.9084008336067 241.25514632463455 174.47565686702728 83.610080391168594 4471.8228424787521 196.06668931245804 7573.6911970078945 120.38886687159538 8423.180700391531 6137.0103769898415 68.333764791488647 275.04647237062454 103.80338382720947
leaf_count=174 114 5160 349 256 133 6651 267 11123 200 12424 9350 104 404 158
internal_value=3.04918e-05 -0.00014013 0.000435295 0.00048931 -0.000542274 3.27047e-05 0.00200415 0.000147821 -0.000384382 0.000422924 -0.00062567 -0.00149929 0.000880822 -0.000604542
internal_weight=31243.4 21962.8 9280.57 9034.98 6617.98 15344.8 370.542 12045.5 3299.3 8664.44 6259.32 245.596 358.657 177.263
internal_count=46867 33195 13672 13296 10061 23134 523 17774 5360 12773 9524 376 537 272
is_linear=0
shrinkage=0.02


Tree=122
num_leaves=14
num_cat=0
split_feature=32 26 13 0 19 20 3 44 27 26 6 12 25
split_gain=4.66414 2.61336 2.42785 2.16407 2.14521 1.79758 1.71465 1.38053 1.98689 1.25404 1.01117 0.724317 0.551744
threshold=0.45000000000000007 0.29285714285714287 2.3251849958155941 33.874068686525696 1.1659408786102772 4.7163489494201505 34.321323453163551 0.98908298323076604 0.38036761664634061 1.0500000000000003 2.5000000000000004 18.176765619187179 1.0000000180025095e-35
decision_type=2 2 2 2 2 2 2 2 2 2 2 2 2
left_child=2 5 7 4 -3 10 -5 11 -9 12 -2 -1 -4
right_child=1 3 9 6 -6 -7 -8 8 -10 -11 -12 -13 -14
leaf_value=-0.0011982791373588569 -0.0011393027501273756 2.6149617794164042e-05 -0.0012074795567360522 0.0034400851511271241 0.00052138864653153525 0.0024918828042938025 0.00064025227059936562 -0.0012483336619208581 -2.082280988244869e-05 0.003054455973407233 0 -0.00056698958193727219 0.00071031907186281848
leaf_weight=1168.5618902444839 998.379140406847 14343.122545927763 64.983276963233948 90.382749557495117 4646.561691313982 66.918879926204681 2856.6274089515209 634.5808233320713 3182.5023699402809 87.207396775484085 443.50751152634621 2243.753415375948 416.2750917673111
leaf_count=1710 1584 21256 117 111 7121 99 4107 1007 4890 147 704 3304 710
internal_value=2.98987e-05 0.000171124 -0.000393372 0.000226854 0.000147898 -0.000631737 0.000731787 -0.000493259 -0.000228059 0.000856682 -0.000786883 -0.000786681 0.000426744
internal_weight=31243.4 23445.5 7797.86 21936.7 18989.7 1508.81 2947.01 7229.4 3817.08 568.466 1441.89 3412.32 481.258
internal_count=46867 34982 11885 32595 28377 2387 4218 10911 5897 974 2288 5014 827
is_linear=0
shrinkage=0.02


Tree=123
num_leaves=13
num_cat=0
split_feature=27 6 46 30 29 3 27 5 20 30 21 30
split_gain=3.98779 2.2205 2.37354 3.41963 1.48479 1.21671 2.16393 1.73735 1.16157 1.34176 0.718671 0.978511
threshold=0.46438480914521046 4.5000000000000009 1.0500000000000003 -0.22839327867512835 2.2500000000000004 35.375228616688581 1.0114819054062962 37.684244041838646 2.823514656833169 -0.20675581160872472 1.1927955263157963 -0.24491410953841802
decision_type=2 2 2 2 2 2 2 2 2 2 2 2
left_child=8 2 3 -2 -4 6 -3 -7 10 -10 11 -1
right_child=1 5 4 -5 -6 7 -8 -9 9 -11 -12 -13
leaf_value=-0.0012949941441029187 0.0011595308076327564 -0.00040685341902096456 0.00034265619253168899 -0.00021795293134456453 0.00259178494961402 -0.0025584233890767112 0.0023888225900040604 -0.00050481033189058735 0.0024030465145309056 0 -0.0013123877106039506 -0.00034191521768611353
leaf_weight=477.6070604622364 802.42379665374756 429.67408940196037 14307.506082326174 6869.5187761485577 117.8852453827858 192.4721317589283 145.62978014349937 1275.0084435045719 104.87648388743401 716.40585690736771 398.2392275929451 5406.1172178387642
leaf_count=723 1197 611 21424 10165 163 277 203 1846 147 1088 594 8429
internal_value=2.931e-05 0.000152178 0.000210823 -7.23114e-05 0.000362086 -0.000476899 0.000289333 -0.000784079 -0.000386769 0.000312638 -0.000479868 -0.000421393
internal_weight=31243.4 24140.1 22097.3 7671.94 14425.4 2042.78 575.304 1467.48 7103.25 821.282 6281.96 5883.72
internal_count=46867 35886 32949 11362 21587 2937 814 2123 10981 1235 9746 9152
is_linear=0
shrinkage=0.02


Tree=124
num_leaves=15
num_cat=0
split_feature=24 24 23 43 21 26 27 24 12 52 24 43 21 1
split_gain=4.95413 2.68865 2.29689 1.47666 2.76983 1.40636 1.40099 1.56385 1.26834 1.23161 1.155 1.00429 1.79622 0.813352
threshold=0.97060291641036878 0.40902967914745908 0.37173130688136985 0.35000000000000003 0.97845100975426802 0.41428571428571431 0.92642683345633914 0.758467540165492 20.296858072678962 0.95000000000000007 0.96539033324079071 0.45000000000000007 0.945977834934003 28.071500000000004
decision_type=2 2 2 2 2 2 2 2 2 2 2 2 2 2
left_child=1 5 11 9 -5 8 7 -3 -1 -4 -8 12 -2 -7
right_child=2 6 3 4 -6 13 10 -9 -10 -11 -12 -13 -14 -15
leaf_value=-0.00085411240618695719 -0.0027718202170389163 -7.6628831053282532e-05 0.00076394785866431311 -0.00020915655312122385 0.00099449161887487465 -0.00014436642236812476 -0.00036045652235176822 0.00037806521215209723 0.0014628768563739627 1.7022436961793335e-05 -0.0028888999411353779 -0.0035302938840872078 0.001188560848925259 0.0015456812193024134
leaf_weight=3184.4500802755356 81.908094227313995 10634.852997213602 1205.2508431971073 963.50916504859924 3468.87483471632 842.02826568484306 2789.723434984684 4216.5891899168491 92.528688848018646 3397.3433499336243 73.662438541650772 68.333764791488647 95.354505687952042 128.95453894138336
leaf_count=5093 129 15695 1870 1428 4969 1431 4164 6301 140 5029 105 104 143 266
internal_value=2.87079e-05 -0.000134661 0.000416349 0.000469178 0.000730612 -0.000586532 -2.56854e-05 5.18272e-05 -0.000784788 0.000215033 -0.000430963 -0.00147484 -0.000596144 7.2524e-05
internal_weight=31243.4 21962.8 9280.57 9034.98 4432.38 4247.96 17714.8 14851.4 3276.98 4602.59 2863.39 245.596 177.263 970.983
internal_count=46867 33195 13672 13296 6397 6930 26265 21996 5233 6899 4269 376 272 1697
is_linear=0
shrinkage=0.02


Tree=125
num_leaves=15
num_cat=0
split_feature=32 33 43 19 24 24 27 15 0 36 40 19 22 20
split_gain=4.44227 3.51076 2.35116 2.1413 1.83213 1.7972 1.77681 1.51109 1.40194 1.25417 0.916958 0.898869 0.860414 1.39597
threshold=0.95000000000000007 -1.0000000180025095e-35 0.55000000000000016 -0.52049523115118734 0.92891295707234034 0.45726635892678436 0.92642683345633914 3.5150753772193783 12.77231149747402 0.31666666666666671 -0.026248358617889645 3.4237676232301113 -1.6677062133942553 0.55583119857577057
decision_type=2 2 2 2 2 2 2 2 2 2 2 2 2 2
left_child=1 2 8 -4 7 11 -7 10 -1 -9 -2 -3 13 -6
right_child=4 5 3 -5 12 6 -8 9 -10 -11 -12 -13 -14 -15
leaf_value=0.0028801835657535969 0.0035211575529269039 -0.00074689662448085086 -0.00022372527072421941 0.001872033299471561 0.00036066448065555584 -2.0100652560498841e-06 -0.0005578015325817849 -0.00032359824523443419 5.6868981680140455e-05 0.00037390036848397308 0.00053900948931307477 0.00062279895630081624 0.00078487642115790445 -0.0023335850982413439
leaf_weight=69.353368490934372 76.825617223978043 3762.5585829019547 277.03655299544334 595.41182827949524 606.42797467112541 7394.7883042395115 3362.0958264768124 2120.0199752151966 6465.698215007782 2001.7454427778721 108.83214756846428 192.45854383707047 3949.7527656257153 86.010035187005997
leaf_count=92 123 6058 395 863 866 11100 5028 3275 9465 3056 182 307 5761 123
internal_value=1.87567e-05 -0.000133026 0.000221239 0.00119612 0.000394958 -0.000312085 -0.000176725 9.50977e-05 8.92332e-05 1.27357e-05 0.00185069 -0.000677436 0.00067088 5.84567e-06
internal_weight=31069 22119.4 7407.5 872.448 8949.61 14711.9 10756.9 4307.42 6535.05 4121.77 185.658 3955.02 4642.19 692.438
internal_count=46694 33308 10815 1258 13386 22493 16128 6636 9557 6331 305 6365 6750 989
is_linear=0
shrinkage=0.02


Tree=126
num_leaves=15
num_cat=0
split_feature=24 14 21 31 51 19 24 16 51 19 40 40 20 40
split_gain=3.87968 2.18835 2.23463 2.0185 1.69525 1.59606 1.57864 1.77308 1.30752 0.98477 0.876053 0.882503 0.84329 0.805281
threshold=0.87836214164545579 9.5000000000000018 1.1186417140483285 1.4175354920101217 0.91296556739960244 1.596167250305115 0.40902967914745908 3.5100000000000007 1.813279711948993 3.298098582025768 0.41670485567513604 0.30603150436281318 -2.8085170278207783 0.18290734770407563
decision_type=2 2 2 2 2 2 2 2 2 2 2 2 2 2
left_child=5 2 8 9 -5 6 12 -8 -2 -3 11 -7 -1 -4
right_child=1 3 13 4 -6 10 7 -9 -10 -11 -12 -13 -14 -15
leaf_value=6.0241788572445307e-05 0.00046519091368144147 0.00021360851932606149 0.0018252369453212378 -0.0017953772998995237 0.00011441645361680261 0.0002212580519460818 0.00049953752691434049 -0.00022845037532928821 -0.002281708499129708 -0.0017999138240756335 -0.0013648582317826597 0.0017922546850016863 -0.00078188237266866537 0
leaf_weight=550.76317355036736 4761.4098620116711 5407.7450489103794 688.7102872133255 408.2338924407959 322.62029308080673 3173.133702069521 1514.9672686457634 10993.310298472643 67.227548360824585 96.046925693750381 128.23274123668671 150.47588619589806 2697.5843722820282 108.55388033390045
leaf_count=910 7204 7804 1015 578 448 4903 2207 16366 122 165 204 228 4377 163
internal_value=1.84032e-05 0.000303081 0.000589137 4.32458e-05 -0.000940682 -0.000156868 -0.000242506 -0.000139413 0.000423948 0.000176013 0.000231062 0.000296427 -0.000636073 0.00157353
internal_weight=31069 11860.5 5625.9 6234.65 730.854 19208.5 15756.6 12508.3 4828.64 5503.79 3451.84 3323.61 3248.35 797.264
internal_count=46694 17499 8504 8995 1026 29195 23860 18573 7326 7969 5335 5131 5287 1178
is_linear=0
shrinkage=0.02


Tree=127
num_leaves=12
num_cat=0
split_feature=26 26 2 13 15 42 3 26 43 19 23
split_gain=2.01918 1.7208 1.64889 1.63874 1.49298 1.23995 1.2376 1.21384 0.658571 1.15018 0.60919
threshold=0.29285714285714287 2.2111111111111117 32.792083333333345 2.1872285726798935 24.241860142458812 0.55000000000000016 47.039422207676594 1.1055555555555558 0.8500000000000002 -0.33000026972665347 1.0461324741756732
decision_type=2 2 2 2 2 2 2 2 2 2 2
left_child=5 3 -3 4 -2 6 10 -5 -7 -10 -1
right_child=1 2 -4 7 -6 8 -8 -9 9 -11 -12
leaf_value=0.00018055727180802021 -8.1292740389558846e-06 -0.00022430106051715985 0.0032971516790484818 0.00031099125422579844 0.0013479860435077901 -0.0015268510626654161 -0.0021866846904354097 0.0014422818448639211 0.0015351230147262218 -0.0015689729868864971 -0.00064569535047931674
leaf_weight=1127.7709679603577 25843.289480358362 82.02995702624321 125.94159397482872 1654.0912500321865 326.76285174489021 582.31463369727135 117.95050731301308 506.34747532010078 85.245634734630585 102.18995082378387 515.08087751269341
leaf_count=1763 38303 115 175 2765 495 914 200 831 130 166 837
internal_value=1.80357e-05 6.63714e-05 0.00187166 5.26348e-05 8.523e-06 -0.000522746 -0.000222477 0.000581848 -0.0011943 -0.00010314 -7.2887e-05
internal_weight=31069 28538.5 207.972 28330.5 26170.1 2530.55 1760.8 2160.44 769.75 187.436 1642.85
internal_count=46694 42684 290 42394 38798 4010 2800 3596 1210 296 2600
is_linear=0
shrinkage=0.02


Tree=128
num_leaves=15
num_cat=0
split_feature=24 13 31 51 51 30 24 15 43 15 33 31 43 13
split_gain=3.66822 2.12704 2.14955 2.54169 1.89601 1.55513 1.50523 1.37441 1.44227 1.2612 1.19882 1.2097 1.11608 0.757376
threshold=0.87836214164545579 1.0000000180025095e-35 1.4175354920101217 0.91296556739960244 1.813279711948993 0.13257528087006107 0.45726635892678436 4.2143540484863768 0.19999999999999998 10.17282738147013 -1.0000000180025095e-35 2.1237862865880301 0.45000000000000007 2.117786268343933
decision_type=2 2 2 2 2 2 2 2 2 2 2 2 2 2
left_child=6 2 9 -4 5 -3 10 12 -9 -2 13 -12 -8 -1
right_child=1 4 3 -5 -6 -7 7 8 -10 -11 11 -13 -14 -15
leaf_value=5.1391283577983093e-05 0.000557933607705433 0.00075912204211839632 -0.0024230817485123451 0.00021176421637841887 -0.0018159158771805424 0.00010234996891780366 0.00033156293913449541 -0.00042085636462502499 4.0402872406936423e-05 -0.00014933629944569407 -0.00063481857700441505 0.00075172490802144477 0.0020533531338622598 0.0020362071937379297
leaf_weight=644.79707285761833 1646.1130863130093 4836.8423002362251 305.04774770140648 267.17551639676094 133.05334651470184 2108.5134912729263 840.03826719522476 3875.5253605246544 8914.2861361503601 2563.802249610424 4399.2896229028702 258.81964096426964 188.41174480319023 87.299597054719925
leaf_count=972 2296 7448 420 367 240 3189 1272 5717 13245 3539 7068 489 275 157
internal_value=1.76711e-05 0.00029449 -2.9395e-05 -0.00117898 0.000514665 0.000561261 -0.000152747 -4.13499e-05 -9.86285e-05 0.000124972 -0.000436349 -0.000555342 0.000660072 0.000306598
internal_weight=31069 11860.5 4782.14 572.223 7078.41 6945.36 19208.5 13818.3 12789.8 4209.92 5390.21 4658.11 1028.45 732.097
internal_count=46694 17499 6622 787 10877 10637 29195 20509 18962 5835 8686 7557 1547 1129
is_linear=0
shrinkage=0.02


Tree=129
num_leaves=13
num_cat=0
split_feature=24 27 27 24 34 15 27 33 18 34 30 34
split_gain=3.52185 1.57163 1.64617 1.44489 1.63394 1.46808 1.38131 1.15269 1.0972 1.06353 0.709214 0.6371
threshold=0.87836214164545579 0.557038605260891 0.77489324222281741 0.45726635892678436 0.2698979714233149 4.2143540484863768 2.3865142105686705 -1.0000000180025095e-35 3.026972611412345 0.36288832018019751 0.18823742522196826 0.34349571661650552
decision_type=2 2 2 2 2 2 2 2 2 2 2 2
left_child=3 -2 8 7 5 -5 -4 11 -3 -6 -9 -1
right_child=1 2 6 4 9 -7 -8 10 -10 -11 -12 -13
leaf_value=0 -0.0019892894432174272 0.0014720406021384155 0.00021893080621194832 0.00058885819492084167 0.00056628339868553131 -0.00044109478816958928 0.0022313967087659891 -0.00062741941309441029 -0.0005219429215366808 1.3983912725922917e-05 0.00017500643990096809 0.0015050023016791869
leaf_weight=592.25118401646614 116.79031285643578 714.30436709523201 10770.739482790232 618.86995616555214 1767.0250472128391 4649.1867229640484 137.44712251424789 4187.6595261394978 121.26645278930664 6783.1797823309898 470.44973772764206 139.84548589587212
leaf_count=911 206 1125 15806 940 2637 6933 185 6739 177 9999 818 218
internal_value=1.73452e-05 0.000288591 0.000312431 -0.000149632 -4.04737e-05 -0.000318025 0.00024561 -0.000427494 0.00117016 0.0001294 -0.000544192 0.000300852
internal_weight=31069 11860.5 11743.8 19208.5 13818.3 5268.06 10908.2 5390.21 835.571 8550.2 4658.11 732.097
internal_count=46694 17499 17293 29195 20509 7873 15991 8686 1302 12636 7557 1129
is_linear=0
shrinkage=0.02


Tree=130
num_leaves=11
num_cat=0
split_feature=1 13 26 27 43 34 42 13 0 4
split_gain=2.85188 2.25662 1.6521 1.35673 1.35003 1.32719 1.00477 0.870806 1.17968 0.872886
threshold=31.451833333333337 2.2092548836962744 2.4142857142857146 2.0687430439901795 -0.24999999999999992 0.060386914375932056 1.5500000000000003 0.23461465841820581 30.638454906792763 49.03465348178851
decision_type=2 2 2 2 2 2 2 2 2 2
left_child=1 3 7 6 -3 -6 -1 9 -9 -2
right_child=2 4 -4 -5 5 -7 -8 8 -10 -11
leaf_value=-0.00016458132983597818 0.00031892819684662164 -0.0019604260049152543 0.0029983220164607771 0.0019056016802189589 -0.0012418975476164915 0.00086770565671204626 -0.0011013259506022193 -9.8283344581319012e-05 0.00064486263714203895 -0.0003280935134139368
leaf_weight=20725.897628873587 1956.4874716103077 76.165717124938965 89.851649761199951 121.99508357048035 123.91924864053726 1527.737487912178 470.87828636169434 1097.7451406121254 3524.2386218607426 1444.4976486265659
leaf_count=30755 2826 128 125 166 249 2499 650 1936 5296 2111
internal_value=-2.78883e-06 -0.000116631 0.000319327 -0.000173349 0.00057679 0.00070207 -0.000185964 0.000287339 0.000466233 4.11493e-05
internal_weight=31159.4 23046.6 8112.82 21318.8 1727.82 1651.66 21196.8 8022.97 4621.98 3400.99
internal_count=46741 34447 12294 31571 2876 2748 31405 12169 7232 4937
is_linear=0
shrinkage=0.02


Tree=131
num_leaves=14
num_cat=0
split_feature=24 33 13 16 12 12 5 36 0 20 22 2 30
split_gain=4.42862 2.28355 2.23892 1.47319 1.34172 1.95074 2.25844 1.81625 1.33044 1.31445 1.19865 1.10855 0.977094
threshold=1.1473520257630538 0.19999999999999998 2.2092548836962744 18.060000000000006 17.147144321551643 18.698515773512984 45.275772776512106 0.35416666666666669 13.84048608128291 -0.014156352418364498 0.027340705813416254 35.824000000000005 -0.3109752561424487
decision_type=2 2 2 2 2 2 2 2 2 2 2 2 2
left_child=1 2 8 12 10 7 -7 -6 -1 -4 -2 -5 -3
right_child=4 3 9 11 5 6 -8 -9 -10 -11 -12 -13 -14
leaf_value=0.0013466446876576558 -0.0024015243839710528 0.00047130436504032379 0.0022027432166989527 0.00088274472122465517 0.00014694763885369778 0.00076972785846705222 -0.00040366331042409757 0.0013396673057180695 0 0.00042502378014966792 0.00040648886752304395 -0.00069607097817784831 -0.0003348026143633507
leaf_weight=301.958451628685 114.14389637112617 615.09789982438087 307.97873112559319 735.40826654434204 747.77938094735146 1355.6357919275761 1256.9846152365208 1759.4800922870636 8396.6367343962193 399.5775631070137 116.23443984985352 225.80607217550278 14826.692049533129
leaf_count=416 172 917 504 1091 1131 2014 1900 2555 12283 650 179 343 22586
internal_value=-2.73068e-06 -0.000111619 0.000136101 -0.00025428 0.000520513 0.000588999 0.000201484 0.00098833 4.67756e-05 0.00121693 -0.000950439 0.000500796 -0.000301988
internal_weight=31159.4 25809.2 9406.15 16403 5350.26 5119.88 2612.62 2507.26 8698.6 707.556 230.378 961.214 15441.8
internal_count=46741 38790 13853 24937 7951 7600 3914 3686 12699 1154 351 1434 23503
is_linear=0
shrinkage=0.02


Tree=132
num_leaves=14
num_cat=0
split_feature=24 33 3 22 5 12 6 16 30 25 2 22 30
split_gain=4.25326 2.1937 1.48025 2.07125 1.91741 1.41564 1.75932 1.41434 1.30951 1.09224 1.06537 1.02781 0.938771
threshold=1.1473520257630538 0.19999999999999998 33.479143307169387 -1.299630375293334 32.766703475293504 18.86669196790335 6.5000000000000009 18.060000000000006 0.22251759559785864 1.4500000000000002 35.824000000000005 -0.36496102946962189 -0.3109752561424487
decision_type=2 2 2 2 2 2 2 2 2 2 2 2 2
left_child=1 5 3 -2 -4 6 -1 12 -6 -7 -9 -5 -3
right_child=2 7 4 11 8 9 -8 10 -10 -11 -12 -13 -14
leaf_value=2.0725091598351007e-05 -0.0012953748547687668 0.00046190882458402717 -0.0025511502198168811 0.0029329670245160635 0.0006151394241294321 0.00051645357884761095 -0.001524465874896702 0.00086513772740379289 -0.00018948352346750548 -0.0011430622428545264 -0.00068227179027477187 0.001169438095922178 -0.00032810746984756863
leaf_weight=5427.5148898661137 101.08235511183739 615.09789982438087 85.395391196012497 201.82427713274956 3427.5496731102467 3508.7652970552444 309.08191227912903 735.40826654434204 1035.3290605545044 160.789381057024 225.80607217550278 499.07745951414108 14826.692049533129
leaf_count=7993 150 917 140 299 5131 5196 431 1091 1503 233 343 728 22586
internal_value=-2.63374e-06 -0.000109351 0.000510139 0.00130632 0.000367041 0.000133433 -6.12879e-05 -0.000249182 0.000426237 0.000440432 0.00049058 0.00169837 -0.000295935
internal_weight=31159.4 25809.2 5350.26 801.984 4548.27 9406.15 5736.6 16403 4462.88 3669.55 961.214 700.902 15441.8
internal_count=46741 38790 7951 1177 6774 13853 8424 24937 6634 5429 1434 1027 23503
is_linear=0
shrinkage=0.02


Tree=133
num_leaves=13
num_cat=0
split_feature=24 13 32 23 19 3 34 36 6 21 13 4
split_gain=4.08433 2.18003 2.17139 1.74565 1.70923 1.64637 1.76922 1.29854 1.23438 1.03715 0.846332 0.781165
threshold=1.1473520257630538 2.2092548836962744 0.75000000000000011 0.37173130688136985 0.72766627226569203 32.894296022391465 0.060386914375932056 1.1055555555555558 1.5000000000000002 0.99740946542395759 2.2727709370360674 34.794913362326703
decision_type=2 2 2 2 2 2 2 2 2 2 2 2
left_child=1 2 4 -2 -1 11 -7 10 -4 -9 -3 -5
right_child=3 7 8 5 -6 6 -8 9 -10 -11 -12 -13
leaf_value=-0.00047610555763248326 -0.001813967565626946 0.0021216677978999963 -0.00047749771145727912 0.0011798595510467255 -6.1872271142761367e-06 -0.0025104723856344915 0.00046829944613648988 -0.0028664504073969261 0.00016074949041632012 0.00019791596952151879 0.00054554090875286675 0.0033013426177951563
leaf_weight=9358.0840504169464 123.44555929303169 153.38828375935555 1410.9364335536957 620.01354080438614 4691.4466682970524 78.285604894161224 4442.8831914067268 74.347966551780701 8363.1502050757408 91.349322944879532 1666.4528377354145 85.630320221185684
leaf_count=13875 194 241 2089 924 7024 144 6572 126 12503 147 2785 117
internal_value=-2.5761e-06 -0.000107159 -0.000160559 0.000499904 -0.000319924 0.000557138 0.000413423 0.00052805 6.75137e-05 -0.00113521 0.00068606 0.00146004
internal_weight=31159.4 25809.2 23823.6 5350.26 14049.5 5226.81 4521.17 1985.54 9774.09 165.697 1819.84 705.644
internal_count=46741 38790 35491 7951 20899 7757 6716 3299 14592 273 3026 1041
is_linear=0
shrinkage=0.02


Tree=134
num_leaves=15
num_cat=0
split_feature=24 33 32 32 2 3 33 2 14 46 15 19 43 2
split_gain=3.92257 2.1005 1.65642 1.47784 1.55552 1.46754 1.872 1.39332 1.21563 1.33318 1.02438 1.00616 0.621808 0.768798
threshold=1.1473520257630538 0.19999999999999998 1.7500000000000002 0.75000000000000011 37.356083333333338 45.01832661115975 1.2500000000000002 26.760083333333338 11.500000000000002 1.4365079365079367 21.723153682571041 -1.4379105385266102 0.45000000000000007 33.32233333333334
decision_type=2 2 2 2 2 2 2 2 2 2 2 2 2 2
left_child=1 8 5 4 -3 6 -2 -7 9 -1 -5 -10 -4 -14
right_child=2 3 12 10 -6 7 -8 -9 11 -11 -12 -13 13 -15
leaf_value=1.7948888956450333e-05 0.00086752568613217957 -0.00037116298010745941 0.00065549698968880995 -4.1040197278783519e-05 -0.0034126014940834611 -0.0013732271031232288 -0.0017084565567507632 0.00021584429317930869 0.00066523824598950748 0.00055147191638865169 0.0017081191523285345 -0.00062298864986626713 0.0011683400221369484 0.0040592905468648461
leaf_weight=4681.483489215374 2405.5818504393101 9970.029183536768 110.11208093166351 6231.5132648646832 66.61413910984993 241.48423606157303 114.10151106119156 2303.1294929385185 291.19656300544739 3167.502740830183 134.84770056605339 1265.9686872065067 86.170612275600433 89.678432911634445
leaf_count=6876 3541 15164 157 9461 109 384 163 3463 393 4803 203 1781 119 124
internal_value=-2.51196e-06 -0.000105009 0.00048991 -0.000241845 -0.000393021 0.000403347 0.000745647 6.01544e-05 0.000132552 0.000234614 -1.89569e-06 -0.000375127 0.00197475 0.00272795
internal_weight=31159.4 25809.2 5350.26 16403 10036.6 5064.3 2519.68 2544.61 9406.15 7848.99 6366.36 1557.17 285.961 175.849
internal_count=46741 38790 7951 24937 15273 7551 3704 3847 13853 11679 9664 2174 400 243
is_linear=0
shrinkage=0.02


Tree=135
num_leaves=14
num_cat=0
split_feature=44 27 44 36 30 18 50 5 26 50 18 17 8
split_gain=2.76311 2.72285 1.78487 1.75374 1.30616 1.8278 2.24583 1.56764 1.49806 1.27676 1.1692 1.14529 1.10455
threshold=1.2068413815189529 1.775445717524333 1.0316957892632572 0.89444444444444449 0.21440848701534707 2.1647801853828295 -0.45303863591038479 27.618830362614762 2.3166666666666669 -0.10416064473638419 1.770855530324529 2.0784446036257034 3.5000000000000004
decision_type=2 2 2 2 2 2 2 2 2 2 2 2 2
left_child=1 3 -3 10 7 11 -7 9 -9 -2 -1 -6 -5
right_child=4 2 -4 12 5 6 -8 8 -10 -11 -12 -13 -14
leaf_value=-3.8345119981689012e-05 -0.0033010846708975668 0.00055190887900287064 0.0044190508315092971 -0.001185524093677635 0.00014941403691902004 -0.0034816210534993888 -0.00042156322730999582 0.00027903444208816181 0.0031707622448937573 0 -0.00052776221413819348 0.0020405486160057005 -0.00026988757177382589
leaf_weight=10545.509162306786 85.515177994966507 137.36529523134232 78.298834443092346 1119.251929551363 726.2891988158226 101.87302213907242 1544.5760371983051 13027.785962730646 70.791579782962799 101.54799726605415 2410.6124185621738 157.73735591769218 1062.2556191086769
leaf_count=15800 139 190 117 1668 1120 151 2257 19592 96 163 3633 230 1564
internal_value=3.71634e-06 -0.000187067 0.00202956 -0.000219572 0.000189549 -0.000224625 -0.000620963 0.00026921 0.000295908 -0.00153067 -0.000130245 0.000501981 -0.000744903
internal_weight=31169.4 15353.3 215.664 15137.6 15816.1 2530.48 1646.45 13285.6 13098.6 187.063 12956.1 884.027 2181.51
internal_count=46720 22972 307 22665 23748 3758 2408 19990 19688 302 19433 1350 3232
is_linear=0
shrinkage=0.02


Tree=136
num_leaves=11
num_cat=0
split_feature=44 27 24 44 19 23 1 34 43 18
split_gain=2.6537 2.61966 1.87151 1.71411 1.54504 2.27318 1.57752 1.29421 1.62799 1.23169
threshold=1.2068413815189529 1.775445717524333 2.2453353698666048 1.0316957892632572 0.66258315603655593 0.45446102336751976 36.642833333333343 0.89721692632576266 0.8500000000000002 1.770855530324529
decision_type=2 2 2 2 2 2 2 2 2 2
left_child=1 7 4 -3 6 -6 -2 9 -9 -1
right_child=2 3 -4 -5 5 -7 -8 8 -10 -11
leaf_value=-5.2435541363940942e-05 8.3864256288596555e-05 0.00054102913959279376 0.0029725606432025081 0.0043328711347747463 -0.002654055325706093 0.00049769228330770357 -0.0010049501865002381 -0.0010134346256047548 0.0005164520041490776 -0.00054319500575737039
leaf_weight=10812.317735046148 9761.5669057965279 137.36529523134232 94.242904543876648 78.298834443092346 90.258237719535828 5309.547591894865 560.50069189071655 1452.4190037250519 333.29926547408104 2539.5931252837181
leaf_count=16176 14479 190 145 117 137 8150 837 2189 463 3837
internal_value=3.63064e-06 -0.000183331 0.000185754 0.0019908 0.000168037 0.000442196 2.35885e-05 -0.000215225 -0.000722034 -0.000146596
internal_weight=31169.4 15353.3 15816.1 215.664 15721.9 5399.81 10322.1 15137.6 1785.72 13351.9
internal_count=46720 22972 23748 307 23603 8287 15316 22665 2652 20013
is_linear=0
shrinkage=0.02


Tree=137
num_leaves=15
num_cat=0
split_feature=32 33 27 2 33 30 31 16 2 4 19 15 15 31
split_gain=3.55613 4.28514 2.56265 2.11642 1.89055 1.83238 1.69787 1.68239 1.52304 1.28913 1.04873 0.738311 1.32207 0.523012
threshold=1.1500000000000001 0.19999999999999998 1.9881855510444739 37.888750000000009 1.0500000000000003 0.094952325256266512 1.2253257148236822 14.460000000000004 33.574583333333344 47.137556834878545 0.99060703178835585 7.8795356965820611 8.9700856214953522 0.79320172794762545
decision_type=2 2 2 2 2 2 2 2 2 2 2 2 2 2
left_child=1 2 5 9 6 -1 10 -4 -8 -3 -2 13 -13 -6
right_child=4 3 7 -5 11 -7 8 -9 -10 -11 -12 12 -14 -15
leaf_value=0.00034043508514140487 0.00076758231304131493 -0.00038138297816539378 0.0044376411264884993 -0.0038047727252217218 0 -0.0002214974949598351 0.00053424228996796076 0.0003198031178165077 -0.001486011168474756 9.3216631314072779e-05 0.0017352057899779117 -0.0021118449294884769 -6.2243163917698798e-05 0.0013427489046858062
leaf_weight=7600.5191000401974 2056.3477141261101 12214.119873166084 92.393458843231201 67.474585980176926 254.6005282998085 3317.5410624742508 445.76446291804314 78.748236268758774 220.504134953022 2777.0818713903427 609.28072780370712 142.42005655169487 1078.8615211248398 213.75225710868835
leaf_count=11268 2977 18572 134 109 415 4894 673 118 321 4181 919 219 1598 322
internal_value=3.56274e-06 -8.97402e-05 0.000208057 -0.0003097 0.000491239 0.000168762 0.000767636 0.00262622 -0.000121851 -0.000292797 0.000993635 -4.81594e-05 -0.000312495 0.000618261
internal_weight=31169.4 26147.9 11089.2 15058.7 5021.53 10918.1 3331.9 171.142 666.269 14991.2 2665.63 1689.63 1221.28 468.353
internal_count=46720 39276 16414 22862 7444 16162 4890 252 994 22753 3896 2554 1817 737
is_linear=0
shrinkage=0.02


Tree=138
num_leaves=15
num_cat=0
split_feature=32 39 1 37 12 30 37 43 18 30 30 29 44 12
split_gain=3.4367 2.06854 2.28585 1.87853 1.75535 2.22239 1.78968 1.51599 2.05347 1.72389 1.37501 1.3082 1.16777 1.11043
threshold=0.95000000000000007 0.75000000000000011 25.433333333333337 1.0911535800520378 18.187245324171204 -0.077243016217284632 0.24406226310294735 0.65000000000000013 3.050091413162809 0.23132240528616912 0.51826156997976192 2.2500000000000004 2.8762004098635643 18.219216997248143
decision_type=2 2 2 2 2 2 2 2 2 2 2 2 2 2
left_child=1 2 3 -1 5 12 -7 8 -3 -9 -4 13 -2 -6
right_child=4 7 10 -5 11 6 -8 9 -10 -11 -12 -13 -14 -15
leaf_value=-0.00025162198212894457 0.00038105973606372066 -0.00057915002482395806 0.00027504853126981309 0.0027825986790211981 0.0024255123699331708 -0.0016326839662978967 -0.00014040615689149712 0.00043122673756057321 -0.0027175240466113582 -0.0019257625220005274 -0.001758454089651497 0.0031516449592121861 0.0025205094678989451 0.00044836502044649708
leaf_weight=9890.6811825931072 968.68565234541893 3482.0283131301403 7316.2216468155384 79.808313250541687 116.5502652823925 439.33240184187889 1252.8163368105888 1002.8834402859211 191.00252512097359 138.98320430517197 132.30514135956764 74.284911394119263 115.62816187739372 5968.1980946362019
leaf_count=14792 1419 5265 11123 112 161 682 1839 1423 280 189 201 92 165 8977
internal_value=3.50054e-06 -0.000129309 -2.7259e-05 -0.000225779 0.000335041 -7.9313e-05 -0.000535219 -0.00049626 -0.000694488 0.000132736 0.000237124 0.000523418 0.000622631 0.000488664
internal_weight=31169.4 22233.9 17419 9970.49 8935.5 2776.46 1692.15 4814.9 3673.03 1141.87 7448.53 6159.03 1084.31 6084.75
internal_count=46720 33385 26228 14904 13335 4105 2521 7157 5545 1612 11324 9230 1584 9138
is_linear=0
shrinkage=0.02


Tree=139
num_leaves=11
num_cat=0
split_feature=44 27 24 44 36 43 43 30 34 44
split_gain=2.45958 2.46199 1.75144 1.66013 1.60971 1.44887 1.2103 1.51963 1.2361 1.1361
threshold=1.2068413815189529 1.775445717524333 2.2453353698666048 1.0316957892632572 0.89444444444444449 0.8500000000000002 0.35000000000000003 -0.13652276301159438 0.69409586987101679 1.1287451633546577
decision_type=2 2 2 2 2 2 2 2 2 2
left_child=1 4 6 -3 9 -6 8 -8 -2 -1
right_child=2 3 -4 -5 5 -7 7 -9 -10 -11
leaf_value=-6.497739253765536e-05 0.00013341907563634554 0.0005039702586378393 0.0028748816267105941 0.0042351782667968364 -0.00094787850893302515 0.00039664433430761038 0.00083087961069746251 0.00017271875307182417 -0.00043522229564602744 -0.00074947347658950491
leaf_weight=11895.891231626272 6566.7228159308434 137.36529523134232 94.242904543876648 78.298834443092346 1804.5169520378113 376.99059662222862 1949.2558529675007 5214.8953602910042 1990.9993981122971 1060.2303492426872
leaf_count=17820 9962 190 145 117 2704 528 2886 7692 3063 1613
internal_value=3.4349e-06 -0.000176547 0.000178782 0.00193103 -0.000207485 -0.000710799 0.000161621 0.000353372 0 -0.00012187
internal_weight=31169.4 15353.3 15816.1 215.664 15137.6 2181.51 15721.9 7164.15 8557.72 12956.1
internal_count=46720 22972 23748 307 22665 3232 23603 10578 13025 19433
is_linear=0
shrinkage=0.02


Tree=140
num_leaves=15
num_cat=0
split_feature=46 51 33 14 20 33 30 4 4 47 12 1 19 31
split_gain=2.66606 1.83558 1.69142 2.12788 1.39934 1.95433 1.5122 1.63178 1.38327 1.27078 1.17946 1.43568 0.978279 0.942436
threshold=0.84523809523809534 0.95772958733790947 0.19999999999999998 11.500000000000002 0.12795494013481348 -0.6499999999999998 -0.25290634917256777 35.339935274505649 23.556218958965644 0.81314368207163101 20.10868634568331 34.133833333333342 2.2139228185846709 1.1283477902724239
decision_type=2 2 2 2 2 2 2 2 2 2 2 2 2 2
left_child=4 10 3 -3 5 -1 7 -6 -8 -4 11 -2 -7 -12
right_child=1 2 9 -5 6 12 8 -9 -10 -11 13 -13 -14 -15
leaf_value=-0.0026214217257785727 -0.00018176651111442987 0.00086067330583754307 0.0017865443455274703 -0.00045577452607912258 0.0031277578903612067 -0.00052938738125918382 -0.0021774480069289893 0 -4.8570026005509172e-05 4.203958464629221e-05 0.0013422064805540864 0.0003910254763182595 0.00043288158159461473 -0.00041104062502925762
leaf_weight=170.05293542146683 10067.482092887163 3182.3362391591072 171.34239831566811 568.78556820750237 120.92239326238632 4430.4557744264603 124.69573312997818 148.76048508286476 3804.6661348342896 5140.497938811779 419.44692531228065 2109.3432940244675 454.09355184435844 161.11577346920967
leaf_count=239 15107 4801 260 824 175 6721 187 219 5621 7751 602 3211 706 238
internal_value=-5.27845e-06 0.000115034 0.000332753 0.000658258 -0.000290022 -0.000514194 -1.7679e-05 0.00142259 -0.000119746 0.000100845 -3.88799e-05 -8.1675e-05 -0.000437743 0.000838745
internal_weight=31074 21820.4 9062.96 3751.12 9253.65 5054.6 4199.04 269.683 3929.36 5311.84 12757.4 12176.8 4884.55 580.563
internal_count=46662 32794 13636 5625 13868 7666 6202 394 5808 8011 19158 18318 7427 840
is_linear=0
shrinkage=0.02


Tree=141
num_leaves=15
num_cat=0
split_feature=32 34 16 42 13 27 22 51 2 31 40 47 30 21
split_gain=3.23077 2.40779 2.12188 1.86123 1.77132 2.0311 1.75307 1.72529 1.54743 1.2589 1.22226 1.10615 0.942819 0.941153
threshold=0.75000000000000011 0.40977877589771716 16.970000000000006 1.5500000000000003 2.1035913578480474 0.55315238968673563 -1.0522554457648792 1.0957508549672277 37.888750000000009 0.83338892400930376 0.4485431038708948 1.4912438183969932 -0.20347132772145338 1.2014451005037541
decision_type=2 2 2 2 2 2 2 2 2 2 2 2 2 2
left_child=4 2 7 6 8 13 -3 -2 10 -5 -1 -7 -4 -6
right_child=1 3 12 9 5 11 -8 -9 -10 -11 -12 -13 -14 -15
leaf_value=-0.00021537412342230441 -0.00036253555260920437 -4.4387410483869098e-05 -0.00068154247294311928 0 -0.00066315072823665256 0.00052959781086127844 0.00072411613502206982 0.000383654218005687 -0.0026472203631143156 -0.0026841723666987454 -0.0015530007907142932 0.0020264622239972606 0.0012106535605792398 0.0015556389745574879
leaf_weight=14939.651526272297 4662.4899302423 1506.7343292236328 115.77434718608856 174.51147648692131 603.15188404917717 607.52370646595955 5203.1345139145851 1675.1907174289227 106.5684260725975 114.45006760954857 279.19195580482483 313.26902371644974 688.77312117815018 83.582212537527084
leaf_count=22249 7076 2216 187 240 1026 983 7619 2590 166 158 420 543 1054 135
internal_value=-5.16314e-06 0.000217646 -3.94113e-05 0.000481335 -0.00019183 0.000437092 0.000550093 -0.000163665 -0.0002585 -0.00107371 -0.000240771 0.00105298 0.000924953 -0.00037485
internal_weight=31074 14141.1 7142.23 6998.83 16932.9 1607.53 6709.87 6337.68 15325.4 288.962 15218.8 920.793 804.547 686.734
internal_count=46662 21140 10907 10233 25522 2687 9835 9666 22835 398 22669 1526 1241 1161
is_linear=0
shrinkage=0.02


Tree=142
num_leaves=15
num_cat=0
split_feature=24 13 31 19 43 23 42 33 19 27 53 27 27 40
split_gain=2.93619 2.11238 1.62773 2.04679 1.38902 1.32664 1.30277 1.23556 1.15133 1.41338 1.25654 1.49978 1.26064 1.12579
threshold=0.90315093367978883 0.95223645941716673 1.505475416624342 0.75842448525587447 0.35000000000000003 0.96399011974634419 0.45000000000000007 -0.24999999999999992 1.548101488398226 1.0833909904285275 -0.54999999999999993 0.37008356100930806 0.38036761664634061 -0.019017452039343897
decision_type=2 2 2 2 2 2 2 2 2 2 2 2 2 2
left_child=8 2 3 -2 7 -4 -6 -3 9 13 12 -12 -10 -1
right_child=1 4 5 -5 6 -7 -8 -9 10 -11 11 -13 -14 -15
leaf_value=-1.9802714485260203e-05 -7.9305653429781963e-05 0.001169685790655752 0.00032733285222781388 0.00069946324215352032 0.0019820677299571625 -0.001464645973565453 0.00071844243541730596 -2.811350859975156e-06 0.0011067421671020492 -0.0014323576044114152 -0.00055556569670562445 0.00047644205577186807 -0.0019253899090178564 -0.00035778886552072648
leaf_weight=7783.7023346424103 4480.3182030618191 458.80704239010811 239.47264009714127 1919.5270626246929 443.97783482074738 475.50054213404655 1436.7100319266319 1559.1750208735466 68.537182480096817 377.93016573786736 695.02456563711166 2804.4030020534992 205.55920830368996 8125.3524014055729
leaf_count=11705 6377 716 331 2769 686 667 2187 2490 109 577 1122 4252 330 12344
internal_value=-5.06933e-06 0.000256951 5.03367e-05 0.000152857 0.000631225 -0.000851255 0.00102385 0.00025971 -0.000149431 -0.00022262 0.00016376 0.000268418 -0.00112847 -0.000193077
internal_weight=31074 11013.5 7114.82 6399.85 3898.67 714.973 1880.69 2017.98 20060.5 16287 3773.52 3499.43 274.096 15909.1
internal_count=46662 16223 10144 9146 6079 998 2873 3206 30439 24626 5813 5374 439 24049
is_linear=0
shrinkage=0.02


Tree=143
num_leaves=15
num_cat=0
split_feature=24 13 12 23 53 43 3 17 40 24 5 27 51 53
split_gain=2.82071 2.02935 2.32884 1.81435 1.41246 1.33426 1.42448 1.22005 1.06586 1.20829 1.15459 1.0252 1.04254 0.945592
threshold=0.90315093367978883 0.95223645941716673 19.180355011645403 0.67067179070284089 1.6500000000000004 0.35000000000000003 33.901000449484449 1.5886140160485376 -0.019017452039343897 0.88592124984516551 35.112763719652826 0.27004351815783617 1.1603170440954982 1.7500000000000002
decision_type=2 2 2 2 2 2 2 2 2 2 2 2 2 2
left_child=8 2 4 -4 -2 7 -7 -3 9 13 -11 -10 -13 -1
right_child=1 5 3 -5 -6 6 -8 -9 11 10 -12 12 -14 -15
leaf_value=4.6820808776671592e-06 -0.00029069144311872079 -0.00058443794937819535 -0.00071941445117180568 0.00090339767941440734 0.00077249176039771109 0.0022511849143777556 0.00074676643962193721 0.00054231433768019762 -0.00079891739920532928 -0.0036352735550435086 -0.00041079705148035824 -0.00032646925194540477 0.00015761115975181995 0.0010541733843729331
leaf_weight=8649.8781771063805 4583.0954085886478 506.17285454273224 322.09036067128181 1654.4713909029961 555.16128775477409 311.69145306944847 1568.9964136779308 1511.8092087209225 1349.9809883236885 66.042486816644669 155.53457453846931 7145.5219115316868 2337.0226934254169 356.5280285179615
leaf_count=13070 6589 812 449 2349 757 476 2397 2394 2159 98 227 10800 3546 539
internal_value=-4.96712e-06 0.000251842 4.92989e-05 0.000633438 -0.000173619 0.000618691 0.00100354 0.00025444 -0.000146468 1.04433e-05 -0.00144052 -0.000281038 -0.000206103 4.75622e-05
internal_weight=31074 11013.5 7114.82 1976.56 5138.26 3898.67 1880.69 2017.98 20060.5 9227.98 221.577 10832.5 9482.54 9006.41
internal_count=46662 16223 10144 2798 7346 6079 2873 3206 30439 13934 325 16505 14346 13609
is_linear=0
shrinkage=0.02


Tree=144
num_leaves=15
num_cat=0
split_feature=32 34 42 22 15 30 34 53 30 3 31 2 37 5
split_gain=3.03137 2.27965 1.78623 1.68073 1.63934 1.54201 1.44071 1.86525 1.32814 1.2511 1.21192 1.18355 0.928716 0.587823
threshold=0.75000000000000011 0.40977877589771716 1.5500000000000003 -1.0522554457648792 15.564767959851652 -0.12511089947213477 1.1652870256943313 2.2500000000000004 -0.22839327867512835 47.46579214988666 0.83338892400930376 37.356083333333338 1.7366486748380328 38.5769207131355
decision_type=2 2 2 2 2 2 2 2 2 2 2 2 2 2
left_child=6 4 3 -3 5 -2 7 11 13 -6 -4 -1 -10 -8
right_child=1 2 10 -5 9 -7 8 -9 12 -11 -12 -13 -14 -15
leaf_value=-0.000125261529394578 0.0003630386410011051 -4.7060960015381047e-05 0 0.00070532963100993569 0.0029202895425614645 -0.00034723010302340873 -0.0038805051527974893 0.0024286747318636374 -0.00097301709000867137 0.0004786485166482251 -0.0026358206819359865 -0.0017783457320309859 5.0314034043300012e-05 -0.0011766297163323467
leaf_weight=15058.046631336212 1655.4043157994747 1506.7343292236328 174.51147648692131 5203.1345139145851 94.805592834949493 4571.0329646766186 72.338684171438217 111.09115010499954 855.952935308218 820.98524272441864 114.45006760954857 174.35901942849159 574.09966915845871 87.050645411014557
leaf_count=22667 2544 2216 240 7619 130 7020 109 158 1276 1213 158 282 894 136
internal_value=-4.85533e-06 0.000210958 0.00046754 0.000534923 -3.91326e-05 -0.000156732 -0.00018568 -0.000125471 -0.000759731 0.000748124 -0.0010557 -0.000145071 -0.000555718 -0.00249862
internal_weight=31074 14141.1 6998.83 6709.87 7142.23 6226.44 16932.9 15343.5 1589.44 915.791 288.962 15232.4 1430.05 159.389
internal_count=46662 21140 10233 9835 10907 9564 25522 23107 2415 1343 398 22949 2170 245
is_linear=0
shrinkage=0.02


Tree=145
num_leaves=15
num_cat=0
split_feature=32 24 16 22 2 46 27 35 46 31 13 22 40 23
split_gain=3.15255 1.6709 1.8846 1.70007 1.51086 2.19588 1.38401 1.57087 1.47769 1.38352 1.07157 0.969093 0.925658 0.64986
threshold=0.75000000000000011 1.3512013742656597 21.93000000000001 0.3674272757636885 14.49601851851852 0.5277777777777779 0.4554948980738624 0.29166666666666669 1.5634920634920637 2.2313434682377182 1.9344858420268258 1.0595287901951675 0.39360294008421243 1.2716137406546848
decision_type=2 2 2 2 2 2 2 2 2 2 2 2 2 2
left_child=6 4 3 -3 5 -2 11 10 -9 -6 -8 12 -1 -13
right_child=1 2 -4 -5 9 -7 7 8 -10 -11 -12 13 -14 -15
leaf_value=-0.00058561020778844105 -0.00013986963470749859 0.00095685079498460817 0.0020990084076195886 -0.00036821098016037002 2.5927355486485789e-05 0.002264652131790446 5.8324917648823742e-05 -0.00052261932058516875 7.5703453661959727e-05 0.002102760267383218 0.0009663302675203847 0.00073487825343274149 -0.002818042140620757 -0.00038530385689341851
leaf_weight=3900.4196538031101 285.96468430757523 991.27025550603867 336.69353291392326 619.98051530122757 11384.963654577732 304.82757356762886 4496.6841064691544 4331.446813762188 2623.7575276494026 128.00390094518661 591.02228686213493 373.64197796583176 76.535712331533432 450.82975134253502
leaf_count=5976 429 1438 504 886 17027 456 6620 6407 3988 231 959 565 114 717
internal_value=-3.04249e-05 0.000190376 0.00073454 0.000440968 0.000101867 0.00108736 -0.000215214 -9.96706e-05 -0.000295516 5.02477e-05 0.000166108 -0.000502774 -0.000632481 0.000110801
internal_weight=30896 14051.7 1947.94 1611.25 12103.8 590.792 16844.3 12042.9 6955.2 11513 5087.71 4801.43 3976.96 824.472
internal_count=46317 20971 2828 2324 18143 885 25346 17974 10395 17258 7579 7372 6090 1282
is_linear=0
shrinkage=0.02


Tree=146
num_leaves=15
num_cat=0
split_feature=32 15 20 2 20 19 27 34 13 23 24 23 51 15
split_gain=3.02838 1.68467 1.49226 2.06034 1.97802 1.41559 1.87056 1.33794 1.19395 1.16775 0.982198 0.965407 0.87263 0.847636
threshold=0.75000000000000011 21.228868208866555 0.76087854306782543 15.027500000000002 -2.6906789730245175 -0.016044071832625947 0.46820381002667338 1.0754168144497924 2.0843736703921629 0.5752943010956969 0.9160298676566283 1.2608899115879433 0.61180681600470332 7.0852281274590228
decision_type=2 2 2 2 2 2 2 2 2 2 2 2 2 2
left_child=5 2 4 -4 -2 6 11 9 -8 -7 -3 -1 -12 -9
right_child=1 10 3 -5 -6 7 8 13 -10 -11 12 -13 -14 -15
leaf_value=-0.00073716800547803801 0.00077468471108554828 -0.00069415535990212818 0.0022021065867327549 0.00034264508107621517 -0.00010348969494266666 -0.00073066309605097392 -0.00027818818807370707 0.00075976395616926767 0.00084833876244665672 0.0001183147129194291 -0.00039645362216506774 -0.0022746179149330656 0.0019020996709084993 -0.00095043734487358406
leaf_weight=2389.9605692327023 1167.4521589279175 82.477303445339203 256.04470533132553 3686.803775370121 8352.5935038924217 706.64377322793007 4735.2680371403694 125.2543993294239 403.3625602722168 7416.5433029830456 68.88686540722847 182.3590441942215 437.44580474495888 884.94614380598068
leaf_count=3618 1805 124 388 5431 12457 1079 6920 206 641 11242 103 296 663 1344
internal_value=-2.97847e-05 0.000186617 0.000139885 0.000466987 3.29156e-06 -0.000210903 -0.000410555 -4.11981e-05 -0.000187519 4.30689e-05 0.00123411 -0.000851729 0.00156938 -0.000727428
internal_weight=30896 14051.7 13462.9 3942.85 9520.05 16844.3 7710.95 9133.39 5138.63 8123.19 588.81 2572.32 506.333 1010.2
internal_count=46317 20971 20081 5819 14262 25346 11475 13871 7561 12321 890 3914 766 1550
is_linear=0
shrinkage=0.02


Tree=147
num_leaves=14
num_cat=0
split_feature=33 12 53 1 34 25 18 28 24 2 13 19 34
split_gain=2.93153 2.30406 3.20052 1.85514 1.81019 1.73254 1.44943 1.57633 1.40461 2.22959 1.25476 1.209 0.8273
threshold=0.19999999999999998 18.073118115592184 1.8500000000000003 24.058166666666672 0.34050852468357556 2.5500000000000003 1.4112876112103259 1.7500000000000002 1.2983031020356519 36.941083333333339 2.9971970627688642 0.5030799570293355 0.27545132989856841
decision_type=2 2 2 2 2 2 2 2 2 2 2 2 2
left_child=1 2 4 6 -1 10 7 -2 9 -5 -3 -10 -8
right_child=3 5 -4 8 -6 -7 12 -9 11 -11 -12 -13 -14
leaf_value=-0.00086221895139620974 -0.00026166361103548673 0.00033139026274941531 0.0027640641438471175 -3.7728652399140829e-05 9.7728420132510213e-05 0.0034356582409781483 -0.0011724783796450869 0.0017846587346539227 4.6482770143807878e-05 -0.0018541200245181454 0.0024161355052688977 0.001195598245226903 -0.00048062962553204456
leaf_weight=1518.7132333219051 5620.0941272675991 8393.4307008385658 133.69396823644638 8428.091128975153 1591.1125898957253 72.85177955031395 1165.7460272610188 151.70208346843719 846.60871863365173 277.89942067861557 116.86353269219398 670.43913379311562 1908.795502692461
leaf_count=2268 8519 12357 192 12775 2349 106 1878 219 1185 435 223 1006 2805
internal_value=-2.9188e-05 0.000217784 -0.000234301 -0.000182889 -0.00036811 0.000389803 -0.000394914 -0.000205548 0 -9.72696e-05 0.000361754 0.000561808 -0.000746794
internal_weight=30896 11826.7 3243.52 19069.4 3109.83 8583.15 8846.34 5771.8 10223 8705.99 8510.29 1517.05 3074.54
internal_count=46317 17495 4809 28822 4617 12686 13421 8738 15401 13210 12580 2191 4683
is_linear=0
shrinkage=0.02


Tree=148
num_leaves=13
num_cat=0
split_feature=24 23 43 23 19 51 24 17 20 14 13 13
split_gain=2.38881 1.65257 1.83581 2.29326 1.2515 2.70934 1.34669 1.6635 1.16306 1.13655 1.08568 0.862847
threshold=1.2336383359383578 0.34194343781739628 0.45000000000000007 0.6426339103696368 3.8885557289332477 1.0499876769870282 0.6302628563353514 2.466831748314227 5.7936770156728761 10.500000000000002 1.0000000180025095e-35 0.17261477514286483
decision_type=2 2 2 2 2 2 2 2 2 2 2 2
left_child=4 -2 9 -4 6 11 8 -8 -1 -3 -7 -6
right_child=1 2 3 -5 5 10 7 -9 -10 -11 -12 -13
leaf_value=-0.00031597186361867106 -0.002391989151848932 0.00042744658455638225 0.0035299146076304406 0.00077320625682959863 0.00059441135102655492 -0.0021039113812168771 0.00014480581110728056 -0.00029119813865685287 0.0015459247274807891 -0.00051559684310468665 0.00043714654057244804 0.0031789861176608637
leaf_weight=10427.02201628685 78.414887338876724 1633.8670629262924 133.36141029000282 1427.2647827863693 90.870599448680878 103.93302059173584 10560.87060251832 5232.9914888739586 132.27208563685417 735.34533503651619 171.37637263536453 168.45228293538094
leaf_count=16043 130 2527 199 2036 132 148 15612 7643 200 1075 291 281
internal_value=-2.85753e-05 0.00042632 0.000486287 0.00101939 -9.67866e-05 0.000857172 -0.000116583 0 -0.000291413 0.000130344 -0.000494332 0.00232306
internal_weight=30896 4008.25 3929.84 1560.63 26887.8 534.632 26353.2 15793.9 10559.3 2369.21 275.309 259.323
internal_count=46317 5967 5837 2235 40350 852 39498 23255 16243 3602 439 413
is_linear=0
shrinkage=0.02


Tree=149
num_leaves=14
num_cat=0
split_feature=33 12 53 1 34 24 2 31 31 20 20 0 43
split_gain=2.80974 2.21312 3.07487 1.76083 1.73127 1.3027 2.13723 1.25113 2.45985 1.22981 1.40172 1.24382 0.862891
threshold=0.19999999999999998 18.073118115592184 1.8500000000000003 24.058166666666672 0.34050852468357556 1.2983031020356519 36.941083333333339 2.0433367965020914 1.7779524063401329 2.1575359428552656 2.4099526516628988 20.465039692286574 0.45000000000000007
decision_type=2 2 2 2 2 2 2 2 2 2 2 2 2
left_child=1 2 4 9 -1 6 -5 8 -3 11 -11 -2 -7
right_child=3 7 -4 5 -6 12 -8 -9 -10 10 -12 -13 -14
leaf_value=-0.00084366627181071659 -0.00031268959862304198 0.00040086863137497425 0.0027095337076227855 -3.5622192380112748e-05 9.5006486692523527e-05 6.001952108181633e-05 -0.0018140058128233033 0.0021312336064117565 -0.0018631655569050791 0.0016747389528210266 -0.00010602957294507429 -0.00087981400818557931 0.0010284777153694784
leaf_weight=1518.7132333219051 4916.5804892480373 8229.1410220861435 133.69396823644638 8428.091128975153 1591.1125898957253 775.41641756892204 277.89942067861557 160.83820128440857 193.1667897105217 199.26775538921356 1406.4141240119934 2324.0753720402718 741.63143485784531
leaf_count=2268 7510 12119 192 12775 2349 1153 435 278 289 302 2125 3484 1038
internal_value=-2.79714e-05 0.000213809 -0.000229224 -0.000178452 -0.000360437 0 -9.3941e-05 0.000382408 0.000347326 -0.000385018 0.000110555 -0.000496296 0.000540779
internal_weight=30896 11826.7 3243.52 19069.4 3109.83 10223 8705.99 8583.15 8422.31 8846.34 1605.68 7240.66 1517.05
internal_count=46317 17495 4809 28822 4617 15401 13210 12686 12408 13421 2427 10994 2191
is_linear=0
shrinkage=0.02


Tree=150
num_leaves=13
num_cat=0
split_feature=24 27 34 20 2 34 33 2 2 50 32 47
split_gain=3.01269 2.13087 1.89892 1.93615 1.69643 1.88325 1.80144 1.4122 1.28491 1.1016 1.08871 0.825116
threshold=0.87836214164545579 0.557038605260891 1.0052966871929245 -0.44283654306353343 32.294750000000015 0.27545132989856841 0.19999999999999998 31.787000000000006 32.707416666666674 -0.13296660042729888 0.35000000000000003 3.3188032758981159
decision_type=2 2 2 2 2 2 2 2 2 2 2 2
left_child=4 -2 3 -3 6 11 10 -8 -7 -4 -1 -6
right_child=1 2 9 -5 5 8 7 -9 -10 -11 -12 -13
leaf_value=-0.0003509570817738629 -0.0024060649052387484 0 0.00039696954793358165 0.00058286046031792368 -0.00077533247957299036 0.0023863682072166946 -0.00029045423797346531 -0.0019103216548428021 0.00058018880175055704 -0.00091862236683394247 0.00028425895760189395 0.0016017929969782169
leaf_weight=1455.7001115977764 113.29143294692039 3334.453668653965 375.05919924378395 7278.3978080451488 531.17616513371468 185.3507613837719 11407.560763090849 220.04763925075531 1250.9541190266609 734.83317419886589 4072.1588893532753 61.420343160629272
leaf_count=2192 199 4965 551 10637 858 282 17490 343 1935 1077 5917 109
internal_value=3.87658e-05 0.000289912 0.000317225 0.00040006 -0.000115675 0.000429482 -0.000180773 -0.000322293 0.000823218 -0.000465144 0.000115107 -0.000507575
internal_weight=31020.4 11836 11722.7 10612.9 19184.4 2028.9 17155.5 11627.6 1436.3 1109.89 5527.86 592.597
internal_count=46555 17429 17230 15602 29126 3184 25942 17833 2217 1628 8109 967
is_linear=0
shrinkage=0.02


Tree=151
num_leaves=13
num_cat=0
split_feature=24 27 31 51 6 2 34 33 2 40 2 47
split_gain=2.89295 2.04805 1.85179 2.81892 2.80705 1.6304 1.80864 1.73019 1.35655 1.2863 1.23392 0.793642
threshold=0.87836214164545579 0.557038605260891 1.2448606937639328 1.4375800013828128 1.5000000000000002 32.294750000000015 0.27545132989856841 0.19999999999999998 31.787000000000006 -0.029870961479692645 32.707416666666674 3.3188032758981159
decision_type=2 2 2 2 2 2 2 2 2 2 2 2
left_child=5 -2 4 -4 -3 7 11 9 -9 -1 -8 -7
right_child=1 2 3 -5 -6 6 10 8 -10 -11 -12 -13
leaf_value=0.00048591962870913035 -0.0023587784105386089 -0.00040029441958615026 -0.00048488716162370453 0.0020034486232847247 0.00056628454230977826 -0.00075988397834549472 0.0023391503376159989 -0.00028464617061302972 -0.00187245938875753 -0.00013481355437870317 0.00056860353386379344 0.0015707673542213522
leaf_weight=2220.1502434015274 113.29143294692039 1391.3484188020229 1834.3355201780796 199.23368021845818 8297.826230943203 531.17616513371468 185.3507613837719 11407.560763090849 220.04763925075531 3307.7087575495243 1250.9541190266609 61.420343160629272
leaf_count=3226 199 2031 2600 295 12304 858 282 17490 343 4883 1935 109
internal_value=3.7985e-05 0.000284094 0.000310886 -0.000234457 0.0004264 -0.000113348 0.000421065 -0.000177175 -0.000315872 0.000112768 0.000806975 -0.000497032
internal_weight=31020.4 11836 11722.7 2033.57 9689.17 19184.4 2028.9 17155.5 11627.6 5527.86 1436.3 592.597
internal_count=46555 17429 17230 2895 14335 29126 3184 25942 17833 8109 2217 967
is_linear=0
shrinkage=0.02


Tree=152
num_leaves=15
num_cat=0
split_feature=24 10 30 20 25 20 40 19 0 52 50 24 25 20
split_gain=2.7777 1.75496 1.74058 1.6953 1.52676 1.3771 1.36747 1.46901 1.35967 1.12359 0.998366 0.979097 0.896479 0.892678
threshold=0.87836214164545579 1.0000000180025095e-35 0.080682385230784817 -0.42293625453701356 1.9000000000000001 -2.1676042314959534 -0.023843304280849395 1.4991051384839535 33.874068686525696 0.15000000000000005 -0.35715467049321359 1.3367937178947205 1.2250000000000003 -2.0369782615141339
decision_type=2 2 2 2 2 2 2 2 2 2 2 2 2 2
left_child=6 2 4 -4 -2 12 7 8 -1 -8 -11 -7 -3 -9
right_child=1 5 3 -5 -6 11 9 13 -10 10 -12 -13 -14 -15
leaf_value=-8.8217738008873359e-05 0.00053435736370829954 -0.003084741367621538 -0.00061354412101866454 0.00031045672344242394 0.0026445138124226554 -0.00040382411087864822 -0.002302649929350105 0.0020080282694956912 0.0012218274740360782 0.00050106850485878945 -0.000291183521538743 0.00077041951498615956 -6.9701703323699074e-05 0.00047702289403565856
leaf_weight=6979.9932480752468 6131.8301136493683 109.18567383289337 1112.1274615526199 2752.2940601110458 141.19183301925659 1144.5401630699635 105.99215546250343 186.84955558180809 329.60781890153885 669.35125571489334 9910.1600077450275 372.75169521570206 72.114282637834549 1002.4147505164146
leaf_count=10510 9136 170 1630 3992 199 1662 154 287 498 1036 15097 540 100 1544
internal_value=3.7214e-05 0.000278376 0.000378507 4.17758e-05 0.000584274 -0.000313085 -0.000111066 7.7354e-05 -2.74588e-05 -0.000261851 -0.000240029 -0.000108132 -0.00195387 0.000728926
internal_weight=31020.4 11836 10137.4 3864.42 6273.02 1698.59 19184.4 8498.87 7309.6 10685.5 10579.5 1517.29 181.3 1189.26
internal_count=46555 17429 14957 5622 9335 2472 29126 12839 11008 16287 16133 2202 270 1831
is_linear=0
shrinkage=0.02


Tree=153
num_leaves=14
num_cat=0
split_feature=33 34 31 26 44 12 26 6 36 2 31 31 2
split_gain=2.53576 3.04433 2.79475 1.90573 1.74569 1.53376 1.35099 1.27151 1.15613 2.99485 0.965573 0.855178 0.646581
threshold=0.19999999999999998 0.22110785003229727 1.2448606937639328 2.1714285714285722 3.6009515540321604 17.573684222166406 0.18333333333333332 6.5000000000000009 1.0000000180025095e-35 22.18375 2.0433367965020914 1.0801000168770536 34.935250000000003
decision_type=2 2 2 2 2 2 2 2 2 2 2 2 2
left_child=2 8 3 5 6 -1 -3 10 9 -2 -4 -6 -10
right_child=1 4 7 -5 11 -7 -8 -9 12 -11 -12 -13 -14
leaf_value=-0.00024159990746622749 -0.00081264341200150598 -0.00097313778777105759 -0.00041478444180035603 0.0034618938846710783 0.0024124675705827396 0.00048411627897380281 3.3578544028409469e-05 -0.0024599351437534127 -0.00075216309692962267 0.0013236015550472143 0.00098932738818544421 0 -0.0027444796177241498
leaf_weight=1332.8169521093369 735.21975147724152 551.86533746123314 1839.2961289286613 80.010646611452103 178.24669161438942 8349.6110854446888 14241.519783824682 110.86437100172043 2836.2204123139381 405.15025019645691 213.9545841217041 76.353610634803772 69.274469345808029
leaf_count=1952 1172 864 2684 111 251 12400 21153 154 4615 611 359 112 117
internal_value=3.64718e-05 -0.000106065 0.000265484 0.000410118 2.42664e-05 0.000383157 -3.42746e-06 -0.000382127 -0.000593055 -4.39368e-05 -0.000262786 0.00165986 -0.00080496
internal_weight=31020.4 19093.9 11926.6 9762.44 15048 9682.43 14793.4 2164.12 4045.86 1140.37 2053.25 254.6 2905.49
internal_count=46555 28895 17660 14463 22380 14352 22017 3197 6515 1783 3043 363 4732
is_linear=0
shrinkage=0.02


Tree=154
num_leaves=13
num_cat=0
split_feature=24 27 31 6 0 2 2 19 13 37 2 19
split_gain=2.61853 1.96673 1.71071 2.60886 1.88205 1.53009 1.75583 0.998528 1.11993 0.994155 0.976176 0.908976
threshold=0.87836214164545579 0.557038605260891 1.2448606937639328 1.5000000000000002 19.314001973417614 32.294750000000015 33.059559523809533 3.8885557289332477 0.25081082253607972 0.47195452212758454 31.787000000000006 -0.82450406174995361
decision_type=2 2 2 2 2 2 2 2 2 2 2 2
left_child=5 -2 3 -3 -4 7 11 10 -9 -8 -1 -7
right_child=1 2 4 -5 -6 6 9 8 -10 -11 -12 -13
leaf_value=-0.0001723033757231851 -0.0023200504760279954 -0.0003896494374156947 0.0018582793710670373 0.0005420811249779345 -0.00040823289735042906 -0.00013862227829258817 -0.00036922527378360049 -0.0004079983161817401 0.0016568925541494603 0.00063180715552050681 -0.00127811984069536 0.0019829540063967294
leaf_weight=16412.32782587409 113.29143294692039 1391.3484188020229 155.90820160508156 8297.826230943203 1877.6609987914562 93.221693426370621 847.35793825984001 170.15721833705902 245.95936647057533 736.39336875081062 327.0229926109314 351.92838826775551
leaf_count=24797 199 2031 218 12304 2677 136 1368 241 397 1133 507 547
internal_value=3.57241e-05 0.000269882 0.000296157 0.000407202 -0.000227898 -0.000108235 0.000409445 -0.000170082 0.000790694 9.01262e-05 -0.000194654 0.00151766
internal_weight=31020.4 11836 11722.7 9689.17 2033.57 19184.4 2028.9 17155.5 416.117 1583.75 16739.4 445.15
internal_count=46555 17429 17230 14335 2895 29126 3184 25942 638 2501 25304 683
is_linear=0
shrinkage=0.02


Tree=155
num_leaves=15
num_cat=0
split_feature=32 33 37 31 42 31 33 42 2 27 51 0 51 34
split_gain=3.32788 2.50742 2.43301 2.33325 2.08469 1.75727 1.72283 2.22516 1.99062 1.49041 1.8883 1.45653 1.24674 1.16958
threshold=0.95000000000000007 0.95000000000000007 0.41180472397890838 0.97676087990082083 1.0000000180025095e-35 1.3895001399416469 -1.0000000180025095e-35 0.55000000000000016 24.758583333333338 1.4531773521506686 1.1410158133079487 13.84048608128291 1.6028102944869635 1.1652870256943313
decision_type=2 2 2 2 2 2 2 2 2 2 2 2 2 2
left_child=6 2 3 -2 -4 12 7 11 -9 13 -11 -1 -3 -8
right_child=1 5 4 -5 -6 -7 9 8 -10 10 -12 -13 -14 -15
leaf_value=0.0018598439817208642 0.00061308713256773186 -2.1315512629272912e-05 -0.00074558678989389423 -0.00049314776026554929 0.001290080322526434 -0.0013339609694373697 -0.00022471388193930208 0.0025312826448063443 0.00042408892541544239 1.2335364638908176e-05 0.0025784543343010495 -5.4490914541760872e-05 0.0020145633869005654 -0.00078025097332829819
leaf_weight=160.9999136030674 2280.3934450447559 2765.7074573338032 215.27530807256699 1134.6266553103924 2055.8658388853073 407.64808723330498 12351.614002645016 260.42680463194847 620.26722636818886 430.0758022069931 158.51771080493927 6390.5718479156494 123.4450469315052 1751.4372611641884
leaf_count=211 3381 4156 352 1719 2996 630 18925 361 897 638 248 9337 195 2642
internal_value=4.40136e-06 0.000329313 0.000583949 0.000242545 0.00109224 -0.000106928 -0.000127088 0.000120118 0.00106285 -0.000252826 0.000726756 -5.36847e-06 6.35462e-05 -0.000294515
internal_weight=31106.9 8982.96 5686.16 3415.02 2271.14 3296.8 22123.9 7432.27 880.694 14691.6 588.594 6551.57 2889.15 14103.1
internal_count=46688 13429 8448 5100 3348 4981 33259 10806 1258 22453 886 9548 4351 21567
is_linear=0
shrinkage=0.02


Tree=156
num_leaves=15
num_cat=0
split_feature=32 33 37 33 14 25 34 28 25 30 30 3 3 21
split_gain=3.195 2.40818 2.33597 1.65504 2.30166 2.52623 1.58425 1.55954 1.46874 1.24366 1.22625 1.08999 1.0235 1.02011
threshold=0.95000000000000007 0.95000000000000007 0.41180472397890838 -1.0000000180025095e-35 11.500000000000002 1.7083333333333337 0.57842159514862712 1.7500000000000002 1.2916666666666667 -0.063763370953103235 -0.036678853870658196 46.237720115184821 49.14228868396048 0.781202210460059
decision_type=2 2 2 2 2 2 2 2 2 2 2 2 2 2
left_child=3 2 9 4 6 -6 -1 13 11 -2 -10 -3 -4 -5
right_child=1 8 12 7 5 -7 -8 -9 10 -11 -12 -13 -14 -15
leaf_value=0.00014843047164141347 0.00070543821179707561 -0.00012936823910190631 0.0013267552720686805 -0.0008476115234355981 -0.00040948035436291048 -0.0039784618205971857 0.001093308943973854 0.00061297011355844109 -0.0029400787915875143 -6.9532580855386601e-05 -0.00054594635923142613 0.00079815862013421556 0.00033789809035660734 -0.00024249876852917035
leaf_weight=5373.8363206982613 1365.462664604187 1919.691553324461 1670.8545797765255 1239.9971959292889 1149.7649280130863 84.481865078210831 824.18267872929573 787.43716663122177 102.72925496101379 2049.5574357509613 592.80725628137589 681.5725269317627 600.2865671813488 12664.210414260626
leaf_count=7884 2025 2960 2450 1964 1591 113 1218 1173 145 3075 843 1033 898 19316
internal_value=4.32319e-06 0.000322688 0.000572239 -0.000124508 0.000117768 -0.000667901 0.000276001 -0.000247751 -0.000104781 0.000237637 -0.000921307 0.000110244 0.00107032 -0.000297297
internal_weight=31106.9 8982.96 5686.16 22123.9 7432.27 1234.25 6198.02 14691.6 3296.8 3415.02 695.537 2601.26 2271.14 13904.2
internal_count=46688 13429 8448 33259 10806 1704 9102 22453 4981 5100 988 3993 3348 21280
is_linear=0
shrinkage=0.02


Tree=157
num_leaves=13
num_cat=0
split_feature=24 26 27 40 37 40 23 4 20 44 21 17
split_gain=3.06643 1.57372 1.72496 1.44905 1.60321 3.18619 1.91844 1.57635 1.79419 1.34568 0.96027 0.680678
threshold=1.0042517320156574 1.4142857142857144 1.2382249663056377 0.13135801454443208 0.38364323172120313 -0.023843304280849395 0.73144013132828622 49.544610470304953 3.0398162278930205 3.6009515540321604 0.97845100975426802 3.308625495599224
decision_type=2 2 2 2 2 2 2 2 2 2 2 2
left_child=1 2 9 4 6 -6 -2 8 -5 -1 -4 -9
right_child=3 -3 10 7 5 -7 -8 11 -10 -11 -12 -13
leaf_value=-0.0001171137804844086 -0.00081036989020742396 0.0025925083977911025 0.00020096586079885925 0.0003894212527024682 0.00021540461962295108 0.0014299024277465737 0.0003888134500524943 -0.00081182275572476361 -0.002708459067365681 0.0019215278780939373 -0.0021849960094312542 -0.0029687306169069163
leaf_weight=22195.44889074564 672.06393694877625 83.150507986545563 82.022667169570923 1114.6447953283787 1978.8391281664371 1565.4589818418026 2517.422904998064 369.68497771024704 77.729287326335907 127.76916378736496 246.89278936386108 75.7443767786026
leaf_count=33488 1015 149 128 1650 2878 2275 3756 561 112 194 371 111
internal_value=4.21855e-06 -0.000115953 -0.000126565 0.000331721 0.000461912 0.000755152 0.000132648 -0.000197367 0.000174905 -0.000104826 -0.00156216 -0.00121258
internal_weight=31106.9 22735.3 22652.1 8371.59 6733.78 3544.3 3189.49 1637.8 1192.37 22323.2 328.915 445.429
internal_count=46688 34330 34181 12358 9924 5153 4771 2434 1762 33682 499 672
is_linear=0
shrinkage=0.02


Tree=158
num_leaves=15
num_cat=0
split_feature=32 33 37 42 34 15 44 0 44 0 32 13 37 30
split_gain=3.03634 2.30454 2.21465 2.00453 1.64169 1.39311 1.24653 1.3765 1.29799 1.21761 1.26331 1.1648 1.11227 1.49121
threshold=0.95000000000000007 0.95000000000000007 0.41180472397890838 1.0000000180025095e-35 1.1423733188740652 4.0896478754695718 1.9429409826734232 34.957680824172414 0.61426391131191116 35.064390718520677 0.8500000000000002 1.980939643689051 1.5458128604600454 -0.079117605076375636
decision_type=2 2 2 2 2 2 2 2 2 2 2 2 2 2
left_child=4 2 5 -4 9 -2 8 -8 -6 11 -11 -1 -3 -14
right_child=1 12 3 -5 6 -7 7 -9 -10 10 -12 -13 13 -15
leaf_value=-0.00015182926078647821 0.0019368174372067196 -0.00020508106232951671 -0.00075841163166113796 0.0012377529387041038 0.0013074438151234494 0.00013338413042865931 0.00085163745972174855 -0.0021154686945268736 -0.0010649190763119853 0.00027579571114596911 0.0023270545884992791 0.00034271226506611826 0.0035382902658043433 1.1571323554225485e-05
leaf_weight=17250.325617313385 180.53425770998001 3076.214521497488 215.27530807256699 2055.8658388853073 92.878126949071884 3234.4858426451683 340.57275658845901 73.508090555667877 1509.817786604166 571.34408101439476 155.89393672347069 2129.5701735913754 73.668334513902664 146.91773548722267
leaf_count=25584 269 4658 352 2996 144 4831 509 101 2273 855 218 3575 104 219
internal_value=4.13101e-06 0.000314498 0.00055863 0.00104364 -0.000121452 0.000232727 -0.000665702 0.000293243 -0.000919748 -6.63051e-05 0.000734402 -9.69406e-05 -0.000103621 0.00125551
internal_weight=31106.9 8982.96 5686.16 2271.14 22123.9 3415.02 2016.78 414.081 1602.7 20107.1 727.238 19379.9 3296.8 220.586
internal_count=46688 13429 8448 3348 33259 5100 3027 610 2417 30232 1073 29159 4981 323
is_linear=0
shrinkage=0.02


Tree=159
num_leaves=15
num_cat=0
split_feature=6 25 1 42 47 34 50 34 21 37 26 13 53 22
split_gain=1.72647 2.43955 2.07024 2.32416 1.65441 1.88877 1.314 1.67814 1.21851 1.38143 1.16245 1.03217 1.00124 0.513058
threshold=6.5000000000000009 0.22500000000000003 24.058166666666672 1.2500000000000002 0.59392661810228176 1.1423733188740652 0.25605802669234662 0.18747767403713478 0.84322946832447399 0.25636339689724458 1.5857142857142861 0.95223645941716673 0.14999999999999999 -0.40595224662789681
decision_type=2 2 2 2 2 2 2 2 2 2 2 2 2 2
left_child=2 8 3 10 11 -6 7 -3 -2 -10 -1 -4 -8 -5
right_child=1 6 4 13 5 -7 12 -9 9 -11 -12 -13 -14 -15
leaf_value=-0.00012680862076109887 -0.0010679675244334591 0.00070764803001084761 -0.0013258274283873463 -0.00060394666275467347 0.00030199756686918915 -0.0003923041771922433 -0.00043499310495359399 -0.0010464481534465859 0 0.0032781255422387572 0.0013489662908176203 0.00012673996228014625 -0.0032703710172499812 -0.0020126364676661284
leaf_weight=11574.22620049119 68.25366336107254 272.96831798553467 455.76062503457069 195.71833264827728 14547.518069177866 1742.8989053964615 87.469859719276428 966.89606526494026 81.120585918426514 119.21081855893135 214.57216292619705 320.92061856389046 152.93953275680542 306.39865034818649
leaf_count=17424 103 411 675 290 21936 2582 131 1363 126 181 309 502 219 436
internal_value=4.08396e-06 -0.000605665 4.07861e-05 -0.000156669 0.000183572 0.000227062 -0.000927593 -0.000651697 0.00112539 0.00192527 -9.88751e-05 -0.000714008 -0.00229211 -0.00148796
internal_weight=31106.9 1748.86 29358 12290.9 17067.1 16290.4 1480.27 1239.86 268.585 200.331 11788.8 776.681 240.409 502.117
internal_count=46688 2534 44154 18459 25695 24518 2124 1774 410 307 17733 1177 350 726
is_linear=0
shrinkage=0.02


Tree=160
num_leaves=14
num_cat=0
split_feature=1 24 19 6 12 19 39 16 37 22 15 20 15
split_gain=2.34855 2.20696 1.59991 1.42722 2.22052 1.2487 1.05768 0.866837 0.834024 1.00326 0.764311 0.674595 0.884559
threshold=24.058166666666672 1.4966891256562751 -1.2218707042890189 6.5000000000000009 17.473959811735401 1.1445855977969936 0.75000000000000011 13.420000000000003 0.0019896142343955505 -2.8960111257956211 7.3288624455669966 1.255558769351744 4.9391149594506354
decision_type=2 2 2 2 2 2 2 2 2 2 2 2 2
left_child=6 3 -3 5 -5 -2 8 -4 10 -10 -1 12 -8
right_child=1 2 7 4 -6 -7 11 -9 9 -11 -12 -13 -14
leaf_value=-0.0015046103209729973 1.2687562563846039e-05 0.0030045713439797311 0.0013593275173412859 -0.0033782435495323952 -0.00029924482804588723 0.00040402135283255881 -0.0023033590634397015 0.00026298947832103592 0.0013930026025804063 -0.00011755546698452524 0.00087370647110402897 -4.4642052741638595e-05 -0.00067906711205617412
leaf_weight=295.75194963812828 10941.857577055693 133.17723894119263 477.9639877974987 107.77117320895195 720.88696509599686 4679.3132168650627 158.74585026502609 801.73039898276329 175.96857005357742 10745.141975939274 58.984275043010712 574.65399196743965 1170.2450997531414
leaf_count=494 16329 195 733 151 1033 7217 258 1203 261 16044 94 830 1748
internal_value=3.24613e-06 0.000152983 0.000911709 8.71057e-05 -0.000718893 0.000130588 -0.000198932 0.000681754 -0.000124154 -9.20502e-05 -0.00107844 -0.000636022 -0.000883769
internal_weight=31042.2 17862.7 1412.87 16449.8 828.658 15621.2 13179.5 1279.69 11275.8 10921.1 354.736 1903.64 1328.99
internal_count=46590 26861 2131 24730 1184 23546 19729 1936 16893 16305 588 2836 2006
is_linear=0
shrinkage=0.02


Tree=161
num_leaves=14
num_cat=0
split_feature=32 15 33 14 27 13 0 50 13 32 19 8 50
split_gain=3.02587 1.70335 1.58279 3.93484 2.52903 1.80454 1.77177 1.34548 1.29489 1.41722 1.16272 1.13848 0.504989
threshold=0.75000000000000011 21.723153682571041 -1.0000000180025095e-35 11.500000000000002 1.2584393294832161 2.1035913578480474 35.550294536415308 -0.064852377295729527 2.8866202687111548 1.1500000000000001 0.54991460791289104 3.5000000000000004 0.068763546531009703
decision_type=2 2 2 2 2 2 2 2 2 2 2 2 2
left_child=2 8 3 5 -5 -1 10 -3 11 -10 -4 -2 -9
right_child=1 7 6 4 -6 -7 -8 12 9 -11 -12 -13 -14
leaf_value=0.00022675001213043358 0.00032075935110095636 0.0024989842939191491 -0.00043153061301919781 -0.00060748300343689467 -0.0035698819871399457 0.0015762131353370184 -0.0026106150011847963 -0.0010205342265722564 0.00036238016519424607 0.0032647000176343416 -2.2654093761253387e-05 -4.8261208382487431e-05 0.00087745395080492702
leaf_weight=3639.4909450411797 6994.4432645738125 227.15472388267517 7282.9164937734604 660.27162179350853 141.84538060426712 448.19835641980171 130.44420763850212 67.916125535964966 192.48029056191444 110.3947981595993 4587.4889051318169 6327.5071212053299 231.64003628492355
leaf_count=5248 10367 345 11056 901 199 715 198 104 345 196 7156 9409 351
internal_value=3.17346e-06 0.000219198 -0.000177231 0.000124593 -0.00115136 0.000377857 -0.000301045 0.00133591 0.000175104 0.00146752 -0.000274387 0.000144755 0.000410062
internal_weight=31042.2 14151.5 16890.7 4889.81 802.117 4087.69 12000.8 526.711 13624.8 302.875 11870.4 13322 299.556
internal_count=46590 21117 25473 7063 1100 5963 18410 800 20317 541 18212 19776 455
is_linear=0
shrinkage=0.02


Tree=162
num_leaves=14
num_cat=0
split_feature=32 16 40 34 12 1 13 32 8 47 51 46 51
split_gain=2.90728 1.63512 1.30523 1.46345 1.36123 1.38978 1.21699 1.5305 1.1819 0.919815 0.864713 0.797068 0.531833
threshold=0.75000000000000011 23.030000000000008 0.10972056477905132 0.31365878034356365 17.224103731504627 29.602166666666665 2.8866202687111548 1.1500000000000001 3.5000000000000004 2.1290286945718737 1.2452106152989848 0.76388888888888895 0.55982270105212562
decision_type=2 2 2 2 2 2 2 2 2 2 2 2 2
left_child=2 6 4 -4 9 -6 8 -8 -2 -1 12 -5 -3
right_child=1 10 3 11 5 -7 7 -9 -10 -11 -12 -13 -14
leaf_value=-0.00061879618740537531 0.00031790904171742065 0 -0.0012247347598898209 -0.00088739014426829615 -0.00015287065296609273 0.00033387183428008015 0.00030838261749600165 0.003376814913630434 -5.9424905774029605e-05 -0.0027589275082199947 -0.0006581281519704975 -8.8607993713642324e-05 0.0017558156201537259
leaf_weight=622.24697849154472 6978.6807431876659 71.444480895996094 872.45807421207428 662.93697699904442 9349.0312177240849 3125.8655938208103 191.50231343507767 103.92700535058975 6260.7668544650078 96.001564174890518 76.9685198366642 2162.1155049800873 468.24644303321838
leaf_count=938 10342 113 1412 968 13985 4781 342 185 9306 148 118 3241 711
internal_value=3.1046e-06 0.00021486 -0.000173723 -0.000506228 -7.97151e-05 -3.00709e-05 0.000168017 0.00143687 0.000138735 -0.000925598 0.00122297 -0.000280086 0.00151115
internal_weight=31042.2 14151.5 16890.7 3697.51 13193.1 12474.9 13534.9 295.429 13239.4 718.249 616.659 2825.05 539.691
internal_count=46590 21117 25473 5621 19852 18766 20175 527 19648 1086 942 4209 824
is_linear=0
shrinkage=0.02


Tree=163
num_leaves=14
num_cat=0
split_feature=1 24 26 19 24 19 36 51 36 44 15 33 15
split_gain=2.17082 2.07022 2.07052 2.30541 2.07349 1.53495 1.1563 1.09028 1.01447 0.924083 0.865937 1.0349 0.841408
threshold=24.058166666666672 1.4966891256562751 1.4722222222222225 1.10284479104155 1.1795663400291057 -1.2218707042890189 0.95000000000000007 0.6547548282867417 1.0500000000000003 0.4771370152270959 6.5344204487322051 0.19999999999999998 6.3915770331585433
decision_type=2 2 2 2 2 2 2 2 2 2 2 2 2
left_child=6 2 4 -4 -2 -3 10 -7 -8 -10 12 -12 -1
right_child=1 5 3 -5 -6 7 8 -9 9 -11 11 -13 -14
leaf_value=-4.2701645285996637e-05 6.6249294279881153e-05 0.0029318078476869426 -0.0012836625910032217 0.00059747494699330839 0.00082765100910951728 -0.00039381219479893968 -0.001828008887320127 0.00097554061461110691 0.0014085813730953976 -0.00065823316787787006 6.2596632142908177e-05 -0.00057065540847893198 0.0010128686908858909
leaf_weight=7149.3880554437637 13631.719720423222 133.17723894119263 849.51305517554283 365.7986772954464 1602.7974793314934 290.7788377404213 285.68608620762825 988.9155490398407 91.783743560314178 853.77334660291672 1549.8023506999016 2935.7014090120792 313.3567211329937
leaf_count=10835 20566 195 1253 556 2355 437 420 1499 129 1267 2203 4411 464
internal_value=3.01171e-06 0.000146984 8.31598e-05 -0.00070919 0.00014711 0.000881841 -0.000191354 0.000656458 -0.000776075 -0.000444508 -0.000130143 -0.000349699 5.41065e-07
internal_weight=31042.2 17862.7 16449.8 1215.31 15234.5 1412.87 13179.5 1279.69 1231.24 945.557 11948.2 4485.5 7462.74
internal_count=46590 26861 24730 1809 22921 2131 19729 1936 1816 1396 17913 6614 11299
is_linear=0
shrinkage=0.02


Tree=164
num_leaves=12
num_cat=0
split_feature=1 24 26 24 14 50 40 15 34 20 34
split_gain=2.09509 1.87578 1.47333 2.46851 1.45764 1.10336 1.13802 0.793103 0.801957 0.781793 0.96
threshold=22.533666666666672 1.4966891256562751 1.4722222222222225 1.2064050945622655 11.500000000000002 0.54652997299971051 -0.065121568946402128 6.5344204487322051 0.12454734414335171 0.17740751992880982 0.59666441244683244
decision_type=2 2 2 2 2 2 2 2 2 2 2
left_child=7 2 3 -2 -4 6 -3 9 -9 10 -1
right_child=1 5 4 -5 -6 -7 -8 8 -10 -11 -12
leaf_value=-0.00013829923088778143 4.8161525612815305e-05 0.00017340525940347354 -0.00025475562815817273 0.00092100122217392906 -0.0020321544704932607 -0.0013557609650148095 0.0013888621356260978 0.0003086973119096147 -0.00054460839952918982 0.00014186183544773588 -0.00099693307632581132
leaf_weight=3405.9486164748669 15567.034496486187 505.30270531773567 1057.5475862920284 1415.5847281217575 227.16232848167419 82.79433137178421 881.06790438294411 485.95993486046791 3548.0144789218903 3242.3376993238926 623.43746057152748
leaf_count=5182 23419 755 1595 2085 313 121 1338 803 5161 4850 968
internal_value=2.96192e-06 0.000127633 7.16943e-05 0.000121606 -0.000579477 0.000815318 0.000953945 -0.000213777 -0.000439234 -8.72439e-05 -0.000274059
internal_weight=31042.2 19736.5 18267.3 16982.6 1284.71 1469.16 1386.37 11305.7 4033.97 7271.72 4029.39
internal_count=46590 29626 27412 25504 1908 2214 2093 16964 5964 11000 6150
is_linear=0
shrinkage=0.02


Tree=165
num_leaves=15
num_cat=0
split_feature=24 37 12 32 50 19 32 40 18 50 19 46 46 12
split_gain=2.8534 1.88912 1.87117 1.43708 1.4195 1.73802 1.26897 1.18573 1.22003 1.10904 0.947844 1.27163 1.01286 0.83105
threshold=0.97060291641036878 0.45130377671155403 17.291455217243257 1.8500000000000003 0.21526318222607188 4.1472649804018333 0.45000000000000007 0.097160602429479409 3.3565295847292664 -0.22638705088360381 0.4760241998289399 1.6125000000000003 2.1055555555555561 18.115303672142293
decision_type=2 2 2 2 2 2 2 2 2 2 2 2 2 2
left_child=4 7 9 -4 5 6 -1 8 -2 -3 12 -12 -6 -9
right_child=1 2 3 -5 10 -7 -8 13 -10 -11 11 -13 -14 -15
leaf_value=-0.00032949294159305301 5.9076345767467184e-05 0.0013279184877278214 0.00061852346013594492 0.0026918858318529084 -0.00053677144494997044 0.0017238087427591889 3.9928409441848008e-05 -0.0020976577793104176 0.0020616418139798205 -0.001371249361084931 -0.00055145258040057083 0.00044307259629392356 -0.0016904950270764194 -0.00034843262771633695
leaf_weight=5283.659284979105 3826.4346176087856 71.877485722303391 4252.0921872258186 139.70015409588814 1375.3111635446548 216.49321705102921 12433.987199574709 155.57410228252411 124.35533806681633 287.20896860957146 1384.6998246014118 806.27333015203476 410.5454725921154 417.70800495147705
leaf_count=8028 5721 108 6191 186 2045 336 18689 228 174 423 2105 1281 631 674
internal_value=3.98695e-07 0.000294721 0.000573173 0.000687947 -0.000123748 -4.7301e-05 -6.96988e-05 0 0.00012565 -0.000798907 -0.000465786 -0.000180839 -0.000809185 -0.000846153
internal_weight=31185.9 9274.95 4750.88 4391.79 21911 17934.1 17717.6 4524.07 3950.79 359.086 3976.83 2190.97 1785.86 573.282
internal_count=46820 13705 6908 6377 33115 27053 26717 6797 5895 531 6062 3386 2676 902
is_linear=0
shrinkage=0.02


Tree=166
num_leaves=15
num_cat=0
split_feature=24 23 37 32 50 19 6 15 0 31 32 19 23 23
split_gain=2.74089 2.43059 1.66982 1.96486 1.36383 1.66982 1.31097 1.2708 1.42904 1.2472 1.2188 1.0036 0.808497 0.795254
threshold=0.97060291641036878 0.65971028384171149 0.47646462109675242 1.7500000000000002 0.21526318222607188 4.1472649804018333 5.5000000000000009 7.2056295637106116 31.148528495275681 1.2028891607721579 0.45000000000000007 0.4760241998289399 1.1573783687976253 1.2716137406546848
decision_type=2 2 2 2 2 2 2 2 2 2 2 2 2 2
left_child=4 7 9 -4 5 10 11 -2 -9 -3 -1 -6 -8 -7
right_child=1 2 3 -5 6 13 12 8 -10 -11 -12 -13 -14 -15
leaf_value=-0.00032290557369171649 0.00043318493566152214 0.00030791274140269529 0.00059580380696220691 0.0026634999148501572 -0.00071625456957321307 0 -0.0024232439707758302 -0.0015748094618757858 0.00016210048330834691 -0.00054352760353304681 3.9129965245154575e-05 -4.8289185516472774e-05 0 0.0024871790156238013
leaf_weight=5283.659284979105 348.381367623806 3149.1709727942944 3885.5200922489166 194.80024716258049 1666.5358457267284 66.234678417444229 205.38954210281372 551.47411561012268 272.60054922103882 873.00351390242577 12433.987199574709 2029.038407355547 75.865995705127716 150.25853863358498
leaf_count=8028 524 4740 5666 267 2504 111 299 832 383 1293 18689 3141 118 225
internal_value=3.93335e-07 0.000288861 0.000412743 0.000698225 -0.000121274 -4.63295e-05 -0.000456544 -0.00055798 -0.00098914 0.000120446 -6.82942e-05 -0.00035244 -0.00177697 0.00168965
internal_weight=31185.9 9274.95 8102.49 4080.32 21911 17934.1 3976.83 1172.46 824.075 4022.17 17717.6 3695.57 281.256 216.493
internal_count=46820 13705 11966 5933 33115 27053 6062 1739 1215 6033 26717 5645 417 336
is_linear=0
shrinkage=0.02


Tree=167
num_leaves=15
num_cat=0
split_feature=24 12 22 37 12 22 40 50 19 37 40 19 12 12
split_gain=2.6333 1.82324 2.20565 2.0459 1.52298 1.51934 1.41579 1.3107 1.60294 1.17665 1.1744 0.871311 1.04491 0.853263
threshold=0.97060291641036878 17.262765459681919 -0.053141899368813687 0.45130377671155403 16.720772573750228 -1.6361144505744976 -0.11255127249114953 0.21526318222607188 4.1472649804018333 0.029875317975141903 0.073890091263089416 0.4760241998289399 17.767728773332291 19.402656919210248
decision_type=2 2 2 2 2 2 2 2 2 2 2 2 2 2
left_child=7 2 4 10 -2 -5 -4 8 9 -1 -3 13 -13 -9
right_child=1 3 6 5 -6 -7 -8 11 -10 -11 -12 12 -14 -15
leaf_value=-0.00067016291014667469 3.2413026542950214e-05 0.00019206171571803829 -0.002032286249037449 -0.00030503482268434007 -0.0031267682300894469 0.00079977463146356747 0.0011214905938793365 -0.00052757255020255596 0.0016554393105670854 -2.2236090663595804e-05 -0.00069553256545668691 -0.0012539688383114153 0 -0.0015940051907306371
leaf_weight=1204.4592837095261 81.364634454250336 3579.5737971961498 72.111944705247879 556.39596235752106 185.05946338176727 3857.0128011703491 231.63477346301079 1380.2817642688751 216.49321705102921 16513.187200844288 711.79748183488846 306.07803627848625 1884.8951184749603 405.57487186789513
leaf_count=1851 120 5333 107 803 272 5604 347 2080 336 24866 1119 452 2934 596
internal_value=3.80227e-07 0.000283136 -0.000805331 0.000355749 -0.00213166 0.000658152 0.000331655 -0.000118869 -4.53863e-05 -6.69177e-05 4.22544e-05 -0.00044755 -0.000174098 -0.000776869
internal_weight=31185.9 9274.95 570.171 8704.78 266.424 4413.41 303.747 21911 17934.1 17717.6 4291.37 3976.83 2190.97 1785.86
internal_count=46820 13705 846 12859 392 6407 454 33115 27053 26717 6452 6062 3386 2676
is_linear=0
shrinkage=0.02


Tree=168
num_leaves=15
num_cat=0
split_feature=24 12 43 50 14 51 50 19 2 20 40 19 46 19
split_gain=2.52887 1.75103 2.01796 1.77123 1.66157 1.44955 1.25941 1.54009 1.21494 0.953311 0.91982 0.782188 0.765182 0.722776
threshold=0.97060291641036878 17.262765459681919 0.25000000000000006 -0.40697018649215772 9.5000000000000018 0.81354794727620716 0.21526318222607188 4.1472649804018333 38.212750000000007 -0.48537414958673597 -0.10841355511814683 0.36199141075567814 2.7638888888888893 2.7585286103664566
decision_type=2 2 2 2 2 2 2 2 2 2 2 2 2 2
left_child=6 5 4 -4 -3 10 7 8 -1 13 -2 -7 -11 -8
right_child=1 2 3 -5 -6 11 9 -9 -10 12 -12 -13 -14 -15
leaf_value=-5.4165695252629144e-05 -0.0039494477635226531 0.00042928725104972955 -0.00060961465487002937 0.00069488024920601318 -0.00047014264410794797 -0.00087348348815488813 -0.0013481900827999971 0.001622633587326448 -0.0025981882429400817 -0.00016719363448948241 -0.0010952183585871105 0.0011090842306080042 -0.0011400912174545114 0.00026316526383898353
leaf_weight=17644.032117933035 66.528177529573441 1562.0476967990398 444.63950979709625 4973.9255790412426 1724.1672569215298 154.15984439849854 641.61177510023117 216.49321705102921 73.614366620779037 2842.6633599996567 191.49528056383133 157.98751351237297 370.63953825831413 121.91511753201485
leaf_count=26603 100 2414 650 7219 2576 223 991 336 114 4286 281 242 592 193
internal_value=3.3522e-07 0.000277434 0.000348611 0.000585805 -3.95713e-05 -0.000789155 -0.00011652 -4.44764e-05 -6.55922e-05 -0.00043871 -0.00189432 9.87963e-05 -0.000283162 -0.00107782
internal_weight=31185.9 9274.95 8704.78 5418.57 3286.21 570.171 21911 17934.1 17717.6 3976.83 258.023 312.147 3213.3 763.527
internal_count=46820 13705 12859 7869 4990 846 33115 27053 26717 6062 381 465 4878 1184
is_linear=0
shrinkage=0.02


Tree=169
num_leaves=15
num_cat=0
split_feature=24 13 13 31 19 50 50 32 20 33 46 34 18 46
split_gain=2.42796 1.68427 1.34978 1.42435 1.21228 1.21014 1.17643 1.17166 0.978405 0.958694 0.93309 0.917708 0.848339 0.712107
threshold=0.97060291641036878 0.9120470010402989 0.69237464018193606 1.264971067075688 4.1472649804018333 0.21526318222607188 0.31711395359266331 0.45000000000000007 -0.48537414958673597 0.45000000000000007 0.58571428571428574 0.09584516484706411 3.050091413162809 0.47222222222222227
decision_type=2 2 2 2 2 2 2 2 2 2 2 2 2 2
left_child=4 2 3 -2 5 7 9 -1 -7 -6 13 -12 -4 -3
right_child=1 10 12 -5 6 8 -8 -9 -10 -11 11 -13 -14 -15
leaf_value=-0.00031395483679349303 0.00030881887666449288 0.0002286787956007249 -0.00053263554177031475 -0.00050162950766813644 0.002613920044954678 -0.0011228453893968064 -0.00058204109693566657 4.1020278461919312e-05 -0.00029786889837159713 0 -0.00075057078933351922 0.00078005057792476437 -0.0028562755100913929 -0.0022472097249292902
leaf_weight=5283.659284979105 4375.6452693939209 104.06932634115219 314.4410283267498 1072.8560926616192 172.75827798247337 726.04989597201347 119.64506438374519 12433.987199574709 3083.9419305026531 90.92783910036087 156.85018783807755 3094.3673458695412 83.162072718143463 73.559535413980484
leaf_count=8028 6237 167 492 1498 259 1123 185 18689 4685 146 294 4780 119 118
internal_value=2.79539e-07 0.0002718 6.34267e-05 0.000147275 -0.000114214 -0.000134513 0.000994636 -6.42976e-05 -0.00045821 0.00174667 0.000623914 0.000702718 -0.00105553 -0.000754569
internal_weight=31185.9 9274.95 5846.1 5448.5 21911 21527.6 383.331 17717.6 3809.99 263.686 3428.85 3251.22 397.603 177.629
internal_count=46820 13705 8346 7735 33115 32525 590 26717 5808 405 5359 5074 611 285
is_linear=0
shrinkage=0.02


Tree=170
num_leaves=15
num_cat=0
split_feature=24 19 32 33 51 13 51 24 16 19 45 51 3 32
split_gain=2.27862 1.56203 1.68658 1.59442 2.31201 1.32567 2.25954 2.21895 2.12862 1.93893 1.06541 0.941151 0.918097 0.553542
threshold=0.87836214164545579 2.9869821049570313 1.3500000000000003 0.45000000000000007 1.2907572991508431 1.0000000180025095e-35 1.813279711948993 1.559766074330093 16.710000000000001 0.92075010831144433 0.36666666666666675 1.1226055768526459 34.321323453163551 0.95000000000000007
decision_type=2 2 2 2 2 2 2 2 2 2 2 2 2 2
left_child=1 2 11 4 -3 8 7 -7 10 -10 -2 -1 -4 -5
right_child=5 3 12 13 -6 6 -8 -9 9 -11 -12 -13 -14 -15
leaf_value=-0.00034133492815022979 0.0018264883320219221 0.0021710878661165946 0.0020366640795583977 5.9399354832325033e-05 -0.00043898821394738484 0.00026752813531005451 -0.0023101622648492308 0.0013728005303416419 -0.0013405109292026426 0.00039651069280019014 8.998565158851177e-05 1.1507429719533288e-06 0.00031758799101275751 -0.0015847693286671623
leaf_weight=13285.706138521433 146.68750369548798 385.92190369963646 156.02771764993668 311.28549593687057 199.20851290225983 6103.0550460517406 122.13866791129112 831.51472070813179 833.89530807733536 358.95234274864197 3386.0107351839542 4154.9693385660648 696.89427664875984 104.41323548555374
leaf_count=20153 202 577 230 485 314 9302 218 1307 1166 497 4667 6296 1107 171
internal_value=-3.9684e-05 -0.000173769 -0.00021628 0.000592178 0.00126698 0.000179034 0.000352861 0.000401859 -7.84671e-05 -0.000809647 0.000165912 -0.000259179 0.00064779 -0.000335245
internal_weight=31076.7 19294.4 18293.6 1000.83 585.13 11782.3 7056.71 6934.57 4725.55 1192.85 3532.7 17440.7 852.922 415.699
internal_count=46692 29333 27786 1547 891 17359 10827 10609 6532 1663 4869 26449 1337 656
is_linear=0
shrinkage=0.02


Tree=171
num_leaves=11
num_cat=0
split_feature=44 26 32 33 34 33 0 0 0 0
split_gain=2.34866 1.98642 1.78985 1.93415 1.35718 1.25079 0.895371 0.71186 0.66766 0.539922
threshold=3.6009515540321604 2.0500000000000003 1.1500000000000001 1.0000000180025095e-35 0.16996644789791179 0.95000000000000007 34.535703996758237 35.432306319951493 31.569020330021214 26.366809529784017
decision_type=2 2 2 2 2 2 2 2 2 2
left_child=1 2 3 -1 -4 9 8 -8 -2 -3
right_child=6 5 4 -5 -6 -7 7 -9 -10 -11
leaf_value=8.3581423821285194e-05 0.00070730972432368842 0.0035322908402335225 -0.00046766281731667754 -0.00027704303751828669 0.00044126696696829499 -0.00090996087800366751 -0.00096450404720570238 0.0012803908824737759 0.0027988745589173736 0.0013792338566291503
leaf_weight=9311.6384441256523 117.4459710419178 72.423727005720139 782.9914513528347 16296.829700291157 3791.9913411140442 70.301795333623886 95.006218582391739 126.96338838338852 179.01403191685677 232.07487463951111
leaf_count=13771 195 107 1254 24817 5587 93 122 172 243 331
internal_value=-3.88484e-05 -6.18463e-05 -8.01704e-05 -0.000145528 0.000283386 0.00137988 0.00129255 0.000274862 0.00201408 0.00194366
internal_weight=31076.7 30558.3 30183.5 25608.5 4574.98 374.8 518.43 221.97 296.46 304.499
internal_count=46692 45960 45429 38588 6841 531 732 294 438 438
is_linear=0
shrinkage=0.02


Tree=172
num_leaves=10
num_cat=0
split_feature=44 26 46 33 31 6 34 34 50
split_gain=2.25793 1.90894 1.3863 1.20412 1.14257 1.09018 1.28974 1.12202 0.966722
threshold=3.6009515540321604 2.0500000000000003 4.3500000000000005 0.95000000000000007 1.2028891607721579 6.5000000000000009 1.1423733188740652 0.18480821297272393 0.24221979037048372
decision_type=2 2 2 2 2 2 2 2 2
left_child=1 5 8 4 -3 6 -1 -7 -2
right_child=2 3 -4 -5 -6 7 -8 -9 -10
leaf_value=-8.5444685425300018e-06 0.00253498703302249 0.0028131041969121401 -0.0003045402267161057 -0.00089226509667836328 0.0001523414253235324 0.00034783489140516609 -0.00050293319522222771 -0.00085501248276444945 0.00010358023273423452
leaf_weight=26187.853717893362 272.20919659733772 196.14430269598961 148.57777661085129 70.301795333623886 108.35429894924164 391.9548168182373 2298.4445453882217 1305.1978567838669 97.642636716365814
leaf_count=39499 397 279 194 93 159 593 3467 1870 141
internal_value=-3.80359e-05 -6.05914e-05 0.00126738 0.0013527 0.00190608 -7.85606e-05 -4.88182e-05 -0.000571249 0.00192399
internal_weight=31076.7 30558.3 518.43 374.8 304.499 30183.5 28486.3 1697.15 369.852
internal_count=46692 45960 732 531 438 45429 42966 2463 538
is_linear=0
shrinkage=0.02


Tree=173
num_leaves=13
num_cat=0
split_feature=44 27 50 2 31 33 19 31 43 31 37 37
split_gain=2.16914 1.41556 1.90958 1.29615 1.20178 1.16327 1.0879 0.623242 0.60371 1.32975 0.886765 0.604098
threshold=3.6009515540321604 1.5412325332773358 -0.39735295943160759 38.212750000000007 1.2028891607721579 0.14999999999999999 1.548101488398226 1.1936877791655187 0.45000000000000007 0.76818499403880758 0.59622235081546904 0.17327630617632392
decision_type=2 2 2 2 2 2 2 2 2 2 2 2
left_child=1 3 7 6 -4 -5 -1 -3 10 -10 11 -2
right_child=8 2 4 5 -6 -7 -8 -9 9 -11 -12 -13
leaf_value=-0.00013993493301609649 0.00092439027214192377 -0.00034858315432691932 0.0010946771536361501 -0.00021682905611372855 5.3088564909909911e-05 -0.0030089091299020329 0.00018583743964163162 -0.0029471644662246717 0.0020927508569742932 -0.00097684001441655593 2.4037085820770877e-05 0.0033847688745152109
leaf_weight=23341.878770679235 78.243497729301453 93.988578319549561 1032.3622658848763 141.78874015808105 812.31992107629776 113.55041417479515 4949.2654365897179 73.097206979990005 100.39408805966377 119.79053723812103 87.624083697795868 132.3774031996727
leaf_count=34992 118 133 1503 211 1190 172 7652 107 139 159 129 187
internal_value=-3.72644e-05 -5.93782e-05 0.000452257 -9.58143e-05 0.000641975 -0.00151107 -8.25816e-05 -0.00156597 0.00124221 0.000383984 0.00183572 0.00253509
internal_weight=31076.7 30558.3 2011.77 28546.5 1844.68 255.339 28291.1 167.086 518.43 220.185 298.245 210.621
internal_count=46692 45960 2933 43027 2693 383 42644 240 732 298 434 305
is_linear=0
shrinkage=0.02


Tree=174
num_leaves=15
num_cat=0
split_feature=32 33 27 3 13 3 13 46 13 46 16 27 19 22
split_gain=2.01669 2.18199 2.44951 1.66677 1.85305 1.56962 1.54528 1.53532 1.46749 1.24713 1.18694 1.18166 1.12533 1.08798
threshold=1.1500000000000001 1.0000000180025095e-35 1.5412325332773358 33.116596754971532 0.36816407316271788 35.086363426815815 2.0210662735349101 0.61250000000000016 2.8866202687111548 0.88194444444444453 4.8225000000000025 0.95850803821594577 1.7048414871364754 0.58341303469278449
decision_type=2 2 2 2 2 2 2 2 2 2 2 2 2 2
left_child=1 6 -3 4 11 9 7 -1 -7 -5 -8 -2 -4 -6
right_child=3 2 12 5 13 8 10 -9 -10 -11 -12 -13 -14 -15
leaf_value=-0.00054416075683734878 0.001140528491494525 -0.00029336694375779309 0.00058088949627820995 -0.0030537751117545426 0.00096248677959604682 0.0002138638724170907 -0.00057365580879824426 0.00016843367347332285 0.0027956092227772161 -6.9786214482856997e-05 0.0012482092467698618 0.0035952730947378629 0.0029149563639999793 -0.0013555809893988201
leaf_weight=1448.5834531784058 197.08873784542084 15944.018092572689 468.53795689344406 100.7667778134346 248.51598581671715 3936.8697057962418 166.64333045482635 7204.1793089210987 88.962274134159088 139.17954602837563 758.67707899212837 154.24560412764549 104.37312161922455 116.03996959328651
leaf_count=2052 281 24302 688 149 398 5799 265 10591 163 210 1244 215 160 175
internal_value=-3.65061e-05 -0.000107195 -0.000246664 0.000331666 0.0012257 0.000178781 0.00013227 4.78826e-05 0.000274757 -0.00137914 0.000908792 0.00226078 0.00103217 0.000193983
internal_weight=31076.7 26095 16516.9 4981.67 715.89 4265.78 9578.08 8652.76 4025.83 239.946 925.32 351.334 572.911 364.556
internal_count=46692 39302 25150 7390 1069 6321 14152 12643 5962 359 1509 496 848 573
is_linear=0
shrinkage=0.02


Tree=175
num_leaves=9
num_cat=0
split_feature=25 32 40 37 23 1 51 18
split_gain=2.30123 2.12911 1.8213 1.22612 1.04546 0.854933 0.664012 0.578556
threshold=2.7083333333333335 0.45000000000000007 0.15098232871244863 0.0019896142343955505 0.80433220032392627 12.692000000000002 1.0294157268578119 2.0125666343776825
decision_type=2 2 2 2 2 2 2 2
left_child=1 2 5 6 -5 -1 -3 -4
right_child=-2 3 7 4 -6 -7 -8 -9
leaf_value=-0.00093539060768853103 0.0024920197403437046 -0.001625243441401168 -0.0012583343620674362 -0.00011176545573451905 0.00018089274374433415 -9.8187314175676753e-05 0.00021479913955132243 -0.00029599433305281135
leaf_weight=535.69590911269188 144.1098385155201 257.00901913642883 938.60835993289948 7013.8164171874523 15830.393816918135 5900.0360769927502 99.016911596059799 383.05991068482399
leaf_count=815 204 420 1418 10402 23663 9009 164 601
internal_value=-1.14244e-05 -2.35614e-05 -0.000310596 7.2001e-05 9.05988e-05 -0.000169697 -0.00108722 -0.000987842
internal_weight=31101.7 30957.6 7757.4 23200.2 22844.2 6435.73 356.026 1321.67
internal_count=46696 46492 11843 34649 34065 9824 584 2019
is_linear=0
shrinkage=0.02


Tree=176
num_leaves=9
num_cat=0
split_feature=25 33 13 30 1 34 36 19
split_gain=2.21138 1.97963 2.22546 1.66302 1.328 1.05699 1.36594 0.691267
threshold=2.7083333333333335 0.19999999999999998 0.48486797232777962 -0.24491410953841802 37.870833333333337 0.22110785003229727 0.58571428571428574 -3.2307800987559356
decision_type=2 2 2 2 2 2 2 2
left_child=1 2 3 -1 -4 7 -7 -3
right_child=-2 5 4 -5 -6 6 -8 -9
leaf_value=0.00080667424675105075 0.002442861610224892 0.00091057427962906474 0.00040399997874982283 -0.0001941620635973038 0.0019609700216527259 0.00013114346692239749 -0.00025190859030604961 -0.00048494124538684877
leaf_weight=748.82232028245926 144.1098385155201 140.64825835824013 5324.6347543597221 5636.7017803490162 230.9506776034832 7013.9999229311943 7889.6985095739365 3972.1801981031895
leaf_count=1065 204 224 8253 8013 372 10479 11694 6392
internal_value=-1.12107e-05 -2.31146e-05 0.000178313 -7.50139e-05 0.000471206 -0.000150129 -7.09718e-05 -0.000434369
internal_weight=31101.7 30957.6 11941.1 6385.52 5555.59 19016.5 14903.7 4112.83
internal_count=46696 46492 17703 9078 8625 28789 22173 6616
is_linear=0
shrinkage=0.02


Tree=177
num_leaves=9
num_cat=0
split_feature=25 14 43 44 18 8 47 36
split_gain=2.12496 1.28136 1.50243 1.54297 1.26108 1.05742 1.19959 1.09145
threshold=2.7083333333333335 10.500000000000002 0.35000000000000003 1.4810433699484389 3.3215268276114869 3.5000000000000004 3.3864405921969554 0.68333333333333346
decision_type=2 2 2 2 2 2 2 2
left_child=1 2 4 -4 -1 7 -7 -3
right_child=-2 5 3 -5 -6 6 -8 -9
leaf_value=-0.00010567471556535186 0.0023946731288160931 0.00013295322610538108 4.0219040479194414e-05 0.00057137096837904142 0.0015911347705863334 -0.00053315643044354053 0.0015185949723494083 -0.00050222441783479834
leaf_weight=12262.947838157415 144.1098385155201 3995.128319889307 5444.6154330670834 3706.4447794854641 175.16450968384743 3781.7671421468258 113.25682637095451 1478.3115727603436
leaf_count=18883 204 5811 8209 5607 247 5461 165 2109
internal_value=-1.09534e-05 -2.26287e-05 6.17731e-05 0.000256521 -8.07229e-05 -0.000218167 -0.000470182 -3.68952e-05
internal_weight=31101.7 30957.6 21589.2 9151.06 12438.1 9368.46 3895.02 5473.44
internal_count=46696 46492 32946 13816 19130 13546 5626 7920
is_linear=0
shrinkage=0.02


Tree=178
num_leaves=13
num_cat=0
split_feature=32 33 40 50 27 34 18 2 27 50 18 1
split_gain=2.16958 2.15413 1.80495 1.55843 1.52258 1.45008 1.59688 0.854893 0.81901 1.23754 0.733716 0.695865
threshold=0.45000000000000007 0.45000000000000007 0.15098232871244863 0.43061075532664078 2.3865142105686705 0.21835668751473483 2.0640861791322673 11.969021164021166 1.0572078946088885 -0.086397542504329336 3.082549726681663 27.34500000000001
decision_type=2 2 2 2 2 2 2 2 2 2 2 2
left_child=2 3 7 4 -2 -3 -7 -1 9 -4 -9 -5
right_child=1 5 8 11 -6 6 -8 10 -10 -11 -12 -13
leaf_value=-0.0012539101909118148 0.00034563692299056752 -0.00051714084079875486 -0.002183734603925003 -0.0016943988584940516 0.0033027654472983698 0.00023181100860665175 -0.00026512682064859077 -6.4233034462076835e-05 0.00015176747879299023 -0.00071560591268050508 -0.0011973753899867966 -0.00021252801739944825
leaf_weight=273.52377584576607 9528.084380030632 2505.3042912185192 350.40154853463173 176.28091180324554 69.045241057872772 6010.1500718295574 4533.3160472512245 5931.0993931591511 202.49660655856133 769.65168285369873 237.58621069788933 514.80609923601151
leaf_count=408 14015 4049 553 262 91 9079 6561 9068 306 1162 360 782
internal_value=-1.0702e-05 8.53207e-05 -0.000300534 0.000301906 0.000368637 -8.46985e-05 1.71874e-05 -0.00016037 -0.000974455 -0.00118689 -0.00010987 -0.000608747
internal_weight=31101.7 23337 7764.76 10288.2 9597.13 13048.8 10543.5 6442.21 1322.55 1120.05 6168.69 691.087
internal_count=46696 34839 11857 15150 14106 19689 15640 9836 2021 1715 9428 1044
is_linear=0
shrinkage=0.02


Tree=179
num_leaves=15
num_cat=0
split_feature=32 33 23 18 50 36 18 14 47 50 2 18 30 2
split_gain=2.08466 2.06879 1.67462 2.08886 1.49836 1.49592 1.29649 1.27908 1.10637 1.08472 0.813376 0.877078 0.793412 0.553531
threshold=0.45000000000000007 0.45000000000000007 0.80091049820911286 1.2887914082473964 0.43061075532664078 0.78888888888888908 3.3565295847292664 9.5000000000000018 0.9886629510828121 -0.20773769238109616 21.764166666666672 3.0934097592887135 -0.22452503577807634 34.837250000000004
decision_type=2 2 2 2 2 2 2 2 2 2 2 2 2 2
left_child=5 4 3 -3 6 10 -2 13 -4 -9 -1 -12 -6 -7
right_child=1 2 8 -5 12 7 -8 9 -10 -11 11 -13 -14 -15
leaf_value=-0.00036176965479549269 0.00032550789138301471 0.00021346419234280638 -0.00024413730238161127 -0.00075074123185136002 -0.002411468993245511 -0.00037257334068004354 0.0019403341494190842 -0.0025013679496052083 0.00022363605517193894 -0.00089204249811866709 0.00020385428940616722 -0.0012239667218465625 -0.00032164815123628679 0.0014386142934078819
leaf_weight=3035.1076110005379 9392.9616570770741 1337.6015796065331 3025.3992346227169 2649.4337621033192 84.217577308416367 827.84425091743469 204.16796401143074 229.06555807590485 6036.335833966732 783.1293126642704 2638.8456947803497 180.86680781841278 606.86943373084068 69.899982392787933
leaf_count=4613 13806 2052 4606 3977 129 1264 300 342 9054 1155 4090 280 915 113
internal_value=-1.05189e-05 8.35992e-05 -8.30062e-05 -0.00042481 0.000295855 -0.000294627 0.0003613 -0.000781453 6.634e-05 -0.00127032 -0.000133897 0.000107922 -0.000596971 -0.000217552
internal_weight=31101.7 23337 13048.8 3987.04 10288.2 7764.76 9597.13 1909.94 9061.74 1012.19 5854.82 2819.71 691.087 897.744
internal_count=46696 34839 19689 6029 15150 11857 14106 2874 13660 1497 8983 4370 1044 1377
is_linear=0
shrinkage=0.02


Tree=180
num_leaves=13
num_cat=0
split_feature=32 31 36 21 17 21 20 36 17 27 17 41
split_gain=1.21641 2.57827 1.4881 1.31943 2.04297 1.06438 0.944854 0.78416 0.688887 0.838274 0.735831 0.643735
threshold=0.95000000000000007 1.2350380787136284 0.31666666666666671 1.0126592065780822 1.9195434504186952 1.1300136901774021 3.280992722711201 1.9500000000000002 0.96465934324723868 1.0372502201684901 2.466831748314227 0.6064192044790836
decision_type=2 2 2 2 2 2 2 2 2 2 2 2
left_child=7 2 6 11 -5 -4 -2 8 9 -1 -10 -3
right_child=1 3 5 4 -6 -7 -8 -9 10 -11 -12 -13
leaf_value=-0.00044570859219003129 -5.3829536320737816e-05 -0.00026584193770033416 0.00045565075823500445 0.00016694450031991232 -0.001771958993719986 0.0013992776195666723 0.0017010284727989611 -0.00085638619391123093 3.9612145232678002e-05 0.00085908304385381355 -0.00024905947429243518 0.0010760339853935685
leaf_weight=2902.9637445211411 3099.5617454648018 509.64096215367317 3526.761167049408 334.43565955758095 573.85588586330414 569.90307548642159 125.68499585986137 535.04107844829559 13816.613832324743 204.62391832470894 4728.3233181238174 194.3754797577858
leaf_count=4392 4671 796 5216 502 842 820 185 831 20861 303 7012 294
internal_value=-1.98717e-05 0.000176746 0.00033703 -0.000544466 -0.00104827 0.000589981 1.24689e-05 -9.95027e-05 -8.02607e-05 -0.000356079 -3.3469e-05 9.24781e-05
internal_weight=31121.8 8934.22 7321.91 1612.31 908.292 4096.66 3225.25 22187.6 21652.5 3107.59 18544.9 704.016
internal_count=46725 13326 10892 2434 1344 6036 4856 33399 32568 4695 27873 1090
is_linear=0
shrinkage=0.02


Tree=181
num_leaves=14
num_cat=0
split_feature=51 19 22 43 30 6 12 33 51 32 22 24 22
split_gain=1.77333 1.57021 2.14065 1.30842 1.46753 1.28104 1.43461 1.13645 1.06384 0.997448 0.887687 0.769689 0.764797
threshold=1.091664980959681 3.5542796819244225 1.5553529167383202 0.14999999999999999 0.22672758583685251 6.5000000000000009 19.039172125594291 0.19999999999999998 0.89335256418681885 1.8500000000000003 3.217752040631829 0.71808567006099866 0.78151711124168755
decision_type=2 2 2 2 2 2 2 2 2 2 2 2 2
left_child=1 3 12 8 -5 7 -7 11 -1 -9 -4 -2 -3
right_child=5 2 10 4 -6 6 -8 9 -10 -11 -12 -13 -14
leaf_value=-0.00024102342776422057 0.00017398453397379876 0.0012107920139129427 -0.00087244561427589644 3.6327174976202642e-05 -0.00054042770988322849 2.2648619136258593e-05 -0.0022535229739279838 4.9591134049658052e-05 -0.00088278441295254484 0.0021937143328170862 0.0016102622723567117 0.00082924120202186678 0.0044192620781091981
leaf_weight=5091.116658359766 1200.6936941742897 67.422590374946594 161.82690042257309 13907.872177094221 2016.2171550095081 294.9825402200222 167.55483859777451 4677.2403047680855 1323.9810229539871 86.839242190122604 86.8472960293293 1960.8094339370728 78.381008803844452
leaf_count=7692 1791 109 254 20787 2963 422 245 7106 2029 132 137 2932 126
internal_value=-1.94588e-05 -0.000111459 0.00113353 -0.000133991 -3.6129e-05 0.000228657 -0.000786523 0.000289348 -0.000375266 9.16763e-05 0 0.000583812 0.00303972
internal_weight=31121.8 22733.7 394.478 22339.2 15924.1 8388.12 462.537 7925.58 6415.1 4764.08 248.674 3161.5 145.804
internal_count=46725 34097 626 33471 23750 12628 667 11961 9721 7238 391 4723 235
is_linear=0
shrinkage=0.02


Tree=182
num_leaves=14
num_cat=0
split_feature=32 31 15 15 41 15 36 19 6 15 26 12 36
split_gain=1.16207 2.46553 1.62333 1.96889 1.74172 1.55226 1.58913 1.11291 1.3006 0.945893 0.843618 0.740945 0.656536
threshold=0.95000000000000007 1.2350380787136284 10.455381447375135 12.306638701378178 0.61875606849745579 3.7506174022109637 0.31666666666666671 3.0810629760021295 4.5000000000000009 7.0066028187299869 0.18333333333333332 17.593057031283568 0.23611111111111113
decision_type=2 2 2 2 2 2 2 2 2 2 2 2 2
left_child=7 5 4 -4 -3 -2 -7 10 9 -9 12 -12 -1
right_child=1 2 3 -5 -6 6 -8 8 -10 -11 11 -13 -14
leaf_value=-6.6927311590431372e-05 0.0020107177654119647 -0.00041525809331403629 -0.003065007921185975 -0.00062236434052287816 0.0017504979387962746 -6.1729957268846647e-05 0.0005390179083133961 0.0013545104809335792 -0.001646160543199951 0 -0.00041928406948646738 -5.348608029804106e-05 -0.0011730127350161304
leaf_weight=390.93372032046318 213.28090137243271 647.02354943752289 174.33706158399582 600.8583596944809 190.08901661634445 3078.4455913603306 4030.1844911277294 517.68924462795258 91.511027544736862 358.55696955323219 2548.4966865181923 17744.102796643972 536.2754465341568
leaf_count=639 348 991 275 875 293 4619 5925 782 131 590 3801 26616 840
internal_value=-1.90301e-05 0.000173138 -0.000532075 -0.00119104 6.7618e-05 0.000329897 0.000277509 -9.68694e-05 0.000563817 0.000809226 -0.000127522 -9.99553e-05 -0.00071857
internal_weight=31121.8 8934.22 1612.31 775.195 837.113 7321.91 7108.63 22187.6 967.757 876.246 21219.8 20292.6 927.209
internal_count=46725 13326 2434 1150 1284 10892 10544 33399 1503 1372 31896 30417 1479
is_linear=0
shrinkage=0.02


Tree=183
num_leaves=15
num_cat=0
split_feature=33 32 13 41 23 40 34 34 34 13 12 19 19 19
split_gain=1.62737 1.7954 1.62979 1.57014 1.80263 1.46976 1.92352 1.23312 1.11746 1.49029 1.23618 0.874957 1.80473 0.783615
threshold=0.19999999999999998 1.1500000000000001 0.47750086988601309 2.1186902592443979 1.0495717083042897 0.10735549000193741 0.19483812341904164 0.52630807485274522 0.41630649477590792 0.74402264823990738 16.642802263935025 -1.5923194344933804 -1.6644812831917351 -1.3281275272482593
decision_type=2 2 2 2 2 2 2 2 2 2 2 2 2 2
left_child=2 11 3 4 -1 6 -3 -7 9 -4 -10 12 -2 -13
right_child=1 5 8 -5 -6 7 -8 -9 10 -11 -12 13 -14 -15
leaf_value=0.00015791310762554796 -0.00047128368943140142 -0.00046104626789754058 0.0010874171875618118 0.0018904378721270446 -0.00054246488653880254 0.00032935506351858013 0.00069714714217684176 -0.0011491720149947818 0.0032518628764305786 1.5887057586695807e-05 0.00068773523169616147 0.00055897384391646421 -0.0030941207882132804 -0.00020710437682642038
leaf_weight=3865.2766777575016 1946.5685767531395 730.55947443842888 628.99793082475662 159.38771885633469 2358.0856608748436 397.97730004787445 2514.3246622681618 493.99189579486847 79.199761569499969 3045.5109922587872 1871.2502409219742 549.8276019692421 111.04272764921188 12369.783640950918
leaf_count=5476 2913 1148 920 230 3382 621 3662 712 115 4811 2875 828 176 18856
internal_value=-1.86733e-05 -0.000133585 0.000163405 -5.3953e-05 -0.000105949 0.000233944 0.000433186 -0.000479038 0.000411754 0.000202522 0.0008002 -0.000235786 -0.000620552 -0.000173647
internal_weight=31121.8 19114.1 12007.7 6382.75 6223.36 4136.85 3244.88 891.969 5624.96 3674.51 1950.45 14977.2 2057.61 12919.6
internal_count=46725 28916 17809 9088 8858 6143 4810 1333 8721 5731 2990 22773 3089 19684
is_linear=0
shrinkage=0.02


Tree=184
num_leaves=13
num_cat=0
split_feature=48 27 31 13 32 34 12 1 13 20 1 40
split_gain=1.12772 1.2915 1.29316 1.28301 1.1665 1.1301 1.15412 1.21274 1.14968 0.913535 1.0417 0.864427
threshold=1.2500000000000002 0.27004351815783617 1.3223792628035864 0.11387259442214681 0.95000000000000007 0.863733296747493 17.932125293242176 24.950166666666671 2.2092548836962744 -1.9521953908157985 31.539166666666677 -0.12771187623234506
decision_type=2 2 2 2 2 2 2 2 2 2 2 2
left_child=5 -2 4 -4 -3 6 7 -1 -8 10 -7 -11
right_child=1 2 3 -5 -6 9 8 -9 -10 11 -12 -13
leaf_value=-5.7453529792343636e-05 -0.001129649650818125 0.00010394201674655721 -0.0010204060363611226 0.00012253697820966647 0.00058584128385052558 -0.00012653670017338789 -1.1103472059772045e-05 -0.00079691334166861983 0.00068383094056660709 -0.0012282096730719116 0.0021543614286071633 -0.00037981059688953401
leaf_weight=2255.5759471356869 302.93727344274521 5474.5068496465683 645.77496448159218 965.10928872227669 3234.6981645524502 531.88442531228065 12799.035726815462 1496.1815546452999 1024.8389374017715 730.65003591775894 91.163283467292786 1569.4284113943577
leaf_count=3393 494 8250 930 1556 4780 815 19014 2235 1702 1106 134 2316
internal_value=-1.82705e-05 0.000148562 0.000187263 -0.000330146 0.000284166 -0.000105221 -4.40092e-05 -0.000355278 3.9784e-05 -0.000469567 0.000197027 -0.000654492
internal_weight=31121.8 10623 10320.1 1610.88 8709.21 20498.8 17575.6 3751.76 13823.9 2923.13 623.048 2300.08
internal_count=46725 16010 15516 2486 13030 30715 26344 5628 20716 4371 949 3422
is_linear=0
shrinkage=0.02


Tree=185
num_leaves=13
num_cat=0
split_feature=32 34 20 52 2 30 19 52 23 30 1 42
split_gain=1.61924 2.46876 2.22384 1.83861 1.6229 1.2483 1.46513 1.49362 1.25139 1.07136 1.03279 0.872355
threshold=0.45000000000000007 0.23132363433913131 -2.6306399543527905 0.8500000000000002 13.488159722222223 0.51826156997976192 3.0810629760021295 1.0000000180025095e-35 1.2562634629244569 -0.013776633733556398 14.306458333333337 0.75000000000000011
decision_type=2 2 2 2 2 2 2 2 2 2 2 2
left_child=5 4 11 -4 10 6 7 -1 -8 -6 -2 -3
right_child=1 2 3 -5 9 -7 8 -9 -10 -11 -12 -13
leaf_value=0.0020484923618577884 0.00044651523384600151 0.0012138980141986081 0.00057074890739682905 2.0689573241750771e-05 -6.8066960320498207e-05 -0.0025488276442070718 -0.00029184444129379006 -0.0003323018625746576 0.0019202820739568217 -0.00060149436878880619 0.0031168711969410136 4.2236217501908648e-05
leaf_weight=103.93221059441566 355.17685401439667 1126.9540855288506 3032.8791505992413 12428.589557498693 3016.1521253883839 93.046469569206238 172.25314259529114 7155.5676329433918 226.00937893986702 3104.0535262525082 71.175213515758514 351.38980516791344
leaf_count=145 552 1683 4520 18206 4616 143 270 10916 344 4798 108 529
internal_value=-9.22528e-06 7.3166e-05 0.000200964 0.000129294 -0.000255957 -0.00026013 -0.000230358 -0.000296285 0.000941851 -0.000340353 0.000928121 0.000942592
internal_weight=31237.2 23486.4 16939.8 15461.5 6546.56 7750.81 7657.76 7259.5 398.263 6120.21 426.352 1478.34
internal_count=46830 35012 24938 22726 10074 11818 11675 11061 614 9414 660 2212
is_linear=0
shrinkage=0.02


Tree=186
num_leaves=15
num_cat=0
split_feature=32 34 2 1 1 24 24 27 34 35 32 36 36 47
split_gain=1.55541 2.37098 1.56097 1.00293 0.992274 0.953083 1.81808 1.14006 0.954017 0.94831 0.890507 1.00521 0.732481 0.67591
threshold=0.45000000000000007 0.23132363433913131 13.488159722222223 22.424500000000005 14.306458333333337 1.0365788747318077 1.0935962364069411 1.7063952561448363 0.36288832018019751 1.1000000000000003 1.2500000000000002 0.47222222222222227 0.81666666666666676 3.5216972280875196
decision_type=2 2 2 2 2 2 2 2 2 2 2 2 2 2
left_child=5 2 4 -4 -2 9 8 -8 -7 -1 13 -12 -11 -3
right_child=1 10 3 -5 -6 6 7 -9 -10 12 11 -13 -14 -15
leaf_value=-0.00023635724522320849 0.00043763494466170298 0.00010618707755107023 -0.00064517067840541987 -0.00011919371305469384 0.0030562374666327271 5.9096557439404421e-05 0.0001881954176494646 -0.0021373145980625864 0.0030392379083111049 -0.0027367370265497476 0.00098223543252582693 0.00020238255746945114 -0.00072754218252202481 0.00092251507861155981
leaf_weight=5860.7017133831978 355.17685401439667 13707.833856374025 2473.9560793340206 3646.2495723068714 71.175213515758514 74.499507814645767 595.58673742413521 95.529810756444931 128.95889723300934 82.62496879696846 1141.854275405407 1669.8093268871307 912.90719923377037 420.31514012813568
leaf_count=8903 552 20230 3806 5608 108 115 947 160 189 124 1667 2422 1380 619
internal_value=-9.00807e-06 7.17363e-05 -0.000250789 -0.000333583 0.000910358 -0.000254924 0.000353063 -0.000124061 0.00200788 -0.000335789 0.000196985 0.000523118 -0.000909474 0.000131308
internal_weight=31237.2 23486.4 6546.56 6120.21 426.352 7750.81 894.575 691.117 203.458 6856.23 16939.8 2811.66 995.532 14128.1
internal_count=46830 35012 10074 9414 660 11818 1411 1107 304 10407 24938 4089 1504 20849
is_linear=0
shrinkage=0.02


Tree=187
num_leaves=13
num_cat=0
split_feature=32 33 0 46 30 19 30 27 29 19 40 24
split_gain=1.49426 2.10845 3.03332 1.34959 1.19703 1.40811 1.29818 1.06352 0.984059 0.975473 1.00531 0.974759
threshold=0.45000000000000007 0.45000000000000007 13.84048608128291 0.64583333333333337 0.51826156997976192 3.0810629760021295 0.44705926280409009 0.77906296936094732 2.2500000000000004 0.90420464172705028 0.41670485567513604 1.2983031020356519
decision_type=2 2 2 2 2 2 2 2 2 2 2 2
left_child=4 2 3 -2 5 6 -1 -7 -4 10 -3 -11
right_child=1 9 8 -5 -6 7 -8 -9 -10 11 -12 -13
leaf_value=-0.00031296165663331928 0.0012465171143904706 -0.00017685880431684699 0.00021768227519894994 0.0048516712035258916 -0.0024910298821932343 0.00017457560555735101 0.0023978095120619305 0.0024272468953534 0.0024481899478902502 5.7828993929714821e-05 -0.0016700062952233392 0.0011023304682334146
leaf_weight=7190.904185295105 114.86001256108284 9137.9929741322994 10019.120642602444 76.311004281044006 93.046469569206238 270.89723369479179 68.595658242702484 127.36528784036636 78.734141319990158 3475.1716192960739 183.97087129950523 400.20905247330666
leaf_count=10954 159 13648 14775 98 143 406 107 208 108 5347 272 605
internal_value=-8.79925e-06 7.03356e-05 0.000285169 0.00277271 -0.000249838 -0.000220658 -0.000285317 0.000928497 0.000236545 -9.64148e-05 -0.000207751 0.000168786
internal_weight=31237.2 23486.4 10289 191.171 7750.81 7657.76 7259.5 398.263 10097.9 13197.3 9321.96 3875.38
internal_count=46830 35012 15140 257 11818 11675 11061 614 14883 19872 13920 5952
is_linear=0
shrinkage=0.02


Tree=188
num_leaves=10
num_cat=0
split_feature=42 20 2 34 36 2 37 20 1
split_gain=1.32225 1.35032 1.45475 1.32627 1.4655 1.14473 0.945767 0.806565 0.746751
threshold=2.1500000000000008 -3.2208087923914763 17.041916666666669 0.27820700423002737 0.95000000000000007 13.488159722222223 0.080365331272478607 -4.5111070626047427 27.158833333333337
decision_type=2 2 2 2 2 2 2 2 2
left_child=1 2 7 5 -5 -3 -4 -1 -2
right_child=8 3 6 4 -6 -7 -8 -9 -10
leaf_value=0.00036880336723778495 -0.0032287592635752266 0.00056495055599589759 -0.00048826477332679114 0.00015515555922172175 -0.00027419428544316656 -0.00028100806852173279 0.0010427719222755576 -0.0008895293534276255 -0.00042273045320255091
leaf_weight=434.93856826424599 75.957272559404373 678.07086703181267 174.03420427441597 14795.754389047623 4037.4123641550541 9300.0017544031143 1275.875018209219 370.99609261751175 94.138622045516968
leaf_count=665 100 1044 271 21822 6009 14273 1950 571 125
internal_value=-8.5717e-06 7.90924e-07 0.000472103 -3.57947e-05 6.25622e-05 -0.000222416 0.000851693 -0.000198836 -0.00175685
internal_weight=31237.2 31067.1 2255.84 28811.2 18833.2 9978.07 1449.91 805.935 170.096
internal_count=46830 46605 3457 43148 27831 15317 2221 1236 225
is_linear=0
shrinkage=0.02


Tree=189
num_leaves=10
num_cat=0
split_feature=42 20 2 34 14 2 40 34 1
split_gain=1.27285 1.29635 1.39668 1.27349 1.40927 1.0997 0.939893 0.920603 0.716278
threshold=2.1500000000000008 -3.2208087923914763 17.041916666666669 0.27820700423002737 10.500000000000002 13.488159722222223 -0.0056029176068885991 0.05283452210637906 27.158833333333337
decision_type=2 2 2 2 2 2 2 2 2
left_child=1 2 6 5 -5 -3 -1 -4 -2
right_child=8 3 7 4 -6 -7 -8 -9 -10
leaf_value=0.00041068428916356931 -0.0031658407339037208 0.00055368479905563549 -0.0012439345303774149 0.00017705922112715313 -0.00019730184016561697 -0.00027538911250578888 -0.0009507314697565374 0.00095672466328743479 -0.00041445169503317829
leaf_weight=440.75667110085487 75.957272559404373 678.07086703181267 74.940291255712509 13036.764008373022 5796.4027448296547 9300.0017544031143 365.17798978090286 1374.9689312279224 94.138622045516968
leaf_count=662 100 1044 131 19600 8231 14273 574 2090 125
internal_value=-8.41108e-06 7.68924e-07 0.000462573 -3.50716e-05 6.13001e-05 -0.000217947 -0.000194638 0.000834537 -0.00172372
internal_weight=31237.2 31067.1 2255.84 28811.2 18833.2 9978.07 805.935 1449.91 170.096
internal_count=46830 46605 3457 43148 27831 15317 1236 2221 225
is_linear=0
shrinkage=0.02


Tree=190
num_leaves=12
num_cat=0
split_feature=32 31 20 36 13 30 43 44 13 44 13
split_gain=1.9598 1.85635 1.63193 1.38452 1.4962 1.11663 1.09947 2.34697 1.19198 1.08998 1.06235
threshold=1.1500000000000001 1.0511672788872513 -7.4917074892434874 0.15476190476190474 2.6743838263997861 0.025282579988459602 -1.0000000180025095e-35 2.1014000261035615 2.5002656748140279 0.83624549092412137 0.022169094722521255
decision_type=2 2 2 2 2 2 2 2 2 2 2
left_child=2 3 -1 10 -5 -3 7 -4 -8 -7 -2
right_child=1 5 6 4 -6 9 8 -9 -10 -11 -12
leaf_value=0.0025259192145777915 0.00076980362477476155 -0.0012433861927811862 -0.00090019918508578 0.00072868745974652123 0.0034533385985103192 0.0016129332676681634 -6.2339546167988617e-05 0.0012288826273296747 0.00059409884285732673 -0.00017329667394723423 -0.00086888291953159916
leaf_weight=95.488555312156677 259.69823160767555 329.16954997181892 1354.5573142766953 2808.4533832967281 83.504465132951736 156.92576250433922 23199.858150422573 239.08521747589111 1158.3101970553398 948.61634939908981 388.90558499097824
leaf_count=155 373 488 1978 4129 149 244 34693 380 1992 1389 612
internal_value=1.47991e-05 0.000378691 -5.43474e-05 0.00062526 0.000813149 -0.000222852 -6.44206e-05 -0.000573378 -3.0667e-05 7.36748e-05 -0.00019704
internal_weight=31022.6 4975.27 26047.3 3540.56 2891.96 1434.71 25951.8 1593.64 24358.2 1105.54 648.604
internal_count=46582 7384 39198 5263 4278 2121 39043 2358 36685 1633 985
is_linear=0
shrinkage=0.02


Tree=191
num_leaves=13
num_cat=0
split_feature=34 25 43 33 33 17 18 30 20 18 4 20
split_gain=1.50439 1.5333 1.4151 1.36754 1.60142 1.22616 1.18175 1.17958 0.897533 0.962268 0.876121 0.602277
threshold=0.2698979714233149 2.6333333333333337 -1.0000000180025095e-35 0.45000000000000007 -0.6499999999999998 1.8503658149492803 1.5562889677745402 0.16150689832381335 0.9658476063501561 0.73322595998167139 39.788217210684657 1.7936520306230241
decision_type=2 2 2 2 2 2 2 2 2 2 2 2
left_child=3 2 5 4 6 -2 -1 -6 9 -5 -4 -10
right_child=1 -3 10 8 7 -7 -8 -9 11 -11 -12 -13
leaf_value=-0.0020974554508228983 -0.00098608834496473319 0.0022328930234220739 0.00029983597893882885 0.0015084630259534406 0.00018850930239623886 6.8156364831792004e-05 -4.4810376748770425e-05 -0.00046638292359184075 0.00065765041566907367 -0.00079953921816264934 2.3623956145529184e-05 -0.0003884705758954892
leaf_weight=247.5811887383461 851.85148611664772 134.20413321256638 8563.1543915271759 69.917067259550095 5367.1492086648941 878.92339193820953 222.57379299402237 1377.6958387196064 352.27150148153305 2285.8336013257504 10092.359433591366 579.05772587656975
leaf_count=340 1261 185 12720 119 8170 1300 338 2093 553 3659 14933 911
internal_value=1.45195e-05 0.00011445 9.97964e-05 -0.000179773 -2.42318e-05 -0.000445489 -0.00115121 5.31608e-05 -0.000517916 -0.000725576 0.000150964 0
internal_weight=31022.6 20520.5 20386.3 10502.1 7215 1730.77 470.155 6744.85 3287.08 2355.75 18655.5 931.329
internal_count=46582 30399 30214 16183 10941 2561 678 10263 5242 3778 27653 1464
is_linear=0
shrinkage=0.02


Tree=192
num_leaves=11
num_cat=0
split_feature=32 34 13 20 20 43 44 13 20 20
split_gain=1.88039 1.88347 1.69464 1.75119 1.56913 1.01513 2.23146 1.14503 0.555863 1.04712
threshold=1.1500000000000001 0.21563260988876889 2.6743838263997861 0.46413514303382369 -7.4917074892434874 -1.0000000180025095e-35 2.1014000261035615 2.5002656748140279 -2.9314428886947783 -0.30316024298279481
decision_type=2 2 2 2 2 2 2 2 2 2
left_child=4 8 3 -3 -1 6 -6 -7 -2 -10
right_child=1 2 -4 -5 5 7 -8 -9 9 -11
leaf_value=0.002476583862796805 0.0010283387067457272 0.00021747154388210066 0.003060980881819711 0.0011664669411249459 -0.00087127193443571811 -6.1977861895920025e-05 0.0012045648964091828 0.00058137989094813691 -0.00138616149364106 -1.9570532800649334e-05
leaf_weight=95.488555312156677 101.11331659555435 2611.4118953645229 106.89484223723412 1129.4322115182877 1354.5573142766953 23199.858150422573 239.08521747589111 1158.3101970553398 343.63858112692833 682.78248006105423
leaf_count=155 173 3829 185 1607 1978 34693 380 1992 536 1054
internal_value=1.42293e-05 0.000370679 0.000582233 0.000507133 -5.34951e-05 -6.33798e-05 -0.000552459 -3.09284e-05 -0.000342156 -0.000488625
internal_weight=31022.6 4975.27 3847.74 3740.84 26047.3 25951.8 1593.64 24358.2 1127.53 1026.42
internal_count=46582 7384 5621 5436 39198 39043 2358 36685 1763 1590
is_linear=0
shrinkage=0.02


Tree=193
num_leaves=12
num_cat=0
split_feature=32 34 15 20 20 30 43 44 29 30 51
split_gain=1.80639 1.8099 1.86826 1.79962 1.50827 1.41336 0.974397 2.1441 0.929645 0.892443 0.734717
threshold=1.1500000000000001 0.21563260988876889 6.9668703791250941 -0.63629488673434398 -7.4917074892434874 0.065281697870882407 -1.0000000180025095e-35 2.1014000261035615 2.2500000000000004 0.094952325256266512 0.46466302427975265
decision_type=2 2 2 2 2 2 2 2 2 2 2
left_child=4 9 5 -4 -1 -3 7 -6 -8 10 -2
right_child=1 2 3 -5 6 -7 8 -9 -10 -11 -12
leaf_value=0.0024280683712327852 -0.00090920055164600208 0.00081693773248072885 -0.00042437408833473269 0.00065321982931503388 -0.00085387217264572019 0.0029294917283537226 -3.7492515459762018e-05 0.001180673441893204 0.0022156469286192522 -0.0011738208245103809 0.00043582773295866009
leaf_weight=95.488555312156677 227.11949878931046 360.65537697076797 815.41129636764526 2458.4018664062023 1354.5573142766953 213.27040937542915 24286.81844124198 239.08521747589111 71.349906235933304 348.76978197693825 551.64509701728821
leaf_count=155 355 552 1185 3559 1978 325 36584 380 101 549 859
internal_value=1.39672e-05 0.000363338 0.000570739 0.000381675 -5.24047e-05 0.00162677 -6.21032e-05 -0.000541276 -3.03008e-05 -0.000335326 2.94305e-05
internal_weight=31022.6 4975.27 3847.74 3273.81 26047.3 573.926 25951.8 1593.64 24358.2 1127.53 778.765
internal_count=46582 7384 5621 4744 39198 877 39043 2358 36685 1763 1214
is_linear=0
shrinkage=0.02


Tree=194
num_leaves=7
num_cat=0
split_feature=25 5 20 4 0 51
split_gain=1.33617 2.35585 1.34594 0.957925 1.15346 1.14861
threshold=2.5500000000000003 44.987507598307303 -7.4917074892434874 30.300170388873106 16.007411175585002 2.0170232383208924
decision_type=2 2 2 2 2 2
left_child=2 -2 -1 4 -4 -5
right_child=1 -3 3 5 -6 -7
leaf_value=0.0022548461206868694 0.0031640973848535963 -0.00063130608329982644 -0.00086987075861847611 5.9870736643224353e-05 -0.00010622492819360157 -0.0011028509115605567
leaf_weight=103.681545317173 141.53009882569313 112.46331816911697 988.85683840513229 25179.460026055574 4154.7521295547485 341.82880511879921
leaf_count=169 196 160 1493 37669 6309 586
internal_value=1.37037e-05 0.0014527 1.40615e-06 -6.03346e-06 -0.00025526 4.38204e-05
internal_weight=31022.6 253.993 30768.6 30664.9 5143.61 25521.3
internal_count=46582 356 46226 46057 7802 38255
is_linear=0
shrinkage=0.02


Tree=195
num_leaves=14
num_cat=0
split_feature=33 6 13 17 32 53 13 23 15 12 30 15 39
split_gain=1.6556 1.29512 1.23754 1.69348 1.23413 1.10522 1.09437 0.992405 0.931815 0.90648 0.99673 0.698945 0.577928
threshold=0.19999999999999998 5.5000000000000009 2.5002656748140279 2.2837089586585853 1.2500000000000002 -0.84999999999999987 2.7069047619047626 1.4146639793090079 10.17282738147013 19.544401054378511 -0.0099339714195587486 21.228868208866555 0.75000000000000011
decision_type=2 2 2 2 2 2 2 2 2 2 2 2 2
left_child=1 2 5 -4 8 -1 7 -6 12 10 -3 -10 -2
right_child=4 9 3 -5 6 -7 -8 -9 11 -11 -12 -13 -14
leaf_value=-0.0018176583932626126 -1.4781273723656247e-05 -0.00010961380845203569 0.0019577514600009147 -0.00039673663811611276 4.6287037514081474e-05 0.00021151241798317448 0.002217930819147436 0.001280681296716526 -0.00048519499498897607 0.00086396508742567213 -0.0016769454025103909 0.0005003929492649222 -0.00038741705013722725
leaf_weight=105.54731824994087 8483.5337328612804 347.0915402173996 362.33708211779594 173.45312207937241 3337.229008436203 10517.840973347425 103.97924855351448 282.83374872803688 4638.9777168929577 135.24190354347229 329.80133965611458 295.34017819166183 2089.199066221714
leaf_count=195 13071 492 618 285 4882 15450 184 460 6900 199 465 436 3152
internal_value=-2.46846e-06 0.000181834 0.000238619 0.00117829 -0.000117723 0.000190072 0.000207834 0.000146144 -0.000196568 -0.0005848 -0.000890682 -0.000423999 -8.94201e-05
internal_weight=31202.4 11971.3 11159.2 535.79 19231.1 10623.4 3724.04 3620.06 15507.1 812.135 676.893 4934.32 10572.7
internal_count=46789 17704 16548 903 29085 15645 5526 5342 23559 1156 957 7336 16223
is_linear=0
shrinkage=0.02


Tree=196
num_leaves=11
num_cat=0
split_feature=19 20 23 42 27 17 34 34 51 17
split_gain=2.80939 1.4586 1.38172 1.41624 1.22834 1.00874 0.976457 0.949966 0.884566 0.793228
threshold=1.1659408786102772 4.1271819338291982 0.45446102336751976 1.4500000000000002 2.3865142105686705 1.3598091243607808 0.22866521247359242 0.76819023555942056 2.4511752152115132 1.1950813092736776
decision_type=2 2 2 2 2 2 2 2 2 2
left_child=1 4 5 8 6 -2 -1 9 -4 -3
right_child=2 7 3 -5 -6 -7 -8 -9 -10 -11
leaf_value=-0.0003596801910647276 -0.00016232489801657843 0.0023486728119381352 0.00045634000134073905 -0.0011668219370491568 0.0019484753314561207 -0.0032228774545128838 -6.6116335304285492e-05 -0.00070296591592431399 -0.0015559751571488194 0.00062609475184186763
leaf_weight=6294.7938028872013 130.32144442200661 166.14372509717941 7009.8403680324554 224.125867664814 109.80047568678856 68.759672999382019 16620.162776082754 124.36456981301308 84.390816181898117 369.70246022939682
leaf_count=9630 203 245 10752 315 147 102 24508 180 159 548
internal_value=-2.40987e-06 -0.000109646 0.000334065 0.00037997 -0.000136623 -0.00129067 -0.00014722 0.000813647 0.000430561 0.00118554
internal_weight=31202.4 23685 7517.44 7318.36 23024.8 199.081 22915 660.211 7094.23 535.846
internal_count=46789 35258 11531 11226 34285 305 34138 973 10911 793
is_linear=0
shrinkage=0.02


Tree=197
num_leaves=15
num_cat=0
split_feature=33 3 44 44 14 20 17 3 43 52 13 26 24 26
split_gain=1.59253 1.82804 1.90904 1.7914 1.74428 1.46598 1.36368 1.23775 1.54074 1.38068 1.1617 1.04192 0.833909 0.644787
threshold=0.19999999999999998 42.815713426761526 1.5088941596001486 2.0099588855437154 11.500000000000002 4.1271819338291982 3.4101832604449229 49.953351756989569 0.65000000000000013 0.8500000000000002 2.117786268343933 0.11805555555555557 0.87050540166102452 1.3166666666666669
decision_type=2 2 2 2 2 2 2 2 2 2 2 2 2 2
left_child=1 2 11 -4 6 7 -3 9 -9 -2 12 -1 -7 -6
right_child=5 4 3 -5 13 10 -8 8 -10 -11 -12 -13 -14 -15
leaf_value=0.0020952073243311084 8.6827742091556906e-05 0 0.0016590028226556844 -0.00043801906964717946 -0.00065078890742113174 7.9002594805291352e-05 0.002287874192201866 2.8409085840598158e-05 0.0026518118939036018 -0.00029013740023787755 0.0030881839290299007 0.00021464965183291024 0.0020121681563820821 -0.0021324936895610884
leaf_weight=119.88383334875107 5569.5188010632992 4265.5735576152802 768.12738090753555 196.87642696499825 676.05509486794472 470.11625781655312 104.78406515717506 276.53919678926468 136.36891838908195 12588.316209971905 78.185850918292999 5686.0603231787682 112.04746493697166 153.95259717106819
leaf_count=178 8573 6504 1182 293 979 713 152 469 197 18847 123 8196 163 220
internal_value=-2.37687e-06 0.000178375 0.000395226 0.00122081 -0.000102089 -0.000115421 5.55156e-05 -0.000148837 0.000927534 -0.000173964 0.000806839 0.00025591 0.000473807 -0.000942105
internal_weight=31202.4 11971.3 6770.95 965.004 5200.37 19231.1 4370.36 18570.7 412.908 18157.8 660.35 5805.94 582.164 830.008
internal_count=46789 17704 9849 1475 7855 29085 6656 28086 666 27420 999 8374 876 1199
is_linear=0
shrinkage=0.02


Tree=198
num_leaves=14
num_cat=0
split_feature=19 23 42 30 46 52 44 17 44 34 51 44 3
split_gain=2.69195 1.3303 1.3554 1.19801 1.05929 1.04908 1.69365 0.967092 0.936605 0.900502 1.0096 0.922605 0.533494
threshold=1.1659408786102772 0.45446102336751976 1.4500000000000002 -0.060150249070251294 0.95000000000000007 0.8500000000000002 1.9257301712049169 1.3598091243607808 1.0890023884057156 0.2698979714233149 0.91296556739960244 1.3131004681813916 35.669299856816245
decision_type=2 2 2 2 2 2 2 2 2 2 2 2 2
left_child=3 7 4 5 -3 8 -7 -2 -1 11 -11 -5 -4
right_child=1 2 12 9 -6 6 -8 -9 -10 10 -12 -13 -14
leaf_value=0.00010001083607704867 -0.00016033701674868339 8.6344664653693776e-05 1.2019777343237749e-05 -0.00023868945897862731 0.0006026741842716886 -0.00026613105129697612 0.00039415858918013039 -0.0031591389465474586 0.00086667669505070279 -0.00029022409555544979 0.00013992706865830192 -0.00083994560391297175 -0.0018872948895118041
leaf_weight=1766.5154320597649 130.32144442200661 2507.4048459231853 83.599427968263626 2838.341639906168 4586.8263382911682 5200.000449180603 2207.368478000164 68.759672999382019 1028.1381689608097 5327.7495538890362 3659.1900999546051 1657.6639878451824 140.52643969655037
leaf_count=2565 203 3781 117 4326 7130 7720 3216 102 1637 7880 5385 2529 198
internal_value=-2.27177e-06 0.000327089 0.000372151 -0.000107249 0.000421666 5.54776e-05 -6.79643e-05 -0.00126693 0.000386057 -0.00023111 -0.000113976 -0.000462869 -0.00114078
internal_weight=31202.4 7517.44 7318.36 23685 7094.23 10202 7407.37 199.081 2794.65 13482.9 8986.94 4496.01 224.126
internal_count=46789 11531 11226 35258 10911 15138 10936 305 4202 20120 13265 6855 315
is_linear=0
shrinkage=0.02


Tree=199
num_leaves=14
num_cat=0
split_feature=19 40 23 40 44 20 30 24 3 40 17 30 13
split_gain=2.58464 2.43198 1.74307 1.71877 1.63516 1.38937 1.43725 1.3657 1.04756 1.00775 0.830608 0.646428 0.804723
threshold=1.1659408786102772 0.10972056477905132 0.43359647998844847 0.41670485567513604 1.1491493098512036 4.1271819338291982 0.13519365353240673 1.6109850420111682 34.996153322199234 0.37443931819798071 1.1534362088326808 0.14953286775022448 0.37411296305807357
decision_type=2 2 2 2 2 2 2 2 2 2 2 2 2
left_child=3 2 10 5 -4 6 -1 9 -7 -3 -2 12 -5
right_child=1 7 4 11 -6 8 -8 -9 -10 -11 -12 -13 -14
leaf_value=-2.8553489445387183e-05 -1.6665246171212963e-06 -0.0003259516991170732 0.00023792097926122419 -0.0008719893942231179 0.00095637564639034574 0.0015679996113262967 -0.00042359720837659962 -0.002872166740150403 -1.8896608418563584e-05 0.00087294529459545271 -0.0031750393489392587 0 -0.003195995171965625
leaf_weight=18039.520409345627 75.126475244760513 1798.8901880383492 2480.1799316704273 151.64296129345894 2694.0202687680721 349.1198770403862 4649.5288265049458 74.238167434930801 292.97825127840042 327.51479747891426 67.468340665102005 81.828877657651901 120.34860667586327
leaf_count=26904 118 2756 3736 216 4184 517 6882 128 429 509 100 124 186
internal_value=-2.22588e-06 0.000320497 0.000552433 -0.000105096 0.000614151 -8.35953e-05 -0.000109978 -0.000235319 0.00083059 -0.000135949 -0.00159545 -0.00148634 -0.00195262
internal_weight=31202.4 7517.44 5316.8 23685 5174.2 23331.1 22689 2200.64 642.098 2126.4 142.595 353.82 271.992
internal_count=46789 11531 8138 35258 7920 34732 33786 3393 946 3265 218 526 402
is_linear=0
shrinkage=0.02


Tree=200
num_leaves=15
num_cat=0
split_feature=32 33 31 52 22 12 15 24 17 42 12 12 33 52
split_gain=1.36237 1.73011 1.72434 2.06942 1.51915 1.50432 1.4892 1.72205 1.46869 1.42158 1.33058 1.28048 0.897502 0.802972
threshold=0.95000000000000007 -0.24999999999999992 0.97676087990082083 0.8500000000000002 -1.7015130864349783 19.119646208256057 8.9194458657408369 0.63776063707363917 3.1854112307112969 0.55000000000000016 19.853538219097992 19.338957048606854 -0.74999999999999989 1.1500000000000001
decision_type=2 2 2 2 2 2 2 2 2 2 2 2 2 2
left_child=1 9 3 5 -5 -2 7 -3 10 12 -4 -10 -1 -11
right_child=2 6 8 4 -6 -7 -8 -9 11 13 -12 -13 -14 -15
leaf_value=-0.00078295513522464528 0.00078912343425444119 -0.00024832079349192642 -0.00044926403756801071 -0.00057978369061878335 0.00040293278567954686 0.0029260593857922007 -0.00040856481879826317 0.00028519639876314418 0.0020036351968117693 0.0023290244857153944 0.0012286211116310241 -0.00086566985720686474 0.00021407597490935668 0.00056605627224999729
leaf_weight=391.76287159323692 449.69405990839005 5938.5496681034565 2599.8137600421906 722.36321175098419 4494.7128751277924 198.95855093002319 7193.9966453909874 4075.2909439504147 208.00002098083496 183.32910889387131 199.25200718641281 81.401008397340775 4023.1751729547977 284.69097530841827
leaf_count=563 676 9146 3886 1065 6729 306 10863 6153 300 260 294 117 5815 408
internal_value=-9.71964e-06 -9.43769e-05 0.000197995 0.000399875 0.000264778 0.00146693 -0.000188983 -3.01855e-05 -0.000182197 0.000236914 -0.000325461 0.00116185 0.000123025 0.00128488
internal_weight=31045 22090.8 8954.2 5865.73 5217.08 648.653 17207.8 10013.8 3088.47 4882.96 2799.07 289.401 4414.94 468.02
internal_count=46581 33208 13373 8776 7794 982 26162 15299 4597 7046 4180 417 6378 668
is_linear=0
shrinkage=0.02


Tree=201
num_leaves=15
num_cat=0
split_feature=33 31 15 52 43 12 33 20 22 43 33 23 15 20
split_gain=1.31616 1.81168 1.44149 2.4272 1.53707 1.1315 1.10159 1.62931 1.04722 1.04408 0.993786 0.889775 0.808826 0.632144
threshold=0.19999999999999998 1.2448606937639328 16.781763474973737 1.0500000000000003 0.25000000000000006 17.542410464089325 -1.0000000180025095e-35 -2.5156136403670479 -1.6047928378755081 -0.34999999999999992 -0.74999999999999989 1.1657403604722005 4.6525081744758809 0.59353347348077545
decision_type=2 2 2 2 2 2 2 2 2 2 2 2 2 2
left_child=1 5 3 4 -2 11 12 -8 -5 -4 -7 -1 -3 -11
right_child=2 6 9 8 -6 10 7 -9 -10 13 -12 -13 -14 -15
leaf_value=0 -0.00022866419375199465 0.00061838778912635039 0.0023270298313735438 -0.00099041417563897147 0.00031870152686035163 -0.00077252401213738725 0.0031483797051577991 -6.4836160333232125e-05 -0.00031832266211723588 0.00013474861189913655 0.00039285141636160144 -0.0013080809147879963 -0.00091864810888467926 0.0012684620621039487
leaf_weight=955.59767714142799 3684.9540036320686 145.96050176024437 106.36463469266891 1073.8674084246159 4600.8210226893425 296.0184081196785 66.323671191930771 768.60808193683624 7819.5369756221771 1572.5584023594856 8306.0446378588676 268.05177596211433 1151.540835082531 228.7428440451622
leaf_count=1391 5723 210 147 1602 6937 422 104 1171 11879 2275 12318 395 1685 322
internal_value=-9.48994e-06 0.000154665 -0.000112864 -0.000171203 7.40671e-05 0.000269938 -0.000371553 0.000185374 -0.000400805 0.000406891 0.000351415 -0.000294317 -0.000737361 0.000285509
internal_weight=31045 11958.1 19086.8 17179.2 8285.78 9825.71 2132.43 834.932 8893.4 1907.67 8602.06 1223.65 1297.5 1801.3
internal_count=46581 17696 28885 26141 12660 14526 3170 1275 13481 2744 12740 1786 1895 2597
is_linear=0
shrinkage=0.02


Tree=202
num_leaves=15
num_cat=0
split_feature=32 53 22 22 35 17 17 24 17 50 23 35 50 50
split_gain=1.30195 1.46385 1.21888 1.24498 1.15055 2.13899 1.10231 0.957011 1.15448 1.11569 0.857575 0.835945 0.869334 0.693893
threshold=0.95000000000000007 -0.14999999999999994 -1.6047928378755081 -2.8960111257956211 0.36666666666666675 2.3205943893006697 3.3356991799618543 0.26004898660586434 2.466831748314227 -0.39735295943160759 0.75038061972880821 0.29166666666666669 0.29870337111331441 0.23314645089319083
decision_type=2 2 2 2 2 2 2 2 2 2 2 2 2 2
left_child=7 4 3 -3 10 -6 -4 11 9 -9 -2 12 -1 -10
right_child=1 2 6 -5 5 -7 -8 8 13 -11 -12 -13 -14 -15
leaf_value=0.00020170011848139494 -0.0011637300550743884 0.00084387364998130389 0.00015578959950166799 -0.00085635509208706133 0.0024593490645613033 -0.00036959731224599733 0.0015680083042123886 0.00078133928445620645 -0.00018441368167532751 -1.4403834080543356e-05 0.0007801099523218959 -0.0011214146464235016 -0.002365240285942408 -0.00073576798961382027
leaf_weight=500.80398243665695 128.62483760714531 207.58712157607079 6742.7913784086704 866.66418671607971 348.00146192312241 145.00711420178413 228.80108177661896 736.10734516382217 3602.9519384205341 15276.254457831383 286.71831211447716 656.82914537191391 56.743466049432755 1261.1050509214401
leaf_count=896 189 296 10067 1281 530 238 318 1133 5335 22728 454 1145 100 1871
internal_value=-9.29387e-06 0.000193755 0.00010632 -0.000517556 0.000955304 0.00160895 0.000204008 -9.20597e-05 -5.97511e-05 2.1646e-05 0.000151482 -0.000638246 -4.91947e-05 -0.000329662
internal_weight=31045 8954.2 8045.84 1074.25 908.352 493.009 6971.59 22090.8 20876.4 16012.4 415.343 1214.38 557.547 4864.06
internal_count=46581 13373 11962 1577 1411 768 10385 33208 31067 23861 643 2141 996 7206
is_linear=0
shrinkage=0.02


Tree=203
num_leaves=8
num_cat=0
split_feature=42 6 53 20 20 51 23
split_gain=1.07644 0.96479 1.30449 1.20571 1.12028 0.880538 0.667653
threshold=2.1500000000000008 5.5000000000000009 1.4500000000000002 -1.0662990071510554 -7.4917074892434874 1.113296972938991 0.98335402807442651
decision_type=2 2 2 2 2 2 2
left_child=1 4 3 -3 -1 -6 -2
right_child=6 2 -4 -5 5 -7 -8
leaf_value=0.0021658410157257232 -0.0030501015918674062 -0.00104373475898569 -0.0019966886743218682 6.0866647552530663e-05 -4.3005404914057889e-05 0.00021019061484737659 -0.00027879493808599068
leaf_weight=95.947378516197205 72.557973444461823 546.16085946559906 189.31639441847801 1364.5535493195057 21305.22662422061 7388.468610316515 82.759490817785263
leaf_count=149 100 815 271 1970 32032 11134 110
internal_value=-9.10802e-06 -3.79928e-07 -0.00041434 -0.000250407 2.94954e-05 2.18528e-05 -0.00165932
internal_weight=31045 30889.7 2100.03 1910.71 28789.6 28693.7 155.317
internal_count=46581 46371 3056 2785 43315 43166 210
is_linear=0
shrinkage=0.02


Tree=204
num_leaves=10
num_cat=0
split_feature=52 50 46 22 23 50 23 17 51
split_gain=1.04845 1.26027 1.31287 1.1217 1.23034 1.35927 0.955736 0.902006 0.63742
threshold=0.8500000000000002 0.66194829453170623 1.5634920634920637 -3.9734998396232415 0.80091049820911286 -0.035938177591192944 1.1256831332930488 0.83689831115747171 1.4375800013828128
decision_type=2 2 2 2 2 2 2 2 2
left_child=1 2 6 -2 5 -5 -1 -6 -4
right_child=3 -3 8 4 7 -7 -8 -9 -10
leaf_value=0.00024570321372138391 0.0019940748609844948 -0.0020714816319431528 0.00058532796926240207 -1.1673701442249355e-05 -0.00078316599321925136 -0.00059715699544165592 -0.00024823341128165483 3.2308386165778665e-05 0.0019371438832072071
leaf_weight=4961.0011538267136 101.15652719140053 95.972858250141144 1312.1341234147549 3013.2548877000809 560.64850643277168 3432.6503386199474 2272.40162307024 15130.677309453487 165.09355255961418
leaf_count=7362 147 152 2123 4505 857 5084 3419 22659 273
internal_value=-8.93742e-06 0.000175371 0.000201745 -8.23842e-05 -9.25036e-05 -0.000325102 8.91233e-05 2.43831e-06 0.000745581
internal_weight=31045 8806.6 8710.63 22238.4 22137.2 6445.91 7233.4 15691.3 1477.23
internal_count=46581 13329 13177 33252 33105 9589 10781 23516 2396
is_linear=0
shrinkage=0.02


Tree=205
num_leaves=14
num_cat=0
split_feature=30 23 30 42 47 37 51 47 43 23 32 37 30
split_gain=1.7662 1.80981 1.79425 1.57857 1.40834 1.19125 1.19048 1.15546 1.19413 1.10552 1.38178 1.07955 0.859758
threshold=-0.14891664929251827 0.45446102336751976 -0.14117852197043043 0.25000000000000006 3.5216972280875196 0.0085395977026867017 0.81047705407315951 1.4693670599618207 0.19999999999999998 0.87856238143539822 0.45000000000000007 0.16994737258279421 0.10671383705682937
decision_type=2 2 2 2 2 2 2 2 2 2 2 2 2
left_child=5 7 3 -3 -4 6 -1 8 -2 11 -11 -7 -9
right_child=1 2 4 -5 -6 9 -8 12 -10 10 -12 -13 -14
leaf_value=-0.0026239671496144489 -0.0013249109782788187 0.00036764752038915535 -6.3587050136912552e-05 -0.0024923532089359299 0.00087361184437013658 0.0011877359454285942 0.00068805324911095321 -0.001160511989367256 -0.00010526350292722382 -0.00073377287784418444 0.00024718949122664875 0.00034472311757715614 -0.0038367411463173184
leaf_weight=110.20086878538132 474.13701170682907 108.98557046055794 21338.443057924509 220.30653694272041 658.38720697164536 818.93015196919441 63.19064474105835 202.98246639966965 1052.1269194185734 721.90916404128075 2758.3193517625332 2597.7257183790207 71.882849961519241
leaf_count=178 722 166 32003 323 972 1223 103 305 1605 1126 4175 3807 112
internal_value=-2.54381e-05 -0.000107192 -5.74753e-05 -0.00151909 -3.50043e-05 0.000252085 -0.00136584 -0.000717172 -0.000491931 0.000294594 4.05307e-05 0.000550285 -0.00191918
internal_weight=31197.5 24127.3 22326.1 329.292 21996.8 7070.28 173.392 1801.13 1526.26 6896.88 3480.23 3416.66 274.865
internal_count=46820 36208 33464 489 32975 10612 281 2744 2327 10331 5301 5030 417
is_linear=0
shrinkage=0.02


Tree=206
num_leaves=12
num_cat=0
split_feature=30 23 30 42 26 44 43 15 23 15 20
split_gain=1.69687 1.74063 1.72234 1.51816 1.35488 1.18479 1.14665 1.06949 1.26197 1.58846 1.51951
threshold=-0.14891664929251827 0.45446102336751976 -0.14117852197043043 0.25000000000000006 1.6125000000000003 1.776939204715615 0.14999999999999999 23.102652948081236 0.87856238143539822 3.3166448267661655 3.1207842314028782
decision_type=2 2 2 2 2 2 2 2 2 2 2
left_child=7 5 3 -3 -4 6 -2 8 9 -1 -10
right_child=1 2 4 -5 -6 -7 -8 -9 10 -11 -12
leaf_value=0.0027475023100747287 -0.001336006316472202 0.00036042708058661791 -7.1678737394999852e-05 -0.002442954603186301 0.00063136639570953248 -0.0025071989287893939 -0.00018659489306741697 0.0020481303540457519 4.7941148137179092e-05 0.00039617694334199527 -0.0016976030363868057
leaf_weight=118.94410383701324 512.30771377682686 108.98557046055794 20843.04171833396 220.30653694272041 1153.7885465621948 135.80721655488014 1153.0143171548843 128.75396507978439 3254.6028496026993 3357.9027600586414 210.07222110033035
leaf_count=181 781 166 31303 323 1672 205 1758 206 4957 4958 310
internal_value=-2.49468e-05 -0.000105086 -5.63192e-05 -0.00148836 -3.42937e-05 -0.000703304 -0.000547368 0.000247066 0.000211639 0.000481024 -5.59294e-05
internal_weight=31197.5 24127.3 22326.1 329.292 21996.8 1801.13 1665.32 7070.28 6941.52 3476.85 3464.68
internal_count=46820 36208 33464 489 32975 2744 2539 10612 10406 5139 5267
is_linear=0
shrinkage=0.02


Tree=207
num_leaves=14
num_cat=0
split_feature=30 13 1 22 37 51 27 13 22 19 24 1 13
split_gain=1.63067 1.38326 1.31099 1.36467 1.14394 1.14645 1.10114 1.01869 1.0064 0.95926 1.48191 0.630806 0.606582
threshold=-0.14891664929251827 2.2092548836962744 38.674666666666674 0.34086650315681322 0.0085395977026867017 0.81047705407315951 1.9223391352074402 2.5237157855268095 -0.5325894570615709 -0.66066054846490718 1.1062499404573429 37.444166666666668 2.9425664870156116
decision_type=2 2 2 2 2 2 2 2 2 2 2 2 2
left_child=4 2 6 -4 5 -1 -2 8 -6 10 -3 -11 -9
right_child=1 9 3 -5 7 -7 -8 12 -10 11 -12 -13 -14
leaf_value=-0.0025781264461534688 -0.00018767485147856366 0.0006984865314563517 -0.00048340697017448879 0.0021247508203083884 0.00047754623017825696 0.00066998812306681807 0.00079942140092263724 0.0024039755231552769 -1.2780806692308752e-05 0.00027922579481363469 0.0040146372470842668 -0.00147604089076467 0.00042881682520004143
leaf_weight=110.20086878538132 21458.140996187925 336.9902406334877 122.88202530145645 201.02954897284508 3322.7416290938854 63.19064474105835 456.26074829697609 140.60749503970146 3295.3619418442249 1402.4391539692879 65.797902435064316 83.711003988981247 138.17332017421722
leaf_count=178 31960 546 184 303 4916 103 643 238 4919 2330 99 143 258
internal_value=-2.4444e-05 -0.00010301 -0.000147487 0.00110772 0.000242202 -0.00134323 -0.000166596 0.000283888 0.000231956 0.00041493 0.00128206 0.000171786 0.00147066
internal_weight=31197.5 24127.3 22238.3 323.912 7070.28 173.392 21914.4 6896.88 6618.1 1888.94 402.788 1486.15 278.781
internal_count=46820 36208 33090 487 10612 281 32603 10331 9835 3118 645 2473 496
is_linear=0
shrinkage=0.02


Tree=208
num_leaves=15
num_cat=0
split_feature=24 27 6 27 32 47 27 24 47 20 20 0 1 2
split_gain=1.3971 1.61738 1.18971 1.8632 1.23727 1.18211 0.978492 2.24193 1.371 1.14501 1.13412 1.59219 1.20752 0.966956
threshold=0.9160298676566283 0.84492602180755538 1.5000000000000002 1.4102967503030166 0.45000000000000007 3.0137442058274964 0.77489324222281741 0.71063848983242528 3.3864405921969554 5.7936770156728761 0.064490763000833326 20.561288322003836 33.500333333333337 16.710895833333336
decision_type=2 2 2 2 2 2 2 2 2 2 2 2 2 2
left_child=6 5 3 -3 -4 13 7 9 -9 -1 11 -8 -12 -2
right_child=1 2 4 -5 -6 -7 10 8 -10 -11 12 -13 -14 -15
leaf_value=-0.00018461732743445513 -0.00059862386821546442 -0.0010008391403661077 -0.00045403900186499746 0.00053262531445205164 0.00026355521911143815 -0.001064836983729621 0.00018793578831719545 0.00036775710662531076 0.0029892332709949977 0.0015067248839381933 -0.0002476406891506044 -0.00097759044917183251 0.0010055157435528222 0.0013088272033090543
leaf_weight=12322.211236774921 111.49764454364777 906.61699005961418 1099.5844011902809 475.79360082745552 7158.3330289721489 106.787921667099 614.75165638327599 2958.7313593924046 81.428269267082214 159.06643089652061 2135.0882661044598 1800.362467944622 356.14056897163391 911.13367646932602
leaf_count=18797 178 1322 1686 667 10417 153 900 4469 125 237 3139 2733 553 1444
internal_value=-2.39139e-05 0.000159996 7.48871e-05 -0.000465826 0.000166706 0.000876201 -0.000121369 -4.27975e-05 0.000443177 -0.000162023 -0.000367777 -0.000676866 -6.38185e-05 0.00109034
internal_weight=31197.5 10769.7 9640.33 1382.41 8257.92 1129.42 20427.8 15521.4 3040.16 12481.3 4906.34 2415.11 2491.23 1022.63
internal_count=46820 15867 14092 1989 12103 1775 30953 23628 4594 19034 7325 3633 3692 1622
is_linear=0
shrinkage=0.02


Tree=209
num_leaves=12
num_cat=0
split_feature=30 23 30 42 26 44 43 16 24 23 44
split_gain=1.54278 1.66453 1.65639 1.46139 1.24793 1.13961 1.09914 1.05521 1.08174 0.866891 0.856761
threshold=-0.14891664929251827 0.45446102336751976 -0.14117852197043043 0.25000000000000006 1.6125000000000003 1.776939204715615 0.14999999999999999 0.67749999999999988 0.83057628100785974 0.88207140719541466 3.0273876907162474
decision_type=2 2 2 2 2 2 2 2 2 2 2
left_child=7 5 3 -3 -4 6 -2 -1 9 -9 -10
right_child=1 2 4 -5 -6 -7 -8 8 10 -11 -12
leaf_value=0.0024984232800903802 -0.0013038870529182693 0.00035601867355238937 -6.6439714080862439e-05 -0.0023932026316163045 0.00060830151127766105 -0.0024541768473406288 -0.00017837599280198037 0.00025813435337619542 0.00055942737526424203 -0.00037296415096889287 -0.00047955504075136853
leaf_weight=80.318779677152634 512.30771377682686 108.98557046055794 20843.04171833396 220.30653694272041 1153.7885465621948 135.80721655488014 1153.0143171548843 1821.7480383217335 3170.9936983585358 1656.3943163156509 340.82106700539589
leaf_count=115 781 166 31303 323 1672 205 1758 2688 4761 2524 524
internal_value=-2.34182e-05 -9.98461e-05 -5.21487e-05 -0.00145645 -3.05412e-05 -0.000684826 -0.000531766 0.000235932 0.000207797 -3.95816e-05 0.000455533
internal_weight=31197.5 24127.3 22326.1 329.292 21996.8 1801.13 1665.32 7070.28 6989.96 3478.14 3511.81
internal_count=46820 36208 33464 489 32975 2744 2539 10612 10497 5212 5285
is_linear=0
shrinkage=0.02


Tree=210
num_leaves=13
num_cat=0
split_feature=19 24 19 19 4 42 4 6 12 14 42 24
split_gain=1.50255 1.56041 1.08526 1.73248 1.18159 1.15636 1.07475 0.898631 1.72696 1.01922 0.783888 0.541865
threshold=1.596167250305115 0.29164392008399592 2.0919257983981461 2.2139228185846709 46.962586643477628 0.75000000000000011 38.622096643037317 2.5000000000000004 18.464005207348944 10.500000000000002 0.35000000000000003 0.94122701716124191
decision_type=2 2 2 2 2 2 2 2 2 2 2 2
left_child=1 -1 5 4 -4 10 -5 9 -9 -3 -2 -7
right_child=2 7 3 6 -6 11 -8 8 -10 -11 -12 -13
leaf_value=-0.00070561320027821579 0.00052381658636419122 -4.5112181005077015e-06 -0.0018424101471728948 -0.00015980717629373182 0.00089168546318382314 -0.00087955634153503656 0.00060346353628970692 -0.00020410355290956719 0.00042658844306637015 -0.00034218716241918464 0.0014594566809681777 0.00077675633107022427
leaf_weight=1429.6587442159653 909.71848261356354 12346.803859204054 277.53785744309425 1355.4503229856491 74.912166476249695 239.85316255688667 1575.4083486795425 2955.126948684454 4158.3914024531841 5066.7498995959759 652.79138985276222 110.10770156979561
leaf_count=2456 1411 18564 418 2090 120 353 2482 4326 6150 7199 988 159
internal_value=-1.06071e-06 -6.35298e-05 0.000308998 8.47824e-05 -0.00123132 0.000688216 0.000247192 -2.56412e-05 0.000163195 -0.000103366 0.00092247 -0.000328568
internal_weight=31152.5 25956.7 5195.78 3283.31 352.45 1912.47 2930.86 24527.1 7113.52 17413.6 1562.51 349.961
internal_count=46716 38695 8021 5110 538 2911 4572 36239 10476 25763 2399 512
is_linear=0
shrinkage=0.02


Tree=211
num_leaves=11
num_cat=0
split_feature=13 27 33 26 19 19 26 36 19 19
split_gain=1.99234 1.68234 1.46003 1.11064 0.982972 1.35859 1.25356 0.97553 1.00199 0.633211
threshold=2.0843736703921629 2.3865142105686705 -0.24999999999999992 1.1547619047619049 1.596167250305115 2.0919257983981461 1.4722222222222225 1.1055555555555558 1.8812486842633711 -0.34465040227021143
decision_type=2 2 2 2 2 2 2 2 2 2
left_child=1 4 3 9 6 -6 -1 8 -4 -2
right_child=2 -3 7 -5 5 -7 -8 -9 -10 -11
leaf_value=-6.9932824191351649e-05 0.0022482383648928916 0.0023297593862977731 0.00022022897206053546 0.0035061814764480465 0.00065213746411477331 -6.0028392356026014e-05 -0.00059293355575294911 -0.00090036558127465263 0.001321588331529689 0.00037592483221289899
leaf_weight=21602.234411656857 111.50104424357414 115.85189226269722 1790.8901841342449 93.460395872592926 1704.7815273702145 2819.5791898667812 2011.2700366973877 237.82134932279587 414.2496545612812 250.87060034275055
leaf_count=32022 168 151 2972 158 2563 4277 2878 390 735 402
internal_value=-1.0388e-06 -5.26029e-05 0.000497784 0.00153973 -6.2932e-05 0.000206276 -0.000114949 0.000298177 0.000432667 0.000988655
internal_weight=31152.5 28253.7 2898.79 455.832 28137.9 4524.36 23613.5 2442.96 2205.14 362.372
internal_count=46716 41891 4825 728 41740 6840 34900 4097 3707 570
is_linear=0
shrinkage=0.02


Tree=212
num_leaves=11
num_cat=0
split_feature=13 36 25 12 6 12 44 4 20 31
split_gain=1.91555 1.39446 1.15969 1.37368 1.01418 1.47226 0.963484 0.927159 0.813101 0.799496
threshold=2.0843736703921629 1.1055555555555558 2.4500000000000006 19.055927835412977 2.5000000000000004 18.197154439824619 3.6009515540321604 44.894117357831881 4.9915709712567464 0.59786406033374384
decision_type=2 2 2 2 2 2 2 2 2 2
left_child=2 8 4 -4 6 -6 -1 -3 9 -2
right_child=1 7 3 -5 5 -7 -8 -9 -10 -11
leaf_value=-0.00016007807297952644 0.0001917956263052295 -0.0017035719905915115 0.00016225336874011852 0.0034998426533822099 -0.00028155795253119231 0.00029915164618869689 0.00091649860007567672 0.00092245408682413389 0.0028748251251176889 0.00090753373243274995
leaf_weight=19454.157429277897 1257.8044911026955 178.40688142180443 149.38950282335281 77.318932861089706 2491.2692083120346 5747.7752990722656 333.80668550729752 69.69965010881424 62.969852119684219 1329.9123537242413
leaf_count=28933 2159 293 209 105 3627 8550 467 111 96 2166
internal_value=-9.80749e-07 0.000488129 -5.15476e-05 0.00136491 -6.34586e-05 0.000122321 -0.000141321 -0.000924392 0.000624709 0.000563915
internal_weight=31152.5 2898.79 28253.7 226.708 28027 8239.04 19788 248.107 2650.69 2587.72
internal_count=46716 4825 41891 314 41577 12177 29400 404 4421 4325
is_linear=0
shrinkage=0.02


Tree=213
num_leaves=12
num_cat=0
split_feature=13 27 33 4 35 35 12 34 6 21 31
split_gain=1.84077 1.57774 1.39909 3.79076 0.907213 1.49364 0.906215 3.33844 1.1994 0.840225 0.751851
threshold=2.0843736703921629 2.3865142105686705 -0.24999999999999992 40.488946137343369 0.77500000000000013 0.22500000000000003 18.425003975886025 0.2871433887478369 2.5000000000000004 1.0471059864024774 1.5231492059142957
decision_type=2 2 2 2 2 2 2 2 2 2 2
left_child=1 6 3 9 5 -4 7 -1 -8 -2 -6
right_child=2 -3 4 -5 10 -7 8 -9 -10 -11 -12
leaf_value=-0.00069796799009848017 0.00042926367892857898 0.0022565692108355798 -2.8909237126049326e-05 0.0032848759021279145 -0.00057370410541038406 0.0011206534186592153 -7.7086017376155785e-05 4.3402048126264437e-05 0.00028967224579058064 -0.0021933703315371858 0.0016129805655648061
leaf_weight=3636.6172479093075 157.68142980337143 115.85189226269722 918.60039472579956 231.69309270381927 599.99513331055641 857.85710966587067 12233.246822834015 7244.5204747915268 5023.4806200563908 66.457517951726913 66.508550316095352
leaf_count=5476 256 151 1588 372 978 1414 18210 10591 7463 100 117
internal_value=-9.12818e-07 -5.04892e-05 0.000478548 0.00149847 0.000283082 0.000521231 -6.05031e-05 -0.000203537 2.91201e-05 -0.000316652 -0.000336369
internal_weight=31152.5 28253.7 2898.79 455.832 2442.96 1776.46 28137.9 10881.1 17256.7 224.139 666.504
internal_count=46716 41891 4825 728 4097 3002 41740 16067 25673 356 1095
is_linear=0
shrinkage=0.02


Tree=214
num_leaves=12
num_cat=0
split_feature=14 25 23 27 33 30 25 23 27 30 23
split_gain=1.06811 1.72877 1.69818 1.34812 1.22628 1.15513 1.33712 1.004 0.898453 0.872697 0.537213
threshold=7.5000000000000009 1.2250000000000003 0.97688037185173526 2.3865142105686705 0.14999999999999999 -0.058162104590747742 0.45000000000000007 0.94166114859111683 0.87776100187990791 0.0061573381924414005 0.63644482314648376
decision_type=2 2 2 2 2 2 2 2 2 2 2
left_child=1 7 -3 5 -4 8 -7 10 -2 -9 -1
right_child=3 2 4 -5 -6 6 -8 9 -10 -11 -12
leaf_value=0.00022414393732540661 0.00023340228127726213 0.0036253066286987003 0.0020853399637983496 0.002070483935673845 -0.0005641892108040193 -0.00054555813688788853 -6.7521148978898248e-05 4.7888536214448812e-05 -0.00014674869517457238 0.0013017946374653242 -0.00078811386179834439
leaf_weight=352.98814383149147 7867.3655994236469 119.15767309069633 130.82161846756935 119.17215001583099 137.27661809325218 2802.8065961897373 14618.515035480261 523.29873308539391 3600.6284597218037 407.63945728540421 472.84020164608955
leaf_count=583 11780 185 211 157 216 4352 21624 858 5288 680 782
internal_value=-8.68288e-07 0.000429351 0.00163808 -3.3038e-05 0.000697523 -4.22041e-05 -0.000145057 0.000155656 0.000113169 0.000609282 -0.000343863
internal_weight=31152.5 2144.02 387.256 29008.5 268.098 28889.3 17421.3 1756.77 11468 930.938 825.828
internal_count=46716 3515 612 43201 427 43044 25976 2903 17068 1538 1365
is_linear=0
shrinkage=0.02


Tree=215
num_leaves=9
num_cat=0
split_feature=42 32 19 19 50 18 27 46
split_gain=1.98261 1.71495 1.44979 1.45376 1.32957 1.53497 1.01855 0.668603
threshold=2.1500000000000008 0.45000000000000007 -3.3734557642807874 3.0810629760021295 0.25605802669234662 3.452791854258384 1.4851337817945793 1.0500000000000003
decision_type=2 2 2 2 2 2 2 2
left_child=1 2 7 -4 5 -3 -6 -1
right_child=-2 4 3 -5 6 -7 -8 -9
leaf_value=0.00021198087028054941 -0.0022879206945283599 0.00016831891642957476 -0.00034082290509635692 0.00086860717165144704 -0.00035642404051459481 0.0028196969482966383 0.00060109949849278114 0.0028838966707479315
leaf_weight=84.819510668516159 146.62049445509911 19270.888217389584 7128.9453780651093 414.94493889808655 3307.1050227582455 86.266438663005829 504.82156577706337 81.290734082460403
leaf_count=125 199 28795 10918 635 4999 126 711 115
internal_value=1.57417e-05 2.71512e-05 -0.00023076 -0.000272761 0.000113421 0.000180942 -0.000226746 0.0015978
internal_weight=31025.7 30879.1 7710 7543.89 23169.1 19357.2 3811.93 166.11
internal_count=46623 46424 11793 11553 34631 28921 5710 240
is_linear=0
shrinkage=0.02


Tree=216
num_leaves=9
num_cat=0
split_feature=42 32 33 52 22 24 52 25
split_gain=1.90519 1.64626 1.60089 1.70377 1.18752 1.54105 1.12882 0.776489
threshold=2.1500000000000008 0.45000000000000007 0.45000000000000007 0.8500000000000002 -0.66388482894720957 1.0474288093456636 2.5500000000000003 0.77500000000000013
decision_type=2 2 2 2 2 2 2 2
left_child=1 4 7 -4 5 -1 -6 -3
right_child=-2 2 3 -5 6 -7 -8 -9
leaf_value=-3.0847168384848936e-05 -0.002242778052855342 0.00052822469191529024 0.00035283277948366021 -0.00017219318411273388 -0.0003496418987652277 0.0015794006715120518 -0.0027588619478165566 0.00016337813754220814
leaf_weight=2011.1958388388157 146.62049445509911 3749.0995149314404 3323.8339038491249 9591.9343541264534 5354.4017898440361 266.04155859351158 78.36137443780899 6504.2134716808796
leaf_count=3028 199 5552 5104 14418 8216 430 119 9557
internal_value=1.54456e-05 2.66365e-05 0.000111167 -3.62715e-05 -0.000226048 0.000154106 -0.000387235 0.000297836
internal_weight=31025.7 30879.1 23169.1 12915.8 7710 2277.24 5432.76 10253.3
internal_count=46623 46424 34631 19522 11793 3458 8335 15109
is_linear=0
shrinkage=0.02


Tree=217
num_leaves=13
num_cat=0
split_feature=32 33 3 2 26 25 2 24 24 18 18 24
split_gain=1.58634 1.72231 1.18002 1.06697 1.10773 0.895079 0.868514 1.03557 1.43091 0.791284 0.78556 0.66902
threshold=0.45000000000000007 0.45000000000000007 30.48215109377627 13.853333333333333 2.0500000000000003 2.3666666666666671 37.356083333333338 1.0365788747318077 1.3367937178947205 1.0377736401076085 1.0548221421982569 0.9160298676566283
decision_type=2 2 2 2 2 2 2 2 2 2 2 2
left_child=6 3 9 10 -5 -4 7 11 -9 -3 -2 -1
right_child=1 2 5 4 -6 -7 -8 8 -10 -11 -12 -13
leaf_value=-0.00023569887787949946 0.0021227781306460687 4.7375326091821548e-05 -0.0001491015463102522 0.00022484586662051224 0.0017540845888258006 0.0012957131182205078 -0.0023942247198194791 0.0009642075971247571 -0.0007453151185792949 0.00095064452905555268 -0.00012735882170575758 -0.00098499510260341167
leaf_weight=6238.4437828660011 211.22511950135231 909.86706498265266 11247.86229634285 9772.7466178834438 193.54539865255356 170.93166419863701 72.546784102916718 619.35782966017723 278.05271261930466 708.56296721100807 75.795850574970245 526.76421216130257
leaf_count=9502 288 1387 16973 14443 271 232 119 935 482 1097 107 787
internal_value=1.512e-05 9.78394e-05 -5.40377e-05 0.000291901 0.000255893 -0.000126375 -0.000232616 -0.000210226 0.000422933 0.000449691 0.0014972 -0.000295793
internal_weight=31025.7 23290.5 13037.2 10253.3 9966.29 11418.8 7735.17 7662.62 897.411 1618.43 287.021 6765.21
internal_count=46623 34798 19689 15109 14714 17205 11825 11706 1417 2484 395 10289
is_linear=0
shrinkage=0.02


Tree=218
num_leaves=9
num_cat=0
split_feature=42 32 33 17 19 19 3 46
split_gain=1.827 1.51972 1.47338 1.44039 1.38762 1.40227 1.26883 0.640209
threshold=2.1500000000000008 0.45000000000000007 0.45000000000000007 0.68599704940507511 -3.3734557642807874 3.0810629760021295 36.24569684515378 1.0500000000000003
decision_type=2 2 2 2 2 2 2 2
left_child=1 4 3 -3 7 -6 -4 -1
right_child=-2 2 6 -5 5 -7 -8 -9
leaf_value=0.00021269911132801184 -0.0021965679374610111 0.0020524672943554971 0.0002462655214791748 0.00025296197642359601 -0.00032497553852625589 0.00086293990602016261 -0.0001745616787749386 0.0028311291139215071
leaf_weight=84.819510668516159 146.62049445509911 181.00269597768784 4277.4385000765324 10072.310290634632 7128.9453780651093 414.94493889808655 8638.3297578990459 81.290734082460403
leaf_count=125 199 256 6452 14853 10918 635 13070 115
internal_value=1.48211e-05 2.57867e-05 0.000107014 0.000286098 -0.000216975 -0.000258099 -3.44016e-05 0.00157202
internal_weight=31025.7 30879.1 23169.1 10253.3 7710 7543.89 12915.8 166.11
internal_count=46623 46424 34631 15109 11793 11553 19522 240
is_linear=0
shrinkage=0.02


Tree=219
num_leaves=13
num_cat=0
split_feature=50 18 22 19 47 27 2 22 22 2 2 46
split_gain=1.20638 1.58941 1.12915 1.85069 1.397 0.931717 1.56821 1.28195 1.82567 0.860543 0.797142 0.688499
threshold=0.24221979037048372 3.452791854258384 1.5553529167383202 3.5542796819244225 0.96654920933277244 1.4851337817945793 31.706166666666672 0.61255389727112519 -0.89212347917485502 28.450833333333339 33.763416666666679 2.2111111111111117
decision_type=2 2 2 2 2 2 2 2 2 2 2 2
left_child=1 2 3 -1 -4 6 9 8 -7 -2 -8 -9
right_child=5 -3 4 -5 -6 7 10 11 -10 -11 -12 -13
leaf_value=9.8490610802702593e-05 -0.00029724159191170412 0.002743334083417019 -0.00083507051589864253 0.0021289686184618435 6.5116067263796449e-06 -0.00054541395658496067 -0.0015018118001561881 -0.001750135305255971 0.002363365781145764 0.00044709876834506275 -0.0004974015639488392 0.00033749408120680352
leaf_weight=21865.218637615442 2584.5489876866341 86.951414376497269 1165.6776643097401 179.61776921153069 2361.4172549843788 131.75727626681328 569.5882121026516 113.35495626926422 221.64824411273003 808.40107351541519 812.5170790553093 125.00373125076294
leaf_count=32738 3901 127 1745 286 3642 188 855 165 315 1234 1248 179
internal_value=1.45425e-05 7.18874e-05 6.21989e-05 0.00011568 -0.000269107 -0.000257687 -0.000351694 0.000482659 0.00125381 -0.000116791 -0.000920132 -0.000620006
internal_weight=31025.7 25658.9 25571.9 22044.8 3527.09 5366.82 4775.06 591.764 353.406 3392.95 1382.11 238.359
internal_count=46623 38538 38411 33024 5387 8085 7238 847 503 5135 2103 344
is_linear=0
shrinkage=0.02


Tree=220
num_leaves=12
num_cat=0
split_feature=19 51 17 15 42 23 34 24 14 42 40
split_gain=1.18696 2.61709 1.68101 1.26156 1.34099 1.35733 1.357 1.23596 1.16216 1.02515 0.544161
threshold=4.1472649804018333 1.2907572991508431 1.0215796203394696 14.335997466179508 1.3500000000000003 1.3188623361044811 0.3164897478257529 0.55184631392431793 9.5000000000000018 1.3500000000000003 0.0099365295708667024
decision_type=2 2 2 2 2 2 2 2 2 2 2
left_child=3 2 -2 4 6 -6 -1 -5 -3 -9 -4
right_child=1 8 10 7 5 -7 -8 9 -10 -11 -12
leaf_value=-0.00016121795464195488 -0.00028609810804935238 0.00064083384647516031 0.00470895923102615 0.0019256971327733822 -0.00048798041688286146 -0.0029705695240577015 0.00013924540128406438 0.00017985362935421737 -0.0024948099587198242 0.001377725240106088 0.0022291911707639821
leaf_weight=10983.711579144001 72.84173795580864 93.77395486831665 68.981526762247086 182.65682944655418 804.09984755516052 100.32320421934128 13276.322971850634 5028.0204655826092 85.501808941364288 305.00472483038902 149.84603047370911
leaf_count=16943 115 154 111 304 1145 154 19744 7343 136 414 236
internal_value=5.03374e-05 0.00104538 0.00221791 3.46704e-05 -2.50122e-05 -0.000780341 2.79661e-06 0.000308686 -0.000810507 0.000250727 0.00309175
internal_weight=31151.1 470.945 291.669 30680.1 25164.5 904.423 24260 5515.68 179.276 5333.03 218.828
internal_count=46799 752 462 46047 37986 1299 36687 8061 290 7757 347
is_linear=0
shrinkage=0.02


Tree=221
num_leaves=12
num_cat=0
split_feature=46 33 24 32 42 24 50 19 21 51 23
split_gain=1.36581 1.25582 1.39373 1.23716 1.18172 1.16818 1.14371 1.31592 1.06751 0.868505 1.17206
threshold=3.4365079365079372 0.14999999999999999 0.70709700094719963 0.25000000000000006 0.15000000000000005 0.5784676794458099 0.23789833666864205 1.8491709579145132 1.1597396405120375 1.2964293458118978 1.0565648354053574
decision_type=2 2 2 2 2 2 2 2 2 2 2
left_child=1 2 5 -2 -4 -1 7 -3 -8 10 -5
right_child=3 6 4 9 -6 -7 8 -9 -10 -11 -12
leaf_value=0.00016761202165714654 -0.0015709851181526522 -6.7126765120528736e-05 -1.9378612079875523e-05 0.0019281686688887884 0.00055357443615546139 -0.00053744329966799243 -0.00058837294937179622 0.00049450894382489276 0.00032265073161342496 -0.0002987655645489718 0.00031683179975440799
leaf_weight=2495.7871748805046 78.332275092601776 14319.720372915268 2042.3070364296436 446.78889080882072 4624.2313858270645 1495.4348197579384 2645.136153280735 1886.6703098714352 621.96245449781418 163.01958057284355 331.69422769546509
leaf_count=3779 125 21585 3121 636 6780 2138 4020 2937 940 250 488
internal_value=4.93433e-05 2.46118e-05 0.000199369 0.000768776 0.000376596 -9.41914e-05 -7.05291e-05 -1.07391e-06 -0.00041179 0.000976959 0.001257
internal_weight=31151.1 30131.2 10657.8 1019.83 6666.54 3991.22 19473.5 16206.4 3267.1 941.503 778.483
internal_count=46799 45300 15818 1499 9901 5917 29482 24522 4960 1374 1124
is_linear=0
shrinkage=0.02


Tree=222
num_leaves=12
num_cat=0
split_feature=19 51 17 13 24 14 36 14 23 53 30
split_gain=1.13678 2.50758 1.6205 1.38419 1.10314 1.09161 1.18527 1.07566 0.895665 0.770438 0.545354
threshold=4.1472649804018333 1.2907572991508431 1.0215796203394696 1.1379998348790485 0.36115590681777493 8.5000000000000018 0.10555555555555557 15.500000000000002 1.9239930656867663 -1.0000000180025095e-35 0.089913956986900162
decision_type=2 2 2 2 2 2 2 2 2 2 2
left_child=4 2 -2 -3 8 6 -6 -7 9 -1 -4
right_child=1 3 10 -5 5 7 -8 -9 -10 -11 -12
leaf_value=8.6699723088625717e-06 -0.000286352416423045 -0.0023013917671475081 0.004303736548082247 0.0011710518382544472 -0.00027974353450735428 -2.9573702614231928e-06 0.0004409446940888718 0.0021633087614035397 0.0011311785398627906 -0.00065714017932331809 0.0019707735767417797
leaf_weight=1071.7043820023537 72.84173795580864 104.12105697393417 92.117071658372879 75.154706835746765 1097.4150018393993 21435.110112428665 4997.7434232831001 90.055891573429108 154.48964667320251 1833.6211648285389 126.71048557758331
leaf_count=1851 115 157 146 133 1727 31240 7832 124 278 2995 201
internal_value=4.83509e-05 0.00102213 0.00217007 -0.000793675 3.30117e-05 7.32308e-05 0.000309498 5.84136e-06 -0.000326582 -0.000408262 0.00302822
internal_weight=31151.1 470.945 291.669 179.276 30680.1 27620.3 6095.16 21525.2 3059.82 2905.33 218.828
internal_count=46799 752 462 290 46047 40923 9559 31364 5124 4846 347
is_linear=0
shrinkage=0.02


Tree=223
num_leaves=13
num_cat=0
split_feature=44 33 24 24 15 17 29 53 32 24 36 27
split_gain=1.60551 1.10338 1.617 1.97084 1.50558 1.07508 0.944715 0.897891 0.893062 1.41907 1.03457 0.532273
threshold=3.5078232286408215 -1.0000000180025095e-35 0.70709700094719963 0.57462165755400429 4.0300202105348673 2.8470329649246469 1.2500000000000002 0.55000000000000016 0.75000000000000011 1.5842845226535067 0.35416666666666669 1.1777920554320558
decision_type=2 2 2 2 2 2 2 2 2 2 2 2
left_child=1 2 3 -1 -4 11 7 -7 9 -3 -10 -2
right_child=5 8 4 -5 -6 6 -8 -9 10 -11 -12 -13
leaf_value=0.00030602692356561503 0.00054921869341938547 -0.0001374943525501009 -0.0020036355815904734 -0.00080666661225216308 0.00052438825267844466 0.00024312223238183651 1.4510072752426779e-06 0.0025672972243505638 -0.00013096897350570188 -0.0022772216603493766 0.00025410452477070042 -0.001912012391599798
leaf_weight=1528.7810783088207 69.385396271944046 11876.355357766151 92.790367007255554 1081.0986973941326 4481.2517395317554 101.31422352790833 145.41371637582779 273.32020616531372 4898.6581137478352 124.0134539604187 6418.0146343708038 60.687697201967239
leaf_count=2257 125 18186 138 1513 6559 152 193 367 7464 220 9525 100
internal_value=4.74001e-05 2.60681e-05 0.000242947 -0.000151324 0.000470065 0.00102973 0.00144079 0.00196994 -4.03381e-05 -0.000160816 8.65402e-05 -0.000534957
internal_weight=31151.1 30501 7183.92 2609.88 4574.04 650.121 520.048 374.634 23317 12000.4 11316.7 130.073
internal_count=46799 45862 10467 3770 6697 937 712 519 35395 18406 16989 225
is_linear=0
shrinkage=0.02


Tree=224
num_leaves=13
num_cat=0
split_feature=44 0 19 50 2 34 33 34 0 13 0 27
split_gain=1.54417 1.30848 1.14435 1.35984 0.96566 0.965272 1.13941 1.03099 0.804343 0.721863 0.70329 0.689777
threshold=3.5078232286408215 30.2769780843064 4.1472649804018333 0.31711395359266331 23.042250000000006 0.086946287734703309 0.14999999999999999 0.073173075940568419 34.535703996758237 0.25081082253607972 36.198053150677318 1.4385998667458417
decision_type=2 2 2 2 2 2 2 2 2 2 2 2
left_child=2 -2 5 9 -5 7 -7 -1 11 -4 -10 -3
right_child=1 8 3 4 -6 6 -8 -9 10 -11 -12 -13
leaf_value=-0.00016392792010616361 -0.00087498753725688484 0.0028434379188834119 0.00035614553576990428 -0.0021765937704559079 0.0009036896202534745 0.00021787689604877168 -5.0755231887003873e-05 -0.0012484715030197089 -0.00020456617571833915 0.002483966466298242 0.0018965526592611436 0.00051385306304639632
leaf_weight=1678.0346646308899 113.56749746203423 195.14249461889267 111.29160052537918 72.140913546085358 83.517381489276886 9619.7342529594898 18281.980083912611 452.34751436114311 159.40628063678741 201.9170306622982 96.742901772260666 85.262065052986145
leaf_count=2740 200 281 157 105 150 14230 27442 703 211 335 133 112
internal_value=4.64485e-05 0.00100984 2.55214e-05 0.00100406 -0.000469962 9.84552e-06 4.15122e-05 -0.000399855 0.00142911 0.00176668 0.000558796 0.00217915
internal_weight=31151.1 650.121 30501 468.867 155.658 30032.1 27901.7 2130.38 536.554 313.209 256.149 280.405
internal_count=46799 937 45862 747 255 45115 41672 3443 737 492 344 393
is_linear=0
shrinkage=0.02


Tree=225
num_leaves=13
num_cat=0
split_feature=32 18 44 30 26 19 30 30 12 1 1 2
split_gain=1.57493 1.25015 1.61648 1.52773 1.21674 1.08902 1.0697 1.30053 1.28612 1.02713 2.54086 0.611735
threshold=1.1500000000000001 1.6713165321829506 1.609582535807186 -0.33361432459601198 2.1180555555555558 1.0450090732190482 -0.050480435869457489 -0.044348656978335094 17.007113540591586 23.358916666666669 22.328500000000002 26.212583333333338
decision_type=2 2 2 2 2 2 2 2 2 2 2 2
left_child=4 9 3 -3 6 -4 8 -8 -1 10 -2 -11
right_child=1 2 5 -5 -6 -7 7 -9 -10 11 -12 -13
leaf_value=-0.0010496316209357892 0.00076276668022047696 -0.0028156584526387559 0.00019993158929138298 -0.00023039660023103611 0.001801613241485028 0.0012489995297610458 -0.0015017773017165865 -0.00016660080060752831 0.00011053429178165612 0.00092950208487269147 -0.0030791218585472474 0.0025789381480711038
leaf_weight=393.8623928129673 841.98189821839333 98.187991619110107 1815.1413730978966 1249.3878843784332 134.87446340918541 517.61865893006325 297.88907295465469 15021.34807574749 10302.141571670771 243.93723458051682 72.288795441389084 178.19821804761887
leaf_count=582 1286 136 2611 1873 198 784 450 22615 15491 374 108 260
internal_value=-1.32501e-05 0.000310881 0.000117289 -0.000430069 -7.58341e-05 0.000437864 -8.60897e-05 -0.000193409 6.66901e-05 0.000835573 0.000442028 0.00165824
internal_weight=31166.9 5016.74 3680.34 1347.58 26150.1 2332.76 26015.2 15319.2 10696 1336.41 914.271 422.135
internal_count=46768 7432 5404 2009 39336 3395 39138 23065 16073 2028 1394 634
is_linear=0
shrinkage=0.02


Tree=226
num_leaves=12
num_cat=0
split_feature=32 13 8 2 30 30 16 12 30 25 12
split_gain=1.51288 1.57404 1.50602 1.43834 1.22608 1.0357 1.40402 1.35263 1.21637 1.19222 0.791621
threshold=1.1500000000000001 2.8866202687111548 3.5000000000000004 19.718888888888895 -0.12731467922695078 -0.050480435869457489 25.640000000000004 17.147144321551643 -0.044348656978335094 0.55000000000000016 19.96118791700864
decision_type=2 2 2 2 2 2 2 2 2 2 2
left_child=5 2 4 -4 -2 6 7 -1 9 -7 -10
right_child=1 -3 3 -5 -6 8 -8 -9 10 -11 -12
leaf_value=-0.00093848530068877669 0.0012527599763723913 0.0026724936102707243 0.0011847515134032584 -0.00031669916731095473 0.00029105410356270589 0 0.0025605493714285729 0.00010573328395593927 -0.00019228237247208781 -0.0025290436146187083 0.00039295842568687513
leaf_weight=518.65493297576904 766.78600826859474 108.71969622373581 289.0621529519558 2000.4269255697727 1851.7472712993622 128.3223782479763 88.374403417110443 10131.270578861237 14135.960115253925 170.47943153977394 977.05373629927635
leaf_count=755 1120 189 436 2944 2743 197 146 15232 21341 255 1410
internal_value=-1.29738e-05 0.0003047 0.000249146 -0.000121899 0.000577228 -7.43187e-05 7.58084e-05 5.3774e-05 -0.000179566 -0.00144295 -0.000153738
internal_weight=31166.9 5016.74 4908.02 2289.49 2618.53 26150.1 10738.3 10649.9 15411.8 298.802 15113
internal_count=46768 7432 7243 3380 3863 39336 16133 15987 23203 452 22751
is_linear=0
shrinkage=0.02


Tree=227
num_leaves=10
num_cat=0
split_feature=32 13 26 34 2 13 25 34 0
split_gain=1.45385 1.51257 1.16939 1.04461 1.61137 1.2761 0.920045 1.12802 1.05657
threshold=1.1500000000000001 2.8866202687111548 2.1180555555555558 0.20289508814202031 22.281749999999999 1.8072415984746162 0.77500000000000013 0.3164897478257529 21.029555030417388
decision_type=2 2 2 2 2 2 2 2 2
left_child=2 3 6 5 -5 -2 8 -8 -1
right_child=1 -3 -4 4 -6 -7 7 -9 -10
leaf_value=-0.00015130067853784713 -4.6235705209795609e-05 0.0026200092246037527 0.0017677184903232841 0.0013122039003864092 0.00020965288154501792 -0.0022278661974437274 -0.00045397900236541778 -6.0346336528094943e-05 0.00020449556981933057
leaf_weight=6430.2292876243591 893.93530222773552 108.71969622373581 134.87446340918541 641.07547876238823 3251.4115070104599 121.60007008910179 4630.4021736979485 8037.5504079759121 6917.0592438876629
leaf_count=9815 1379 189 198 941 4717 206 7083 11769 10471
internal_value=-1.26815e-05 0.000298727 -7.28239e-05 0.000244224 0.000394387 -0.000321157 -8.28856e-05 -0.000205066 3.234e-05
internal_weight=31166.9 5016.74 26150.1 4908.02 3892.49 1015.54 26015.2 12668 13347.3
internal_count=46768 7432 39336 7243 5658 1585 39138 18852 20286
is_linear=0
shrinkage=0.02


Tree=228
num_leaves=12
num_cat=0
split_feature=32 13 8 2 30 30 16 30 31 6 31
split_gain=1.39639 1.45413 1.34351 1.34091 1.21873 0.9742 1.34839 1.17124 2.19256 0.779624 0.745709
threshold=1.1500000000000001 2.9971970627688642 3.5000000000000004 19.718888888888895 -0.12731467922695078 -0.050480435869457489 25.640000000000004 -0.044348656978335094 0.99358022436005711 5.5000000000000009 2.0433367965020914
decision_type=2 2 2 2 2 2 2 2 2 2 2
left_child=5 2 4 -4 -2 6 9 8 -7 -1 -9
right_child=1 -3 3 -5 -6 7 -8 10 -10 -11 -12
leaf_value=0.00010095673858479724 0.0012280083889706294 0.0028544217560953107 0.0011573403331577388 -0.00029104722580267051 0.00027040681347177545 -0.00042157255251709696 0.0025092748086638782 -0.00017758690327022362 -0.0045323952510956927 -0.00056162307566353091 0.00052842030081491252
leaf_weight=9889.4126109182835 767.22249382734299 85.842233300209045 289.49472776055336 2014.3265800178051 1859.8560194075108 230.88095080852509 88.374403417110443 14497.204354971647 67.920858979225159 760.51290091872215 615.80949658155441
leaf_count=14880 1121 154 437 2965 2755 351 146 21706 101 1107 1045
internal_value=-1.24174e-05 0.000292767 0.000245004 -0.000103862 0.000554594 -7.13654e-05 7.4219e-05 -0.000173448 -0.00141317 5.26064e-05 -0.000148092
internal_weight=31166.9 5016.74 4930.9 2303.82 2627.08 26150.1 10738.3 15411.8 298.802 10649.9 15113
internal_count=46768 7432 7278 3402 3876 39336 16133 23203 452 15987 22751
is_linear=0
shrinkage=0.02


Tree=229
num_leaves=10
num_cat=0
split_feature=32 13 18 37 44 43 12 15 27
split_gain=1.34205 1.40486 1.1624 1.53707 1.48924 0.993279 1.01343 1.73198 0.825348
threshold=1.1500000000000001 2.8866202687111548 1.6713165321829506 0.19493986841923802 1.609582535807186 -0.6499999999999998 17.593057031283568 16.136299778949013 0.93210813656052227
decision_type=2 2 2 2 2 2 2 2 2
left_child=5 2 3 -2 -4 -1 7 -7 -8
right_child=1 -3 4 -5 -6 6 8 -9 -10
leaf_value=-0.0014453243475082917 -0.00020641123824185437 0.0025244416988104068 -0.00048322041022701146 0.0012337383648498245 0.00035850827149147102 -0.00058503380702901154 6.8448635001020278e-05 0.00073697799149266465 -0.00019259021896264315
leaf_weight=206.9722101688385 432.59076637029648 108.71969622373581 1324.7744728326797 867.36740010976791 2283.2897187769413 2730.9448799490929 15772.926505118608 455.73419719934464 6983.5377841591835
leaf_count=314 657 189 1968 1304 3314 4049 23926 677 10370
internal_value=-1.21464e-05 0.000287033 0.000234426 0.000747234 4.65839e-05 -6.9942e-05 -5.84733e-05 -0.00039249 -1.12298e-05
internal_weight=31166.9 5016.74 4908.02 1299.96 3608.06 26150.1 25943.1 3186.68 22756.5
internal_count=46768 7432 7243 1961 5282 39336 39022 4726 34296
is_linear=0
shrinkage=0.02


Tree=230
num_leaves=13
num_cat=0
split_feature=44 15 24 4 19 37 15 51 53 53 53 27
split_gain=1.45226 1.09284 1.02162 1.41561 1.22419 0.952275 0.994819 0.909653 0.862974 1.45069 0.749243 0.617562
threshold=3.6009515540321604 16.940093053230751 0.40902967914745908 20.879389831376994 -3.1032656210877207 1.6003822684179771 3.3166448267661655 1.1508296920183876 2.3500000000000005 1.3500000000000003 0.95000000000000007 0.2880277001932004
decision_type=2 2 2 2 2 2 2 2 2 2 2 2
left_child=2 10 5 7 -5 6 -1 -4 9 -3 -2 -7
right_child=1 8 3 4 -6 11 -8 -9 -10 -11 -12 -13
leaf_value=0.00039942182070690419 0.00086786545405386514 -5.5918541628900505e-05 0.00071508333397938054 0.00076509186006124138 -7.0698405361978298e-06 0 -0.00048523072527847851 0.0032865954372583201 -0.0014027822466690634 0.0026909043022199301 0.0040862634658936428 0.0028087884735954411
leaf_weight=582.13549047708511 67.672240406274796 196.89175260066986 470.50070577859879 846.66710883378983 24874.51329061389 77.682802677154541 3454.2136636972427 64.785616457462311 73.181449204683304 117.38539397716522 68.702937334775925 59.790902405977249
leaf_count=976 105 301 704 1201 36867 128 5627 100 88 152 98 106
internal_value=1.14435e-05 0.00105365 -6.23681e-06 3.96371e-05 1.80163e-05 -0.000297094 -0.000355032 0.001056 0.00047417 0.000948955 0.00259712 0.00131304
internal_weight=30954.1 523.834 30430.3 26256.5 25721.2 4173.82 4036.35 535.286 387.459 314.277 136.375 137.474
internal_count=46453 744 45709 38872 38068 6837 6603 804 541 453 203 234
is_linear=0
shrinkage=0.02


Tree=231
num_leaves=12
num_cat=0
split_feature=47 50 3 24 3 4 30 43 46 46 4
split_gain=1.34873 1.72676 1.17804 2.05198 1.37468 1.3343 1.3619 1.17889 1.13693 1.60409 0.67017
threshold=3.3188032758981159 0.7109471923292251 42.614943911331238 1.2336383359383578 42.413707808922197 40.793645732994257 0.22672758583685251 0.35000000000000003 4.3500000000000005 3.4365079365079372 35.558926571317322
decision_type=2 2 2 2 2 2 2 2 2 2 2
left_child=2 8 3 4 -1 10 -7 -5 9 -2 -4
right_child=1 -3 5 7 -6 6 -8 -9 -10 -11 -12
leaf_value=-1.8708693129190553e-06 -0.0004486807504265053 0.0030970226857538041 0.00032300608775829665 0.00023349208819664676 0.0016996104773123052 -2.2308793114414273e-05 -0.00066542329957419472 0.0013363133992630178 -0.0012003661128232759 0.0012369099988761001 -0.0012600569969312863
leaf_weight=16619.419589072466 330.37051677703857 105.3127259016037 116.65668523311615 840.42810994386673 190.00936809182167 9007.9368787407875 1548.5090680122375 764.05419898033142 145.31833875179291 661.40836209058762 624.69951286911964
leaf_count=24746 506 153 212 1268 293 13670 2318 1055 194 1004 1034
internal_value=1.12579e-05 0.000656506 -1.54293e-05 8.28432e-05 1.69673e-05 -0.000176472 -0.000117702 0.00076589 0.000416656 0.000665589 -0.000997302
internal_weight=30954.1 1242.41 29711.7 18413.9 16809.4 11297.8 10556.4 1604.48 1137.1 991.779 741.356
internal_count=46453 1857 44596 27362 25039 17234 15988 2323 1704 1510 1246
is_linear=0
shrinkage=0.02


Tree=232
num_leaves=13
num_cat=0
split_feature=47 3 0 24 34 4 3 53 2 19 53 32
split_gain=1.295 1.13177 1.98905 1.97157 1.64745 1.32172 1.32082 1.11343 1.51259 0.914432 0.874022 1.28676
threshold=3.3188032758981159 42.614943911331238 37.926381126134224 1.2336383359383578 0.21563260988876889 41.761959956303023 42.413707808922197 1.3500000000000003 29.458416666666668 1.0090541880787163 2.3500000000000005 0.95000000000000007
decision_type=2 2 2 2 2 2 2 2 2 2 2 2
left_child=1 3 5 6 -5 -3 -1 8 -2 -10 11 -9
right_child=7 2 -4 4 -6 -7 -8 10 9 -11 -12 -13
leaf_value=-1.8334533131706079e-06 0.0024789685913840253 -0.00083539922947446603 -0.0035304857495263276 -0.00074149350654024895 0.0010238157219142163 -8.100806685248307e-05 0.0016659723244131812 0.00039196442424082912 -0.00063537072271910994 0.0010013968859869027 6.9531867543911935e-05 0.0030460955332906746
leaf_weight=16619.419589072466 96.450064092874527 1026.5179508626461 68.409256815910339 242.00581309199333 1362.4764958322048 10202.874937176704 190.00936809182167 134.26417818665504 486.6003594994545 185.01535794138908 149.8091875910759 190.27079620957375
leaf_count=24746 147 1706 93 380 1943 15435 293 189 770 302 195 254
internal_value=1.10318e-05 -1.51118e-05 -0.000172966 8.12043e-05 0.000750736 -0.000150996 1.66201e-05 0.000643301 0.000156985 -0.000167998 0.00140579 0.0019878
internal_weight=30954.1 29711.7 11297.8 18413.9 1604.48 11229.4 16809.4 1242.41 768.066 671.616 474.344 324.535
internal_count=46453 44596 17234 27362 2323 17141 25039 1857 1219 1072 638 443
is_linear=0
shrinkage=0.02


Tree=233
num_leaves=14
num_cat=0
split_feature=46 53 12 8 0 53 33 2 26 26 51 30 30
split_gain=1.18698 1.70217 1.30742 1.04784 1.02439 1.25519 0.897552 1.71662 1.58489 0.826703 1.03195 0.815966 0.758723
threshold=3.5277777777777781 1.3500000000000003 17.973082628801706 1.5000000000000002 33.380826338200862 2.3500000000000005 0.35000000000000003 10.349071428571431 2.1714285714285722 0.5277777777777779 0.86019887348930446 0.16150689832381335 -0.08506563406517588
decision_type=2 2 2 2 2 2 2 2 2 2 2 2 2
left_child=3 2 -2 9 -3 -6 8 -8 -5 12 -11 -4 -1
right_child=1 4 11 6 5 -7 7 -9 -10 10 -12 -13 -14
leaf_value=0.0010426764466103979 -0.0019207155943076484 0.0034896623184490715 0.0010883154685004523 0.00011122953363462153 0.0022151345983058464 -0.00077323616573720169 -0.0027692064889414348 -7.3486661837636691e-05 0.0023270954628719174 -0.00024548898376630749 -0.0014951227472664126 -0.00098206338523732601 -0.00042883724141397009
leaf_weight=218.18080428242683 107.07404738664627 107.71284571290016 295.6684935092926 13997.47075304389 136.41712734103203 86.95975524187088 93.381402015686035 14199.001485168934 128.87101745605469 615.47436210513115 495.52422964572906 95.876150012016296 376.51088154315948
leaf_count=329 163 158 466 20937 174 105 144 21490 185 873 707 159 563
internal_value=1.08162e-05 0.000756302 0 -9.43346e-06 0.00186342 0.00101087 1.91406e-05 -9.21841e-05 0.000132479 -0.00049083 -0.000813517 0.000553525 9.59587e-05
internal_weight=30954.1 829.708 498.619 30124.4 331.09 223.377 28418.7 14292.4 14126.3 1705.69 1111 391.545 594.692
internal_count=46453 1225 788 45228 437 279 42756 21634 21122 2472 1580 625 892
is_linear=0
shrinkage=0.02


Tree=234
num_leaves=11
num_cat=0
split_feature=44 46 8 26 32 24 37 8 26 51
split_gain=1.29678 1.45978 1.06511 0.933082 1.10755 1.01788 0.790854 0.842823 0.759936 1.08476
threshold=3.6009515540321604 4.6500000000000012 1.5000000000000002 2.1055555555555561 1.1500000000000001 1.7090904247144743 0.45538877648062281 3.5000000000000004 0.5277777777777779 0.86019887348930446
decision_type=2 2 2 2 2 2 2 2 2 2
left_child=2 6 8 5 -5 -4 7 -2 -1 -10
right_child=1 -3 3 4 -6 -7 -8 -9 9 -11
leaf_value=7.1609185121494114e-05 0.003408401848773758 -0.0012243007296653464 2.6115464843961259e-05 0.0025368365706118843 0 -0.00097085191475153375 0.00059858735781710074 0.00060509299167997728 -0.00021232725345159915 -0.001483071967245684
leaf_weight=597.81258901953697 127.74952411651611 91.27123236656189 28032.93033477664 126.54851374030113 135.71407297253609 413.47307860851288 224.64300179481506 80.170015245676041 616.84089994430542 506.97009187936783
leaf_count=897 191 113 42162 191 181 679 319 121 875 724
internal_value=1.05825e-05 0.000995434 -6.10664e-06 2.25507e-05 0.00120586 1.12056e-05 0.00149029 0.0023912 -0.000489251 -0.00079608
internal_weight=30954.1 523.834 30430.3 28708.7 262.263 28446.4 432.563 207.92 1721.62 1123.81
internal_count=46453 744 45709 43213 372 42841 631 312 2496 1599
is_linear=0
shrinkage=0.02


Tree=235
num_leaves=13
num_cat=0
split_feature=43 12 30 42 13 37 30 31 31 37 37 30
split_gain=1.48551 1.35276 1.49638 1.2959 1.03484 1.15336 1.67719 1.05711 0.987484 1.19488 0.662941 0.555715
threshold=0.35000000000000003 18.153478040842746 -0.47274449425976467 1.0000000180025095e-35 1.9635934833703603 0.3973949726641629 -0.36363391509512993 0.73905331907985283 1.0270966880865713 0.20924026353732772 0.0060726266826009014 0.46727830957953337
decision_type=2 2 2 2 2 2 2 2 2 2 2 2
left_child=1 10 -3 -4 5 7 -7 -2 9 -6 -1 -12
right_child=4 2 3 -5 8 6 -8 -9 -10 -11 11 -13
leaf_value=-0.0015637271580527558 0.00017562978239779836 -0.0020206210843055844 0.00053577208240549227 -3.5612100620242672e-05 0.0016832361517164535 0.0018331084888820732 0.00023289488360070759 -0.00041135374861884594 0.0015240327068593879 0 -0.00027858989078000329 -0.0017444690306779368
leaf_weight=178.39199557900429 2561.4988234341145 139.19289922714233 1861.5420279502869 10589.359941095114 209.58855822682381 273.39143264293671 6612.6905142068863 2330.6634469032288 420.00946408510208 788.38778030872345 4898.2754284143448 106.79907220602036
leaf_count=270 3908 228 2874 15952 363 380 9495 3466 682 1285 7406 161
internal_value=3.2827e-05 -8.61347e-05 2.50916e-05 4.90852e-05 0.000193799 0.000131239 0.000298392 -0.000102024 0.000705483 0.000348628 -0.000358125 -0.000312551
internal_weight=30969.8 17773.6 12590.1 12450.9 13196.2 11778.2 6886.08 4892.16 1417.99 997.976 5183.47 5005.07
internal_count=46470 26891 19054 18826 19579 17249 9875 7374 2330 1648 7837 7567
is_linear=0
shrinkage=0.02


Tree=236
num_leaves=15
num_cat=0
split_feature=43 40 12 47 12 16 51 37 37 37 37 22 22 22
split_gain=1.4277 1.46196 1.49907 1.13082 1.0672 0.890108 0.81689 0.751384 0.546386 0.727847 0.527218 0.519174 1.04888 0.612283
threshold=0.35000000000000003 -0.0011323480898167498 17.851144525896519 3.7056189798803136 19.360310112302635 20.810000000000006 1.0957508549672277 0.3973949726641629 0.18181830845666552 0.19258288292302536 0.12171372630589532 -1.5763705206419734 -0.82507251729253051 -3.0345149476935998
decision_type=2 2 2 2 2 2 2 2 2 2 2 2 2 2
left_child=1 2 5 4 -3 -1 -4 8 10 -10 -2 13 -13 -9
right_child=7 3 6 -5 -6 -7 -8 11 9 -11 -12 12 -14 -15
leaf_value=-0.00054953167546914245 1.5404989288930391e-05 -0.00043419995865359435 8.1407074213015129e-05 0.0013786165338320301 0.00012279588762174033 0.001330754523921635 0.00055340459264389247 0.0010444057089329262 -0.0014413578140756729 -8.044424993231492e-05 0.00066574308036057009 0.00096677497855555787 0.00026983960294099099 -0.00035670985425805191
leaf_weight=1693.9221917390823 1423.533909112215 6344.8423862755299 5752.1870313286781 157.05090430378914 1722.9161203503609 102.38974213600159 2000.2529883384705 145.0219652056694 165.41638454794884 3105.1239886879921 793.98647502064705 1036.5486841797829 5757.4933775663376 769.10523548722267
leaf_count=2532 2220 9684 8629 239 2640 157 3010 205 251 4683 1223 1509 8364 1124
internal_value=3.21591e-05 -8.44572e-05 8.30764e-05 -0.000280147 -0.00031401 -0.000435434 0.000204591 0.000189972 9.22133e-06 -0.000153171 0.000253155 0.000317331 0.000377894 -0.000121719
internal_weight=30969.8 17773.6 9548.75 8224.81 8067.76 1796.31 7752.44 13196.2 5488.06 3270.54 2217.52 7708.17 6794.04 914.127
internal_count=46470 26891 14328 12563 12324 2689 11639 19579 8377 4934 3443 11202 9873 1329
is_linear=0
shrinkage=0.02


Tree=237
num_leaves=13
num_cat=0
split_feature=12 30 51 45 53 30 30 37 37 22 22 53
split_gain=1.26533 1.62926 1.69965 1.01294 0.963799 0.780546 1.71693 1.74445 1.01502 0.957847 1.09723 0.520673
threshold=17.906331933174283 -0.32520228189259009 0.69396208091347678 1.0000000180025095e-35 1.8500000000000003 -0.073089911237104691 -0.10355291873723974 0.0019896142343955505 0.67999370722282915 -1.1492727045882074 -1.0720833248707884 0.19999999999999998
decision_type=2 2 2 2 2 2 2 2 2 2 2 2
left_child=1 2 -1 11 -5 6 7 -2 -8 -7 -11 -3
right_child=5 3 -4 4 -6 9 8 -9 -10 10 -12 -13
leaf_value=-0.00032727064946848962 -0.0021727133383083711 0.00012592028608134808 0.002540373541965818 -0.00040862715068691667 0.00077482180370760934 -0.00037107940511342486 0.000565148270238361 0.00016397516593769757 0.0018331445830490492 0.0015548812205481901 5.2392114906507265e-05 0.0022675700371459508
leaf_weight=149.79258123040199 127.60371544957161 120.04575219750404 167.8272380232811 5460.8650839030743 282.53646478056908 2239.6301901638508 1099.4819647371769 7328.4818452298641 345.80473166704178 195.9723205268383 13367.859275430441 83.890220940113068
leaf_count=219 210 177 250 8182 393 3374 1667 10971 509 287 20110 121
internal_value=3.15463e-05 -0.000221787 0.00116309 -0.000297794 -0.00034842 9.62073e-05 0.000246031 0.000122072 0.000877557 1.11655e-05 7.50635e-05 0.00106893
internal_weight=30969.8 6264.96 317.62 5947.34 5743.4 24704.8 8901.37 7456.09 1445.29 15803.5 13563.8 203.936
internal_count=46470 9342 469 8873 8575 37128 13357 11181 2176 23771 20397 298
is_linear=0
shrinkage=0.02


Tree=238
num_leaves=14
num_cat=0
split_feature=43 40 12 14 14 24 24 12 13 46 16 40 13
split_gain=1.36794 1.40209 1.40988 1.29981 1.15875 1.12695 1.58279 1.18493 1.06119 0.925191 0.853491 0.788714 0.768498
threshold=0.35000000000000003 -0.0011323480898167498 17.851144525896519 8.5000000000000018 14.500000000000002 0.98502090155696853 1.042047803441793 19.360310112302635 0.36061524618027457 3.2361111111111116 20.810000000000006 -0.069005488011182087 0.46498788678842479
decision_type=2 2 2 2 2 2 2 2 2 2 2 2 2
left_child=1 2 10 8 9 7 -7 -3 -2 -5 -1 -4 -10
right_child=3 5 11 4 -6 6 -8 -9 12 -11 -12 -13 -14
leaf_value=-0.0005337658827651062 0.0026756368353602357 -0.00056237136739676924 1.2925689252808845e-05 0.00014540766547235584 -0.0021948404514766161 0.0013541919164800961 -0.00011754538983426108 0.00011099020340727475 -0.0012664413341166708 -0.00072121029634248247 0.0013071679583050028 0.00042071215691275623 0.00055367883872584577
leaf_weight=1693.9221917390823 92.37666928768158 4748.3963663578033 4245.8580415248871 9760.4578702151775 86.388842761516571 344.57307934761047 1822.3380896449089 1309.5018755793571 91.132839679718018 513.99033540487289 102.38974213600159 3506.5819781422615 2651.883462458849
leaf_count=2532 141 7279 6429 14298 117 494 2794 1996 149 726 157 5210 4148
internal_value=3.09497e-05 -8.31929e-05 8.08564e-05 0.000185432 8.04219e-05 -0.000274838 0.000112906 -0.000415176 0.000565297 0.000100949 -0.000421935 0.000198726 0.000488686
internal_weight=30969.8 17773.6 9548.75 13196.2 10360.8 8224.81 2166.91 6057.9 2835.39 10274.4 1796.31 7752.44 2743.02
internal_count=46470 26891 14328 19579 15141 12563 3288 9275 4438 15024 2689 11639 4297
is_linear=0
shrinkage=0.02


Tree=239
num_leaves=14
num_cat=0
split_feature=43 40 12 14 53 14 24 24 12 13 16 53 13
split_gain=1.31325 1.34663 1.35368 1.24856 1.64018 1.13835 1.08218 1.52056 1.13845 1.01981 0.820561 0.802426 0.738988
threshold=0.35000000000000003 -0.0011323480898167498 17.851144525896519 8.5000000000000018 2.7500000000000004 14.500000000000002 0.98502090155696853 1.042047803441793 19.360310112302635 0.36061524618027457 20.810000000000006 -0.74999999999999989 0.46498788678842479
decision_type=2 2 2 2 2 2 2 2 2 2 2 2 2
left_child=1 2 10 9 5 -5 8 -8 -3 -2 -1 -4 -11
right_child=3 6 11 4 -6 -7 7 -9 -10 12 -12 -13 -14
leaf_value=-0.00052310315402496295 0.0026232581180464488 -0.00055112867819542366 -0.0012538974500265368 0.00012250292527951482 -0.0027529606969527525 -0.0021519368142443969 0.001327264378789463 -0.00011519704846620859 0.00010877378780721022 -0.0012416564495598725 0.0012815255138583421 0.00022421829658468947 0.00054261359621158298
leaf_weight=1693.9221917390823 92.37666928768158 4748.3963663578033 145.97830334305763 10195.517850846052 78.93035477399826 86.388842761516571 344.57307934761047 1822.3380896449089 1309.5018755793571 91.132839679718018 102.38974213600159 7606.461716324091 2651.883462458849
leaf_count=2532 141 7279 239 14910 114 117 494 2794 1996 149 157 11400 4148
internal_value=3.03387e-05 -8.14908e-05 7.92652e-05 0.000181705 7.87642e-05 0.000102006 -0.000269313 0.000110579 -0.000406842 0.000554019 -0.000413368 0.00019478 0.000478829
internal_weight=30969.8 17773.6 9548.75 13196.2 10360.8 10281.9 8224.81 2166.91 6057.9 2835.39 1796.31 7752.44 2743.02
internal_count=46470 26891 14328 19579 15141 15027 12563 3288 9275 4438 2689 11639 4297
is_linear=0
shrinkage=0.02


Tree=240
num_leaves=15
num_cat=0
split_feature=1 3 36 15 32 13 3 46 13 0 40 1 13 36
split_gain=1.35803 1.5171 1.13791 1.75213 0.980608 1.48235 1.78849 1.19888 1.03127 0.979004 0.933413 1.36051 1.1694 0.784618
threshold=31.451833333333337 40.076693141449461 0.35416666666666669 10.279949204921374 1.1500000000000001 0.28228905397220766 33.116596754971532 3.6125000000000003 1.3676008841621894 30.727010574554029 -0.15385462306966247 34.726166666666678 0.23461465841820581 0.2678571428571429
decision_type=2 2 2 2 2 2 2 2 2 2 2 2 2 2
left_child=4 2 13 -4 7 6 -6 9 -7 -1 11 -3 -12 -2
right_child=1 10 3 -5 5 8 -8 -9 -10 -11 12 -13 -14 -15
leaf_value=-8.366028044005583e-05 0.00049940022162044291 0.00024158266920460984 0.0018982776719945189 0.00033309146617798547 0.002136380068829039 -0.00063833264085130434 0.00037130454947048775 0.0020809652965271068 0.00041812758466302862 -0.0006856436372857154 -0.00012382218747778519 -0.0012443526740404697 0.00046260252440020149 -0.0012956469207369755
leaf_weight=18951.618508189917 300.14110147953033 501.07269895076752 581.72991350293159 599.10842084884644 295.23342019319534 804.98489859700203 1115.2317614257336 97.15772819519043 670.66419196128845 1151.403344810009 2380.1825450360775 465.85663938522339 3105.1006557941437 140.85784846544266
leaf_count=28521 461 742 883 859 418 1220 1576 141 1081 1600 3463 728 4857 217
internal_value=1.99494e-05 0.000243416 0.000790782 0.00111453 -5.77857e-05 0.00028599 0.000750345 -0.000107421 -0.000151501 -0.000118701 0.000104078 -0.000465096 0.000206365 -5.46367e-05
internal_weight=31160.3 8074.05 1621.84 1180.84 23086.3 2886.11 1410.47 20200.2 1475.65 20103 6452.21 966.929 5485.28 440.999
internal_count=46767 12210 2420 1742 34557 4295 1994 30262 2301 30121 9790 1470 8320 678
is_linear=0
shrinkage=0.02


Tree=241
num_leaves=13
num_cat=0
split_feature=16 27 13 2 43 36 24 34 22 24 48 47
split_gain=1.20203 1.88164 1.48049 1.38969 1.28091 1.22249 1.11263 1.04686 1.57281 1.56298 1.02655 0.523802
threshold=16.590000000000007 1.3342391617246581 0.24075079837500812 34.434000000000005 -0.6499999999999998 0.5277777777777779 1.3228330911981661 0.2698979714233149 -1.546184194532406 0.45726635892678436 0.75000000000000011 1.6763277835327977
decision_type=2 2 2 2 2 2 2 2 2 2 2 2
left_child=4 3 11 10 -1 -4 -5 8 -6 -9 -2 -3
right_child=1 2 5 6 7 -7 -8 9 -10 -11 -12 -13
leaf_value=-0.0016620627839112579 -0.0012528639262317785 -0.0024914137848826186 0.0011561580960878658 0 0.00048659525572993493 -0.00050326249683326689 0.0026382997707367546 -0.00034473428945050065 -0.00027795322849731444 0.00016479728914193929 0.0011407724939275922 -0.00076298740181286935
leaf_weight=188.82560515403748 69.746711760759354 91.483753859996796 343.58716815710068 1261.3436996936798 1220.5623820722103 354.24257722496986 65.413511514663696 2891.8110517263412 8582.8748757243156 14135.459997266531 1486.6259447336197 468.36639794707298
leaf_count=282 102 127 527 1928 1882 534 98 4568 13240 20593 2219 667
internal_value=1.95688e-05 0.000336983 -0.000302871 0.000619583 -2.87269e-05 0.000300459 0.000134924 -1.67363e-05 -0.000181665 7.76439e-05 0.00102562 -0.00107109
internal_weight=31160.3 4140.81 1257.68 2883.13 27019.5 697.83 1326.76 26830.7 9803.44 17027.3 1556.37 559.85
internal_count=46767 6202 1855 4347 40565 1061 2026 40283 15122 25161 2321 794
is_linear=0
shrinkage=0.02


Tree=242
num_leaves=14
num_cat=0
split_feature=1 6 0 6 14 20 0 24 40 24 0 16 43
split_gain=1.27128 1.30315 1.52569 1.51299 1.26584 1.11356 0.929281 0.905218 1.13511 1.05123 0.735185 1.29673 0.62002
threshold=31.451833333333337 1.5000000000000002 27.860743713678541 5.5000000000000009 13.500000000000002 4.9915709712567464 36.198053150677318 1.8820325343224595 0.017735142771078103 0.87836214164545579 14.023495361475709 7.8799999999999999 0.25000000000000006
decision_type=2 2 2 2 2 2 2 2 2 2 2 2 2
left_child=5 2 -2 4 -3 7 -4 9 -9 -1 -7 -12 -5
right_child=1 3 6 12 -6 10 -8 8 -10 -11 11 -13 -14
leaf_value=-0.00015215770467723157 0.0021535498613472989 0.00038523202364753369 -0.0008050417470762528 -0.0018155077796052099 0.0029965978512089641 0.0025196259838547196 0.0011578429270457618 0 -0.0034017839450607712 0.00015036207578680949 -0.00044433332164744467 0.0019338877736903744 -0.00020122817080432703
leaf_weight=16066.994938880205 83.725059419870377 6415.7667721509933 949.72678992152214 151.52460151910782 74.423868447542191 91.814218789339066 101.70039054751396 79.027185469865799 71.603645592927933 6404.490975946188 225.0831426680088 147.2797460258007 297.18234145641327
leaf_count=24250 152 9789 1389 229 99 140 134 134 119 9358 343 213 418
internal_value=1.91569e-05 0.000235377 -0.000388249 0.00033892 0.000417631 -5.60431e-05 -0.000603849 -7.63834e-05 -0.00161421 -6.54873e-05 0.000909883 0.000474913 -0.000774182
internal_weight=31160.3 8074.05 1135.15 6938.9 6490.19 23086.3 1051.43 22622.1 150.631 22471.5 464.177 372.363 448.707
internal_count=46767 12210 1675 10535 9888 34557 1523 33861 253 33608 696 556 647
is_linear=0
shrinkage=0.02


Tree=243
num_leaves=15
num_cat=0
split_feature=1 2 6 6 0 2 16 16 43 40 43 40 34 24
split_gain=1.22101 1.5761 1.17068 1.42157 0.921705 1.48593 1.1041 1.02465 1.00617 0.932228 0.778262 0.973394 0.89155 0.599435
threshold=31.451833333333337 32.961000000000006 4.5000000000000009 1.5000000000000002 30.727010574554029 32.544750000000001 11.322500000000003 16.830000000000009 -0.6499999999999998 0.11852270398817775 0.35000000000000003 0.084509433575199508 0.99231303497424983 0.94578374299814916
decision_type=2 2 2 2 2 2 2 2 2 2 2 2 2 2
left_child=4 2 3 -2 8 6 -6 -7 -1 -10 11 -3 -12 -4
right_child=1 10 13 -5 5 7 -8 -9 9 -11 12 -13 -14 -15
leaf_value=-0.0015330421608153481 -0.0003703052180097013 0 -0.0020250101816690438 0.00090736241314917242 -0.00011426782631259149 0 -0.0013783799810639203 0.0025072521126388446 5.5745095287231883e-05 -0.00028081551984138344 0.00040763018282305728 -0.00091434147776569467 -0.00060026659524805594 0.00020384346026013425
leaf_weight=172.58434054255486 397.65568953752518 1846.3081531524658 94.012288749217987 2284.4101052880287 486.36056238412857 272.95250487327576 700.79377979040146 82.851515561342239 17309.960511028767 4060.7906391918659 2340.7178879976273 624.96572464704514 404.12732011079788 81.852653980255127
leaf_count=258 593 2832 140 3505 667 389 968 121 26018 6136 3488 981 558 113
internal_value=1.87821e-05 0.000230688 0.000608153 0.000714069 -5.49091e-05 -0.000527052 -0.000869963 0.000587604 -2.05837e-05 -7.75931e-06 2.1804e-05 -0.000233457 0.000255267 -0.000940787
internal_weight=31160.3 8074.05 2857.93 2682.07 23086.3 1542.96 1187.15 355.804 21543.3 21370.8 5216.12 2471.27 2744.85 175.865
internal_count=46767 12210 4351 4098 34557 2145 1635 510 32412 32154 7859 3813 4046 253
is_linear=0
shrinkage=0.02


Tree=244
num_leaves=15
num_cat=0
split_feature=16 25 3 34 34 25 51 16 30 30 16 16 51 13
split_gain=1.11896 1.45079 1.2831 1.54806 2.15562 1.55271 1.23954 1.19946 2.17697 1.35945 0.937801 0.711971 0.950397 0.704396
threshold=16.590000000000007 1.4500000000000002 42.912449185845269 0.9107673847570309 0.72245168819043537 1.7750000000000001 0.45477537684912733 20.545000000000005 -0.019732625064005745 -0.24037285776808712 19.22000000000001 16.110000000000007 0.76865937334484369 1.822120864679299
decision_type=2 2 2 2 2 2 2 2 2 2 2 2 2 2
left_child=2 7 3 4 -1 -5 -3 8 -2 -9 -8 13 -13 -4
right_child=1 6 11 5 -6 -7 10 9 -10 -11 -12 12 -14 -15
leaf_value=6.4061322724993968e-05 0.00020005673799364194 -0.0027673222278811059 -0.00026389441616876295 -0.00049108255498344787 0.00087040148594595625 0.0019939165479484437 -0.00089613715333914073 0.0016170276102787861 0.0015520805739614313 -0.00028468256099763704 0.00035519757452049988 0.00016513939122514345 -0.0019656657128464482 0.00029570081876513098
leaf_weight=14475.223799645901 1022.4485788941383 73.841724544763565 7151.8646589815617 2482.8478382825851 1463.1254558563232 101.50212597846985 377.46811401844025 177.22767266631126 924.09633871912956 927.67846569418907 638.04887035489082 125.04569306969643 208.56928762793541 1011.3550525009632
leaf_count=21617 1518 111 10732 3691 2125 147 548 278 1362 1435 950 179 303 1771
internal_value=1.83725e-05 0.000324632 -2.82129e-05 6.47129e-05 0.00013881 -0.00038815 -0.000295586 0.000549371 0.000847978 1.36894e-05 -0.000100943 -0.000231931 -0.00114098 -0.000193285
internal_weight=31160.3 4140.81 27019.5 18522.7 15938.3 2584.35 1089.36 3051.45 1946.54 1104.91 1015.52 8496.83 333.615 8163.22
internal_count=46767 6202 40565 27580 23742 3838 1609 4593 2880 1713 1498 12985 482 12503
is_linear=0
shrinkage=0.02


Tree=245
num_leaves=12
num_cat=0
split_feature=50 48 4 20 44 46 34 20 34 34 34
split_gain=0.986861 1.44762 1.68619 2.1662 1.12374 1.4749 0.95551 0.854537 0.950592 1.35171 1.08994
threshold=0.43061075532664078 1.2500000000000002 48.971981293752002 2.4609865241516045 0.92643856157440629 1.9500000000000002 1.1423733188740652 5.3447110436968517 0.67507062557582731 0.60658892413568577 0.9107673847570309
decision_type=2 2 2 2 2 2 2 2 2 2 2
left_child=1 2 6 -4 -3 -6 -1 8 9 -2 -10
right_child=7 4 3 -5 5 -7 -8 -9 10 -11 -12
leaf_value=-3.6791716241110272e-05 -0.00040035040784057154 -0.0015089756347931964 0.00037699575422334614 0.0030635474429921887 0.00063199160890126029 9.6408558129299561e-05 -0.00057339136331535623 -0.0026221786133369131 0.0014505208301722164 -0.0027521293418155874 -0.00039474843539790658
leaf_weight=17715.588999271393 1255.6653015315533 135.53624832630157 1050.9487878382206 136.12356886267662 3359.8191686272621 5441.8039168417454 1439.2120435833931 66.377585649490356 224.95420837402344 106.66496279835701 279.63635551929474
leaf_count=26480 1919 212 1600 200 5020 8187 2159 99 334 156 416
internal_value=3.17149e-05 6.09199e-05 -3.18589e-05 0.000698112 0.000273172 0.000302088 -7.76872e-05 -0.000405022 -0.00031812 -0.000595579 0.00041064
internal_weight=31212.3 29279 20341.9 1187.07 8937.16 8801.62 19154.8 1933.3 1866.92 1362.33 504.591
internal_count=46782 43858 30439 1800 13419 13207 28639 2924 2825 2075 750
is_linear=0
shrinkage=0.02


Tree=246
num_leaves=13
num_cat=0
split_feature=50 48 46 46 12 33 50 50 24 34 34 34
split_gain=0.949085 1.39018 1.01617 1.26139 0.992549 1.82946 1.2991 0.862634 0.822073 1.18739 1.29711 1.0817
threshold=0.43061075532664078 1.2500000000000002 1.9500000000000002 1.6125000000000003 18.706948390722786 0.95000000000000007 -0.60758050520872886 0.4012244585927533 1.559766074330093 0.67507062557582731 0.9107673847570309 0.62235043646516364
decision_type=2 2 2 2 2 2 2 2 2 2 2 2
left_child=1 4 3 -3 6 -6 -1 -4 9 11 -11 -2
right_child=8 2 7 -5 5 -7 -8 -9 -10 10 -12 -13
leaf_value=0.0016230030381772843 -0.00044298138491885054 0.00022036097029538845 5.3668322902823222e-05 0.0010053961275952364 0.000212369182918097 -0.00069868083112572621 -0.00018990556015659562 0.0017285928678076393 -0.0019737460509130712 0.0017784992335404843 -0.00030785525151135504 -0.0029785657533860179
leaf_weight=157.47672811150551 1265.6664999425411 2111.9344082176685 5317.189622014761 1383.4210087358952 8522.3067978024483 977.87039551138878 10684.219478130341 124.61429482698441 123.89878308773041 202.23199328780174 270.27419275045395 71.226944804191589
leaf_count=250 1934 3151 7997 2081 12747 1462 15980 190 185 299 403 103
internal_value=3.1058e-05 5.97043e-05 0.000267705 0.000534325 -3.12063e-05 0.000117413 -0.000162356 9.44811e-05 -0.000397226 -0.000281693 0.00056776 -0.000589788
internal_weight=31212.3 29279 8937.16 3495.36 20341.9 9500.18 10841.7 5441.8 1933.3 1809.4 472.506 1336.89
internal_count=46782 43858 13419 5232 30439 14209 16230 8187 2924 2739 702 2037
is_linear=0
shrinkage=0.02


Tree=247
num_leaves=12
num_cat=0
split_feature=33 20 2 37 20 20 43 2 15 47 15
split_gain=0.902716 1.37725 0.947772 1.16252 0.916084 1.51424 1.42659 0.94746 0.776052 1.99951 1.36483
threshold=0.19999999999999998 -4.3689480113914341 10.842430555555556 0.029875317975141903 -2.210965307362494 -2.8693529091551464 0.25000000000000006 30.876166666666673 15.99009934012865 2.6046625296228623 15.178297979288592
decision_type=2 2 2 2 2 2 2 2 2 2 2
left_child=1 -1 -3 -4 5 6 -2 -7 10 -10 -6
right_child=4 2 3 -5 8 7 -8 -9 9 -11 -12
leaf_value=0.0013736810925279938 -0.00069232577208764071 0.0021936966438648835 -0.00059613965605048605 0.00016871750507618476 -1.6641319725891631e-05 -0.00076911137612234351 0.00042785781190160462 -0.0026875703965000895 0.00089900332017562906 -0.00028164404662966113 -0.0011649607927957332
leaf_weight=366.49345821142197 792.26639497280121 86.67890202999115 852.57581400871277 10650.382128745317 13735.771905720234 838.79534256458282 1057.6055802106857 123.37727978825569 1219.8798906505108 1062.7908138334751 425.7136364877224
leaf_count=550 1240 119 1261 15758 20856 1293 1630 187 1740 1544 604
internal_value=3.04368e-05 0.000167127 0.000127879 0.000111065 -5.39229e-05 -0.000387398 -4.6726e-05 -0.00103055 2.53541e-06 0.000345162 -5.2027e-05
internal_weight=31212.3 11956.1 11589.6 11503 19256.2 2812.04 1849.87 962.173 16444.2 2282.67 14161.5
internal_count=46782 17688 17138 17019 29094 4350 2870 1480 24744 3284 21460
is_linear=0
shrinkage=0.02


Tree=248
num_leaves=14
num_cat=0
split_feature=16 16 16 20 50 31 34 47 34 50 32 47 47
split_gain=0.993827 1.41337 1.44438 1.36476 1.30416 1.27833 1.2601 1.16766 1.12207 0.919864 1.91896 1.65859 0.700645
threshold=16.590000000000007 14.99 14.680000000000003 1.0000000180025095e-35 0.56759465962504707 1.4721580957338805 0.17505822663627887 2.0917289494452791 0.21835668751473483 -0.072229310894438029 1.7500000000000002 1.3307493627987472 1.8796014721758603
decision_type=2 2 2 2 2 2 2 2 2 2 2 2 2
left_child=1 2 4 -4 -1 9 -3 -8 -7 11 -11 -2 -10
right_child=5 6 3 -5 -6 8 7 -9 12 10 -12 -13 -14
leaf_value=2.5007023755882437e-05 -0.00086974462236291922 -0.0022435120223689938 -0.00028598459689306756 0.0023287171087327599 -0.00097049967943641576 0.0015135992629820589 8.981987797433069e-05 -0.0010893123545235508 3.0197651149322086e-05 2.1873529075350217e-05 0.0029799675786532183 0.0010389994618676408 -0.0018103509320018833
leaf_weight=24670.89380505681 201.46964839100838 167.68464860320091 119.02518755197525 205.38141977787018 535.78469687700272 69.09425288438797 794.51806661486626 562.7757061123848 110.33484715223312 2023.8501701056957 90.078825920820236 1424.1767751276493 237.26309704780579
leaf_count=37012 288 256 185 307 812 117 1154 836 168 3027 127 2133 360
internal_value=2.98074e-05 -1.40796e-05 2.08904e-05 0.00134287 3.37486e-06 0.000317773 -0.000605355 -0.000392611 -0.000721651 0.00043659 0.000155348 0.000795523 -0.00120069
internal_weight=31212.3 27056.1 25531.1 324.407 25206.7 4156.27 1524.98 1357.29 416.692 3739.58 2113.93 1625.65 347.598
internal_count=46782 40562 38316 492 37824 6220 2246 1990 645 5575 3154 2421 528
is_linear=0
shrinkage=0.02


Tree=249
num_leaves=14
num_cat=0
split_feature=16 16 43 16 34 40 50 32 34 34 32 16 50
split_gain=0.955248 1.35776 1.38692 1.55901 1.21049 1.04002 0.990747 1.38269 1.34407 1.07459 1.32981 0.96787 0.900786
threshold=16.590000000000007 14.99 -0.14999999999999988 14.680000000000003 0.17505822663627887 -0.020203473149351697 -0.050091136918802896 1.7500000000000002 0.45169087611827491 0.50883465069936207 0.45000000000000007 8.1633333333333358 -0.17847382343641882
decision_type=2 2 2 2 2 2 2 2 2 2 2 2 2
left_child=1 2 11 -4 -3 -6 9 8 -8 12 -11 -1 -2
right_child=6 4 3 -5 5 -7 7 -9 -10 10 -12 -13 -14
leaf_value=4.2454443420393858e-05 -0.00028028304714127243 -0.0021991706853260714 3.3918087271142383e-05 0.0014777740013090573 0.00021834785429329038 -0.00088360317011027532 0.00053270533006006431 0.0023244581330364145 -0.00048188453967496999 -0.00041124515402682067 0.0014489768523233116 -0.0011456209262531106 0.0010856346207509862
leaf_weight=435.53484717011452 615.20100298523903 167.68464860320091 24121.760338008404 301.40169528126717 606.01522612571716 751.27854660153389 859.90069743990898 98.32542672753334 1313.7815269827843 178.81251627206802 814.26697379350662 672.38822880387306 275.97947242856026
leaf_count=628 940 256 36206 456 882 1108 1325 140 1931 278 1178 1026 428
internal_value=2.92186e-05 -1.38012e-05 2.04665e-05 5.22654e-05 -0.000593333 -0.000384641 0.000311542 2.56317e-05 -7.57995e-05 0.000650593 0.00110383 -0.000670333 0.000133
internal_weight=31212.3 27056.1 25531.1 24423.2 1524.98 1357.29 4156.27 2272.01 2173.68 1884.26 993.079 1107.92 891.18
internal_count=46782 40562 38316 36662 2246 1990 6220 3396 3256 2824 1456 1654 1368
is_linear=0
shrinkage=0.02


Tree=250
num_leaves=15
num_cat=0
split_feature=33 31 14 33 24 37 15 14 15 15 15 31 37 13
split_gain=1.57551 1.69969 1.09884 0.965243 1.08328 1.1608 0.929999 1.64566 0.816811 0.750371 0.752097 0.615187 0.604464 0.601372
threshold=0.19999999999999998 1.2448606937639328 11.500000000000002 1.0500000000000003 0.25063723352452066 0.00064806980906325013 16.940093053230751 10.500000000000002 14.103740357753852 17.568283896578979 7.7510532440595687 1.7014950577781101 0.3124824947294037 2.1872285726798935
decision_type=2 2 2 2 2 2 2 2 2 2 2 2 2 2
left_child=1 6 13 4 12 -6 8 -8 -1 10 -5 -4 -2 -3
right_child=3 2 11 9 5 -7 7 -9 -10 -11 -12 -13 -14 -15
leaf_value=0.0003258136653164927 -4.9045459972408743e-05 -0.00020785271362144345 -0.0017789867614498159 -3.4679869802506622e-05 -0.0019930685269552834 2.7841020082058771e-05 0.00024440430449172642 -0.0015436382510737282 0.0009570780037083485 0.00035373250985883868 -0.00088952331022099898 4.3539740491070463e-05 -0.0011028370842881864 0.00098392781807278779
leaf_weight=7757.8769080936909 389.73133790493011 1675.5412458777428 266.97716498374939 633.49307182431221 112.44593277573586 15858.999332040548 745.02438294887543 279.447150349617 940.58841362595558 363.95620915293694 1323.5828491151333 87.605535835027695 559.34419268369675 184.89836689829826
leaf_count=11469 718 2475 371 1007 194 23753 1147 413 1377 521 1979 131 970 315
internal_value=3.27955e-05 0.000213496 -0.000283891 -7.88067e-05 -2.56933e-05 1.27391e-05 0.000327871 -0.000235639 0.000395428 -0.000461347 -0.000618238 -0.00130294 -0.000681632 -8.31098e-05
internal_weight=31179.5 11938 2215.02 19241.6 16920.5 15971.4 9722.94 1024.47 8698.47 2321.03 1957.08 354.583 949.076 1860.44
internal_count=46840 17698 3292 29142 25635 23947 14406 1560 12846 3507 2986 502 1688 2790
is_linear=0
shrinkage=0.02


Tree=251
num_leaves=10
num_cat=0
split_feature=43 21 52 37 13 31 13 31 24
split_gain=1.52001 1.24541 1.09776 1.01939 1.05517 0.992686 0.695353 0.670545 0.500974
threshold=-1.0000000180025095e-35 0.90630936219622094 1.0000000180025095e-35 0.0019896142343955505 2.2092548836962744 0.80875086691493581 1.4173983699083899 1.1010114194654583 0.67925426139255241
decision_type=2 2 2 2 2 2 2 2 2
left_child=1 8 -2 -4 -5 6 -3 -7 -1
right_child=2 5 3 4 -6 7 -8 -9 -10
leaf_value=-0.00090936739435387921 0.0019755920056334902 0.00056788507636598077 -0.00081818621892283466 3.904686014070329e-05 0.00049149590543571002 -0.0016676427196197507 -0.00076220944407717143 -0.00029105617803180288 -0.0025740181449116135
leaf_weight=216.60730129480362 118.33520710468292 579.2892020046711 517.214061409235 26530.557869702578 2242.1186046302319 248.82023864984512 209.21308013796806 378.91092997789383 138.44559919834137
leaf_count=327 167 839 854 39466 3722 356 330 571 208
internal_value=3.21208e-05 -0.000535916 6.67084e-05 5.85204e-05 7.46833e-05 -0.000260908 0.000201286 -0.000856151 -0.00159725
internal_weight=31179.5 1771.29 29408.2 29289.9 28772.7 1416.23 788.502 627.731 355.053
internal_count=46840 2631 44209 44042 43188 2096 1169 927 535
is_linear=0
shrinkage=0.02


Tree=252
num_leaves=11
num_cat=0
split_feature=33 20 20 20 33 14 14 15 14 42
split_gain=1.50285 1.7811 1.37441 1.01113 0.991616 0.862451 0.806221 0.794134 0.700476 0.658998
threshold=0.19999999999999998 -4.3689480113914341 4.9915709712567464 -3.6995081423627609 1.0500000000000003 11.500000000000002 9.5000000000000018 17.568283896578979 7.5000000000000009 0.45000000000000007
decision_type=2 2 2 2 2 2 2 2 2 2
left_child=1 9 4 -3 5 -2 -4 -6 -5 -1
right_child=2 3 6 8 7 -7 -8 -9 -10 -11
leaf_value=0.001996106702119642 -0.00010914876725107614 -0.0012371409106510468 0.0021958835487066921 0.00074112702082672788 -0.00065444702659205631 0.00028307335021173581 0.00012974980689150266 0.00034674919863495932 0.00014236274141132761 0
leaf_weight=295.61334466934204 13968.640757590532 198.93373289704323 162.94502577185631 854.78214192390442 1924.9857090115547 2660.809840708971 160.21538326144218 363.95620915293694 10508.604325771332 80.025623351335526
leaf_count=451 21356 295 252 1378 2941 3829 243 521 15455 119
internal_value=3.14541e-05 0.000207946 -7.75364e-05 0.000162804 -0.000100174 -4.57632e-05 0.0012094 -0.000490722 0.000188406 0.00156271
internal_weight=31179.5 11938 19241.6 11562.3 18918.4 16629.5 323.16 2288.94 11363.4 375.639
internal_count=46840 17698 29142 17128 28647 25185 495 3462 16833 570
is_linear=0
shrinkage=0.02


Tree=253
num_leaves=8
num_cat=0
split_feature=43 33 37 52 31 31 31
split_gain=1.45258 1.09295 1.0797 0.993107 0.877682 0.525182 0.534695
threshold=-1.0000000180025095e-35 1.0500000000000003 0.0019896142343955505 1.0000000180025095e-35 0.81612058987903358 1.1010114194654583 1.1640388979135063
decision_type=2 2 2 2 2 2 2
left_child=4 2 -2 -4 -1 -6 -7
right_child=1 -3 3 -5 5 6 -8
leaf_value=-0.00012939435747081785 -0.00081358018929429481 -0.00037286687623666874 0.0019342532076919812 0.00010787381705196726 -0.0017249273769715059 0.00094963214228123416 -0.00088467051294447059
leaf_weight=1017.5009422302246 504.4293574988842 2108.3656063079834 118.33520710468292 26677.095571935177 291.04459899663925 69.049923330545425 393.69088670611382
leaf_count=1514 835 3184 167 40023 420 101 596
internal_value=3.08467e-05 6.46655e-05 9.88472e-05 0.000116456 -0.00052444 -0.00104271 -0.000586531
internal_weight=31179.5 29408.2 27299.9 26795.4 1771.29 753.785 462.741
internal_count=46840 44209 41025 40190 2631 1117 697
is_linear=0
shrinkage=0.02


Tree=254
num_leaves=12
num_cat=0
split_feature=39 52 31 24 13 15 13 15 24 13 24
split_gain=1.38822 0.961564 0.982085 1.14328 0.954966 1.06143 0.983134 0.882346 0.895928 0.866732 0.697957
threshold=0.75000000000000011 1.0000000180025095e-35 1.1200480741671257 0.31275679461226646 0.14125109274087677 19.615100196400089 0.39009843596625787 8.2323350979791723 0.78275306096932307 2.2092548836962744 0.69298417627225695
decision_type=2 2 2 2 2 2 2 2 2 2 2
left_child=1 -1 3 -3 7 6 -6 10 -9 -4 -2
right_child=4 2 9 -5 5 -7 -8 8 -10 -11 -12
leaf_value=0.0019086454128358116 -0.00038349057758376652 -0.00035137428134618946 -0.00020153597631084819 0.00021126747327511404 0.00072106953789498123 0.0011225993138807115 -0.00025866663439141332 -0.00019341407739656508 -0.0010640304372964557 0.00065077957175406964 0.00089779974191981336
leaf_weight=115.41677030920982 452.47424954175949 1565.6740998625755 5631.0407206118107 16879.874484628439 470.80287149548531 296.93015086650848 2932.3273865878582 818.46145376563072 1234.1828336417675 515.24041494727135 267.08665785193443
leaf_count=162 644 2651 8358 25183 678 445 4576 1197 1718 848 380
internal_value=3.02093e-05 9.87973e-05 8.9742e-05 0.000162935 -0.000230024 -1.68852e-05 -0.000119845 -0.000510678 -0.000722278 -0.000128272 7.94103e-05
internal_weight=31179.5 24707.2 24591.8 18445.5 6472.27 3700.06 3403.13 2772.21 2052.64 6146.28 719.561
internal_count=46840 37202 37040 27834 9638 5699 5254 3939 2915 9206 1024
is_linear=0
shrinkage=0.02


Tree=255
num_leaves=6
num_cat=0
split_feature=24 22 46 42 40
split_gain=1.30723 1.04265 0.837308 1.40533 0.947326
threshold=2.2453353698666048 -3.9734998396232415 0.73214285714285732 2.3500000000000001 -0.048888185833791793
decision_type=2 2 2 2 2
left_child=1 -1 4 -4 -3
right_child=-2 2 3 -5 -6
leaf_value=0.0017725182856368484 0.0021041902798115855 0.0001099905584050095 6.2665378021702588e-05 -0.002670353187087604 -0.00035852729905205182
leaf_weight=130.55260702967644 116.85794621706009 2655.7396915853024 23329.914816111326 73.358037233352661 4787.2306190431118
leaf_count=195 191 3949 35091 98 7176
internal_value=1.06503e-05 2.29444e-06 -4.98806e-06 5.3444e-05 -0.000190027
internal_weight=31093.7 30976.8 30846.2 23403.3 7442.97
internal_count=46700 46509 46314 35189 11125
is_linear=0
shrinkage=0.02


Tree=256
num_leaves=11
num_cat=0
split_feature=25 12 45 40 47 20 12 46 12 12
split_gain=1.1381 1.01935 1.31698 1.10103 1.54154 1.05509 0.956651 0.920958 0.919374 0.979508
threshold=2.3666666666666671 17.878756878271378 1.0000000180025095e-35 -0.0011323480898167498 0.63076933939126745 -2.8693529091551464 17.593057031283568 0.5277777777777779 19.338957048606854 18.759846573949513
decision_type=2 2 2 2 2 2 2 2 2 2
left_child=1 2 6 5 -5 -3 -1 -4 9 -2
right_child=8 3 7 4 -6 -7 -8 -9 -10 -11
leaf_value=0.00022269895046575446 0.0012360111089759005 0.00073859714675866665 -0.0008787194845579835 -0.00061441937959241029 1.1323719334685625e-05 0.00011952462981619467 0.0030727205010356224 -0.00018460628620335095 0.002702471442919322 -0.0011038403725546235
leaf_weight=143.79689878225327 219.21843093633652 1222.1495130062103 926.12071913480759 1872.3657718300819 9675.6972934603691 11973.727699518204 75.350174367427826 4783.6401190459728 101.43005296587944 100.15704417228699
leaf_count=212 330 1849 1376 2825 14659 17902 107 7169 138 133
internal_value=1.04451e-05 -3.43552e-06 -0.000239234 5.26748e-05 -8.93553e-05 0.000177722 0.00126678 -0.00029921 0.00104109 0.000468808
internal_weight=31093.7 30672.8 5928.91 24743.9 11548.1 13195.9 219.147 5709.76 420.806 319.375
internal_count=46700 46099 8864 37235 17484 19751 319 8545 601 463
is_linear=0
shrinkage=0.02


Tree=257
num_leaves=11
num_cat=0
split_feature=25 22 22 22 13 33 40 22 22 33
split_gain=1.09356 1.47969 1.4324 1.2238 0.91382 1.86495 1.75864 1.09388 0.717625 0.723722
threshold=2.3666666666666671 0.42314351391517985 -0.54621174158492247 2.0785309861851311 2.2092548836962744 -0.24999999999999992 -0.012155972198522698 1.1359518686376175 -3.9734998396232415 0.95000000000000007
decision_type=2 2 2 2 2 2 2 2 2 2
left_child=4 2 -2 -3 8 7 -7 -6 -1 -10
right_child=1 3 -4 -5 5 6 -8 -9 9 -11
leaf_value=0.0014645394135874513 0.00025323674271639197 -0.0010048910522782195 0.0040093973630207962 0.0019574135698693569 0.0022192517676235947 0.00076732296783927983 -0.00042614159359725696 -0.00019937162365554149 -7.3898227152915346e-06 -0.00033985064016001343
leaf_weight=124.67377984523773 79.301014095544815 161.23211747407913 97.530371397733688 82.742025107145309 299.05801022052765 910.60204833745956 1066.4339637458324 89.366346627473831 25253.045215010643 2929.6688253581524
leaf_count=185 112 228 135 126 477 1502 1825 150 37559 4401
internal_value=1.02559e-05 0.00102054 0.00240252 0 -3.34401e-06 0.000373761 0.000118723 0.00163901 -3.52336e-05 -4.23265e-05
internal_weight=31093.7 420.806 176.831 243.974 30672.8 2365.46 1977.04 388.424 28307.4 28182.7
internal_count=46700 601 247 354 46099 3954 3327 627 42145 41960
is_linear=0
shrinkage=0.02


Tree=258
num_leaves=6
num_cat=0
split_feature=24 22 12 45 23
split_gain=1.2179 0.969399 0.963994 1.26609 1.0549
threshold=2.2453353698666048 -3.9734998396232415 17.878756878271378 1.0000000180025095e-35 1.2299167717913082
decision_type=2 2 2 2 2
left_child=1 -1 3 -3 -4
right_child=-2 2 4 -5 -6
leaf_value=0.0017089091242437193 0.0020307983346745172 0.001242870055437452 0.00011747741214167435 -0.00029229526538869353 -0.00019997959263183597
leaf_weight=130.55260702967644 116.85794621706009 219.14707314968109 19579.204398661852 5739.9072871208191 5307.984405040741
leaf_count=195 191 319 29124 8590 8281
internal_value=1.00619e-05 1.98542e-06 -5.02507e-06 -0.000233763 4.93572e-05
internal_weight=31093.7 30976.8 30846.2 5959.05 24887.2
internal_count=46700 46509 46314 8909 37405
is_linear=0
shrinkage=0.02


Tree=259
num_leaves=12
num_cat=0
split_feature=25 22 22 22 12 53 45 33 22 22 33
split_gain=1.04255 1.41834 1.37263 1.17809 0.942789 1.47497 1.39091 1.09526 0.872732 2.10651 0.864142
threshold=2.3666666666666671 0.42314351391517985 -0.54621174158492247 2.0785309861851311 17.878756878271378 1.7500000000000002 1.0000000180025095e-35 0.55000000000000016 0.61255389727112519 0.68903266068296587 0.65000000000000013
decision_type=2 2 2 2 2 2 2 2 2 2 2
left_child=4 2 -2 -3 5 6 -1 -7 10 -10 -6
right_child=1 3 -4 -5 8 7 -8 -9 9 -11 -12
leaf_value=0.0012422748138512846 0.00024276015801866978 -0.0009887562013078193 0.0039223983775245356 0.0019177225559018096 0.00022402360155540955 0.0020433011881831466 -0.00037222852957268204 -0.00026009953337197551 -0.0013661912129542659 -3.3350514033114079e-05 -0.00010109625167887755
leaf_weight=217.75933486223221 79.301014095544815 161.23211747407913 97.530371397733688 82.742025107145309 11976.333307474852 190.46808367967606 5388.9032557308674 131.77723705768585 504.44044986367226 7814.8900875151157 4448.2764329612255
leaf_count=317 112 228 135 126 17888 268 8096 183 756 11893 6698
internal_value=9.87305e-06 0.000996319 0.00234933 0 -3.39823e-06 -0.000230179 -0.000307319 0.00107473 5.0551e-05 -0.000115678 0.000135361
internal_weight=31093.7 420.806 176.831 243.974 30672.8 5928.91 5606.66 322.245 24743.9 8319.33 16424.6
internal_count=46700 601 247 354 46099 8864 8413 451 37235 12649 24586
is_linear=0
shrinkage=0.02


Tree=260
num_leaves=15
num_cat=0
split_feature=19 19 20 13 44 34 27 51 2 2 27 3 34 44
split_gain=1.3459 1.30129 1.37398 2.84619 1.2161 0.903839 0.878956 1.97716 1.48446 1.49411 1.29774 1.00499 0.735492 0.732619
threshold=1.596167250305115 2.0919257983981461 2.255490629012606 0.3151526595041636 0.96429734758091701 0.68069689682801704 1.0976203591846401 0.8169829182992161 37.888750000000009 29.279333333333337 1.1856904713293663 42.614943911331238 0.41630649477590792 1.4103977275224404
decision_type=2 2 2 2 2 2 2 2 2 2 2 2 2 2
left_child=6 4 5 -4 -2 -3 8 10 9 -1 -8 -9 -10 -6
right_child=1 2 3 -5 13 -7 7 11 12 -11 -12 -13 -14 -15
leaf_value=-0.00014166091753567951 -3.4814523205158732e-05 0.00038024929960564979 -0.002531145087078491 0.00028119947505149704 0.0016238570053814221 -0.00049808085542153745 -0.0015490546634440694 0.00043741738430906591 -0.0032081095612307687 0.00024840006740942751 -0.00048564577771846487 -0.00027489637492640498 -0.00046258815738452913 0.00059926932290594985
leaf_weight=14356.485128939152 648.30071517825127 2118.5421539843082 242.90341299772263 335.28156527876854 498.09453821182251 591.79561978578568 608.99294024705887 1278.7699823975563 85.194574803113937 5396.7273865640163 2089.4516324400902 2074.8145915865898 90.118316978216171 750.3526226580143
leaf_count=21520 983 3322 354 520 757 919 874 1827 130 8191 3001 3070 141 1164
internal_value=-5.71853e-05 0.000236317 -1.3573e-06 -0.000887721 0.000653222 0.000184555 -0.000116162 -0.000327525 -5.14454e-05 -3.45727e-05 -0.000730312 -2.01976e-07 -0.00187433 0.00101799
internal_weight=31165.8 5185.27 3288.52 578.185 1896.75 2710.34 25980.6 6052.03 19928.5 19753.2 2698.44 3353.58 175.313 1248.45
internal_count=46773 8019 5115 874 2904 4241 38754 8772 29982 29711 3875 4897 271 1921
is_linear=0
shrinkage=0.02


Tree=261
num_leaves=14
num_cat=0
split_feature=19 19 20 14 26 51 6 46 4 46 34 20 15
split_gain=1.29288 1.25004 1.31891 1.68463 1.04507 1.9121 1.69544 1.17872 1.2657 0.985956 0.868309 0.740002 0.716689
threshold=1.596167250305115 2.0919257983981461 2.255490629012606 10.500000000000002 1.4722222222222225 1.621946852990704 4.5000000000000009 0.73214285714285732 20.879389831376994 0.5277777777777779 0.68069689682801704 -2.8693529091551464 22.296422430853109
decision_type=2 2 2 2 2 2 2 2 2 2 2 2 2
left_child=4 9 10 -4 7 6 -6 8 -1 -2 -3 -11 -9
right_child=1 2 3 -5 5 -7 -8 12 -10 11 -12 -13 -14
leaf_value=0.00063735284350572945 -0.00060949737497625845 0.00037265147443127654 -0.00018698055838933041 -0.0026447680573097325 -0.00046107567966656156 0.0026055952324990218 -0.0025446484065963547 -8.5241740756088351e-06 -0.00040254057316122346 0.0023439194163834835 -0.0004881527900636433 0.00067814557011339302 0.00091605494704184698
leaf_weight=502.61956503987312 213.48570719361305 2118.5421539843082 423.22489124536514 154.96008703112602 2101.757699072361 72.777204066514969 170.29887714982033 17248.798998326063 5544.5227587521076 119.69361841678619 591.79561978578568 1563.5685504376888 339.77945154905319
leaf_count=774 323 3322 642 232 3021 115 239 25788 8281 192 919 2389 536
internal_value=-5.60616e-05 0.000231589 -1.29816e-06 -0.000869777 -0.00011387 -0.000517119 -0.000623745 -7.34013e-05 -0.000314273 0.000640204 0.000180789 0.000805171 8.87065e-06
internal_weight=31165.8 5185.27 3288.52 578.185 25980.6 2344.83 2272.06 23635.7 6047.14 1896.75 2710.34 1683.26 17588.6
internal_count=46773 8019 5115 874 38754 3375 3260 35379 9055 2904 4241 2581 26324
is_linear=0
shrinkage=0.02


Tree=262
num_leaves=10
num_cat=0
split_feature=6 26 47 17 41 41 1 2 2
split_gain=1.01188 1.20905 0.995998 1.42927 1.21026 1.46105 0.989485 0.899035 0.695042
threshold=6.5000000000000009 0.35416666666666669 0.66056374232393711 0.68599704940507511 2.072495528261348 1.9969210440383864 24.058166666666672 13.292442129629631 17.583250000000003
decision_type=2 2 2 2 2 2 2 2 2
left_child=2 -2 3 8 5 -4 -6 -5 -1
right_child=1 -3 4 7 6 -7 -8 -9 -10
leaf_value=0.00021295192173686521 0.00061850632689445606 -0.00076055839967908393 1.5887322432443374e-05 0.00034212236060497767 -0.00017691081246358787 -0.0023147951474693745 0.0014476406419509646 -0.00049953064543576168 0.0017673070523458554
leaf_weight=584.19146063923836 298.15368005633354 1461.7378005087376 23175.385066539049 561.62890934944153 215.1562794148922 106.07017758488655 423.77098402380943 4191.2123295962811 148.51849433779716
leaf_count=890 447 2110 34814 826 336 166 695 6262 227
internal_value=-5.49465e-05 -0.00052081 -2.66919e-05 -0.000269877 2.86766e-05 4.64133e-06 0.000886132 -0.00039787 0.00054558
internal_weight=31165.8 1759.89 29405.9 5485.55 23920.4 23281.5 638.927 4752.84 732.71
internal_count=46773 2557 44216 8205 36011 34980 1031 7088 1117
is_linear=0
shrinkage=0.02


Tree=263
num_leaves=14
num_cat=0
split_feature=19 19 47 23 26 6 34 47 47 17 19 13 23
split_gain=1.23949 1.20239 1.08387 1.03457 1.00715 1.29738 1.53432 0.989186 1.27497 1.08087 0.943719 1.42855 0.894002
threshold=1.596167250305115 2.0919257983981461 0.66056374232393711 1.1112615160841066 1.4722222222222225 4.5000000000000009 0.27820700423002737 2.428645416826912 2.3810848956660604 2.143683762554121 2.2139228185846709 2.3251849958155941 1.4146639793090079
decision_type=2 2 2 2 2 2 2 2 2 2 2 2 2
left_child=4 2 3 -2 7 6 -6 8 -1 -9 -3 -12 -4
right_child=1 10 12 -5 5 -7 -8 9 -10 -11 11 -13 -14
leaf_value=-0.00010461587929670991 0.00070870753137401211 -0.00099108203877478797 0.0010729921355132237 -0.0015174772729413901 -0.0015067476210753714 -0.0021523681819159562 -0.00011058230946491504 0.0018341917891227428 -0.0018038006370800458 0.00017288805760578543 -3.7138428720630871e-05 0.0013778508608321782 -0.00013167813016784225
leaf_weight=20518.832821816206 158.00631949305534 344.33768677711487 1286.5461527407169 165.73916620016098 386.05647248029709 177.47848880290985 1781.2988190054893 166.2775639295578 177.0218431353569 2773.5885447859764 2627.4594694674015 316.72559580206871 286.45623761415482
leaf_count=30714 236 531 1951 255 576 251 2548 262 263 4140 4007 577 462
internal_value=-5.38275e-05 0.000227813 0.000628558 -0.000402592 -0.000110436 -0.000506303 -0.000365041 -7.07008e-05 -0.000119806 0.000271433 -5.30833e-07 0.000112519 0.000847374
internal_weight=31165.8 5185.27 1896.75 323.745 25980.6 2344.83 2167.36 23635.7 20695.9 2939.87 3288.52 2944.19 1573
internal_count=46773 8019 2904 491 38754 3375 3124 35379 30977 4402 5115 4584 2413
is_linear=0
shrinkage=0.02


Tree=264
num_leaves=15
num_cat=0
split_feature=19 20 19 13 26 3 6 46 4 44 47 46 4 4
split_gain=1.19008 1.15946 1.18148 1.72895 0.968271 1.27867 1.56471 1.09972 1.19067 0.865806 1.60356 0.8713 0.746606 0.714942
threshold=1.596167250305115 2.255490629012606 1.8181290495469935 0.30427145889085688 1.4722222222222225 32.660381283979866 4.5000000000000009 0.73214285714285732 20.879389831376994 0.93296501865109693 1.35838546354122 0.23611111111111113 26.080389425958966 39.695047020159365
decision_type=2 2 2 2 2 2 2 2 2 2 2 2 2 2
left_child=4 9 -3 -4 7 12 -7 8 -1 11 -11 -2 -6 -9
right_child=1 2 3 -5 5 6 -8 13 -10 10 -12 -13 -14 -15
leaf_value=0.00062086068992394988 0.0018361688510368235 0.0012554239590077257 -0.0019085673098379785 5.3041012301290855e-05 -0.00065842920630149095 -0.00051617772411052321 -0.002638708433513934 0.00017943029529039371 -0.00038759887418282098 0.0012276639909786389 0.00021409023523549016 -0.00015316621532048216 0.0013661348793137774 -8.5552597916007203e-05
leaf_weight=502.61956503987312 91.726212233304977 131.0608956515789 306.50620603561401 407.63163048028946 101.70842161774635 1880.5491756498814 151.75702092051506 6391.0207094550133 5544.5227587521076 962.04788818955421 1866.1223932802677 1420.1754022240639 210.81916210055351 11197.557740420103
leaf_count=774 133 198 445 632 151 2700 213 9613 8281 1500 2942 2169 311 16711
internal_value=-5.27743e-05 0.000223183 -0.000448572 -0.000777892 -0.000108248 -0.000496411 -0.000682026 -6.92781e-05 -0.000301948 0.000356452 0.000563031 -2.36026e-05 0.000675473 1.01731e-05
internal_weight=31165.8 5185.27 845.199 714.138 25980.6 2344.83 2032.31 23635.7 6047.14 4340.07 2828.17 1511.9 312.528 17588.6
internal_count=46773 8019 1275 1077 38754 3375 2913 35379 9055 6744 4442 2302 462 26324
is_linear=0
shrinkage=0.02


Tree=265
num_leaves=10
num_cat=0
split_feature=32 37 1 51 19 37 1 51 19
split_gain=1.55563 1.45792 1.40341 1.38035 1.25428 1.02495 1.16432 1.05801 0.51669
threshold=0.45000000000000007 0.0019896142343955505 37.444166666666668 2.1006363217219781 1.10284479104155 1.1652887030588521 31.611166666666666 1.2138061593770713 -0.47105166496231371
decision_type=2 2 2 2 2 2 2 2 2
left_child=2 8 5 4 -3 6 -1 -7 -2
right_child=1 3 -4 -5 -6 7 -8 -9 -10
leaf_value=-0.00023427724612387063 0 2.7090687477888449e-05 -0.002525683324477473 -0.001624114590985013 0.00037284885025220415 -0.0012154375438365045 0.00054885965463632124 0.00054601650590658233 -0.0017049920611389028
leaf_weight=5866.393722653389 114.45444703102112 17243.546143144369 105.75552377104759 182.00152140855789 5577.568524479866 690.69406387209892 864.61288270354271 159.91993746161461 242.50782009959221
leaf_count=8903 183 25517 173 315 8470 1041 1367 263 404
internal_value=-3.27069e-06 7.76173e-05 -0.000250326 9.77474e-05 0.000112059 -0.000216611 -0.000132063 -0.000872042 -0.00118505
internal_weight=31047.5 23360.1 7687.38 23003.1 22821.1 7581.62 6731.01 850.614 356.962
internal_count=46636 34889 11747 34302 33987 11574 10270 1304 587
is_linear=0
shrinkage=0.02


Tree=266
num_leaves=10
num_cat=0
split_feature=37 46 6 24 2 47 25 14 24
split_gain=1.43575 1.01946 1.2066 1.03546 1.00377 0.93189 1.03219 0.696319 0.672474
threshold=0.0019896142343955505 0.73214285714285732 6.5000000000000009 1.8093541491699188 30.045416666666672 0.33634544783410969 1.2916666666666667 9.5000000000000018 0.96105684041984962
decision_type=2 2 2 2 2 2 2 2 2
left_child=7 5 3 -3 -4 8 -7 -1 -2
right_child=1 2 4 -5 -6 6 -8 -9 -10
leaf_value=-0.00024244100039769442 0.00013369428400931112 9.3806573940873793e-05 -5.4991433789777457e-05 0.0011065737605622764 -0.0012220050424986203 -0.00021875254231170659 -0.001178108020546757 -0.0017794778570850692 0.0017302005158595826
leaf_weight=246.1695936024189 1177.621153563261 21676.336940526962 772.7394734621048 411.78629946708679 494.99171090126038 5394.9292070865631 495.28418865799904 260.92516016960144 116.67085918784142
leaf_count=404 1741 32609 1118 634 710 8101 713 431 175
internal_value=-3.21823e-06 1.4017e-05 7.84115e-05 0.000113239 -0.00051974 -0.000193893 -0.000301491 -0.00105685 0.000287769
internal_weight=31047.5 30540.4 23355.9 22088.1 1267.73 7184.51 5890.21 507.095 1294.29
internal_count=46636 45801 35071 33243 1828 10730 8814 835 1916
is_linear=0
shrinkage=0.02


Tree=267
num_leaves=12
num_cat=0
split_feature=32 0 39 47 37 47 24 17 24 27 13
split_gain=1.48975 1.69594 1.47945 1.53005 1.35473 1.05232 1.02004 1.60388 1.13524 0.992693 0.579639
threshold=0.45000000000000007 34.429381013796828 0.75000000000000011 1.3394371242975771 0.0019896142343955505 2.9315994443268019 1.8093541491699188 2.7175484434224217 1.7090904247144743 0.9999711116606832 0.24075079837500812
decision_type=2 2 2 2 2 2 2 2 2 2 2
left_child=1 2 3 -1 -2 10 8 -8 -6 -4 -3
right_child=4 5 9 -5 6 -7 7 -9 -10 -11 -12
leaf_value=-0.00024593707036039129 -0.001141075946885541 -0.0021404628993743026 -0.00047952996506134298 0.00047059762175480065 9.1351042930265164e-05 -0.0036243782580969988 -0.00015313546853809262 0.0022523501087552719 -0.001320427513680792 -0.0017892583435035279 0.00023939185765374345
leaf_weight=4097.2499373853207 356.96226713061333 67.491830736398697 1385.0277907252312 1675.9594645500183 22349.154419124126 89.41609662771225 207.46119371056557 219.10189244151115 227.39868375658989 288.7194647192955 83.511545717716217
leaf_count=6193 587 101 2113 2629 33323 127 345 302 332 449 135
internal_value=-3.16241e-06 -0.000244936 -0.000189799 -3.6105e-05 7.59871e-05 -0.00189589 9.54057e-05 0.00106384 7.65725e-05 -0.00071329 -0.000773015
internal_weight=31047.5 7687.38 7446.96 5773.21 23360.1 240.419 23003.1 426.563 22576.6 1673.75 151.003
internal_count=46636 11747 11384 8822 34889 363 34302 647 33655 2562 236
is_linear=0
shrinkage=0.02


Tree=268
num_leaves=13
num_cat=0
split_feature=45 50 19 44 24 27 24 19 46 50 17 45
split_gain=1.1553 1.36825 2.67451 1.33545 1.33025 2.33871 1.20818 1.19522 1.04728 1.03677 0.943111 0.770955
threshold=0.90000000000000013 0.23314645089319083 1.548101488398226 1.9429409826734232 1.4783451841957844 1.3827307294094453 1.6725402239464091 2.0919257983981461 3.1180555555555558 0.17228920138913573 1.4091889110355782 1.0000000180025095e-35
decision_type=2 2 2 2 2 2 2 2 2 2 2 2
left_child=4 2 9 -4 5 11 -6 8 -3 -2 -7 -1
right_child=1 7 3 -5 6 10 -8 -9 -10 -11 -12 -13
leaf_value=0.00049063961102954214 1.0201132152540514e-05 6.8333960980559029e-05 0.0011133643249636412 -4.1675958376027018e-06 0.0026092260472334173 -0.00064371975891490169 -5.7110429029545804e-05 -0.00080211290544577305 -0.0008965000559678167 0.00061009629993661685 -0.003088441245822568 -0.0002021940756419361
leaf_weight=679.23317366838455 11306.793567180634 3923.5998457968235 1650.7449063956738 553.09669229388237 127.49786975979805 130.78383013606071 128.02755770087242 1018.0570060908794 505.15546679496765 1286.1107992231846 150.77154353260994 9587.5823280513287
leaf_count=1015 16875 5869 2509 902 192 191 198 1599 743 1908 221 14414
internal_value=-3.12859e-06 8.56689e-05 0.000185761 0.000828615 -0.000170421 -0.000205871 0.00124439 -0.000184373 -3.98156e-05 7.23494e-05 -0.00200067 -0.000155297
internal_weight=31047.5 20243.6 14796.7 2203.84 10803.9 10548.4 255.525 5446.81 4428.76 12592.9 281.555 10266.8
internal_count=46636 30405 22194 3411 16231 15841 390 8211 6612 18783 412 15429
is_linear=0
shrinkage=0.02


Tree=269
num_leaves=13
num_cat=0
split_feature=45 52 24 27 51 24 24 24 0 43 45 34
split_gain=1.10975 1.44254 1.27712 2.24902 1.24693 1.18975 1.7167 1.16226 1.10731 0.864415 0.740642 0.557717
threshold=0.90000000000000013 0.8500000000000002 1.4783451841957844 1.3827307294094453 2.1006363217219781 1.8093541491699188 1.7090904247144743 1.6725402239464091 29.196586087225629 0.35000000000000003 1.0000000180025095e-35 0.48141015533284243
decision_type=2 2 2 2 2 2 2 2 2 2 2 2
left_child=2 4 3 10 9 6 -3 -4 -7 -2 -1 -5
right_child=1 5 7 11 -6 8 -8 -9 -10 -11 -12 -13
leaf_value=0.00048085560514786729 0.00025146323541062334 -6.0244920532697456e-06 0.0025578474343747621 -0.0028212772883593829 -0.0017256901807292916 -0.00077245158727992538 -0.001954043282963227 -5.5985812906305231e-05 0.0018666235048418712 0.00086114823592227461 -0.00019815103523329968 -0.00087450142058999043
leaf_weight=679.23317366838455 2820.8883902132511 15372.101286500692 127.49786975979805 150.3473744392395 103.2587623000145 78.309482425451279 181.26726031303406 128.02755770087242 244.10910654067993 1443.6239954829216 9587.5823280513287 131.20799922943115
leaf_count=1015 4399 22872 192 220 166 140 267 198 336 2225 14414 192
internal_value=-3.06704e-06 8.39557e-05 -0.000167035 -0.000201786 0.000405766 -3.99145e-06 -2.96189e-05 0.00121913 0.00119401 0.000460505 -0.000152171 -0.00196189
internal_weight=31047.5 20243.6 10803.9 10548.4 4367.77 15875.8 15553.4 255.525 322.419 4264.51 10266.8 281.555
internal_count=46636 30405 16231 15841 6790 23615 23139 390 476 6624 15429 412
is_linear=0
shrinkage=0.02


Tree=270
num_leaves=12
num_cat=0
split_feature=43 3 2 45 45 24 34 42 3 3 23
split_gain=1.31675 1.35605 1.31991 1.24209 1.29674 1.05522 1.27331 1.05704 0.717673 1.38904 1.16448
threshold=0.35000000000000003 47.388563694798336 38.690083333333341 4.366666666666668 3.7750000000000004 0.57462165755400429 0.42342097221110131 0.75000000000000011 29.869186711825879 37.919717312897653 0.15559944410800389
decision_type=2 2 2 2 2 2 2 2 2 2 2
left_child=1 8 5 4 -3 7 -7 -2 10 -10 -1
right_child=2 3 -4 -5 -6 6 -8 -9 9 -11 -12
leaf_value=0.002532579130504981 0.00012267790509950811 -0.00043329874831978102 -0.0017998183154194997 0.0012518359088389422 -0.0020136840174326022 7.8824155764995503e-06 0.00047285407157053599 -0.00062558709391747139 -0.00031726824072618269 0.00011338277587251036 0.0002112855645027914
leaf_weight=89.34437882900238 2259.1110185980797 3037.012835919857 133.27180454134941 156.10229703783989 226.22442832589149 4016.2727999091148 5852.6977120041847 1121.9843616187572 5414.669341802597 6659.0984903872013 2148.6807674765587
leaf_count=126 3565 4733 195 231 349 6135 8257 1702 8003 10149 3283
internal_value=9.15503e-06 -0.000103535 0.000159194 -0.000461356 -0.000547088 0.000179921 0.000284682 -0.000122894 -1.72937e-05 -7.89418e-05 0.000310597
internal_weight=31114.5 17731.1 13383.3 3419.34 3263.24 13250.1 9868.97 3381.1 14311.8 12073.8 2238.03
internal_count=46728 26874 19854 5313 5082 19659 14392 5267 21561 18152 3409
is_linear=0
shrinkage=0.02


Tree=271
num_leaves=9
num_cat=0
split_feature=13 20 26 33 20 32 3 3
split_gain=1.04819 1.89822 1.20624 1.14693 1.02862 1.03008 1.81328 0.962278
threshold=2.1687485704780323 4.1271819338291982 1.6458333333333337 0.45000000000000007 -7.4917074892434874 0.75000000000000011 27.122226888950667 49.488823955933718
decision_type=2 2 2 2 2 2 2 2
left_child=4 2 3 -2 -1 7 -7 -6
right_child=1 -3 -4 -5 5 6 -8 -9
leaf_value=0.0019154046941084295 0.00055809670678293134 0.0031674561676751836 0.0020608781037797768 -0.00034799326183866441 -0.00010484598007042392 0.0011587149718617297 4.4264385066145109e-05 -0.00080151407111256779
leaf_weight=106.68662643432617 1302.3589331805706 94.184999376535416 143.09438320994377 963.17754027247429 14594.627580195665 612.44795498251915 12454.561432600021 843.33078619837761
leaf_count=167 2157 151 226 1634 21701 907 18430 1355
internal_value=8.97774e-06 0.000401533 0.000286691 0.000168501 -2.50374e-05 -3.27846e-05 9.74329e-05 -0.000143649
internal_weight=31114.5 2502.82 2408.63 2265.54 28611.7 28505 13067 15438
internal_count=46728 4168 4017 3791 42560 42393 19337 23056
is_linear=0
shrinkage=0.02


Tree=272
num_leaves=12
num_cat=0
split_feature=3 32 1 42 42 2 32 44 44 1 23
split_gain=0.785985 1.26003 0.952806 0.879673 0.84832 1.1286 0.894448 0.824377 1.34675 1.18227 0.638444
threshold=30.48215109377627 1.0500000000000003 32.135166666666677 0.55000000000000016 0.35000000000000003 38.690083333333341 0.75000000000000011 2.5325371254339806 3.6009515540321604 27.158833333333337 0.15559944410800389
decision_type=2 2 2 2 2 2 2 2 2 2 2
left_child=1 2 10 -3 7 6 -6 9 -9 -2 -1
right_child=4 3 -4 -5 5 -7 -8 8 -10 -11 -12
leaf_value=0.0013298044208738394 -0.00024516773636335578 0.0017603910749068527 0.0018770331228069703 5.6211362262154777e-05 -6.7646416903395387e-05 -0.0016851553486108984 0.00025202159375754644 -0.0008413399623366923 0.00080420402247633989 0.00017196625463723124 0
leaf_weight=148.76812508702278 7190.1712454259396 351.38476139307022 118.1537458896637 203.5123056769371 6747.8823184967041 141.1731786429882 7191.8993734717369 1283.1856853663921 227.67018857598305 4340.9896700680256 3169.6796383559704
leaf_count=210 10816 519 196 317 10078 207 10629 1996 330 6683 4747
internal_value=8.82087e-06 0.000271027 0.000124673 0.00115577 -2.94147e-05 7.77638e-05 9.65739e-05 -0.000145892 -0.000586028 -8.72649e-05 5.81752e-05
internal_weight=31114.5 3991.5 3436.6 554.897 27123 14081 13939.8 13042 1510.86 11531.2 3318.45
internal_count=46728 5989 5153 836 40739 20914 20707 19825 2326 17499 4957
is_linear=0
shrinkage=0.02


Tree=273
num_leaves=11
num_cat=0
split_feature=34 24 3 37 51 24 33 37 37 13
split_gain=1.00902 1.97892 1.07251 0.9891 1.40769 1.03124 0.824849 0.764169 1.40179 0.704847
threshold=0.23132363433913131 0.26897687646764573 30.48215109377627 0.16077764949595999 2.1006363217219781 0.33749703048309221 1.0500000000000003 0.026528481770781206 0.069779947755511967 2.6388840847073296
decision_type=2 2 2 2 2 2 2 2 2 2
left_child=3 -2 9 7 5 -5 -4 -1 -9 -3
right_child=1 2 6 4 -6 -7 -8 8 -10 -11
leaf_value=-0.00039331803285859733 -0.00083632894226312788 0.00041554580708538796 0.00010826185565965648 0.00061251332501965851 -0.003190588108854084 -0.00053748323761710574 -0.00034796854821226414 0.00060203010338361691 -0.00014957559664656279 0.0019862398364027295
leaf_weight=1607.6886818110943 898.2882906794548 2602.2106783092022 16893.842351078987 346.16223806142807 73.242843896150589 2534.5877284705639 1739.6494613289833 1537.5591116249561 2759.1572427749634 122.08160841464996
leaf_count=2471 1541 3802 24916 627 138 3998 2536 2291 4209 199
internal_value=8.65699e-06 8.08167e-05 0.000119934 -0.000171488 -0.000470295 -0.000395497 6.50981e-05 -2.01917e-05 0.000117212 0.000491006
internal_weight=31114.5 22256.1 21357.8 8858.4 2953.99 2880.75 18633.5 5904.41 4296.72 2724.29
internal_count=46728 32994 31453 13734 4763 4625 27452 8971 6500 4001
is_linear=0
shrinkage=0.02


Tree=274
num_leaves=11
num_cat=0
split_feature=34 20 20 20 26 37 37 37 3 3
split_gain=0.969379 1.25745 1.18233 1.26518 1.04362 0.949947 0.733834 1.34646 0.731006 0.704626
threshold=0.23132363433913131 0.76087854306782543 1.5381141529855535 4.1271819338291982 0.64583333333333337 0.16077764949595999 0.026528481770781206 0.069779947755511967 40.625015793692889 49.934496467225848
decision_type=2 2 2 2 2 2 2 2 2 2
left_child=5 8 4 -4 -3 6 -1 -8 -2 -10
right_child=1 2 3 -5 -6 -7 7 -9 9 -11
leaf_value=-0.00038546145967282945 0.00013248692893751037 0.00010172041578296543 -4.8396378720714974e-05 0.00090552010607089094 0.00096280001252369159 -0.00046093112851343799 0.00059000511678810512 -0.00014658625288801579 -0.0001982686532901222 0.00045272318743137037
leaf_weight=1607.6886818110943 6992.7664659023285 914.28037291765213 3512.1685198545456 655.62041774392128 1591.064308911562 2953.9928104281425 1537.5591116249561 2759.1572427749634 7873.702761888504 716.4695425927639
leaf_count=2471 10365 1358 5163 956 2293 4763 2291 4209 11659 1200
internal_value=8.46877e-06 7.92027e-05 0.000308971 9.96251e-05 0.000652885 -0.000168094 -1.97875e-05 0.000114825 -1.8577e-05 -0.000142716
internal_weight=31114.5 22256.1 6673.13 4167.79 2505.34 8858.4 5904.41 4296.72 15582.9 8590.17
internal_count=46728 32994 9770 6119 3651 13734 8971 6500 23224 12859
is_linear=0
shrinkage=0.02


Tree=275
num_leaves=12
num_cat=0
split_feature=39 20 33 6 33 8 33 43 20 20 33
split_gain=1.04687 0.840191 1.59602 0.79256 1.22274 1.32362 0.85881 0.915145 0.762303 0.617755 0.574006
threshold=0.75000000000000011 0.21819770056616503 -1.0000000180025095e-35 4.5000000000000009 1.1500000000000004 3.5000000000000004 1.1500000000000004 -1.0000000180025095e-35 -2.7459554000561517 -4.9250128765486449 -0.74999999999999989
decision_type=2 2 2 2 2 2 2 2 2 2 2
left_child=3 8 -3 4 10 -6 7 -5 9 -2 -1
right_child=1 2 -4 6 5 -7 -8 -9 -10 -11 -12
leaf_value=-0.00074343415264801842 -0.0011416546615239463 0.0014779455187587012 -0.00016489422885556317 -0.0025871387946610975 8.5307993556706324e-05 -0.001357117950444967 0.0015052188455215094 -0.00034209936666219237 -0.00059366822115739534 0.00053243387764394723 9.4647532267939092e-05
leaf_weight=327.69759228825569 105.20371574163437 258.89158365130424 2524.4281642436981 75.088366776704788 489.32133850455284 501.66278576850891 92.212817043066025 2114.4020297527313 3129.7841794788837 452.44187435507774 20957.472316324711
leaf_count=476 165 369 3712 103 743 772 140 3077 4703 697 31630
internal_value=-4.72208e-05 -0.000273559 -7.54308e-06 1.20274e-05 4.87939e-05 -0.000636079 -0.000342272 -0.000425947 -0.000471528 0.000195786 8.12064e-05
internal_weight=31028.6 6470.75 2783.32 24557.9 22276.2 990.984 2281.7 2189.49 3687.43 557.646 21285.2
internal_count=46587 9646 4081 36941 33621 1515 3320 3180 5565 862 32106
is_linear=0
shrinkage=0.02


Tree=276
num_leaves=9
num_cat=0
split_feature=6 33 20 20 26 20 51 31
split_gain=0.901807 1.31512 0.903768 0.868862 1.53865 0.699598 0.745542 0.611552
threshold=5.5000000000000009 1.1500000000000004 -2.8693529091551464 -1.5065785189169618 0.5277777777777779 -7.4917074892434874 1.1270948127715126 0.86674654798183048
decision_type=2 2 2 2 2 2 2 2
left_child=1 5 -3 -2 -5 -1 -7 -4
right_child=3 2 7 4 -6 6 -8 -9
leaf_value=0.0017676927115803807 -0.0012085813772324159 0.0012399250003387286 -0.00033953376092455382 0.00066855483353768486 -0.00063508394686487063 -5.165212683287258e-05 0.00018964201470020238 -0.0012115078729584867
leaf_weight=88.787184953689575 466.86825013160706 94.407282650470734 776.38305419683456 521.31154915690422 1147.1329663097858 20504.816107034683 6820.1033914685249 608.79697802662849
leaf_count=143 695 157 1188 776 1634 30802 10288 904
internal_value=-4.6287e-05 -1.66018e-05 -0.000597153 -0.000442892 -0.000221458 1.44086e-05 8.21669e-06 -0.000731176
internal_weight=31028.6 28893.3 1479.59 2135.31 1668.44 27413.7 27324.9 1385.18
internal_count=46587 43482 2249 3105 2410 41233 41090 2092
is_linear=0
shrinkage=0.02


Tree=277
num_leaves=11
num_cat=0
split_feature=33 0 0 0 0 0 3 3 0 20
split_gain=0.778668 1.14353 1.3923 0.944699 0.768877 0.973729 1.13418 0.721089 0.711048 0.665855
threshold=1.1500000000000004 23.586667637153479 26.842596328856541 20.295730990150982 33.874068686525696 37.214475057815783 49.983461986801466 32.084850736401712 32.097719785500196 0.98994748582256353
decision_type=2 2 2 2 2 2 2 2 2 2
left_child=4 3 -3 9 7 6 -6 8 -1 -2
right_child=1 2 -4 -5 5 -7 -8 -9 -10 -11
leaf_value=0.00018242815041728266 0.00031485491737590651 -0.002312270352903093 -0.0004755006733769439 0.0014495039684746943 0.000509555300351775 -0.00087932301081907686 -0.0009279374863164076 -0.00010950464061586565 -0.0017028674266729514 -0.0015891254653053037
leaf_weight=5177.0230909585953 196.23177134990692 208.72081968188286 889.0490485727787 183.31689986586571 2592.4651153981686 259.84101104736328 233.54036003351212 21100.008062154055 78.403446823358536 110.00713804364204
leaf_count=7701 318 333 1300 287 3714 350 400 31893 122 169
internal_value=-4.53607e-05 -0.000476869 -0.000837391 0.000311335 -2.17255e-05 0.000276314 0.000386653 -5.70194e-05 0.000151763 -0.000342524
internal_weight=31028.6 1587.33 1097.77 489.556 29441.3 3085.85 2826.01 26355.4 5255.43 306.239
internal_count=46587 2407 1633 774 44180 4464 4114 39716 7823 487
is_linear=0
shrinkage=0.02


Tree=278
num_leaves=11
num_cat=0
split_feature=39 36 33 36 43 33 3 3 20 36
split_gain=1.00079 1.02015 0.955541 0.807242 1.32868 1.00204 0.872704 0.674643 0.60476 0.51892
threshold=0.75000000000000011 1.4142857142857144 -0.24999999999999992 0.31666666666666671 0.35000000000000003 0.95000000000000007 28.250194160528281 38.944177074867767 0.21819770056616503 2.1055555555555561
decision_type=2 2 2 2 2 2 2 2 2 2
left_child=3 2 -2 5 -5 6 -1 -6 -4 -3
right_child=1 9 8 4 7 -7 -8 -9 -10 -11
leaf_value=0.00057273642117644421 0.00057669659751478323 0.00040740656356690898 -0.00069337413322195915 -6.9754110471175864e-05 0.00065767668245592993 -0.0006892148531742776 -8.3273296878675872e-05 0.0001847638011516475 -0.00021784012940742592 -0.0003798244940814516
leaf_weight=866.19381427764893 353.6154608130455 1121.2373902201653 2559.1994166374207 5540.3695758283138 2055.80663600564 1023.4112406671047 11945.886248528957 3126.1897311508656 1972.5545035004616 464.14274629950523
leaf_count=1345 515 1654 3857 8384 3004 1593 18010 4605 2893 727
internal_value=-4.44735e-05 -0.000265785 -0.000409407 1.34497e-05 0.000144041 -8.70405e-05 -3.80592e-05 0.000374489 -0.00048878 0.000170446
internal_weight=31028.6 6470.75 4885.37 24557.9 10722.4 13835.5 12812.1 5182 4531.75 1585.38
internal_count=46587 9646 7265 36941 15993 20948 19355 7609 6750 2381
is_linear=0
shrinkage=0.02


Tree=279
num_leaves=12
num_cat=0
split_feature=6 33 0 0 0 14 20 43 0 43 51
split_gain=0.866714 1.2087 0.958012 1.09933 1.02229 0.885908 0.972375 0.834905 0.781599 1.16727 0.91734
threshold=5.5000000000000009 1.1500000000000004 23.586667637153479 26.842596328856541 20.295730990150982 14.500000000000002 -0.90708026878513859 0.35000000000000003 33.874068686525696 0.35000000000000003 1.1270948127715126
decision_type=2 2 2 2 2 2 2 2 2 2 2
left_child=1 8 4 -4 -3 6 -2 -8 10 -10 -1
right_child=5 2 3 -5 -6 -7 7 -9 9 -11 -12
leaf_value=-9.1892721698045164e-05 -0.0010172595554635816 -0.00053808841917362055 -0.0022543147852624769 -0.00056986222234250885 0.0014038530625831685 -0.0023388586376183783 -0.00046316276909933731 0.00050845283282348211 -0.00012415485358230433 0.00067949511691202836 0.00019082855022621085
leaf_weight=18413.902216374874 596.60792002081871 281.5460589826107 199.18890514969826 827.81754589080811 171.03480485081673 93.015705794095993 842.01649403572083 603.67264574766159 1261.9441322386265 1634.343775331974 6103.5165595114231
leaf_count=27765 894 446 319 1214 270 128 1225 858 1883 2319 9266
internal_value=-4.35837e-05 -1.44764e-05 -0.000571065 -0.000910028 0.00017674 -0.000432379 -0.000338454 -5.03983e-05 1.52388e-05 0.000326042 -2.10927e-05
internal_weight=31028.6 28893.3 1479.59 1027.01 452.581 2135.31 2042.3 1445.69 27413.7 2896.29 24517.4
internal_count=46587 43482 2249 1533 716 3105 2977 2083 41233 4202 37031
is_linear=0
shrinkage=0.02


Tree=280
num_leaves=14
num_cat=0
split_feature=12 43 22 20 3 1 14 2 1 17 2 37 37
split_gain=1.59619 1.27708 1.34599 1.13868 1.36214 1.10996 0.991725 0.952966 0.896296 0.821531 0.748055 0.884998 0.639134
threshold=17.542410464089325 -1.0000000180025095e-35 -0.30994358088317847 -3.142953536246297 25.747652862367932 38.378333333333337 12.500000000000002 21.453962962962969 28.25683333333334 2.8216895064353271 36.598833333333339 0.47646462109675242 0.66640560065304899
decision_type=2 2 2 2 2 2 2 2 2 2 2 2 2
left_child=6 2 8 4 -3 -5 10 -8 -2 -4 11 -1 -12
right_child=1 3 9 5 -6 -7 7 -9 -10 -11 12 -13 -14
leaf_value=-0.00056011946022937228 -0.00066085375034534574 0.0027894942655438521 -0.00030093697631627568 -4.0012938680575647e-06 0.00038474059248801867 0.0010960156445171535 0 -0.0030058086931792015 -0.0023334130778716838 0.0014463945071103036 -0.00059793620828471107 0.00013455351597153415 -0.0025418063152908687
leaf_weight=1600.7566935420036 381.10714244842529 99.332020491361618 776.91595175862312 23861.408856868744 1852.2074958384037 370.43101933598518 75.99289458990097 112.65673425793648 214.78083837032318 122.40621817111969 239.76619750261307 1317.4039403498173 106.49607852101326
leaf_count=2406 561 152 1176 35813 2861 558 100 151 315 166 376 1936 173
internal_value=-3.27159e-05 1.75314e-05 -0.00055001 5.03624e-05 0.00051499 1.2491e-05 -0.000438151 -0.00185315 -0.00128622 -4.93321e-05 -0.000352233 -0.000243207 -0.00123567
internal_weight=31131.7 27678.6 1495.21 26183.4 1951.54 24231.8 3453.07 188.65 595.888 899.322 3264.42 2918.16 346.262
internal_count=46744 41602 2218 39384 3013 36371 5142 251 876 1342 4891 4342 549
is_linear=0
shrinkage=0.02


Tree=281
num_leaves=11
num_cat=0
split_feature=43 24 6 19 24 20 22 22 32 22
split_gain=1.04372 1.27486 1.27121 1.05718 1.99272 1.64011 1.91989 1.16528 0.926569 0.788265
threshold=-1.0000000180025095e-35 1.254623409857156 4.5000000000000009 0.25203800283965633 1.0042517320156574 4.1271819338291982 0.61255389727112519 -0.62005535069279649 1.1500000000000001 -1.3220172473511795
decision_type=2 2 2 2 2 2 2 2 2 2
left_child=1 2 9 5 7 6 -2 -5 -6 -1
right_child=3 -3 -4 4 8 -7 -8 -9 -10 -11
leaf_value=-0.0012812282299073613 -4.7943772539108122e-05 -0.0024508981224110908 -0.0021611201585596115 0.00049953637638152379 0.00029933075135835856 0.0010942778108491351 -0.00064355060946762438 -0.00011714771230271126 0.00098107893365984348 1.6640970415004375e-05
leaf_weight=214.9741353392601 12552.951842427254 124.96789824962616 140.10627177357674 1429.922388613224 2743.0308619737625 431.08648025989532 2626.4902025163174 8437.7714458107948 1167.7539681196213 1262.6065869629383
leaf_count=324 18676 177 203 2207 4168 636 3907 12882 1679 1885
internal_value=-3.20853e-05 -0.000507403 -0.000348251 -3.52798e-06 0.00012379 -0.000116546 -0.000151731 -2.6688e-05 0.000505853 -0.000166905
internal_weight=31131.7 1742.65 1617.69 29389 13778.5 15610.5 15179.4 9867.69 3910.78 1477.58
internal_count=46744 2589 2412 44155 20936 23219 22583 15089 5847 2209
is_linear=0
shrinkage=0.02


Tree=282
num_leaves=13
num_cat=0
split_feature=12 43 22 24 20 24 14 22 17 22 22 37
split_gain=1.53689 1.18506 1.27532 1.5105 1.09411 0.99197 0.95288 0.938298 0.801093 0.610853 0.919413 0.710898
threshold=17.542410464089325 -1.0000000180025095e-35 -0.30994358088317847 0.86256876877585886 -3.142953536246297 1.1128454638082939 12.500000000000002 -0.51722903303567491 2.8216895064353271 0.52218673199375909 1.1554645392005878 1.0739086929472561
decision_type=2 2 2 2 2 2 2 2 2 2 2 2
left_child=6 2 3 -2 7 -6 9 -3 -4 11 -11 -1
right_child=1 4 8 -5 5 -7 -8 -9 -10 10 -12 -13
leaf_value=-0.0006664797054728597 -0.00053439026568895774 0.00090463697313843898 -0.00028990113189558475 -0.0027509222272600409 -5.1681298528156387e-05 0.00026663260114390434 -0.0018165364454520683 1.2495608880446738e-05 0.0014359173911344116 0.00072372962184958647 -0.00045342956685653332 0.00046324641193288104
leaf_weight=1943.8083885014057 411.09932059049606 1065.0690748691559 776.91595175862312 184.78866022825241 19326.706654399633 4905.1332218050957 188.64962884783745 886.47044146060944 122.40621817111969 456.84413102269173 624.31379380822182 239.45659658312798
leaf_count=2926 612 1632 1176 264 29142 7229 251 1381 166 676 929 360
internal_value=-3.14485e-05 1.78505e-05 -0.00052883 -0.00124538 4.94887e-05 1.23575e-05 -0.000429288 0.000504936 -4.12412e-05 -0.000344995 3.51656e-05 -0.000537687
internal_weight=31131.7 27678.6 1495.21 595.888 26183.4 24231.8 3453.07 1951.54 899.322 3264.42 1081.16 2183.26
internal_count=46744 41602 2218 876 39384 36371 5142 3013 1342 4891 1605 3286
is_linear=0
shrinkage=0.02


Tree=283
num_leaves=12
num_cat=0
split_feature=12 1 3 20 19 22 19 20 19 2 40
split_gain=1.47614 1.21571 1.71084 2.87421 1.35756 1.32321 1.15639 0.991745 0.795704 0.577191 0.559778
threshold=17.542410464089325 36.110166666666679 39.131999639715538 -1.649051560194877 4.1472649804018333 0.56687772363824307 -1.3546100918472541 0.36211350026449557 -1.2218707042890189 38.212750000000007 -0.0011323480898167498
decision_type=2 2 2 2 2 2 2 2 2 2 2
left_child=6 4 7 -4 5 -2 -1 -3 -8 -10 -6
right_child=1 2 3 -5 10 -7 8 -9 9 -11 -12
leaf_value=0.0004092114457916764 6.8341637801567923e-05 0.0038156739512463112 -0.003599672761737146 0.00052343250777781545 0.0025055285556702927 -0.0002358813475674759 -0.0025578378618400393 0.0005760352340645977 -0.00044603162052192258 -0.0017357240524087149 0.00065186345602573055
leaf_weight=549.10640904307365 17139.035861551762 94.094390362501144 68.714872002601624 1376.8326576352119 99.06900554895401 8564.1550342738628 79.904237627983093 77.310040473937988 2672.3493734896183 151.71251860260963 259.37768143415451
leaf_count=819 25664 128 100 2105 155 12924 121 112 3960 242 414
internal_value=-3.08231e-05 1.74848e-05 0.000549445 0.000315828 -1.51758e-05 -3.26451e-05 -0.000420722 0.00243564 -0.000581268 -0.000520034 0.00120299
internal_weight=31131.7 27678.6 1616.95 1445.55 26061.6 25703.2 3453.07 171.404 2903.97 2824.06 358.447
internal_count=46744 41602 2445 2205 39157 38588 5142 240 4323 4202 569
is_linear=0
shrinkage=0.02


Tree=284
num_leaves=12
num_cat=0
split_feature=43 24 8 22 19 24 3 22 22 22 22
split_gain=0.963175 1.22578 1.11058 1.258 1.02443 1.53627 2.44943 1.38009 1.25703 1.18469 0.696404
threshold=-1.0000000180025095e-35 1.254623409857156 2.5000000000000004 -1.3220172473511795 0.18142559013261381 1.0042517320156574 41.908511433468682 0.61255389727112519 -1.369338694723061 -0.62005535069279649 2.5391337077289897
decision_type=2 2 2 2 2 2 2 2 2 2 2
left_child=1 2 -1 -4 7 9 -7 8 -2 -6 -9
right_child=4 -3 3 -5 5 6 -8 10 -10 -11 -12
leaf_value=-0.0014591723420268848 -0.00034445209962607185 -0.0023923252757300671 -0.0016192256604868394 0.00015852824095744463 0.00050282936195648886 0.001046005344652733 4.3162572960595192e-05 -0.00045224977870296479 9.7703525919421534e-05 -0.00010280797103696402 -0.0019037433013826481
leaf_weight=285.88584539294243 3619.3130207955837 124.96789824962616 182.0629651248455 1149.7381835579872 1513.5122909545898 1631.6546545028687 2468.8666612505913 2451.7589854896069 8836.4686950147152 8723.6844657361507 143.74841597676277
leaf_count=417 5362 177 274 1721 2332 2365 3761 3636 13165 13318 216
internal_value=-3.01874e-05 -0.00048679 -0.000330639 -7.90646e-05 -2.74112e-06 0.000117885 0.000444961 -0.000118313 -3.00069e-05 -1.22105e-05 -0.000537892
internal_weight=31131.7 1742.65 1617.69 1331.8 29389 14337.7 4100.52 15051.3 12455.8 10237.2 2595.51
internal_count=46744 2589 2412 1995 44155 21776 6126 22379 18527 15650 3852
is_linear=0
shrinkage=0.02


Tree=285
num_leaves=9
num_cat=0
split_feature=20 19 22 6 22 50 22 50
split_gain=1.14047 0.978387 1.43469 1.3891 1.24547 1.16573 1.132 0.916722
threshold=4.9915709712567464 0.016052788322453656 -0.67912204110939178 5.5000000000000009 2.2656042282809179 -0.035938177591192944 -0.72810477133369067 0.36695592643589919
decision_type=2 2 2 2 2 2 2 2
left_child=1 4 6 -4 5 -1 -3 -2
right_child=7 2 3 -5 -6 -7 -8 -9
leaf_value=7.2939258899575011e-05 0.0014217382392702782 0.00043603704105250353 8.0960171394664775e-05 -0.00076345970784506031 -0.0017520232369609564 -0.00029051246949773955 0.0022790342070827256 -0.00065239906099808398
leaf_weight=7662.6645299494267 389.67634445428848 2447.7914620041847 12747.525482326746 827.055892765522 182.23317247629166 6493.4608272910118 142.7408564388752 100.29523772001266
leaf_count=11402 577 3716 19385 1204 272 9589 213 155
internal_value=2.0542e-05 4.80517e-06 0.00011179 2.86709e-05 -0.000115111 -9.30884e-05 0.000543125 0.000975918
internal_weight=30993.4 30503.5 16165.1 13574.6 14338.4 14156.1 2590.53 489.972
internal_count=46513 45781 24518 20589 21263 20991 3929 732
is_linear=0
shrinkage=0.02


Tree=286
num_leaves=15
num_cat=0
split_feature=6 19 34 36 19 36 34 50 2 50 50 36 36 50
split_gain=1.01232 1.07976 1.04529 1.11651 0.964685 0.919109 2.00982 1.3139 0.890873 1.03255 0.967071 0.551327 0.643316 0.521881
threshold=6.5000000000000009 0.016052788322453656 0.17505822663627887 0.5277777777777779 2.6905298340759392 0.64583333333333337 0.48944416576664446 0.2609813756014101 36.318333333333342 0.30443222058844971 -0.03817473057203629 0.78888888888888908 1.267857142857143 0.032804284635850257
decision_type=2 2 2 2 2 2 2 2 2 2 2 2 2 2
left_child=1 8 4 -4 -3 6 7 -2 10 -10 -1 -7 -13 -8
right_child=5 2 3 -5 -6 11 13 -9 9 -11 -12 12 -14 -15
leaf_value=0.00010915172250770931 -4.8324402606561384e-05 -0.00031282346205180198 0.00042101240862033778 3.9038347591372868e-05 0.00066653461473520164 0.0015085295485635878 -0.0032259346088045573 -0.0020395707559256893 -0.0013355684869311988 0.001246773936936611 -0.00023376132925760631 -0.00072426736682180829 0.0010303167447629112 -0.0009936085844617882
leaf_weight=7060.7728770673275 923.01748549938202 2653.6761862337589 6685.0667259693146 5760.7111688256264 467.47055086493492 112.9617066681385 139.25860235095024 155.15684339404106 400.46694579720497 67.639210879802704 6126.3382544219494 227.56344258785248 128.2495796084404 85.094225257635117
leaf_count=10518 1354 4158 10049 8684 780 161 204 225 605 101 9052 319 180 123
internal_value=2.01322e-05 4.85938e-05 0.000162662 0.000245048 -0.000162605 -0.000443301 -0.000718622 -0.000347382 -8.07157e-05 -0.000937443 -4.94085e-05 0.000300263 -6.16718e-05 -0.00243968
internal_weight=30993.4 29222.1 15566.9 12445.8 3121.15 1771.3 1302.53 1078.17 13655.2 468.106 13187.1 468.775 355.813 224.353
internal_count=46513 43947 23671 18733 4938 2566 1906 1579 20276 706 19570 660 499 327
is_linear=0
shrinkage=0.02


Tree=287
num_leaves=10
num_cat=0
split_feature=20 19 6 31 20 31 19 3 40
split_gain=1.09745 0.901446 1.2163 1.08934 1.52428 1.11856 0.846082 0.793642 0.685414
threshold=4.9915709712567464 0.016052788322453656 5.5000000000000009 0.80119215304520897 -0.8298038067416228 0.75451605991670545 3.0810629760021295 41.908511433468682 -0.060852628407103045
decision_type=2 2 2 2 2 2 2 2 2
left_child=1 3 7 5 -5 -1 -4 -3 -2
right_child=8 2 6 4 -6 -7 -8 -9 -10
leaf_value=-1.5749109583671775e-05 -0.00010808157471205039 0.00028256345955234209 -0.00037175957578197168 -0.00083950094586907758 -0.0001141713251620085 0.0011394237325468596 -0.0024451680935666511 -6.7338483154461041e-06 0.0014538832695711777
leaf_weight=8290.9164653718472 149.99805995821953 8349.3858928382397 899.83108368515968 1645.4323945343494 4055.0808001756668 346.92886963486671 87.595725059509277 6828.3009919524193 339.97352221608162
leaf_count=12452 219 12488 1316 2419 5897 495 125 10589 513
internal_value=1.97116e-05 4.26841e-06 0.000106974 -0.000110824 -0.00032551 2.97426e-05 -0.000570372 0.000151769 0.000956887
internal_weight=30993.4 30503.5 16165.1 14338.4 5700.51 8637.85 987.427 15177.7 489.972
internal_count=46513 45781 24518 21263 8316 12947 1441 23077 732
is_linear=0
shrinkage=0.02


Tree=288
num_leaves=11
num_cat=0
split_feature=42 2 3 32 53 2 2 37 33 32
split_gain=1.22711 1.206 0.849683 1.34992 1.33497 0.887269 0.86847 0.760287 0.734503 0.659136
threshold=1.3500000000000003 32.544750000000001 42.815713426761526 0.45000000000000007 1.4500000000000002 12.909511904761905 33.85391666666667 0.16675012600082115 0.45000000000000007 1.9500000000000002
decision_type=2 2 2 2 2 2 2 2 2 2
left_child=2 8 3 6 -5 7 -1 -4 -2 -7
right_child=1 -3 5 4 -6 9 -8 -9 -10 -11
leaf_value=-0.00017371349068762463 -0.0018547547876521099 0.00069817438995032417 -0.00011789831328202013 0.00029197251368640433 -0.00062596871255231519 -4.5789716477205708e-05 0.001758412113153319 -0.0028719802051771558 -0.00056633483712957783 -0.0013874891874628115
leaf_weight=5140.3937530815601 249.71913450956345 223.76913493871689 91.896082699298859 12066.834972560406 660.56093499064445 11486.383454531431 92.014291405677795 82.606218665838242 752.18518435955048 147.08064368367195
leaf_count=7703 343 313 138 17881 1028 17543 139 136 1076 213
internal_value=1.92838e-05 -0.000599811 4.51493e-05 0.000132004 0.000243454 -8.61099e-05 -0.000137167 -0.00149606 -0.000900483 -6.38477e-05
internal_weight=30993.4 1225.67 29767.8 17959.8 12727.4 11808 5232.41 174.502 1001.9 11633.5
internal_count=46513 1732 44781 26751 18909 18030 7842 274 1419 17756
is_linear=0
shrinkage=0.02


Tree=289
num_leaves=15
num_cat=0
split_feature=8 19 22 50 22 22 34 36 34 50 13 36 36 50
split_gain=0.947064 0.993629 1.2055 1.53675 1.10187 1.66282 1.1537 0.888504 1.7775 1.27389 1.04908 1.33067 0.799393 0.762357
threshold=1.5000000000000002 0.016052788322453656 0.42314351391517985 -0.03817473057203629 -0.51722903303567491 -0.18882809272845244 0.086946287734703309 0.68333333333333346 0.48944416576664446 0.2609813756014101 0.11387259442214681 1.1833333333333336 0.89444444444444449 0.090627765651589365
decision_type=2 2 2 2 2 2 2 2 2 2 2 2 2 2
left_child=7 2 3 -2 6 -6 -3 8 9 -1 12 -12 -9 -10
right_child=1 4 -4 -5 5 -7 -8 10 13 -11 11 -13 -14 -15
leaf_value=-4.106216777521008e-05 0.00024618213927639853 -0.0009223236996096022 -0.00045365222317131316 -0.00022820277482621772 -0.00060894963758861614 0.00015108265215968295 0.00061243413758552123 0.0024647003688873389 -0.0029746362321397745 -0.0019898273268190748 -0.0022243989252360942 0.0011934688819904629 0.00017517013715364997 -0.00027835398810244585
leaf_weight=924.31949755549431 5632.3328423798084 204.15003880858421 2728.4018394351006 5294.4826063513756 1276.630810379982 11322.307507604361 2763.836275100708 106.11156234145164 170.16911396384239 157.37827977538109 109.51410299539566 71.327167153358459 165.10707446932793 67.375087112188339
leaf_count=1357 8398 334 4042 7836 1932 17233 4172 144 247 228 163 104 224 99
internal_value=1.88531e-05 4.63927e-05 -7.76331e-05 1.54088e-05 0.000155826 7.31917e-05 0.00050295 -0.000429384 -0.000693759 -0.000336968 0.000319774 -0.000823327 0.00111901 -0.00226034
internal_weight=30993.4 29222.1 13655.2 10926.8 15566.9 12598.9 2967.99 1771.3 1319.24 1081.7 452.06 180.841 271.219 237.544
internal_count=46513 43947 20276 16234 23671 19165 4506 2566 1931 1585 635 267 368 346
is_linear=0
shrinkage=0.02


Tree=290
num_leaves=12
num_cat=0
split_feature=19 19 53 22 30 43 24 30 0 0 22
split_gain=0.940292 1.01632 1.33651 1.2348 1.02929 1.64534 1.38021 1.01177 0.771057 0.735561 0.518098
threshold=-3.2307800987559356 1.596167250305115 -0.34999999999999992 -0.94504039914697813 -0.23246471809399091 0.45000000000000007 2.0065851873926817 0.18456550260486512 25.226572761936474 31.148528495275681 -2.0338123223027194
decision_type=2 2 2 2 2 2 2 2 2 2 2
left_child=7 4 8 -4 5 -2 -6 9 -3 10 -1
right_child=1 2 3 -5 6 -7 -8 -9 -10 -11 -12
leaf_value=-0.00050953672045218434 -2.2640374125403831e-05 -0.00011089333808634592 0.0018869833601963823 0.000326299037043276 -9.9767891684894794e-05 0.0009431166531327003 0.0021268477717401226 0.0029250250277117109 -0.001591066928046064 0.0017286014171009698 0.00059897618527478584
leaf_weight=266.50270047783852 2075.693140655756 597.03182435035706 214.93583738803864 4179.4895493090153 21758.135564535856 1052.2466579973698 109.5725137591362 72.397991269826889 189.89077571034431 148.1190342605114 432.50228941440582
leaf_count=384 3110 968 338 6408 32496 1544 148 100 314 202 633
internal_value=3.29971e-05 1.34399e-05 0.000268558 0.000405732 -3.90608e-05 0.000299443 -8.79603e-05 0.000662552 -0.000483875 0.000450983 0.000161831
internal_weight=31096.5 30177 5181.35 4394.43 24995.6 3127.94 21867.7 919.522 786.923 847.124 699.005
internal_count=46645 45326 8028 6746 37298 4654 32644 1319 1282 1219 1017
is_linear=0
shrinkage=0.02


Tree=291
num_leaves=13
num_cat=0
split_feature=17 17 19 30 20 51 33 20 0 20 15 20
split_gain=0.986387 2.00753 1.47642 1.36562 1.35369 1.32315 1.05827 0.974373 0.963117 0.879224 0.807271 0.593992
threshold=0.96465934324723868 1.3598091243607808 -4.5348623010301585 -0.35373646567865358 -0.44283654306353343 1.1177828868642525 -0.74999999999999989 -1.8356272137253471 17.973478801075817 -6.435683541707804 9.6961523458836982 -3.9220597133078221
decision_type=2 2 2 2 2 2 2 2 2 2 2 2
left_child=5 3 10 -2 -4 8 -5 11 9 -1 -3 -7
right_child=1 2 4 6 -6 7 -8 -9 -10 -11 -12 -13
leaf_value=0.0012515595394566343 0.0021770808797658505 1.848275242930296e-05 -0.00028329537633852824 -0.0014956704038140063 6.9766068283335294e-05 4.3294143547037906e-05 0.00039696673181307998 0 -0.0010271677219114174 -0.00033630862379746134 0.0027781028673439633 0.0024203583177792695
leaf_weight=145.624765843153 170.19472646713257 78.395963549613953 6018.3615470826626 116.86098462343216 15538.363570362329 73.262194603681564 5317.8893209397793 486.27992206811905 849.99184447526932 2050.9870636463165 114.53098028898239 135.77499517798424
leaf_count=221 262 109 9092 156 23152 114 8031 731 1299 3110 155 213
internal_value=3.23541e-05 7.43073e-05 -1.22349e-05 0.000411797 -2.83575e-05 -0.000271541 0.000353896 0.000507925 -0.000452933 -0.00022545 0.00171973 0.00164295
internal_weight=31096.5 27354.6 21749.7 5604.95 21556.7 3741.92 5434.75 695.317 3046.6 2196.61 192.927 209.037
internal_count=46645 40957 32508 8449 32244 5688 8187 1058 4630 3331 264 327
is_linear=0
shrinkage=0.02


Tree=292
num_leaves=13
num_cat=0
split_feature=17 17 19 30 20 51 35 20 0 20 46 20
split_gain=0.946513 1.92788 1.4206 1.31196 1.30013 1.27273 1.13262 0.937077 0.924913 0.844997 0.68679 0.569215
threshold=0.96465934324723868 1.3598091243607808 -4.5348623010301585 -0.35373646567865358 -0.44283654306353343 1.1177828868642525 0.29166666666666669 -1.8356272137253471 17.973478801075817 -6.435683541707804 1.7321428571428574 -3.9220597133078221
decision_type=2 2 2 2 2 2 2 2 2 2 2 2
left_child=5 3 10 -2 -4 8 -5 11 9 -1 -3 -7
right_child=1 2 4 6 -6 7 -8 -9 -10 -11 -12 -13
leaf_value=0.0012268674349900804 0.0021340449117449884 0.000577656113740417 -0.00027763135216987526 4.7347108484784096e-05 6.8370930135564366e-05 4.2451259569573454e-05 0.00062926769980061414 0 -0.0010066726065275067 -0.00032958899412402308 0.0031464692254110291 0.0023726538814968817
leaf_weight=145.624765843153 170.19472646713257 115.09537616372108 6018.3615470826626 2656.6315839886665 15538.363570362329 73.262194603681564 2778.1187215745449 486.27992206811905 849.99184447526932 2050.9870636463165 77.831567674875259 135.77499517798424
leaf_count=221 262 160 9092 4014 23152 114 4173 731 1299 3110 104 213
internal_value=3.17389e-05 7.28411e-05 -1.19579e-05 0.000403569 -2.77814e-05 -0.000265939 0.000346773 0.000498409 -0.000443876 -0.000220833 0.00168693 0.0016115
internal_weight=31096.5 27354.6 21749.7 5604.95 21556.7 3741.92 5434.75 695.317 3046.6 2196.61 192.927 209.037
internal_count=46645 40957 32508 8449 32244 5688 8187 1058 4630 3331 264 327
is_linear=0
shrinkage=0.02


Tree=293
num_leaves=8
num_cat=0
split_feature=53 19 24 16 19 20 20
split_gain=0.893572 0.883609 1.03131 1.00123 0.965506 0.667195 0.56917
threshold=3.0500000000000003 -3.2307800987559356 2.2453353698666048 3.8708333333333331 1.596167250305115 -0.50614217445195198 1.2854735651442639
decision_type=2 2 2 2 2 2 2
left_child=1 3 4 5 -3 -1 -5
right_child=-2 2 -4 6 -6 -7 -8
leaf_value=-0.0011562200705958021 -0.002094566728281197 -4.0805672484403206e-05 0.0019697410299416357 0.00075107499950730864 0.00025999962440562244 0.00066833334468506035 0.002278336163029606
leaf_weight=161.46748009324074 76.738498836755753 24847.374763935804 105.94552975893021 469.13535296916962 5147.9094595611095 149.49178141355515 138.45501255989075
leaf_count=242 114 37078 168 667 7967 224 185
internal_value=3.11521e-05 3.68679e-05 1.78587e-05 0.000647553 1.05003e-05 -0.000248458 0.00112184
internal_weight=31096.5 31019.8 30101.2 918.55 29995.3 310.959 607.59
internal_count=46645 46531 45213 1318 45045 466 852
is_linear=0
shrinkage=0.02


Tree=294
num_leaves=15
num_cat=0
split_feature=17 17 37 37 24 43 51 52 22 0 43 22 22 0
split_gain=0.904735 1.85295 2.62853 1.57176 1.38571 1.3026 1.22163 1.09151 0.933121 0.888514 0.708294 0.637434 0.99433 0.604155
threshold=0.96465934324723868 1.3598091243607808 0.13737636027253278 0.16077764949595999 1.1128454638082939 0.25000000000000006 1.1177828868642525 1.3500000000000003 0.5519576561664673 17.973478801075817 0.8500000000000002 1.2379794766426715 -0.44792112732602102 15.666111851455229
decision_type=2 2 2 2 2 2 2 2 2 2 2 2 2 2
left_child=6 2 8 -4 7 -6 9 -3 -2 13 -11 12 -8 -1
right_child=1 4 3 -5 5 -7 11 -9 -10 10 -12 -13 -14 -15
leaf_value=-0.00045183104521612742 -3.1430828670149043e-05 4.2506380101546845e-05 0.0022652285950555415 0.00053787096943242244 -0.00015479787630201302 0.0005010908713346708 0.0011698464450927686 -0.00028396130136034483 -0.0012221716731744255 -0.0011678588288685805 0.00081197870049343386 0.0022126667208017359 -0.00042977781870823765 0.00024579584234411106
leaf_weight=1468.8098149895668 894.14431521296501 9105.9936221241951 225.1000420153141 4103.2989265918732 1843.4139986634254 3420.5453296005726 270.74935695528984 7379.6991108953953 382.40174821019173 777.82807973027229 72.163764744997025 75.791476666927338 348.77627822756767 727.80201449990273
leaf_count=2231 1361 13803 339 6167 2827 4936 412 10942 582 1190 109 114 532 1100
internal_value=3.05389e-05 7.07308e-05 0.000394971 0.000631017 -1.23958e-05 0.000269531 -0.000260486 -0.000103045 -0.000397304 -0.00043485 -0.000986523 0.000488222 0.000254726 -0.000216125
internal_weight=31096.5 27354.6 5604.95 4328.4 21749.7 5263.96 3741.92 16485.7 1276.55 3046.6 849.992 695.317 619.526 2196.61
internal_count=46645 40957 8449 6506 32508 7763 5688 24745 1943 4630 1299 1058 944 3331
is_linear=0
shrinkage=0.02


Tree=295
num_leaves=15
num_cat=0
split_feature=33 30 36 30 22 33 22 50 50 17 17 15 22 44
split_gain=1.32243 1.82951 1.75501 1.22398 1.42927 1.18901 0.900962 0.87606 0.829714 1.31965 0.831873 0.801171 0.902767 0.660096
threshold=-0.34999999999999992 0.094952325256266512 0.5634920634920636 0.12203239521264801 0.84725033446806119 -0.6499999999999998 -1.7015130864349783 -0.23001920945568341 0.37498195695102826 1.0664121730024358 0.94541243973027955 4.9391149594506354 -2.8960111257956211 1.2284663464653351
decision_type=2 2 2 2 2 2 2 2 2 2 2 2 2 2
left_child=1 2 5 13 -5 -1 11 -4 10 -10 -8 -2 -13 -3
right_child=6 3 7 4 -6 -7 8 -9 9 -11 -12 12 -14 -15
leaf_value=-0.00038814762781836141 0.00095532864674269951 -0.0030596999946566859 0.0039159389267597504 0.00062776522188885567 -0.00091508959494680548 0.00070576140461519254 -0.00026239904630610811 0.001384685162517475 -0.0025024637587990296 -0.00023762018282906649 0.00010178695136474212 0.00029321876214255738 -0.00062147400599249405 -0.00028299164742239316
leaf_weight=513.92207500338554 168.95223942399025 87.173035025596619 71.617904365062714 576.72714790701866 408.37518161535263 1603.5776740312576 2863.254236727953 368.20075678825378 108.23995420336723 1956.1554786860943 19643.102916568518 520.49123910069466 2178.2606880962849 70.409071892499924
leaf_count=741 260 124 107 825 602 2309 4380 523 165 2965 29588 775 3245 109
internal_value=2.8143e-05 0.0003831 0.000681352 -0.000275674 -2.25436e-06 0.000435433 -1.93819e-05 0.00183536 1.93957e-05 -0.000363516 5.49918e-05 -0.000354899 -0.000441274 -0.0019008
internal_weight=31138.5 3700 2557.32 1142.68 985.102 2117.5 27438.5 439.819 24570.8 2064.4 22506.4 2867.7 2698.75 157.582
internal_count=46718 5340 3680 1660 1427 3050 41378 630 37098 3130 33968 4280 4020 233
is_linear=0
shrinkage=0.02


Tree=296
num_leaves=12
num_cat=0
split_feature=31 33 12 21 12 15 12 33 12 33 30
split_gain=1.39871 2.21126 1.29182 1.03724 2.24467 1.47146 1.03361 1.22964 1.01996 0.697292 0.545647
threshold=1.2071836395699078 -0.34999999999999992 20.418638465739658 0.96019651633126413 18.410724617428659 3.5150753772193783 20.24388352006714 -0.74999999999999989 19.904807244864589 0.95000000000000007 0.052910636221242154
decision_type=2 2 2 2 2 2 2 2 2 2 2
left_child=1 6 8 4 -3 -5 7 -1 9 -2 -10
right_child=2 3 -4 5 -6 -7 -8 -9 10 -11 -12
leaf_value=-0.00063067576117626538 -0.00018637486439201093 -0.00063969911011431163 -0.0022925809033320812 0.0012198937319834735 0.00012948780846207551 7.7535590438577461e-05 0.00263355761429747 0.00068048949445494069 -0.00062017454674074635 -0.00092025486803318246 0.0012248890120450644
leaf_weight=312.76889154314995 5200.2765138745308 2610.8284650743008 119.09674587845802 464.60739669203758 3581.9101594388485 15253.218313992023 98.029469668865204 2550.4374048411846 72.986400336027145 585.45474702119827 288.84509107470512
leaf_count=451 7816 4009 182 765 5588 22652 140 3687 108 897 423
internal_value=2.7567e-05 9.51405e-05 -0.000238976 2.53134e-05 -0.000193285 0.00011209 0.000608059 0.000533431 -0.000196832 -0.000262656 0.000823866
internal_weight=31138.5 24871.8 6266.66 21910.6 6192.74 15717.8 2961.24 2863.21 6147.56 5785.73 361.831
internal_count=46718 37292 9426 33014 9597 23417 4278 4138 9244 8713 531
is_linear=0
shrinkage=0.02


Tree=297
num_leaves=15
num_cat=0
split_feature=31 33 32 15 30 18 30 15 16 18 30 16 30 33
split_gain=1.3442 2.1238 2.05466 1.16112 0.979678 1.25426 1.23183 0.935709 0.689084 1.26345 0.831594 0.678466 0.670774 0.531436
threshold=1.2071836395699078 -0.34999999999999992 1.1500000000000001 4.2143540484863768 -0.18137979488546407 2.4820495724143989 -0.11614998985531653 6.3585375804352076 21.580000000000005 2.4548262233285847 0.045247916490562007 23.830000000000005 0.24029660183289578 0.95000000000000007
decision_type=2 2 2 2 2 2 2 2 2 2 2 2 2 2
left_child=1 4 7 -4 5 -1 -6 -3 9 10 -2 -10 -13 -11
right_child=8 2 3 -5 6 -7 -8 -9 11 13 -12 12 -14 -15
leaf_value=0.00070443140518835112 -0.00063195237705942543 0.00015213635171147552 0.0022610430583614501 0.00036680469736188724 -0.00062001618294611879 0.0026633137362641088 0.00060326024016955405 -0.00016208975756192015 0.0019673966096668901 -0.00067323868446580244 1.0996516792187414e-05 -0.001409526403231032 0.0011849798223385216 -0.0019881433355428972
leaf_weight=498.11050328612328 1015.9080019295216 5414.1478495299816 134.59741178154945 3881.0173073112965 389.54347577691078 188.79174056649208 1884.7900464236736 12480.801766574383 107.05559074878693 1134.5754595994949 3705.3011250197887 76.290954262018204 78.422220349311829 149.10614627599716
leaf_count=722 1526 8308 214 5711 552 284 2720 18781 164 1698 5586 121 122 209
internal_value=2.70101e-05 9.32593e-05 2.48177e-05 0.00043388 0.000595934 0.00126351 0.000388986 -6.6455e-05 -0.000234278 -0.000279364 -0.000125445 0.000756349 -3.22529e-05 -0.000836605
internal_weight=31138.5 24871.8 21910.6 4015.61 2961.24 686.902 2274.33 17894.9 6266.66 6004.89 4721.21 261.769 154.713 1283.68
internal_count=46718 37292 33014 5925 4278 1006 3272 27089 9426 9019 7112 407 243 1907
is_linear=0
shrinkage=0.02


Tree=298
num_leaves=12
num_cat=0
split_feature=21 40 21 36 12 12 44 32 22 22 17
split_gain=0.88691 1.11006 1.06879 1.41267 1.01221 1.5845 1.43356 1.41103 0.915605 0.793764 0.724988
threshold=1.0083958708732224 -0.46012791514524604 1.0346345491695019 0.18333333333333332 18.400275103420714 18.537524256654535 3.7185999048324474 1.2500000000000002 1.5553529167383202 -1.8303251690205347 3.2482120456780925
decision_type=2 2 2 2 2 2 2 2 2 2 2
left_child=4 -2 3 -3 6 7 9 -6 -7 -1 -4
right_child=1 2 10 -5 5 8 -8 -9 -10 -11 -12
leaf_value=-0.0010623178387910606 0.0019855774516756384 -0.00035410557541000514 0 0.00056232595959393808 0.00055298698589765507 3.5679567510378387e-05 0.0020455820988055477 0.003107438474065128 -0.00067501764045111475 -0.00025661995141756504 0.0014442156516318284
leaf_weight=551.39589056372643 125.74267131090164 820.94621750712395 12559.370515406132 3436.5243474245071 728.08944430947304 6609.4049177765846 99.831931412220001 99.882623314857483 810.3630345761776 5158.2855874300003 138.62241840362549
leaf_count=832 191 1232 18469 5107 1034 10218 137 144 1332 7838 184
internal_value=2.64884e-05 0.000123561 0.00010893 0.000383184 -9.07553e-05 5.06509e-05 -0.000293178 0.000879938 -4.07541e-05 -0.000336523 1.61424e-05
internal_weight=31138.5 17081.2 16955.5 4257.47 14057.3 8247.74 5809.51 827.972 7419.77 5709.68 12698
internal_count=46718 25183 24992 6339 21535 12728 8807 1178 11550 8670 18653
is_linear=0
shrinkage=0.02


Tree=299
num_leaves=12
num_cat=0
split_feature=21 40 15 12 12 44 40 43 21 44 17
split_gain=0.851681 1.0667 1.13844 0.972411 1.52314 1.37807 0.933848 0.830275 0.788319 0.693633 0.589431
threshold=1.0083958708732224 -0.46012791514524604 21.723153682571041 18.400275103420714 18.537524256654535 3.7185999048324474 0.10972056477905132 0.19999999999999998 1.0346345491695019 1.3607499923039639 3.1216535343026894
decision_type=2 2 2 2 2 2 2 2 2 2 2
left_child=3 -2 8 5 10 7 -4 -1 -3 -6 -5
right_child=1 2 6 4 9 -7 -8 -9 -10 -11 -12
leaf_value=-0.00069599301046561438 0.0019464876850142688 0.00032793393770526389 0.002314888616426787 0.00067830882970307076 0.0001177666050022685 0.0020054739933044927 -0.00027784536178281408 -0.00016680014627285168 7.5509123031103864e-06 -0.0002755940885991167 0.0026432813188666049
leaf_weight=1738.1636662185192 125.74267131090164 4086.6655970513821 164.32431358098984 757.84388673305511 4420.6661584377289 99.831931412220001 73.205372512340546 3971.5178117752075 12631.268215596676 2999.1017939150333 70.128180891275406
leaf_count=2656 191 6086 256 1077 6849 137 114 6014 18536 4701 101
internal_value=2.59822e-05 0.000121112 0.000106757 -8.89011e-05 4.96768e-05 -0.00028731 0.00147843 -0.000329837 8.64959e-05 -3.99155e-05 0.000862757
internal_weight=31138.5 17081.2 16955.5 14057.3 8247.74 5809.51 237.53 5709.68 16717.9 7419.77 827.972
internal_count=46718 25183 24992 21535 12728 8807 370 8670 24622 11550 1178
is_linear=0
shrinkage=0.02


Tree=300
num_leaves=14
num_cat=0
split_feature=6 27 53 30 19 41 30 30 30 27 27 52 43
split_gain=1.02605 1.04421 1.0797 1.03445 1.2405 0.925238 1.04282 0.928721 0.815494 0.702548 0.67239 0.652448 0.642935
threshold=5.5000000000000009 0.89194449226835448 0.55000000000000016 -0.17837594100602627 -0.92181991262137852 1.8488981699253932 -0.317499458468877 -0.19629529155134903 0.099555620835863071 1.3585695424402671 1.0237161737540037 4.0500000000000007 0.35000000000000003
decision_type=2 2 2 2 2 2 2 2 2 2 2 2 2
left_child=5 3 9 4 -2 11 -7 -8 -5 -3 -4 12 -1
right_child=1 2 10 8 -6 6 7 -9 -10 -11 -12 -13 -14
leaf_value=-0.00011410594837541868 0.0023777688170461236 -0.00088663262836002432 -0.0036457221654493856 -0.00075660999670278898 -0.00020866850642419079 0.0027494839172614296 -0.001299446382659156 0.00055755609454885894 0.00045071948806351704 0.00096580756804797677 -0.0013508701872096138 -0.001893239779649863 8.0627058106760003e-05
leaf_weight=15833.118651986122 127.3497551381588 298.91522395610809 78.176347404718399 809.83144038915634 158.62128755450249 78.193380534648895 115.70698270201683 1033.4118238687515 296.3330557346344 106.48565405607224 235.35859325528145 73.631657749414444 11810.810009479523
leaf_count=23982 181 426 110 1201 230 125 188 1650 435 156 329 107 17477
internal_value=-4.32577e-05 -0.000468841 -0.00108882 -0.000140394 0.000916923 -1.18424e-05 0.000524551 0.000359951 -0.000423922 -0.000373158 -0.00197424 -3.59904e-05 -3.05452e-05
internal_weight=31055.9 2111.07 718.936 1392.14 285.971 28944.9 1227.31 1149.12 1106.16 405.401 313.535 27717.6 27643.9
internal_count=46597 3068 1021 2047 411 43529 1963 1838 1636 582 439 41566 41459
is_linear=0
shrinkage=0.02


Tree=301
num_leaves=11
num_cat=0
split_feature=22 33 22 52 43 20 52 20 19 31
split_gain=1.07256 1.35126 1.06606 1.66819 1.02624 1.14476 1.01807 1.00934 0.68887 0.590015
threshold=-2.8960111257956211 -0.34999999999999992 -1.7958323827126135 0.75000000000000011 0.35000000000000003 4.7163489494201505 2.8500000000000001 -2.413425974974547 -3.1032656210877207 0.63865038297065724
decision_type=2 2 2 2 2 2 2 2 2 2
left_child=1 -1 3 -2 5 -4 -5 -3 -6 -9
right_child=2 7 4 6 8 -7 -8 9 -10 -11
leaf_value=0.0033904736710595978 0.00069135271873858135 0.0022635262221008933 -0.00015653875517927042 -0.00087425817703784949 0.0011808306749283041 0.00093885412563895002 0.00088633021323123449 0.00069044890948209616 9.1492638754308016e-05 -0.00077375230595784971
leaf_weight=69.639796644449234 389.21317142248154 95.310160517692566 15845.259742856026 1691.5587459206581 236.89388734102249 386.79467499256134 135.24511122703552 235.40693414211273 11767.458559185266 203.16307955980301
leaf_count=100 589 143 24022 2511 341 577 200 350 17466 298
internal_value=-4.24028e-05 0.000789947 -5.92779e-05 -0.000481735 -2.57372e-05 -0.000129708 -0.00073762 0.000420684 0.000114016 0
internal_weight=31055.9 603.52 30452.4 2216.02 28236.4 16232.1 1826.8 533.88 12004.4 438.57
internal_count=46597 891 45706 3300 42406 24599 2711 791 17807 648
is_linear=0
shrinkage=0.02


Tree=302
num_leaves=11
num_cat=0
split_feature=6 33 43 8 3 31 31 16 16 16
split_gain=0.98682 1.21753 0.994936 1.07257 0.9013 0.946859 0.858277 0.61848 0.616312 0.606852
threshold=5.5000000000000009 0.25000000000000006 0.35000000000000003 2.5000000000000004 49.734241057733477 1.2448606937639328 1.4648983663845609 8.4100000000000055 5.1225000000000023 16.590000000000007
decision_type=2 2 2 2 2 2 2 2 2 2
left_child=1 4 3 -3 5 -1 -6 8 -2 -4
right_child=7 2 9 -5 6 -7 -8 -9 -10 -11
leaf_value=0.00027746777102637636 -0.00056263912939113244 0.0003063613482562338 -4.0821007887098561e-05 -0.00036530686880543539 -0.0006812557721867416 -0.00018702090169327133 0.0014537538501534141 -0.00082033092645459325 0.00037696132666167361 0.00042884088865215657
leaf_weight=9207.6326194703579 599.86003112792969 1076.9175406098366 7110.2455121874809 7239.9789985120296 794.72445169091225 2140.6687060296535 78.742207914590836 1002.0669192969799 509.14440706372261 1295.9624699056149
leaf_count=13575 881 1601 10657 11165 1330 3161 148 1439 748 1892
internal_value=-4.15054e-05 -1.06905e-05 -0.000121896 -0.000277081 0.000140649 0.000188951 -0.000474483 -0.000458865 -0.000122365 3.0481e-05
internal_weight=31055.9 28944.9 16723.1 8316.9 12221.8 11348.3 873.467 2111.07 1109 8406.21
internal_count=46597 43529 25315 12766 18214 16736 1478 3068 1629 12549
is_linear=0
shrinkage=0.02


Tree=303
num_leaves=12
num_cat=0
split_feature=33 52 43 21 53 21 52 53 20 20 20
split_gain=0.870166 0.792181 0.954354 1.16344 1.08182 0.691285 0.626664 0.694046 0.604136 0.637586 0.500276
threshold=0.25000000000000006 1.0500000000000003 0.35000000000000003 0.82735290681733176 0.35000000000000003 1.2877062138948148 3.7500000000000004 2.1500000000000008 -4.3689480113914341 -0.44283654306353343 -4.9250128765486449
decision_type=2 2 2 2 2 2 2 2 2 2 2
left_child=5 2 4 -4 -2 8 7 -3 10 -10 -1
right_child=1 6 3 -5 -6 -7 -8 -9 9 -11 -12
leaf_value=0.00026383976518098111 -0.00035053824524470612 -0.00026013664455149947 -0.00064655860852500609 0.00043398639804932346 0.00037472006697209084 0.00093809124276265281 -0.0017447862148922764 0.00065368137014691879 -0.00017044799346197355 0.00013350051122130687 0.0017261516283788669
leaf_weight=303.47484984993935 3317.6646409034729 9817.7882781028748 455.71765732765198 2822.6803372204304 1080.4486070275307 366.79844057559967 110.48836168646812 336.35799819231033 4161.4440901875496 8133.6514992117882 149.42910352349281
leaf_count=453 5369 14700 709 4221 1458 534 156 495 6197 12080 225
internal_value=-4.06751e-05 -0.000131398 2.10819e-05 0.000280433 -0.000170008 8.26738e-05 -0.000246388 -0.000228759 5.71333e-05 2.98008e-05 0.000773759
internal_weight=31055.9 17941.1 7676.51 3278.4 4398.11 13114.8 10264.6 10154.1 12748 12295.1 452.904
internal_count=46597 27108 11757 4930 6827 19489 15351 15195 18955 18277 678
is_linear=0
shrinkage=0.02


Tree=304
num_leaves=14
num_cat=0
split_feature=6 27 30 27 31 31 30 16 30 16 21 30 30
split_gain=0.94922 0.994612 0.992402 1.08154 0.949951 0.93735 1.01175 0.890105 0.782358 0.684783 0.926311 0.539724 0.955852
threshold=5.5000000000000009 0.89194449226835448 -0.17837594100602627 0.6430410657372434 2.0101229035110681 1.5935070778405025 0.18456550260486512 1.8200000000000001 0.099555620835863071 13.09 0.99809945810166512 0.25961622261029588 0.12203239521264801
decision_type=2 2 2 2 2 2 2 2 2 2 2 2 2
left_child=4 2 3 -2 5 7 -7 -1 -4 10 -3 12 -6
right_child=1 9 8 -5 11 6 -8 -9 -10 -11 -12 -13 -14
leaf_value=0.00071011142947549762 0 -0.0016293856025796332 -0.000732453731046353 0.0025475845938027807 -0.00030179190346268009 -0.0011062560894768507 -4.593510656740775e-05 -1.9774161218143613e-05 0.00045006903628827305 -0.0018356565016310576 0.00020840798336200513 0.00016923870655927324 0.0019758471952772477
leaf_weight=683.90485778450966 184.8046487569809 178.52910363674164 809.83144038915634 101.16639393568039 95.429476261138916 652.14220461249352 847.25076884031296 26034.731555968523 296.3330557346344 281.39927640557289 259.00743862986565 393.14807081222534 238.26557204127312
leaf_count=1030 268 256 1201 143 170 1003 1270 39003 435 401 364 644 409
internal_value=-3.98405e-05 -0.000449165 -0.000128495 0.000907104 -9.6123e-06 -2.83644e-05 -0.000514628 -6.65615e-07 -0.0004064 -0.00105416 -0.000522722 0.000702756 0.00129679
internal_weight=31055.9 2111.07 1392.14 285.971 28944.9 28218 1499.39 26718.6 1106.16 718.936 437.537 726.843 333.695
internal_count=46597 3068 2047 411 43529 42306 2273 40033 1636 1021 620 1223 579
is_linear=0
shrinkage=0.02


Tree=305
num_leaves=8
num_cat=0
split_feature=25 24 25 52 24 14 52
split_gain=1.11235 1.77341 1.05945 1.45697 1.25908 0.817047 0.72578
threshold=2.2916666666666674 1.6725402239464091 2.1000000000000005 1.2500000000000002 1.2064050945622655 9.5000000000000018 1.4500000000000002
decision_type=2 2 2 2 2 2 2
left_child=1 2 4 -4 -1 6 -2
right_child=5 -3 3 -5 -6 -7 -8
leaf_value=-4.2855169858371125e-05 0.00278656512335747 -0.0011080299172691775 0.00024988328552174417 -0.0029581559213361069 0.00037276904273068971 0 0.00041856674905042725
leaf_weight=26640.425526171923 129.85230454802513 595.74001508951187 101.15866166353226 112.46423855423927 3271.3740956187248 196.74149376153946 105.18094629049301
leaf_count=40056 179 943 147 159 4883 276 155
internal_value=-1.46715e-05 -2.91862e-05 -7.44765e-06 -0.00140442 2.28814e-06 0.000990385 0.00178151
internal_weight=31152.9 30721.2 30125.4 213.623 29911.8 431.775 235.033
internal_count=46798 46188 45245 306 44939 610 334
is_linear=0
shrinkage=0.02


Tree=306
num_leaves=9
num_cat=0
split_feature=42 25 25 43 3 18 3 43
split_gain=1.35122 1.19736 0.960197 0.932149 0.759199 0.669446 0.782297 0.795203
threshold=1.4500000000000002 2.2916666666666674 2.1000000000000005 0.35000000000000003 44.512294846336353 1.9892694051445583 29.869186711825879 1.5500000000000003
decision_type=2 2 2 2 2 2 2 2
left_child=1 2 3 -1 -3 6 -2 -8
right_child=5 4 -4 -5 -6 -7 7 -9
leaf_value=-8.7449124639736312e-05 0 0.0018378140510187447 -0.0011154795844146067 0.00014155111081158185 9.1413429110828183e-05 -9.1572094587251439e-05 -0.0022292718565218687 -0.00017901927537383351
leaf_weight=17513.242312282324 151.8978037238121 229.55270338058472 306.94824519753456 11960.761547446251 197.36947152018547 388.17687928676605 287.01864701509476 117.9696718454361
leaf_count=26568 218 318 437 17847 286 543 407 174
internal_value=-1.43609e-05 8.63294e-06 -6.14364e-06 5.14485e-06 0.00105794 -0.000758357 -0.00120325 -0.00166044
internal_weight=31152.9 30207.9 29781 29474 426.922 945.063 556.886 404.988
internal_count=46798 45456 44852 44415 604 1342 799 581
is_linear=0
shrinkage=0.02


Tree=307
num_leaves=13
num_cat=0
split_feature=42 22 18 32 34 18 40 18 18 18 18 18
split_gain=1.29931 1.23772 0.9145 0.873255 1.19118 2.20904 1.07232 0.957626 0.808976 0.645658 0.579682 0.574737
threshold=1.4500000000000002 -0.32372959540052898 2.6787607858843527 0.75000000000000011 0.41630649477590792 1.821854099966528 -0.18770044046338727 2.9168782931201132 1.8940424299513301 1.9892694051445583 2.7080957344360734 2.9808217827383374
decision_type=2 2 2 2 2 2 2 2 2 2 2 2
left_child=3 2 8 7 6 -6 -5 10 -2 -3 -1 -9
right_child=1 9 -4 4 5 -7 -8 11 -10 -11 -12 -13
leaf_value=-7.2387175614972295e-05 0.00032868645986070189 -0.0018410225685451748 0.002062580996143541 0.0012400975203330448 0.0008470304462222933 6.2377114585156687e-05 -9.6304812291187416e-05 -0.0013590869708256957 -0.0020493230971331687 -0.00044141151019537602 0.00047653169125364166 -0.00036075739229891483
leaf_weight=14157.08960339427 185.15569487214088 356.84621238708496 79.401767551898956 246.07498544454575 2150.327846378088 4403.6917234063148 7017.9526517093182 308.54920315742493 77.866367936134338 245.79295912384987 808.64379036426544 1115.5444759726524
leaf_count=21429 268 510 111 374 3276 6324 10727 456 111 342 1202 1668
internal_value=-1.408e-05 -0.000743648 0.000190873 8.46143e-06 0.000125867 0.000321522 -4.93279e-05 -8.99146e-05 -0.000347731 -0.00129006 -4.19996e-05 -0.000585674
internal_weight=31152.9 945.063 342.424 30207.9 13818 6554.02 7264.03 16389.8 263.022 602.639 14965.7 1424.09
internal_count=46798 1342 490 45456 20701 9600 11101 24755 379 852 22631 2124
is_linear=0
shrinkage=0.02


Tree=308
num_leaves=13
num_cat=0
split_feature=24 2 14 22 24 34 17 2 22 34 17 17
split_gain=0.750008 1.36537 2.11226 1.77182 0.965858 2.16781 1.23672 0.93772 1.60802 0.790602 0.678528 0.607145
threshold=1.6725402239464091 31.534750000000003 8.5000000000000018 -0.58956488803766705 1.2064050945622655 0.086946287734703309 3.0309092801992041 36.460916666666677 -0.32372959540052898 1.1423733188740652 3.2482120456780925 2.984493300479738
decision_type=2 2 2 2 2 2 2 2 2 2 2 2
left_child=4 2 -2 -4 6 -6 11 8 -3 -7 -8 -1
right_child=1 7 3 -5 5 9 10 -9 -10 -11 -12 -13
leaf_value=-1.1798605142977907e-05 0.001488775408484893 0.0024371316616593301 -0.0044634937365054242 -0.0011009774779366602 -0.0024794867530641483 0.00047796106519491587 -0.00075106022175012316 -0.0013446447244919296 -0.00034677061025723102 -0.00072848139538591 4.8999724069837321e-05 0.00084686366036776362
leaf_weight=24367.522174358368 71.219624429941177 126.92557692527771 97.671650618314743 206.73196858167648 105.22027507424355 3281.0505375564098 1425.3194313645363 125.48725801706314 218.71535953879356 224.64817833900452 570.52551859617233 331.89972829818726
leaf_count=36724 132 192 151 321 188 4856 2101 175 321 319 829 489
internal_value=-1.38e-05 -0.000600222 -0.00149802 -0.00223461 2.29318e-06 0.000309503 -3.89069e-05 9.7745e-05 0.000654903 0.000397429 -0.000517532 0
internal_weight=31152.9 846.751 375.623 304.404 30306.2 3610.92 26695.3 471.128 345.641 3505.7 1995.84 24699.4
internal_count=46798 1292 604 472 45506 5363 40143 688 513 5175 2930 37213
is_linear=0
shrinkage=0.02


Tree=309
num_leaves=7
num_cat=0
split_feature=25 24 25 52 24 3
split_gain=1.02121 1.65436 0.993354 1.39963 1.15464 0.895708
threshold=2.2916666666666674 1.6725402239464091 2.1000000000000005 1.2500000000000002 1.2064050945622655 44.512294846336353
decision_type=2 2 2 2 2 2
left_child=1 2 4 -4 -1 -2
right_child=5 -3 3 -5 -6 -7
leaf_value=-4.025681881652467e-05 0.0017965698657080407 -0.0010694622738950661 0.0002606941999293835 -0.0028826782960429342 0.00035774980676013762 0
leaf_weight=26640.425526171923 230.15199917554855 595.74001508951187 101.15866166353226 112.46423855423927 3271.3740956187248 201.62274542450905
leaf_count=40056 319 943 147 159 4883 291
internal_value=-1.35444e-05 -2.74653e-05 -6.45794e-06 -0.00135918 2.95882e-06 0.000949446
internal_weight=31152.9 30721.2 30125.4 213.623 29911.8 431.775
internal_count=46798 46188 45245 306 44939 610
is_linear=0
shrinkage=0.02


Tree=310
num_leaves=13
num_cat=0
split_feature=32 40 15 20 15 24 3 3 15 17 40 17
split_gain=1.54786 1.1994 1.42039 1.52074 1.14874 1.66976 1.00066 1.69356 0.940674 0.940419 0.866136 0.730436
threshold=0.95000000000000007 -0.023843304280849395 3.8216381053316693 -2.5156136403670479 11.262596803335631 0.40902967914745908 42.310955671944633 43.798087354299739 2.5257590925032756 2.466831748314227 0.37443931819798071 2.385905085190386
decision_type=2 2 2 2 2 2 2 2 2 2 2 2
left_child=4 2 -2 -4 5 8 11 -8 -1 -7 -3 -6
right_child=1 10 3 -5 6 9 7 -9 -10 -11 -12 -13
leaf_value=0.00086472818800531839 0.0026609487601682879 -8.128702020193272e-05 0.0016232689843051916 0.00024582930962220437 -0.00060072477527687174 0.00010667182140421217 0.0012551339650505645 -0.00033354066002517282 -0.000506891985802847 -0.00065881390179417304 0.0012862244101307454 -0.0018203192084644936
leaf_weight=205.82264122366905 111.32530951499939 4664.5865444242954 354.63124164938927 3619.1080366373062 900.87415513396263 12148.838579535484 282.24356657266617 4291.6522209346294 3344.3380384147167 673.27360007166862 190.61861553788185 270.70171001553535
leaf_count=359 176 7002 530 5358 1324 17963 423 6466 5384 1000 286 383
internal_value=-3.60696e-05 0.000185529 0.000438123 0.000372027 -0.000126103 -4.0017e-05 -0.000369576 -0.000232816 -0.000424114 6.56008e-05 -2.50313e-05 -0.000893664
internal_weight=31058 8940.27 4085.06 3973.74 22117.7 16372.3 5745.47 4573.9 3550.16 12822.1 4855.21 1171.58
internal_count=46654 13352 6064 5888 33302 24706 8596 6889 5743 18963 7288 1707
is_linear=0
shrinkage=0.02


Tree=311
num_leaves=14
num_cat=0
split_feature=32 20 21 50 27 16 27 16 16 16 16 33 23
split_gain=1.4874 1.03609 1.04977 1.49277 1.04091 1.01096 1.89812 1.28347 0.921909 1.85433 0.908027 0.780191 0.776977
threshold=0.95000000000000007 -2.5156136403670479 0.91961790010722388 -0.30697884049043883 0.30529875835363801 11.322500000000003 0.41065030229461341 10.960000000000004 4.6450000000000031 8.7675000000000036 11.510000000000003 -0.34999999999999992 1.2716137406546848
decision_type=2 2 2 2 2 2 2 2 2 2 2 2 2
left_child=5 8 3 -3 -4 6 12 -8 -2 -10 -7 -12 -1
right_child=1 2 4 -5 -6 10 7 -9 9 -11 11 -13 -14
leaf_value=-0.0002768838164032052 -0.00024173218334657464 0.0017745456310343073 0.0013633482789415616 -0.00077667377608982779 0.00014591880495579894 -0.0015167064470547268 6.040332088524509e-05 0.0012643715579963384 0.0022128103797396151 -2.5790716207221776e-05 0.00021382804523513804 -0.00038246635885207033 -0.0010431857110861456
leaf_weight=3677.6315127313137 204.43681687116623 98.724664777517319 293.80679711699486 866.86470970511436 6888.0936750769615 250.99481648206711 10904.051013588905 365.5514799952507 346.02239552140236 242.3206886947155 1029.3057464063168 5255.0624509453773 635.14749175310135
leaf_count=5636 324 153 465 1343 10168 372 16190 546 538 361 1531 7994 1033
internal_value=-3.53301e-05 0.000181889 0.000113209 -0.000502366 0.000197481 -0.000123593 -3.52924e-05 0.000100561 0.000873077 0.0012769 -0.000332526 -0.000283173 -0.000392487
internal_weight=31058 8940.27 8147.49 965.589 7181.9 22117.7 15582.4 11269.6 792.78 588.343 6535.36 6284.37 4312.78
internal_count=46654 13352 12129 1496 10633 33302 23405 16736 1223 899 9897 9525 6669
is_linear=0
shrinkage=0.02


Tree=312
num_leaves=15
num_cat=0
split_feature=32 40 15 20 15 27 3 3 16 21 27 40 21 50
split_gain=1.42875 1.15315 1.36699 1.42642 1.08312 1.75501 0.961479 1.62711 1.173 0.876138 0.870735 0.832182 0.891722 0.756741
threshold=0.95000000000000007 -0.023843304280849395 3.8216381053316693 -2.5156136403670479 11.262596803335631 0.38036761664634061 42.310955671944633 43.798087354299739 17.93000000000001 1.2428599110861771 0.32948646320056485 0.37443931819798071 0.72233580510939144 0.027819279586289103
decision_type=2 2 2 2 2 2 2 2 2 2 2 2 2 2
left_child=4 2 -2 -4 5 10 8 -8 -6 -7 -1 12 -3 -13
right_child=1 11 3 -5 6 9 7 -9 -10 -11 -12 13 -14 -15
leaf_value=-0.00023952892025088738 0.0026067188789533698 0.0015937610023531576 0.0015730722099053485 0.00023875346866762725 -0.0006640045580330894 0.00012374736143674848 0.0012349797259493618 -0.00032221839638520963 -0.0029657267419533877 -0.00053849846013529466 -0.00095645787189747606 -4.6230273452473619e-05 -0.00013073378376328573 0.0023694042693816015
leaf_weight=2999.7161166369915 111.32530951499939 120.59701657295227 354.63124164938927 3619.1080366373062 1072.8244912028313 11619.662189364433 282.24356657266617 4291.6522209346294 98.751373946666718 852.01828297972679 900.87627026438713 84.528876155614853 4543.9895278513432 106.089739382267
leaf_count=4707 176 196 530 5358 1564 17382 423 6466 143 1256 1361 131 6806 155
internal_value=-3.46135e-05 0.000178271 0.00042597 0.00036108 -0.000121125 -3.75161e-05 -0.000357539 -0.000223444 -0.00087126 7.76244e-05 -0.000408078 -2.81676e-05 -8.33423e-05 0.00125693
internal_weight=31058 8940.27 4085.06 3973.74 22117.7 16372.3 5745.47 4573.9 1171.58 12471.7 3900.59 4855.21 4664.59 190.619
internal_count=46654 13352 6064 5888 33302 24706 8596 6889 1707 18638 6068 7288 7002 286
is_linear=0
shrinkage=0.02


Tree=313
num_leaves=15
num_cat=0
split_feature=24 34 34 12 12 34 3 24 24 29 34 12 3 29
split_gain=0.948998 1.03945 0.988093 0.987637 0.920555 1.65395 0.833904 1.03315 1.08773 0.762935 1.67153 0.75226 0.653678 0.567953
threshold=0.49581239301534596 0.39610743830201517 0.3164897478257529 18.400275103420714 17.996760758349271 1.5241515419650449 29.210477827481743 1.4068528179905084 1.275366522440962 0.75000000000000011 1.5241515419650449 18.731303174030351 26.87814009019349 2.2500000000000004
decision_type=2 2 2 2 2 2 2 2 2 2 2 2 2 2
left_child=1 2 3 -1 -3 -6 7 8 -2 10 -8 -4 -9 -11
right_child=6 4 11 -5 5 -7 9 12 -10 13 -12 -13 -14 -15
leaf_value=-0.0006134703325197566 0.00036271229193499344 0.0001311351250377106 0.0016122641846530099 0.00010691583759920416 -0.0009191932770709453 0.00088304875057696852 0.00018339180321790018 0.0005298978746176372 -0.0021389307133684223 -0.00012578335931736509 -0.0010989936269665513 0 0.0031920813004607087 0.0011968945394775906
leaf_weight=1189.9136939644814 1862.034583568573 612.89361396431923 237.17545720934868 2060.2769623696804 1964.9332016706467 220.01089853048325 8966.2727494239807 86.657369911670685 69.317754864692688 12918.721163362265 422.23357072472572 237.67239880561829 82.020479887723923 127.88036140799522
leaf_count=1896 2786 938 370 3314 3122 355 13358 138 107 18967 633 373 121 176
internal_value=-3.39163e-05 -0.000248419 -2.67214e-05 -0.000153962 -0.000539785 -0.000732504 2.27192e-05 0.000403773 0.000265634 -1.25364e-05 0.000124432 0.000820224 0.00190522 -0.000111871
internal_weight=31058 6522.88 3725.04 3250.19 2797.84 2184.94 24535.1 2100.03 1931.35 22435.1 9388.51 474.848 168.678 13046.6
internal_count=46654 10368 5953 5210 4415 3477 36286 3152 2893 33134 13991 743 259 19143
is_linear=0
shrinkage=0.02


Tree=314
num_leaves=14
num_cat=0
split_feature=24 15 34 15 37 3 2 37 34 34 15 34 34
split_gain=0.910733 1.42818 1.76049 1.36338 1.26255 1.22037 1.12993 1.07024 0.998075 0.949604 0.716684 0.689385 0.573845
threshold=0.49581239301534596 10.336748983682781 0.2698979714233149 18.559744408427015 0.59068093952158018 49.858197140281824 29.697416666666673 0.066663288623216466 0.39610743830201517 0.3164897478257529 2.5257590925032756 1.5241515419650449 0.35654970713957373
decision_type=2 2 2 2 2 2 2 2 2 2 2 2 2
left_child=8 2 7 4 -3 -5 -4 -2 9 10 -1 -10 -11
right_child=1 3 6 5 -6 -7 -8 -9 11 12 -12 -13 -14
leaf_value=0.00096538968843951881 0.00032030606623310284 -5.2682955629969229e-05 0.00024639185461303387 0.00072655488415905621 -0.0005385975513011056 -0.00030724361206570515 0.00093394458299774267 -0.00030461425303336432 -0.00063204170743445744 0.0014422474887678663 -0.00023169547791112568 0.00041625235042036399 2.2691233352164462e-06
leaf_weight=209.73238831758499 1524.3466566801071 5263.705721706152 7239.214868336916 1196.0884821712971 3662.6660703122616 720.46075692772865 1119.2774501442909 3809.3780268728733 2532.5490404367447 256.60647982358932 3040.4582680165768 265.28867372870445 218.24137619137764
leaf_count=375 2256 7753 10558 1782 5282 1119 1717 5819 3993 396 4835 422 347
internal_value=-3.31979e-05 2.22763e-05 0.000158409 -0.000148704 -0.000253259 0.000332806 0.000339859 -0.000124088 -0.000243334 -2.60382e-05 -0.000150827 -0.000528845 0.000804186
internal_weight=31058 24535.1 13692.2 10842.9 8926.37 1916.55 8358.49 5333.72 6522.88 3725.04 3250.19 2797.84 474.848
internal_count=46654 36286 20350 15936 13035 2901 12275 8075 10368 5953 5210 4415 743
is_linear=0
shrinkage=0.02


Tree=315
num_leaves=11
num_cat=0
split_feature=13 17 27 32 27 2 17 13 17 2
split_gain=1.38606 0.994154 2.07004 0.83035 1.23895 1.12843 0.805759 0.859227 0.874797 0.529438
threshold=2.4555399228720467 3.4101832604449229 1.5412325332773358 0.45000000000000007 1.7063952561448363 13.100132275132276 0.64512468614572727 3.1319292087172745 2.3718792332544623 34.837250000000004
decision_type=2 2 2 2 2 2 2 2 2 2
left_child=1 3 -3 4 -1 -5 -2 9 -9 -8
right_child=6 2 -4 5 -6 -7 7 8 -10 -11
leaf_value=-0.00017079302041991836 -0.0012949752842174431 0.0024495594634379898 -0.0014609445069381798 0.00083211971196836423 -0.0024103680728610557 1.6624572093154983e-05 0.0011452744056747492 0.0003588951198298345 -0.002003568386446494 -0.0001922173621943647
leaf_weight=7164.4286475777626 79.961394220590591 174.19994974136353 73.191669970750809 700.53352782130241 99.034788966178894 21219.27980619669 993.34339562058449 332.06585866212845 74.799533665180206 119.59400096535683
leaf_count=10802 142 247 109 1046 164 31432 1668 616 120 186
internal_value=2.41068e-05 -6.73941e-06 0.00125009 -1.78213e-05 -0.00020336 4.32166e-05 0.000597124 0.000704816 -5.86465e-05 0.000992494
internal_weight=31030.4 29430.7 247.392 29183.3 7263.46 21919.8 1599.76 1519.8 406.865 1112.94
internal_count=46532 43800 356 43444 10966 32478 2732 2590 736 1854
is_linear=0
shrinkage=0.02


Tree=316
num_leaves=12
num_cat=0
split_feature=13 19 19 17 27 6 12 27 2 2 34
split_gain=1.32982 1.00489 1.04851 0.953797 1.99065 0.691817 0.982559 0.944108 0.645479 1.4251 0.6278
threshold=2.4555399228720467 -0.98852695814956071 3.8885557289332477 3.4101832604449229 1.5412325332773358 2.5000000000000004 19.338957048606854 1.9223391352074402 19.718888888888895 28.206000000000003 0.41630649477590792
decision_type=2 2 2 2 2 2 2 2 2 2 2
left_child=3 8 10 5 -5 6 -1 -7 -2 -10 -3
right_child=1 2 -4 4 -6 7 -8 -9 9 -11 -12
leaf_value=-0.00015435414417333692 0.0002964461832566777 -0.00019538654023089157 0.0027040599396461833 0.0024011243822721021 -0.0014325027661898099 0.00016573213109275089 0.00017501820361130366 -0.0013387938070068626 0.0042931810921142963 0.0004644518582999919 0.00069004086324486031
leaf_weight=16076.183791607618 98.348812699317932 678.345544308424 70.325795501470566 174.19994974136353 73.191669970750809 8289.9342846274376 4650.1262338161469 167.03246051073074 84.108612060546875 83.876964002847672 584.75845456123352
leaf_count=24021 171 1196 138 247 109 12316 6880 227 138 136 953
internal_value=2.36083e-05 0.000584882 0.000350097 -6.59884e-06 0.00122444 -1.74604e-05 -7.99644e-05 0.000134525 0.00171172 0.00246824 0.000207064
internal_weight=31030.4 1599.76 1333.43 29430.7 247.392 29183.3 20726.3 8456.97 266.334 167.986 1263.1
internal_count=46532 2732 2287 43800 356 43444 30901 12543 445 274 2149
is_linear=0
shrinkage=0.02


Tree=317
num_leaves=10
num_cat=0
split_feature=13 19 19 51 17 27 32 27 34
split_gain=1.27972 0.967699 1.00802 1.21252 0.915052 1.91432 0.799523 1.1873 1.03834
threshold=2.4555399228720467 -0.98852695814956071 3.8885557289332477 0.86019887348930446 3.4101832604449229 1.5412325332773358 0.45000000000000007 1.7063952561448363 0.21056902960106069
decision_type=2 2 2 2 2 2 2 2 2
left_child=4 -2 3 -3 6 -6 7 -1 -8
right_child=1 2 -4 -5 5 -7 8 -9 -10
leaf_value=-0.00016726200584169342 0.0016797306455163491 0.00083337149375139932 0.0026514742328769525 -0.00039889794833390847 0.0023536469561814119 -0.0014046148525549648 -0.00019711248488126138 -0.0023598522258195427 0.00012189326774506179
leaf_weight=7164.4286475777626 266.33438876271248 624.47238805890083 70.325795501470566 638.63161081075668 174.19994974136353 73.191669970750809 5403.8849851489067 99.034788966178894 16515.928348869085
leaf_count=10802 445 1064 138 1085 247 109 8269 164 24209
internal_value=2.31658e-05 0.000573766 0.000343191 0.00020278 -6.46032e-06 0.00119931 -1.71059e-05 -0.000199175 4.27819e-05
internal_weight=31030.4 1599.76 1333.43 1263.1 29430.7 247.392 29183.3 7263.46 21919.8
internal_count=46532 2732 2287 2149 43800 356 43444 10966 32478
is_linear=0
shrinkage=0.02


Tree=318
num_leaves=8
num_cat=0
split_feature=18 51 19 27 33 6 2
split_gain=0.780437 0.689694 1.37321 1.17788 1.1431 1.04992 0.663267
threshold=3.452791854258384 1.1603170440954982 4.4672972965928901 0.44687034029379741 1.3500000000000003 2.5000000000000004 22.702750000000005
decision_type=2 2 2 2 2 2 2
left_child=1 2 5 -3 -5 -1 -4
right_child=-2 3 6 4 -6 -7 -8
leaf_value=-0.00013288516310398283 0.0015613671695281028 -0.00032754784984898429 0.00033284402151017206 0.00037083723222233316 -0.0014013109164813292 0.00016083590481846729 0.0028822261173573976
leaf_weight=16974.399601131678 129.43483003973961 1380.0639369487762 91.294688433408737 5417.1969689428806 145.51300096511841 6800.9617824554443 91.567764490842819
leaf_count=25446 192 2118 135 8124 219 10142 156
internal_value=2.27001e-05 1.58309e-05 -3.46831e-05 0.000191545 0.000322196 -4.8439e-05 0.0016809
internal_weight=31030.4 30901 23958.2 6942.77 5562.71 23775.4 182.862
internal_count=46532 46340 35879 10461 8343 35588 291
is_linear=0
shrinkage=0.02


Tree=319
num_leaves=14
num_cat=0
split_feature=13 19 19 51 43 17 26 11 51 27 53 53 2
split_gain=1.22934 0.931437 0.956197 1.16966 0.863047 1.05067 1.05512 0.981204 1.50745 0.85157 0.845635 0.786289 0.687661
threshold=2.4555399228720467 -0.98852695814956071 3.8885557289332477 0.86019887348930446 0.35000000000000003 3.2482120456780925 0.95000000000000007 1.0000000180025095e-35 1.4375800013828128 1.7397542671663577 -0.099999999999999936 -0.54999999999999993 20.020527777777783
decision_type=2 2 2 2 2 2 2 2 2 2 2 2 2
left_child=4 10 3 -3 7 6 -6 8 -1 -7 -2 -9 -12
right_child=1 2 -4 -5 5 9 -8 11 -10 -11 12 -13 -14
leaf_value=-0.00027178156101819633 -0.000124791163540552 0.00081799680830603146 0.002584076760442029 -0.00039221819388942812 0.00021792853352315986 0.0013105985262871448 -0.00017124183427082537 -0.00080891916178105596 0.00050029999525993301 -0.00092941126507663674 0.000532233500245007 0.00020587645437243878 0.0032016557043357138
leaf_weight=10808.639005631208 68.955211102962494 624.47238805890083 70.325795501470566 638.63161081075668 7787.3804464638233 462.08186358213425 4311.9021584093571 322.30188491940498 1105.9591400623322 72.671619534492493 70.643112421035767 4559.7322716712952 126.73606523871422
leaf_count=16207 124 1064 138 1085 11643 672 6160 514 1695 107 120 6802 201
internal_value=2.2257e-05 0.000561916 0.000335533 0.000198549 -6.77373e-06 0.000117729 7.84056e-05 -0.00010102 -0.000199203 0.000985228 0.00164711 0.00013653 0.00231133
internal_weight=31030.4 1599.76 1333.43 1263.1 29430.7 12634 12099.3 16796.6 11914.6 534.753 266.334 4882.03 197.379
internal_count=46532 2732 2287 2149 43800 18582 17803 25218 17902 779 445 7316 321
is_linear=0
shrinkage=0.02


Tree=320
num_leaves=12
num_cat=0
split_feature=50 14 32 3 24 37 2 37 24 24 24
split_gain=0.967433 1.04526 1.65484 1.24561 1.03185 0.839491 0.988839 1.76993 0.936222 0.622111 0.771258
threshold=0.29870337111331441 10.500000000000002 0.8500000000000002 39.222408481368824 1.3779418393734286 0.0019896142343955505 13.292442129629631 0.056360009540523802 0.76199862594802248 1.2871871826287744 0.19758731119689751
decision_type=2 2 2 2 2 2 2 2 2 2 2
left_child=5 9 3 -3 -4 -1 7 -7 -8 10 -2
right_child=1 2 4 -5 -6 6 8 -9 -10 -11 -12
leaf_value=-0.00083926835795420751 -0.0023626199766701847 -0.00029475506547693784 0.00056841381524445488 -0.0021007280317525924 -0.0017429319405524871 0.0023617367152704229 -0.00012728907504270747 0.00024822247443410218 0.00011612299656636819 0.00060047246810952164 -0.00017133788597981645
leaf_weight=454.60265743732452 65.118860632181168 257.11190158128738 371.66567632555962 436.41103929281235 94.913232088088989 186.70045265555382 12294.728900760412 1101.5393072366714 13000.451312422752 410.08372732996941 2339.4866972863674
leaf_count=734 123 359 548 647 130 263 18734 1678 19114 610 3578
internal_value=-3.20871e-05 -0.000323424 -0.000829422 -0.00144834 7.14577e-05 1.03926e-05 2.53608e-05 0.000565464 -1.79291e-06 -0.000110881 -0.000236749
internal_weight=31012.8 3974.79 1160.1 693.523 466.579 27038 26583.4 1288.24 25295.2 2814.69 2404.61
internal_count=46518 5995 1684 1006 678 40523 39789 1941 37848 4311 3701
is_linear=0
shrinkage=0.02


Tree=321
num_leaves=13
num_cat=0
split_feature=50 14 13 3 24 24 37 37 50 50 3 3
split_gain=0.933102 1.05427 0.937096 1.0138 1.1022 0.703464 1.1757 0.879622 0.630691 0.969692 0.572319 1.43287
threshold=0.25605802669234662 10.500000000000002 2.2092548836962744 24.167767340255583 1.6725402239464091 0.79406416556149761 0.85041632458367888 1.5458128604600454 0.39293555509463612 0.27054777674611025 49.934496467225848 49.632836581379159
decision_type=2 2 2 2 2 2 2 2 2 2 2 2
left_child=2 10 5 -4 -5 7 -7 -1 9 -3 11 -2
right_child=1 8 3 4 -6 6 -8 -9 -10 -11 -12 -13
leaf_value=-0.00015449813881514504 -3.9793076225218557e-05 -0.0021374826448066482 -0.0015514031170447277 0.00064913516066847474 -0.00178182439024343 0.00019674894121476783 -0.00034262918494771139 0.00060555368923369778 -0.001169430522817774 -7.2751480128281891e-06 0.0010307155777830104 -0.0017203321921371124
leaf_weight=12482.461799144745 3123.8689870536327 98.423241466283798 92.987633615732193 1779.3480153977871 73.95985159277916 9038.7670487761497 1956.319791674614 633.87816208600998 707.51226782798767 640.56766891479492 168.4465463757515 216.27275112271309
leaf_count=18805 4738 142 153 2958 133 13246 2805 959 1028 921 307 323
internal_value=-3.14566e-05 -0.000283081 1.60263e-05 0.000438139 0.000544917 -1.76658e-05 9.9825e-05 -0.000116918 -0.00073804 -0.000309488 -9.23514e-05 -0.000152564
internal_weight=31012.8 4955.09 26057.7 1946.3 1853.31 24111.4 10995.1 13116.3 1446.5 738.991 3508.59 3340.14
internal_count=46518 7459 39059 3244 3091 35815 16051 19764 2091 1063 5368 5061
is_linear=0
shrinkage=0.02


Tree=322
num_leaves=8
num_cat=0
split_feature=37 37 3 3 37 3 37
split_gain=0.844315 0.974305 1.56519 1.98338 1.13225 1.07811 0.848642
threshold=0.0019896142343955505 0.066663288623216466 49.040615838299225 37.213094455091856 0.043260882996720158 35.669299856816245 0.27778137361012706
decision_type=2 2 2 2 2 2 2
left_child=-1 2 3 -2 -4 -3 -7
right_child=1 5 4 -5 -6 6 -8
leaf_value=-0.00082703659279209966 -0.00012079046623346388 0.00013369548904171964 -0.0020608852404313117 0.0010481943060131997 0.00074965743301961922 -0.00033565180532073421 -4.6211824094123822e-05
leaf_weight=522.30107814073563 1036.3475624322891 8637.2316972315311 169.90083360671997 1278.1056649684906 78.354220658540726 5868.9396407306194 13421.633067280054
leaf_count=852 1517 12834 238 1931 124 8940 20082
internal_value=-3.08615e-05 -1.68418e-05 0.000355731 0.000520786 -0.00113496 -5.14109e-05 -0.000134815
internal_weight=31012.8 30490.5 2562.71 2314.45 248.255 27927.8 19290.6
internal_count=46518 45666 3810 3448 362 41856 29022
is_linear=0
shrinkage=0.02


Tree=323
num_leaves=14
num_cat=0
split_feature=50 14 32 44 24 2 24 24 30 32 30 24 24
split_gain=0.894562 0.969885 1.5911 1.13157 0.992043 0.753114 1.20937 0.948965 0.924486 0.916503 0.601253 0.599328 0.742415
threshold=0.29870337111331441 10.500000000000002 0.8500000000000002 0.88809846512209412 1.3779418393734286 13.292442129629631 0.29816915329985205 0.79406416556149761 -0.28439210836049372 1.8500000000000003 -0.048409447515065845 1.2871871826287744 0.19758731119689751
decision_type=2 2 2 2 2 2 2 2 2 2 2 2 2
left_child=5 11 3 -3 -4 6 -1 10 -8 -9 -7 12 -2
right_child=1 2 4 -5 -6 7 8 9 -10 -11 -12 -13 -14
leaf_value=-0.00039419582547599178 -0.0023148817867729788 0.00019236837686189577 0.00057269408087866705 -0.0017972674312815027 -0.0016926708399967834 2.6154657883034342e-05 -0.0011799940936288228 8.8407430089355849e-05 0.0010641630667479955 0.0013229167624211455 -0.00024269472916045695 0.00059264218310139082 -0.00016489110012574289
leaf_weight=429.23180049657822 65.118860632181168 131.93864113092422 371.66567632555962 561.58429974317551 94.913232088088989 5672.0802522301674 74.455409586429596 11914.565898180008 863.14978864789009 245.08072334527969 7839.4587580263615 410.08372732996941 2339.4866972863674
leaf_count=698 123 201 548 805 130 8530 118 17536 1253 361 12027 610 3578
internal_value=-3.02526e-05 -0.00031041 -0.000797858 -0.00140491 8.52661e-05 1.05827e-05 0.000467882 -1.34108e-05 0.000873179 0.000114325 -0.000129106 -0.00010553 -0.000229145
internal_weight=31012.8 3974.79 1160.1 693.523 466.579 27038 1366.84 25671.2 937.605 12159.6 13511.5 2814.69 2404.61
internal_count=46518 5995 1684 1006 678 40523 2069 38454 1371 17897 20557 4311 3701
is_linear=0
shrinkage=0.02


Tree=324
num_leaves=9
num_cat=0
split_feature=37 37 3 3 37 3 13 13
split_gain=0.809855 0.933617 1.5022 1.90841 1.08955 1.03374 0.816839 0.613802
threshold=0.0019896142343955505 0.066663288623216466 49.040615838299225 37.213094455091856 0.043260882996720158 35.669299856816245 1.9501401464752537 2.5002656748140279
decision_type=2 2 2 2 2 2 2 2
left_child=-1 2 3 -2 -4 7 -7 -3
right_child=1 5 4 -5 -6 6 -8 -9
leaf_value=-0.00080939882065904053 -0.00011861685968424368 9.0400292779501261e-05 -0.0020199698501328764 0.0010279179691645376 0.0007357252184341988 -0.00017635925211735595 0.00024623423331877322 0.00085001294785666222
leaf_weight=522.30107814073563 1036.3475624322891 8185.2841385900974 169.90083360671997 1278.1056649684906 78.354220658540726 17264.34138700366 2026.2313210070133 451.94755864143372
leaf_count=852 1517 12074 238 1931 124 25618 3404 760
internal_value=-2.96462e-05 -1.59089e-05 0.000348797 0.000510556 -0.00111133 -4.97556e-05 -0.000131432 0.000131493
internal_weight=31012.8 30490.5 2562.71 2314.45 248.255 27927.8 19290.6 8637.23
internal_count=46518 45666 3810 3448 362 41856 29022 12834
is_linear=0
shrinkage=0.02


Tree=325
num_leaves=14
num_cat=0
split_feature=26 51 51 31 50 46 50 46 50 30 46 50 22
split_gain=1.08392 1.30957 1.58822 1.49682 1.11658 1.01778 1.49806 1.35133 0.954618 0.925725 0.883153 0.860312 0.766093
threshold=0.89444444444444449 1.813279711948993 1.4464021807292435 1.2028891607721579 0.50839028618600646 2.4142857142857146 0.047761749433396658 2.1055555555555561 -0.40697018649215772 0.031130578998643302 1.4142857142857144 -0.22638705088360381 -1.7015130864349783
decision_type=2 2 2 2 2 2 2 2 2 2 2 2 2
left_child=5 2 3 -2 -3 7 8 10 -7 -8 -1 -9 -4
right_child=1 4 12 -5 -6 6 9 11 -10 -11 -12 -13 -14
leaf_value=3.5218264919835601e-05 -3.7728019728147713e-05 -0.0025397901464930708 -0.00094266621276526698 -0.00058654276548084918 0.00033109632367232399 -3.266468198012407e-05 -0.00056438057916516728 0.00036864470629636 0.0016897428963583681 0.00098747012026386381 0.00041488579865259397 -0.0012505363766770181 0.00097644243912369867
leaf_weight=13259.719741135836 9178.9666387140751 160.25350126624107 87.163274168968201 2552.5108490884304 72.139114916324615 154.18630459904671 444.78044649958611 167.1110292673111 537.06701228022575 231.98757487535477 3026.6511208117008 484.27532029151917 722.00495830178261
leaf_count=20065 13403 261 129 3750 122 247 678 265 832 374 4677 774 1092
internal_value=1.42585e-05 -0.000126759 -9.82099e-05 -0.00015807 -0.00161073 0.000113204 0.000638446 7.01212e-05 0.00129214 -1.63509e-05 0.000106432 -0.000819979 0.000755574
internal_weight=31078.8 12773 12540.6 11731.5 232.393 18305.8 1368.02 16937.8 691.253 676.768 16286.4 651.386 809.168
internal_count=46669 18757 18374 17153 383 27912 2131 25781 1079 1052 24742 1039 1221
is_linear=0
shrinkage=0.02


Tree=326
num_leaves=10
num_cat=0
split_feature=25 13 42 33 22 2 2 2 2
split_gain=0.868124 1.33326 1.0125 0.83934 1.00162 0.920857 0.67714 0.664079 1.17563
threshold=1.2250000000000003 2.8866202687111548 2.0500000000000003 0.19999999999999998 -1.7958323827126135 37.888750000000009 25.927083333333336 23.774416666666671 22.394916666666667
decision_type=2 2 2 2 2 2 2 2 2
left_child=2 7 3 4 -1 -5 -4 8 -2
right_child=1 -3 6 5 -6 -7 -8 -9 -10
leaf_value=-0.00038562776203751934 -0.0001290783002905533 0.001800748565732982 -0.0027105383647096463 -7.5075147459929616e-07 0.00029108663405076087 -0.0017677415181675969 -8.3741542899872705e-05 -0.00037094028470878503 0.0015752318531726591
leaf_weight=960.05178305506706 842.60152241587639 125.28236320614815 84.869106829166412 15691.270018965006 8610.4901113510132 116.9603925049305 86.94706067442894 4364.0224177539349 196.32210946083069
leaf_count=1424 1194 223 117 23978 12767 179 113 6382 292
internal_value=1.39654e-05 -0.000212821 6.34379e-05 7.4226e-05 0.000222092 -1.46787e-05 -0.00145505 -0.00026201 0.000185781
internal_weight=31078.8 5528.23 25550.6 25378.8 9570.54 15808.2 171.816 5402.95 1038.92
internal_count=46669 8091 38578 38348 14191 24157 230 7868 1486
is_linear=0
shrinkage=0.02


Tree=327
num_leaves=14
num_cat=0
split_feature=26 4 30 30 51 51 31 23 4 50 4 30 4
split_gain=1.0218 1.37101 1.70651 1.79907 1.25969 1.52558 1.42356 1.13294 2.09716 1.07497 1.06631 0.799409 0.780603
threshold=0.89444444444444449 36.543377496046197 -0.18404568600925106 -0.15654265526375197 1.813279711948993 1.4464021807292435 1.2028891607721579 1.1256831332930488 35.786512523291165 0.50839028618600646 38.12270361991618 -0.071301879618170985 48.09093899845206
decision_type=2 2 2 2 2 2 2 2 2 2 2 2 2
left_child=1 7 12 -4 5 6 -2 11 -9 -6 -7 -1 -3
right_child=4 2 3 -5 9 10 -8 8 -10 -11 -12 -13 -14
leaf_value=0.00033220263130136804 -3.6533876409161739e-05 -4.1192814708676642e-05 0.0014928710857294034 0.00029152759514005532 -0.0024904734029701382 0.0019200883182820074 -0.00057178299178931599 -0.00030695538977165904 -0.0026759410203337458 0.00032438638056483867 0.00027135535192235788 -0.0001509577304882943 -0.00099838170724014384
leaf_weight=2299.0806247293949 9178.9666387140751 1184.7958728075027 533.34509783983231 8557.6269991099834 160.25350126624107 222.91902720928192 2552.5108490884304 1716.935968875885 164.04474955797195 72.139114916324615 586.24920526146889 3359.3217712938786 490.62746554613113
leaf_count=3469 13403 1788 801 13089 261 340 3750 2672 248 122 881 5081 764
internal_value=1.36516e-05 0.000109729 0.000254806 0.00036342 -0.000123255 -9.52393e-05 -0.000153922 -9.61303e-05 -0.000521494 -0.00157871 0.00074151 4.36378e-05 -0.000328312
internal_weight=31078.8 18305.8 10766.4 9090.97 12773 12540.6 11731.5 7539.38 1880.98 232.393 809.168 5658.4 1675.42
internal_count=46669 27912 16442 13890 18757 18374 17153 11470 2920 383 1221 8550 2552
is_linear=0
shrinkage=0.02


Tree=328
num_leaves=12
num_cat=0
split_feature=26 4 4 13 2 31 31 4 31 2 31
split_gain=0.980907 1.31702 1.06496 1.03713 1.03626 0.99601 1.07837 1.01801 0.92131 0.90145 0.689942
threshold=0.89444444444444449 36.543377496046197 49.412301233342511 2.5002656748140279 29.697416666666673 1.2028891607721579 1.1473649010613471 24.963553381417526 1.8121661569716705 20.425250000000002 1.4881745628245013
decision_type=2 2 2 2 2 2 2 2 2 2 2
left_child=1 8 4 5 -3 6 -2 -7 10 -4 -1
right_child=3 2 9 -5 -6 7 -8 -9 -10 -11 -12
leaf_value=-9.6877665625440766e-05 -0.0001080333858871019 0.00022219888883452953 0.001140274108669801 0.00071702761476373099 0.00074346815996388454 0.001359381438634554 0.00095005961646088836 -0.00058075348156701808 -0.0012034985207664414 -0.00034194348959089895 0.00075919240978216719
leaf_weight=6857.6199883818626 9105.7869472503662 6963.491836220026 178.35218361020088 558.80119806528091 1993.7292986512184 108.12476682662964 399.08295434713364 2601.2424699664116 286.81277677416801 1630.8221168220043 394.95034930109978
leaf_count=10435 13264 10567 280 938 3060 165 574 3816 463 2535 572
internal_value=1.33559e-05 0.000107497 0.000249694 -0.000120776 0.000339481 -0.000160036 -6.23646e-05 -0.000498693 -9.4249e-05 -0.000189204 -4.86841e-05
internal_weight=31078.8 18305.8 10766.4 12773 8957.22 12214.2 9504.87 2709.37 7539.38 1809.17 7252.57
internal_count=46669 27912 16442 18757 13627 17819 13838 3981 11470 2815 11007
is_linear=0
shrinkage=0.02


Tree=329
num_leaves=15
num_cat=0
split_feature=26 30 50 30 46 50 46 50 47 30 46 50 47 50
split_gain=0.941775 1.17111 1.32423 1.03437 0.980148 1.43213 1.30363 0.91877 0.898244 0.884704 0.850792 1.33003 1.26372 0.825738
threshold=0.89444444444444449 -0.32520228189259009 0.37498195695102826 -0.37508833695718996 2.4142857142857146 0.047761749433396658 2.1055555555555561 -0.40697018649215772 2.1861566933197705 0.031130578998643302 1.0500000000000003 0.092942224754599262 1.3947079950447852 -0.22638705088360381
decision_type=2 2 2 2 2 2 2 2 2 2 2 2 2 2
left_child=4 2 3 -2 6 7 8 -6 -1 -7 11 -3 -12 -8
right_child=1 10 -4 -5 5 9 13 -9 -10 -11 12 -13 -14 -15
leaf_value=8.1019124418269786e-05 -0.00017718026264435153 -0.00073008923804606502 0.0027391659411427471 0.001256123261649986 -3.8774660484254947e-05 -0.00055521537328649781 0.00035209452245143547 0.0016500799615192837 0.0013951923800646724 0.00096169592950761035 0.00036760724636474186 0.0002227353190131176 -0.00020476186376620711 -0.0012330520295491579
leaf_weight=16076.421000599861 604.86526235938072 2140.7065243721008 97.452010601758957 293.40407463908195 154.18630459904671 444.78044649958611 167.1110292673111 537.06701228022575 209.94986134767532 231.98757487535477 1980.0194938778877 785.91907814145088 6870.6718924641609 484.27532029151917
leaf_count=24409 900 3121 143 438 247 678 265 832 333 374 2890 1138 10127 774
internal_value=1.30998e-05 -0.000118322 0.000537179 0.000281626 0.00010535 0.00062073 6.30653e-05 0.00125993 9.87435e-05 -1.92031e-05 -0.000174673 -0.000470825 -7.55314e-05 -0.00081125
internal_weight=31078.8 12773 995.721 898.269 18305.8 1368.02 16937.8 691.253 16286.4 676.768 11777.3 2926.63 8850.69 651.386
internal_count=46669 18757 1481 1338 27912 2131 25781 1079 24742 1052 17276 4259 13017 1039
is_linear=0
shrinkage=0.02


Tree=330
num_leaves=9
num_cat=0
split_feature=50 40 52 30 50 31 31 15
split_gain=1.06445 1.41884 1.37607 1.50369 1.04845 0.701191 1.31917 0.735428
threshold=-0.21158699450511828 -0.46012791514524604 0.75000000000000011 0.36524424779129577 -0.30142757869400011 2.0433367965020914 1.9808859628866555 23.102652948081236
decision_type=2 2 2 2 2 2 2 2
left_child=1 -1 4 -4 -3 6 7 -2
right_child=5 2 3 -5 -6 -7 -8 -9
leaf_value=-0.0026288413813215427 -8.0593217521394118e-05 0.00028069183553075977 0.00019697236534728331 -0.0014960620681991183 0.0015263959378515027 0.00062640940725930112 -0.0023884187741113967 0.0008590600111595386
leaf_weight=65.935086518526077 23812.468485504389 578.74640512466431 4799.0410414636135 216.50790566205978 549.17165771126747 575.9636442065239 96.612795650959015 334.33919882774353
leaf_count=107 35558 935 7165 317 843 976 149 514
internal_value=-1.26772e-06 0.000232556 0.000265739 0.000121328 0.000897691 -6.01834e-05 -7.69579e-05 -6.70985e-05
internal_weight=31028.8 6209.4 6143.47 5015.55 1127.92 24819.4 24243.4 24146.8
internal_count=46564 9367 9260 7482 1778 37197 36221 36072
is_linear=0
shrinkage=0.02


Tree=331
num_leaves=10
num_cat=0
split_feature=12 30 12 15 30 40 15 15 40
split_gain=1.05367 1.93906 1.10579 1.07882 1.836 0.948039 0.670305 1.56835 0.600057
threshold=17.593057031283568 -0.30326598869185994 17.633163129127627 23.102652948081236 -0.08506563406517588 0.12101130144073501 19.328126316816711 16.603669898865494 -0.0036249298032919497
decision_type=2 2 2 2 2 2 2 2 2
left_child=1 -1 8 5 -5 -4 7 -3 -2
right_child=2 6 3 4 -6 -7 -8 -9 -10
leaf_value=0.0014245905535290799 0.0024730354367905835 -0.00045726507259363769 7.3914938716626645e-05 0.0029522869963500022 1.0386488113828291e-05 -0.00022689497537629525 -0.0012831784254905077 0.0012334430056533277 0.00035998015899743423
leaf_weight=237.4003886282444 110.84153136610985 3072.0312749743462 21322.501712977886 133.90993249416351 244.42844322323799 5208.9067546129227 337.73889628052711 231.70240667462349 129.32487943768501
leaf_count=349 170 4582 32016 209 372 7824 496 349 197
internal_value=-1.23348e-06 -0.000309798 4.2502e-05 3.0012e-05 0.00108799 1.44674e-05 -0.000426333 -0.00033499 0.00138886
internal_weight=31028.8 3878.87 27149.9 26909.7 378.338 26531.4 3641.47 3303.73 240.166
internal_count=46564 5776 40788 40421 581 39840 5427 4931 367
is_linear=0
shrinkage=0.02


Tree=332
num_leaves=12
num_cat=0
split_feature=15 52 33 26 26 26 31 22 33 22 31
split_gain=0.799459 0.895021 1.81756 1.13437 1.05539 1.03229 0.768835 1.46478 0.736072 0.642786 0.537898
threshold=23.102652948081236 1.1500000000000001 0.45000000000000007 1.3875000000000002 2.1055555555555561 2.1714285714285722 0.91806201141292931 -0.85919700457633075 0.55000000000000016 0.95108124062642407 1.1439866438863884
decision_type=2 2 2 2 2 2 2 2 2 2 2
left_child=1 4 3 -3 8 -4 7 -2 -1 -9 -8
right_child=6 2 5 -5 -6 -7 10 9 -10 -11 -12
leaf_value=-1.0516537486257754e-05 0.0035792608543336753 0.00017262024777518563 -0.00033748536380319395 -0.0004611058577008652 0.0021939425647800165 -0.0026888309701682263 -0.0013005179104648922 -0.00059609582898711923 0.00029261071499438011 0.0016764188343599002 0.00078336991404729316
leaf_weight=10577.099438488483 89.462145864963531 7165.8477947115898 6751.7880037724972 1334.1934978067875 93.50437718629837 74.917812347412109 87.245891660451889 101.30147066712379 4558.8359906077385 88.217828094959259 106.37196946144104
leaf_count=16016 140 10627 10139 1909 131 104 135 158 6911 135 159
internal_value=-1.16813e-06 -1.41405e-05 -0.000122315 7.18873e-05 9.40702e-05 -0.000365534 0.000813026 0.0014842 8.01492e-05 0.000415965 -0.000108224
internal_weight=31028.8 30556.2 15326.7 8500.04 15229.4 6826.71 472.599 278.981 15135.9 189.519 193.618
internal_count=46564 45837 22779 12536 23058 10243 727 433 22927 293 294
is_linear=0
shrinkage=0.02


Tree=333
num_leaves=11
num_cat=0
split_feature=21 15 33 21 21 15 22 21 15 15
split_gain=0.821728 1.25839 1.18309 1.20937 0.96757 0.901033 0.712645 0.690864 0.57838 0.830699
threshold=1.1597396405120375 2.9865021932886782 1.0500000000000003 1.0346345491695019 1.1536359313601243 23.102652948081236 -1.0179551335494377 0.94173225324144616 5.4732221347514995 6.6854645414417639
decision_type=2 2 2 2 2 2 2 2 2 2
left_child=2 -2 4 7 5 -1 -5 -4 -3 -10
right_child=1 8 3 6 -6 -7 -8 -9 9 -11
leaf_value=-4.3337534136077455e-06 0.0021049323438921842 -0.00019975722158960407 -0.00074006562787407482 7.8559009684289833e-05 -0.0013235919086051272 0.0010140257197343535 -0.0014897546248829675 0.00018157867955750188 0.00092663030475874006 0.00012804167819544264
leaf_weight=24585.165425956249 143.57691073417664 1019.2901841700077 504.88439533114433 130.59251564741135 217.62958824634552 350.32227435708046 563.10224336385727 879.45151004195213 738.09339162707329 1896.6777811944485
leaf_count=36951 232 1489 804 193 312 559 843 1312 1082 2787
internal_value=-1.13406e-06 0.000274058 -3.98967e-05 -0.000498321 -1.58977e-06 9.6525e-06 -0.00118076 -0.000147926 0.000198271 0.000356081
internal_weight=31028.8 3797.64 27231.1 2078.03 25153.1 24935.5 693.695 1384.34 3654.06 2634.77
internal_count=46564 5590 40974 3152 37822 37510 1036 2116 5358 3869
is_linear=0
shrinkage=0.02


Tree=334
num_leaves=11
num_cat=0
split_feature=50 50 12 50 21 21 33 33 21 21
split_gain=1.01935 1.21501 0.972485 0.953456 0.884029 0.87967 0.85481 0.821983 0.785523 0.572829
threshold=-0.21158699450511828 -0.21513734648422925 17.593057031283568 0.43061075532664078 1.1889797413172478 0.62181227478835499 0.75000000000000011 0.35000000000000003 0.94173225324144616 1.079770424882051
decision_type=2 2 2 2 2 2 2 2 2 2
left_child=1 5 6 4 -4 -1 7 -2 -8 -7
right_child=2 -3 3 -5 -6 9 8 -9 -10 -11
leaf_value=0.0017620913554238097 -0.00027674765672335309 0.0022504718233909943 -1.6312558175683529e-05 -0.00045845410384065619 0.00042288382636499914 5.8802045068553494e-05 -0.00076279245699897521 -0.0010437167758191959 0.00080513540944425433 0.00059016798918294893
leaf_weight=137.7749040722847 1665.4351584613323 115.4536024928093 17906.865501642227 1749.6716291308403 2036.6109099388123 4973.3206242620945 181.16504377126694 883.78741031885147 395.84847092628479 982.85296565294266
leaf_count=226 2466 173 26902 2647 2999 7541 275 1328 580 1427
internal_value=-1.09762e-06 0.000227712 -5.87586e-05 -1.07446e-05 2.80743e-05 0.000187023 -0.000388514 -0.000547177 0.000294648 0.000148332
internal_weight=31028.8 6209.4 24819.4 21693.1 19943.5 6093.95 3126.24 2549.22 577.014 5956.17
internal_count=46564 9367 37197 32548 29901 9194 4649 3794 855 8968
is_linear=0
shrinkage=0.02


Tree=335
num_leaves=13
num_cat=0
split_feature=33 32 2 16 22 50 32 22 2 2 22 4
split_gain=0.984477 1.12207 1.04327 1.1272 1.02781 0.973333 1.11599 0.959363 0.861803 1.11817 0.840902 1.13027
threshold=0.35000000000000003 0.75000000000000011 38.690083333333341 26.390000000000004 -2.8960111257956211 0.37498195695102826 0.8500000000000002 -2.1318256126686683 10.349071428571431 14.902936507936511 -3.4875974062671502 47.643614631731076
decision_type=2 2 2 2 2 2 2 2 2 2 2 2
left_child=4 8 3 -3 10 7 -7 -6 -2 -10 -1 -12
right_child=1 2 -4 -5 5 6 -8 -9 9 -11 11 -13
leaf_value=0 -0.0022431440663625217 9.6173648190056821e-05 -0.0021900346864261837 0.0017300612207598479 -0.00061744200962269159 -0.00081544411657004661 0.00040128750188710551 0.00022560739995329941 0.00047946403195818743 -0.00028971711605940887 0.0034260543871174475 0.0001715146813364479
leaf_weight=127.37315598130226 83.0257408618927 7580.5053752064705 75.620855778455734 171.80189344286919 554.99954000115395 839.71844643354416 455.8666612803936 13319.859800219536 838.45321586728096 6896.2110831737518 110.45160618424416 80.095973312854767
leaf_count=191 131 11346 116 254 845 1283 692 19839 1282 10470 162 119
internal_value=5.28611e-05 -5.85619e-05 0.000109826 0.000134109 0.000166054 0.000141636 -0.000379658 0.00019108 -0.000228435 -0.000204941 0.00129182 0.00212595
internal_weight=31134 15645.6 7827.93 7752.31 15488.4 15170.4 1295.59 13874.9 7817.69 7734.66 317.921 190.548
internal_count=46730 23599 11716 11600 23131 22659 1975 20684 11883 11752 472 281
is_linear=0
shrinkage=0.02


Tree=336
num_leaves=15
num_cat=0
split_feature=47 16 31 34 12 20 16 20 19 12 12 34 30 0
split_gain=0.958955 2.34617 1.75591 1.31066 1.21104 1.15873 2.09184 1.17256 1.12787 1.03274 1.4938 1.12874 1.00314 0.856018
threshold=1.8647439439154623 11.322500000000003 1.3967324279984945 0.13218924766436813 18.550952028076772 0.46413514303382369 1.9666666666666675 0.53597762236169555 0.66258315603655593 18.339961618294797 18.877439698070024 0.2871433887478369 0.51826156997976192 18.06524979419213
decision_type=2 2 2 2 2 2 2 2 2 2 2 2 2 2
left_child=5 3 8 -2 -5 9 13 -8 -3 11 -11 -1 -4 -7
right_child=1 2 12 4 -6 6 7 -9 -10 10 -12 -13 -14 -15
leaf_value=-0.00075550064868237733 -0.00039709081748463327 -7.7536240332663734e-05 -0.00063939829642597286 0.0017316030408279144 0.00062935348126744997 0.0027407671425789615 0.0012930341049334673 6.28336577560526e-05 0.00053375912079704031 0.00033067094903339487 -0.00020330257318991509 -0.00012899366065274488 -0.003142976007064899 0.0001466655577791955
leaf_weight=1819.9706466495991 303.90306037664413 3145.8880554139614 572.8189562857151 615.06796219944954 1280.6623182594776 172.34676972031593 320.90262106060982 8700.30882781744 1935.1054229140282 3403.5994170606136 5445.3848828077316 3259.6807105243206 74.231239259243011 84.112457394599915
leaf_count=2795 474 4639 907 918 1909 256 467 12863 2971 5168 8275 4848 114 126
internal_value=5.18133e-05 0.000241754 2.66562e-05 0.000796815 0.000993695 -1.26582e-05 0.000160005 0.00010798 0.000153428 -0.000128391 9.79035e-07 -0.00035564 -0.000950822 0.00193637
internal_weight=31134 7927.68 5728.04 2199.63 1895.73 23206.3 9277.67 9021.21 5080.99 13928.6 8848.98 5079.65 647.05 256.459
internal_count=46730 11932 8631 3301 2827 34798 13712 13330 7610 21086 13443 7643 1021 382
is_linear=0
shrinkage=0.02


Tree=337
num_leaves=15
num_cat=0
split_feature=33 34 2 16 21 32 21 34 50 21 12 34 16 34
split_gain=0.945113 1.78158 1.16688 1.24301 1.03103 1.21209 0.976238 0.960389 0.939567 1.05848 1.37126 1.04339 0.868984 0.783698
threshold=0.35000000000000003 0.21835668751473483 37.888750000000009 26.390000000000004 1.0218405454118737 1.6500000000000001 1.1597396405120375 0.57377251788736339 0.37498195695102826 1.0780375193200473 19.191313063105561 1.1423733188740652 0.67749999999999988 0.13218924766436813
decision_type=2 2 2 2 2 2 2 2 2 2 2 2 2 2
left_child=8 4 3 -3 5 -2 -6 -4 11 10 -10 12 -1 -11
right_child=1 2 7 -5 6 -7 -8 -9 9 13 -12 -13 -14 -15
leaf_value=0.0020194616331192373 5.6385302287570546e-06 4.3836319954730989e-05 -0.00023297427029144834 0.0016037447929792596 -0.0011976535966488891 -0.0021553136910451433 -5.5954490548983385e-05 -0.0035039472005000704 -0.0012501791176096359 -0.001223878402330212 0.00047160045145607502 -0.00056297990056648826 0.00023291020579878301 0.0008427243205591209
leaf_weight=109.41565543413162 1549.2794109880924 12126.170080125332 95.210474967956543 206.43807989358902 1050.3470348119736 108.61651974916458 445.38916864991188 64.167395144701004 631.09990337491035 86.466776221990585 250.11887615919113 656.25902009010315 13385.546185284853 369.45876684784889
leaf_count=163 2526 17967 143 313 1676 182 693 99 974 136 382 1007 19922 547
internal_value=5.07798e-05 -5.83863e-05 4.81385e-05 7.10145e-05 -0.000483278 -0.000132337 -0.000864892 -0.00163898 0.000161693 -0.000341878 -0.000750198 0.000210024 0.000248433 0.00042532
internal_weight=31134 15645.6 12492 12332.6 3153.63 1657.9 1495.74 159.378 15488.4 1337.14 881.219 14151.2 13495 455.926
internal_count=46730 23599 18522 18280 5077 2708 2369 242 23131 2039 1356 21092 20085 683
is_linear=0
shrinkage=0.02


Tree=338
num_leaves=15
num_cat=0
split_feature=47 4 4 15 12 12 50 15 15 0 12 12 30 22
split_gain=0.922037 1.65769 1.46402 1.0091 0.971352 1.4645 1.15416 1.74962 1.11562 0.996877 0.813339 1.16231 0.974463 0.808868
threshold=1.8647439439154623 42.527368640712915 32.50962788232146 11.332476210499843 18.400275103420714 19.767461702905191 0.10998464248663636 4.3286156126524569 7.0852281274590228 29.292800886322102 19.674942222787664 20.624768811575503 0.51826156997976192 0.24400632992011892
decision_type=2 2 2 2 2 2 2 2 2 2 2 2 2 2
left_child=4 2 13 -4 6 8 9 -8 -6 -1 12 -12 -3 -2
right_child=1 10 3 -5 5 -7 7 -9 -10 -11 11 -13 -14 -15
leaf_value=-0.00017245506935881333 -0.0022252559462744197 7.6085313289570855e-05 0.0017266285989454724 0.00022978488941298943 0.00038470337984705108 -0.00038416973081921131 0.00089546106119241047 -0.00076554268290692472 -4.2808973443632346e-07 0.00041565387959347438 0.00095746668241554977 -0.0013896017179275521 -0.0017147192694972402 0.00069132685751278563
leaf_weight=5195.0801219344139 78.39122462272644 5903.2756413817406 625.80099841952324 276.60335567593575 5541.3058121204376 2195.8693287074566 282.46456134319305 2049.5983193814754 6466.3942657113075 1475.5939238369465 768.31050392985344 89.801770508289337 121.84777438640594 63.645745784044266
leaf_count=7787 127 8921 954 397 8451 3257 421 3062 9631 2189 1115 133 185 100
internal_value=4.9745e-05 0.000236001 0.000979023 0.0012804 -1.34672e-05 8.90781e-05 -0.000176347 -0.000559479 0.000176504 -4.07775e-05 0.000121553 0.000697559 3.76532e-05 -0.000857477
internal_weight=31134 7927.68 1044.44 902.404 23206.3 14203.6 9002.74 2332.06 12007.7 6670.67 6883.24 858.112 6025.12 142.037
internal_count=46730 11932 1578 1351 34798 21339 13459 3483 18082 9976 10354 1248 9106 227
is_linear=0
shrinkage=0.02


Tree=339
num_leaves=14
num_cat=0
split_feature=33 34 2 16 21 22 34 33 31 21 34 34 22
split_gain=0.904137 1.71673 1.12375 1.19445 0.989301 0.979368 1.31146 0.941648 1.03313 0.936167 0.921706 0.767523 0.524557
threshold=0.35000000000000003 0.21835668751473483 37.888750000000009 26.390000000000004 1.0218405454118737 -2.8960111257956211 0.38305320100622459 -0.74999999999999989 1.2448606937639328 1.1597396405120375 0.57377251788736339 0.18991198126178319 0.29880189672480478
decision_type=2 2 2 2 2 2 2 2 2 2 2 2 2
left_child=5 4 3 -3 -2 6 11 12 -9 -6 -4 -1 -7
right_child=1 2 10 -5 9 7 -8 8 -10 -11 -12 -13 -14
leaf_value=0.0016245518815070886 -0.00013117838667443541 4.2342435149315021e-05 -0.00022926025927718434 0.0015714987109645279 -0.0011748446916890292 -0.0013872058103544433 0.0025853906982124066 0.0002413889894177642 -0.00018419932258537512 -5.6259889813961999e-05 -0.0034364971952187892 -0.0011051726157771413 1.3117421449739658e-05
leaf_weight=68.155718863010406 1657.895930737257 12126.170080125332 95.210474967956543 206.43807989358902 1050.3470348119736 246.03329768776894 151.99763616919518 11970.472628384829 2790.1796894967556 445.38916864991188 64.167395144701004 97.767380446195602 163.75883236527443
leaf_count=99 2708 17967 143 313 1676 349 224 17896 4177 693 99 149 237
internal_value=4.87485e-05 -5.80172e-05 4.65365e-05 6.90007e-05 -0.000475105 0.000157237 0.00125611 0.000133387 0.000160249 -0.000848958 -0.00160908 0 -0.000805987
internal_weight=31134 15645.6 12492 12332.6 3153.63 15488.4 317.921 15170.4 14760.7 1495.74 159.378 165.923 409.792
internal_count=46730 23599 18522 18280 5077 23131 472 22659 22073 2369 242 248 586
is_linear=0
shrinkage=0.02


Tree=340
num_leaves=14
num_cat=0
split_feature=32 30 34 19 30 30 19 17 17 37 19 12 37
split_gain=1.03194 1.00569 1.27164 1.01394 0.915829 0.851125 0.781246 0.899681 1.50163 0.740015 0.737784 1.41712 0.86423
threshold=1.1500000000000001 0.36524424779129577 0.53022291243022257 1.2048728674286961 -0.40518342287928805 -0.2967144712449466 -2.5873154826586133 1.0023487205554626 1.5624428797554841 0.18969111969810967 -2.3666966226824608 18.063692584637483 0.029875317975141903
decision_type=2 2 2 2 2 2 2 2 2 2 2 2 2
left_child=6 3 -3 4 -2 -5 7 9 -9 -1 11 -8 -12
right_child=1 2 -4 5 -6 -7 10 8 -10 -11 12 -13 -14
leaf_value=-0.00015597236538338074 -0.0012539747814641624 -0.0018377865170669003 0.00060287208702267743 0.0031873281483707672 0.00027318432254036659 0.00075958058850889021 0.0033157489848032796 0.00069364423410149534 -0.00080120176736652642 -0.0026443668364423277 -0.00050178297453764751 0.00012922585913803546 1.0079075340805141e-05
leaf_weight=90.074128299951553 160.53094184398651 191.31595146656036 143.39503678679466 63.590334534645081 3517.6895883083344 913.14514660835266 75.356967121362686 411.29518175125122 748.17839324474335 128.53608599305153 1395.721689671278 227.83482760190964 23099.636981576681
leaf_count=138 232 283 203 100 5158 1410 114 612 1076 191 2138 340 34730
internal_value=1.75838e-05 0.000281325 -0.000765104 0.000359011 0.000203171 0.000934046 -3.2325e-05 -0.000495557 -0.00026205 -0.00167511 -6.14151e-06 0.000970527 -1.87167e-05
internal_weight=31166.3 4989.67 334.711 4654.96 3678.22 976.735 26176.6 1378.08 1159.47 218.61 24798.6 303.192 24495.4
internal_count=46725 7386 486 6900 5390 1510 39339 2017 1688 329 37322 454 36868
is_linear=0
shrinkage=0.02


Tree=341
num_leaves=11
num_cat=0
split_feature=50 15 19 23 19 19 19 15 15 27
split_gain=0.750018 1.51295 0.940431 0.862395 0.886365 1.11967 0.790519 1.15658 0.778209 0.777093
threshold=0.25605802669234662 15.433391335996403 4.4672972965928901 0.32570624481900756 2.4098769561407498 0.75842448525587447 0.36199141075567814 17.247967954379867 12.734290490287101 1.8679817179436082
decision_type=2 2 2 2 2 2 2 2 2 2
left_child=1 2 8 -2 5 -5 7 -3 -1 -8
right_child=3 6 -4 4 -6 -7 9 -9 -10 -11
leaf_value=3.0330905807725694e-05 -0.0016262993836571699 0.0008347829004265049 0.0013890193022795287 -0.00029930758226588624 -0.00078248312508411911 0.00037663845469570979 0.00095654551772795323 -0.00015021661602003256 -0.0003472237308997818 -0.00094527210018052993
leaf_weight=20063.04123967886 164.72041341662407 735.20674139261246 191.75341552495956 2538.5288619697094 759.26200285553932 1589.6734508872032 1276.2227049171925 1316.0412263870239 2446.5467795431614 85.304418236017227
leaf_count=30215 252 1036 302 3719 1194 2405 1909 1943 3626 124
internal_value=1.72408e-05 6.0694e-05 1.21236e-06 -0.00020532 -0.000154739 -3.65392e-05 0.000453198 0.000198425 -1.02882e-05 0.000828844
internal_weight=31166.3 26114.1 22701.3 5052.18 4887.46 4128.2 3412.78 2051.25 22509.6 1361.53
internal_count=46725 39155 34143 7570 7318 6124 5012 2979 33841 2033
is_linear=0
shrinkage=0.02


Tree=342
num_leaves=14
num_cat=0
split_feature=34 0 24 12 12 27 23 27 23 12 27 12 19
split_gain=0.904881 1.43534 1.98299 1.88827 1.31323 1.47744 1.17378 1.10852 1.08547 1.05686 0.881167 0.711834 0.691442
threshold=0.23132363433913131 33.773221735183803 1.5175323826954117 18.520236108624964 16.642802263935025 0.39594137363192144 0.93544967261975287 0.29411044726970026 1.11471461846533 16.893273769724143 0.28173333027423447 17.452956489289271 0.69576582552500466
decision_type=2 2 2 2 2 2 2 2 2 2 2 2 2
left_child=1 2 3 -1 5 -2 -7 10 -4 -9 -6 -3 -13
right_child=4 11 8 -5 7 6 -8 9 -10 -11 -12 12 -14
leaf_value=-0.00055274433450104197 0.0039044680222504887 -0.00078328887488735759 -0.0034622636239866589 6.879017221265265e-05 -0.00026777884773850459 -0.00080254472455300806 0.0017099866402166711 -0.0011584035548914595 0 0.0001246087948762827 -0.0018742751842717601 0.00067252742039684442 0.0026090015937330338
leaf_weight=3151.6380273997784 68.642216742038727 72.660086125135422 113.13277205824852 5084.1226702332497 1637.9606183767319 124.60343489050865 167.79811161756516 256.83977338671684 59.294348031282425 19894.969001054764 150.8999836742878 269.52416107058525 114.21605014801025
leaf_count=4799 110 106 210 7950 2546 182 256 390 113 29288 225 389 161
internal_value=1.68824e-05 -0.000153627 -0.000213964 -0.000167919 8.51132e-05 0.00127965 0.000607156 6.4886e-05 -0.00232876 0.000107647 -0.000410821 0.000932231 0.00128536
internal_weight=31166.3 8864.59 8408.19 8235.76 22301.7 361.044 292.402 21940.7 172.427 20151.8 1788.86 456.4 383.74
internal_count=46725 13728 13072 12749 32997 548 438 32449 323 29678 2771 656 550
is_linear=0
shrinkage=0.02


Tree=343
num_leaves=12
num_cat=0
split_feature=32 53 30 34 53 34 34 19 34 19 37
split_gain=0.982765 1.31714 0.965321 1.22051 1.14184 1.46604 0.945066 0.652054 0.83747 0.779631 0.565745
threshold=1.1500000000000001 2.2500000000000004 0.36524424779129577 0.53022291243022257 2.3500000000000005 0.52630807485274522 0.16996644789791179 -2.5873154826586133 0.56025371305810723 -2.1895837207469433 0.8005053299457715
decision_type=2 2 2 2 2 2 2 2 2 2 2
left_child=1 7 4 -4 6 -6 -2 8 -1 -9 -3
right_child=2 10 3 -5 5 -7 -8 9 -10 -11 -12
leaf_value=-0.00079229207205089953 -0.00021459581724811788 0.0016620118270464349 -0.0018022600282347184 0.00058796457076746905 0.00035234250144731418 -0.003096776782517604 0.0005490226504257195 0.00068558102575393901 0.00028649603497014865 -4.2740288818958774e-05 -0.0002325862031479858
leaf_weight=969.5587976872921 763.72906640172005 256.95538169145584 191.31595146656036 143.39503678679466 104.05707177519798 84.199060767889023 3702.9708123505116 599.7574335038662 391.40842750668526 23887.834515452385 71.119699418544769
leaf_count=1432 1206 373 283 203 160 120 5414 895 560 35977 102
internal_value=1.65273e-05 -3.21702e-05 0.000273917 -0.000751144 0.000350061 -0.00115408 0.000416182 -4.85697e-05 -0.000474735 -2.44392e-05 0.00122209
internal_weight=31166.3 26176.6 4989.67 334.711 4654.96 188.256 4466.7 25848.6 1360.97 24487.6 328.075
internal_count=46725 39339 7386 486 6900 280 6620 38864 1992 36872 475
is_linear=0
shrinkage=0.02


Tree=344
num_leaves=11
num_cat=0
split_feature=32 13 30 27 14 37 37 50 37 37
split_gain=0.943366 1.06849 0.928965 0.852139 0.758053 0.767885 2.03801 0.924161 0.755085 0.99742
threshold=1.1500000000000001 2.8866202687111548 0.36524424779129577 1.5212875698475312 12.500000000000002 0.12171372630589532 0.099583431153199911 -0.03817473057203629 0.18969111969810967 0.25046051467964986
decision_type=2 2 2 2 2 2 2 2 2 2
left_child=4 2 3 -2 5 6 -1 -7 -6 -10
right_child=1 -3 -4 -5 8 7 -8 -9 9 -11
leaf_value=-5.4561649989765009e-05 0.00041613278002026403 0.002264426817231914 -0.00079984328364988196 -0.00033278792580424243 0.00026463023820934322 0.00020069661523442514 -0.0012753912708152832 -7.1257292637175884e-05 -0.002061085884816881 -0.00043784588681631094
leaf_weight=3480.0138285756111 3856.3655554950237 104.1162683069706 324.3918938934803 704.79328185319901 461.68955466151237 8970.4966951310635 651.70937943458557 11214.825454354286 177.70650258660316 1220.1928405165672
leaf_count=5310 5761 183 468 974 651 13567 995 16885 244 1687
internal_value=1.61877e-05 0.000268369 0.000222876 0.000298122 -3.15168e-05 -1.32614e-06 -0.00025007 4.91135e-05 -0.00042051 -0.000653992
internal_weight=31166.3 4989.67 4885.55 4561.16 26176.6 24317 4131.72 20185.3 1859.59 1397.9
internal_count=46725 7386 7203 6735 39339 36757 6305 30452 2582 1931
is_linear=0
shrinkage=0.02


Tree=345
num_leaves=10
num_cat=0
split_feature=12 47 34 24 24 19 50 47 19
split_gain=0.879518 0.74604 0.694016 2.10906 0.764598 0.779913 0.686325 0.542606 0.504837
threshold=16.642802263935025 1.366908578023518 0.2698979714233149 0.29164392008399592 1.2983031020356519 -0.76492568844210485 -0.60758050520872886 0.71678498661390333 1.572873996016549
decision_type=2 2 2 2 2 2 2 2 2
left_child=1 7 4 -4 5 -2 -5 -1 -6
right_child=2 -3 3 6 8 -7 -8 -9 -10
leaf_value=0.0010578648883891439 -0.00038452910641889062 0.0018734853810834741 -0.00082873374857414474 0.0010605011093615063 -0.0010873446357556795 8.9997899506869166e-06 8.8217654321188119e-05 -0.00065327111475533509 0.00039155171606923523
leaf_weight=146.53627237677574 2782.8228762447834 179.01120528578758 1018.4413478076458 295.25659638643265 514.90757900476456 7113.5827372968197 18759.707463234663 140.65383145213127 100.18530243635178
leaf_count=219 4204 277 1715 437 818 10968 27576 221 182
internal_value=2.8627e-07 0.000860872 -1.256e-05 5.60228e-05 -0.000144467 -0.000100704 0.000103918 0.00018652 -0.000829771
internal_weight=31051.1 466.201 30584.9 20073.4 10511.5 9896.41 19055 287.19 615.093
internal_count=46617 717 45900 29728 16172 15172 28013 440 1000
is_linear=0
shrinkage=0.02


Tree=346
num_leaves=14
num_cat=0
split_feature=21 23 14 21 20 12 20 21 20 20 20 20 19
split_gain=1.06311 1.21134 1.91431 1.12951 1.6204 1.1027 1.05111 0.909157 0.879303 0.855264 0.832851 0.635873 0.621205
threshold=1.03566366909314 0.94166114859111683 9.5000000000000018 1.0078657295365028 -1.0103890899992825 20.418638465739658 1.9942601786146776 1.0336941273029525 1.5029174743645337 -0.8298038067416228 -5.8418543131924823 -1.3419391510279934 1.3776807425136461
decision_type=2 2 2 2 2 2 2 2 2 2 2 2 2
left_child=3 5 9 10 11 6 -2 -6 -4 -3 -1 -5 -12
right_child=1 2 8 4 7 -7 -8 -9 -10 -11 12 -13 -14
leaf_value=0.0009737021987840514 -0.00059314405584622975 -0.00062279824967714185 -1.2665345976824418e-05 0.00086402312121290278 0.00015160919620362659 0.0014008300266052552 3.5298548370232198e-05 0.001530067541000415 -0.00063330978815565487 0.0004536110600921689 -8.425427376831208e-05 0.0023766548020218306 0.0002564837904822619
leaf_weight=346.43331834673882 3762.5740267038345 315.27094483375549 2106.8136741518974 383.92751839756966 3730.5637047588825 132.70804551243782 1443.1888901889324 202.41646540164948 1656.7001848220825 3280.8650442361832 10847.751836061478 182.25566822290421 2659.6358898878098
leaf_count=537 5447 489 3040 586 5533 193 2126 294 2414 4961 16453 279 4265
internal_value=2.88951e-07 -0.000140066 2.50444e-05 9.79474e-05 0.000373242 -0.000369484 -0.000417055 0.000225836 -0.00028872 0.00035617 7.78004e-06 0.00137519 -1.63939e-05
internal_weight=31051.1 12698.1 7359.65 18353 4499.16 5338.47 5205.76 3932.98 3763.51 3596.14 13853.8 566.183 13507.4
internal_count=46617 18670 10904 27947 6692 7766 7573 5827 5454 5450 21255 865 20718
is_linear=0
shrinkage=0.02


Tree=347
num_leaves=12
num_cat=0
split_feature=21 21 17 21 12 4 27 47 47 4 17
split_gain=1.02151 1.08574 1.57909 1.00216 0.939858 0.829974 0.794549 1.23282 0.795917 0.78663 0.663181
threshold=1.03566366909314 1.0078657295365028 2.6890602654141902 1.0336941273029525 20.418638465739658 43.659776791234542 1.9223391352074402 1.629308089286972 1.6643307625040631 17.808333667611276 2.8354200557877207
decision_type=2 2 2 2 2 2 2 2 2 2 2
left_child=1 9 3 -3 6 -6 8 -8 -2 -1 -11
right_child=4 2 -4 -5 5 -7 7 -9 -10 10 -12
leaf_value=0.0010405728233150264 -0.00028039115771781391 0.00063301984566533373 1.1383902203840661e-05 0.0023109298839394392 -0.00021351509044878294 0.0019023577900994688 0.0026709446110391088 -0.00029963425800640049 8.8530887062216509e-05 4.6393911455179358e-05 -0.00033571308512120551
leaf_weight=287.00709709525108 9104.3708293437958 1939.5135127305984 2401.1747206151485 158.47512343525887 118.40911135077477 165.88074922561646 97.920216530561447 114.29711747169495 3097.24278652668 11410.655539989471 2156.1584072113037
leaf_count=435 13368 2960 3495 237 174 243 139 170 4576 17615 3205
internal_value=3.10346e-07 9.60453e-05 0.000365954 0.000766606 -0.000137264 0.000990814 -0.000164059 0.00103649 -0.000185926 7.62774e-06 -1.36375e-05
internal_weight=31051.1 18353 4499.16 2097.99 12698.1 284.29 12413.8 212.217 12201.6 13853.8 13566.8
internal_count=46617 27947 6692 3197 18670 417 18253 309 17944 21255 20820
is_linear=0
shrinkage=0.02


Tree=348
num_leaves=15
num_cat=0
split_feature=21 23 47 47 21 20 12 20 4 21 20 4 20 23
split_gain=0.981173 1.15906 1.08218 1.31974 1.04332 1.5437 1.03334 1.01353 0.922301 0.844478 0.792175 0.719399 0.613282 0.596929
threshold=1.03566366909314 0.94166114859111683 1.1310480646570678 0.81912090424788442 1.0078657295365028 -1.0103890899992825 20.418638465739658 1.9942601786146776 44.975684962300228 1.0336941273029525 -5.8418543131924823 24.422824377645174 -1.3419391510279934 1.1391978149714923
decision_type=2 2 2 2 2 2 2 2 2 2 2 2 2 2
left_child=4 6 3 -3 10 12 7 -2 -4 -7 11 -1 -6 -12
right_child=1 2 8 -5 5 9 -8 -9 -10 -11 13 -13 -14 -15
leaf_value=0.0017357558127836599 -0.0005779511249312221 0.0001133353103685812 0.00058388312581689628 -0.00068663466943592378 0.00083430969960904874 0.00014318016861274624 0.0013542262698565803 3.9105364496927892e-05 -1.8822419542368715e-05 0.0014718891608268051 5.8492544608529005e-05 -3.8445255898745901e-05 0.0023201676919325036 -0.00025114726572769539
leaf_weight=197.70733594894409 3762.5740267038345 1834.2656638920307 1804.6037257611752 1471.6206721663475 383.92751839756966 3730.5637047588825 132.70804551243782 1443.1888901889324 2249.1597862243652 202.41646540164948 10223.121216595173 148.72598239779472 182.25566822290421 3284.2665093541145
leaf_count=299 5447 2717 2736 2157 586 5533 193 2126 3294 294 15479 238 279 5239
internal_value=3.33218e-07 -0.000134491 2.69977e-05 -0.000239949 9.41651e-05 0.00035875 -0.00035892 -0.000405016 0.000247172 0.000214819 7.47736e-06 0.000949532 0.00133669 -1.60809e-05
internal_weight=31051.1 12698.1 7359.65 3305.89 18353 4499.16 5338.47 5205.76 4053.76 3932.98 13853.8 346.433 566.183 13507.4
internal_count=46617 18670 10904 4874 27947 6692 7766 7573 6030 5827 21255 537 865 20718
is_linear=0
shrinkage=0.02


Tree=349
num_leaves=12
num_cat=0
split_feature=21 21 27 12 21 17 17 17 47 4 17
split_gain=0.942629 1.53455 0.980214 1.08903 0.860119 0.858141 0.939863 0.861226 0.825689 0.743505 0.635941
threshold=1.0396814925176658 1.040817823111116 1.8679817179436082 19.360310112302635 1.0078657295365028 2.6890602654141902 0.82401646295358166 2.7593681812186173 1.65233338960647 17.808333667611276 2.8354200557877207
decision_type=2 2 2 2 2 2 2 2 2 2 2
left_child=4 -2 8 -4 9 6 -6 -7 -3 -1 -11
right_child=1 2 3 -5 5 7 -8 -9 -10 10 -12
leaf_value=0.0010115652438483921 -0.002348790747395235 -0.00023681859770192056 0.00021835719635753873 0.0032091145780482884 -0.001607139635040139 -0.0012469823049850092 0.00065605481465663359 0.00016105873868889765 0.00014695950526411643 4.5433418472925322e-05 -0.00032873973239737288
leaf_weight=287.00709709525108 122.58384269475937 8852.2539533674717 177.6979852616787 70.045457571744919 71.462880074977875 184.67215269804001 2356.5295172631741 2394.6281363666058 2967.4102419316769 11410.655539989471 2156.1584072113037
leaf_count=435 175 13019 268 92 111 270 3576 3473 4378 17615 3205
internal_value=3.61439e-07 -0.000136372 -0.000112684 0.00112291 8.92681e-05 0.000313913 0.000584059 5.54841e-05 -0.000139614 7.31772e-06 -1.33362e-05
internal_weight=31051.1 12190 12067.4 247.743 18861.1 5007.29 2427.99 2579.3 11819.7 13853.8 13566.8
internal_count=46617 17932 17757 360 28685 7430 3687 3743 17397 21255 20820
is_linear=0
shrinkage=0.02


Tree=350
num_leaves=9
num_cat=0
split_feature=25 19 30 30 31 30 31 17
split_gain=0.660309 0.875333 0.793798 1.09857 0.833431 0.628592 0.547053 0.544948
threshold=2.2916666666666674 -0.34465040227021143 0.51826156997976192 0.44705926280409009 1.2205143845739663 0.41529743618751963 1.3967324279984945 2.0893715421424051
decision_type=2 2 2 2 2 2 2 2
left_child=2 -2 3 5 -4 -1 -5 -3
right_child=1 7 4 6 -6 -7 -8 -9
leaf_value=3.4936806355399057e-05 -0.00090344594691497417 0.0024190517581762555 0.00063142601263659645 0.00024978411357524146 -0.0015914554552109955 -0.0010359261708374767 0.0020085324203101256 0.00062449763027058085
leaf_weight=29741.765794932842 84.047484844923019 118.13071325421333 85.861629724502563 149.11845749616623 232.47651717066765 218.41432622075081 165.20375669002533 210.48815330862999
leaf_count=44709 119 172 128 222 347 329 250 291
internal_value=3.97414e-05 0.000833348 2.86558e-05 3.94497e-05 -0.000960488 2.67277e-05 0.00121263 0.00131057
internal_weight=31005.5 412.666 30592.8 30274.5 318.338 29960.2 314.322 328.619
internal_count=46567 582 45985 45510 475 45038 472 463
is_linear=0
shrinkage=0.02


Tree=351
num_leaves=9
num_cat=0
split_feature=52 33 19 30 30 23 30 30
split_gain=1.15864 0.897903 1.16267 1.14888 1.01543 0.925815 0.879935 0.862928
threshold=1.0000000180025095e-35 -0.24999999999999992 1.1234778772925245 -0.3109752561424487 0.094952325256266512 0.97376095226458503 0.12468472604661522 -0.37508833695718996
decision_type=2 2 2 2 2 2 2 2
left_child=-1 4 7 -4 5 -2 -6 -3
right_child=1 2 3 -5 6 -7 -8 -9
leaf_value=0.0019563928838437798 0.00076378664076948068 -0.00079526699999722553 0.001644992087845634 0.00016453793084758369 -0.0013163859827376402 8.7547780276192109e-05 4.5272940065410528e-05 -6.7158338574826768e-05
leaf_weight=123.71497368812561 1909.5411776006222 676.17838513851166 217.09716284275055 6252.5010168552399 218.20943936705589 1469.3222772181034 1295.0483177006245 18843.894083231688
leaf_count=172 2728 1006 357 9643 325 2150 1865 28321
internal_value=3.89626e-05 3.08312e-05 -1.56002e-05 0.000216255 0.00027945 0.000472903 -0.000145955 -9.29713e-05
internal_weight=31005.5 30881.8 25989.7 6469.6 4892.12 3378.86 1513.26 19520.1
internal_count=46567 46395 39327 10000 7068 4878 2190 29327
is_linear=0
shrinkage=0.02


Tree=352
num_leaves=9
num_cat=0
split_feature=52 33 19 23 31 19 22 3
split_gain=1.11345 0.862545 1.11704 1.05165 0.916118 1.21544 0.9174 0.759879
threshold=1.0000000180025095e-35 -0.24999999999999992 1.1234778772925245 0.46522074878864111 1.6037882057819033 2.8299536184640961 -2.773713380978915 30.775857662636817
decision_type=2 2 2 2 2 2 2 2
left_child=-1 4 7 -4 6 -6 -2 -3
right_child=1 2 3 -5 5 -7 -8 -9
leaf_value=0.0019178874582828562 0.0021296536781565036 0.00022214773587035365 -0.0012557495599274473 0.0002572422449659474 -0.0012964947075334206 0.0016052860689109059 0.00030287681330578062 -0.0001409465355545129
leaf_weight=123.71497368812561 113.04798138141632 2649.9942846894264 185.36724224686623 6284.2309374511242 282.46352475881577 67.98868516087532 4428.6210205852985 16870.078183680773
leaf_count=172 166 4033 294 9706 415 105 6382 25294
internal_value=3.81994e-05 3.02218e-05 -1.52791e-05 0.000211972 0.000273898 -0.000699254 0.000351466 -9.11239e-05
internal_weight=31005.5 30881.8 25989.7 6469.6 4892.12 350.452 4541.67 19520.1
internal_count=46567 46395 39327 10000 7068 520 6548 29327
is_linear=0
shrinkage=0.02


Tree=353
num_leaves=9
num_cat=0
split_feature=20 33 3 31 3 23 3 23
split_gain=1.13663 0.830615 1.34579 1.25114 1.11724 0.814992 0.907749 0.851259
threshold=6.5467966185759776 -0.44999999999999996 35.477121828101367 1.1767584115196275 33.79900867642084 0.46522074878864111 25.747652862367932 0.60367310726741674
decision_type=2 2 2 2 2 2 2 2
left_child=1 2 4 -4 -1 6 -3 -7
right_child=-2 5 3 -5 -6 7 -8 -9
leaf_value=0.00010996043257734589 0.0019824167584835367 0.00095594941617991062 0.0010029155497367837 -0.00031995119136706061 -0.001611993175642984 0.00044173283514322581 -0.00045339502778003694 0
leaf_weight=710.73478960990906 117.87867018580437 192.2351541519165 1300.4800339639187 352.02866214513779 186.55017167329788 1879.9493863284588 2356.9367555677891 23908.713210016489
leaf_count=999 180 289 1895 519 265 2808 3589 36023
internal_value=3.74532e-05 2.95789e-05 0.000375201 0.000715019 -0.000239712 -1.19112e-06 -0.000342529 3.21859e-05
internal_weight=31005.5 30887.6 2549.79 1652.51 897.285 28337.8 2549.17 25788.7
internal_count=46567 46387 3678 2414 1264 42709 3878 38831
is_linear=0
shrinkage=0.02


Tree=354
num_leaves=6
num_cat=0
split_feature=20 52 33 23 31
split_gain=1.09234 1.12048 0.809409 1.01647 0.848513
threshold=6.5467966185759776 1.0000000180025095e-35 -0.24999999999999992 0.46522074878864111 1.6037882057819033
decision_type=2 2 2 2 2
left_child=1 -1 4 -4 -3
right_child=-2 2 3 -5 -6
leaf_value=0.0019196349360282986 0.0019434299399157806 0.00033250326637531769 -0.00042102561035635243 1.5900780260342441e-05 -0.00068054474556516933
leaf_weight=122.99533069133759 117.87867018580437 4522.3287431299686 2336.5253477394581 23556.685934573412 349.09280732274055
leaf_count=171 180 6523 3575 35601 517
internal_value=3.67125e-05 2.89867e-05 2.09786e-05 -2.31694e-05 0.000257605
internal_weight=31005.5 30887.6 30764.6 25893.2 4871.42
internal_count=46567 46387 46216 39176 7040
is_linear=0
shrinkage=0.02


Tree=355
num_leaves=12
num_cat=0
split_feature=32 30 51 34 34 30 20 30 47 40 40
split_gain=1.29946 1.47146 1.30491 1.11741 1.09585 1.0318 1.10299 0.848778 0.884218 0.765698 0.570019
threshold=1.3500000000000003 -0.37508833695718996 1.2738632875532012 0.13714170448146859 1.1423733188740652 -0.317499458468877 4.4812385397745578 -0.317499458468877 1.5431626538482386 0.097160602429479409 -0.044996018816683143
decision_type=2 2 2 2 2 2 2 2 2 2 2
left_child=4 -2 3 -3 5 10 -7 -6 -9 -4 -1
right_child=1 2 9 -5 7 6 -8 8 -10 -11 -12
leaf_value=0.0009665163639509725 -0.0016421220691894564 -0.00048265087626186553 -0.0010970607704424082 0.00086905338963296939 -0.002182443154325189 -9.2131884871535816e-05 0.00075472201312319013 -0.00071235184010885082 8.0947751784226258e-05 0.00091721035346300269 0.00012998112155037921
leaf_weight=583.86319094896317 131.75211137533188 270.36054736375809 285.60521793365479 1857.0120132863522 113.06825542449951 23930.532976567745 627.37789657711983 1395.5794622004032 904.51521807909012 95.499009430408478 810.11159619688988
leaf_count=867 190 445 444 2717 171 35997 929 2102 1335 144 1253
internal_value=-3.81543e-05 0.00038543 0.00049713 0.000692282 -7.79586e-05 -3.9614e-05 -7.00305e-05 -0.000485813 -0.000396243 -0.000564059 0.000488408
internal_weight=31005.3 2640.23 2508.48 2127.37 28365 25951.9 24557.9 2413.16 2300.09 381.104 1393.97
internal_count=46594 3940 3750 3162 42654 39046 36926 3608 3437 588 2120
is_linear=0
shrinkage=0.02


Tree=356
num_leaves=15
num_cat=0
split_feature=8 25 40 34 17 34 50 17 50 47 50 47 47 30
split_gain=0.994616 1.77822 1.21784 1.57725 0.953506 1.36097 0.938159 0.881963 1.71176 0.869152 0.667353 0.631842 1.28252 0.595527
threshold=1.5000000000000002 0.22500000000000003 0.0017047874992556003 0.35993521341255169 3.1710963448222889 0.22110785003229727 0.098476702609510317 2.4382291245365848 0.047761749433396658 2.502754635011152 0.055319975591370661 0.51533561262370364 1.2382950917019431 0.13519365353240673
decision_type=2 2 2 2 2 2 2 2 2 2 2 2 2 2
left_child=1 11 3 -3 7 13 -4 9 -9 -2 -7 -1 -13 -6
right_child=4 2 6 -5 5 10 -8 8 -10 -11 -12 12 -14 -15
leaf_value=0.0025288183422141992 7.240815316129886e-06 0.00061883996912812328 -0.00081624333419928286 -0.001112832405182652 0.0024577990004426881 0.00062989575358918899 -0.0024690011833825051 4.6291020669834687e-05 -0.00059369181952413771 0.00089430863331761744 -0.00027402531221764931 -0.00076414225530637499 0.0025520567637890494 0.00018300157362792318
leaf_weight=73.861276358366013 20541.599795669317 404.13126435875893 408.25082632899284 427.18242278695107 175.85767069458961 688.87568905949593 232.78152784705162 3742.7463937997818 2981.2099613249302 450.23504310846329 600.32680091261864 134.81106543540955 67.45815634727478 75.949601352214813
leaf_count=111 31107 593 584 600 244 1025 339 5529 4419 751 880 203 102 107
internal_value=-3.7388e-05 -0.000500584 -0.000780562 -0.00025954 -9.33186e-06 0.000474093 -0.00143778 -3.66035e-05 -0.000236064 2.68265e-05 0.000201461 0.000951199 0.000307036 0.00181793
internal_weight=31005.3 1748.48 1472.35 831.314 29256.8 1541.01 641.032 27715.8 6723.96 20991.8 1289.2 276.13 202.269 251.807
internal_count=46594 2532 2116 1193 44062 2256 923 41806 9948 31858 1905 416 305 351
is_linear=0
shrinkage=0.02


Tree=357
num_leaves=13
num_cat=0
split_feature=20 16 51 40 8 40 16 30 50 50 0 51
split_gain=0.958261 1.45897 1.08631 0.943683 0.887698 1.29316 1.08004 0.972249 0.903121 0.752804 0.731065 0.531628
threshold=4.1271819338291982 3.2800000000000007 0.96152302277821955 -0.054503847837400941 1.5000000000000002 -0.013356344402206748 21.580000000000005 -0.075137454672040638 0.098476702609510317 1.0000000180025095e-35 37.926381126134224 0.69396208091347678
decision_type=2 2 2 2 2 2 2 2 2 2 2 2
left_child=4 -2 11 -4 5 7 10 -1 -7 -8 -6 -3
right_child=1 2 3 -5 6 8 9 -9 -10 -11 -12 -13
leaf_value=0.0008739812553547506 0.0026343955661922882 0.00049541920718518294 -0.0016725919840478146 0.00022650893153341824 -5.0507939131726022e-05 -0.00057866006352021388 0.0010353523462562119 -0.0005018790579571998 -0.0020419376529711691 1.7130927877314757e-05 -0.0019212378254246463 0.0021398697474147039
leaf_weight=334.20536789298058 119.87570586800575 274.81262680888176 149.60458773374557 315.90236985683441 27069.761889189482 538.05022469162941 624.73575583100319 524.21459197998047 267.5754542350769 579.4862168431282 82.14446347951889 124.90824097394943
leaf_count=487 181 418 221 471 40723 785 975 748 392 899 106 188
internal_value=-3.66094e-05 0.000575633 0.000273447 -0.000366978 -5.70701e-05 -0.000506121 -3.03316e-05 2.29436e-05 -0.0010809 0.000554503 -5.66769e-05 0.00104228
internal_weight=31005.3 985.104 865.228 465.507 30020.2 1664.05 28356.1 858.42 805.626 1204.22 27151.9 399.721
internal_count=46594 1479 1298 692 45115 2412 42703 1235 1177 1874 40829 606
is_linear=0
shrinkage=0.02


Tree=358
num_leaves=12
num_cat=0
split_feature=32 40 8 25 25 15 44 40 31 31 31
split_gain=1.24329 1.04974 0.780027 1.34915 1.18843 0.719455 1.11389 0.670624 0.557828 0.967928 0.579127
threshold=1.3500000000000003 -0.20428997825886752 1.5000000000000002 0.22500000000000003 1.2250000000000003 4.0896478754695718 0.66985718038928377 -0.2507840320742592 1.2253257148236822 1.1439866438863884 2.4769049336773041
decision_type=2 2 2 2 2 2 2 2 2 2 2
left_child=2 7 3 -1 -5 -3 -7 -2 9 -4 -10
right_child=1 5 8 4 -6 6 -8 -9 10 -11 -12
leaf_value=0.00077557804271230989 0.00066588410927362937 0.0022321299267563477 -3.4592206786862668e-05 -0.0010459959981973558 0.00047124255582016341 -0.0014832376993783709 0.00030248012695265671 0.003023605927422721 -0.00027968612419226841 0.00057749707694468029 0.00075745942900503976
leaf_weight=266.13795554637909 133.02953958511353 70.106557309627533 20448.50609844923 1101.0074513554573 242.81734398007393 145.87528768181801 2199.801171541214 91.41634327173233 5001.9864427745342 1086.2088873386383 218.38441655039787
leaf_count=401 196 113 30845 1596 339 222 3267 142 7478 1595 400
internal_value=-3.58635e-05 0.000378463 -7.48056e-05 -0.000502748 -0.000764121 0.000251312 0.000186 0.00168856 -4.86452e-05 -3.2034e-06 -0.000234111
internal_weight=31005.3 2640.23 28365 1609.96 1343.82 2415.78 2345.68 224.446 26755.1 21534.7 5220.37
internal_count=46594 3940 42654 2336 1935 3602 3489 338 40318 32440 7878
is_linear=0
shrinkage=0.02


Tree=359
num_leaves=15
num_cat=0
split_feature=32 16 16 30 34 30 6 34 50 47 47 51 30 6
split_gain=1.1952 1.7249 1.66077 1.18738 1.05276 0.983635 0.993114 0.830802 0.821815 1.18911 0.858855 0.797095 0.569879 0.519443
threshold=1.3500000000000003 18.390000000000004 15.640000000000004 -0.37508833695718996 1.1423733188740652 -0.317499458468877 6.5000000000000009 0.50467004704726792 -0.03817473057203629 1.5431626538482386 0.63076933939126745 0.73691082597545032 -0.13652276301159438 3.5000000000000004
decision_type=2 2 2 2 2 2 2 2 2 2 2 2 2 2
left_child=4 2 3 -2 5 13 -7 -4 9 -6 -10 -3 -13 -1
right_child=1 11 7 -5 8 6 -8 -9 10 -11 -12 12 -14 -15
leaf_value=0.00030267183741418462 -0.0019106292423654151 0.00271413346172495 -0.0022602374993729037 0.00045908154036093706 -0.00054591885511185735 -3.3774806275449555e-05 -0.00058463910520663233 -5.6503658999090822e-05 0.0011796759704866492 0.00084416107646873939 -0.00093402385355712296 0.002237896193854688 0.0003978034775646229 0.0013917678061695082
leaf_weight=1178.5930565297604 85.615653812885284 139.79679101705551 156.81610503792763 1731.3733921051025 701.72032499313354 23167.56647542119 1390.3443977236748 137.35990911722183 76.124521046876907 375.203817486763 1260.1142721772194 94.601433634757996 294.6656146645546 215.38173061609268
leaf_count=1810 123 202 231 2615 1065 34903 2023 189 122 557 1864 144 436 310
internal_value=-3.51063e-05 0.000371117 0.000109562 0.000339946 -7.32937e-05 -3.57052e-05 -6.54142e-05 -0.00127234 -0.000473027 -5.1675e-05 -0.000804552 0.00139165 0.000879702 0.000479863
internal_weight=31005.3 2640.23 2111.17 1816.99 28365 25951.9 24557.9 294.176 2413.16 1076.92 1336.24 529.064 389.267 1393.97
internal_count=46594 3940 3158 2738 42654 39046 36926 420 3608 1622 1986 782 580 2120
is_linear=0
shrinkage=0.02


Tree=360
num_leaves=10
num_cat=0
split_feature=25 5 1 47 20 17 20 5 5
split_gain=1.15342 1.01992 0.877551 2.14445 1.6195 2.06295 1.57876 1.11126 0.520519
threshold=2.5500000000000003 44.090073404857442 22.735500000000005 2.0741985274033095 1.6471213146775343 2.4382291245365848 2.0344695098890644 49.465695256681784 47.875500239725987
decision_type=2 2 2 2 2 2 2 2 2
left_child=2 -2 3 7 5 -4 -6 -1 -5
right_child=1 -3 4 8 6 -7 -8 -9 -10
leaf_value=-0.00012806353308182498 0.0027007396294587223 2.1578726644924752e-05 0.00035886789079070039 -0.0026647955772939702 -0.0011703406824603094 -8.8621594225957425e-05 -8.3033041823872398e-05 0.0016773402821406451 -0.00063136241176588897
leaf_weight=11133.855646550655 116.82882654666901 123.77994707226753 8775.0617694854736 160.33103010058403 729.54424864053726 7713.7696617245674 2069.5579645633698 135.40570271015167 96.845552176237106
leaf_count=16737 164 177 13381 239 1086 11390 3083 202 138
internal_value=1.31663e-06 0.00137522 -9.17529e-06 -0.000147514 7.29841e-05 0.000148933 -0.000370627 -0.00010519 -0.00194843
internal_weight=31055 240.609 30814.4 11526.4 19287.9 16488.8 2799.1 11269.3 257.177
internal_count=46597 341 46256 17316 28940 24771 4169 16939 377
is_linear=0
shrinkage=0.02


Tree=361
num_leaves=9
num_cat=0
split_feature=25 5 24 26 17 24 27 27
split_gain=1.10986 0.978878 0.89471 1.04402 1.64089 1.30803 0.593935 1.37306
threshold=2.5500000000000003 44.090073404857442 0.61226961546110925 1.0500000000000003 0.72139001289692206 1.0042517320156574 0.67065361003913593 0.73269477463569632
decision_type=2 2 2 2 2 2 2 2
left_child=2 -2 6 4 -4 -5 -1 -8
right_child=1 -3 3 5 -6 -7 7 -9
leaf_value=-0.00010891113102315187 0.0026476339818165867 2.1154006609446359e-05 -0.001259601459943053 -0.00060944384816568849 0.00021459533964355407 1.9218484500144439e-05 -0.001519117905167138 -2.500415808340715e-05
leaf_weight=9184.5787362456322 116.82882654666901 123.77994707226753 305.81609112024307 1677.6110132038593 12466.291004270315 6121.6310383975506 408.06724175810814 650.37645095586777
leaf_count=14116 164 177 466 2472 18585 8901 640 1076
internal_value=1.27097e-06 0.00134899 -9.0148e-06 6.66868e-05 0.000178323 -0.000114846 -0.000162008 -0.000612246
internal_weight=31055 240.609 30814.4 20571.3 12772.1 7799.24 10243 1058.44
internal_count=46597 341 46256 30424 19051 11373 15832 1716
is_linear=0
shrinkage=0.02


Tree=362
num_leaves=8
num_cat=0
split_feature=25 15 24 34 20 34 34
split_gain=1.06797 0.913508 0.859539 1.07359 1.4384 0.620161 0.588257
threshold=2.5500000000000003 10.759390534917459 0.61226961546110925 0.10145206054011852 -3.067114321094166 0.13714170448146859 0.99231303497424983
decision_type=2 2 2 2 2 2 2
left_child=2 -2 5 -4 -5 -1 -7
right_child=1 -3 3 4 -6 6 -8
leaf_value=0.00013174617473818762 0.0028670711451973174 0.00026018513916910654 -0.00049483821632033962 0.00077461835834126446 5.7896393418832338e-05 -0.00031573227049877176 0.00015305321568712148
leaf_weight=2247.5940260887146 92.900064319372177 147.70870929956436 1275.4585137665272 1196.5209627151489 18099.369670510292 6755.3712963461876 1240.0571065247059
leaf_count=3547 136 205 2064 1789 26571 10385 1900
internal_value=1.23188e-06 0.00132327 -8.85175e-06 6.53401e-05 0.000102934 -0.000158813 -0.000241755
internal_weight=31055 240.609 30814.4 20571.3 19295.9 10243 7995.43
internal_count=46597 341 46256 30424 28360 15832 12285
is_linear=0
shrinkage=0.02


Tree=363
num_leaves=13
num_cat=0
split_feature=1 2 2 19 19 33 5 34 2 33 5 34
split_gain=0.956526 0.969032 1.47286 1.05552 0.981895 0.824131 0.966116 1.61718 0.871115 0.813258 0.72297 0.653166
threshold=22.735500000000005 25.254416666666668 25.161027777777779 2.0182103906822086 -3.3734557642807874 0.19999999999999998 30.532684554532057 0.34677722822281276 25.83816666666667 -0.54999999999999993 30.532684554532057 0.41289277873769287
decision_type=2 2 2 2 2 2 2 2 2 2 2 2
left_child=5 2 3 -2 -3 6 7 -1 11 -8 -6 -7
right_child=1 4 -4 -5 10 8 9 -9 -10 -11 -12 -13
leaf_value=-0.0010483538114635853 0.00055714085976991067 0.0013900141539287219 0.0027812247909031096 -0.00018509858486084736 0.00049039844503238482 -6.6215573445429409e-05 -0.00048768248315087258 0.00062421048825367484 -0.0018332025940898384 0.00044856856024011655 -3.5546539967882149e-05 -0.00044166977812964817
leaf_weight=626.9347365796566 2321.2168711721897 204.53903806209564 98.901411324739456 1117.1702342331409 1123.608516305685 4372.0176626741886 431.21885284781456 356.27040019631386 138.05751609802246 2296.1540974080563 14653.349870532751 3315.5411421358585
leaf_count=931 3428 280 151 1666 1745 6826 608 511 197 3340 21998 4916
internal_value=1.23098e-06 8.68804e-05 0.000386471 0.000313105 1.99044e-05 -0.000142808 0.000100711 -0.000432103 -0.000259548 0.000296627 1.33404e-06 -0.000229517
internal_weight=31055 19518.8 3537.29 3438.39 15981.5 11536.2 3710.58 983.205 7825.62 2727.37 15777 7687.56
internal_count=46597 29268 5245 5094 24023 17329 5390 1442 11939 3948 23743 11742
is_linear=0
shrinkage=0.02


Tree=364
num_leaves=10
num_cat=0
split_feature=25 5 33 20 5 34 32 32 17
split_gain=1.02579 0.918073 0.796394 1.19785 1.41571 0.877151 1.47972 0.654604 0.563867
threshold=2.5500000000000003 44.090073404857442 0.19999999999999998 -2.1249033785624412 32.053570121042789 0.21835668751473483 1.7500000000000002 1.6500000000000001 1.0582448271011058
decision_type=2 2 2 2 2 2 2 2 2
left_child=2 -2 3 4 -1 7 -7 -4 -5
right_child=1 -3 5 8 -6 6 -8 -9 -10
leaf_value=-0.00016063347289337317 0.0025542419333927824 8.86358577255436e-06 -0.00029066543012386443 -0.00043094489165431597 0.0010755773967125873 -5.3372881562434051e-05 0.0011202852418060562 -0.0014994963483165294 8.7040622793620325e-05
leaf_weight=559.82948529720306 116.82882654666901 123.77994707226753 3834.9398872554302 918.22852405905724 1021.8908261954784 14515.261100023985 440.51398012042046 191.42874106764793 9332.279031932354
leaf_count=840 164 177 6169 1333 1502 21616 640 315 13841
internal_value=1.19631e-06 0.00129687 -8.67976e-06 0.000119731 0.000632072 -8.92533e-05 -1.79897e-05 -0.000351336 3.95897e-05
internal_weight=31055 240.609 30814.4 11832.2 1581.72 18982.1 14955.8 4026.37 10250.5
internal_count=46597 341 46256 17516 2342 28740 22256 6484 15174
is_linear=0
shrinkage=0.02


Tree=365
num_leaves=12
num_cat=0
split_feature=24 22 19 19 22 50 24 30 33 24 30
split_gain=1.07325 1.08638 1.24647 0.882182 1.42348 1.41792 1.00245 1.18466 0.881271 0.740629 0.640982
threshold=1.7090904247144743 -1.2764931726311286 1.1234778772925245 1.1234778772925245 -0.51722903303567491 0.37498195695102826 0.33151912737470107 0.094952325256266512 -0.74999999999999989 1.8820325343224595 0.26466787496726213
decision_type=2 2 2 2 2 2 2 2 2 2 2
left_child=3 -2 -3 6 10 -6 7 -1 -8 -4 -5
right_child=1 2 9 4 5 -7 8 -9 -10 -11 -12
leaf_value=-0.00024995076267736877 -0.002418794960213059 0.0001625816575644134 -0.0032505332984845269 0.00077007774414723264 0.00021521762584106649 -0.00064122526574276941 -0.0011486943268216945 -0.0015914376336828978 4.8810592957648614e-06 -0.00035982749627809849 0.0027236409314573924
leaf_weight=1460.3272222578526 130.49462035298347 429.6115825176239 79.107424795627594 790.17995831370354 5796.4335763454437 886.60802641510963 266.17722982168198 327.86659470200539 20732.941258996725 79.601970702409744 78.011291205883026
leaf_count=2412 202 637 134 1225 8854 1356 377 584 30610 142 114
internal_value=-4.6536e-06 -0.000767617 -0.000377478 1.31432e-05 0.000200721 9.99436e-05 -4.85893e-05 -0.000503002 -9.37308e-06 -0.00188542 0.000962963
internal_weight=31057.4 718.816 588.321 30338.5 7551.23 6683.04 22787.3 1788.19 20999.1 158.709 868.191
internal_count=46647 1115 913 45532 11549 10210 33983 2996 30987 276 1339
is_linear=0
shrinkage=0.02


Tree=366
num_leaves=14
num_cat=0
split_feature=24 19 4 4 27 19 40 40 4 20 40 0 20
split_gain=1.03236 0.860795 1.45595 1.38604 1.00279 0.847654 1.1383 0.952511 1.30169 0.94017 0.794482 0.630361 0.534801
threshold=1.7090904247144743 0.95421100159081551 41.761959956303023 46.107988659257408 1.775445717524333 1.1234778772925245 0.4485431038708948 0.012950795368973951 48.09093899845206 -7.4917074892434874 0.30603150436281318 25.13400805785265 -1.578529365198978
decision_type=2 2 2 2 2 2 2 2 2 2 2 2 2
left_child=5 2 12 -4 -3 6 9 8 -7 -1 -9 -8 -2
right_child=1 4 3 -5 -6 7 11 10 -10 -11 -12 -13 -14
leaf_value=0.0020068746690595106 -0.0031866519707159954 -0.0036617875219107348 0.0027787489669602677 -0.00021298291842695782 -0.00060715919006014581 0.00023317107066913884 -0.0026728512091752847 -0.00013217858809759029 0.0011785604108718623 -4.0256367495986139e-05 0.00069326487490710832 -0.00054542544761899926 -0.00078699631963223061
leaf_weight=87.945354461669922 66.755336165428162 77.12865087389946 77.483061641454697 259.18239188194275 118.10551914572716 2875.7385690808296 93.685020387172699 3393.2473185062408 744.2548280954361 22429.397732406855 537.99213659763336 176.28419852256775 120.16063866019249
leaf_count=139 108 156 110 388 180 4385 143 5174 1159 33446 831 255 173
internal_value=-4.57442e-06 -0.000752868 -0.000304431 0.000458376 -0.00188951 1.28739e-05 -4.76315e-05 0.000196749 0.000430843 -3.16394e-05 -1.63787e-05 -0.00133468 -0.00172161
internal_weight=31057.4 718.816 523.581 336.665 195.234 30338.5 22787.3 7551.23 3619.99 22517.3 3931.24 269.969 186.916
internal_count=46647 1115 779 498 336 45532 33983 11549 5544 33585 6005 398 281
is_linear=0
shrinkage=0.02


Tree=367
num_leaves=12
num_cat=0
split_feature=24 22 19 19 22 50 24 26 30 26 24
split_gain=0.994503 1.04564 1.16476 0.814425 1.36648 1.36579 0.964148 1.58544 1.13779 0.781623 0.711995
threshold=1.7090904247144743 -1.2764931726311286 1.1234778772925245 1.1234778772925245 -0.51722903303567491 0.37498195695102826 0.33151912737470107 0.43650793650793651 0.094952325256266512 1.1055555555555558 1.8820325343224595
decision_type=2 2 2 2 2 2 2 2 2 2 2
left_child=3 -2 -3 6 9 -6 8 -8 -1 -5 -4
right_child=1 2 10 4 5 -7 7 -9 -10 -11 -12
leaf_value=-0.00024417499904032979 -0.0023585723374533667 0.0001654152452895701 -0.0031513005404935619 0.00058133912327751672 0.00020725487875751237 -0.00063332947177963518 0.00038955548770357613 -8.4494146422453963e-05 -0.0015591101132021729 0.0020338337488334766 -0.00031807175100232609
leaf_weight=1460.3272222578526 130.49462035298347 429.6115825176239 79.107424795627594 663.21178895235062 5796.4335763454437 886.60802641510963 3356.2396228313446 17642.878865987062 327.86659470200539 204.97946056723595 79.601970702409744
leaf_count=2412 202 637 134 1031 8854 1356 4999 25988 584 308 142
internal_value=-4.50863e-06 -0.000738958 -0.000356 1.26108e-05 0.000192851 9.40865e-05 -4.66899e-05 -8.22186e-06 -0.000492328 0.00093965 -0.00181414
internal_weight=31057.4 718.816 588.321 30338.5 7551.23 6683.04 22787.3 20999.1 1788.19 868.191 158.709
internal_count=46647 1115 913 45532 11549 10210 33983 30987 2996 1339 276
is_linear=0
shrinkage=0.02


Tree=368
num_leaves=13
num_cat=0
split_feature=40 40 4 50 19 20 20 40 27 14 0 13
split_gain=0.896389 1.9513 1.36489 1.18716 1.12871 1.31985 1.09807 0.999648 0.847755 0.757545 0.695938 0.610735
threshold=0.14744606625041923 0.15707710447253001 49.478818171474742 -0.12454650075535029 1.6211692699449733 1.5029174743645337 -7.4917074892434874 0.15398866870584763 0.6065016231909347 9.5000000000000018 30.889546565550884 1.1536772585065889
decision_type=2 2 2 2 2 2 2 2 2 2 2 2
left_child=4 7 9 -4 6 10 -1 11 -8 -3 -6 -2
right_child=1 2 3 -5 5 -7 8 -9 -10 -11 -12 -13
leaf_value=0.0021873477266379101 -0.0015672620678130458 0.00029662974544210629 0.00041003727258972665 -0.001419508750881646 0.0004219931794592032 -0.00028022998883553966 0.00014093796800926852 -0.0032683475960923582 -0.00011576535179752803 -0.00025841712593545655 0.0012512020312736478 0.00051193353453672468
leaf_weight=88.358313173055649 167.74744355678558 1888.619065374136 181.66090419888496 533.35028752684593 2367.3331936895847 948.02414444088936 8107.6538279354572 111.39085254073143 14030.433668583632 2046.2564126253128 512.10176736116409 74.430875420570374
leaf_count=141 241 2896 284 803 3750 1429 12401 173 20644 3016 745 124
internal_value=-4.4313e-06 -0.000249853 -0.000138249 -0.000940887 4.23319e-05 0.000359545 -1.18707e-05 -0.00168044 -2.12967e-05 5.46355e-06 0.000573703 -0.000888331
internal_weight=31057.4 5003.46 4649.89 715.011 26053.9 3827.46 22226.4 353.569 22138.1 3934.88 2879.43 242.178
internal_count=46647 7537 6999 1087 39110 5924 33186 538 33045 5912 4495 365
is_linear=0
shrinkage=0.02


Tree=369
num_leaves=12
num_cat=0
split_feature=24 22 19 19 22 50 24 26 30 26 24
split_gain=0.95207 1.00348 1.12777 0.761415 1.30882 1.30538 0.940113 1.49667 1.09102 0.750798 0.68317
threshold=1.7090904247144743 -1.2764931726311286 1.1234778772925245 1.1234778772925245 -0.51722903303567491 0.37498195695102826 0.33151912737470107 0.43650793650793651 0.094952325256266512 1.1055555555555558 1.8820325343224595
decision_type=2 2 2 2 2 2 2 2 2 2 2
left_child=3 -2 -3 6 9 -6 8 -8 -1 -5 -4
right_child=1 2 10 4 5 -7 7 -9 -10 -11 -12
leaf_value=-0.00024176330959440454 -0.0023098054511320569 0.00016535193147604541 -0.0030927161316593216 0.00056602220664308937 0.00020067554854418659 -0.00062110378807487513 0.00037954746041460595 -8.1045387091888336e-05 -0.0015297644417603328 0.0019902145744959375 -0.00031373262341252727
leaf_weight=1460.3272222578526 130.49462035298347 429.6115825176239 79.107424795627594 663.21178895235062 5796.4335763454437 886.60802641510963 3356.2396228313446 17642.878865987062 327.86659470200539 204.97946056723595 79.601970702409744
leaf_count=2412 202 637 134 1031 8854 1356 4999 25988 584 308 142
internal_value=-4.33197e-06 -0.000722948 -0.000347397 1.24113e-05 0.000186694 9.00048e-05 -4.49149e-05 -6.92462e-06 -0.00048495 0.000917566 -0.00178237
internal_weight=31057.4 718.816 588.321 30338.5 7551.23 6683.04 22787.3 20999.1 1788.19 868.191 158.709
internal_count=46647 1115 913 45532 11549 10210 33983 30987 2996 1339 276
is_linear=0
shrinkage=0.02


Tree=370
num_leaves=11
num_cat=0
split_feature=40 30 22 30 12 51 20 20 30 30
split_gain=0.994028 1.08905 1.06226 1.12755 1.03776 1.28755 0.993281 0.870072 0.680085 0.634088
threshold=0.4485431038708948 0.22672758583685251 -2.8960111257956211 0.082843569151928365 16.642802263935025 0.74413863208532238 -0.68544810216634378 -3.142953536246297 -0.073089911237104691 -0.17837594100602627
decision_type=2 2 2 2 2 2 2 2 2 2
left_child=2 8 3 6 5 -4 -1 -6 9 -2
right_child=1 -3 4 -5 7 -7 -8 -9 -10 -11
leaf_value=0.0022751178153799421 -0.0015350981172988297 0.0013211263999660914 0.0020978280241143251 -0.0012130983141389316 0.00040594235090860904 -1.6343141428260842e-05 0.00046491548754224187 -5.6354849951266013e-06 -0.0019206792790279806 0.0010627028600519225
leaf_weight=216.71405640244484 69.539995104074478 70.706236094236374 215.91628649830818 82.676408678293228 2216.6333324611187 224.90402320027351 315.84457191824913 27241.097277194262 251.00803864002228 75.213551729917526
leaf_count=327 108 106 326 125 3394 350 471 40795 380 110
internal_value=4.27839e-05 -0.000870196 5.71246e-05 0.000879163 3.98171e-05 0.00100141 0.001226 2.50209e-05 -0.00129151 -0.000121059
internal_weight=30980.3 466.468 30513.8 615.235 29898.6 440.82 532.559 29457.7 395.762 144.754
internal_count=46492 704 45788 923 44865 676 798 44189 598 218
is_linear=0
shrinkage=0.02


Tree=371
num_leaves=10
num_cat=0
split_feature=12 51 51 31 31 5 12 5 5
split_gain=0.717508 1.19775 1.44666 0.699629 1.18053 0.964316 0.653246 0.639065 0.592274
threshold=16.642802263935025 0.74413863208532238 1.0957508549672277 2.0101229035110681 1.7944740141344451 46.24423626986971 17.614956490257942 48.870562103312004 39.046549923405429
decision_type=2 2 2 2 2 2 2 2 2
left_child=1 -1 -3 4 6 8 -2 -7 -5
right_child=3 2 -4 5 -6 7 -8 -9 -10
leaf_value=0.0018708656896650336 -0.00022861101834306834 -0.0017460129734798988 0.0013313557720272087 0.0004754898920158568 -0.00088203966959003862 -0.0023722477351746474 6.68121619149427e-05 0.00029678434733761898 0.0018354915273633486
leaf_weight=223.69797274470329 3374.8775911033154 116.22994694113731 123.19007018208504 384.87492477893829 573.58085998892784 59.935735136270523 25835.836950659752 71.434251517057419 216.59547486901283
leaf_count=336 5000 191 181 620 871 103 38693 134 363
internal_value=4.19321e-05 0.000822355 -0.000123264 2.97078e-05 1.43222e-05 0.000639666 3.23246e-05 -0.000863258 0.000986271
internal_weight=30980.3 463.118 239.42 30517.1 29784.3 732.84 29210.7 131.37 601.47
internal_count=46492 708 372 45784 44564 1220 43693 237 983
is_linear=0
shrinkage=0.02


Tree=372
num_leaves=11
num_cat=0
split_feature=40 30 12 50 50 15 12 30 50 30
split_gain=0.953884 1.04736 0.767669 1.19766 0.75905 1.2363 1.05363 0.652634 0.630095 0.610021
threshold=0.4485431038708948 0.22672758583685251 16.642802263935025 -0.12191060682618228 0.25605802669234662 15.99009934012865 18.425003975886025 -0.073089911237104691 -0.028662691977725946 -0.17837594100602627
decision_type=2 2 2 2 2 2 2 2 2 2
left_child=2 7 3 -1 5 -4 -6 9 -5 -2
right_child=1 -3 4 8 6 -7 -8 -9 -10 -11
leaf_value=0.0024021443384543398 -0.0015065694988245688 0.0012944062765627693 3.6301747042525621e-05 -0.0013967526024090383 -0.00058878605295544818 0.00048099701790938257 2.9309131660597816e-05 -0.0018830910001043874 0.00067451229994442644 0.0010411050897737675
leaf_weight=139.75429672002792 69.539995104074478 70.706236094236374 22467.240410625935 74.316946148872375 1693.9335852861404 2822.9789678454399 3075.8363709449768 251.00803864002228 239.72537878155708 75.213551729917526
leaf_count=221 108 106 33772 107 2545 4148 4628 380 367 110
internal_value=4.11007e-05 -0.000853246 5.51554e-05 0.000870926 4.24505e-05 8.63696e-05 -0.00018826 -0.00126666 0.000146977 -0.000118515
internal_weight=30980.3 466.468 30513.8 453.797 30060 25290.2 4769.77 395.762 314.042 144.754
internal_count=46492 704 45788 695 45093 37920 7173 598 474 218
is_linear=0
shrinkage=0.02


Tree=373
num_leaves=13
num_cat=0
split_feature=22 13 20 13 12 51 51 22 20 20 20 22
split_gain=0.941145 1.35224 1.43308 0.839674 0.838928 1.12547 1.74673 1.06296 0.842417 0.81785 0.625736 0.537623
threshold=-2.8960111257956211 1.7345446330663032 -0.68544810216634378 0.17261477514286483 16.642802263935025 0.74413863208532238 1.0957508549672277 0.32743987161770477 3.594297719660386 -3.142953536246297 0.37886946442774777 2.0785309861851311
decision_type=2 2 2 2 2 2 2 2 2 2 2 2
left_child=1 2 3 -1 5 7 -7 -2 9 -6 -4 -10
right_child=4 -3 10 -5 8 6 -8 -9 11 -11 -12 -13
leaf_value=0.0027920259069192706 0.00067413842624050135 0.003242623991356621 -0.0010216933021144324 0.00018674584955335222 0.00035289610772076276 -0.001865173823870614 0.0015845051192996851 0.0036420492799075737 0.00030106720739942638 -4.4145569046762082e-05 0.00083034119832452863 0.0013696591773732529
leaf_weight=120.21856409311295 134.03401151299477 78.953011959791183 218.47112730145454 98.448554009199142 2249.4990682899952 112.42868116497993 118.03410166501999 85.644883573055267 1184.6455120146275 26243.41133749485 101.98208647966385 234.48283836245537
leaf_count=173 207 131 324 150 3444 185 173 124 1766 39310 149 356
internal_value=4.02924e-05 0.000812134 0.000427045 0.00167671 2.41984e-05 0.000879543 -5.69327e-05 0.00189875 1.09343e-05 -1.24258e-05 -0.000399789 0.000486347
internal_weight=30980.3 618.073 539.12 218.667 30362.2 450.142 230.463 219.679 29912 28492.9 320.453 1419.13
internal_count=46492 927 796 323 45565 689 358 331 44876 42754 473 2122
is_linear=0
shrinkage=0.02


Tree=374
num_leaves=9
num_cat=0
split_feature=40 22 50 3 22 3 3 3
split_gain=0.916468 0.981736 0.828935 1.18449 1.00453 0.759339 0.827001 0.745562
threshold=0.4485431038708948 -2.8960111257956211 0.25605802669234662 42.912449185845269 -1.7958323827126135 48.831424802002097 37.713042825389287 49.829679276112891
decision_type=2 2 2 2 2 2 2 2
left_child=1 5 4 -4 -3 6 -1 -7
right_child=-2 2 3 -5 -6 7 -8 -9
leaf_value=-0.0003694445277654704 -0.00083708224872415906 -0.00037027024916180335 0.0001110752083949955 -0.00052106644007946976 0.00011786349188082486 -0.0010761782538654711 0.0017728757885658367 0.00144302306392644
leaf_weight=81.670456379652023 466.46782156825066 1807.3561136424541 2322.5446339845657 2376.018425822258 23392.631745904684 128.25662770867348 334.94845220446587 70.359500706195831
leaf_count=121 704 2679 3449 3607 35130 189 500 113
internal_value=3.95408e-05 5.33235e-05 3.66721e-05 -0.000206551 8.24309e-05 0.00084359 0.00132927 -0.000128419
internal_weight=30980.3 30513.8 29898.6 4698.56 25200 615.235 416.619 198.616
internal_count=46492 45788 44865 7056 37809 923 621 302
is_linear=0
shrinkage=0.02


Tree=375
num_leaves=8
num_cat=0
split_feature=20 3 47 3 3 15 15
split_gain=1.09601 0.773452 1.41683 1.24572 1.06126 1.25979 0.749725
threshold=-7.4917074892434874 49.969894747755752 3.4520736909838909 49.983461986801466 49.767365200442164 21.723153682571041 23.102652948081236
decision_type=2 2 2 2 2 2 2
left_child=-1 4 3 -3 5 -2 -6
right_child=1 2 -4 -5 6 -7 -8
leaf_value=0.0019479787814720882 -1.4374691630053715e-05 0.0020587407411364923 0.0018711146078901413 -0.00054496941635920728 -0.00084236409226558565 0.001239528528499495 0.0011895381080873511
leaf_weight=113.18931382894516 28937.921121299267 90.234023302793503 244.43495309352875 359.50183528661728 889.02161276340485 322.08612930774689 73.461815416812897
leaf_count=176 43274 141 420 684 1330 498 107
internal_value=4.28093e-07 -6.50422e-06 0.000652119 0 -2.20049e-05 -1.46553e-07 -0.000674765
internal_weight=31029.9 30916.7 694.171 449.736 30222.5 29260 962.483
internal_count=46630 46454 1245 825 45209 43772 1437
is_linear=0
shrinkage=0.02


Tree=376
num_leaves=8
num_cat=0
split_feature=22 3 47 3 3 24 46
split_gain=0.761837 0.776922 1.20559 1.13757 0.949021 1.01718 0.673343
threshold=4.3947881385553531 49.969894747755752 3.4520736909838909 49.983461986801466 49.767365200442164 2.2453353698666048 2.4722222222222228
decision_type=2 2 2 2 2 2 2
left_child=1 4 3 -3 5 -1 -6
right_child=-2 2 -4 -5 6 -7 -8
leaf_value=4.9014401111295127e-06 -0.0016483375095748074 0.0020184586888638712 0.0017985408633895731 -0.00047702422854816389 0.00014446763354464197 0.002111143114524751 -0.00098232813680039174
leaf_weight=29197.905798345804 109.64734914898872 90.234023302793503 242.91569566726685 347.20252951979637 289.95430850982666 90.057059109210968 661.93404069542885
leaf_count=43675 181 141 417 655 466 143 952
internal_value=4.34874e-07 6.71128e-06 0.000674261 2.18291e-05 -8.02054e-06 1.1863e-05 -0.000629029
internal_weight=31029.9 30920.2 680.352 437.437 30239.9 29288 951.888
internal_count=46630 46449 1213 796 45236 43818 1418
is_linear=0
shrinkage=0.02


Tree=377
num_leaves=13
num_cat=0
split_feature=8 6 26 47 13 13 37 13 26 47 22 22
split_gain=0.751231 1.20601 1.44618 0.980504 0.963464 1.33549 0.88302 0.862126 0.775404 1.00869 0.705254 0.691972
threshold=3.5000000000000004 4.5000000000000009 2.2111111111111117 3.4520736909838909 0.95995021800316249 1.1308214046295204 0.48069069918955559 0.92287702841553287 0.35416666666666669 0.79191415168496082 2.170620852876612 -1.3466465005019688
decision_type=2 2 2 2 2 2 2 2 2 2 2 2
left_child=1 2 3 -1 7 -6 -7 11 9 -3 -10 -2
right_child=4 8 -4 -5 5 6 -8 -9 10 -11 -12 -13
leaf_value=0.00012388807197446098 -0.00063469993648697463 -0.00035185045389025878 0.0028762335843376592 0.0010849296247507343 0.0010372179706997474 -0.00021589335045293188 0.00032278372873220212 -0.0019134790428259464 -0.00032977538151992658 0.0015244124984404035 -0.0017297831796215404 -0.00013239280072721194
leaf_weight=12996.542912125587 1300.6230912804604 248.19210362434387 77.1310054063797 440.65051752328873 548.754797488451 3032.5543357431889 2030.5282585322857 119.57823565602303 2202.2072394490242 200.85486334562302 157.18587049841881 7675.0475736260414
leaf_count=19734 1886 374 113 682 877 4769 3179 168 3167 303 233 11145
internal_value=4.36454e-07 9.41614e-05 0.000172991 0.000156305 -0.000102904 0.000101923 0 -0.000230377 -0.000281467 0.000468253 -0.000428667 -0.000206419
internal_weight=31029.9 16322.8 13514.3 13437.2 14707.1 5611.84 5063.08 9095.25 2808.44 449.047 2359.39 8975.67
internal_count=46630 24606 20529 20416 22024 8825 7948 13199 4077 677 3400 13031
is_linear=0
shrinkage=0.02


Tree=378
num_leaves=14
num_cat=0
split_feature=8 6 26 26 37 3 3 3 37 3 3 26 26
split_gain=0.721673 1.15899 1.39025 0.974555 0.844195 1.00428 1.41106 0.997575 0.925538 1.50946 1.11768 0.744615 0.728986
threshold=3.5000000000000004 4.5000000000000009 2.2111111111111117 0.11805555555555557 0.47646462109675242 49.234331027055184 49.969894747755752 48.886290961545392 0.072931893212283619 49.911427837539385 37.213094455091856 0.35416666666666669 0.18333333333333332
decision_type=2 2 2 2 2 2 2 2 2 2 2 2 2
left_child=1 2 3 -1 8 7 -7 -6 10 -10 -2 12 -3
right_child=4 11 -4 -5 5 6 -8 -9 9 -11 -12 -13 -14
leaf_value=-0.00086609077669299141 -0.00043633981331078455 -0.00067057319084625703 0.0028201628702117553 0.00018213082142523021 0.00011679222985403141 -0.0012265754209181512 0.00089228969368595167 0.0016826021054955746 -0.00038065330629659313 0.001348483902129426 0.00063500909595385843 -0.00042021284638984845 0.0010215221531384207
leaf_weight=359.76546880602837 641.37268188595772 143.36439251899719 77.1310054063797 13077.427960842848 5293.7037601470947 475.65960511565208 163.50501868128777 167.38098621368408 6798.4844048917294 203.85869464278221 963.12114074826241 2359.393109947443 305.6825744509697
leaf_count=584 949 222 113 19832 7883 686 276 239 10164 366 1461 3400 455
internal_value=4.16976e-07 9.2286e-05 0.000169573 0.000153197 -0.000100863 7.78878e-05 -0.000667858 0.000167213 -0.000228707 -0.000328515 0.000200518 -0.000275921 0.000458549
internal_weight=31029.9 16322.8 13514.3 13437.2 14707.1 6100.25 639.165 5461.08 8606.84 7002.34 1604.49 2808.44 449.047
internal_count=46630 24606 20529 20416 22024 9084 962 8122 12940 10530 2410 4077 677
is_linear=0
shrinkage=0.02


Tree=379
num_leaves=8
num_cat=0
split_feature=2 13 27 22 47 24 37
split_gain=0.751213 1.29522 1.75333 0.882408 0.850966 0.867018 0.731635
threshold=37.888750000000009 0.78487238567883744 1.3698036374274063 4.3947881385553531 3.4520736909838909 2.2453353698666048 0.19258288292302536
decision_type=2 2 2 2 2 2 2
left_child=3 2 -2 4 5 -1 -6
right_child=1 -3 -4 -5 6 -7 -8
leaf_value=-5.091238117509767e-06 -0.0028326761834153438 0.00044415676341415071 0.00026642205437233312 -0.001808640876860389 -0.00054850183974024507 0.0018203454028734073 0.00089594327061765107
leaf_weight=29433.346626162529 180.90345081686974 195.06674247980118 111.86762079596519 103.85579961538315 162.45450016856194 102.43903082609177 739.91703343391418
leaf_count=44214 263 314 157 172 247 168 1095
internal_value=4.21139e-07 -0.000776259 -0.00162082 1.32042e-05 1.98673e-05 1.02421e-06 0.000624204
internal_weight=31029.9 487.838 292.771 30542 30438.2 29535.8 902.372
internal_count=46630 734 420 45896 45724 44382 1342
is_linear=0
shrinkage=0.02


Tree=380
num_leaves=9
num_cat=0
split_feature=42 43 20 20 20 20 20 20
split_gain=0.913481 0.940072 1.25037 0.783974 0.78116 0.724596 0.584997 0.584478
threshold=1.3500000000000003 0.35000000000000003 2.0344695098890644 3.280992722711201 4.9915709712567464 1.6082908220017098 -1.7957326618967107 -0.16889125433928232
decision_type=2 2 2 2 2 2 2 2
left_child=1 4 7 -4 6 -2 -1 -3
right_child=5 2 3 -5 -6 -7 -8 -9
leaf_value=0.00018056177409325142 -0.0002528261978911736 -5.1100341698975696e-05 0.0010890023256185804 0.00014412559776885535 0.00094001484090222825 -0.0015034628686026164 -0.00011562588265763465 0.0002462218232326469
leaf_weight=3260.4850135147572 959.76261094212532 4864.9747242331505 925.38450500369072 609.37993916869164 315.41251412034035 238.08169272542 14220.156639963388 5674.8285627961159
leaf_count=4995 1369 7372 1362 903 467 333 21528 8368
internal_value=2.85153e-05 5.05512e-05 0.000186899 0.000721021 -4.14088e-05 -0.000511827 -5.97947e-05 0.000108051
internal_weight=31068.5 29870.6 12074.6 1534.76 17796.1 1197.84 17480.6 10539.8
internal_count=46697 44995 18005 2265 26990 1702 26523 15740
is_linear=0
shrinkage=0.02


Tree=381
num_leaves=11
num_cat=0
split_feature=3 3 53 23 3 3 3 23 23 23
split_gain=0.600471 0.960477 1.73062 0.657073 0.661454 0.731839 0.635154 0.606693 1.42186 0.760942
threshold=47.388563694798336 48.006506016670855 1.5500000000000003 2.0260352104853125 39.591104072505097 38.754777460983966 39.897225848851129 1.2299167717913082 1.1256831332930488 1.2820064462644845
decision_type=2 2 2 2 2 2 2 2 2 2
left_child=3 2 -2 4 5 -1 -6 8 -3 -9
right_child=1 7 -4 -5 6 -7 -8 9 -10 -11
leaf_value=1.7039714033031175e-05 -0.00038359165162870349 -8.8310859324966395e-05 -0.0029473311522394906 0.00090555089213150222 0.001012551193612583 -0.00052323365894998562 0.00015790173011274333 -0.0013808247124674872 0.00087219830553443014 -0.00013080994501953326
leaf_weight=13388.118665486574 848.72886183857918 4171.7086876034737 121.24255442619324 374.88227590918541 365.61325559020042 1080.2338092923164 8996.6708507239819 276.28369507193565 719.75473707914352 725.22880944609642
leaf_count=19825 1260 6254 172 633 553 1618 13586 425 1108 1263
internal_value=2.79459e-05 -0.00013664 -0.000719742 7.50313e-05 6.14718e-05 -2.26738e-05 0.000192554 -3.87551e-05 5.12785e-05 -0.000487677
internal_weight=31068.5 6862.95 969.971 24205.5 23830.6 14468.4 9362.28 5892.98 4891.46 1001.51
internal_count=46697 10482 1432 36215 35582 21443 14139 9050 7362 1688
is_linear=0
shrinkage=0.02


Tree=382
num_leaves=11
num_cat=0
split_feature=42 16 3 15 15 3 32 16 16 15
split_gain=0.877609 0.85813 1.18747 1.36984 0.840182 0.789476 0.717127 0.615263 0.594431 0.519431
threshold=1.3500000000000003 26.390000000000004 47.388563694798336 17.568283896578979 14.335997466179508 49.934496467225848 0.45000000000000007 19.41 16.970000000000006 12.556843518429655
decision_type=2 2 2 2 2 2 2 2 2 2
left_child=1 2 6 -4 9 -3 -1 8 -6 -2
right_child=4 5 3 -5 7 -7 -8 -9 -10 -11
leaf_value=-7.4286651762654101e-05 -0.00059596638148390996 0.0019465080114712775 -0.00040167971437026103 0.00023359940435007762 0.00012090318788238477 -7.7437812150738693e-06 0.00017299498301075165 -0.00069854065568869604 0.0024683155817978746 -0.001991698879553588
leaf_weight=6442.9374094605446 739.48405051231384 179.84653839468956 4380.9838697910309 1944.1217030286789 124.78663170337677 133.23488435149193 16789.497493773699 125.05110415816307 73.331812739372253 135.19070455431938
leaf_count=9771 1070 272 6752 2911 175 228 25061 169 98 190
internal_value=2.73709e-05 4.89762e-05 3.75557e-05 -0.000204824 -0.000502249 0.00108835 0.000103987 0.000346039 0.00105573 -0.000827151
internal_weight=31068.5 29870.6 29557.5 6325.11 1197.84 313.081 23232.4 323.17 198.118 874.675
internal_count=46697 44995 44495 9663 1702 500 34832 442 273 1260
is_linear=0
shrinkage=0.02


Tree=383
num_leaves=12
num_cat=0
split_feature=15 15 32 52 3 32 31 31 52 52 3
split_gain=0.669294 1.32383 1.51362 0.966071 0.775459 0.696366 0.641803 0.897949 0.587565 0.565145 0.520405
threshold=10.336748983682781 17.568283896578979 1.8500000000000003 2.9500000000000006 49.983461986801466 0.35000000000000003 2.0101229035110681 1.8997357088765894 1.0500000000000003 2.4500000000000006 49.365299554353989
decision_type=2 2 2 2 2 2 2 2 2 2 2
left_child=6 3 4 5 -3 -2 7 9 -8 -1 -5
right_child=1 2 -4 10 -6 -7 8 -9 -10 -11 -12
leaf_value=0.00011324501894587462 -0.0006544465124362121 0.00036212316128554921 0.0027917351943075254 -0.0016480086084706273 -0.00058378100551149655 -9.1687567204209468e-05 0.00019802761319184843 -0.0013059435634571505 0.0015107791726150796 -0.00047389658819739689 -0.00018864803567037499
leaf_weight=18055.829525411129 1007.5592748224735 2097.1485270261765 92.802470207214355 279.23902288079262 406.801733314991 7494.7420036792755 361.76086112856865 182.92604738473892 240.50933599472046 672.77083984017372 176.37656077742577
leaf_count=27154 1604 3052 134 413 696 10986 595 286 408 1114 255
internal_value=2.68121e-05 -9.33688e-05 0.000302516 -0.000209287 0.000204114 -0.000159691 9.84893e-05 7.73882e-05 0.000742073 9.15714e-05 -0.00110821
internal_weight=31068.5 11554.7 2596.75 8957.92 2503.95 8502.3 19513.8 18911.5 602.27 18728.6 455.616
internal_count=46697 17140 3882 13258 3748 12590 29557 28554 1003 28268 668
is_linear=0
shrinkage=0.02


Tree=384
num_leaves=12
num_cat=0
split_feature=42 15 3 15 32 53 23 32 3 15 23
split_gain=0.842234 0.806919 0.797034 1.84233 1.45496 0.800852 0.79323 0.69787 0.667178 0.578217 0.500727
threshold=1.3500000000000003 14.335997466179508 47.388563694798336 17.568283896578979 1.8500000000000003 0.95000000000000007 0.79672681595971684 0.45000000000000007 44.81560197645728 14.669478094658061 1.0233299473651112
decision_type=2 2 2 2 2 2 2 2 2 2 2
left_child=2 6 7 5 -5 -4 -2 8 -1 -9 -8
right_child=1 -3 3 4 -6 -7 10 9 -10 -11 -12
leaf_value=-0.00014350913268349548 0.00010915483151003631 0.00033831145784575826 -0.00016332853686192676 0.00021235273703582459 0.0028871928093171183 -0.00072385755631113589 -0.0019008096236491732 0.00014367100564710759 0.00052244683056996738 0.00069616172764913619 -0.0006783467736539595
leaf_weight=5778.5343708693981 248.16107481718063 323.16954860091209 2674.7299958765507 2151.0871354341507 83.523118555545807 1711.9904474020004 252.09299638867378 15999.309113293886 665.5473607480526 805.90035662055016 374.42068386077881
leaf_count=8697 350 442 4254 3250 121 2511 362 23954 1076 1132 548
internal_value=2.62566e-05 -0.000492573 4.74286e-05 -0.000145506 0.000319294 -0.000384593 -0.000811042 0.000102814 -7.30368e-05 0.000170841 -0.00119063
internal_weight=31068.5 1197.84 29870.6 6621.33 2234.61 4386.72 874.675 23249.3 6444.08 16805.2 626.514
internal_count=46697 1702 44995 10136 3371 6765 1260 34859 9773 25086 910
is_linear=0
shrinkage=0.02


Tree=385
num_leaves=11
num_cat=0
split_feature=37 51 16 36 52 1 36 12 1 53
split_gain=0.845001 1.08906 0.770211 1.03713 1.22851 0.961756 1.00003 0.898718 0.799811 0.679218
threshold=0.0019896142343955505 1.1936853369690785 6.2633333333333345 0.89444444444444449 1.2500000000000002 13.806500000000003 0.47222222222222227 18.669679157630803 32.307166666666681 0.19999999999999998
decision_type=2 2 2 2 2 2 2 2 2 2
left_child=1 9 3 8 -5 6 -4 -7 -2 -1
right_child=2 -3 5 4 -6 7 -8 -9 -10 -11
leaf_value=-0.002102330293327495 -8.0771719032044086e-05 0.00074050845940733289 0.0030582346661488036 -0.00041331895940053501 -0.0025088093354918108 -8.2842690818644345e-05 -1.9593578793218235e-05 0.00017461652051990628 -0.0022831453537024639 -0.00035151849666975875
leaf_weight=215.56834542751312 8113.459690451622 126.44936370849609 84.915683716535568 472.05840411782265 152.60495743155479 10578.293693840504 69.822182565927505 11063.621495068073 64.91891473531723 177.75824180245399
leaf_count=374 12261 207 127 688 238 15658 107 16702 95 277
internal_value=-1.72687e-05 -0.000815429 -3.33169e-06 -0.000161509 -0.000947577 6.0102e-05 0.0016231 4.83157e-05 -0.00010003 -0.00134215
internal_weight=31119.5 519.776 30599.7 8803.04 624.663 21796.7 154.738 21641.9 8178.38 393.327
internal_count=46734 858 45876 13282 926 32594 234 32360 12356 651
is_linear=0
shrinkage=0.02


Tree=386
num_leaves=12
num_cat=0
split_feature=37 51 22 5 5 5 52 23 1 52 52
split_gain=0.811743 1.04773 0.751723 1.0236 1.32439 0.755113 0.734234 0.906878 0.764614 0.640395 0.536649
threshold=0.0019896142343955505 1.1936853369690785 -2.8960111257956211 48.758462087966699 38.167655435531266 49.999882700699111 1.1500000000000001 0.46522074878864111 25.343000000000004 1.2500000000000002 0.95000000000000007
decision_type=2 2 2 2 2 2 2 2 2 2 2
left_child=1 9 3 4 -2 -5 8 -8 -4 10 -1
right_child=2 -3 6 5 -6 -7 7 -9 -10 -11 -12
leaf_value=-0.0011544462366911981 -0.00066485402514205954 0.00072592888110014915 -3.5745767111703888e-05 -0.0014494944505214977 0.0019552841431910912 0.00080056910543487741 -0.00072346250941875535 -7.5686076157984914e-05 0.00025647693710307022 -0.00017982672552915876 -0.0033024056883010338
leaf_weight=164.90053182840347 95.623886555433273 126.44936370849609 8788.4163038730621 121.25635731220245 301.32140266895294 108.50757160782814 924.53127482533455 14272.056449085474 5987.9817759990692 145.30374330282211 83.122312098741531
leaf_count=279 141 207 13074 175 445 165 1398 21164 9314 237 135
internal_value=-1.6954e-05 -0.000799251 -3.28748e-06 0.000680734 0.00129886 -0.000346001 -1.79678e-05 -0.000115844 8.20165e-05 -0.00131606 -0.00193497
internal_weight=31119.5 519.776 30599.7 626.709 396.945 229.764 29973 15196.6 14776.4 393.327 248.023
internal_count=46734 858 45876 926 586 340 44950 22562 22388 651 414
is_linear=0
shrinkage=0.02


Tree=387
num_leaves=14
num_cat=0
split_feature=1 10 2 36 23 2 22 30 5 5 2 23 23
split_gain=0.737807 0.966542 1.21182 1.20782 0.910842 0.889614 0.820774 0.758517 0.742268 0.825141 0.760436 0.668316 0.658393
threshold=24.058166666666672 1.0000000180025095e-35 29.035333333333337 2.0500000000000003 1.6329746732617181 17.041916666666669 -2.5805736975209168 0.14088726386975467 30.40183053916159 29.495644054179877 19.43341666666667 1.8044871977507184 1.3559347701088058
decision_type=2 2 2 2 2 2 2 2 2 2 2 2 2
left_child=4 3 12 7 8 -6 -4 -2 9 -1 -10 -7 -3
right_child=1 2 6 -5 5 11 -8 -9 10 -11 -12 -13 -14
leaf_value=-0.00030608147045779911 0.00024407576279598323 0.00050184655140874236 0.0013106295622849113 -0.00093106356848026946 0.0014639075362601881 0.00095419204363742004 -0.00075129638684855301 -7.5830096022740741e-05 8.3165349771056337e-05 -0.0012900785174418295 -0.00027671709100085854 -0.0008126655630336585 -0.00070765465529298768
leaf_weight=2720.3774206638336 10922.493567317724 818.99808156490326 76.298253268003464 414.9084153175354 273.04069975018501 146.34190493822098 1484.8669820725918 4009.9673190116882 5170.6187778115273 399.95478045940399 4259.3098981082439 198.86666792631149 223.42820465564728
leaf_count=4076 16461 1210 111 649 454 229 2187 6048 7744 595 6283 342 345
internal_value=-1.66391e-05 6.6398e-05 -0.000288598 0.000127302 -0.000130585 0.000614178 -0.000642579 0.0001575 -0.000168162 -0.000436156 -7.83503e-05 -3.36707e-05 0.000232175
internal_weight=31119.5 17951 2603.59 15347.4 13168.5 618.249 1561.17 14932.5 12550.3 3120.33 9429.93 345.209 1042.43
internal_count=46734 27011 3853 23158 19723 1025 2298 22509 18698 4671 14027 571 1555
is_linear=0
shrinkage=0.02


Tree=388
num_leaves=14
num_cat=0
split_feature=34 24 37 34 53 5 36 6 17 17 16 5 5
split_gain=0.825762 1.63817 1.13742 0.989426 0.926088 0.862542 0.815782 0.792865 1.24511 0.714696 0.560899 0.686308 0.505346
threshold=0.27820700423002737 0.32521006026116789 0.22676176741321163 0.41973349560240114 -0.099999999999999936 26.621444913585755 1.8944444444444446 2.5000000000000004 0.72139001289692206 0.68599704940507511 4.5225000000000017 30.803947537849997 42.46105059898894
decision_type=2 2 2 2 2 2 2 2 2 2 2 2 2
left_child=4 5 3 -3 10 -2 -4 9 -9 -6 -1 -12 -7
right_child=1 2 6 -5 7 12 -8 8 -10 -11 11 -13 -14
leaf_value=-3.0477831824660489e-05 -0.0017631535050431327 0.00097816736959407805 9.572292160595731e-05 -0.00060201447137496629 0.00095264655970154891 -0.00012436492259969696 -0.0005856858224596868 -0.0016345858674429417 0.00037759637357997068 -0.00021861407982625 -0.0015502896571003399 -0.00049251837353531949 -0.0011364356974293784
leaf_weight=799.32647773623466 221.237149477005 961.31411096453667 17043.770036190748 180.06681019067764 211.53845939040184 852.56770622730255 727.86018002033234 126.94121527671814 2178.391598969698 5731.9189089536667 309.57861107587814 1507.4798801839352 267.47982820868492
leaf_count=1321 340 1397 24936 297 332 1412 1098 195 3313 8685 493 2453 462
internal_value=-1.63135e-05 5.87843e-05 0.000107157 0.000719511 -0.000157212 -0.000615004 6.71895e-05 -5.18188e-05 0.000261142 -0.000174938 -0.000485378 -0.000679738 -0.000376566
internal_weight=31119.5 20254.3 18913 1141.38 10865.2 1341.28 17771.6 8248.79 2305.33 5943.46 2616.38 1817.06 1120.05
internal_count=46734 29942 27728 1694 16792 2214 26034 12525 3508 9017 4267 2946 1874
is_linear=0
shrinkage=0.02


Tree=389
num_leaves=11
num_cat=0
split_feature=34 24 51 17 23 4 4 4 51 23
split_gain=0.793085 1.58307 1.19898 1.56461 1.07804 1.30918 1.60966 1.04038 0.98446 0.72311
threshold=0.27820700423002737 0.37790249842397844 1.2138061593770713 3.0656002656138024 1.6609277797641775 34.492006641260538 35.339935274505649 20.879389831376994 1.1739126801257929 1.7593357140894221
decision_type=2 2 2 2 2 2 2 2 2 2
left_child=4 -2 8 -4 5 7 -7 -1 -3 -6
right_child=1 2 3 -5 9 6 -8 -9 -10 -11
leaf_value=0.00064800152490588714 -0.00049192729578886733 6.7767309634770003e-05 0.00061132555903881146 -0.0007276440407252649 0.001879878116686131 0.0014409235011504393 -0.00011660413994980249 -0.00066651550280517392 -0.00083981590270551781 0.00024418590052957149
leaf_weight=254.40514451265335 1892.2863090336323 14486.838370829821 2996.9103188812733 386.8567950129509 146.07089367508888 273.47688686847687 6931.5471648275852 2781.2369236946106 491.40402752161026 478.43813800811768
leaf_count=405 3070 21167 4424 570 242 419 10644 4250 711 832
internal_value=-1.60268e-05 5.75629e-05 0.000114782 0.000454952 -0.000154114 -0.000204093 -5.5715e-05 -0.000552705 3.72158e-05 0.000647511
internal_weight=31119.5 20254.3 18362 3383.77 10865.2 10240.7 7205.02 3035.64 14978.2 624.509
internal_count=46734 29942 26872 4994 16792 15718 11063 4655 21878 1074
is_linear=0
shrinkage=0.02


Tree=390
num_leaves=10
num_cat=0
split_feature=13 43 20 32 0 20 53 43 51
split_gain=0.881339 1.20434 1.04024 0.817911 1.24523 1.18599 0.788198 0.567037 0.509911
threshold=2.3785982876930603 -0.24999999999999992 4.1271819338291982 0.45000000000000007 14.476268463386758 -0.44283654306353343 -0.44999999999999996 1.2500000000000002 1.7764838665119307
decision_type=2 2 2 2 2 2 2 2 2
left_child=3 -2 6 7 8 -6 -3 -1 -5
right_child=1 2 -4 4 5 -7 -8 -9 -10
leaf_value=-0.00019755603664929597 -0.0020060130606482929 -0.00075973375962740965 0.002694980196652198 0.00087651561245442422 -0.00021255851889227299 0.00010236393605493455 0.0005512500531417591 -0.0017118766374145408 -0.00084364301849083596
leaf_weight=7107.8980902135372 76.081818759441376 199.58506837487221 82.771010637283325 863.75975024700165 7323.1924502253532 13771.78286331892 1592.3307323455811 100.31941992044449 67.42988458275795
leaf_count=10795 131 366 131 1271 10924 20267 2650 138 110
internal_value=-7.66438e-06 0.000403298 0.000508439 -3.5455e-05 2.46586e-05 -6.49825e-06 0.000398973 -0.000220487 0.000739697
internal_weight=31185.2 1950.77 1874.69 29234.4 22026.2 21095 1791.92 7208.22 931.19
internal_count=46783 3278 3147 43505 32572 31191 3016 10933 1381
is_linear=0
shrinkage=0.02


Tree=391
num_leaves=9
num_cat=0
split_feature=20 43 51 32 0 53 51 0
split_gain=0.760854 0.742821 0.68743 1.195 0.681418 0.73008 0.649527 0.523914
threshold=4.1271819338291982 1.8500000000000003 1.2235884707686182 1.1500000000000001 14.023495361475709 1.0000000180025095e-35 0.8736661530354014 21.307988366271442
decision_type=2 2 2 2 2 2 2 2
left_child=1 2 6 -4 -2 7 -1 -6
right_child=4 -3 3 -5 5 -7 -8 -9
leaf_value=-5.5196719284255363e-06 0.0018077827034067827 0.0014977458166102915 4.1929317751506135e-05 0.00086640194137459106 -0.00086870364241824346 0.00089604340232146142 -0.00022520449703609491 0.00056990844173538616
leaf_weight=16609.564231812954 145.77642714977264 125.23254603147507 4611.1714673936367 834.72622647881508 247.93683716654778 416.65307641029358 8033.4227955341339 160.66748064756393
leaf_count=24886 213 177 7001 1250 387 610 12019 240
internal_value=-7.51944e-06 -2.55616e-05 -3.23332e-05 0.000170409 0.000542492 0.000303069 -7.75534e-05 -0.000278651
internal_weight=31185.2 30214.1 30088.9 5445.9 971.034 825.257 24643 408.604
internal_count=46783 45333 45156 8251 1450 1237 36905 627
is_linear=0
shrinkage=0.02


Tree=392
num_leaves=9
num_cat=0
split_feature=13 53 32 0 51 19 19 32
split_gain=0.844414 0.985053 0.782953 1.18541 1.03313 0.859055 0.7088 0.709813
threshold=2.3785982876930603 -0.34999999999999992 0.45000000000000007 14.476268463386758 1.1887360654068642 -3.8106788715810374 -0.92181991262137852 0.65000000000000002
decision_type=2 2 2 2 2 2 2 2
left_child=2 -2 5 -4 -5 -1 -3 -8
right_child=1 6 3 4 -6 -7 7 -9
leaf_value=0.0014990523465909053 -0.00061541370403779712 0.0014868574433833843 0.00072191057840502557 -7.6849387547906997e-05 0.00027212908595159602 -0.00024433548998548305 0.00090630258171372135 -7.2361171253781335e-06
leaf_weight=111.44819456338882 312.65699744224548 297.32109549641609 931.1896348297596 16849.827397763729 4245.1479157805443 7096.7693155705929 588.56976968050003 752.22076749801636
leaf_count=162 561 483 1381 24894 6297 10771 983 1251
internal_value=-7.33752e-06 0.000394917 -3.45466e-05 2.42598e-05 -6.1279e-06 -0.000215585 0.000594365 0.000387087
internal_weight=31185.2 1950.77 29234.4 22026.2 21095 7208.22 1638.11 1340.79
internal_count=46783 3278 43505 32572 31191 10933 2717 2234
is_linear=0
shrinkage=0.02


Tree=393
num_leaves=6
num_cat=0
split_feature=13 34 34 34 13
split_gain=0.810663 0.647018 0.99267 0.575964 0.560993
threshold=2.3785982876930603 1.0207471595628748 0.27820700423002737 0.28430892048515538 3.1319292087172745
decision_type=2 2 2 2 2
left_child=1 2 -1 -4 -2
right_child=4 -3 3 -5 -6
leaf_value=-0.00015541482796398149 0.00057417103548173479 -0.00030855819799261613 0.0010773840879972933 8.1536430114307668e-05 -0.00021636696115688781
leaf_weight=10224.055178642273 1501.5018828213215 3067.5431001186371 235.82701948285103 15706.957160264254 449.26674729585648
leaf_count=15587 2463 4546 349 23023 815
internal_value=-7.17289e-06 -3.3839e-05 -1.23037e-06 9.70275e-05 0.000386952
internal_weight=31185.2 29234.4 26166.8 15942.8 1950.77
internal_count=46783 43505 38959 23372 3278
is_linear=0
shrinkage=0.02


Tree=394
num_leaves=7
num_cat=0
split_feature=13 43 20 43 34 34
split_gain=0.77818 1.15819 0.985294 0.648795 0.62461 0.882034
threshold=2.3785982876930603 -0.24999999999999992 4.1271819338291982 1.8500000000000003 1.0207471595628748 0.27820700423002737
decision_type=2 2 2 2 2 2
left_child=3 -2 -3 4 5 -1
right_child=1 2 -4 -5 -6 -7
leaf_value=-0.00015321732928466974 -0.0019838537533180102 0.0003756938129858501 0.0026102038773774127 0.0014074399563606872 -0.00031275592481816515 8.4928701171727665e-05
leaf_weight=10209.141918957233 76.081818759441376 1791.9158007204533 82.771010637283325 122.14184153079987 3003.5703955590725 15899.528302460909
leaf_count=15559 131 3016 131 171 4465 23310
internal_value=-7.02167e-06 0.000379118 0.000482357 -3.31544e-05 -3.96383e-05 -7.81396e-06
internal_weight=31185.2 1950.77 1874.69 29234.4 29112.2 26108.7
internal_count=46783 3278 3147 43505 43334 38869
is_linear=0
shrinkage=0.02


Tree=395
num_leaves=6
num_cat=0
split_feature=24 24 14 14 19
split_gain=0.732663 1.19427 0.999833 0.667648 0.552992
threshold=1.7090904247144743 1.559766074330093 11.500000000000002 9.5000000000000018 3.8885557289332477
decision_type=2 2 2 2 2
left_child=1 4 -2 -3 -1
right_child=2 3 -4 -5 -6
leaf_value=1.5945582384203834e-05 -0.00025437303813122616 0.0016298585159866905 -0.0023239619144524181 0.000276185473992301 0.00065766003225335864
leaf_weight=29196.113703638315 604.05454951524734 284.55911162495613 112.48564568161964 342.57144120335579 546.62883853912354
leaf_count=43817 939 437 170 490 865
internal_value=3.1471e-05 4.6708e-05 -0.000598748 0.000909535 2.8119e-05
internal_weight=31086.4 30369.9 716.54 627.131 29742.7
internal_count=46718 45609 1109 927 44682
is_linear=0
shrinkage=0.02


Tree=396
num_leaves=9
num_cat=0
split_feature=24 24 30 30 14 12 12 19
split_gain=0.70467 1.14808 1.35126 1.27209 0.960422 0.742077 0.677054 0.596923
threshold=1.7090904247144743 1.559766074330093 -0.33361432459601198 0.087581799664264617 11.500000000000002 18.8018742566505 18.759846573949513 3.4237676232301113
decision_type=2 2 2 2 2 2 2 2
left_child=1 5 -3 -4 6 7 -2 -1
right_child=4 2 3 -5 -6 -7 -8 -9
leaf_value=-8.1417170871361978e-05 0.00025978928823833713 -0.0016037241211488136 0.0021208656762082682 0.00015712301061625623 -0.0022782945687547873 0.00014070507064397434 -0.0010980444897646425 0.00063575993323993082
leaf_weight=16210.994449347258 371.07960152626038 71.5838523209095 299.02666381001472 256.5200366973877 112.48564568161964 13058.327877044678 232.97494798898697 473.42021578550339
leaf_count=24314 586 118 447 362 170 19601 353 767
internal_value=3.0848e-05 4.5797e-05 0.000891784 0.00123587 -0.000587195 2.75642e-05 -0.000249302 -6.03942e-05
internal_weight=31086.4 30369.9 627.131 555.547 716.54 29742.7 604.055 16684.4
internal_count=46718 45609 927 809 1109 44682 939 25081
is_linear=0
shrinkage=0.02


Tree=397
num_leaves=12
num_cat=0
split_feature=33 30 30 30 19 19 19 30 27 27 30
split_gain=0.744881 0.772545 0.701811 0.8254 0.714942 0.68045 1.22118 0.61652 0.815374 0.84267 0.523587
threshold=0.19999999999999998 0.0042035780545825003 -0.16453370319567931 -0.15402712737619231 -3.3734557642807874 2.8299536184640961 1.9151222805785102 -0.40518342287928805 0.95317298842610187 0.78338877728894962 0.085279454579893665
decision_type=2 2 2 2 2 2 2 2 2 2 2
left_child=1 2 4 -4 -1 6 -3 8 9 -2 -7
right_child=7 5 3 -5 -6 10 -8 -9 -10 -11 -12
leaf_value=-0.0014416829880591483 -0.00088175660858058364 1.9391442725204294e-05 0.0017178172252022448 0.00040742938480937442 0.00012716043929244329 -0.00053754393508750528 -0.0010359320956318595 -2.9475763818673849e-05 -0.0018418206640181192 0.0016987153344279707 0.001148248524230615
leaf_weight=119.59376811981201 149.97638523578644 4809.5208725333214 208.14578700065613 3478.4950813651085 2421.4714106023312 85.032367467880249 478.96265202760696 18764.570792883635 174.30028808116913 73.861039102077484 322.48284578323364
leaf_count=171 228 7071 304 5153 3622 130 743 28413 277 109 497
internal_value=3.02288e-05 0.000154522 0.000308509 0.000485016 4.83157e-05 -1.21339e-05 -7.46515e-05 -4.65967e-05 -0.00082435 0 0.000771164
internal_weight=31086.4 11923.7 6227.71 3686.64 2541.07 5696 5288.48 19162.7 398.138 223.837 407.515
internal_count=46718 17691 9250 5457 3793 8441 7814 29027 614 337 627
is_linear=0
shrinkage=0.02


Tree=398
num_leaves=11
num_cat=0
split_feature=33 12 26 26 26 26 26 12 12 26
split_gain=0.715637 1.24962 1.05661 0.832205 0.737056 0.882681 0.716789 0.689881 0.793195 0.684299
threshold=0.19999999999999998 17.542410464089325 2.1714285714285722 1.4722222222222225 1.788888888888889 1.6125000000000003 1.8944444444444446 16.642802263935025 17.147144321551643 2.1055555555555561
decision_type=2 2 2 2 2 2 2 2 2 2
left_child=1 7 3 -3 5 -2 -6 -1 -9 -8
right_child=4 2 -4 -5 6 -7 9 8 -10 -11
leaf_value=0.00055957678035463789 -3.8120310418489146e-05 0.00026670762749529122 0.0022173475279948381 -0.00033423240916845428 -0.0018619989552453901 0.0012144605711582072 0.00028946407144460725 -0.0012516125893702026 -0.00018073870990442445 -0.0012584962410270351
leaf_weight=241.92504951357841 18306.823155760765 9344.4294576346874 104.84771835803986 1006.792966902256 163.23611149191856 225.54333633184433 286.60923558473587 456.14023721218109 769.56935527920723 180.49666613340378
leaf_count=358 27811 13884 147 1493 235 327 404 664 1145 250
internal_value=2.9617e-05 0.000151449 0.000228772 0.000207239 -4.56774e-05 -2.22072e-05 -0.000717648 -0.000392187 -0.000588793 -0.000290189
internal_weight=31086.4 11923.7 10456.1 10351.2 19162.7 18532.4 630.342 1467.63 1225.71 467.106
internal_count=46718 17691 15524 15377 29027 28138 889 2167 1809 654
is_linear=0
shrinkage=0.02


Tree=399
num_leaves=5
num_cat=0
split_feature=42 24 24 27
split_gain=0.696579 0.669438 1.08626 0.927975
threshold=2.3500000000000001 1.7090904247144743 1.559766074330093 1.7397542671663577
decision_type=2 2 2 2
left_child=1 2 -1 -3
right_child=-2 3 -4 -5
leaf_value=3.11961726160959e-05 -0.001740910288497054 -0.0017034724603400535 0.00087223762993438926 -9.00913390556043e-05
leaf_weight=29657.937326073647 86.474893689155579 204.34381085634232 626.70399186015129 510.95326772332191
leaf_count=44569 117 372 926 734
internal_value=2.90113e-05 3.43831e-05 4.89871e-05 -0.000568403
internal_weight=31086.4 30999.9 30284.6 715.297
internal_count=46718 46601 45495 1106
is_linear=0
shrinkage=0.02


Tree=400
num_leaves=13
num_cat=0
split_feature=33 39 45 15 47 15 46 47 47 47 46 47
split_gain=0.856861 1.06558 1.19092 0.978707 1.04771 0.893804 0.758776 0.732008 0.802155 0.648171 0.547609 0.518967
threshold=0.95000000000000007 1.2500000000000002 0.90000000000000013 12.059005383972593 2.1861566933197705 6.5344204487322051 1.9500000000000002 1.223049857068303 3.4520736909838909 0.89948015304511009 1.9500000000000002 0.95342422049093678
decision_type=2 2 2 2 2 2 2 2 2 2 2 2
left_child=1 2 9 4 10 -3 -4 11 -9 -1 -2 -5
right_child=3 5 6 7 -6 -7 -8 8 -10 -11 -12 -13
leaf_value=-4.2171958975746408e-05 -0.00053074496961404356 -0.0026940643758474833 0.00026389878383890729 0 -0.0025044764434018637 -0.00039180635555693326 -1.3276866098841808e-05 -0.000247972668980288 0.0014776121242034211 -0.00049930941136814579 0.0011074856068546152 0.0023503369239802493
leaf_weight=8167.6156513094902 1882.4383056163788 72.081707626581192 10958.231321275234 72.254018276929855 106.62685233354568 1143.9492863118649 6072.6185100078583 969.06001359224319 118.7629482448101 1476.009794741869 79.742965936660767 92.081536144018173
leaf_count=12150 2909 107 16425 106 172 1719 9188 1390 176 2240 124 129
internal_value=4.63738e-07 3.6951e-05 6.36976e-05 -0.000302796 -0.000570637 -0.000540685 0.00016449 0.000131961 -4.80404e-05 -0.000113265 -0.000458016 0.00136985
internal_weight=31211.5 27890.5 26674.5 3320.97 2068.81 1216.03 17030.8 1252.16 1087.82 9643.63 1962.18 164.336
internal_count=46835 41829 40003 5006 3205 1826 25613 1801 1566 14390 3033 235
is_linear=0
shrinkage=0.02


Tree=401
num_leaves=8
num_cat=0
split_feature=22 33 24 34 33 39 24
split_gain=1.15786 0.888537 1.09599 1.24226 0.661042 0.61854 0.559021
threshold=-2.8960111257956211 1.0500000000000003 1.080737107506476 1.4278994209382714 -0.34999999999999992 1.0000000180025095e-35 0.26004898660586434
decision_type=2 2 2 2 2 2 2
left_child=4 2 6 -4 -1 -6 -2
right_child=1 -3 3 -5 5 -7 -8
leaf_value=0.0026698966681758204 -0.00044606220978186847 -0.00039650387185199434 0.00031634433564149965 -0.0013370084527192464 5.5985901706139721e-05 0.0015172834416242297 -2.3016462146160802e-05
leaf_weight=72.805849999189377 1331.5091272890568 2276.220295637846 5547.5183285176754 183.93949499726295 343.01482403278351 185.85328370332718 21270.611707240343
leaf_count=106 2320 3436 8243 277 521 269 31663
internal_value=4.24531e-07 -1.63602e-05 1.38521e-05 0.000261091 0.000868128 0.000592129 -4.84181e-05
internal_weight=31211.5 30609.8 28333.6 5731.46 601.674 528.868 22602.1
internal_count=46835 45939 42503 8520 896 790 33983
is_linear=0
shrinkage=0.02


Tree=402
num_leaves=5
num_cat=0
split_feature=24 34 34 34
split_gain=0.991178 0.94124 0.987259 0.929917
threshold=1.0870228943365765 0.098609329961939163 1.4278994209382714 1.0405056116003988
decision_type=2 2 2 2
left_child=-1 -2 3 -3
right_child=1 2 -4 -5
leaf_value=-5.6764878670038768e-05 -0.00087609291262885343 0.0002662898768000249 -0.00099151731900655135 0.0014098171995430325
leaf_weight=24766.2867449224 291.96892058849335 5619.0145617425442 230.86778819561005 303.33489596843719
leaf_count=37291 503 8270 342 429
internal_value=4.12653e-07 0.000221624 0.000275602 0.000327004
internal_weight=31211.5 6445.19 6153.22 5922.35
internal_count=46835 9544 9041 8699
is_linear=0
shrinkage=0.02


Tree=403
num_leaves=8
num_cat=0
split_feature=22 53 46 23 23 46 34
split_gain=1.11395 0.710933 0.873309 0.610741 0.645662 0.60695 0.516395
threshold=-2.8960111257956211 2.7500000000000004 2.4722222222222228 0.46522074878864111 0.32570624481900756 0.73214285714285732 0.2871433887478369
decision_type=2 2 2 2 2 2 2
left_child=3 5 -3 4 -1 -2 -7
right_child=1 2 -4 -5 -6 6 -8
leaf_value=0.00094560497157969783 -0.00016581156810561743 0.00038717501385815959 -0.0023877143179714226 0.0013494204064187706 -0.0011806308958105152 -9.2846539989037207e-05 0.00010853199945117125
leaf_weight=131.52306193113327 7428.0359961688519 66.932883232831955 108.3505422770977 372.52131593227386 97.629579871892929 7547.9563154578209 15458.523216545582
leaf_count=205 11069 111 146 552 139 11692 22921
internal_value=3.91267e-07 -1.6066e-05 -0.00127929 0.000851488 0 -8.37848e-06 4.20269e-05
internal_weight=31211.5 30609.8 175.283 601.674 229.153 30434.5 23006.5
internal_count=46835 45939 257 896 344 45682 34613
is_linear=0
shrinkage=0.02


Tree=404
num_leaves=8
num_cat=0
split_feature=22 53 46 39 46 23 23
split_gain=1.07003 0.682021 0.840625 0.727214 0.659798 0.586727 0.620542
threshold=-2.8960111257956211 2.7500000000000004 2.4722222222222228 1.2500000000000002 0.73214285714285732 0.46522074878864111 0.32570624481900756
decision_type=2 2 2 2 2 2 2
left_child=5 3 -3 4 -2 6 -1
right_child=1 2 -4 -5 -6 -7 -8
leaf_value=0.00092697616943500599 -0.00015147668673317645 0.00037965614740468668 -0.002340825497419105 -0.00045087197137414083 6.8494196295741284e-05 0.0013225761174798969 -0.0011574923369157941
leaf_weight=131.52306193113327 7267.7573201954365 66.932883232831955 108.3505422770977 1414.6907055974007 21752.067502379417 372.52131593227386 97.629579871892929
leaf_count=205 10822 111 146 2118 32742 552 139
internal_value=3.75706e-07 -1.57475e-05 -0.00125303 -8.21111e-06 1.30532e-05 0.000834532 0
internal_weight=31211.5 30609.8 175.283 30434.5 29019.8 601.674 229.153
internal_count=46835 45939 257 45682 43564 896 344
is_linear=0
shrinkage=0.02


Tree=405
num_leaves=6
num_cat=0
split_feature=23 26 33 26 10
split_gain=0.723306 0.671133 0.920818 0.64711 0.580037
threshold=2.9999456250760885 2.0500000000000003 0.45000000000000007 1.7638888888888891 1.0000000180025095e-35
decision_type=2 2 2 2 2
left_child=1 3 -3 4 -1
right_child=-2 2 -4 -5 -6
leaf_value=0 0.0014777561136998536 0.0015866205425163304 -0.00031149754131588295 -0.00065484205818614296 -0.00024964165870092268
leaf_weight=25501.74029520154 123.76968982815742 232.50434657931328 167.05197793245316 694.23853209614754 4370.8829462826252
leaf_count=38410 234 325 232 1020 6509
internal_value=-3.37938e-05 -4.02533e-05 0.000770527 -5.12283e-05 -3.68227e-05
internal_weight=31090.2 30966.4 399.556 30566.9 29872.6
internal_count=46730 46496 557 45939 44919
is_linear=0
shrinkage=0.02


Tree=406
num_leaves=2
num_cat=0
split_feature=42
split_gain=0.893579
threshold=1.5500000000000003
decision_type=2
left_child=-1
right_child=-2
leaf_value=-1.6650201191696534e-05 -0.00074601671761174949
leaf_weight=30403.809943497181 686.37784442305565
leaf_count=45768 962
internal_value=-3.3121e-05
internal_weight=31090.2
internal_count=46730
is_linear=0
shrinkage=0.02


Tree=407
num_leaves=8
num_cat=0
split_feature=42 26 44 20 31 26 26
split_gain=0.858265 1.31425 1.64846 0.774931 0.721077 1.13835 0.669132
threshold=1.5500000000000003 0.78888888888888908 1.2068413815189529 -7.4917074892434874 2.4769049336773041 0.89444444444444449 2.0500000000000003
decision_type=2 2 2 2 2 2 2
left_child=3 2 -2 -1 6 -6 -5
right_child=1 -3 -4 4 5 -7 -8
leaf_value=0.0016008716594072261 -0.0012350704613885467 -0.0017123622583188084 0.0013722982473657517 -4.3257350047162429e-05 9.4562385349035037e-05 0.0031418742179564114 0.00078320557498779472
leaf_weight=115.89012649655342 194.93826544284821 302.7202812731266 188.71929770708084 29653.048289746046 169.0519497692585 71.68273052573204 394.13684695959091
leaf_count=187 281 421 260 44592 315 127 547
internal_value=-3.2466e-05 -0.00073114 2.20173e-05 -1.63172e-05 -2.29405e-05 0.00106156 -3.20322e-05
internal_weight=31090.2 686.378 383.658 30403.8 30287.9 240.735 30047.2
internal_count=46730 962 541 45768 45581 442 45139
is_linear=0
shrinkage=0.02


Tree=408
num_leaves=8
num_cat=0
split_feature=42 23 44 44 44 44 44
split_gain=0.824543 0.752008 0.597942 0.944756 0.635696 0.541323 0.785139
threshold=1.5500000000000003 2.9999456250760885 3.6009515540321604 3.8700133282489291 3.4256183715427801 1.1635034691791628 0.72062959187028441
decision_type=2 2 2 2 2 2 2
left_child=1 2 4 -4 -1 6 -2
right_child=5 -3 3 -5 -6 -7 -8
leaf_value=-2.6331188472327791e-05 0.0001776095099100688 0.0015372247207182954 0.0016058059603127073 -9.273622024662873e-05 -0.0011151063275727376 -0.00028498422934840161 -0.0022494549478731664
leaf_weight=29559.389220535755 67.213099211454391 121.99801447987556 228.57489427924156 279.18587717413902 214.66193702816963 454.19958740472794 164.96515780687332
leaf_count=44477 104 231 341 378 341 624 234
internal_value=-3.17922e-05 -1.59572e-05 -2.26459e-05 0.000655567 -3.45911e-05 -0.000716608 -0.00150863
internal_weight=31090.2 30403.8 30281.8 507.761 29774.1 686.378 232.178
internal_count=46730 45768 45537 719 44818 962 338
is_linear=0
shrinkage=0.02


Tree=409
num_leaves=5
num_cat=0
split_feature=42 20 23 33
split_gain=0.792182 0.744703 0.800188 0.662149
threshold=1.5500000000000003 -7.4917074892434874 2.9999456250760885 1.0500000000000003
decision_type=2 2 2 2
left_child=1 -1 -3 -2
right_child=3 2 -4 -5
leaf_value=0.00156969388942698 -0.00040312189359988071 -2.9026867584764802e-05 0.0015852065144821609 -0.0021186730999075065
leaf_weight=115.89012649655342 574.58393043279648 30166.755526989698 121.16429001092911 111.79391399025917
leaf_count=187 801 45352 229 161
internal_value=-3.11634e-05 -1.56356e-05 -2.21349e-05 -0.000702413
internal_weight=31090.2 30403.8 30287.9 686.378
internal_count=46730 45768 45581 962
is_linear=0
shrinkage=0.02


Tree=410
num_leaves=13
num_cat=0
split_feature=37 22 21 16 16 22 3 53 22 1 21 20
split_gain=1.10141 1.17983 1.3494 1.12455 1.24769 1.0956 1.33853 1.20081 1.081 1.16501 0.81851 0.550806
threshold=0.40454245371112879 -1.2764931726311286 0.97845100975426802 20.045000000000005 21.93000000000001 -1.0522554457648792 47.619881501236272 1.0500000000000003 3.217752040631829 18.709166666666668 1.0427924822122441 0.023146326475732303
decision_type=2 2 2 2 2 2 2 2 2 2 2 2
left_child=3 2 -2 5 -5 7 -7 -1 9 -3 -4 -10
right_child=1 8 10 4 -6 6 -8 -9 11 -11 -12 -13
leaf_value=0.00031401451594713397 -0.0009726733034167845 -0.0002570464520586283 0.00040264130647709259 0.0017705937861579402 -9.9842285181230543e-05 -0.00018081525516580602 -0.00076500050794930984 -0.00059812656101044853 -0.002465487438914807 0.00028068347534047748 -0.00052605157691868452 -0.00043042667204139381
leaf_weight=2823.4706602692604 821.43759500980377 1889.2517566978931 935.98137483000755 250.86997789144516 305.45820480585098 10207.997669845819 1874.6069765985012 718.79470428824425 78.702870547771454 10314.769322901964 634.11717623472214 211.48704442381859
leaf_count=4275 1242 2816 1372 377 481 15316 2960 1053 136 15312 919 319
internal_value=-3.50104e-05 8.87205e-05 -0.000316643 -0.00014945 0.00072902 -0.000181458 -0.00027239 0.000125869 0.00016715 0.000196592 2.10162e-05 -0.00102968
internal_weight=31066.9 14885.7 2391.54 16181.2 556.328 15624.9 12082.6 3542.27 12494.2 12204 1570.1 290.19
internal_count=46578 22116 3533 24462 858 23604 18276 5328 18583 18128 2291 455
is_linear=0
shrinkage=0.02


Tree=411
num_leaves=9
num_cat=0
split_feature=51 20 15 43 45 15 16 30
split_gain=1.24418 1.29508 1.05545 1.02608 0.845939 0.84229 0.761711 0.737901
threshold=1.1270948127715126 4.2988891748934011 15.848974720396384 -0.44999999999999996 4.366666666666668 14.919838799115611 4.4775000000000018 -0.40518342287928805
decision_type=2 2 2 2 2 2 2 2
left_child=1 2 5 -2 6 -1 -5 -4
right_child=3 -3 7 4 -6 -7 -8 -9
leaf_value=-0.00015809101051756681 -0.0016665678752755459 0.00089615602926890366 -0.0012556169026469114 0.00067686013882398144 0.0015112039622607015 -0.00088897768604573172 9.4241060377478795e-05 0.0002853919854631028
leaf_weight=19196.947828024626 114.59880059957504 499.03918313980103 125.9007576406002 1058.6117879152298 196.413768440485 657.5671581029892 6323.217345893383 2894.6487045884132
leaf_count=28877 174 748 183 1605 288 949 9519 4235
internal_value=-3.43404e-05 -0.000107222 -0.000129625 0.000185774 0.000215537 -0.000182888 0.000179308 0.000217064
internal_weight=31066.9 23374.1 22875.1 7692.84 7578.24 19854.5 7381.83 3020.55
internal_count=46578 34992 34244 11586 11412 29826 11124 4418
is_linear=0
shrinkage=0.02


Tree=412
num_leaves=11
num_cat=0
split_feature=51 20 37 32 43 1 37 53 16 32
split_gain=1.1952 1.24411 1.20389 1.26162 0.986306 0.77783 0.728613 0.714865 0.908222 0.838354
threshold=1.1270948127715126 4.2988891748934011 0.49331068966760111 0.25000000000000006 -0.44999999999999996 12.692000000000002 0.0019896142343955505 -0.34999999999999992 13.780000000000003 0.15000000000000005
decision_type=2 2 2 2 2 2 2 2 2 2
left_child=1 2 6 -4 -2 -3 -1 8 -6 -9
right_child=4 5 3 -5 7 -7 -8 9 -10 -11
leaf_value=-0.0011314461207685565 -0.0016338082526754277 0.0026686030429140641 -0.00064661716164223393 0.00013414970680290542 -5.9290993565180003e-05 0.00049326590258141467 -0.00021886556204974889 0.0012779223866718531 -0.0020125067849930656 0.00023464822283076646
leaf_weight=363.53890851140022 114.59880059957504 81.634334325790405 918.65918806195259 8041.0069758892059 916.94373053312302 417.40484881401062 13551.85937589407 328.16177242994308 106.04531988501549 6227.0920794010162
leaf_count=594 174 121 1411 11876 1431 627 20363 510 193 9278
internal_value=-3.36414e-05 -0.000105079 -0.000127045 5.28532e-05 0.000182088 0.000878304 -0.000243584 0.000211291 -0.000275054 0.000288774
internal_weight=31066.9 23374.1 22875.1 8959.67 7692.84 499.039 13915.4 7578.24 1022.99 6555.25
internal_count=46578 34992 34244 13287 11586 748 20957 11412 1624 9788
is_linear=0
shrinkage=0.02


Tree=413
num_leaves=6
num_cat=0
split_feature=45 20 43 14 22
split_gain=1.20765 0.974804 0.887894 0.727338 0.5915
threshold=4.6750000000000007 4.1271819338291982 0.35000000000000003 14.500000000000002 -2.8960111257956211
decision_type=2 2 2 2 2
left_child=1 2 4 -4 -1
right_child=-2 -3 3 -5 -6
leaf_value=0.00066690407452694588 0.0017146889805077195 0.00057802904962760159 7.5116859669647511e-05 -0.0017792732494757149 -0.00017463760636843149
leaf_weight=334.32987356185913 155.08503168821335 976.48888218402863 12782.547321766615 82.802166312932968 16735.692058831453
leaf_count=500 214 1470 18975 113 25306
internal_value=-3.29697e-05 -4.21716e-05 -6.27738e-05 6.213e-05 -0.000157493
internal_weight=31066.9 30911.9 29935.4 12865.3 17070
internal_count=46578 46364 44894 19088 25806
is_linear=0
shrinkage=0.02


Tree=414
num_leaves=6
num_cat=0
split_feature=45 51 43 34 51
split_gain=1.16043 0.991054 0.879288 0.752675 0.544737
threshold=4.6750000000000007 1.1270948127715126 -0.44999999999999996 0.2130053218246751 1.1315838116479493
decision_type=2 2 2 2 2
left_child=1 3 -3 -1 -4
right_child=-2 2 4 -5 -6
leaf_value=-0.00029891949366110324 0.0016808317985075184 -0.0015719750068780795 0.001698675626614383 -3.8448746067026912e-05 0.00016350300808248182
leaf_weight=6023.9585988819599 155.08503168821335 112.73913508653641 93.256053596735001 17297.30059376359 7384.6059213280678
leaf_count=9314 214 172 134 25605 11139
internal_value=-3.22896e-05 -4.1316e-05 0.000156623 -0.000106178 0.000184434
internal_weight=31066.9 30911.9 7590.6 23321.3 7477.86
internal_count=46578 46364 11445 34919 11273
is_linear=0
shrinkage=0.02


Tree=415
num_leaves=12
num_cat=0
split_feature=24 40 20 20 34 12 20 24 12 18 23
split_gain=0.720472 2.01628 1.18431 1.57961 0.678973 1.9793 1.46001 1.35887 1.0808 1.07681 0.567535
threshold=1.7090904247144743 0.095170126293803115 -1.578529365198978 1.0146940891624328 0.2698979714233149 17.708394048892941 1.0146940891624328 0.29164392008399592 17.361857473951826 3.050091413162809 1.7218252427478711
decision_type=2 2 2 2 2 2 2 2 2 2 2
left_child=4 2 -2 -4 5 8 -7 10 -1 -9 -6
right_child=1 -3 3 -5 7 6 -8 9 -10 -11 -12
leaf_value=-0.00024236533148625788 -0.0022789505095897771 -0.0023341917269066822 0.0011126316509762644 -0.0016879964220937859 -0.0007373026594987771 -0.00016589265492719161 0.00039951405314323982 0.00017766245067163134 -0.0014276839699594692 -0.00031682193465287821 0.0010622484303605968
leaf_weight=634.63756591081619 73.237154901027679 197.07712683081627 336.54603299498558 101.85059803724289 989.49113249778748 6574.5565340816975 2526.4310922324657 16984.896136760712 644.37191364169121 1950.656536012888 69.338937610387802
leaf_count=961 129 306 513 147 1644 10187 3835 24916 977 2890 129
internal_value=3.25877e-06 -0.000625808 1.93053e-05 0.000434557 1.83059e-05 -0.0001125 -7.78411e-06 8.67177e-05 -0.000848638 0.000126167 -0.00060825
internal_weight=31083.1 708.711 511.634 438.397 30374.4 10380 9100.99 19994.4 1279.01 18935.6 1058.83
internal_count=46634 1095 789 660 45539 15960 14022 29579 1938 27806 1773
is_linear=0
shrinkage=0.02


Tree=416
num_leaves=12
num_cat=0
split_feature=50 27 5 27 50 43 14 2 2 50 5
split_gain=0.724239 2.01106 1.40604 1.05936 1.1209 1.15559 0.904765 0.714067 0.723419 0.614688 0.579467
threshold=-0.40697018649215772 0.86336800386049395 32.654359981805278 0.15011461277603519 -0.24896333947531862 0.35000000000000003 8.5000000000000018 35.934250000000006 31.87241666666667 -0.30142757869400011 27.007268460649865
decision_type=2 2 2 2 2 2 2 2 2 2 2
left_child=1 2 -1 10 9 -6 -4 8 -3 -5 -2
right_child=3 7 6 4 5 -7 -8 -9 -10 -11 -12
leaf_value=0.0024256959788892217 -0.0018888924706600295 -0.001346649622386316 0.0014158913621684481 0.00016105537983004172 -0.0001123261056584451 0.00016044969344928777 -0.00032895029146276359 -0.0024391382128556294 -7.5002400524558667e-05 0.00074219034911088906 -0.00042178141625572805
leaf_weight=104.76670238375664 135.55171084403992 426.07868468761444 142.64292871952057 1798.208930850029 14521.706088602543 10850.15979719162 662.94589146971703 133.02093324065208 338.03087040781975 1292.6338655352592 677.34435757994652
leaf_count=171 221 647 229 2695 21890 16034 1018 194 494 1928 1113
internal_value=3.15313e-06 -0.000384784 0.000268588 2.74707e-05 4.8152e-05 3.93454e-06 -4.87311e-06 -0.00105803 -0.000798809 0.00040765 -0.000682732
internal_weight=31083.1 1807.49 910.356 29275.6 28462.7 25371.9 805.589 897.13 764.11 3090.84 812.896
internal_count=46634 2753 1418 43881 42547 37924 1247 1335 1141 4623 1334
is_linear=0
shrinkage=0.02


Tree=417
num_leaves=14
num_cat=0
split_feature=50 5 32 34 5 5 43 50 17 34 34 50 32
split_gain=0.695939 1.54957 1.07122 1.59549 1.1592 1.01294 0.948856 0.933248 1.39914 0.886119 0.865563 0.851867 0.73896
threshold=-0.40697018649215772 32.053570121042789 0.95000000000000007 0.20289508814202031 33.457939325389361 29.653599043941885 0.45000000000000007 0.37498195695102826 3.0066553681118591 2.2058421359942662 0.89721692632576266 -0.37169670137759819 1.4500000000000002
decision_type=2 2 2 2 2 2 2 2 2 2 2 2 2
left_child=1 5 7 4 -4 -1 12 9 -9 -2 -8 -5 -3
right_child=2 6 3 11 -6 -7 10 8 -10 -11 -12 -13 -14
leaf_value=0 7.9792672592498086e-06 -5.6932059136079053e-05 -0.0012478858537399054 0.0019901235792299625 -2.2328561795592001e-05 0.0034862686859468239 -0.0016503633307747992 -0.00023246710776867621 -0.0017633757198096717 -0.0012002181004828198 0.00021621820105953383 0.00033203956287692883 -0.0021000190277029643
leaf_weight=78.266474902629852 18976.742194026709 1044.2786282598972 403.25476962327957 127.28503784537315 1370.8321552276611 61.682384103536606 431.57137131690979 1526.804017752409 287.03108376264572 243.8610346019268 116.59882593154907 6339.7944577634335 75.088326394557953
leaf_count=129 28406 1610 631 183 2148 99 644 2332 421 390 162 9370 109
internal_value=3.06857e-06 -0.000377207 2.69126e-05 0.000220383 -0.000307623 0.00161192 -0.000551866 -4.84263e-05 -0.000481909 -6.95277e-06 -0.00123581 0.000366825 -0.000206403
internal_weight=31083.1 1807.49 29275.6 8241.17 1774.09 139.949 1667.54 21034.4 1813.84 19220.6 548.17 6467.08 1119.37
internal_count=46634 2753 43881 12332 2779 228 2525 31549 2753 28796 806 9553 1719
is_linear=0
shrinkage=0.02


Tree=418
num_leaves=10
num_cat=0
split_feature=51 18 18 51 50 12 43 50 18
split_gain=0.912318 1.20033 1.2062 0.788534 1.29765 0.925535 0.769425 1.28309 1.16079
threshold=2.0170232383208924 1.450481556608562 1.866610948732782 1.4010180478996686 -0.064852377295729527 19.293258926854566 0.35000000000000003 -0.4990628578285502 3.026972611412345
decision_type=2 2 2 2 2 2 2 2 2
left_child=3 -2 -3 6 -5 -6 8 -8 -1
right_child=1 2 -4 4 5 -7 7 -9 -10
leaf_value=-5.6579852219277835e-05 -0.00011259352134717101 -0.0042119881347538416 -0.00020651816036227044 0.0026372445982621355 1.9247392866161434e-05 0.00086021383787199637 -0.00095538838209813855 0.00014456150427225668 -0.00068667490637441288
leaf_weight=14574.691788882017 256.67625743150711 72.093038499355316 60.324369102716446 93.674057275056839 1955.9392005801201 726.02520048618317 436.41699343919754 11631.24793240428 1276.0019234120846
leaf_count=22049 429 122 112 154 2967 1089 655 17166 1891
internal_value=2.98296e-06 -0.000956485 -0.00249187 1.5533e-05 0.00033707 0.0002511 -1.60978e-05 0.000103802 -0.000108014
internal_weight=31083.1 389.094 132.417 30694 2775.64 2681.96 27918.4 12067.7 15850.7
internal_count=46634 663 234 45971 4210 4056 41761 17821 23940
is_linear=0
shrinkage=0.02


Tree=419
num_leaves=11
num_cat=0
split_feature=51 18 18 51 12 40 40 20 43 51
split_gain=0.878933 1.15468 1.15732 0.758216 0.970758 1.44059 1.05629 0.820435 0.85463 0.727131
threshold=2.0170232383208924 1.450481556608562 1.866610948732782 1.4010180478996686 19.293258926854566 -0.090562131863234682 0.13713692986903017 4.1271819338291982 0.35000000000000003 1.2847212278614839
decision_type=2 2 2 2 2 2 2 2 2 2
left_child=3 -2 -3 7 5 -5 -6 8 -1 -9
right_child=1 2 -4 4 6 -7 -8 9 -10 -11
leaf_value=-0.00013281634029990946 -0.00011035905946064269 -0.0041300222576147703 -0.00020252027694092601 0.0010493241332675059 0.00053383651390771 -0.00019706709772728001 0.0024125911135610095 0.00084020740131668728 9.3292262107189713e-05 -0.0012079558323409634
leaf_weight=15367.700688153505 256.67625743150711 72.093038499355316 60.324369102716446 484.20131114125252 594.19081190228462 1540.2667308747768 156.97960442304611 687.41329899430275 11791.657239466906 71.587411522865295
leaf_count=23224 429 122 112 730 890 2350 240 1015 17418 104
internal_value=2.90069e-06 -0.000938842 -0.00244483 1.52249e-05 0.000330523 9.68447e-05 0.0009451 -1.57853e-05 -3.428e-05 0.000631221
internal_weight=31083.1 389.094 132.417 30694 2775.64 2024.47 751.17 27918.4 27159.4 759.001
internal_count=46634 663 234 45971 4210 3080 1130 41761 40642 1119
is_linear=0
shrinkage=0.02


Tree=420
num_leaves=10
num_cat=0
split_feature=34 34 4 4 16 32 17 17 17
split_gain=0.893225 1.3099 1.05209 1.47763 0.982819 0.970132 1.00923 1.55631 0.956214
threshold=0.2698979714233149 0.25307554344154221 34.703868248763477 35.339935274505649 5.7225000000000019 1.8500000000000003 2.4382291245365848 2.1323674199438902 2.6458724160472546
decision_type=2 2 2 2 2 2 2 2 2
left_child=1 2 4 -4 -1 6 7 -2 -8
right_child=5 -3 3 -5 -6 -7 8 -9 -10
leaf_value=-8.9426086498008511e-05 9.3443666389513605e-05 -0.00096065824837063979 0.0017216186969018893 1.7500213801526706e-05 -0.00084894422314872543 0.0012743356742239201 -0.00062391258235588011 0.00069634815299842096 -4.743627565875675e-07
leaf_weight=1841.9474202096462 11736.148548185825 699.04271349310875 208.48868200182915 6634.9556610286236 1113.5868273675442 277.83307012915611 1218.0337246358395 2017.1793932318687 5255.8603377044201
leaf_count=2854 17470 1060 320 10281 1698 394 1810 2980 7648
internal_value=2.51223e-05 -0.000124467 -6.36098e-05 7.13656e-05 -0.000379359 0.0001022 8.54812e-05 0.000182686 -0.000119472
internal_weight=31003.1 10498 9798.98 6843.44 2955.53 20505.1 20227.2 13753.3 6473.89
internal_count=46515 16213 15153 10601 4552 30302 29908 20450 9458
is_linear=0
shrinkage=0.02


Tree=421
num_leaves=10
num_cat=0
split_feature=15 20 20 52 50 50 20 17 20
split_gain=1.11595 1.00509 1.45775 0.776578 0.761941 0.864053 0.756256 0.799578 0.619085
threshold=23.102652948081236 1.0146940891624328 1.0903786679240979 0.35000000000000003 -0.067291856501323688 0.079371096835665164 -7.4917074892434874 0.93490464626903302 5.16970210640011e-06
decision_type=2 2 2 2 2 2 2 2 2
left_child=1 6 -3 -4 -2 -6 -1 -8 -7
right_child=4 2 3 -5 5 8 7 -9 -10
leaf_value=0.0015682649774933844 0.001918710462425315 0.0014556115617242581 -0.00072394679430128896 0.00018801135641463424 -0.0016321925526615558 -0.00022066216776442268 -0.00039119641379122114 -2.3203434054472711e-05 0.0019170652617946169
leaf_weight=111.07906147837639 202.07495081424713 353.35257294774055 387.59791743755341 7409.6246298551559 67.469095379114151 88.243932366371155 2696.90652769804 19574.510573327541 112.21711668372154
leaf_count=179 314 518 567 10972 101 144 4116 29439 165
internal_value=2.46151e-05 9.36529e-06 0.000199775 0.000141222 0.000989867 0.000243253 -5.95371e-05 -6.82448e-05 0.000933751
internal_weight=31003.1 30533.1 8150.58 7797.22 470.005 267.93 22382.5 22271.4 200.461
internal_count=46515 45791 12057 11539 724 410 33734 33555 309
is_linear=0
shrinkage=0.02


Tree=422
num_leaves=9
num_cat=0
split_feature=34 34 37 34 17 17 17 34
split_gain=0.852667 1.25855 0.894796 1.12621 0.873475 1.85645 0.955603 0.502627
threshold=0.2698979714233149 0.25307554344154221 0.20077039098821972 0.35993521341255169 2.4382291245365848 2.1323674199438902 2.5394862469503932 0.21563260988876889
decision_type=2 2 2 2 2 2 2 2
left_child=1 7 3 -2 5 -4 -6 -1
right_child=2 -3 4 -5 6 -7 -8 -9
leaf_value=-0.00012821819823174245 0.0011880856730476603 -0.00094168384065946079 6.2903835607031516e-05 -0.00030947145613498635 -0.00088772650180163413 0.00072784185083187068 -4.0728029843574017e-05 0.00025088007686398874
leaf_weight=8123.7610870301723 626.33897602558136 699.04271349310875 11219.812117248774 280.57870373129845 588.72083938121796 1983.4956093728542 5806.1088281273842 1675.2175035774708
leaf_count=12637 902 1060 16697 452 879 2933 8439 2516
internal_value=2.41215e-05 -0.000122024 9.94361e-05 0.000714114 7.04113e-05 0.000163648 -0.000120521 -6.23499e-05
internal_weight=31003.1 10498 20505.1 906.918 19598.1 13203.3 6394.83 9798.98
internal_count=46515 16213 30302 1354 28948 19630 9318 15153
is_linear=0
shrinkage=0.02


Tree=423
num_leaves=8
num_cat=0
split_feature=15 21 53 50 19 19 17
split_gain=1.07355 1.01783 0.872601 0.827684 0.681082 0.696627 0.56526
threshold=23.102652948081236 0.99830416003223899 3.0500000000000003 -0.096807262651893031 -3.1032656210877207 0.18142559013261381 1.1270482998737112
decision_type=2 2 2 2 2 2 2
left_child=2 3 4 -2 6 -6 -1
right_child=1 -3 -4 -5 5 -7 -8
leaf_value=-0.00035382162809082912 0.0014333921206002684 0.0016415627713646994 -0.0022231680088592447 -0.0014511464342076377 -0.00010129624889466376 9.3209524588525961e-05 0.00077190539882110096
leaf_weight=214.66316550970078 62.09111475944519 309.66620174050331 67.857326775789261 98.247778743505478 14636.473489701748 14815.203321516514 798.8739792406559
leaf_count=323 104 460 104 160 21761 22463 1140
internal_value=2.36261e-05 0.000970356 8.6627e-06 -0.000268614 1.41077e-05 -3.11397e-06 0.000523407
internal_weight=31003.1 470.005 30533.1 160.339 30465.2 29451.7 1013.54
internal_count=46515 724 45791 264 45687 44224 1463
is_linear=0
shrinkage=0.02


Tree=424
num_leaves=6
num_cat=0
split_feature=15 53 19 19 17
split_gain=1.03135 0.839023 0.653651 0.669047 0.543487
threshold=23.102652948081236 3.0500000000000003 -3.1032656210877207 0.18142559013261381 1.1270482998737112
decision_type=2 2 2 2 2
left_child=1 2 4 -4 -1
right_child=-2 -3 3 -5 -6
leaf_value=-0.00034681052157886232 0.00095108681433251046 -0.0021799777411391618 -9.9270597795867512e-05 9.1345584503866288e-05 0.0007565058237836719
leaf_weight=214.66316550970078 470.00509524345398 67.857326775789261 14636.473489701748 14815.203321516514 798.8739792406559
leaf_count=323 724 104 21761 22463 1140
internal_value=2.31469e-05 8.47397e-06 1.38195e-05 -3.04491e-06 0.000512758
internal_weight=31003.1 30533.1 30465.2 29451.7 1013.54
internal_count=46515 45791 45687 44224 1463
is_linear=0
shrinkage=0.02


Tree=425
num_leaves=9
num_cat=0
split_feature=43 35 30 30 30 23 23 41
split_gain=1.00316 0.883347 0.755298 0.734698 0.67883 0.65974 0.587197 0.581418
threshold=-0.6499999999999998 1.0000000180025095e-35 0.51826156997976192 0.55200185707293403 -0.09136778303166683 0.34194343781739628 0.59724558988136878 2.5459590533039869
decision_type=2 2 2 2 2 2 2 2
left_child=4 5 7 -4 -1 -2 -7 -3
right_child=1 2 3 -5 -6 6 -8 -9
leaf_value=-0.0029669427897337265 -0.00042004881705057901 -4.6149028335408735e-05 -0.0024747036793001998 -0.00041153659716981717 -0.00049993050926187799 0.00072733465219415854 0.0001684320320507158 -0.00095785210657068189
leaf_weight=71.663623303174973 627.2797349691391 23699.218341886997 94.643664091825485 309.031722843647 149.69791629910469 906.84183388948441 4983.0203967690468 282.55557858943939
leaf_count=106 969 35474 136 463 230 1354 7517 484
internal_value=-2.67163e-05 -1.67346e-05 -7.23124e-05 -0.000929722 -0.00136279 0.000189648 0.000256399 -5.73867e-05
internal_weight=31124 30902.6 24385.4 403.675 221.362 6517.14 5889.86 23981.8
internal_count=46733 46397 36557 599 336 9840 8871 35958
is_linear=0
shrinkage=0.02


Tree=426
num_leaves=10
num_cat=0
split_feature=35 37 37 21 21 21 30 37 37
split_gain=0.914011 1.18056 0.916207 0.874233 0.827349 0.714024 0.568031 0.567737 1.00696
threshold=1.0000000180025095e-35 0.12171372630589532 0.14066195919246274 0.781202210460059 1.0083958708732224 1.0126592065780822 0.047181816317084159 0.029875317975141903 0.066663288623216466
decision_type=2 2 2 2 2 2 2 2 2
left_child=3 6 5 -1 -4 -3 -2 -5 -9
right_child=1 2 4 7 -6 -7 -8 8 -10
leaf_value=-0.00055525631447037006 -0.0016264578370502167 0.0018211180895662329 -0.00020889584638002863 -6.3176105992109125e-05 2.7831417113288545e-05 1.8845998855678148e-05 -0.00015251100081568883 0.00084866243959055994 0.00017526149715779173
leaf_weight=573.63204300403595 288.30432936549187 179.07539948821068 10678.356944739819 1577.0345086455345 13068.968964010477 193.38730531930923 189.28084087371826 1276.4874741137028 3099.4250030815601
leaf_count=913 454 272 16325 2403 19243 285 297 1906 4635
internal_value=-2.62165e-05 -8.23272e-05 -6.23443e-05 0.000183682 -7.82043e-05 0.000917159 -0.00106621 0.000256729 0.00037428
internal_weight=31124 24597.4 24119.8 6526.58 23747.3 372.463 477.585 5952.95 4375.91
internal_count=46733 36876 36125 9857 35568 557 751 8944 6541
is_linear=0
shrinkage=0.02


Tree=427
num_leaves=8
num_cat=0
split_feature=43 30 31 41 31 3 30
split_gain=0.964704 0.785102 0.951644 0.857554 0.717169 0.656856 0.5891
threshold=-0.6499999999999998 0.51826156997976192 2.0101229035110681 1.6904028216530347 1.8121661569716705 40.724490500856682 0.55200185707293403
decision_type=2 2 2 2 2 2 2
left_child=5 2 4 -4 -2 -1 -3
right_child=1 6 3 -5 -6 -7 -8
leaf_value=-0.0023491443735617762 -6.5728720870316217e-06 -0.0020370791296393832 0.0010139107990148027 -0.0013826860872656662 -0.00078414806233202184 -6.6830594848726898e-05 -0.00037360349229937989
leaf_weight=117.75820681452751 29304.561297386885 120.02142113447189 572.914840310812 61.582593977451324 480.92724096775055 103.60333278775215 362.58387926220894
leaf_count=172 43857 176 985 104 730 164 545
internal_value=-2.56854e-05 -1.58907e-05 -2.83733e-06 0.000761979 -1.95154e-05 -0.00133589 -0.000814636
internal_weight=31124 30902.6 30420 634.497 29785.5 221.362 482.605
internal_count=46733 46397 45676 1089 44587 336 721
is_linear=0
shrinkage=0.02


Tree=428
num_leaves=11
num_cat=0
split_feature=40 40 5 20 30 31 31 20 20 3
split_gain=0.843685 1.63933 0.881555 1.19517 0.868825 0.776901 0.678778 0.657051 0.641539 0.609982
threshold=0.15098232871244863 0.15707710447253001 48.68974077200474 2.3605514962651424 0.1987179096376426 2.0101229035110681 1.7944740141344451 0.011974398758002951 -1.0662990071510554 33.479143307169387
decision_type=2 2 2 2 2 2 2 2 2 2
left_child=5 7 3 -3 -4 6 9 -2 -8 -1
right_child=1 2 4 -5 -6 -7 8 -9 -10 -11
leaf_value=0.00020254656870659726 -0.0029400657439261997 9.5019424477055359e-05 -0.00042859978492734908 -0.00085915148891086541 -0.0020893330103374502 0.00073259116307189257 0.00037495358588371885 -0.00068624468121289775 -0.0011975072457631655 -3.4703865001523781e-05
leaf_weight=5561.2479850053787 120.10957282781601 3315.3273105919361 648.68024331331253 620.16409540176392 163.6599272787571 595.96646931767464 134.53137883543968 117.484160810709 347.6535336971283 19499.128135561943
leaf_count=8261 187 4989 983 919 258 1022 209 170 522 29213
internal_value=-2.52115e-05 -0.000263729 -0.000179864 -5.31614e-05 -0.000779773 1.99153e-05 2.83945e-06 -0.00188238 -0.000738395 1.75583e-05
internal_weight=31124 4985.43 4747.83 3935.49 812.34 26138.5 25542.6 237.594 482.185 25060.4
internal_count=46733 7506 7149 5908 1241 39227 38205 357 731 37474
is_linear=0
shrinkage=0.02


Tree=429
num_leaves=9
num_cat=0
split_feature=35 37 37 33 20 37 37 30
split_gain=0.866477 1.13863 0.878258 0.68158 0.622185 0.726916 0.918306 0.543632
threshold=1.0000000180025095e-35 0.12171372630589532 0.14066195919246274 -0.24999999999999992 1.4363014121761248 0.31901621467308994 0.22365605393160129 0.047181816317084159
decision_type=2 2 2 2 2 2 2 2
left_child=4 7 -3 -4 5 6 -1 -2
right_child=1 2 3 -5 -6 -7 -8 -9
leaf_value=4.8538801781013329e-05 -0.0015938357808917114 0.00089925721944813294 0.00019619724500635893 -0.00011767567256557745 0.0005628361305401278 -0.0013764600244851675 0.0012046560260555136 -0.00015037755914898009
leaf_weight=4753.6858334243298 288.30432936549187 372.46270480751991 3175.1834191083908 20572.142489641905 1350.2918185889721 130.93724343180656 291.66413339972496 189.28084087371826
leaf_count=7180 454 557 4609 30959 2035 203 439 297
internal_value=-2.47289e-05 -7.93697e-05 -5.97378e-05 -7.52746e-05 0.000179631 7.75578e-05 0.000117804 -0.00104562
internal_weight=31124 24597.4 24119.8 23747.3 6526.58 5176.29 5045.35 477.585
internal_count=46733 36876 36125 35568 9857 7822 7619 751
is_linear=0
shrinkage=0.02


Tree=430
num_leaves=11
num_cat=0
split_feature=17 37 37 22 0 37 8 42 45 26
split_gain=1.28511 1.74728 1.21747 1.42923 1.25529 0.89845 0.892331 0.754498 0.748517 0.706672
threshold=1.3671895912586012 0.066663288623216466 0.34515135326843288 -1.2764931726311286 35.189931661732352 0.0019896142343955505 4.5000000000000009 0.45000000000000007 2.1000000000000005 0.70714285714285718
decision_type=2 2 2 2 2 2 2 2 2 2
left_child=5 7 4 -4 -3 -1 9 8 -2 -7
right_child=1 2 3 -5 -6 6 -8 -9 -10 -11
leaf_value=-0.00093305839133084475 0.00055253830391175144 -0.0004239485504132516 -0.0004934536593527686 6.870394650297281e-05 0.00064210880947568186 0.00012034980153419243 -0.0016373117897847565 0.0013953013957751718 -0.00049237012334443363 0.00050505102750748095
leaf_weight=274.16716966032982 1145.6182517707348 6851.4420565962791 2189.2903383374214 10307.503485351801 463.37461686134338 6277.7453678548336 99.114223033189774 314.05747124552727 349.03959727287292 2811.9372042119503
leaf_count=463 1706 10395 3225 15347 661 9550 142 493 500 4197
internal_value=-9.77031e-06 -9.51528e-05 -0.000149881 -2.90425e-05 -0.000354893 0.000184228 0.000218849 0.000498288 0.000301513 0.000240544
internal_weight=31083.3 21620.3 19811.6 12496.8 7314.82 9462.96 9188.8 1808.72 1494.66 9089.68
internal_count=46679 32327 29628 18572 11056 14352 13889 2699 2206 13747
is_linear=0
shrinkage=0.02


Tree=431
num_leaves=11
num_cat=0
split_feature=20 3 44 3 0 0 6 27 16 47
split_gain=1.07503 1.27551 0.796629 0.711383 1.2358 1.91009 0.919725 1.05163 0.905521 0.596035
threshold=-5.4635888823289065 36.636139757336402 0.88207545555917133 34.217094344937173 33.874068686525696 32.696334984832667 4.5000000000000009 0.46014137395597837 1.9666666666666675 0.79191415168496082
decision_type=2 2 2 2 2 2 2 2 2 2
left_child=1 2 -1 4 5 -2 8 -8 -5 -3
right_child=3 9 -4 6 -6 -7 7 -9 -10 -11
leaf_value=0.0026010680023010901 0.00014465207101861931 -0.0013428617511922428 1.4129776642432783e-05 0.0010155689039504324 0.0023209469088474512 -0.0030671179450440155 0.00035298956999876201 -0.00072661145522168462 -5.6801975523692432e-05 0.00076255304604268422
leaf_weight=180.83914864063263 7433.5566357970238 97.256615906953812 75.055986016988754 317.13052397966385 101.24744921922684 72.59300222992897 450.63639003038406 1600.8839466869831 20642.781365811825 111.30871787667274
leaf_count=267 11114 164 109 492 126 105 682 2298 31142 180
internal_value=-9.56293e-06 0.000942806 0.00188707 -2.43967e-05 0.000142773 0.00011145 -8.01038e-05 -0.000484484 -4.00042e-05 -0.000175167
internal_weight=31083.3 464.46 255.895 30618.8 7607.4 7506.15 23011.4 2051.52 20959.9 208.565
internal_count=46679 720 376 45959 11345 11219 34614 2980 31634 344
is_linear=0
shrinkage=0.02


Tree=432
num_leaves=13
num_cat=0
split_feature=37 3 20 6 37 27 3 5 0 47 22 37
split_gain=1.0553 1.54419 2.2967 1.53719 1.45014 1.30404 0.980518 1.06505 0.826584 0.657765 0.595771 0.58608
threshold=0.072931893212283619 35.279934943205852 -5.4635888823289065 4.5000000000000009 0.12171372630589532 1.5412325332773358 37.213094455091856 49.047401646048208 33.874068686525696 0.61577668749163117 -0.35014163453846642 0.039562716055904307
decision_type=2 2 2 2 2 2 2 2 2 2 2 2
left_child=5 2 9 4 -3 6 11 -8 -4 -2 -5 -1
right_child=1 3 8 10 -6 -7 7 -9 -10 -11 -12 -13
leaf_value=-0.00036355623328401012 0.0035512507737243582 -0.00075989872967940149 0.00010218947261634179 -0.00026847519908037974 -4.2134633009446381e-05 -0.0019234378275670475 0.00088985826366767416 -0.00033007419209256839 0.0017216834934309345 0.00079039273586315481 -0.0010467163147695171 0.00051337322635390645
leaf_weight=802.85960730910301 98.42516615986824 1209.7383775115013 7881.9919155538082 729.5611115694046 16637.525939464569 96.642839252948761 1630.5185083448887 332.67857325077057 127.14030611515045 71.482672363519669 977.91212865710258 486.81263664364815
leaf_count=1190 145 1835 11751 1060 25140 148 2519 495 156 105 1418 717
internal_value=-9.34334e-06 -5.01619e-05 0.000180016 -0.000146957 -9.14267e-05 0.000325477 0.000396505 0.000677917 0.00012957 0.0024706 -0.000720746 -2.45174e-05
internal_weight=31083.3 27733.8 8179.04 19554.7 17847.3 3349.51 3252.87 1963.2 8009.13 169.908 1707.47 1289.67
internal_count=46679 41610 12157 29453 26975 5069 4921 3014 11907 250 2478 1907
is_linear=0
shrinkage=0.02


Tree=433
num_leaves=12
num_cat=0
split_feature=17 8 47 5 6 16 5 5 22 5 16
split_gain=1.17554 0.853868 0.737455 1.40236 0.835118 0.700313 0.698755 0.583971 0.570551 0.555478 0.535273
threshold=1.3671895912586012 4.5000000000000009 0.65307044170415884 44.18429903753637 6.5000000000000009 16.710000000000001 40.594485011730065 35.312819996854607 0.16149948798681721 41.060928416323286 18.060000000000006
decision_type=2 2 2 2 2 2 2 2 2 2 2
left_child=1 6 3 8 5 -4 7 -1 -2 -8 -6
right_child=2 -3 4 -5 10 -7 9 -9 -10 -11 -12
leaf_value=0.00022866608941675819 -0.00029961959965844008 -0.0016039051616915316 -9.0721348210723033e-05 0.0012664975389501515 -0.00042602998788793055 0.00021103774922613574 0.002049955569735635 -0.00016799450740798461 -0.0012045444030291739 0.00051825732518300969 -0.0018309133967295264
leaf_weight=6544.6895259320736 575.60312837362289 103.35967820882797 15437.620251387358 146.06067261099815 883.34370037913322 3829.3876885771751 113.6072361767292 1888.9410377442837 618.0276335477829 812.36648669838905 130.28274255990982
leaf_count=9914 848 148 23125 222 1271 5758 173 2881 914 1236 189
internal_value=-9.15282e-06 0.000176376 -9.08279e-05 -0.000545873 -6.02248e-05 -3.0211e-05 0.000197443 0.000138619 -0.000777759 0.00072097 -0.000619698
internal_weight=31083.3 9462.96 21620.3 1339.69 20280.6 19267 9359.6 8433.63 1193.63 925.974 1013.63
internal_count=46679 14352 32327 1984 30343 28883 14204 12795 1762 1409 1460
is_linear=0
shrinkage=0.02


Tree=434
num_leaves=11
num_cat=0
split_feature=20 3 22 15 44 16 44 16 44 42
split_gain=0.990671 1.18737 1.66978 0.659427 1.47295 1.1952 1.06385 1.05404 1.04012 0.960967
threshold=-5.4635888823289065 36.636139757336402 -1.3220172473511795 8.0515061850787646 1.609582535807186 11.167500000000004 1.2738040056595539 10.200000000000005 1.3055232553441456 1.0000000180025095e-35
decision_type=2 2 2 2 2 2 2 2 2 2
left_child=1 2 -1 4 5 -2 7 -5 -8 -6
right_child=3 -3 -4 6 9 -7 8 -9 -10 -11
leaf_value=-0.0005657379292734238 0.00010817134069770385 -0.00017194697504785308 0.0028610263309680889 -0.00067001653202683519 0.0011117401789589633 0.0013907448707871915 0.0011579612712456593 -7.5155084754755536e-05 -3.5794883472496681e-05 -0.00087005368222477838
leaf_weight=75.361627548933029 12321.29739049077 208.56533378362656 180.53350710868835 2281.8558501303196 103.82372722029686 297.44467678666115 297.24968436360359 2581.7087531685829 11832.955103814602 902.49412778019905
leaf_count=112 18432 344 264 3473 174 458 431 3894 17577 1520
internal_value=-8.97794e-06 0.000905244 0.0018165 -2.32307e-05 8.00003e-05 0.000139412 -0.000106586 -0.000356464 -5.53167e-06 -0.000653871
internal_weight=31083.3 464.46 255.895 30618.8 13625.1 12618.7 16993.8 4863.56 12130.2 1006.32
internal_count=46679 720 376 45959 20584 18890 25375 7367 18008 1694
is_linear=0
shrinkage=0.02


Tree=435
num_leaves=14
num_cat=0
split_feature=46 44 44 44 22 46 44 22 19 19 44 44 44
split_gain=1.07719 1.33974 2.07568 0.84132 0.817958 1.36513 1.28906 1.18652 0.998447 0.936655 0.786899 0.692573 0.596896
threshold=0.88194444444444453 1.1287451633546577 1.0621988150182358 0.4679616644461797 -0.87612742463264748 0.95000000000000007 0.98260639006445849 -0.67912204110939178 -1.1030504684291387 1.1659408786102772 1.0559463931665924 1.2137459240334147 1.393852240546426
decision_type=2 2 2 2 2 2 2 2 2 2 2 2 2
left_child=1 2 3 -1 5 6 -2 8 -6 -7 -9 -3 -13
right_child=4 11 -4 -5 7 9 -8 10 -10 -11 -12 12 -14
leaf_value=0.00019230557890278924 0.0019850037613157599 -0.0023651287843785853 0.0019420418864925541 -0.00028352315224185464 -0.00026616548627741456 -0.00029811608203663895 -0.00028754886293257603 -0.00021310142980608546 0.0011791682985180403 0.00074621093408430456 0.00016068092988038476 0.0001061742969676916 -0.0015177409956172946
leaf_weight=1866.9485676288605 223.65654584765434 149.65846180915833 185.53756186366081 6897.6753957569599 242.89377960562706 4996.9665150642395 166.11475411057472 2735.2010493576527 738.16271996498108 362.20863479375839 12323.253862947226 173.12480208277702 166.04219153523445
leaf_count=2819 326 242 286 10211 371 7400 251 4150 1103 577 18516 284 309
internal_value=-1.38308e-05 -0.000192538 -0.000135454 -0.000181006 6.31386e-05 -0.000140656 0.000994427 0.000136815 0.000811341 -0.000225416 9.21042e-05 -0.00121253 -0.000663753
internal_weight=31227.4 9438.99 8950.16 8764.62 21788.5 5748.95 389.771 16039.5 981.056 5359.18 15058.5 488.825 339.167
internal_count=46845 14151 13316 13030 32694 8554 577 24140 1474 7977 22666 835 593
is_linear=0
shrinkage=0.02


Tree=436
num_leaves=9
num_cat=0
split_feature=25 47 15 47 50 32 47 47
split_gain=0.808848 0.69448 0.917976 0.774571 0.685391 0.612575 0.594421 0.578797
threshold=2.7083333333333335 1.1231627425856459 3.5150753772193783 1.1096378355122363 0.2609813756014101 0.95000000000000007 2.0576338583835665 1.9101412102599107
decision_type=2 2 2 2 2 2 2 2
left_child=1 2 5 -4 6 -1 -3 -2
right_child=7 4 3 -5 -6 -7 -8 -9
leaf_value=0.00021706533723283829 0.0026573369492340054 0.00023273784520685484 -0.00015162433767445418 -0.0013365665426917815 -0.0001655382589305436 0.0015748666184325951 -5.0158373814623708e-05 1.3078386513256912e-05
leaf_weight=981.46283414959908 75.489331603050232 8574.5889868438244 12749.146255195141 225.14017781615257 3926.2884376943111 157.92579394578934 4465.8951298594475 71.507895261049271
leaf_count=1541 103 12820 19061 338 5882 255 6744 101
internal_value=-1.35464e-05 -2.09096e-05 -0.0001248 -0.00017316 6.49259e-05 0.000416455 0.000135097 0.00145557
internal_weight=31227.4 31080.4 14113.7 12974.3 16966.8 1139.39 13040.5 146.997
internal_count=46845 46641 21195 19399 25446 1796 19564 204
is_linear=0
shrinkage=0.02


Tree=437
num_leaves=14
num_cat=0
split_feature=46 47 15 19 19 44 1 44 44 16 16 44 15
split_gain=1.01673 1.29876 2.90197 1.91413 1.34584 1.54188 1.33387 1.28899 1.99435 0.887877 0.833991 0.596199 0.561942
threshold=0.88194444444444453 0.82523905160218314 8.5058052121527599 0.56275560353548582 0.5030799570293355 1.0559463931665924 37.870833333333337 1.1287451633546577 1.0621988150182358 11.245000000000003 8.4633333333333365 1.2284663464653351 9.1120499043407737
decision_type=2 2 2 2 2 2 2 2 2 2 2 2 2
left_child=7 2 3 -2 6 -6 -3 8 9 -1 -9 -12 -4
right_child=1 4 12 -5 5 -7 -8 10 -10 -11 11 -13 -14
leaf_value=-0.00023556073450824446 0.002196970167795867 -7.8447598214628227e-05 -0.0025950070128705864 -0.00024207806369720914 -0.00037566684552664781 0.00034370876306408059 -0.0018956560038176282 -0.00061793297672992314 0.0019054739718465451 0.00050412786888574834 -0.0039335458660888917 -0.0010460285756633079 -0.0003521966524792515
leaf_weight=8068.2151254415512 465.62125703692436 12214.977264434099 64.08645111322403 167.33326137065887 1417.4992164969444 7110.9784152507782 162.38422018289566 348.56551933288574 185.53756186366081 696.40883794426918 65.626679211854935 74.633256882429123 185.57777580618858
leaf_count=11989 685 18074 95 258 2180 10863 247 610 286 1041 102 123 292
internal_value=-1.32588e-05 6.15097e-05 0.000812552 0.00153768 2.92486e-05 0.000222911 -0.000103399 -0.000186886 -0.000130872 -0.000175545 -0.00118739 -0.00250368 -0.000983688
internal_weight=31227.4 21788.5 882.619 632.955 20905.8 8528.48 12377.4 9438.99 8950.16 8764.62 488.825 140.26 249.664
internal_count=46845 32694 1330 943 31364 13043 18321 14151 13316 13030 835 225 387
is_linear=0
shrinkage=0.02


Tree=438
num_leaves=14
num_cat=0
split_feature=46 44 44 50 19 19 19 46 46 15 19 44 44
split_gain=0.976359 1.24096 1.91622 0.821613 1.22298 1.1578 1.00021 1.1373 0.901123 0.815001 0.702558 0.648995 1.26269
threshold=0.88194444444444453 1.1287451633546577 1.0621988150182358 0.2609813756014101 0.333719050704401 2.0919257983981461 1.4991051384839535 0.95000000000000007 1.0500000000000003 4.2143540484863768 0.12678672102398011 1.2589762400254281 1.3206801732669631
decision_type=2 2 2 2 2 2 2 2 2 2 2 2 2
left_child=1 2 9 6 10 -6 7 -2 -8 -1 -5 -3 -13
right_child=3 11 -4 4 5 -7 8 -9 -10 -11 -12 12 -14
leaf_value=0.00021356661238535607 0.00063810462294166257 -0.0020239137987037056 0.0018677709144931337 -0.00041406925949358806 0.00035660020043126587 -0.000548848316790472 -0.00023564701862949258 4.5836117022820323e-06 0.00067749644800957506 -0.00026825845476278793 -0.0015511332777945442 0.0019585699617380822 -0.0012189086986133804
leaf_weight=1729.5591209232807 1238.41391903162 207.71796733140945 185.53756186366081 1474.6542978286743 1882.5051591396332 800.55649435520172 527.93991857767105 13548.771156489849 2049.3011625111103 7035.0648424625397 266.31575375795364 61.007172971963882 220.10031512379646
leaf_count=2625 1839 330 286 2151 2839 1257 812 20201 3201 10405 394 98 407
internal_value=-1.30339e-05 -0.000183184 -0.000128201 6.02281e-05 -0.000182126 8.25058e-05 0.000122564 5.83957e-05 0.000486527 -0.00017201 -0.000595323 -0.00116491 -0.000485032
internal_weight=31227.4 9438.99 8950.16 21788.5 4424.03 2683.06 17364.4 14787.2 2577.24 8764.62 1740.97 488.825 281.107
internal_count=46845 14151 13316 32694 6641 4096 26053 22040 4013 13030 2545 835 505
is_linear=0
shrinkage=0.02


Tree=439
num_leaves=12
num_cat=0
split_feature=19 47 1 47 1 47 1 47 15 47 47
split_gain=0.792893 1.35155 0.999751 0.850219 0.75898 0.743496 0.649332 0.611999 2.09769 1.46645 0.59792
threshold=0.71167741989899735 1.1533392525971276 37.870833333333337 0.74456482890770959 37.870833333333337 0.65307044170415884 25.250333333333337 2.0576338583835665 16.781763474973737 2.428645416826912 0.80551340303937724
decision_type=2 2 2 2 2 2 2 2 2 2 2
left_child=2 3 7 5 6 -2 -3 8 -1 -9 -5
right_child=1 4 -4 10 -6 -7 -8 9 -10 -11 -12
leaf_value=-5.9366265416737288e-05 -3.9955884227575653e-05 0.00073321621768516717 -0.0014138652821680073 -0.0011561571213086392 0.0010238761230840351 0.00079639839116417898 0.00014716343669584633 -0.00081990186918171667 0.0011700518827082655 -1.238932253174023e-05 -0.00024770962045131195
leaf_weight=15689.01892220974 1833.0314977765083 935.57842335104942 223.06592550873756 346.31895896792412 577.83434325456619 544.25190767645836 4346.4139828085899 1379.1219283342361 573.27809882164001 2654.6269936263561 2124.9038600325584
leaf_count=23388 2738 1418 341 522 885 824 6701 2038 826 3933 3231
internal_value=-1.27675e-05 0.000126345 -8.5859e-05 -0.000119132 0.000331135 0.000147823 0.000253099 -7.06329e-05 -1.52735e-05 -0.000291222 -0.000379895
internal_weight=31227.4 10708.3 20519.1 4848.51 5859.83 2377.28 5281.99 20296 16262.3 4033.75 2471.22
internal_count=46845 16319 30526 7315 9004 3562 8119 30185 24214 5971 3753
is_linear=0
shrinkage=0.02


Tree=440
num_leaves=12
num_cat=0
split_feature=37 3 37 37 3 3 37 17 17 17 17
split_gain=0.846785 1.34581 1.01275 0.951567 0.920239 0.861889 0.811935 0.669203 1.20347 0.72893 0.594343
threshold=0.066663288623216466 37.213094455091856 0.12171372630589532 0.063324314107136112 43.107924691455686 27.341932935480788 0.0019896142343955505 2.4382291245365848 1.5966163094165002 2.6157914733968703 3.1460438255793721
decision_type=2 2 2 2 2 2 2 2 2 2 2
left_child=1 6 5 4 -3 -2 -1 8 -4 -9 -7
right_child=2 3 7 -5 -6 10 -8 9 -10 -11 -12
leaf_value=-0.0013782625964365409 0.0011555446178015958 0.0010062496914669014 -0.0001202423057281732 0.0027351708762123898 8.678504575918117e-05 -0.00051713607930584657 0 -0.00063533518807151496 0.00020760209124091942 -0.00010823692041967599 -0.0021680124776143925
leaf_weight=205.48106905817986 112.50831639766693 810.00986364483833 10025.139788806438 80.744308322668076 996.76256066560745 1846.0799089372158 1019.767312169075 1272.2499557435513 8076.5865961611271 6440.4281941056252 94.725764244794846
leaf_count=314 179 1226 15161 129 1525 2789 1490 1916 12183 9426 135
internal_value=-3.97064e-05 0.000272357 -7.49391e-05 0.000608665 0.000505184 -0.000502644 -0.00023773 -4.04952e-05 2.5489e-05 -0.000196623 -0.000605007
internal_weight=30980.5 3112.77 27867.7 1887.52 1806.77 2053.31 1225.25 25814.4 18101.7 7712.68 1940.81
internal_count=46473 4684 41789 2880 2751 3103 1804 38686 27344 11342 2924
is_linear=0
shrinkage=0.02


Tree=441
num_leaves=8
num_cat=0
split_feature=33 17 1 3 24 17 5
split_gain=1.09542 1.1043 2.59095 1.47501 1.01222 0.581887 0.54092
threshold=0.19999999999999998 2.4509401094688426 32.221666666666671 39.989632325138629 0.7399929903377821 1.8899013283980832 41.902275841696429
decision_type=2 2 2 2 2 2 2
left_child=1 2 4 -3 -1 -4 -5
right_child=-2 3 5 6 -6 -7 -8
leaf_value=-9.4434248888983314e-05 -0.00013321342424455011 -0.0025801095383883362 0.0004899378260440709 -0.001375038892341881 0.00037484940507627809 0.0018209502918650475 -4.9940914769613004e-05
leaf_weight=3725.2395009994507 19057.86931848526 96.696573972702026 216.54340791702271 126.63750648498535 3579.3692883253098 471.64993193745613 3706.4781101346016
leaf_count=5464 28830 132 344 178 5235 744 5546
internal_value=-3.89157e-05 0.000110974 0.000246418 -0.000161944 0.000134193 0.00141926 -9.70209e-05
internal_weight=30980.5 11922.6 7992.8 3929.81 7304.61 688.193 3833.12
internal_count=46473 17643 11787 5856 10699 1088 5724
is_linear=0
shrinkage=0.02


Tree=442
num_leaves=12
num_cat=0
split_feature=37 3 37 37 3 24 3 24 18 3 37
split_gain=0.811553 1.29403 0.974618 0.914651 0.882101 0.854657 0.828893 0.854156 0.809407 0.794766 0.572576
threshold=0.066663288623216466 37.213094455091856 0.12171372630589532 0.063324314107136112 43.107924691455686 0.26897687646764573 27.341932935480788 0.57462165755400429 0.73322595998167139 44.29695505062039 0.059507160850505558
decision_type=2 2 2 2 2 2 2 2 2 2 2
left_child=1 8 6 4 -3 -4 -2 -8 -1 -7 -10
right_child=2 3 5 -5 -6 9 7 -9 10 -11 -12
leaf_value=0.0015520605367375974 0.0011333712681297354 0.00098617207052914633 -0.00057291931269148986 0.0026825597208569234 8.5682310038298268e-05 7.0373111854817372e-05 -2.2345117062282662e-05 -0.00090946798185030935 -0.0005198733348446427 -0.00016654710274377303 0.0011441402576684927
leaf_weight=89.898360550403595 112.50831639766693 810.00986364483833 1144.2551581859589 80.744308322668076 996.76256066560745 15881.840727329254 705.11013707518578 1235.6955361068249 1050.7575392127037 8788.3086493015289 84.592481464147568
leaf_count=137 179 1226 2007 129 1525 23434 1093 1831 1542 13245 125
internal_value=-3.81458e-05 0.000267349 -7.26445e-05 0.00059715 0.000495561 -3.8848e-05 -0.000492219 -0.000592671 -0.000232711 -1.36269e-05 -0.000385305
internal_weight=30980.5 3112.77 27867.7 1887.52 1806.77 25814.4 2053.31 1940.81 1225.25 24670.1 1135.35
internal_count=46473 4684 41789 2880 2751 38686 3103 2924 1804 36679 1667
is_linear=0
shrinkage=0.02


Tree=443
num_leaves=11
num_cat=0
split_feature=37 17 5 5 40 1 37 17 17 17
split_gain=0.780744 1.1658 0.948524 1.761 1.18759 0.945746 0.817888 0.84094 0.717471 0.695492
threshold=0.066663288623216466 3.1710963448222889 47.793724775764922 40.594485011730065 -0.0088360410458924992 9.8836666666666684 0.12171372630589532 1.0664121730024358 0.8602729135868844 2.4382291245365848
decision_type=2 2 2 2 2 2 2 2 2 2
left_child=1 2 3 -1 -4 8 7 -7 -2 -8
right_child=5 -3 4 -5 -6 6 9 -9 -10 -11
leaf_value=-3.4343950788071118e-05 -0.0021268784107138375 0.0023187706668729448 -4.2196041348440189e-05 0.001064565713597512 -0.0025248042060072497 0.00039221074060698946 3.974230568221269e-05 -0.00064496582964941899 0 -0.00018723246416076076
leaf_weight=1716.5865249633789 154.88517442345619 105.33329060673714 318.47042605280876 868.83022153377533 103.54465070366859 372.21469387412071 17874.407794237137 1638.371884226799 115.16082778573036 7712.6781498491764
leaf_count=2581 227 140 468 1334 161 572 27002 2471 175 11342
internal_value=-3.73565e-05 0.000262271 0.000185427 0.000331618 -0.000683943 -7.11994e-05 -5.92471e-05 -0.000447788 -0.00124651 -2.82929e-05
internal_weight=30980.5 3112.77 3007.43 2585.42 422.015 27867.7 27597.7 2010.59 270.046 25587.1
internal_count=46473 4684 4544 3915 629 41789 41387 3043 402 38344
is_linear=0
shrinkage=0.02


Tree=444
num_leaves=7
num_cat=0
split_feature=22 24 24 17 17 17
split_gain=0.66317 0.713082 0.955045 0.762326 0.502225 0.550928
threshold=4.3947881385553531 0.32521006026116789 0.33749703048309221 2.385905085190386 0.8101569074637166 0.75363158188266033
decision_type=2 2 2 2 2 2
left_child=1 4 -3 -4 5 -1
right_child=-2 2 3 -5 -6 -7
leaf_value=-0.00054778144166618714 -0.0015678920373873545 0.0012724984875343557 5.7674937268367448e-05 -0.00016474311798311586 -0.0001843900324317193 -0.0021617334140614296
leaf_weight=503.1242872774601 110.98125714063644 230.91541528701782 19184.096528202295 9067.7982850074768 1773.5526434183121 110.01522192358971
leaf_count=801 179 360 28568 13323 3062 180
internal_value=-3.66216e-05 -3.06912e-05 -2.50117e-06 -1.33656e-05 -0.000362642 -0.000859715
internal_weight=30980.5 30869.5 28482.8 28251.9 2386.69 613.14
internal_count=46473 46294 42251 41891 4043 981
is_linear=0
shrinkage=0.02


Tree=445
num_leaves=9
num_cat=0
split_feature=30 20 50 13 15 20 14 14
split_gain=1.15278 0.834021 0.815536 0.674264 0.856212 0.623335 0.569289 0.76689
threshold=-0.40518342287928805 -2.7459554000561517 -0.10174408593245894 3.1319292087172745 8.1849137926634601 0.011974398758002951 15.500000000000002 14.500000000000002
decision_type=2 2 2 2 2 2 2 2
left_child=1 -1 5 6 -5 -3 7 -2
right_child=3 2 -4 4 -6 -7 -8 -9
leaf_value=0.00095607983846175085 5.0351515874810947e-05 -0.0027562465777616163 -0.00039673038481532157 0 -0.0018076409625918518 -0.00061677247688858485 0.0014884025786192209 -0.0015650620198775585
leaf_weight=90.36277049779892 29865.425593882799 149.61242762207985 372.51243352890015 236.94825917482376 176.41225853562355 109.37611350417137 107.97492301464081 115.67812302708626
leaf_count=149 44737 224 565 434 319 164 147 160
internal_value=1.89097e-05 -0.000769274 -0.00103418 3.79397e-05 -0.000760913 -0.00190267 4.92965e-05 4.36812e-05
internal_weight=31224.3 721.864 631.501 30502.4 413.361 258.989 30089.1 29981.1
internal_count=46899 1102 953 45797 753 388 45044 44897
is_linear=0
shrinkage=0.02


Tree=446
num_leaves=12
num_cat=0
split_feature=30 27 27 21 40 15 14 23 15 15 15
split_gain=1.10834 1.1606 1.19443 1.17187 0.70422 1.32616 1.19547 1.08684 0.963145 0.722003 0.703149
threshold=-0.40518342287928805 0.90663218310748972 0.82222921001351501 0.91440759587922915 0.15098232871244863 5.7036018366011856 10.500000000000002 1.3188623361044811 6.5344204487322051 15.99009934012865 5.2097913723388798
decision_type=2 2 2 2 2 2 2 2 2 2 2
left_child=1 2 3 -1 8 7 -7 -6 10 -10 -2
right_child=4 -3 -4 -5 5 6 -8 -9 9 -11 -12
leaf_value=0.0016560299957289724 8.7788525608932199e-05 -0.0015380331700874023 0.0021423599970003134 -0.0013426246451319996 -0.00040024917577889267 0.00019808275189297681 -0.00055219732557630164 -0.0019839173277391483 -6.2671351660229592e-05 0.00027421195146500179 0.00046676455780253224
leaf_weight=65.383097410202026 4413.0099170804024 368.1565563082695 82.413961321115494 205.91013011336327 585.27431806921959 2777.7890837490559 1219.1299204826355 259.89031171798706 14526.065012425184 3082.2260445952415 3639.0545495152473
leaf_count=102 6790 572 125 303 889 4231 1770 420 21711 4521 5465
internal_value=1.85105e-05 -0.00075432 3.73573e-05 -0.000576512 3.71762e-05 -0.000183379 -2.84268e-05 -0.000902569 7.91954e-05 -3.10965e-06 0.000260378
internal_weight=31224.3 721.864 353.707 271.293 30502.4 4842.08 3996.92 845.165 25660.4 17608.3 8052.06
internal_count=46899 1102 530 405 45797 7310 6001 1309 38487 26232 12255
is_linear=0
shrinkage=0.02


Tree=447
num_leaves=12
num_cat=0
split_feature=30 12 20 12 20 40 12 12 21 21 15
split_gain=1.06355 0.888288 0.789172 0.915679 0.766548 0.723538 1.2273 1.17939 0.678543 0.866458 0.565407
threshold=-0.40518342287928805 18.425003975886025 -2.7459554000561517 17.795373015678354 0.67498699484882618 0.15398866870584763 18.455846247170903 20.355079131834227 0.98886257615790862 1.0346345491695019 3.8944811375901822
decision_type=2 2 2 2 2 2 2 2 2 2 2
left_child=2 8 -1 -4 -5 6 -3 -7 10 -10 -2
right_child=1 5 3 4 -6 7 -8 -9 9 -11 -12
leaf_value=0.00093830212943674042 0.00036137033066092699 0.0013671838790188773 0.00071300120156789811 -0.0018079900581912645 -6.4198737502582412e-05 -0.00025368909385496094 0.00014916539627933794 0.001877749626338316 0.00027049154206834039 -0.00016203301162078993 -0.0003813786233220373
leaf_weight=90.36277049779892 444.25488755106926 338.67139482498169 97.069152742624283 380.84487149119377 153.58695042133331 2723.7906267344952 15433.95437592268 105.15332615375519 3124.2860551178455 4536.5254642963409 3795.8030270338058
leaf_count=149 690 467 144 581 228 4132 23219 155 4697 6692 5745
internal_value=1.81325e-05 3.64235e-05 -0.000738906 -0.000996892 -0.0013276 0.000122986 0.000176123 -0.000169659 -9.80347e-05 1.30818e-05 -0.000301066
internal_weight=31224.3 30502.4 721.864 631.501 534.432 18601.6 15772.6 2828.94 11900.9 7660.81 4240.06
internal_count=46899 45797 1102 953 809 27973 23686 4287 17824 11389 6435
is_linear=0
shrinkage=0.02


Tree=448
num_leaves=13
num_cat=0
split_feature=30 27 27 12 27 12 40 13 12 13 50 19
split_gain=1.02077 1.10876 1.14786 0.853151 0.999909 1.12675 0.92547 0.818847 0.784441 0.648832 0.540086 0.515633
threshold=-0.40518342287928805 0.90663218310748972 0.82222921001351501 18.425003975886025 1.6037345096879736 18.559911241264778 0.4485431038708948 3.2076197387518142 18.920658179169489 2.7792027348220318 -0.11193395413787668 1.1234778772925245
decision_type=2 2 2 2 2 2 2 2 2 2 2 2
left_child=1 2 -1 7 6 -6 -5 9 10 -2 -3 -9
right_child=3 8 -4 4 5 -7 -8 11 -10 -11 -12 -13
leaf_value=-0.0005516326369546593 -9.4913415270434661e-05 -0.0017858766561274708 0.0021128945383178548 0.00017429481660613953 0.0015639023127596158 -0.00072599648199886955 -0.00098508450677252846 -0.0022709825536228519 -0.0026737947817283949 0.0010607574723242462 0.00010455429384666434 0
leaf_weight=271.29322752356529 11530.497400343418 99.2811419069767 82.413961321115494 17350.2605689466 90.942117124795914 884.87628921866417 275.4907483458519 110.10375860333443 141.69472014904022 194.49805238842964 127.18069425225258 65.770222663879395
leaf_count=405 17199 156 125 26166 131 1260 416 187 208 319 208 119
internal_value=1.77801e-05 -0.000723864 4.94798e-05 3.57059e-05 0.000120544 -0.000499599 0.000155497 -9.60569e-05 -0.00149012 -7.47124e-05 -0.000688821 -0.00144597
internal_weight=31224.3 721.864 353.707 30502.4 18601.6 975.818 17625.8 11900.9 368.157 11725 226.462 175.874
internal_count=46899 1102 530 45797 27973 1391 26582 17824 572 17518 364 306
is_linear=0
shrinkage=0.02


Tree=449
num_leaves=11
num_cat=0
split_feature=30 12 13 20 12 20 40 12 12 13
split_gain=0.980728 0.819386 0.787299 0.758614 0.870708 0.732539 0.685035 1.17575 1.13652 0.624821
threshold=-0.40518342287928805 18.425003975886025 3.2076197387518142 -2.7459554000561517 17.795373015678354 0.67498699484882618 0.15398866870584763 18.455846247170903 20.355079131834227 2.4351821110690635
decision_type=2 2 2 2 2 2 2 2 2 2
left_child=3 2 9 -1 -5 -6 7 -3 -8 -2
right_child=1 6 -4 4 5 -7 8 -9 -10 -11
leaf_value=0.00093447068346783773 -0.00010754208774413696 0.0013356286959648176 -0.0014178599493076102 0.00070331443441316399 -0.001754969802406386 -4.9600055067415952e-05 -0.00024914474638570739 0.00014343836252078015 0.0018430484036462819 0.0005582407854969986
leaf_weight=90.36277049779892 11136.757438451052 338.67139482498169 175.87398126721382 97.069152742624283 380.84487149119377 153.58695042133331 2723.7906267344952 15433.95437592268 105.15332615375519 588.23801428079605
leaf_count=149 16602 467 306 144 581 228 4132 23219 155 916
internal_value=1.73984e-05 3.49752e-05 -9.41446e-05 -0.000709541 -0.000962779 -0.00128553 0.000118122 0.000169837 -0.000166597 -7.31978e-05
internal_weight=31224.3 30502.4 11900.9 721.864 631.501 534.432 18601.6 15772.6 2828.94 11725
internal_count=46899 45797 17824 1102 953 809 27973 23686 4287 17518
is_linear=0
shrinkage=0.02


Tree=450
num_leaves=11
num_cat=0
split_feature=21 17 3 30 12 12 21 3 20 30
split_gain=1.07575 1.64313 0.957015 0.937778 0.844991 1.43945 1.02372 0.790122 0.682002 0.647301
threshold=1.1231732712077624 2.8354200557877207 33.592570785228702 0.51826156997976192 18.425003975886025 18.520236108624964 0.79880955293244094 23.133593429749038 2.0724711764977646 0.55200185707293403
decision_type=2 2 2 2 2 2 2 2 2 2
left_child=3 2 7 4 6 -6 -1 -2 -4 -5
right_child=1 -3 8 9 5 -7 -8 -9 -10 -11
leaf_value=-0.0007772059033542614 -0.0010082131609525148 0.0023283775553313581 -0.00026549484619074266 -0.0025421004690534608 0.0007190009993609819 -3.5489716763469709e-05 -0.00014339102586271286 0.00069054081286694044 0.00026893195669410391 -0.00056599824966606978
leaf_weight=1163.4357195198536 111.82470193505287 142.00224578380585 2037.7976863980293 91.183329254388809 1087.0671955645084 14066.578437745571 8890.5294844508171 1499.9491521418095 1790.7369877696037 316.83799821138382
leaf_count=1786 186 195 2976 135 1508 21451 13270 2222 2634 461
internal_value=-3.64176e-05 0.000214576 0.000156729 -9.15184e-05 -7.56514e-05 1.80626e-05 -0.00021787 0.000565381 -1.29046e-05 -0.00104225
internal_weight=31197.9 5582.31 5440.31 25615.6 25207.6 15153.6 10054 1611.77 3828.53 408.021
internal_count=46824 8213 8018 38611 38015 22959 15056 2408 5610 596
is_linear=0
shrinkage=0.02


Tree=451
num_leaves=15
num_cat=0
split_feature=0 0 6 2 31 2 20 20 6 0 34 12 2 12
split_gain=0.989959 1.32503 1.55912 1.66275 1.40698 1.27051 1.47984 1.29241 1.05503 0.931313 0.887615 0.786044 0.657538 0.61562
threshold=25.676347205849449 27.006326776640442 1.5000000000000002 30.876166666666673 1.2448606937639328 24.460833333333337 2.1134401512977949 2.888074482782049 4.5000000000000009 20.120554708034959 0.22110785003229727 19.603966622316978 29.880833333333339 18.392780740155953
decision_type=2 2 2 2 2 2 2 2 2 2 2 2 2 2
left_child=5 8 3 -3 -4 6 10 11 12 -8 -1 -7 -2 -9
right_child=1 2 4 -5 -6 7 9 13 -10 -11 -12 -13 -14 -15
leaf_value=-0.00035066003984429511 -0.00034437372563758922 0.0001524269006589358 0.00010843051134945473 -0.0010781982302929501 -0.00049806397348826003 0.00075067903368084053 0.00016401578957705041 -0.0023904485116333384 -0.0021686929546183486 0.00099562996800867023 2.4355813590571917e-05 -0.00023344709243361791 -0.0015887730980210968 -0.00014511660253923732
leaf_weight=3921.7999469935894 1585.6979277729988 683.32248502969742 9367.8144869506359 1162.9918288886547 1825.9132971167564 2125.8762826919556 1813.9671172201633 76.271423876285553 166.95959067344666 789.55785483121872 6956.6856410801411 364.87014684081078 196.48182621598244 159.73308259248734
leaf_count=6151 2361 980 13836 1697 2713 3442 2715 115 244 1148 10229 569 367 257
internal_value=-3.57038e-05 -0.000153063 -7.94411e-05 -0.00061766 8.53504e-06 7.2214e-05 -6.71087e-06 0.00046583 -0.000639896 0.000420624 -0.000109962 0.000602431 -0.000488798 -0.000926764
internal_weight=31197.9 14989.2 13040 1846.31 11193.7 16208.8 13482 2726.75 1949.14 2603.52 10878.5 2490.75 1782.18 236.005
internal_count=46824 22198 19226 2677 16549 24626 20243 4383 2972 3863 16380 4011 2728 372
is_linear=0
shrinkage=0.02


Tree=452
num_leaves=13
num_cat=0
split_feature=21 17 17 33 17 17 6 12 12 6 17 17
split_gain=1.01875 0.852171 1.85039 0.80865 1.20676 0.945571 0.872565 0.902381 0.624647 0.61988 0.676778 0.593373
threshold=1.1597396405120375 2.4509401094688426 2.7721022455624182 1.0500000000000003 3.1345314681120846 2.2196071249077698 5.5000000000000009 17.452956489289271 19.96118791700864 1.5000000000000002 1.5539728419983085 2.5236378365787364
decision_type=2 2 2 2 2 2 2 2 2 2 2 2
left_child=3 9 11 6 5 -5 8 -8 -1 10 -2 -3
right_child=1 2 -4 4 -6 -7 7 -9 -10 -11 -12 -13
leaf_value=-4.0903666347454514e-05 0.00030537764708104273 -0.002979681439017568 0.0019587248445932324 -0.00021221586291692487 0.0011104146012889651 -0.001122190462215727 -0.0017583281467681425 -0.00030787572042320589 0.00039353151509220063 0.00024901590689632572 0.0018373747379384973 -0.00077231077017290962
leaf_weight=22185.833124220371 275.04953530430794 81.091116905212402 75.347590744495392 1115.2643869519234 174.26764908432961 815.61821612715721 198.53237971663475 1464.6206995844841 1404.0998353660107 3014.311926484108 225.07207208871841 168.83440619707108
leaf_count=33520 408 117 102 1739 242 1191 271 2150 2046 4473 321 244
internal_value=-3.5011e-05 0.000269388 -0.000696726 -7.81153e-05 -0.000455067 -0.000602533 -4.62623e-05 -0.000488927 -1.45905e-05 0.000361995 0.00101932 -0.00154618
internal_weight=31197.9 3839.71 325.273 27358.2 2105.15 1930.88 25253.1 1663.15 23589.9 3514.43 500.122 249.926
internal_count=46824 5665 463 41159 3172 2930 37987 2421 35566 5202 729 361
is_linear=0
shrinkage=0.02


Tree=453
num_leaves=7
num_cat=0
split_feature=30 52 0 0 1 30
split_gain=0.944622 0.940044 0.908538 1.27918 1.09307 0.866252
threshold=0.51826156997976192 1.0000000180025095e-35 25.676347205849449 28.935462777502966 27.158833333333337 0.55200185707293403
decision_type=2 2 2 2 2 2
left_child=1 -1 4 -4 -3 -2
right_child=5 2 3 -5 -6 -7
leaf_value=0.001690168982757754 -0.0024799994626505339 2.4060084072919667e-05 -0.00041733370706529703 -1.3652213514249432e-05 0.00060550149068035327 -0.00042045369760723624
leaf_weight=125.85952359437943 108.47377201914787 14512.320309579372 4605.2111190259457 10031.935700535774 1423.2882780432701 390.85423597693443
leaf_count=177 161 21825 7009 14689 2385 578
internal_value=-3.43125e-05 -1.99148e-05 -2.73919e-05 -0.000141383 7.66884e-05 -0.000895924
internal_weight=31197.9 30698.6 30572.8 14637.1 15935.6 499.328
internal_count=46824 46085 45908 21698 24210 739
is_linear=0
shrinkage=0.02


Tree=454
num_leaves=11
num_cat=0
split_feature=21 17 3 34 33 17 15 3 21 21
split_gain=0.981301 1.56921 0.904122 0.797751 0.767529 1.36425 0.824761 0.7598 0.673626 0.731259
threshold=1.1231732712077624 2.8354200557877207 33.592570785228702 1.1423733188740652 0.95000000000000007 3.2482120456780925 8.2323350979791723 23.133593429749038 0.77551839263782096 0.84322946832447399
decision_type=2 2 2 2 2 2 2 2 2 2
left_child=4 2 7 -4 8 6 -6 -2 -1 -10
right_child=1 -3 3 -5 5 -7 -8 -9 9 -11
leaf_value=-0.00040755862206557053 -0.00099602318952472075 0.0022717773083725822 6.79071545429737e-05 -0.00098706485007849995 6.5660197674519003e-06 0.0016796239282544354 -0.00073582259613675022 0.00066958769354817356 0.00041329586006602984 -4.7297383913195401e-05
leaf_weight=1904.7127589285374 111.82470193505287 142.00224578380585 3518.7579492926598 309.7767248749733 851.84758603572845 116.75047624111176 1820.4561104178429 1499.9491521418095 1480.4448147714138 19441.420418351889
leaf_count=2981 186 195 5153 457 1348 158 2697 2222 2264 29163
internal_value=-3.36275e-05 0.000206077 0.000149506 -1.53136e-05 -8.62677e-05 -0.000399828 -0.000495605 0.00054674 -4.74857e-05 -1.41912e-05
internal_weight=31197.9 5582.31 5440.31 3828.53 25615.6 2789.05 2672.3 1611.77 22826.6 20921.9
internal_count=46824 8213 8018 5610 38611 4203 4045 2408 34408 31427
is_linear=0
shrinkage=0.02


Tree=455
num_leaves=11
num_cat=0
split_feature=27 24 24 24 24 37 43 43 31 42
split_gain=1.01164 1.03857 0.954063 0.869025 1.1936 1.15776 0.819697 0.653936 0.638043 0.508325
threshold=1.0976203591846401 1.2871871826287744 0.8664984994745043 0.7399929903377821 1.1128454638082939 0.026528481770781206 1.5500000000000003 -0.34999999999999992 1.9536718764251282 0.15000000000000005
decision_type=2 2 2 2 2 2 2 2 2 2
left_child=1 2 6 -2 8 -6 -1 -4 -5 -3
right_child=3 9 7 4 5 -7 -8 -9 -10 -11
leaf_value=-5.5910921107631478e-05 0.0015855481815453662 0.0001271882216027347 -0.0011768526433565544 -0.00076986733209193406 -0.002003058928881276 -6.1142121148056829e-05 0.0014872996327722965 0.00030286763090376241 0.00052938426267405019 -0.0017373419955936319
leaf_weight=18379.59998139739 96.840447098016739 68.556955426931381 117.93441632390022 2060.0780910551548 124.65687775611877 4806.3384147882462 136.34212082624435 4937.4151389598846 152.47379758954048 199.23922482132912
leaf_count=27883 173 123 178 3007 193 7035 197 7290 227 366
internal_value=-5.484e-05 7.64313e-06 2.21805e-05 -0.000261893 -0.000288773 -0.000113054 -4.38481e-05 0.000265919 -0.000675419 -0.00122554
internal_weight=31079.5 23839.1 23571.3 7240.39 7143.55 4931 18515.9 5055.35 2212.55 267.796
internal_count=46672 36037 35548 10635 10462 7228 28080 7468 3234 489
is_linear=0
shrinkage=0.02


Tree=456
num_leaves=6
num_cat=0
split_feature=2 16 22 42 31
split_gain=0.824199 0.733013 0.647167 0.652819 0.559388
threshold=38.212750000000007 0.67749999999999988 4.3947881385553531 2.1500000000000008 1.1010114194654583
decision_type=2 2 2 2 2
left_child=1 -1 3 -3 -2
right_child=4 2 -4 -5 -6
leaf_value=0.0011221963209570032 -0.0014584384542861396 -3.7732669280250975e-05 -0.0015902965664548845 -0.0013634260288715777 0.00018565976373065331
leaf_weight=212.10166057944298 273.26941847801208 30235.818812996149 107.16384744644165 147.82876202464104 103.29296451807022
leaf_count=320 403 45427 173 196 153
internal_value=-5.37454e-05 -4.19663e-05 -5.04656e-05 -4.46011e-05 -0.00098244
internal_weight=31079.5 30702.9 30490.8 30383.6 376.562
internal_count=46672 46116 45796 45623 556
is_linear=0
shrinkage=0.02


Tree=457
num_leaves=14
num_cat=0
split_feature=26 50 22 50 24 18 18 22 24 24 22 17 50
split_gain=0.88657 1.95972 1.19878 1.25975 0.98412 1.15018 0.918623 0.807759 0.915598 1.31967 0.863249 1.58223 0.875984
threshold=1.4722222222222225 -0.38850524573445644 -0.46272223189977607 -0.48127319654465045 2.0065851873926817 1.8386781394047849 2.5846246064617793 2.3685179570228541 1.2440031697732465 1.1473520257630538 1.0047439746564419 3.3356991799618543 -0.35715467049321359
decision_type=2 2 2 2 2 2 2 2 2 2 2 2 2
left_child=7 2 -2 -4 5 -3 -6 10 9 -9 12 -12 -1
right_child=1 4 3 -5 6 -7 -8 8 -10 -11 11 -13 -14
leaf_value=0.00039259716722930089 0 0.0004228468979553784 -0.0012199566131434708 -0.0047808551569670978 -0.00030515349732482917 -0.00057701907513824004 0.0026041897140894384 -0.0004673654635630712 -0.0021432315969142652 0.0021126784352088978 0.00019665530283492408 0.0031715361515304756 -8.5047534159080345e-05
leaf_weight=1657.0372348725796 88.462581038475037 605.68528640270233 97.185859769582748 82.55842912197113 70.894003629684448 1792.5003056228161 90.369176775217056 1353.777753084898 119.50530195236206 81.192629218101501 5025.2614907026291 71.118484824895859 19943.926929026842
leaf_count=2509 130 913 143 119 111 2589 122 2089 193 123 7591 100 29940
internal_value=-5.2681e-05 -0.000390373 -0.00201483 -0.00294515 -0.0002148 -0.000320185 0.00127587 -1.8503e-05 -0.00046149 -0.000311687 6.94837e-06 0.000241358 -4.7911e-05
internal_weight=31079.5 2827.66 268.207 179.744 2559.45 2398.19 161.263 28251.8 1554.48 1434.97 26697.3 5096.38 21601
internal_count=46672 4127 392 262 3735 3502 233 42545 2405 2212 40140 7691 32449
is_linear=0
shrinkage=0.02


Tree=458
num_leaves=13
num_cat=0
split_feature=27 2 16 18 16 43 18 27 18 31 18 27
split_gain=0.948357 0.679021 0.824909 1.24279 0.787658 0.668152 1.1169 1.51406 1.01316 0.834837 0.813429 0.803087
threshold=1.0976203591846401 37.888750000000009 15.640000000000004 3.2451879410838638 15.860000000000005 0.25000000000000006 1.3585225893745632 1.1547815078696828 1.2887914082473964 0.82671119016184103 1.8300266887136902 1.1622744028977923
decision_type=2 2 2 2 2 2 2 2 2 2 2 2
left_child=1 2 3 -1 -4 6 8 -8 -2 11 -11 -7
right_child=5 -3 4 -5 -6 9 7 -9 -10 10 -12 -13
leaf_value=-1.0928828763981261e-05 0 -0.0011032459785381274 0.0019269018700680159 -0.0024766507304982937 0.00027548362587920819 0.0012836837051370593 -0.0019228445502425221 -0.00045203381707536745 0.0025274029500776517 0.00022298592478540245 -0.00055181053715176644 5.2202632424926182e-05
leaf_weight=21011.883362412453 315.36851313710213 215.30227383971214 122.34876072406769 80.153473705053329 2409.3999670743942 245.36997425556183 331.79901167750359 2019.3958667814732 75.289411246776581 736.76248216629028 1889.9123045504093 1626.4900644719601
leaf_count=31783 497 330 181 114 3629 357 486 3057 110 1054 2717 2357
internal_value=-5.16342e-05 8.85231e-06 1.95035e-05 -2.1007e-05 0.000360694 -0.000252115 -0.000499016 -0.000665301 0.000474601 -9.9252e-05 -0.000330677 0.000220164
internal_weight=31079.5 23839.1 23623.8 21092 2531.75 7240.39 2741.85 2351.19 390.658 4498.53 2626.67 1871.86
internal_count=46672 36037 35707 31897 3810 10635 4150 3543 607 6485 3771 2714
is_linear=0
shrinkage=0.02


Tree=459
num_leaves=13
num_cat=0
split_feature=27 24 24 17 24 18 43 43 24 50 24 50
split_gain=0.911543 1.45028 0.998158 1.50089 0.917512 1.24731 0.793129 0.774842 0.852122 0.662261 0.637279 0.516476
threshold=1.0833909904285275 1.2871871826287744 0.8664984994745043 0.94541243973027955 1.1128454638082939 1.9035491300731082 1.5500000000000003 0.25000000000000006 1.1401150446029436 0.035343504370914755 1.2238749436338643 -0.10174408593245894
decision_type=2 2 2 2 2 2 2 2 2 2 2 2
left_child=1 2 6 -4 5 -2 -1 10 -9 11 -6 -3
right_child=4 9 3 -5 7 -7 -8 8 -10 -11 -12 -13
leaf_value=-5.1793495897363317e-05 -3.334664754600197e-05 -0.001472919440954039 -0.0012975684498933971 0.00036095635346784018 0.00018395388567056447 -0.00094575108737241247 0.0014663370837271323 0.0013773104514932276 1.4726231641991024e-05 -0.0029009958943997127 -0.00064252728156343169 0.00080413463256335084
leaf_weight=18330.532735109329 1077.0143026709557 107.28898221254349 224.81890299916267 4642.3334210813046 494.15114042162895 1419.3472938537598 136.34212082624435 194.87797990441322 2978.8469758629799 88.697966128587723 1330.264410585165 54.95923438668251
leaf_count=27807 1596 195 357 6845 741 2081 197 282 4263 167 2044 97
internal_value=-5.06011e-05 1.00544e-05 2.68014e-05 0.000281792 -0.000242768 -0.000556454 -3.9886e-05 -8.39354e-05 0.000102357 -0.00149552 -0.00041324 -0.000640317
internal_weight=31079.5 23585 23334 4867.15 7494.5 2496.36 18466.9 4998.14 3173.72 250.946 1824.42 162.248
internal_count=46672 35665 35206 7202 11007 3677 28004 7330 4545 459 2785 292
is_linear=0
shrinkage=0.02


Tree=460
num_leaves=14
num_cat=0
split_feature=3 50 20 50 20 22 20 22 43 1 50 20 6
split_gain=1.13476 1.38864 2.44065 1.55304 1.31956 1.56976 1.42187 1.29655 1.29444 1.16556 0.963881 0.906835 0.637235
threshold=49.488823955933718 0.071208795562402408 0.0077937075568783017 -0.39735295943160759 -0.44283654306353343 -2.8960111257956211 1.5732422700384563 -1.2552125058646306 0.65000000000000013 25.433333333333337 0.0074288363090701014 -3.142953536246297 1.5000000000000002
decision_type=2 2 2 2 2 2 2 2 2 2 2 2 2
left_child=4 3 -3 -2 5 11 9 -7 -8 -6 -5 -1 -4
right_child=1 2 12 10 6 7 8 -9 -10 -11 -12 -13 -14
leaf_value=-0.00031783785287636362 -0.0011778631296400597 -1.7104710637475593e-05 -0.0036365900078349036 0.00010148021319791284 4.6505887077119913e-05 -0.00058341887827842616 -0.00022156377335172788 -4.2895823573251773e-05 0.0005971444357554947 0.00045821925391928067 0.0016947008000635149 0.0022314462836182727 -0.0015494017540130453
leaf_weight=71.734426319599152 337.64362266659737 602.69110304117203 78.789280444383621 1003.6105428636074 4743.4473668932915 2254.2272119522095 4950.4269434809685 8566.086733430624 909.35477584600449 6742.1864695250988 180.90195280313492 174.04024648666382 458.23538866639137
leaf_count=108 504 1007 118 1587 6991 3406 7395 13028 1315 9958 280 260 686
internal_value=1.31357e-05 -0.000381126 -0.000908484 7.84694e-06 5.04502e-05 -0.000119666 0.000159559 -0.000156516 -9.26455e-05 0.000289094 0.000355676 0.00145047 -0.00188653
internal_weight=31073.4 2661.87 1139.72 1522.16 28411.5 11066.1 17345.4 10820.3 5859.78 11485.6 1184.51 245.775 537.025
internal_count=46643 4182 1811 2371 42461 16802 25659 16434 8710 16949 1867 368 804
is_linear=0
shrinkage=0.02


Tree=461
num_leaves=13
num_cat=0
split_feature=3 31 0 11 50 20 50 22 50 20 20 0
split_gain=1.09055 1.47016 1.33858 1.50468 1.33564 2.34506 1.49228 1.02404 0.925802 0.745998 1.31501 1.00053
threshold=49.488823955933718 1.2448606937639328 29.108680078294793 1.0000000180025095e-35 0.071208795562402408 0.0077937075568783017 -0.39735295943160759 -2.8960111257956211 0.0074288363090701014 -0.20471109397908901 0.19096026839154231 32.772953296345214
decision_type=2 2 2 2 2 2 2 2 2 2 2 2
left_child=1 2 7 -4 6 -6 -2 -1 -8 11 -11 -3
right_child=4 9 3 -5 5 -7 8 -9 -10 10 -12 -13
leaf_value=0.0014258418392221037 -0.0011544445749098423 -0.00041050190597860422 0.000165547032215479 0.00084208395899298201 -1.6763737547305292e-05 -0.0018495567236622966 9.9454632227314989e-05 4.603686349764626e-06 0.0016611773965433882 0.00092335832090693394 -0.00022637498263577917 -0.0020729412444193828
leaf_weight=203.54400557279587 337.64362266659737 1965.0593009293079 4621.4561094045639 1867.7410922944546 602.69110304117203 537.02466911077499 1003.6105428636074 16466.157946825027 180.90195280313492 464.6244093477726 2663.8024114370346 159.11889812350273
leaf_count=318 504 2973 6730 2693 1007 804 1587 24882 280 697 3938 230
internal_value=1.28506e-05 4.94372e-05 0.00011825 0.00036201 -0.000373647 -0.000890847 7.70622e-06 2.27264e-05 0.000348791 -0.000251985 -5.19448e-05 -0.000541569
internal_weight=31073.4 28411.5 23158.9 6489.2 2661.87 1139.72 1522.16 16669.7 1184.51 5252.61 3128.43 2124.18
internal_count=46643 42461 34623 9423 4182 1811 2371 25200 1867 7838 4635 3203
is_linear=0
shrinkage=0.02


Tree=462
num_leaves=14
num_cat=0
split_feature=30 22 22 23 18 51 1 50 1 50 1 1 43
split_gain=1.58752 1.235 1.28529 0.957788 1.06134 0.818699 1.17711 1.12495 1.01803 0.883751 0.764845 0.675314 0.664246
threshold=0.22672758583685251 -1.7015130864349783 -3.0345149476935998 1.2562634629244569 2.9168782931201132 0.72691844590230192 14.45466666666667 0.30443222058844971 30.929833333333338 -0.10416064473638419 28.165166666666668 37.095166666666678 0.65000000000000013
decision_type=2 2 2 2 2 2 2 2 2 2 2 2 2
left_child=1 2 -1 4 -3 6 -2 8 -7 -8 -9 -4 -5
right_child=5 3 11 12 -6 7 9 10 -10 -11 -12 -13 -14
leaf_value=0.0006399560060438461 0.0013920343335219133 0.0002397929144695448 -0.0004225829440528073 -0.00024219120846308452 -0.00019213533132489289 -0.00025589413130325408 -0.0013241789535134211 0 0.00065924756526674873 -0.00031630852551848095 -0.0013298199106021587 -0.0022190543296516192 0.00043568498469314558
leaf_weight=469.27323663234711 94.542966544628143 16617.201170623302 2453.1561028957367 3896.2015702724457 2609.0630687773228 1203.6674335598946 772.36934784054756 264.24479132890701 805.66795817017555 692.72717574238777 438.64752015471458 88.060474157333374 668.55324772000313
leaf_count=695 139 24840 3667 6106 3812 1791 1152 398 1190 1018 666 131 1038
internal_value=1.25928e-05 6.99821e-05 -0.000310627 0.000118586 0.000180645 -0.00034499 -0.000711279 -0.000130306 0.000106362 -0.000855535 -0.000819431 -0.000490464 -0.000140573
internal_weight=31073.4 26801.5 3010.49 23791 19226.3 4271.87 1559.64 2712.23 2009.34 1465.1 702.892 2541.22 4564.75
internal_count=46643 40289 4493 35796 28652 6354 2309 4045 2981 2170 1064 3798 7144
is_linear=0
shrinkage=0.02


Tree=463
num_leaves=10
num_cat=0
split_feature=2 31 2 2 6 20 20 20 20
split_gain=1.06867 1.05597 0.855435 1.59027 1.48684 0.686649 1.25819 0.532589 0.508216
threshold=37.888750000000009 1.2448606937639328 28.365166666666671 28.283000000000001 1.5000000000000002 -0.20471109397908901 0.19096026839154231 -0.61699963853538609 -1.1261130109901953
decision_type=2 2 2 2 2 2 2 2 2
left_child=1 2 3 -1 -4 8 -7 -2 -3
right_child=7 5 4 -5 -6 6 -8 -9 -10
leaf_value=7.1523270393467817e-06 -0.002417268699465105 -0.00024721390842113956 -0.00038384489945368216 -0.0024558285088374316 0.00033027107248650533 0.00064948122143306528 -0.00025439569549144778 -0.00058025947227033294 -0.00089668797739023099
leaf_weight=15193.925388097763 81.100791364908218 1313.3661609888077 1341.5288675129414 103.55664777755737 8351.9585402905941 797.24929890036583 2664.384118616581 403.7840411067009 822.52220976352692
leaf_count=22821 116 1981 1985 151 12547 1238 3947 605 1252
internal_value=1.23168e-05 2.74296e-05 8.33363e-05 -9.18611e-06 0.000230351 -0.000220329 -4.30817e-05 -0.00091672 -0.000502606
internal_weight=31073.4 30588.5 24991 15297.5 9693.49 5597.52 3461.63 484.885 2135.89
internal_count=46643 45922 37504 22972 14532 8418 5185 721 3233
is_linear=0
shrinkage=0.02


Tree=464
num_leaves=15
num_cat=0
split_feature=30 22 22 2 18 4 31 46 30 21 51 3 31 4
split_gain=1.51025 1.1897 1.23274 1.09035 1.66446 1.00111 0.996819 1.19713 1.12863 0.753459 0.742028 1.21299 0.7995 0.723881
threshold=0.22672758583685251 -1.7015130864349783 -3.0345149476935998 24.563000000000006 1.4422295029837462 37.232574599698076 0.61534371106924113 0.5634920634920636 0.27001183526946987 0.8888752998681565 0.72691844590230192 30.775857662636817 1.5231492059142957 47.790759350855865
decision_type=2 2 2 2 2 2 2 2 2 2 2 2 2 2
left_child=1 2 13 5 -5 -3 7 -2 -9 -4 11 -8 -12 -1
right_child=6 3 9 4 -6 -7 10 8 -10 -11 12 -13 -14 -15
leaf_value=0.0013567620373506181 -0.0014434843930672065 -0.00019961665777480542 -0.0011668516409909238 0.0011581262272441874 0.00018419551334041622 0.00018109107208839765 0.00042541206899668641 -0.00020530988593238497 0.0022894665514087368 -0.00029991993510058854 -0.0004930185403574978 -0.0010861955881950403 0.00024064299048089346 -0.00017908419581080589
leaf_weight=251.53633639216423 78.942255049943924 6138.8167746961117 519.04330229759216 749.83019003272057 11894.539315104485 5007.8327775597572 249.38079845905304 112.13470512628555 172.02567142248154 2022.1732747554779 1605.0155270397663 1134.0015690326691 920.36666721105576 217.73690024018288
leaf_count=378 116 9246 801 1184 17881 7485 377 176 275 2997 2345 1664 1401 317
internal_value=1.20302e-05 6.80134e-05 -0.000305539 0.000115724 0.000242916 -2.76781e-05 -0.000336733 0.000652294 0.00127548 -0.000481701 -0.000431452 -0.000806261 -0.000221703 0.000625194
internal_weight=31073.4 26801.5 3010.49 23791 12644.4 11146.6 4271.87 363.103 284.16 2541.22 3908.76 1383.38 2525.38 469.273
internal_count=46643 40289 4493 35796 19065 16731 6354 567 451 3798 5787 2041 3746 695
is_linear=0
shrinkage=0.02


Tree=465
num_leaves=4
num_cat=0
split_feature=20 20 20
split_gain=1.32261 1.36708 0.546962
threshold=-2.8693529091551464 -2.4642127582014299 -2.8085170278207783
decision_type=2 2 2
left_child=-1 2 -2
right_child=1 -3 -4
leaf_value=0.00043985689908959918 -0.0020707361087992479 1.0357899092555436e-05 -0.00057721291942076371
leaf_weight=2829.480093806982 123.0037032365799 27482.148855358362 693.25096106529236
leaf_count=4327 189 41175 1064
internal_value=2.76251e-05 -1.32676e-05 -0.000819008
internal_weight=31127.9 28298.4 816.255
internal_count=46755 42428 1253
is_linear=0
shrinkage=0.02


Tree=466
num_leaves=10
num_cat=0
split_feature=20 20 51 21 51 23 23 23 20
split_gain=1.27032 1.31416 0.895543 0.701792 0.609541 0.543904 0.567015 0.579188 0.52498
threshold=-2.8693529091551464 -2.4642127582014299 2.0170232383208924 1.040817823111116 1.1603170440954982 1.348063894390729 0.3574877895173646 0.11763224965882617 -2.8085170278207783
decision_type=2 2 2 2 2 2 2 2 2
left_child=5 8 4 -4 -3 6 7 -1 -2
right_child=1 2 3 -5 -6 -7 -8 -9 -10
leaf_value=0.00087532182484618005 -0.0020299840215886778 -2.6984469455503471e-05 0.00012936542557019415 -0.0015807073183365314 0.0001987909502666069 -0.00052076290893327925 0.00064084044729604064 -0.00068481043731080302 -0.00056570188638911678
leaf_weight=138.77086132764816 123.0037032365799 20912.25683799386 139.00046038627625 247.56123769283295 6183.3303192853928 210.25660368800163 2200.1253364384174 280.32729235291481 693.25096106529236
leaf_count=215 189 31280 251 396 9248 347 3323 442 1064
internal_value=2.70634e-05 -1.3006e-05 1.01508e-05 -0.00094256 2.41803e-05 0.000431066 0.000511628 -0.000142772 -0.000803002
internal_weight=31127.9 28298.4 27482.1 386.562 27095.6 2829.48 2619.22 419.098 816.255
internal_count=46755 42428 41175 647 40528 4327 3980 657 1253
is_linear=0
shrinkage=0.02


Tree=467
num_leaves=6
num_cat=0
split_feature=51 50 23 51 51
split_gain=0.75605 0.665088 0.868308 0.615526 1.13181
threshold=2.0170232383208924 -0.60758050520872886 1.2347037032703325 1.1603170440954982 1.1739126801257929
decision_type=2 2 2 2 2
left_child=1 2 -1 -3 -5
right_child=-2 3 -4 4 -6
leaf_value=0.0012563289767522894 -0.0008164167521155809 -2.1085798199351615e-05 -0.00066215380105229358 0.0014214882633970121 0.00013918560790970969
leaf_weight=368.85223457217216 416.85800635814667 23646.188604027033 117.64390724897385 288.59748551249504 6289.7433757483959
leaf_count=553 704 35451 199 426 9422
internal_value=2.64982e-05 3.83176e-05 0.000771121 2.61413e-05 0.000197376
internal_weight=31127.9 30711 486.496 30224.5 6578.34
internal_count=46755 46051 752 45299 9848
is_linear=0
shrinkage=0.02


Tree=468
num_leaves=7
num_cat=0
split_feature=51 21 50 23 51 51
split_gain=0.726276 0.773103 0.638077 0.834985 0.591397 1.08714
threshold=2.0170232383208924 1.040817823111116 -0.60758050520872886 1.2347037032703325 1.1603170440954982 1.1739126801257929
decision_type=2 2 2 2 2 2
left_child=2 -2 3 -1 -4 -6
right_child=1 -3 4 -5 5 -7
leaf_value=0.0012313379048690023 0.00020588344603834289 -0.0015018014996597947 -2.0664113312679851e-05 -0.00064913206396312578 0.0013932541605190904 0.00013640277704981613
leaf_weight=368.85223457217216 165.99884533882141 250.85916101932526 23646.188604027033 117.64390724897385 288.59748551249504 6289.7433757483959
leaf_count=553 302 402 35451 199 426 9422
internal_value=2.59635e-05 -0.000800166 3.7554e-05 0.000755338 2.56205e-05 0.000193468
internal_weight=31127.9 416.858 30711 486.496 30224.5 6578.34
internal_count=46755 704 46051 752 45299 9848
is_linear=0
shrinkage=0.02


Tree=469
num_leaves=4
num_cat=0
split_feature=51 50 23
split_gain=0.696946 0.612147 0.802953
threshold=2.0170232383208924 -0.60758050520872886 1.2347037032703325
decision_type=2 2 2
left_child=1 2 -1
right_child=-2 -3 -4
leaf_value=0.0012068439576751369 -0.00078380930652076147 2.5110075009726707e-05 -0.00063636642501767955
leaf_weight=368.85223457217216 416.85800635814667 30224.529465287924 117.64390724897385
leaf_count=553 704 45299 199
internal_value=2.54453e-05 3.68057e-05 0.00073987
internal_weight=31127.9 30711 486.496
internal_count=46755 46051 752
is_linear=0
shrinkage=0.02


Tree=470
num_leaves=9
num_cat=0
split_feature=17 17 31 2 19 17 19 19
split_gain=0.734216 0.95351 1.529 1.37076 0.930149 0.808452 0.969802 0.572037
threshold=1.5966163094165002 1.4005824436210388 1.7014950577781101 26.110750000000007 1.596167250305115 1.6782094622578028 -3.3734557642807874 2.1331077420656448
decision_type=2 2 2 2 2 2 2 2
left_child=1 -1 3 -3 5 -2 -7 -6
right_child=4 2 -4 -5 7 6 -8 -9
leaf_value=-7.1688990855596762e-06 0.00062379598685364612 -0.00028867005482953174 0.0012552339914525948 -0.0013582972330500034 0.00076644767816604347 0.00094150207088128162 -2.7291645233205566e-05 0.00017300012506217105
leaf_weight=9939.5695877075195 880.60273641347885 2035.4101840853691 197.00195547938347 642.01955398917198 1196.971576154232 423.57929068803787 14331.428339868784 1544.8300683200359
leaf_count=15090 1323 3026 322 989 1825 585 21206 2449
internal_value=1.48182e-05 -0.000100998 -0.000421743 -0.00054971 9.61193e-05 3.58153e-05 0 0.000436092
internal_weight=31191.4 12814 2874.43 2677.43 18377.4 15635.6 14755 2741.8
internal_count=46815 19427 4337 4015 27388 23114 21791 4274
is_linear=0
shrinkage=0.02


Tree=471
num_leaves=11
num_cat=0
split_feature=33 44 44 19 19 2 0 44 44 31
split_gain=0.828213 1.46701 1.05722 0.936006 1.0149 0.871848 0.83369 0.758746 1.22621 0.669792
threshold=-0.44999999999999996 1.1025730823873268 0.74607194774234953 -3.1032656210877207 -2.5873154826586133 16.934462962962964 31.232392510307658 3.1687921785834674 1.776939204715615 2.0101229035110681
decision_type=2 2 2 2 2 2 2 2 2 2
left_child=1 2 -1 6 -5 -4 -2 8 -3 -6
right_child=3 7 5 4 9 -7 -8 -9 -10 -11
leaf_value=0.00041092589856020164 0.00029177621807341305 0.0012689693853317591 0.0010147738053210042 -0.00085800887740002953 -3.5238907575870546e-05 -0.0011143989708321958 0.0018092188971477439 0.0027984975370306474 0 0.00060332860071009352
leaf_weight=637.25460305809975 770.72902753949165 673.14471173286438 85.139522045850754 588.38311952352524 26458.232728272676 478.16591727733612 184.55822786688805 74.87481901049614 570.15815258026123 670.77246379852295
leaf_count=878 1139 992 117 866 39792 665 251 118 854 1143
internal_value=1.45245e-05 0.000362259 -0.000136362 -1.56965e-05 -3.72692e-05 -0.000772449 0.000598555 0.000823483 0.000692209 -1.90382e-05
internal_weight=31191.4 2518.74 1200.56 28672.7 27717.4 563.305 955.287 1318.18 1243.3 27129
internal_count=46815 3624 1660 43191 41801 782 1390 1964 1846 40935
is_linear=0
shrinkage=0.02


Tree=472
num_leaves=8
num_cat=0
split_feature=33 13 0 33 0 0 13
split_gain=0.796521 0.922322 0.884504 0.776308 0.72996 0.597284 0.585706
threshold=-0.44999999999999996 2.4555399228720467 13.437410961941081 -0.74999999999999989 14.023495361475709 29.999448632126597 1.4021868371523321
decision_type=2 2 2 2 2 2 2
left_child=1 3 -2 6 -4 -5 -1
right_child=2 -3 4 5 -6 -7 -8
leaf_value=-8.8213436706812399e-05 -0.00060482342327823461 0.0019437503482963529 0.00089705058735723407 0.00020828452788696763 -6.250454353001991e-06 0.0010180834289028726 -0.0019839287207728908
leaf_weight=289.8359506726265 981.62261545658112 138.08168730139732 360.45594227313995 1501.4415382146835 27330.597009271383 502.03374952077866 87.344799995422363
leaf_count=401 1541 225 525 2115 41125 755 128
internal_value=1.42646e-05 0.000355284 -1.53661e-05 0.000257399 5.2107e-06 0.000417004 -0.000561731
internal_weight=31191.4 2518.74 28672.7 2380.66 27691.1 2003.48 377.181
internal_count=46815 3624 43191 3399 41650 2870 529
is_linear=0
shrinkage=0.02


Tree=473
num_leaves=7
num_cat=0
split_feature=17 17 19 17 19 19
split_gain=0.696299 0.915754 0.892213 0.779087 0.900499 0.548977
threshold=1.5966163094165002 1.4005824436210388 1.596167250305115 1.6782094622578028 -3.3734557642807874 2.1331077420656448
decision_type=2 2 2 2 2 2
left_child=1 -1 3 -2 -5 -4
right_child=2 -3 5 4 -6 -7
leaf_value=-6.8306168749097933e-06 0.00061128366919930947 -0.00041313362580780135 0.0007497843280843085 0.00090617824022647022 -2.7362153528526962e-05 0.00016823196449091755
leaf_weight=9939.5695877075195 880.60273641347885 2874.4316935539246 1196.971576154232 423.57929068803787 14331.428339868784 1544.8300683200359
leaf_count=15090 1323 4337 1825 585 21206 2449
internal_value=1.39746e-05 -9.88029e-05 9.31572e-05 3.40831e-05 0 0.000426123
internal_weight=31191.4 12814 18377.4 15635.6 14755 2741.8
internal_count=46815 19427 27388 23114 21791 4274
is_linear=0
shrinkage=0.02


Tree=474
num_leaves=11
num_cat=0
split_feature=33 44 44 19 19 2 0 13 19 2
split_gain=0.765104 1.38704 1.0168 0.879139 0.972993 0.840182 0.791447 0.731552 0.573137 0.533812
threshold=-0.44999999999999996 1.1025730823873268 0.74607194774234953 -3.1032656210877207 -2.5873154826586133 16.934462962962964 31.232392510307658 1.980939643689051 1.548101488398226 31.954250000000002
decision_type=2 2 2 2 2 2 2 2 2 2
left_child=1 2 -1 6 -5 -4 -2 9 -6 -3
right_child=3 7 5 4 8 -7 -8 -9 -10 -11
leaf_value=0.00039974751714273992 0.00028067948650828097 0.0002945032059474711 0.00099264373073124058 -0.00083987382004020728 -6.2387731394298557e-05 -0.0010964572068280984 0.001759675215715539 0.0021705946106238445 0.00017460377245866808 0.0012197187268554054
leaf_weight=637.25460305809975 770.72902753949165 777.09684625267982 85.139522045850754 588.38311952352524 22136.401370882988 478.16591727733612 184.55822786688805 142.28033530712128 4992.6038211882114 398.80050176382065
leaf_count=878 1139 1125 117 866 33182 665 251 233 7753 606
internal_value=1.36977e-05 0.000347931 -0.000136744 -1.53363e-05 -3.62539e-05 -0.00076062 0.000579942 0.000796472 -1.83955e-05 0.000618314
internal_weight=31191.4 2518.74 1200.56 28672.7 27717.4 563.305 955.287 1318.18 27129 1175.9
internal_count=46815 3624 1660 43191 41801 782 1390 1964 40935 1731
is_linear=0
shrinkage=0.02


Tree=475
num_leaves=8
num_cat=0
split_feature=20 30 5 34 44 50 50
split_gain=1.07608 0.806929 1.74664 1.47099 0.931931 1.12133 0.691881
threshold=-7.4917074892434874 -0.22839327867512835 24.196000568103084 1.0207471595628748 0.3494551297732465 0.066072184669113423 0.37498195695102826
decision_type=2 2 2 2 2 2 2
left_child=-1 2 -2 -4 5 -3 -6
right_child=1 4 3 -5 6 -7 -8
leaf_value=0.0019054762156007282 0.0027301843353049011 7.7957449146114221e-05 0.00033158047868287111 -0.00099738947832924644 -2.1188943997470594e-05 0.0017652295507425042 -0.00038489010541624082
leaf_weight=117.64057874679565 111.22450298070908 468.290393024683 3371.2019625008106 364.9281208217144 24123.21778896451 246.44797784090042 2298.5333090424538
leaf_count=185 167 703 5048 543 36192 411 3474
internal_value=1.21595e-05 4.52566e-06 0.000275797 0.000198633 -3.35837e-05 0.000676998 -5.32339e-05
internal_weight=31101.5 30983.8 3847.35 3736.13 27136.5 714.738 26421.8
internal_count=46723 46538 5758 5591 40780 1114 39666
is_linear=0
shrinkage=0.02


Tree=476
num_leaves=8
num_cat=0
split_feature=20 3 30 5 44 30 15
split_gain=1.03416 0.786177 1.41045 1.71041 0.936432 0.726597 0.634356
threshold=-7.4917074892434874 49.488823955933718 -0.3109752561424487 24.819871014120196 0.3494551297732465 -0.12031732917902534 13.999106504000485
decision_type=2 2 2 2 2 2 2
left_child=-1 2 3 -2 -4 -3 -7
right_child=1 5 4 -5 -6 6 -8
leaf_value=0.0018680037724666577 0.0037323212850980448 -0.00080455490349903879 0.00069375833706199588 0.00046728257769163407 -1.8939023517687712e-05 -0.00096033506174094546 6.3939216927036947e-05
leaf_weight=117.64057874679565 66.326560825109482 854.89775443077087 756.94778901338577 1521.5536903142929 25963.848142832518 282.45466563105583 1537.8154521286488
leaf_count=185 98 1334 1176 2272 38794 551 2313
internal_value=1.19297e-05 4.43967e-06 3.57358e-05 0.000614478 9.26495e-07 -0.000322781 -9.03912e-05
internal_weight=31101.5 30983.8 28308.7 1587.88 26720.8 2675.17 1820.27
internal_count=46723 46538 42340 2370 39970 4198 2864
is_linear=0
shrinkage=0.02


Tree=477
num_leaves=8
num_cat=0
split_feature=20 30 3 5 2 22 30
split_gain=0.993867 0.757875 1.78011 1.22708 0.728899 0.889645 0.666124
threshold=-7.4917074892434874 -0.22839327867512835 24.676578932324986 49.914073319608143 13.292442129629631 -0.17453513135473828 -0.19001331409770197
decision_type=2 2 2 2 2 2 2
left_child=-1 2 -2 -4 5 -3 -6
right_child=1 4 3 -5 6 -7 -8
leaf_value=0.0018312682261265925 0.0030074958743738869 -0.00012743551037892837 0.00032567438402002457 -0.00082443436163914124 -0.00049740414829566883 0.00090958957590304762 -3.2322886868270079e-05
leaf_weight=117.64057874679565 91.059178054332733 593.32712391018867 3344.6601347625256 411.63527348637581 1300.7237755954266 705.11965185403824 24537.318917512894
leaf_count=185 141 894 4995 622 1965 1053 36868
internal_value=1.1704e-05 4.35497e-06 0.000267261 0.000196607 -3.25677e-05 0.000428563 -5.61594e-05
internal_weight=31101.5 30983.8 3847.35 3756.3 27136.5 1298.45 25838
internal_count=46723 46538 5758 5617 40780 1947 38833
is_linear=0
shrinkage=0.02


Tree=478
num_leaves=8
num_cat=0
split_feature=20 3 30 3 2 30 1
split_gain=0.955162 0.742505 1.32241 1.14592 0.741892 0.685286 0.555451
threshold=-7.4917074892434874 49.488823955933718 -0.3109752561424487 26.080585819211926 39.532916666666672 -0.12031732917902534 29.340166666666665
decision_type=2 2 2 2 2 2 2
left_child=-1 2 3 -2 -4 6 -3
right_child=1 5 4 -5 -6 -7 -8
leaf_value=0.0017952550950160974 0.0032414412534806382 -0.002017888315228708 6.7891410892894094e-06 0.00047655814591364388 -0.002035825926491255 -8.7866500881420354e-05 -0.00054564182101454013
leaf_weight=117.64057874679565 62.187202543020248 127.8361656665802 26651.485344141722 1525.6930485963821 69.310587704181671 1820.2701177597046 727.06158876419067
leaf_count=185 95 191 39874 2275 96 2864 1143
internal_value=1.14694e-05 4.25853e-06 3.4682e-05 0.000595072 9.64657e-07 -0.000313734 -0.000781658
internal_weight=31101.5 30983.8 28308.7 1587.88 26720.8 2675.17 854.898
internal_count=46723 46538 42340 2370 39970 4198 1334
is_linear=0
shrinkage=0.02


Tree=479
num_leaves=12
num_cat=0
split_feature=30 5 2 44 22 30 4 4 44 22 22
split_gain=0.750798 1.50442 1.00444 1.34268 0.985209 0.937263 1.053 0.931572 0.927959 1.13718 0.553714
threshold=-0.22113847010744803 24.819871014120196 13.677394179894183 0.80397845097120346 -0.54621174158492247 -0.19001331409770197 38.326260256526993 43.932616879192103 0.3494551297732465 -0.12255801532554979 0.5988882454887402
decision_type=2 2 2 2 2 2 2 2 2 2 2
left_child=1 4 -3 -4 -1 6 -2 -8 9 -7 -10
right_child=5 2 3 -5 -6 8 7 -9 10 -11 -12
leaf_value=0.003656600375616448 9.9737875974154714e-05 -0.0013773786594405691 0.0011362152994638659 8.8252628031130296e-05 0.00027275610957958415 -0.00026584388078130155 -0.0021418795154169537 -0.00050849326343615239 4.8696976589014032e-05 0.0013631032541024457 -0.00014565823537454338
leaf_weight=83.281720638275146 474.26187732815742 154.30580425262451 580.62337979674339 3232.5246755480766 69.837283074855804 270.35343274474144 233.00454822182655 404.900848954916 15924.820969939232 425.5319804251194 9248.0381129980087
leaf_count=123 725 234 849 4850 109 425 345 613 23858 661 13931
internal_value=1.12347e-05 0.000262842 0.000184446 0.000250958 0.00220112 -2.68372e-05 -0.000594845 -0.00112557 -1.98639e-06 0.000716975 -2.23142e-05
internal_weight=31101.5 4120.57 3967.45 3813.15 153.119 26980.9 1112.17 637.905 25868.7 695.885 25172.9
internal_count=46723 6165 5933 5699 232 40558 1683 958 38875 1086 37789
is_linear=0
shrinkage=0.02


Tree=480
num_leaves=10
num_cat=0
split_feature=43 19 14 9 30 5 5 22 5
split_gain=1.56838 0.969369 0.77845 0.815109 0.674068 1.0027 0.750166 0.623523 0.593774
threshold=0.35000000000000003 -2.5089323127758338 14.500000000000002 1.0000000180025095e-35 -0.40518342287928805 48.556735846495279 42.743916091134757 3.217752040631829 25.665920217151143
decision_type=2 2 2 2 2 2 2 2 2
left_child=1 8 3 7 5 -3 -6 -2 -1
right_child=2 4 -4 -5 6 -7 -8 -9 -10
leaf_value=-0.0024304074277186165 0.00033571293524815659 -0.00036609836718464893 -0.0016708940807543379 -3.1599704164621709e-06 -0.00019327922810934026 -0.003081065644597889 8.3887872152175788e-05 -0.0011945119684844629 -0.00058567686320993651
leaf_weight=78.880416989326477 6721.6982520520687 258.26460659503937 90.756483376026154 6304.3355064094067 10099.67210945487 71.54228150844574 6307.468208193779 103.56807926297188 934.53947791457176
leaf_count=117 9999 397 122 9352 15258 110 9619 169 1381
internal_value=-1.88518e-05 -0.000141959 0.000145679 0.00015925 -0.000104847 -0.00100019 -8.612e-05 0.000310685 -0.000743615
internal_weight=30970.7 17750.4 13220.4 13129.6 16736.9 329.807 16407.1 6825.27 1013.42
internal_count=46524 26882 19642 19520 25384 507 24877 10168 1498
is_linear=0
shrinkage=0.02


Tree=481
num_leaves=13
num_cat=0
split_feature=43 27 26 46 27 23 16 16 4 22 23 23
split_gain=1.50625 1.02845 1.17244 1.27049 0.898211 1.15535 0.815688 1.34866 0.757952 1.32314 1.12005 0.655003
threshold=0.35000000000000003 1.3827307294094453 1.2361111111111114 0.81666666666666676 1.2118746511810403 1.3188623361044811 1.9666666666666675 1.6549999999999996 47.643614631731076 -1.8690090145194229 0.78058667534989479 1.2347037032703325
decision_type=2 2 2 2 2 2 2 2 2 2 2 2
left_child=1 4 -3 -4 11 -6 7 -2 9 -8 -10 -1
right_child=6 2 3 -5 5 -7 8 -9 10 -11 -12 -13
leaf_value=-6.2175813951208375e-05 0.00027115284303070995 0.0010358498574079581 -0.0025665080100825944 -0.00058615130787830481 0.00015238201609181907 0.0019045684905993081 -0.00084315196985132717 0.0031888466132633216 0.0011444093783033304 8.7140376305268083e-05 0.00019925622638734483 -0.00039096125708266711
leaf_weight=11990.914746552706 231.42193534970284 148.77142453193665 146.8002744615078 1336.9441891908646 868.43467184901237 184.67486441135406 655.57219007611275 90.586683660745621 612.55190482735634 8637.3225417733192 2992.9030654132366 3073.8269296586514
leaf_count=18042 352 229 216 2017 1283 284 970 136 890 12847 4447 4811
internal_value=-1.85188e-05 -0.000139168 -0.000618253 -0.000792008 -8.99527e-05 0.000472153 0.000142712 0.00113743 0.000116931 2.02692e-05 0.000363151 -0.000129968
internal_weight=30970.7 17750.4 1632.52 1483.74 16117.9 1053.11 13220.4 322.009 12898.3 9292.89 3605.45 15064.7
internal_count=46524 26882 2462 2233 24420 1567 19642 488 19154 13817 5337 22853
is_linear=0
shrinkage=0.02


Tree=482
num_leaves=13
num_cat=0
split_feature=43 27 26 46 27 16 16 8 27 27 16 16
split_gain=1.44723 0.987851 1.12723 1.22027 0.86355 0.784869 1.29538 0.740357 0.968211 0.894164 0.685323 0.530556
threshold=0.35000000000000003 1.3827307294094453 1.2361111111111114 0.81666666666666676 1.2118746511810403 1.9666666666666675 1.6549999999999996 3.5000000000000004 0.97894760967985783 0.16278518499283942 9.6633333333333358 6.2633333333333345
decision_type=2 2 2 2 2 2 2 2 2 2 2 2
left_child=1 4 -3 -4 11 6 -2 9 -9 -7 -6 -1
right_child=5 2 3 -5 10 7 -8 8 -10 -11 -12 -13
leaf_value=-0.00028372214170787431 0.00026577627037899844 0.0010154076784525154 -0.002515867798066848 -0.0005744458003669996 -0.0002108531232184181 -0.0011504864942282376 0.0031264474090504936 0.00014229811626897956 -0.00037911814434948588 0.00029918994241477442 0.00083921513265856808 -3.5921781752558796e-05
leaf_weight=5518.3975041806698 231.42193534970284 148.77142453193665 146.8002744615078 1336.9441891908646 368.11864605545998 170.19220122694969 90.586683660745621 3995.0080488026142 2203.8148468434811 6529.33460521698 684.99089020490646 9546.3441720306873
leaf_count=8382 352 229 216 2017 539 277 136 6006 3181 9690 1028 14471
internal_value=-1.81181e-05 -0.000136386 -0.00060594 -0.000776387 -8.81373e-05 0.000139915 0.00111573 0.00011461 -4.15264e-05 0.000260538 0.000462978 -0.000127383
internal_weight=30970.7 17750.4 1632.52 1483.74 16117.9 13220.4 322.009 12898.3 6198.82 6699.53 1053.11 15064.7
internal_count=46524 26882 2462 2233 24420 19642 488 19154 9187 9967 1567 22853
is_linear=0
shrinkage=0.02


Tree=483
num_leaves=12
num_cat=0
split_feature=43 27 19 26 27 16 16 5 22 27 19
split_gain=1.39044 0.948745 1.0911 1.08378 0.915585 0.755288 1.24418 0.771534 1.51682 1.07669 0.616173
threshold=0.35000000000000003 1.3827307294094453 -2.5089323127758338 1.2361111111111114 1.1937668967618109 1.9666666666666675 1.6549999999999996 48.018009771187579 -1.8690090145194229 1.2031532073956599 -0.11926666560549563
decision_type=2 2 2 2 2 2 2 2 2 2 2
left_child=1 2 -1 -3 -4 6 -2 8 -7 -9 -5
right_child=5 3 4 10 -6 7 -8 9 -10 -11 -12
leaf_value=-0.00074124421910506738 0.00026050630155848958 0.00099536890775368445 -8.8906039965279545e-05 -0.0013316716639984402 0.00050308070853378702 -0.00089977121193530508 0.0030652691621230357 0.00066158744269161854 9.1801968080966597e-05 -0.00010716112933274059 -0.00044794693507858537
leaf_weight=957.13895511627197 231.42193534970284 148.77142453193665 14036.575239479542 512.11422935128212 1124.1370178759098 659.32278499007225 90.586683660745621 2017.0435499250889 9114.1965216696262 1107.7868455052376 971.63023430109024
leaf_count=1415 352 229 21324 754 1681 974 136 3033 13544 1603 1479
internal_value=-1.7755e-05 -0.000133685 -8.63862e-05 -0.000593872 -4.42913e-05 0.000137139 0.00109445 0.000112299 2.3717e-05 0.000385965 -0.000761077
internal_weight=30970.7 17750.4 16117.9 1632.52 15160.7 13220.4 322.009 12898.3 9773.52 3124.83 1483.74
internal_count=46524 26882 24420 2462 23005 19642 488 19154 14518 4636 2233
is_linear=0
shrinkage=0.02


Tree=484
num_leaves=13
num_cat=0
split_feature=27 22 22 22 42 4 42 50 5 50 42 50
split_gain=0.922322 1.04864 1.00104 0.954855 0.896872 1.2855 1.41093 0.894435 0.827162 0.764888 0.671316 0.668203
threshold=1.6037345096879736 -1.299630375293334 0.4086384889439838 0.70375623672633758 0.35000000000000003 47.643614631731076 0.75000000000000011 0.15502574061773053 23.887420876541984 -0.22638705088360381 1.4500000000000002 0.14234755376201613
decision_type=2 2 2 2 2 2 2 2 2 2 2 2
left_child=4 7 -3 -4 8 6 -6 -2 11 -10 -7 -1
right_child=1 2 3 -5 5 10 -8 -9 9 -11 -12 -13
leaf_value=-0.00052839591093773852 -0.0025059392938778062 0.00033866495441847347 -0.0021925306851294959 -0.00038380839932310526 0.00018549314217518084 0.00037791400475503114 -0.0002762523267837852 0 0.00024724678465586872 -0.0001417816176276396 0.0015892563776782531 -0.0024797305127353718
leaf_weight=477.01295128464699 166.12486308813095 634.31841748952866 143.51921772956848 725.75681808590889 7106.7980765104294 3370.1224350035191 4212.3045356571674 84.039878100156784 2444.9821684062481 11320.177835971117 198.64049836993217 86.927726060152054
leaf_count=751 246 925 202 1060 10673 5041 6196 121 3751 17147 277 134
internal_value=-1.73909e-05 -0.000462714 -0.000254302 -0.000698257 9.02735e-06 0.000118044 1.27569e-05 -0.00166375 -0.000103544 -7.19297e-05 0.000448991 -0.000854551
internal_weight=30970.7 1753.76 1503.59 869.276 29217 14887.9 11319.1 250.165 14329.1 13765.2 3568.76 563.941
internal_count=46524 2554 2187 1262 43970 22187 16869 367 21783 20898 5318 885
is_linear=0
shrinkage=0.02


Tree=485
num_leaves=14
num_cat=0
split_feature=30 34 3 34 42 3 33 37 3 27 27 33 3
split_gain=1.17138 1.15379 0.927693 1.70013 1.45981 0.908532 0.95106 0.898673 0.723771 1.17322 0.782476 0.673745 0.644677
threshold=-0.063763370953103235 0.89721692632576266 40.625015793692889 0.21056902960106069 0.65000000000000002 49.234331027055184 1.0500000000000003 1.2306416094213801 48.361887873480732 0.52869536858335942 0.93735290749559164 0.8500000000000002 49.666548587762698
decision_type=2 2 2 2 2 2 2 2 2 2 2 2 2
left_child=5 2 3 -2 -4 8 12 11 10 -10 -1 -3 -7
right_child=1 7 4 -5 -6 6 -8 -9 9 -11 -12 -13 -14
leaf_value=0.00024737391139886843 -0.00032071224665261095 -0.00063753712495718065 -8.3136452229896703e-05 0.00028695558415395647 -0.00079508288274619853 -0.0010780181966589329 0.0014755739327437639 -0.00016173411206789294 0.0025078353580200003 0.00040673555328998325 -0.0001790470373591738 -0.0018102899245740251 -0.00013265389868765445
leaf_weight=7603.3043970167637 2703.3525647222996 948.20921412110329 6606.9031726121902 5718.904327750206 1405.5906855762005 484.84424301981926 101.14240148663521 1470.5470922887325 132.69201225042343 604.02013796567917 2195.5252804458141 267.98358604311943 781.51557385921478
leaf_count=11362 4053 1419 10099 8411 2119 726 148 2180 218 903 3231 391 1235
internal_value=-2.13266e-05 -0.00011856 -5.50344e-05 9.06912e-05 -0.000209445 0.000134027 -0.000347987 -0.000503099 0.000197595 0.000804475 0.000150793 -0.000906706 -0.000503614
internal_weight=31024.5 19121.5 16434.8 8422.26 8012.49 11903 1367.5 2686.74 10535.5 736.712 9798.83 1216.19 1266.36
internal_count=46495 28672 24682 12464 12218 17823 2109 3990 15714 1121 14593 1810 1961
is_linear=0
shrinkage=0.02


Tree=486
num_leaves=15
num_cat=0
split_feature=30 44 37 37 52 52 37 42 37 33 16 0 37 18
split_gain=1.12556 1.10653 1.11971 1.58362 1.04054 1.67753 1.11687 0.945247 0.76656 0.700892 0.677309 0.603768 0.586845 0.511896
threshold=-0.063763370953103235 0.36707973210535116 0.20331903259571618 0.51486800121943921 0.75000000000000011 0.55000000000000016 1.7366486748380328 0.65000000000000002 0.13369491595114577 -0.24999999999999992 4.4100000000000028 17.129668898655133 2.1395916153143149 0.9303286369536361
decision_type=2 2 2 2 2 2 2 2 2 2 2 2 2 2
left_child=4 2 8 -4 5 10 -6 11 -2 -7 -1 -3 -8 -9
right_child=1 7 3 -5 6 9 12 13 -10 -11 -12 -13 -14 -15
leaf_value=0.00064253029240666918 0.00088329387188650456 0.00026131942829816542 -0.00102591153324101 0.0018485295778724725 -5.6094851623156083e-06 3.9513353848942307e-05 0.0021669127134959737 -0.0012199257314837698 0.0033026627029250099 0.0012483924472293526 -0.00033749888245380408 -0.00011649762128180026 0.00029100477668747224 -0.00033861025103567498
leaf_weight=415.19074442982674 195.265146702528 1952.4923310279846 225.60732746124268 113.36211144924164 9068.4035243093967 258.7946697473526 142.44271045923233 291.69497212767601 81.883587002754211 1000.4927650392056 865.91711214184761 12114.309516131878 151.8025199174881 4146.8756512105465
leaf_count=617 311 2962 342 179 13542 370 212 413 127 1539 1305 18245 238 6093
internal_value=-2.09197e-05 -0.000116238 0.0007135 -3.00752e-05 0.000131358 0.000490461 3.27692e-05 -0.000144478 0.00165246 0.00100834 -1.15839e-05 -6.33156e-05 0.00124138 -0.000399304
internal_weight=31024.5 19121.5 616.118 338.969 11903 2540.4 9362.65 18505.4 277.149 1259.29 1281.11 14066.8 294.245 4438.57
internal_count=46495 28672 959 521 17823 3831 13992 27713 438 1909 1922 21207 450 6506
is_linear=0
shrinkage=0.02


Tree=487
num_leaves=15
num_cat=0
split_feature=30 34 18 2 15 22 37 3 37 2 22 17 37 17
split_gain=1.08127 1.09371 1.1141 1.40373 1.13183 0.953751 1.06263 1.04908 0.925289 0.923969 0.912235 0.715961 0.714756 0.540879
threshold=-0.063763370953103235 0.89721692632576266 2.1291413237641019 29.789916666666674 8.2323350979791723 -0.012988612654082949 0.86201331970811312 30.629520163506282 1.8146973503612434 24.16341666666667 0.46540708126568392 1.040202031446541 1.1862160950514344 1.5190751792565786
decision_type=2 2 2 2 2 2 2 2 2 2 2 2 2 2
left_child=5 2 3 -2 -4 7 10 11 -9 13 -7 -1 -8 -3
right_child=1 9 4 -5 -6 6 12 8 -10 -11 -12 -13 -14 -15
leaf_value=0.00040453336879278553 2.0586087490304398e-06 -0.00074950634840077507 -0.0016371384310200168 0.00087276412144128741 -0.00021574952151260718 -0.0006877174372554208 0.0010931782726734606 0.00013902437684674312 0.0018046740175723087 -0.00023747354002906867 -2.0619974362200864e-05 0.0015535847678754117 -3.3622700385935776e-05 -0.0020510582942160809
leaf_weight=555.21661779284477 9843.5971701145172 628.56252682209015 234.53653699159622 800.99224907159805 5555.6247944831848 1224.8648587763309 444.94324454665184 6155.6794660389423 135.70995754003525 1877.9123355150223 2572.1913615167141 394.19699198007584 420.24154785275459 180.26503011584282
leaf_count=825 14773 941 383 1246 8280 1836 664 9159 211 2779 3908 582 638 270
internal_value=-2.04657e-05 -0.000113896 -5.20302e-05 6.8669e-05 -0.000275596 0.000128778 -9.27106e-05 0.000272757 0.000177105 -0.000488287 -0.000238695 0.000894394 0.000535516 -0.00105626
internal_weight=31024.5 19121.5 16434.8 10644.6 5790.16 11903 4662.24 7240.8 6291.39 2686.74 3797.06 949.414 865.185 808.828
internal_count=46495 28672 24682 16019 8663 17823 7046 10777 9370 3990 5744 1407 1302 1211
is_linear=0
shrinkage=0.02


Tree=488
num_leaves=11
num_cat=0
split_feature=18 15 22 33 46 47 0 0 22 18
split_gain=0.871031 1.58642 1.03311 0.997612 0.879082 0.784179 0.718481 1.3158 0.624598 0.568212
threshold=2.1291413237641019 7.8795356965820611 -3.9734998396232415 -0.74999999999999989 4.3500000000000005 0.63863018474307343 33.472846538254935 32.271293484605032 -0.82507251729253051 2.3380930635888677
decision_type=2 2 2 2 2 2 2 2 2 2
left_child=3 8 -3 5 -4 -1 7 -5 -2 -10
right_child=1 2 4 6 -6 -7 -8 -9 9 -11
leaf_value=-0.0024719678911419409 0 0.001837267058217576 -0.00011680882137016177 8.5264301567055455e-05 -0.0016104981320502099 -0.00029221968546366389 0.001969577509911895 -0.0019450891287101553 -0.0029373809782180212 -0.00050392383595396478
leaf_weight=103.48064297437668 78.261701941490173 104.15721279382706 10926.246395587921 19026.720828920603 159.21134901046753 213.24215719103813 78.524221777915955 126.18890032172203 139.59027373790741 68.911004900932312
leaf_count=143 124 150 16220 28699 217 300 101 191 219 131
internal_value=-2.00561e-05 -0.00015859 -0.000119831 6.07713e-05 -0.00013945 -0.00104681 7.96389e-05 7.11636e-05 -0.00162504 -0.00219304
internal_weight=31024.5 11476.4 11189.6 19548.2 11085.5 316.723 19231.4 19152.9 286.763 208.501
internal_count=46495 17061 16587 29434 16437 443 28991 28890 474 350
is_linear=0
shrinkage=0.02


Tree=489
num_leaves=12
num_cat=0
split_feature=18 18 22 42 52 42 22 22 22 2 2
split_gain=0.836823 1.22267 1.02238 0.835591 0.973365 1.12611 0.764807 0.667239 0.976081 0.510912 0.70321
threshold=2.1291413237641019 2.23779181853739 -3.9734998396232415 0.75000000000000011 1.5500000000000003 0.95000000000000007 -3.4875974062671502 -1.8690090145194229 -1.7340003709115608 30.204916666666666 28.206000000000003
decision_type=2 2 2 2 2 2 2 2 2 2 2
left_child=3 9 -3 7 5 -5 -4 -1 -9 10 -2
right_child=1 2 6 4 -6 -7 -8 8 -10 -11 -12
leaf_value=-0.00038666563167264676 -0.00068065233716300478 0.0018840042789183707 -0.0019738699393702141 -0.00056852380884534902 -0.00080152863771653412 0.00029503832314587986 -9.1598155440809e-05 0.0014188054634011219 0.00013214551910926964 -0.00017402095880128917 -0.0021345680546211642
leaf_weight=962.84658569097519 496.45844551920891 101.58699810504913 85.710835039615631 959.83493831753731 866.59659725427628 1616.8663756549358 10210.347555577755 239.57016736268997 14902.442086905241 380.28380361199379 201.99030011892319
leaf_count=1460 759 146 125 1421 1332 2344 15134 361 22516 585 312
internal_value=-1.96869e-05 -0.000155478 -8.78303e-05 5.95299e-05 -0.000222159 -2.29567e-05 -0.000108619 0.000120397 0.000153347 -0.000796898 -0.00112029
internal_weight=31024.5 11476.4 10397.6 19548.2 3443.3 2576.7 10296.1 16104.9 15142 1078.73 698.449
internal_count=46495 17061 15405 29434 5097 3765 15259 24337 22877 1656 1071
is_linear=0
shrinkage=0.02


Tree=490
num_leaves=10
num_cat=0
split_feature=44 46 46 20 34 50 36 34 34
split_gain=0.973569 0.977265 1.04279 0.70985 1.21933 0.670599 0.629848 0.703499 0.618079
threshold=3.5078232286408215 4.3500000000000005 3.5857142857142863 -5.8418543131924823 0.20289508814202031 -0.15496639985319552 0.10555555555555557 0.85105239969846302 0.3164897478257529
decision_type=2 2 2 2 2 2 2 2 2
left_child=3 2 -2 4 -1 -6 8 -8 -5
right_child=1 -3 -4 6 5 -7 7 -9 -10
leaf_value=-0.00051335760059895901 -0.00014278909085067712 -0.00054758181656121968 0.0018223171532446359 -0.00025740096225136509 0.0027208553556383125 0.00021042037149129699 8.3866463904670469e-05 -0.00018858065309533705 0.00069050864955034011
leaf_weight=136.11097463965416 143.16021397709846 155.68784219026566 345.68402799963951 5166.2897671759129 132.56914886832237 76.142793923616409 19850.606810897589 4670.8287613987923 283.59589564800262
leaf_count=221 224 204 500 7744 198 112 29922 6943 454
internal_value=1.54653e-05 0.000783436 0.00122822 -5.82746e-07 0.000898688 0.00186314 -1.13219e-05 3.1552e-05 -0.000206005
internal_weight=30960.7 644.532 488.844 30316.1 344.823 208.712 29971.3 24521.4 5449.89
internal_count=46522 928 724 45594 531 310 45063 36865 8198
is_linear=0
shrinkage=0.02


Tree=491
num_leaves=6
num_cat=0
split_feature=22 2 24 20 20
split_gain=0.98662 0.879474 0.73599 1.1517 0.800747
threshold=-3.9734998396232415 39.532916666666672 0.79406416556149761 -5.8418543131924823 0.7378051315812969
decision_type=2 2 2 2 2
left_child=-1 2 4 -4 -2
right_child=1 -3 3 -5 -6
leaf_value=0.0017915355291077497 -0.00017819954166605764 -0.0016730496443818324 0.0025118484529699698 0.00010565172639250476 0.00011474218815002042
leaf_weight=122.61162889003754 10735.694382458925 121.93472597002983 78.43807664513588 14224.381824195385 5677.6155985593796
leaf_count=185 16512 177 123 21017 8508
internal_value=1.51546e-05 7.65175e-06 1.47577e-05 0.000119896 -7.62557e-05
internal_weight=30960.7 30838.1 30716.1 14302.8 16413.3
internal_count=46522 46337 46160 21140 25020
is_linear=0
shrinkage=0.02


Tree=492
num_leaves=8
num_cat=0
split_feature=22 44 46 46 42 34 20
split_gain=0.948158 0.855181 1.0966 1.06391 0.802976 0.772808 0.712693
threshold=-3.9734998396232415 3.5078232286408215 4.3500000000000005 3.5857142857142863 1.2500000000000002 0.2698979714233149 2.823514656833169
decision_type=2 2 2 2 2 2 2
left_child=-1 4 3 -3 5 -2 -6
right_child=1 2 -4 -5 6 -7 -8
leaf_value=0.0017562799415912634 -0.00012339210340460346 -0.00019540158711070339 -0.00069621687119575881 0.0018150850150499417 -0.00031418959218138621 9.3106082518053384e-05 -0.0018713541687763549
leaf_weight=122.61162889003754 10230.808138549328 139.32291826605797 152.19109037518501 339.84303644299507 1347.5245636403561 18496.828776597977 131.54608395695686
leaf_count=185 15749 217 199 492 1926 27568 186
internal_value=1.48614e-05 7.49986e-06 0.000734987 0.00121135 -7.42213e-06 1.5653e-05 -0.000461773
internal_weight=30960.7 30838.1 631.357 479.166 30206.7 28727.6 1479.07
internal_count=46522 46337 908 709 45429 43317 2112
is_linear=0
shrinkage=0.02


Tree=493
num_leaves=8
num_cat=0
split_feature=46 2 0 0 34 34 34
split_gain=0.899098 1.39917 1.11076 0.714065 0.697721 0.941248 0.716162
threshold=3.5634920634920637 35.157250000000005 37.926381126134224 31.831923719931801 0.2698979714233149 0.37631566212523482 0.26695538303205052
decision_type=2 2 2 2 2 2 2
left_child=2 3 4 -2 6 -6 -1
right_child=1 -3 -4 -5 5 -7 -8
leaf_value=-0.00010917161555692137 0.00035488886269802671 -0.00027653061539388189 -0.0018448795398075372 0.0019970217694300811 0.00034674596565272621 3.771229373530463e-06 -0.0016603472950399015
leaf_weight=10173.911756068468 194.52926748991013 350.30698269605637 128.43751710653305 288.74168539047241 4040.584311157465 15664.596687316895 119.56802949309349
leaf_count=15684 313 519 167 394 6085 23178 182
internal_value=1.45454e-05 0.000661745 -3.07262e-06 0.00136081 4.60211e-06 7.46343e-05 -0.00012848
internal_weight=30960.7 833.578 30127.1 483.271 29998.7 19705.2 10293.5
internal_count=46522 1226 45296 707 45129 29263 15866
is_linear=0
shrinkage=0.02


Tree=494
num_leaves=6
num_cat=0
split_feature=22 2 46 31 20
split_gain=0.910419 0.829031 0.7005 0.786544 0.680519
threshold=-3.9734998396232415 39.532916666666672 3.5634920634920637 0.81914457354758097 -5.8418543131924823
decision_type=2 2 2 2 2
left_child=-1 2 4 -4 -2
right_child=1 -3 3 -5 -6
leaf_value=0.0017206488443737445 0.00088359601610125092 -0.0016247632870134341 0.0012298622900388881 0 -1.1971705131037702e-05
leaf_weight=122.61162889003754 341.29385578632355 121.93472597002983 395.15910595655441 404.176479190588 29575.50044092536
leaf_count=185 526 177 579 596 44459
internal_value=1.42465e-05 7.02647e-06 1.39351e-05 0.000597529 -1.36236e-06
internal_weight=30960.7 30838.1 30716.1 799.336 29916.8
internal_count=46522 46337 46160 1175 44985
is_linear=0
shrinkage=0.02


Tree=495
num_leaves=11
num_cat=0
split_feature=16 16 16 21 21 21 47 45 21 47
split_gain=0.930636 0.839572 1.11107 0.892392 0.867544 1.40488 0.723585 1.20266 0.689272 0.598705
threshold=9.7225000000000019 11.322500000000003 11.245000000000003 1.2506912847667488 0.96455467987624099 0.97176624528176758 2.6351412898745719 3.5500000000000003 0.90341411189751808 3.0569966308538228
decision_type=2 2 2 2 2 2 2 2 2 2
left_child=6 2 3 -2 8 -6 -1 9 -3 -8
right_child=1 4 -4 -5 5 -7 7 -9 -10 -11
leaf_value=-5.2093693084539126e-05 0.00046840974265874248 6.4989767439777306e-05 0.0022604120694432513 -0.001145000158597653 0.0027541350322994171 0.00013787209441447367 0.0021986173791157847 -0.00083422086048854684 -0.00093618924328210966 0
leaf_weight=16987.618194848299 2884.1423501372337 519.61885651946068 133.73858121037483 138.78317606449127 81.292374163866043 9604.1731053292751 185.194554656744 109.33592212200165 543.39735388755798 67.315473526716232
leaf_count=25525 4310 791 200 208 119 14379 274 156 831 103
internal_value=6.45702e-05 0.00018657 0.000474101 0.000390324 0.000101124 0.000161427 -3.26432e-05 0.000848283 -0.000438205 0.00161692
internal_weight=31254.6 13905.1 3156.66 3022.93 10748.5 9685.47 17349.5 361.846 1063.02 252.51
internal_count=46896 20838 4718 4518 16120 14498 26058 533 1622 377
is_linear=0
shrinkage=0.02


Tree=496
num_leaves=8
num_cat=0
split_feature=46 42 33 17 17 33 42
split_gain=0.787568 0.805748 0.648295 0.595944 0.688112 0.552362 0.513644
threshold=1.3875000000000002 1.4500000000000002 -0.44999999999999996 3.1103124621127729 2.8470329649246469 -0.6499999999999998 2.2500000000000004
decision_type=2 2 2 2 2 2 2
left_child=1 3 5 4 -1 -2 -4
right_child=2 -3 6 -5 -6 -7 -8
leaf_value=-5.7919748210675185e-06 -2.4596613109613283e-05 -0.00081722128292423463 0.00014755717715311575 -0.0017520834862278934 0.0012200211156835376 0.00095418660382868073 -0.0015371899205389055
leaf_weight=16960.984831720591 306.16690045595169 495.84364986419678 12423.627920299768 75.391253590583801 183.07932049036026 739.67273691296577 69.843329131603241
leaf_count=25490 461 699 18689 109 255 1097 96
internal_value=6.32914e-05 -2.39818e-05 0.000178208 -4.67117e-07 6.85589e-06 0.000658607 0.000137094
internal_weight=31254.6 17715.3 13539.3 17219.5 17144.1 1045.84 12493.5
internal_count=46896 26553 20343 25854 25745 1558 18785
is_linear=0
shrinkage=0.02


Tree=497
num_leaves=7
num_cat=0
split_feature=1 42 1 1 1 16
split_gain=0.885236 0.637097 0.550806 0.929917 0.764414 0.719878
threshold=24.058166666666672 2.0500000000000003 24.857000000000003 25.433333333333337 26.584833333333332 9.9600000000000044
decision_type=2 2 2 2 2 2
left_child=1 -1 5 -4 -5 -2
right_child=2 -3 3 4 -6 -7
leaf_value=-5.0554643728254205e-05 0.00022828466599687872 -0.0019154130474949122 -0.00055395728091780594 0.0005936907622519481 0.00011380932808315836 0.0013966418388195673
leaf_weight=13149.287138432264 696.59721493721008 72.047739058732986 761.16186162829399 1473.5827468931675 14782.167213737965 319.76602777838707
leaf_count=19676 1035 101 1123 2187 22305 469
internal_value=6.20041e-05 -6.17613e-05 0.000153296 0.000125499 0.000157993 0.000607711
internal_weight=31254.6 13221.3 18033.3 17016.9 16255.7 1016.36
internal_count=46896 19777 27119 25615 24492 1504
is_linear=0
shrinkage=0.02


Tree=498
num_leaves=10
num_cat=0
split_feature=47 23 23 23 47 21 1 1 1
split_gain=0.85913 1.05285 1.72516 0.951736 0.883305 0.69885 0.619183 0.92526 0.567527
threshold=1.1231627425856459 0.46522074878864111 0.48492203286217045 0.44418939301367194 1.1096378355122363 0.781202210460059 33.500333333333337 33.142833333333343 34.049500000000016
decision_type=2 2 2 2 2 2 2 2 2
left_child=4 3 -3 -2 6 -4 7 -1 -8
right_child=1 2 5 -5 -6 -7 8 -9 -10
leaf_value=-1.9242971556770714e-05 -0.00024693454677700408 0.0029192998797334217 -0.00073160845675670648 -0.0022521521910045012 -0.001207326832635604 0.0001974130438604657 -0.0021124136531609976 0.0022083068960940372 -0.00034541429592488897
leaf_weight=13430.595507144928 795.50874441862106 90.883325964212418 324.46989446878433 108.79094099998474 259.00434961915016 15723.359873741865 97.871199458837509 72.977980971336365 351.14812567830086
leaf_count=20145 1190 134 513 159 389 23584 143 107 532
internal_value=6.07638e-05 0.000156659 0.000194334 -0.000503642 -5.35387e-05 0.000177917 -3.12342e-05 -6.13885e-06 -0.000760392
internal_weight=31254.6 17043 16138.7 904.3 14211.6 16047.8 13952.6 13503.6 449.019
internal_count=46896 25580 24231 1349 21316 24097 20927 20252 675
is_linear=0
shrinkage=0.02


Tree=499
num_leaves=11
num_cat=0
split_feature=16 42 16 16 21 21 33 21 47 47
split_gain=0.839514 1.00738 0.815471 1.0684 0.854276 0.821308 1.41248 1.35302 0.754675 0.637041
threshold=9.7225000000000019 0.75000000000000011 11.322500000000003 11.245000000000003 1.2506912847667488 0.96455467987624099 1.0000000180025095e-35 0.97176624528176758 2.4535101392761032 3.0569966308538228
decision_type=2 2 2 2 2 2 2 2 2 2
left_child=1 8 3 4 -2 6 -4 -7 -1 -10
right_child=2 -3 5 -5 -6 7 -8 -9 9 -11
leaf_value=2.6980647614161884e-06 0.00045296515820214154 -0.0004062446181258232 0.00077856057583900959 0.0022104128884160188 -0.0011254561170105813 0.0026940211917933004 -0.0008695020384453634 0.00012677213759753581 0.0013494844860430235 -0.000186745894797379
leaf_weight=14415.028505325317 2884.1423501372337 2477.9521314799786 274.67164772748947 133.73858121037483 138.78317606449127 81.292374163866043 788.34456267952919 9604.1731053292751 307.5118450820446 148.97166326642036
leaf_count=21732 4310 3650 413 200 208 119 1209 14379 457 219
internal_value=5.95144e-05 -3.27973e-05 0.000175399 0.000458711 0.000376497 9.11946e-05 -0.000433609 0.000149904 2.8802e-05 0.000827703
internal_weight=31254.6 17349.5 13905.1 3156.66 3022.93 10748.5 1063.02 9685.47 14871.5 456.484
internal_count=46896 26058 20838 4718 4518 16120 1622 14498 22408 676
is_linear=0
shrinkage=0.02


Tree=500
num_leaves=8
num_cat=0
split_feature=2 12 0 37 36 37 0
split_gain=0.847917 0.712448 0.642077 0.670503 1.32731 0.764249 0.50668
threshold=38.212750000000007 17.692668893833844 36.615894338797965 0.16360601341972658 0.10555555555555557 0.30586174169497943 37.214475057815783
decision_type=2 2 2 2 2 2 2
left_child=2 -2 3 4 -1 -5 -3
right_child=1 6 -4 5 -6 -7 -8
leaf_value=-2.1789250785067505e-05 -0.001828166118765234 0.0011116046351159715 0.00095280747706614729 -0.00027964861401122751 0.00059969492477780306 -1.1667726469180245e-05 -0.00099294596951479837
leaf_weight=4932.3340752720833 189.62443396449089 78.832719564437866 268.5917207300663 5614.9831072092056 1888.7369114458561 17945.787966519594 102.33325093984604
leaf_count=7403 300 124 363 8534 2913 26772 135
internal_value=-2.80462e-05 -0.000976593 -1.61821e-05 -2.51397e-05 0.000148958 -7.59754e-05 -2.04364e-05
internal_weight=31021.2 370.79 30650.4 30381.8 6821.07 23560.8 181.166
internal_count=46544 559 45985 45622 10316 35306 259
is_linear=0
shrinkage=0.02


Tree=501
num_leaves=9
num_cat=0
split_feature=39 37 21 12 0 20 0 0
split_gain=1.0608 1.406 0.620232 1.43372 0.7641 0.635428 0.578798 0.550517
threshold=1.2500000000000002 1.2306416094213801 1.1597396405120375 17.985693838783494 22.823008522455385 -6.435683541707804 37.214475057815783 14.184167513905194
decision_type=2 2 2 2 2 2 2 2
left_child=2 -2 5 -4 -5 7 -7 -1
right_child=1 -3 3 4 -6 6 -8 -9
leaf_value=-0.00036420563797896695 -0.0027883094187984131 -0.00037253102547758987 -0.00052854766568912479 0.00019327185134861233 0.00088026680368293801 -3.56262399826559e-05 -0.00098399679791506237 0.00167419481842151
leaf_weight=67.898476511240005 104.26607385277748 1323.2750303447247 749.607123285532 1821.7258032262325 1050.5142640173435 25488.058261483908 259.07517275214195 156.80398017168045
leaf_count=107 153 1981 1109 2663 1568 38362 356 245
internal_value=-2.74924e-05 -0.000559626 -1.44929e-06 0.000243307 0.000448455 -3.59824e-05 -4.56331e-05 0.00101636
internal_weight=31021.2 1427.54 29593.7 3621.85 2872.24 25971.8 25747.1 224.702
internal_count=46544 2134 44410 5340 4231 39070 38718 352
is_linear=0
shrinkage=0.02


Tree=502
num_leaves=8
num_cat=0
split_feature=39 2 50 50 21 21 21
split_gain=1.01962 0.864511 0.693909 0.663372 0.599464 0.575673 0.53539
threshold=1.2500000000000002 38.212750000000007 0.17642263963076799 -0.60758050520872886 1.3748961903878119 0.781202210460059 1.1536359313601243
decision_type=2 2 2 2 2 2 2
left_child=1 3 -3 -1 -5 -2 -7
right_child=5 2 -4 4 -6 6 -8
leaf_value=0.00076301759209570119 -0.0022997250998706849 -0.0015642093632860755 0.00023745755863869162 -1.1565081514621909e-05 0.00084436608008599267 -0.00029371888414573519 -0.0015845733061993015
leaf_weight=459.05255088210106 72.106545746326447 248.80890735983849 115.62480062246323 28441.130500465631 329.0663221180439 1206.6671736836433 148.76738476753235
leaf_count=708 107 375 174 42645 508 1800 227
internal_value=-2.69584e-05 -1.41918e-06 -0.000967124 1.03446e-05 -1.36958e-06 -0.000548662 -0.000444891
internal_weight=31021.2 29593.7 364.434 29229.2 28770.2 1427.54 1355.43
internal_count=46544 44410 549 43861 43153 2134 2027
is_linear=0
shrinkage=0.02


Tree=503
num_leaves=8
num_cat=0
split_feature=39 37 2 12 21 51 37
split_gain=0.980719 1.35004 0.829586 0.658073 0.557133 0.671817 0.595906
threshold=1.2500000000000002 1.2306416094213801 38.212750000000007 17.692668893833844 1.3748961903878119 0.54833379965602103 1.7366486748380328
decision_type=2 2 2 2 2 2 2
left_child=2 -2 4 -4 6 -6 -1
right_child=1 -3 3 -5 5 -7 -8
leaf_value=-5.1426746544583165e-06 -0.0027218226878517179 -0.00035462679673648872 -0.0017798787999615357 -2.503251777310991e-05 -0.00035154824139402464 0.0014814621365098299 0.0013926755120666485
leaf_weight=28778.817129760981 104.26607385277748 1323.2750303447247 184.87064364552498 179.56306433677673 113.05570960044861 216.87015700340271 120.50637710094452
leaf_count=43170 153 1981 292 257 175 335 181
internal_value=-2.64307e-05 -0.000538086 -1.37691e-06 -0.00094738 1.01399e-05 0.000824884 4.3601e-07
internal_weight=31021.2 1427.54 29593.7 364.434 29229.2 329.926 28899.3
internal_count=46544 2134 44410 549 43861 510 43351
is_linear=0
shrinkage=0.02


Tree=504
num_leaves=9
num_cat=0
split_feature=2 27 32 37 27 36 20 27
split_gain=0.735594 1.49171 0.687908 0.824287 0.983706 0.933687 0.762814 0.978621
threshold=38.212750000000007 1.1396462672251151 1.3500000000000003 0.16360601341972658 2.3865142105686705 0.10555555555555557 -0.98333817583915806 1.5412325332773358
decision_type=2 2 2 2 2 2 2 2
left_child=2 -2 3 5 -5 -1 7 -4
right_child=1 -3 6 4 -6 -7 -8 -9
leaf_value=3.1442753685753947e-06 -0.0022095139482642173 0.00027934296842849313 0.0013146968482667348 -0.00011138289962823519 0.002037100067498185 0.00054773826143197663 0.0001115048328118972 -0.00098442337642765847
leaf_weight=4549.3344316184521 180.30255120992661 190.48785325884819 471.58346065878868 21678.195989519358 83.135912239551544 1759.4195714890957 2027.5762386918068 81.188176959753036
leaf_count=6817 278 281 732 32510 114 2707 2993 112
internal_value=-2.59245e-05 -0.000909438 -1.48514e-05 -4.38965e-05 -0.000102529 0.000156734 0.00029703 0.000956657
internal_weight=31021.2 370.79 30650.4 28070.1 21761.3 6308.75 2580.35 552.772
internal_count=46544 559 45985 42148 32624 9524 3837 844
is_linear=0
shrinkage=0.02


Tree=505
num_leaves=7
num_cat=0
split_feature=42 15 17 15 17 14
split_gain=0.988259 0.920363 1.00041 1.4833 1.04697 0.513471
threshold=2.1500000000000008 23.102652948081236 2.466831748314227 10.632231269661185 2.3205943893006697 10.500000000000002
decision_type=2 2 2 2 2 2
left_child=1 2 4 -4 -1 -3
right_child=-2 5 3 -5 -6 -7
leaf_value=5.3059893135908595e-05 -0.0016352854353253632 0.0014186685200926661 -0.0010089359566373298 -8.2427030808329292e-05 0.00063706590919978786 0
leaf_weight=21095.220728188753 140.58397322893143 293.93525359034538 767.00476691126823 7247.2540652155876 1307.6014197468758 168.19093689322472
leaf_count=31902 190 462 1154 10560 1985 254
internal_value=2.45863e-05 3.25725e-05 1.87484e-05 -0.000172576 8.76471e-05 0.000916928
internal_weight=31019.8 30879.2 30417.1 8014.26 22402.8 462.126
internal_count=46507 46317 45601 11714 33887 716
is_linear=0
shrinkage=0.02


Tree=506
num_leaves=8
num_cat=0
split_feature=42 15 30 17 15 17 30
split_gain=0.949687 0.884643 2.14875 0.96112 1.42456 1.00549 0.521023
threshold=2.1500000000000008 23.102652948081236 -0.089180652801498131 2.466831748314227 10.632231269661185 2.3205943893006697 0.22672758583685251
decision_type=2 2 2 2 2 2 2
left_child=1 3 -3 5 -5 -1 -4
right_child=-2 2 6 4 -6 -7 -8
leaf_value=5.1998793224799022e-05 -0.0016030384936986902 0.0027338827490044821 -0.0006254666746101802 -0.00098880970773501491 -8.0778951714271401e-05 0.00062434405160809376 0.0012131368785645942
leaf_weight=21095.220728188753 140.58397322893143 162.93100506067276 216.36634424328804 767.00476691126823 7247.2540652155876 1307.6014197468758 82.828841179609299
leaf_count=31902 190 255 335 1154 10560 1985 126
internal_value=2.40911e-05 3.19261e-05 0.000898958 1.83663e-05 -0.000169155 8.59044e-05 -7.85931e-05
internal_weight=31019.8 30879.2 462.126 30417.1 8014.26 22402.8 299.195
internal_count=46507 46317 716 45601 11714 33887 461
is_linear=0
shrinkage=0.02


Tree=507
num_leaves=9
num_cat=0
split_feature=42 30 32 2 1 0 37 0
split_gain=0.912618 0.785072 1.15797 0.959601 1.09346 0.907051 0.892685 0.782523
threshold=2.1500000000000008 -0.15402712737619231 0.65000000000000002 13.488159722222223 14.45466666666667 26.192556066697588 1.5458128604600454 20.465039692286574
decision_type=2 2 2 2 2 2 2 2
left_child=1 2 7 4 -3 -4 -5 -1
right_child=-2 3 5 6 -6 -7 -8 -9
leaf_value=-0.0005481665412085953 -0.0015714274452171253 0.00027065834323470689 0.00080119701040182439 -7.9306025486967289e-05 0.0020138660682685631 0.00018073711240462618 0.00052598399202816333 0.00015248526413799839
leaf_weight=969.37627187371254 140.58397322893143 1101.8106459081173 1651.7951299250126 21826.867151230574 168.17845386266708 2322.6357534229755 1015.0560418069363 1823.4877225160599
leaf_count=1450 190 1681 2506 32736 248 3385 1543 2768
internal_value=2.36045e-05 3.12913e-05 0.000221744 -2.17606e-05 0.000512168 0.000441392 -5.19265e-05 -8.73445e-05
internal_weight=31019.8 30879.2 6767.29 24111.9 1269.99 3974.43 22841.9 2792.86
internal_count=46507 46317 10109 36208 1929 5891 34279 4218
is_linear=0
shrinkage=0.02


Tree=508
num_leaves=8
num_cat=0
split_feature=42 15 30 14 30 15 30
split_gain=0.877021 0.849085 2.06118 0.630767 0.965967 0.771214 0.501131
threshold=2.1500000000000008 23.102652948081236 -0.089180652801498131 8.5000000000000018 -0.071301879618170985 7.4174096804498886 0.22672758583685251
decision_type=2 2 2 2 2 2 2
left_child=1 3 -3 5 -5 -1 -4
right_child=-2 2 6 4 -6 -7 -8
leaf_value=0.00044668478477588076 -0.0015404397455444281 0.0026772972806383476 -0.00061357732174358308 0.0001345517885494484 -0.00012988406554472127 9.9345125249891596e-06 0.001189435136887412
leaf_weight=2738.0579636394978 140.58397322893143 162.93100506067276 216.36634424328804 8780.7050256729126 14833.071011692286 4065.2469790577888 82.828841179609299
leaf_count=4381 190 255 335 12902 21915 6403 126
internal_value=2.31476e-05 3.06892e-05 0.000880112 1.73982e-05 -3.11279e-05 0.000187258 -7.66487e-05
internal_weight=31019.8 30879.2 462.126 30417.1 23613.8 6803.3 299.195
internal_count=46507 46317 716 45601 34817 10784 461
is_linear=0
shrinkage=0.02


Tree=509
num_leaves=7
num_cat=0
split_feature=42 15 30 14 1 15
split_gain=0.842806 0.815958 1.98032 0.60594 0.948502 0.740513
threshold=2.1500000000000008 23.102652948081236 -0.089180652801498131 8.5000000000000018 33.77383333333335 7.4174096804498886
decision_type=2 2 2 2 2 2
left_child=1 3 -3 5 -5 -1
right_child=-2 2 -4 4 -6 -7
leaf_value=0.00043775761298343267 -0.001510063076587777 0.0026244006320956994 -7.4375309403508014e-05 1.88315655955136e-05 -0.00035329962105426781 9.7359191442364851e-06
leaf_weight=2738.0579636394978 140.58397322893143 162.93100506067276 299.19518542289734 20458.373325675726 3155.4027116894722 4065.2469790577888
leaf_count=4381 190 255 461 30132 4685 6403
internal_value=2.26939e-05 3.00932e-05 0.00086279 1.70574e-05 -3.04969e-05 0.000183545
internal_weight=31019.8 30879.2 462.126 30417.1 23613.8 6803.3
internal_count=46507 46317 716 45601 34817 10784
is_linear=0
shrinkage=0.02


Tree=510
num_leaves=13
num_cat=0
split_feature=29 51 17 17 19 17 50 17 17 51 4 50
split_gain=0.991418 0.863942 1.00763 2.11242 0.833883 1.19668 1.14113 1.54117 0.886656 0.833149 0.958883 0.588862
threshold=0.75000000000000011 0.77933827949875822 3.0775929102326973 2.7470943024307544 0.43234160938233934 3.4101832604449229 -0.22638705088360381 1.4005824436210388 1.5966163094165002 0.94051535279681497 26.680601041713697 -0.30697884049043883
decision_type=2 2 2 2 2 2 2 2 2 2 2 2
left_child=1 2 3 -1 6 11 7 -2 -8 10 -3 -6
right_child=4 9 -4 -5 5 -7 8 -9 -10 -11 -12 -13
leaf_value=0.00019981439548819984 0.001409050625041911 0.0014016498612867371 -0.0010351855496908043 0.0016557792461665882 -0.00062513017688307297 0.0025953377638338439 -0.00079989715018540051 -9.2457517104737854e-05 -0.00025211279344405257 6.9479685509511152e-05 -0.00048505848907748708 6.9231859630083372e-05
leaf_weight=7654.8559105992317 323.04531094431877 109.32518011331558 236.03471532464027 421.47835516929626 531.84786728024483 70.464940994977951 1647.2097967863083 1669.6088882684708 4535.8009777069092 6110.3930235505104 2074.2310984730721 5703.0343381166458
leaf_count=11665 477 168 346 622 820 105 2425 2427 6560 9253 3202 8575
internal_value=-1.06824e-05 9.44321e-05 0.00023871 0.000277426 -0.000131911 3.9528e-05 -0.00026533 0.000147119 -0.000399876 -4.89838e-05 -0.000384824 8.21656e-06
internal_weight=31087.3 16606.3 8312.37 8076.33 14481 6305.35 8175.66 1992.65 6183.01 8293.95 2183.56 6234.88
internal_count=46645 25256 12633 12287 21389 9500 11889 2904 8985 12623 3370 9395
is_linear=0
shrinkage=0.02


Tree=511
num_leaves=9
num_cat=0
split_feature=26 17 51 51 51 51 51 51
split_gain=0.674995 1.21727 0.838383 1.08522 1.05361 0.647827 0.536929 0.52824
threshold=0.84523809523809534 0.66646562410938781 0.77933827949875822 0.70826328035586783 0.94452607617777218 0.95442632486358925 0.62916047480651849 0.87678281408117742
decision_type=2 2 2 2 2 2 2 2
left_child=2 -2 3 6 7 -6 -1 -4
right_child=1 -3 4 -5 5 -7 -8 -9
leaf_value=0.0001881426863832694 0.001907182363845638 -0.00013986140824213315 -0.00016242565125141047 0.00082754303263875317 0.0013422333986867721 3.0652106038828079e-05 -0.00030832361995848325 -0.00077005903269975297
leaf_weight=7019.7172418832779 114.67329862713814 12874.01122495532 1417.2033092081547 1000.1124021112919 152.96574610471725 6503.6117292046547 979.60736587643623 1025.4280853569508
leaf_count=10730 171 18906 2186 1502 231 9857 1469 1593
internal_value=-1.04506e-05 -0.000120728 6.81434e-05 0.00020527 -6.63961e-05 6.26877e-05 0.000126033 -0.000422025
internal_weight=31087.3 12988.7 18098.6 8999.44 9099.21 6656.58 7999.32 2442.63
internal_count=46645 19077 27568 13701 13867 10088 12199 3779
is_linear=0
shrinkage=0.02


Tree=512
num_leaves=7
num_cat=0
split_feature=31 31 29 20 20 52
split_gain=1.05405 1.24443 0.969221 1.01756 0.763491 0.6068
threshold=2.0101229035110681 1.8121661569716705 0.75000000000000011 -5.8418543131924823 4.4812385397745578 0.95000000000000007
decision_type=2 2 2 2 2 2
left_child=1 2 4 -4 -1 -2
right_child=5 -3 3 -5 -6 -7
leaf_value=6.9427994157859589e-05 4.9036333197648166e-05 -0.00099595193565181006 0.0021187933618497185 -0.00014790510201941517 0.00088789060768939849 0.0012314447384939432
leaf_weight=15498.310795724392 325.8017835021019 521.26818579435349 77.15514263510704 13773.002738237381 470.71855372190475 421.0732037127018
leaf_count=23534 548 791 118 20252 698 704
internal_value=-1.02249e-05 -2.88359e-05 -1.15288e-05 -0.000134252 9.42881e-05 0.000730516
internal_weight=31087.3 30340.5 29819.2 13850.2 15969 746.875
internal_count=46645 45393 44602 20370 24232 1252
is_linear=0
shrinkage=0.02


Tree=513
num_leaves=8
num_cat=0
split_feature=31 31 4 12 19 4 4
split_gain=1.01319 1.19538 0.724044 0.828688 0.735126 0.544497 0.933245
threshold=2.0101229035110681 1.8121661569716705 17.808333667611276 17.753074439189231 -0.504448779682379 34.035012724806485 29.289169137433614
decision_type=2 2 2 2 2 2 2
left_child=1 2 4 -4 -1 6 -2
right_child=5 -3 3 -5 -6 -7 -8
leaf_value=0.0020828394250013036 0.0012128968195073129 -0.00097610901336838318 -0.00026455078305485539 2.4420188151148135e-05 2.8493692511440855e-06 0.0010716325289222939 -0.0013337809652441363
leaf_weight=130.29436185956001 108.57418477535248 521.26818579435349 4716.1807341277599 24812.726111769676 159.98602256178856 521.38147959113121 116.91932284832001
leaf_count=203 179 791 6988 37161 250 884 189
internal_value=-9.99057e-06 -2.82434e-05 -1.12742e-05 -2.14087e-05 0.000978545 0.000716242 -6.3726e-05
internal_weight=31087.3 30340.5 29819.2 29528.9 290.28 746.875 225.494
internal_count=46645 45393 44602 44149 453 1252 368
is_linear=0
shrinkage=0.02


Tree=514
num_leaves=14
num_cat=0
split_feature=26 50 52 20 20 20 20 20 20 18 20 51 52
split_gain=0.622582 0.932964 0.703765 1.40007 0.994649 0.827924 0.699234 0.822616 0.638815 0.592309 0.589667 0.968061 0.586161
threshold=0.84523809523809534 0.24221979037048372 0.95000000000000007 -0.50614217445195198 0.0023515054446753502 -2.6906789730245175 4.9915709712567464 2.888074482782049 -4.0595413389333723 3.1940085674000569 -0.16889125433928232 1.6799351448761135 1.1500000000000001
decision_type=2 2 2 2 2 2 2 2 2 2 2 2 2
left_child=1 6 8 5 -5 -4 7 -1 -2 -10 11 -3 -8
right_child=2 10 3 4 -6 -7 12 -9 9 -11 -12 -13 -14
leaf_value=0.0001484251839414516 0.0014737367525566351 -0.0011574188080137105 3.8056573762243421e-05 0.00037646040718418802 -0.00018727467182335836 -0.00077932691855778224 0.0004685151109531467 -0.0004517157829131597 0.0001109746938118011 -0.0017548705412450691 -0.00010416496938978057 0.00085666052268456206 0.0027293151647343173
leaf_weight=14135.824734866619 134.18326592445374 537.51933294534683 619.04841724038124 1642.1405447423458 5190.4136312305927 2092.9265012741089 167.04483276605606 967.82861316204071 3242.8797175884247 67.092445582151413 2110.7447500526905 108.61436131596565 71.069254636764526
leaf_count=21533 198 830 927 2474 7439 3056 256 1447 4866 117 3215 184 103
internal_value=-9.76912e-06 6.56986e-05 -0.000115691 -0.00020452 -5.02525e-05 -0.000589172 0.000127019 0.000109252 0.000127548 6.90982e-05 -0.000271764 -0.000801827 0.00120205
internal_weight=31087.3 18098.6 12988.7 9544.53 6832.55 2711.97 15341.8 15103.7 3444.16 3309.97 2756.88 646.134 238.114
internal_count=46645 27568 19077 13896 9913 3983 23339 22980 5181 4983 4229 1014 359
is_linear=0
shrinkage=0.02


Tree=515
num_leaves=10
num_cat=0
split_feature=2 0 35 37 52 52 52 25 0
split_gain=1.23657 0.953533 1.4414 1.01762 0.847337 0.773045 0.769038 0.757809 0.601566
threshold=37.888750000000009 33.874068686525696 1.1000000000000003 0.080365331272478607 2.4500000000000006 2.6500000000000008 2.7500000000000004 0.77500000000000013 37.214475057815783
decision_type=2 2 2 2 2 2 2 2 2
left_child=1 4 3 -3 7 -6 -4 -1 -2
right_child=8 2 6 -5 5 -7 -8 -9 -10
leaf_value=0.00013813921836045874 -0.00028883919041449726 0.0016612496666395307 0.001830015276102282 6.9587120893082013e-05 -0.001060853060340399 -0.00013981848375129962 -0.00027777460049757479 -7.7685450126240845e-05 -0.0017663279363513945
leaf_weight=13351.273451328278 263.60810589790344 173.00190338492393 362.25552344322205 2212.9279306828976 527.04821148514748 1281.3652521967888 75.122328579425812 12638.008126407862 216.76592066884041
leaf_count=20314 419 235 529 3202 824 1971 100 18758 298
internal_value=2.31125e-05 3.92518e-05 0.000389346 0.00019048 3.30887e-06 -0.000414646 0.00144561 3.28058e-05 -0.000980837
internal_weight=31101.4 30621 2823.31 2385.93 27797.7 1808.41 437.378 25989.3 480.374
internal_count=46650 45933 4066 3437 41867 2795 629 39072 717
is_linear=0
shrinkage=0.02


Tree=516
num_leaves=8
num_cat=0
split_feature=0 32 33 46 52 53 25
split_gain=1.05069 0.892131 0.975928 1.00018 0.907775 1.20566 0.838706
threshold=37.214475057815783 1.3500000000000003 0.45000000000000007 0.95000000000000007 2.3500000000000001 1.8500000000000003 0.77500000000000013
decision_type=2 2 2 2 2 2 2
left_child=1 4 3 -3 6 -6 -1
right_child=-2 2 -4 -5 5 -7 -8
leaf_value=0.00014805447973033952 -0.0012275918647379803 0.0028754810494847349 0.00019355751426964381 0.00066618313379635517 -0.00075215281508749789 0.00016251974373191857 -7.921760263003379e-05
leaf_weight=13121.927667289972 264.15405201911926 110.85963925719261 2069.9903005063534 384.63694167137146 1390.037126749754 956.841253221035 12802.929773360491
leaf_count=19943 362 166 3099 568 2100 1407 19005
internal_value=2.26311e-05 3.37438e-05 0.000390711 0.00119015 9.72154e-07 -0.000375155 3.54335e-05
internal_weight=31101.4 30837.2 2565.49 495.497 28271.7 2346.88 25924.9
internal_count=46650 46288 3833 734 42455 3507 38948
is_linear=0
shrinkage=0.02


Tree=517
num_leaves=9
num_cat=0
split_feature=0 32 0 52 53 52 35 46
split_gain=1.00943 0.864753 1.18587 1.03026 1.00493 0.966005 0.834825 0.59541
threshold=37.214475057815783 1.2500000000000002 29.017105210884022 2.3500000000000001 1.5500000000000003 3.5500000000000003 1.4500000000000002 1.9500000000000002
decision_type=2 2 2 2 2 2 2 2
left_child=1 3 7 6 -5 -4 -1 -3
right_child=-2 2 5 4 -6 -7 -8 -9
leaf_value=8.6667456899258695e-07 -0.0012032245580658506 9.2302743014502109e-05 0.00077150985863399992 -0.0010895229208885931 -0.00013463085968755929 -0.0015378588310317133 0.0004870090994439006 -0.0010020610306974446
leaf_weight=23582.365732431412 264.15405201911926 1528.957913339138 1785.2846538424492 641.89499008655548 1498.3429749906063 70.940188944339752 1503.9065802097321 225.52966821193695
leaf_count=35477 362 2335 2576 972 2231 100 2233 364
internal_value=2.21875e-05 3.30861e-05 0.00032387 -5.13068e-06 -0.000426438 0.00067631 3.04457e-05 -4.36593e-05
internal_weight=31101.4 30837.2 3610.71 27226.5 2140.24 1856.22 25086.3 1754.49
internal_count=46650 46288 5375 40913 3203 2676 37710 2699
is_linear=0
shrinkage=0.02


Tree=518
num_leaves=8
num_cat=0
split_feature=0 33 34 37 4 4 4
split_gain=0.969751 0.711332 1.03972 2.42507 0.926346 1.3682 0.796993
threshold=37.214475057815783 0.65000000000000013 0.2130053218246751 0.10279284886882431 30.300170388873106 33.242767554248239 28.81953349178573
decision_type=2 2 2 2 2 2 2
left_child=1 4 -3 -4 6 -6 -1
right_child=-2 2 3 -5 5 -7 -8
leaf_value=-3.4898049816984695e-05 -0.0011793408846684601 -0.00061917751119015612 0.0032640181557749182 -6.6620896067522817e-05 0.0006642328550556688 9.2222698809622783e-05 -0.00073277297532425487
leaf_weight=3107.0212379992008 264.15405201911926 1414.3614045679569 86.541857272386551 6789.8379658460617 1867.8858917057514 16731.984999060631 839.58934560418129
leaf_count=4689 362 2321 135 10022 2755 25111 1255
internal_value=2.17262e-05 3.24147e-05 -0.000125466 -2.23128e-05 9.09197e-05 0.000150269 -0.00018619
internal_weight=31101.4 30837.2 8290.74 6876.38 22546.5 18599.9 3946.61
internal_count=46650 46288 12478 10157 33810 27866 5944
is_linear=0
shrinkage=0.02


Tree=519
num_leaves=11
num_cat=0
split_feature=2 32 32 1 34 0 35 52 0 1
split_gain=1.11404 0.965218 0.851234 1.05174 0.786203 0.740245 1.73723 0.948119 0.587418 0.509409
threshold=37.888750000000009 1.3500000000000003 1.4500000000000002 24.156833333333338 0.27257239765114855 33.874068686525696 1.1000000000000003 2.4500000000000006 35.85050632907781 17.459458333333338
decision_type=2 2 2 2 2 2 2 2 2 2
left_child=1 5 9 -4 -2 7 -7 -1 -6 -3
right_child=4 2 3 -5 8 6 -8 -9 -10 -11
leaf_value=1.5323847917634413e-06 -0.0028764396725588261 0.00259613818487017 -0.00065254994513590844 0.00045618004287240478 0.00091946288327529352 9.9784474426880708e-05 0.0016024634074035937 -0.00052479202440395005 -0.00094041903692557236 0.00078114745638470482
leaf_weight=24365.27389061451 71.224737942218781 74.114993691444397 454.42810165882111 1323.5295285284519 78.529436886310577 1920.7350592315197 368.87319788336754 1446.2884474694729 330.61985173821449 667.75950843095779
leaf_count=36614 105 110 694 1970 134 2789 530 2240 478 986
internal_value=2.12742e-05 3.66092e-05 0.000411456 0.000166767 -0.000931611 2.61393e-06 0.000347428 -2.76099e-05 -0.000556387 0.000982405
internal_weight=31101.4 30621 2519.83 1777.96 480.374 28101.2 2289.61 25811.6 409.149 741.875
internal_count=46650 45933 3760 2664 717 42173 3319 38854 612 1096
is_linear=0
shrinkage=0.02


Tree=520
num_leaves=11
num_cat=0
split_feature=50 15 30 50 12 33 36 12 16 15
split_gain=1.13954 1.63809 1.22272 1.03152 0.948144 0.97033 0.74203 0.804177 0.663764 0.565477
threshold=0.7109471923292251 13.001226851800014 -0.013776633733556398 0.2609813756014101 16.720772573750228 0.65000000000000013 2.0500000000000003 18.43437830700433 0.67749999999999988 16.285506994897261
decision_type=2 2 2 2 2 2 2 2 2 2
left_child=3 2 -2 6 -5 -6 8 -8 -1 -3
right_child=1 9 -4 4 5 -7 7 -9 -10 -11
leaf_value=0.001253543449500156 0.0019075387007562799 0.0038104039915018702 -0.0014534209510430002 0.0017500009670421391 -0.00013579703564484661 -0.00080477865164106405 -0.0018992900039877939 -0.00011242875547903502 5.2700677623181301e-05 0.0013034794159135104
leaf_weight=184.32589608430862 65.665380090475082 77.596696734428406 115.59163245558739 86.5825414955616 3161.8517912626266 1221.2838857769966 157.18707975745201 311.89970520138741 25594.711833447218 104.42268326878548
leaf_count=275 105 110 183 132 4753 1840 243 491 38366 154
internal_value=1.24178e-05 0.00112293 -0.000173722 -4.62145e-07 -0.000281568 -0.000324759 4.70435e-05 -0.00073794 6.17714e-05 0.00245635
internal_weight=31081.1 363.276 181.257 30717.8 4469.72 4383.14 26248.1 469.087 25779 182.019
internal_count=46652 552 288 46100 6725 6593 39375 734 38641 264
is_linear=0
shrinkage=0.02


Tree=521
num_leaves=11
num_cat=0
split_feature=33 36 15 12 12 36 36 12 36 12
split_gain=0.939227 1.20111 0.882068 0.834154 0.743774 0.653934 0.852685 0.8049 0.776545 0.616457
threshold=0.8500000000000002 1.8166666666666669 1.9406515621625211 19.767461702905191 19.098526605527812 0.31666666666666671 0.41428571428571431 19.869363735256716 1.0000000180025095e-35 18.77456232052489
decision_type=2 2 2 2 2 2 2 2 2 2
left_child=1 2 4 -4 -1 7 -7 8 -2 -3
right_child=5 9 3 -5 -6 6 -8 -9 -10 -11
leaf_value=0.00044952976364625165 0.00034018506254034124 -0.0015289699872068343 0.00010608871458248641 -0.00027482791035714476 0.0030351751370907604 0.000693376634820526 -0.00022339349072480471 0.00099609818045734563 -0.00092551455579437439 -0.00019055021593868755
leaf_weight=150.5032624900341 217.46597573161125 273.33301612734795 23097.275721400976 2540.3044581711292 70.027638584375381 474.98689526319504 2633.7636124491692 111.53999346494675 1195.8791012167931 316.0394506752491
leaf_count=253 332 425 34647 3730 121 719 3893 169 1869 494
internal_value=1.21767e-05 5.85066e-05 7.92358e-05 6.7937e-05 0.00133542 -0.000250015 -7.97495e-05 -0.000590024 -0.000723495 -0.00083125
internal_weight=31081.1 26447.5 25858.1 25637.6 220.531 4633.64 3108.75 1524.89 1413.35 589.372
internal_count=46652 39670 38751 38377 374 6982 4612 2370 2201 919
is_linear=0
shrinkage=0.02


Tree=522
num_leaves=9
num_cat=0
split_feature=50 15 50 18 12 23 39 15
split_gain=1.09672 1.57663 0.988972 1.16481 0.911037 0.840142 0.745403 0.541058
threshold=0.7109471923292251 13.001226851800014 0.2609813756014101 3.452791854258384 16.720772573750228 0.34194343781739628 2.2500000000000004 16.285506994897261
decision_type=2 2 2 2 2 2 2 2
left_child=2 -2 3 6 -4 -6 -1 -3
right_child=1 7 4 -5 5 -7 -8 -9
leaf_value=4.8631318719124154e-05 -0.00016974296193397241 0.0037359903179700845 0.0017151264466872601 0.0022792505732460652 -0.0016908693444766037 -0.00025910132061168713 -0.0010165709022550923 0.0012783497400950864
leaf_weight=25894.104804366827 181.25701254606247 77.596696734428406 86.5825414955616 91.223972797393799 172.02870064973831 4211.1069763898849 262.79573732614517 104.42268326878548
leaf_count=38820 288 110 132 136 262 6331 419 154
internal_value=1.19364e-05 0.00110139 -6.9311e-07 4.58154e-05 -0.000275946 -0.000318321 3.74702e-05 0.00240963
internal_weight=31081.1 363.276 30717.8 26248.1 4469.72 4383.14 26156.9 182.019
internal_count=46652 552 46100 39375 6725 6593 39239 264
is_linear=0
shrinkage=0.02


Tree=523
num_leaves=8
num_cat=0
split_feature=16 51 36 15 51 51 15
split_gain=0.800866 1.31436 0.617259 0.682244 1.09153 0.618768 0.622027
threshold=0.67749999999999988 0.79996021321716626 1.9500000000000002 17.401689060469433 0.62509153803320616 1.4464021807292435 5.2097913723388798
decision_type=2 2 2 2 2 2 2
left_child=1 -1 5 4 -4 -2 -7
right_child=2 -3 3 -5 -6 6 -8
leaf_value=-4.5292144061247238e-05 -1.1279709075116352e-05 0.0030988088906811436 0.00052847795507985241 0.00065178009285485382 -0.0014917672055748572 -0.00024008906985398745 0.00047623940051261834
leaf_weight=118.02628049254417 27564.996521443129 86.497953236103058 138.38244161009789 127.51036268472672 381.86501720547676 612.96039208769798 2050.880156815052
leaf_count=178 41212 126 221 189 598 969 3159
internal_value=1.17052e-05 0.00125313 3.07765e-06 -0.000606435 -0.000935281 1.65086e-05 0.000307602
internal_weight=31081.1 204.524 30876.6 647.758 520.247 30228.8 2663.84
internal_count=46652 304 46348 1008 819 45340 4128
is_linear=0
shrinkage=0.02


Tree=524
num_leaves=8
num_cat=0
split_feature=16 30 23 15 18 23 15
split_gain=0.768676 1.26326 0.960678 0.755674 0.64202 0.621984 0.617821
threshold=0.67749999999999988 -0.15165422123348862 0.45446102336751976 10.17282738147013 3.452791854258384 0.44418939301367194 9.7469984157652227
decision_type=2 2 2 2 2 2 2
left_child=1 -1 5 6 -5 -2 -4
right_child=2 -3 3 4 -6 -7 -8
leaf_value=0.0032033877441583285 -0.00029685182517646898 0 9.2326228374065342e-05 -0.00010246142681764962 0.0013457713707753084 -0.0017599382697392166 0.00062364217108541059
leaf_weight=77.575653612613678 2323.5987958610058 126.94858011603355 15764.796502113342 11608.190063804388 120.90877375006676 124.36708477139473 934.73367154598236
leaf_count=110 3521 194 23826 17223 180 180 1418
internal_value=1.14685e-05 0.00122769 3.00951e-06 3.60768e-05 -8.64531e-05 -0.000376641 0.000122736
internal_weight=31081.1 204.524 30876.6 28428.6 11729.1 2447.97 16699.5
internal_count=46652 304 46348 42647 17403 3701 25244
is_linear=0
shrinkage=0.02


Tree=525
num_leaves=14
num_cat=0
split_feature=47 17 5 5 2 2 2 2 16 5 17 5 5
split_gain=1.10245 1.38465 1.55112 1.54298 0.920356 1.36741 0.897114 0.736089 0.688422 0.596757 0.870931 0.567707 0.540306
threshold=1.0501903008568536 2.4382291245365848 42.284907431163539 41.060928416323286 24.262444444444451 25.450500000000002 21.556750000000005 39.532916666666672 0.67749999999999988 37.303556332063884 2.143683762554121 42.840061441833562 29.797986086735296
decision_type=2 2 2 2 2 2 2 2 2 2 2 2 2
left_child=8 4 3 -3 6 -6 -2 -4 12 10 -10 -11 -1
right_child=1 2 7 -5 5 -7 -8 -9 9 11 -12 -13 -14
leaf_value=0.0022368443664643237 0.00023400984465473486 -0.00024494166317234087 -2.5092280104703154e-05 -0.0026850695889743337 0.0011835860870828944 0.00027497670314016341 -0.00037192908772945804 -0.0018037176626735354 -6.0833826222757947e-05 -0.00053096185514149889 -0.0022722670567719072 -4.8057226302921312e-05 0
leaf_weight=81.432003438472748 2649.7455159127712 265.82723385095596 7774.1860309839249 180.00207993388176 777.56851208209991 4900.9173316657543 1544.5198749005795 92.506332576274872 8179.7483796179295 2974.5386637151241 70.200072228908539 1518.9134589731693 89.161480039358139
leaf_count=118 4001 361 11469 255 1164 7601 2297 138 12251 4443 97 2315 136
internal_value=-2.48401e-05 7.51261e-05 -0.000114243 -0.00126006 0.000235572 0.000401528 8.4215e-06 -4.77316e-05 -0.000166375 -0.000184012 -8.14092e-05 -0.000370045 0.00108004
internal_weight=31099.3 18185.3 8312.52 445.829 9872.75 5678.49 4194.27 7866.69 12914 12743.4 8249.95 4493.45 170.593
internal_count=46646 27286 12223 616 15063 8765 6298 11607 19360 19106 12348 6758 254
is_linear=0
shrinkage=0.02


Tree=526
num_leaves=14
num_cat=0
split_feature=47 52 51 44 44 52 40 44 44 52 44 44 44
split_gain=1.05875 1.62431 1.04897 1.05938 1.03087 0.851684 0.739128 2.46878 0.714151 0.727307 0.574615 1.1555 0.581596
threshold=1.0501903008568536 0.8500000000000002 0.67058864343173408 1.4356133159783033 0.92643856157440629 1.8500000000000003 -0.15991243431957453 1.3445874302266414 0.92054319681724317 2.2500000000000004 0.96429734758091701 0.95714948792705334 1.1287451633546577
decision_type=2 2 2 2 2 2 2 2 2 2 2 2 2
left_child=4 6 3 -3 8 -4 7 -2 9 -1 11 -6 -12
right_child=1 2 5 -5 10 -7 -8 -9 -10 -11 12 -13 -14
leaf_value=-3.8642727547625221e-05 0.0014373726713361617 -0.0011615479148832973 -5.0640817889451406e-05 -0.00017103840945928363 -0.00063363617275404959 0.00031598512213480175 0.0005772458234179818 -0.0014681206921837114 0.0016868541900246286 -0.0010091321034360885 -9.0139595776169066e-05 -0.0031583945876760143 -0.00067997136852747636
leaf_weight=9085.6937894225121 195.39191576838493 506.12403991818428 7066.8601818084717 3192.4407078027725 495.05329784750938 3920.6290307343006 3022.3481113314629 281.47892454266548 90.800836145877838 319.41074067354202 1662.6346553266048 87.821472406387329 1172.5792661905289
leaf_count=13425 292 738 10589 4771 742 5692 4746 458 132 521 2552 136 1852
internal_value=-2.43744e-05 7.3583e-05 -1.80462e-05 -0.00030984 -0.000163081 7.93048e-05 0.000460793 -0.000255717 -5.46413e-05 -7.28725e-05 -0.000461208 -0.00104064 -0.000337912
internal_weight=31099.3 18185.3 14686.1 3698.56 12914 10987.5 3499.22 476.871 9495.91 9405.1 3418.09 582.875 2835.21
internal_count=46646 27286 21790 5509 19360 16281 5496 750 14078 13946 5282 878 4404
is_linear=0
shrinkage=0.02


Tree=527
num_leaves=15
num_cat=0
split_feature=47 17 5 5 51 44 44 44 44 44 40 44 17 17
split_gain=1.0173 1.33054 1.48912 1.48149 1.05562 1.16467 0.991048 0.957054 0.707945 1.56721 0.700423 0.668063 0.638191 1.04057
threshold=1.0501903008568536 2.4382291245365848 42.284907431163539 41.060928416323286 0.93666437780304368 1.3445874302266414 0.92643856157440629 0.95099453451332705 0.82989577201352727 0.82335602893127102 0.14744606625041923 0.83624549092412137 1.6606483604721303 0.88104157508375647
decision_type=2 2 2 2 2 2 2 2 2 2 2 2 2 2
left_child=6 4 3 -3 5 -2 8 -6 9 -1 -4 -10 13 -8
right_child=1 2 10 -5 7 -7 12 -9 11 -11 -12 -13 -14 -15
leaf_value=-9.6547581631801311e-05 0.00035967598002202382 -0.00024071512660619039 3.4277305794138598e-05 -0.0026327361951380651 -0.00023544230026106958 -0.00021040524318193324 -0.001416690595982347 0.00060314621574099293 0.0018290057433360731 -0.0024856991661795372 -0.00047253404108237571 0.00020930690515406314 -0.00077592585687033511 -3.2211657791543783e-05
leaf_weight=7806.9802564382553 2664.3648608028889 265.82723385095596 6566.1791117787361 180.00207993388176 624.59389308094978 3083.0408625006676 249.11825734376907 3500.7516181766987 110.42553374171257 109.8696862757206 1300.5132517814636 1468.6298897862434 1434.9013393521309 1734.0690950751305
leaf_count=11569 3968 361 9683 255 954 4770 407 5371 164 158 1924 2187 2142 2733
internal_value=-2.39248e-05 7.20882e-05 -0.000113533 -0.00123626 0.000229379 5.21652e-05 -0.000159893 0.000473705 -5.35458e-05 -0.000131586 -4.83362e-05 0.00033107 -0.000452213 -0.000212412
internal_weight=31099.3 18185.3 8312.52 445.829 9872.75 5747.41 12914 4125.35 9495.91 7916.85 7866.69 1579.06 3418.09 1983.19
internal_count=46646 27286 12223 616 15063 8738 19360 6325 14078 11727 11607 2351 5282 3140
is_linear=0
shrinkage=0.02


Tree=528
num_leaves=12
num_cat=0
split_feature=48 5 5 5 31 46 2 5 2 2 22
split_gain=0.858396 1.43468 1.23096 1.24747 1.19137 0.958157 0.942233 1.58025 0.944999 0.885092 0.563799
threshold=1.2500000000000002 48.821793969327359 49.415366708565507 46.992190599479663 2.0101229035110681 3.3541666666666674 30.633666666666667 49.564106490194227 31.443416666666668 29.697416666666673 -1.6677062133942553
decision_type=2 2 2 2 2 2 2 2 2 2 2
left_child=2 5 3 4 -1 9 7 -3 -8 -2 -5
right_child=1 6 -4 10 -6 -7 8 -9 -10 -11 -12
leaf_value=-0.00011036711269604127 0.00012974899179681368 -0.00066070866470110056 0.00075714645583715924 -0.0017655519301275507 0.00088014323701854998 -0.00096514723160801875 -0.0016120101548637111 0.0010241515225289102 -0.00024460182271276136 0.00060894751549432299 -0.00053626676735992124
leaf_weight=18059.248543858528 3417.226856470108 352.57894194126129 645.53438800573349 181.45260933041573 495.36437883973122 223.2512404024601 220.26800236105919 578.27553912997246 2811.4833480715752 2912.6360161602497 1201.9471053481102
leaf_count=26937 5143 523 994 267 812 335 339 847 4265 4378 1806
internal_value=-2.34792e-05 0.000123091 -9.88494e-05 -0.000127139 -8.32919e-05 0.000305273 -0.000175671 0.00037521 -0.000348243 0.00035195 -0.000707039
internal_weight=31099.3 10515.7 20583.5 19938 18554.6 6553.11 3962.61 930.854 3031.75 6329.86 1383.4
internal_count=46646 15830 30816 29822 27749 9856 5974 1370 4604 9521 2073
is_linear=0
shrinkage=0.02


Tree=529
num_leaves=15
num_cat=0
split_feature=51 16 40 31 45 46 51 52 51 46 51 51 52 51
split_gain=0.890267 1.18365 1.46729 1.23516 1.0565 1.56761 0.865067 0.821495 0.91177 0.868174 0.849141 0.68583 0.572604 0.533821
threshold=1.4010180478996686 12.280000000000003 -0.20862390415114127 0.8966366319751744 2.7750000000000004 2.3875000000000006 1.4567979377033795 0.8500000000000002 1.2795015870351771 1.1055555555555558 0.67058864343173408 0.88330729414047782 2.8500000000000001 1.2561480847949755
decision_type=2 2 2 2 2 2 2 2 2 2 2 2 2 2
left_child=7 4 -3 -4 6 -6 -2 9 10 11 -9 -1 -10 -11
right_child=1 2 3 -5 5 -7 -8 8 12 13 -12 -13 -14 -15
leaf_value=0.00012014234826287327 0.00082954374929255852 -0.0016877512834337833 0.00035397791143442658 0.0020539078393367201 0.003617714400208214 7.0266454384211919e-05 -0.00024245928697792519 -0.00025323347694532721 -0.00079835077450693956 0.00031623916041594876 1.7524038569418472e-05 -0.0003780730576612462 0.00091063842328341414 0.0013059330094848706
leaf_weight=3573.4685165882111 356.56157368421555 70.967745780944824 349.83150634169579 368.97259560227394 78.325784027576447 147.39788919687271 1834.0812445282936 7815.5831286013126 1076.9659916162491 2286.1743835806847 11221.346730321646 1592.2043094038963 77.561971575021744 249.82359907031059
leaf_count=5336 532 111 547 574 121 227 2834 11731 1607 3634 16592 2285 120 395
internal_value=-2.30193e-05 0.000291974 0.000964082 0.00124373 6.75501e-05 0.0013661 -6.28157e-05 -5.96026e-05 -0.00012687 0.00011544 -9.31247e-05 -3.15733e-05 -0.000673517 0.000418627
internal_weight=31099.3 3206.14 789.772 718.804 2416.37 225.724 2190.64 27893.1 20191.5 7701.67 19036.9 5165.67 1154.53 2536
internal_count=46646 4946 1232 1121 3714 348 3366 41700 30050 11650 28323 7621 1727 4029
is_linear=0
shrinkage=0.02


Tree=530
num_leaves=9
num_cat=0
split_feature=23 33 40 40 23 40 40 23
split_gain=0.684124 0.661388 1.0429 0.741825 0.715457 0.657763 1.25032 0.528697
threshold=0.46522074878864111 1.0500000000000003 -0.29713876972912662 0.14021565160818603 0.48492203286217045 0.12659146556982778 0.18755376733777812 0.80091049820911286
decision_type=2 2 2 2 2 2 2 2
left_child=5 4 -3 -4 -2 -1 -7 -6
right_child=1 2 3 -5 7 6 -8 -9
leaf_value=-0.00015351514064912268 0.0012161387934630336 0.0016824833748476872 -0.00016739361790595297 -0.0011005530707146715 -8.1047423972997889e-05 -0.0025282232767555712 0 0.00013118308782923677
leaf_weight=2526.0812693834305 223.37176886200905 100.57421717047691 1650.8893609941006 441.22702306509018 6095.3217352330685 138.74980869889259 159.15070778131485 19757.708217650652
leaf_count=3812 342 148 2486 672 9046 212 237 29698
internal_value=3.26709e-05 6.26135e-05 -0.000269696 -0.000369835 9.09584e-05 -0.000263359 -0.00115421 8.07567e-05
internal_weight=31093.1 28269.1 2192.69 2092.12 26076.4 2823.98 297.901 25853
internal_count=46653 42392 3306 3158 39086 4261 449 38744
is_linear=0
shrinkage=0.02


Tree=531
num_leaves=3
num_cat=0
split_feature=17 35
split_gain=0.525066 0.537951
threshold=0.72139001289692206 1.0000000180025095e-35
decision_type=2 2
left_child=-1 -2
right_child=1 -3
leaf_value=-0.000356078007493078 0.00021637698999240251 5.8527869429323931e-06
leaf_weight=1326.6839266419411 6144.6338675320148 23621.756314665079
leaf_count=2003 9240 35410
internal_value=3.20031e-05 4.96585e-05
internal_weight=31093.1 29766.4
internal_count=46653 44650
is_linear=0
shrinkage=0.02


Tree=532
num_leaves=11
num_cat=0
split_feature=23 17 17 33 23 17 23 17 23 17
split_gain=0.656481 1.36687 1.36906 0.634487 0.719727 0.803284 0.687519 0.611444 0.602464 0.53887
threshold=0.46522074878864111 1.1360590058536115 1.1011047731773591 1.0500000000000003 0.73144013132828622 3.2482120456780925 0.48492203286217045 3.1216535343026894 0.54455182793717094 1.9495896619745976
decision_type=2 2 2 2 2 2 2 2 2 2
left_child=1 2 -1 6 8 -6 -2 -8 -5 -3
right_child=3 9 -4 4 5 -7 7 -9 -10 -11
leaf_value=6.9827187836064229e-05 0.0011914971589421241 -0.00085082743601492573 0.0029792912098982904 -0.0010404170302961285 -0.00051269442188787073 0.0015181966692491065 0.0001062838290608291 -0.00026364906992286391 0.0010172075341797428 0
leaf_weight=1138.1539869606495 223.37176886200905 1211.9559217095375 67.239267379045486 66.012490928173065 1782.0521105229855 77.311151146888733 23936.960955679417 1916.0689972043037 267.31484863162041 406.63260981440544
leaf_count=1739 342 1834 99 99 2700 108 35932 2812 399 589
internal_value=3.13629e-05 -0.000258618 0.000245072 6.07009e-05 -0.000264764 -0.000421338 8.847e-05 7.84616e-05 0.000576117 -0.000639735
internal_weight=31093.1 2823.98 1205.39 28269.1 2192.69 1859.36 26076.4 25853 333.327 1618.59
internal_count=46653 4261 1838 42392 3306 2808 39086 38744 498 2423
is_linear=0
shrinkage=0.02


Tree=533
num_leaves=2
num_cat=0
split_feature=18
split_gain=0.800715
threshold=0.66587360075068192
decision_type=2
left_child=-1
right_child=-2
leaf_value=-0.00078761032349343874 4.3621154112096411e-05
leaf_weight=467.75142726302147 30625.322681576014
leaf_count=696 45957
internal_value=3.0745e-05
internal_weight=31093.1
internal_count=46653
is_linear=0
shrinkage=0.02


Tree=534
num_leaves=5
num_cat=0
split_feature=23 40 40 23
split_gain=0.628228 0.628343 1.2039 0.580149
threshold=0.46522074878864111 0.12659146556982778 0.18755376733777812 0.48492203286217045
decision_type=2 2 2 2
left_child=1 -1 -3 -2
right_child=3 2 -4 -5
leaf_value=-0.00014609761520125811 0.0010368774566626433 -0.0024727246575350398 5.4580954532980334e-06 5.0039911205885343e-05
leaf_weight=2526.0812693834305 239.5670345723629 138.74980869889259 159.15070778131485 28029.525288403034
leaf_count=3812 367 212 237 42025
internal_value=3.01227e-05 -0.000253541 -0.00112423 5.88294e-05
internal_weight=31093.1 2823.98 297.901 28269.1
internal_count=46653 4261 449 42392
is_linear=0
shrinkage=0.02


Tree=535
num_leaves=14
num_cat=0
split_feature=37 18 20 20 51 17 51 20 17 18 17 17 51
split_gain=1.21215 0.825073 0.881893 1.61648 0.863974 0.785582 1.0083 0.713902 1.33474 1.11007 0.853515 0.693242 0.65225
threshold=0.68654324173194381 2.8841065148671361 0.0023515054446753502 5.16970210640011e-06 0.52260254169543552 2.7721022455624182 1.1887360654068642 -2.6306399543527905 1.9092066101758067 1.821854099966528 0.8602729135868844 1.2457439703387536 0.87022540104207668
decision_type=2 2 2 2 2 2 2 2 2 2 2 2 2
left_child=1 5 3 -3 -4 12 -7 8 9 -2 -9 -12 -1
right_child=7 2 4 -5 -6 6 -8 10 -10 -11 11 -13 -14
leaf_value=8.4705899869490903e-05 0.00091245665222930124 -0.00025224746791602606 0.0005842216241769933 0.0015480651396211072 -0.00075026236826687188 0.00018971037884645575 0.0017302190302984377 -0.00081515385168528761 0.0030746091006101741 -0.0010932908501116074 0.00077258279039540381 0.00015746566473590507 -0.00015297678015283476
leaf_weight=11020.755027383566 542.81310853362083 1148.3572392165661 208.43281963467598 238.85067656636238 1734.4613876640797 720.98903745412827 228.90961506962776 318.39322617650032 93.046452164649963 132.66048914194107 849.01808735728264 6014.3136505186558 7931.31543597579
leaf_count=16692 826 1761 312 357 2502 1041 326 472 132 206 1286 8829 12078
internal_value=3.76913e-05 -3.48808e-05 -0.000326276 5.2316e-05 -0.000601504 1.34025e-05 0.000574308 0.000250973 0.000833367 0.00050171 0.000187044 0.000235217 -1.42408e-05
internal_weight=31182.3 23232.1 3330.1 1387.21 1942.89 19902 949.899 7950.25 768.52 675.474 7181.72 6863.33 18952.1
internal_count=46820 35069 4932 2118 2814 30137 1367 11751 1164 1032 10587 10115 28770
is_linear=0
shrinkage=0.02


Tree=536
num_leaves=10
num_cat=0
split_feature=34 18 17 18 18 50 17 50 17
split_gain=1.0582 0.995194 0.857464 0.817181 1.35543 0.743108 0.638689 0.593276 0.557964
threshold=0.72245168819043537 2.8841065148671361 2.7837692575707993 3.0934097592887135 3.026972611412345 -0.040264569466857587 2.9743475191355047 -0.42894954908371224 2.7034766545956099
decision_type=2 2 2 2 2 2 2 2 2
left_child=1 7 -3 4 -2 -5 -4 -1 -9
right_child=3 2 6 5 -6 -7 -8 8 -10
leaf_value=0.00054526100212844359 0.00024756215392036126 0.0017619625940033491 -0.00092321151343472232 0.0019182202259009199 -0.0014865903345287015 0.00030571609757095363 -0.0002391592612873518 -2.1621855465538545e-05 0.00040115106992699311
leaf_weight=851.33299481868744 6059.8371831476688 72.996156334877014 701.20612448453903 218.99828326702118 182.45842418074608 275.77096065878868 2814.448497146368 18669.91507422924 1335.35255458951
leaf_count=1318 9022 107 1050 310 257 390 4135 28280 1951
internal_value=3.69644e-05 -2.38309e-05 -0.000331597 0.000258984 0.000194813 0.00104443 -0.000378885 2.86715e-05 6.13572e-06
internal_weight=31182.3 24445.3 3588.65 6737.06 6242.3 494.769 3515.65 20856.6 20005.3
internal_count=46820 36841 5292 9979 9279 700 5185 31549 30231
is_linear=0
shrinkage=0.02


Tree=537
num_leaves=12
num_cat=0
split_feature=37 33 20 20 33 12 12 12 12 12 37
split_gain=1.13179 0.69817 0.801465 1.05193 0.680916 0.970949 0.946013 0.832727 0.80815 0.620533 0.516812
threshold=0.68654324173194381 -0.24999999999999992 -0.030649490417342596 0.04632036906641266 0.35000000000000003 17.851144525896519 18.050813419991012 20.24388352006714 17.384728938712247 16.642802263935025 0.72794008936786114
decision_type=2 2 2 2 2 2 2 2 2 2 2
left_child=4 10 -3 -4 7 8 -7 9 -6 -1 -2
right_child=1 2 3 -5 5 6 -8 -9 -10 -11 -12
leaf_value=0.0010917755554166984 0.002446298428411492 0.00042855985054804613 -0.00076009412316372792 0.00013938644929714853 -5.3559923384248133e-05 0.0006646566961047613 -0.0001259977947653024 0.00097148179849553483 -0.00093972388876041146 1.4212638129837654e-05 0.00064476232529530101
leaf_weight=216.19489797949791 81.991633117198944 3232.1799882352352 605.32122987508774 3607.7072217464447 722.67919251322746 649.99719247221947 8059.706493884325 390.53976157307625 1038.991028636694 12153.962671905756 423.04494091868401
leaf_count=328 115 4851 906 5273 1098 1006 12379 573 1566 18119 606
internal_value=3.62348e-05 0.000242332 0.000191691 7.47871e-06 -3.38782e-05 -0.000153672 -6.57051e-05 6.3649e-05 -0.000582341 3.40271e-05 0.000965456
internal_weight=31182.3 7950.25 7445.21 4213.03 23232.1 10471.4 8709.7 12760.7 1761.67 12370.2 505.037
internal_count=46820 11751 11030 6179 35069 16049 13385 19020 2664 18447 721
is_linear=0
shrinkage=0.02


Tree=538
num_leaves=15
num_cat=0
split_feature=36 32 22 33 22 45 22 12 22 18 45 12 22 18
split_gain=0.856372 1.38458 1.25396 1.36086 1.15092 1.10678 1.09219 1.61624 1.07311 1.01725 0.972993 0.971909 0.756948 0.671806
threshold=0.31666666666666671 0.95000000000000007 -1.5188647598179255 0.45000000000000007 3.217752040631829 4.366666666666668 1.6379457349630548 18.677216616762234 -1.0522554457648792 1.6549846185475083 1.2250000000000003 18.72395477515742 -2.2361811760909407 3.026972611412345
decision_type=2 2 2 2 2 2 2 2 2 2 2 2 2 2
left_child=2 5 3 12 9 8 13 -8 -2 -4 -5 -6 -1 -3
right_child=1 6 4 10 11 -7 7 -9 -10 -11 -12 -13 -14 -15
leaf_value=0.0001457889693050302 -0.00037549149102388538 0.00065147046007119698 -2.639723788308737e-06 0.00036409321650514688 -6.0475695488585284e-06 0.0020324389849159306 0.00057519245790371351 -0.0012391304825833816 9.1028666799620642e-05 -0.00037497449458764084 -0.0011858450330773577 0.0024910996729790493 0.0012226944835184198 0
leaf_weight=446.77529749274254 2477.324195086956 3508.2542844116688 6142.0643368065357 351.66064476966858 113.84918683767319 105.67360928654671 408.4308645427227 368.58726418018341 9632.3638454675674 5716.8195227086544 288.11384499073029 117.5905068218708 716.60140559077263 788.20744386315346
leaf_count=666 3662 5189 9278 538 194 153 597 571 14469 8672 440 182 1078 1131
internal_value=3.55351e-05 0.000129708 -8.09348e-05 0.000409269 -0.000154926 1.34954e-05 0.000407427 -0.000273587 -3.6297e-06 -0.000183007 -0.000319839 0.00123034 0.000818668 0.000532985
internal_weight=31182.3 17288.8 13893.5 1803.15 12090.3 12215.4 5073.48 777.018 12109.7 11858.9 639.774 231.44 1163.38 4296.46
internal_count=46820 25772 21048 2722 18326 18284 7488 1168 18131 17950 978 376 1744 6320
is_linear=0
shrinkage=0.02


Tree=539
num_leaves=14
num_cat=0
split_feature=37 18 12 18 33 12 12 12 20 18 18 18 37
split_gain=1.06804 0.753405 1.15879 1.11011 0.88 0.838076 0.74866 0.709192 0.677729 1.14544 0.804165 0.745828 0.701192
threshold=0.68654324173194381 2.8841065148671361 18.630223520123383 3.1667630802651456 0.19999999999999998 17.753074439189231 17.851144525896519 20.24388352006714 -2.6306399543527905 2.2884370220943659 0.7139969473331691 1.821854099966528 0.75016935812795216
decision_type=2 2 2 2 2 2 2 2 2 2 2 2 2
left_child=1 4 5 -4 7 -3 -6 -1 9 11 -10 -2 -12
right_child=8 2 3 -5 6 -7 -8 -9 10 -11 12 -13 -14
leaf_value=0.00013604522624031395 0.00088030462738958413 -0.00058128669238959691 -0.0010839882197712677 -3.3179401299650718e-05 -0.00045584679654879176 0.00039201674186410007 -2.580162432451327e-05 0.0012400644046238693 -0.0014295870471801473 0.0031497136424539665 0.00069929595149166221 -0.00067309615243082987 0.00011953423436194596
leaf_weight=8139.5475992560387 542.81310853362083 519.7044061422348 1038.5913218259811 688.44312059879303 1963.2114879488945 1083.3632745146751 9558.6390305459499 240.57099813222885 119.65525510907173 74.717091977596283 981.54676362872124 150.98984932899475 6080.5229453146458
leaf_count=12013 826 764 1523 1022 2991 1623 14775 358 170 106 1453 232 8964
internal_value=3.48392e-05 -3.32602e-05 -0.000311718 -0.000671414 1.28571e-05 6.99165e-05 -0.000100011 0.00016922 0.000235054 0.000802395 0.000172744 0.000526909 0.000201705
internal_weight=31182.3 23232.1 3330.1 1727.03 19902 1603.07 11521.9 8380.12 7950.25 768.52 7181.72 693.803 7062.07
internal_count=46820 35069 4932 2545 30137 2387 17766 12371 11751 1164 10587 1058 10417
is_linear=0
shrinkage=0.02


Tree=540
num_leaves=10
num_cat=0
split_feature=51 12 52 19 19 19 51 51 34
split_gain=0.883533 1.00093 0.946194 0.865343 0.813467 0.675507 0.913291 0.778964 0.515247
threshold=1.1887360654068642 19.798183053388055 3.4500000000000006 2.6225974476793152 -5.207898259951091 -0.6220540943443601 1.3029715873024688 1.5254756902018685 0.68069689682801704
decision_type=2 2 2 2 2 2 2 2 2
left_child=2 5 3 4 -1 7 -7 -2 -5
right_child=1 -3 -4 8 -6 6 -8 -9 -10
leaf_value=-0.0017042223002012545 -1.0522200406862548e-05 0.00094538457708095622 -0.0011995798773102629 0.00064511024483864139 -9.9161724100574607e-05 0.00062550812689310181 7.6264653368659703e-06 -0.0011650855434661199 -0.00035315308882807205
leaf_weight=125.85943990945816 880.88394594192505 601.6697433590889 305.69194787740707 977.39349445700645 23024.925291925669 1390.6028091907501 3166.6867835521698 325.36525297164917 246.78367903828621
leaf_count=176 1284 885 453 1527 34481 2065 4872 497 384
internal_value=-4.06206e-05 0.000168873 -9.50641e-05 -8.07046e-05 -0.000108466 8.57772e-05 0.000198551 -0.000331636 0.000435466
internal_weight=31045.9 6365.21 24680.7 24375 23150.8 5763.54 4557.29 1206.25 1224.18
internal_count=46624 9603 37021 36568 34657 8718 6937 1781 1911
is_linear=0
shrinkage=0.02


Tree=541
num_leaves=10
num_cat=0
split_feature=51 53 52 53 53 37 51 37 53
split_gain=0.848737 0.938545 0.908872 0.888342 1.18274 0.775992 0.739681 0.725792 0.720331
threshold=1.1887360654068642 1.0500000000000003 3.4500000000000006 -0.34999999999999992 -0.099999999999999936 0.026528481770781206 1.323463037612963 0.014247935696901352 1.7500000000000002
decision_type=2 2 2 2 2 2 2 2 2
left_child=2 3 5 -2 -5 7 -3 -1 -8
right_child=1 6 -4 4 -6 -7 8 -9 -10
leaf_value=-0.0002280873307905431 -0.00029288466396350981 0.00022486773327814579 -0.0011757442183340334 0.0012123390745066524 0.00025803852627523328 -5.1935450970196079e-05 -0.0012323540338715475 -0.001277470764011886 0.00027131199559640647
leaf_weight=896.09824973344803 891.48756724596024 455.13846164941788 305.69194787740707 612.04960453510284 3788.6508348286152 23086.090628951788 455.97286906838417 392.77302664518356 161.90919768810272
leaf_count=1406 1418 651 453 954 5652 34576 676 586 252
internal_value=-3.98176e-05 0.000165498 -9.31834e-05 0.000275941 0.000393524 -7.91012e-05 -0.000369405 -0.000557109 -0.000822599
internal_weight=31045.9 6365.21 24680.7 5292.19 4400.7 24375 1073.02 1288.87 617.882
internal_count=46624 9603 37021 8024 6606 36568 1579 1992 928
is_linear=0
shrinkage=0.02


Tree=542
num_leaves=13
num_cat=0
split_feature=35 37 37 51 53 51 19 51 51 53 51 51
split_gain=0.832401 1.13114 1.04221 1.20594 0.837273 0.645235 1.10738 0.808473 0.606841 0.856719 0.694507 0.501506
threshold=1.5500000000000003 0.90631093859960254 0.92833861327012224 1.0000000180025095e-35 0.55000000000000016 1.1887360654068642 3.5542796819244225 1.2345065097563286 1.309722343139095 0.35000000000000003 0.71629586478407314 0.97901359880896865
decision_type=2 2 2 2 2 2 2 2 2 2 2 2
left_child=1 5 4 -4 -3 6 -1 -7 10 -10 -2 -12
right_child=8 2 3 -5 -6 7 -8 -9 9 -11 11 -13
leaf_value=-9.2342789510729313e-05 0.0007534218787317911 -0.0025715152866963888 0.00054838317555196841 -0.00050869438555068553 0 0.000811422140550843 0.00097512991549776498 7.6683317203997238e-05 0.0021867651426338034 -0.00017775691525540694 -0.00058883970140230751 0.00035197087487257148
leaf_weight=20485.938965111971 597.94619622826576 153.60929337143898 517.99411204457283 2361.0001419186592 83.960833936929703 694.9000503718853 392.94274306297302 4620.5909585356712 158.05461752414703 86.950315147638321 457.04365390539169 434.93050706386566
leaf_count=30784 912 225 763 3480 117 1015 615 7033 247 124 672 637
internal_value=-3.90306e-05 -6.45279e-05 -0.000424768 -0.000314783 -0.00170212 -2.12563e-05 -7.16825e-05 0.000174886 0.000385559 0.00131249 0.000224875 -0.000119149
internal_weight=31045.9 29310.9 3116.56 2878.99 237.57 26194.4 20878.9 5315.49 1734.93 245.005 1489.92 891.974
internal_count=46624 44032 4585 4243 342 39447 31399 8048 2592 371 2221 1309
is_linear=0
shrinkage=0.02


Tree=543
num_leaves=12
num_cat=0
split_feature=31 31 53 53 51 53 53 51 53 37 53
split_gain=0.953717 1.02868 0.986927 0.93727 0.787769 1.05332 0.999389 0.839506 0.605353 0.626581 0.527964
threshold=1.5935070778405025 2.2313434682377182 -0.24999999999999992 1.4500000000000002 1.1887360654068642 1.0500000000000003 -0.34999999999999992 1.323463037612963 2.9500000000000006 0.026528481770781206 0.8500000000000002
decision_type=2 2 2 2 2 2 2 2 2 2 2
left_child=4 3 -3 10 8 6 -6 -7 9 -1 -2
right_child=1 2 -4 -5 5 7 -8 -9 -10 -11 -12
leaf_value=-0.00050027516485107257 -0.00062826771968720052 -0.0012875098624190074 0.00098708187602585483 -0.002099451206383779 -0.00030597262336298894 0.00026988518962728928 0.00046037809006780483 -0.00088917134842089046 -0.0018903881475649145 -2.7622467344116373e-05 0.00031432123287044146
leaf_weight=1186.3262387514114 1509.8842399120331 94.292547672986984 328.99863961338997 159.72131362557411 804.93609040975571 425.37317281961441 3940.3814378976822 568.87867617607117 70.270755797624588 21691.24222239852 265.55705314874649
leaf_count=1827 2287 177 578 233 1270 606 5880 847 104 32429 386
internal_value=-3.82333e-05 -0.000424728 0.000453207 -0.000622196 -6.08281e-06 0.000203049 0.000328203 -0.000383705 -5.88384e-05 -5.26107e-05 -0.000481461
internal_weight=31045.9 2358.45 423.291 1935.16 28687.4 5739.57 4745.32 994.252 22947.8 22877.6 1775.44
internal_count=46624 3661 755 2906 42963 8603 7150 1453 34360 34256 2673
is_linear=0
shrinkage=0.02


Tree=544
num_leaves=11
num_cat=0
split_feature=35 37 37 53 52 52 37 37 52 52
split_gain=0.798342 1.08894 1.00202 0.803521 0.655931 0.626116 0.603711 0.832538 0.764387 0.502417
threshold=1.5500000000000003 0.90631093859960254 0.92833861327012224 0.55000000000000016 1.8500000000000003 2.9500000000000006 0.029875317975141903 0.014247935696901352 0.8500000000000002 0.55000000000000016
decision_type=2 2 2 2 2 2 2 2 2 2
left_child=1 6 3 -3 9 -4 7 -1 -8 -2
right_child=4 2 5 -5 -6 -7 8 -9 -10 -11
leaf_value=-5.2050260045740344e-05 -0.00059054226396114981 -0.0025202855825280004 -0.00024396150718651786 0 -0.00035080570863040483 -0.0017798952650375538 0.00018236615220908051 -0.00097783142638581334 -6.5057203110809988e-05 0.00070730094489669746
leaf_weight=1147.8601052165031 121.98163366317749 153.60929337143898 2767.7053222358227 83.960833936929703 369.75295740365982 111.28893172740936 6991.4930088818073 605.83089891076088 17449.188704073429 1243.1906988024712
leaf_count=1787 188 225 4079 117 541 164 10658 905 26097 1863
internal_value=-3.74952e-05 -6.24721e-05 -0.000415924 -0.00166857 0.000378309 -0.000307999 -2.00087e-05 -0.000378316 5.32065e-06 0.000583327
internal_weight=31045.9 29310.9 3116.56 237.57 1734.93 2878.99 26194.4 1753.69 24440.7 1365.17
internal_count=46624 44032 4585 342 2592 4243 39447 2692 36755 2051
is_linear=0
shrinkage=0.02


Tree=545
num_leaves=7
num_cat=0
split_feature=14 8 27 27 27 27
split_gain=0.973418 0.823435 0.920286 0.675026 0.645807 1.26998
threshold=15.500000000000002 3.5000000000000004 0.77058850574582383 0.75358314690352113 0.38036761664634061 0.49926210037764446
decision_type=2 2 2 2 2 2
left_child=1 4 3 -3 -1 -6
right_child=-2 2 -4 -5 5 -7
leaf_value=-0.00022566863001194501 0.0019622595928098724 -2.4087014407348871e-05 -0.00030739417817250426 0.001093377538915792 0.00063499006534235142 4.2713880523468648e-05
leaf_weight=2635.8241744339466 95.454627871513367 7224.4724392592907 7240.6518810391426 220.75091508030891 1653.988700479269 11970.361112236977
leaf_count=4116 127 11000 10640 326 2512 17850
internal_value=-3.15036e-05 -3.8103e-05 -0.000146846 7.98777e-06 5.9503e-05 0.000115432
internal_weight=31041.5 30946 14685.9 7445.22 16260.2 13624.3
internal_count=46571 46444 21966 11326 24478 20362
is_linear=0
shrinkage=0.02


Tree=546
num_leaves=7
num_cat=0
split_feature=9 40 40 40 40 40
split_gain=0.887196 0.708525 0.652298 0.626504 0.581816 1.09756
threshold=1.0000000180025095e-35 0.23082447751797083 0.22529314219592703 -0.35815178150516608 -0.084275800311041732 -0.038559590702774087
decision_type=2 2 2 2 2 2
left_child=1 2 -1 -2 -5 -6
right_child=3 -3 -4 4 5 -7
leaf_value=0.00010037046136210525 0.00084958464045875939 -0.00036611824676269076 0.0020436960377896922 -0.00038120766727112615 0.00034985197468898922 -0.00018005958326341775
leaf_weight=14933.820987850428 244.47523376345634 1353.80331158638 68.004315584897995 3633.9079102873802 1884.4516651928425 8923.0404261350632
leaf_count=22464 376 2039 102 5404 2810 13376
internal_value=-3.08566e-05 7.00467e-05 0.000110117 -0.000143907 -0.000161534 -8.66886e-05
internal_weight=31041.5 16355.6 15001.8 14685.9 14441.4 10807.5
internal_count=46571 24605 22566 21966 21590 16186
is_linear=0
shrinkage=0.02


Tree=547
num_leaves=2
num_cat=0
split_feature=8
split_gain=0.852004
threshold=3.5000000000000004
decision_type=2
left_child=-1
right_child=-2
leaf_value=6.8650147509357595e-05 -0.00014101394227268251
leaf_weight=16355.628615021706 14685.875235378742
leaf_count=24605 21966
internal_value=-3.02234e-05
internal_weight=31041.5
internal_count=46571
is_linear=0
shrinkage=0.02


Tree=548
num_leaves=7
num_cat=0
split_feature=14 9 40 40 40 40
split_gain=0.931651 0.725997 0.718417 1.20873 0.601838 0.558859
threshold=15.500000000000002 1.0000000180025095e-35 0.15098232871244863 0.15707710447253001 -0.35815178150516608 -0.084275800311041732
decision_type=2 2 2 2 2 2
left_child=1 2 -1 -4 -3 -6
right_child=-2 4 3 -5 5 -7
leaf_value=0.00011311462781884402 0.0019209287697267742 0.00083552821375288886 -0.0022812777149762813 -0.0001538039452252802 -0.00037076897892536611 -8.2115981802400036e-05
leaf_weight=13730.631899446249 95.454627871513367 244.47523376345634 110.99733194708824 2418.544755756855 3633.9079102873802 10807.492091327906
leaf_count=20646 127 376 174 3658 5404 16186
internal_value=-2.96126e-05 -3.6076e-05 5.55457e-05 -0.000252837 -0.000138194 -0.000155484
internal_weight=31041.5 30946 16260.2 2529.54 14685.9 14441.4
internal_count=46571 46444 24478 3832 21966 21590
is_linear=0
shrinkage=0.02


Tree=549
num_leaves=6
num_cat=0
split_feature=8 40 40 40 40
split_gain=0.785812 0.667194 0.630243 0.578318 0.556422
threshold=3.5000000000000004 0.23082447751797083 0.22529314219592703 -0.35815178150516608 0.53463162105497919
decision_type=2 2 2 2 2
left_child=1 2 -1 -2 -5
right_child=3 -3 -4 4 -6
leaf_value=9.5230206714813948e-05 0.00081895325529525247 -0.00035731535890402784 0.0020052958031342013 -0.00016442013194838402 0.0011849368582447571
leaf_weight=14933.820987850428 244.47523376345634 1353.80331158638 68.004315584897995 14321.788874477148 119.61112713813782
leaf_count=22464 376 2039 102 21406 184
internal_value=-2.90204e-05 6.59186e-05 0.000104821 -0.000135429 -0.000152389
internal_weight=31041.5 16355.6 15001.8 14685.9 14441.4
internal_count=46571 24605 22566 21966 21590
is_linear=0
shrinkage=0.02


Tree=550
num_leaves=9
num_cat=0
split_feature=32 37 50 34 50 34 23 2
split_gain=1.02072 1.11098 0.9312 0.797202 0.779131 0.828223 0.605202 0.542956
threshold=0.75000000000000011 1.5458128604600454 -0.60758050520872886 1.4800446365992974 0.2609813756014101 0.31055711269341607 1.2562634629244569 16.604083333333339
decision_type=2 2 2 2 2 2 2 2
left_child=4 2 -2 -4 6 7 -1 -6
right_child=1 -3 3 -5 5 -7 -8 -9
leaf_value=4.8507359889988079e-05 0.0013270943137742405 0.0010997129461562229 0.00011413111790698151 -0.0016864768079399306 0.00015349432456686465 -0.00010128117641108125 -0.00027973846047947169 -0.0010622372215368867
leaf_weight=11613.756545364857 251.81640931963921 484.64465528726578 13300.736098736525 96.463070183992386 161.55740562081337 1561.8082686662674 2779.4477591216564 817.80001306533813
leaf_count=17336 385 705 19858 152 241 2339 4307 1286
internal_value=3.23617e-05 0.000158055 0.00012373 0.00010017 -7.19593e-05 -0.000394823 -1.4215e-05 -0.000851593
internal_weight=31068 14133.7 13649 13397.2 16934.4 2541.17 14393.2 979.357
internal_count=46609 21100 20395 20010 25509 3866 21643 1527
is_linear=0
shrinkage=0.02


Tree=551
num_leaves=9
num_cat=0
split_feature=37 36 34 0 43 0 23 23
split_gain=0.982281 1.02663 0.782871 0.705189 1.50825 1.14039 0.535375 0.530999
threshold=1.8976714879618195 2.1547619047619051 1.8167221222600958 29.108680078294793 -0.54999999999999993 28.857114096709342 1.0667382644802181 0.87536113432991558
decision_type=2 2 2 2 2 2 2 2
left_child=2 -2 3 5 -5 -1 7 -3
right_child=1 6 -4 4 -6 -7 -8 -9
leaf_value=-2.3554279437014657e-05 0.0017138444796237532 -0.00022710222546404532 -0.0013292552231869504 0.0026038190534443803 0.00013719752746465627 -0.0011880713521994787 -0.00062122274252718475 0.0015595926191760028
leaf_weight=20283.695134788752 277.34476000070572 106.11650541424751 170.32080414891243 98.767524570226669 9454.106455296278 340.70533421635628 193.49096140265465 143.48274552822113
leaf_count=30781 407 157 269 139 13814 502 321 219
internal_value=3.1714e-05 0.00076083 1.40267e-05 2.20271e-05 0.000164286 -4.33897e-05 0.000136819 0.000764471
internal_weight=31068 720.435 30347.6 30177.3 9552.87 20624.4 443.09 249.599
internal_count=46609 1104 45505 45236 13953 31283 697 376
is_linear=0
shrinkage=0.02


Tree=552
num_leaves=10
num_cat=0
split_feature=36 34 50 36 43 53 0 0 34
split_gain=0.742958 1.1273 1.12458 1.06491 0.970562 0.821853 0.70556 0.982422 0.857227
threshold=1.5857142857142861 1.1423733188740652 0.17642263963076799 1.6125000000000003 0.55000000000000016 0.75000000000000011 29.108680078294793 28.17343221391366 0.58764056955639077
decision_type=2 2 2 2 2 2 2 2 2
left_child=1 6 3 -2 -5 -4 7 -1 -8
right_child=2 -3 5 4 -6 -7 8 -9 -10
leaf_value=5.5212189150830709e-06 0.0023861000399337364 -0.00056374260796034515 0 0 0.0013643707033004187 -0.0023677202435539845 4.3818303236561118e-05 -0.00058847064489134021 0.00046263000516559908
leaf_weight=18370.988874167204 149.31745132803917 1305.1972019970417 232.74578875303268 530.92347526550293 338.81614109873772 73.091426908969879 5921.5499529242516 1181.7159586548805 2963.6839542686939
leaf_count=27890 217 1949 357 836 468 108 8778 1777 4229
internal_value=3.10702e-05 1.00692e-05 0.000494268 0.000817132 0.000531443 -0.00054736 3.67945e-05 -2.99233e-05 0.000184711
internal_weight=31068 29743.1 1324.89 1019.06 869.74 305.837 28437.9 19552.7 8885.23
internal_count=46609 44623 1986 1521 1304 465 42674 29667 13007
is_linear=0
shrinkage=0.02


Tree=553
num_leaves=9
num_cat=0
split_feature=36 34 23 23 23 34 53 34
split_gain=0.713979 1.08276 0.774929 0.98019 0.764693 0.6899 0.995565 0.593623
threshold=1.5857142857142861 1.1423733188740652 0.68148768917182267 0.8198816357648322 0.93208077257151856 0.78410068858789617 1.6500000000000004 0.85105239969846302
decision_type=2 2 2 2 2 2 2 2
left_child=1 5 -2 -4 -5 6 -1 -7
right_child=2 -3 3 4 -6 7 -8 -9
leaf_value=-3.2490864945482854e-05 0.0020916595070892751 -0.00055248501415982405 -0.0011615086399205889 0.001627341464035176 0.00026421086677248779 0.000763813302269125 0.0004705171020292782 0.00014142171070621919
leaf_weight=23571.866173446178 110.2845703959465 1305.1972019970417 148.91225546598434 211.2812032699585 854.41625422239304 861.80339276790619 1684.4294755160809 2319.8396982848644
leaf_count=35600 155 1949 216 303 1312 1263 2421 3390
internal_value=3.04611e-05 9.86698e-06 0.000484538 0.000327196 0.000546368 3.60655e-05 6.95162e-07 0.000313522
internal_weight=31068 29743.1 1324.89 1214.61 1065.7 28437.9 25256.3 3181.64
internal_count=46609 44623 1986 1831 1615 42674 38021 4653
is_linear=0
shrinkage=0.02


Tree=554
num_leaves=9
num_cat=0
split_feature=32 35 50 50 50 2 2 43
split_gain=0.966075 0.962644 0.747633 0.651562 0.575812 0.528243 0.883529 0.555789
threshold=0.75000000000000011 2.1000000000000005 0.2609813756014101 -0.60758050520872886 -0.40697018649215772 16.604083333333339 15.567583333333337 0.35000000000000003
decision_type=2 2 2 2 2 2 2 2
left_child=2 3 -1 -2 -5 6 -4 -7
right_child=1 -3 5 4 -6 7 -8 -9
leaf_value=-1.5032012827818055e-05 0.0011286530634737075 0.0014668854725194786 -0.00023222545398254914 -0.00045057019650604751 0.00014130786918320097 -0.00073730590219303247 0.002172465394440905 -6.9684604083844665e-05
leaf_weight=14393.204304486513 256.97158873081207 218.80142444372177 223.52495926618576 683.59541642665863 12974.291803926229 1413.0811823904514 79.413287729024887 825.14625796675682
leaf_count=21643 393 322 336 1017 19368 2177 114 1239
internal_value=2.98694e-05 0.000152163 -7.1614e-05 0.000130563 0.00011089 -0.000387899 0.000375469 -0.000495926
internal_weight=31068 14133.7 16934.4 13914.9 13657.9 2541.17 302.938 2238.23
internal_count=46609 21100 25509 20778 20385 3866 450 3416
is_linear=0
shrinkage=0.02


Tree=555
num_leaves=11
num_cat=0
split_feature=22 31 31 31 22 31 31 31 31 31
split_gain=0.838735 1.08852 0.947914 0.734394 0.691895 0.669548 0.986208 0.963533 0.551854 0.565363
threshold=1.5812536956193928 1.2552555758799371 1.2900300675683247 2.1237862865880301 1.668236241437451 1.4175354920101217 1.5231492059142957 1.4031721588102157 1.1724295263223532 1.2157975698649095
decision_type=2 2 2 2 2 2 2 2 2 2
left_child=3 8 -3 5 -4 7 -7 -1 -2 -10
right_child=1 2 4 -5 -6 6 -8 -9 9 -11
leaf_value=5.6845026963361694e-05 -0.0001323533758129169 -0.0027873335790984705 -0.0023037392543364889 0.00090350401466821257 -0.00043317152322622666 -0.00090504393458243804 -1.7306101883750389e-05 0.0019522880660379455 0.0017841260763877004 -0.00013873454613698996
leaf_weight=23820.304267466068 2929.1020807623863 87.156346678733826 88.061567455530167 392.90050429105759 1006.3959296345711 714.86163011193275 1739.491240888834 106.13297387957573 124.72807857394218 100.6333324611187
leaf_count=35637 4478 125 125 668 1555 1046 2593 159 182 151
internal_value=4.31587e-06 -0.00025331 -0.000771193 4.64283e-05 -0.000596728 3.3217e-05 -0.000280469 6.58332e-05 -5.57843e-05 0.000887838
internal_weight=31109.8 4336.08 1181.61 26773.7 1094.46 26380.8 2454.35 23926.4 3154.46 225.361
internal_count=46719 6616 1805 40103 1680 39435 3639 35796 4811 333
is_linear=0
shrinkage=0.02


Tree=556
num_leaves=10
num_cat=0
split_feature=22 31 34 50 31 31 31 50 34
split_gain=0.81106 0.882587 0.85098 0.825628 0.770823 0.858357 0.771988 0.770878 0.571179
threshold=1.7621489800880756 2.1237862865880301 1.5241515419650449 -0.40697018649215772 2.0873959220203924 1.4175354920101217 1.5231492059142957 -0.19497189990153527 0.45169087611827491
decision_type=2 2 2 2 2 2 2 2 2
left_child=4 2 3 -2 5 7 -7 -1 -3
right_child=1 8 -4 -5 -6 6 -8 -9 -10
leaf_value=0.00027309507163259086 -0.0012174007798246467 -0.00075190500857798693 -0.0016667796349520787 -3.7987281090619653e-05 0.00084851268769240026 -0.00086848239599519926 -9.1640940092126144e-05 3.104801362271635e-06 -0.0034440282153858342
leaf_weight=5464.0954858958721 257.80988910794258 111.02523675560951 151.47956866025925 3036.8295230865479 464.2582859992981 737.42074567079544 1781.1965903937817 19052.854836553335 52.797790080308914
leaf_count=8221 401 201 228 4600 779 1079 2647 28473 90
internal_value=4.20124e-06 -0.000277207 -0.000205198 -0.000133994 4.15232e-05 2.72339e-05 -0.000323567 6.37028e-05 -0.00171092
internal_weight=31109.8 3609.94 3446.12 3294.64 27499.8 27035.6 2518.62 24517 163.823
internal_count=46719 5520 5229 5001 41199 40420 3726 36694 291
is_linear=0
shrinkage=0.02


Tree=557
num_leaves=9
num_cat=0
split_feature=22 31 31 31 31 31 31 31
split_gain=0.780443 0.849768 0.740408 0.82484 0.741189 0.660665 0.519491 0.676275
threshold=1.7621489800880756 2.1237862865880301 2.0873959220203924 1.4175354920101217 1.5231492059142957 1.4031721588102157 1.9263933908380038 1.2398984141707585
decision_type=2 2 2 2 2 2 2 2
left_child=2 6 3 5 -5 -1 7 -2
right_child=1 -3 -4 4 -6 -7 -8 -9
leaf_value=5.5016695215868208e-05 -7.9569203938523753e-05 -0.0016789165507184523 0.00083161521817748786 -0.00085115971982639759 -8.9810173167474076e-05 0.0016072064547480343 0.0013855009260350182 -0.00075315420192752279
leaf_weight=24408.244663149118 2577.448354691267 163.82302683591843 464.2582859992981 737.42074567079544 1781.1965903937817 108.70565930008888 76.828989267349243 791.84163689613342
leaf_count=36532 3931 291 779 1079 2647 162 118 1180
internal_value=4.07614e-06 -0.000271963 4.0693e-05 2.66808e-05 -0.00031719 6.24373e-05 -0.000201244 -0.000241192
internal_weight=31109.8 3609.94 27499.8 27035.6 2518.62 24517 3446.12 3369.29
internal_count=46719 5520 41199 40420 3726 36694 5229 5111
is_linear=0
shrinkage=0.02


Tree=558
num_leaves=5
num_cat=0
split_feature=22 34 30 30
split_gain=0.751812 0.85865 0.689916 0.515059
threshold=1.5812536956193928 1.5241515419650449 0.3448560709832732 -0.26798227164214156
decision_type=2 2 2 2
left_child=-1 2 3 -2
right_child=1 -3 -4 -5
leaf_value=4.3869884031101533e-05 0.00098960395227933907 -0.0015782516436945652 -0.0008173029942915908 -0.00012700290706197441
leaf_weight=26773.690616637468 170.41026899218559 183.49974510073662 580.85918641090393 3401.3081350624561
leaf_count=40103 276 279 874 5187
internal_value=3.9823e-06 -0.00023991 -0.000177632 -7.04063e-05
internal_weight=31109.8 4336.08 4152.58 3571.72
internal_count=46719 6616 6337 5463
is_linear=0
shrinkage=0.02


Tree=559
num_leaves=8
num_cat=0
split_feature=20 30 31 31 22 22 30
split_gain=0.729095 0.702697 0.752417 1.12641 0.530549 0.7167 0.529953
threshold=2.5740606746460579 -0.22113847010744803 0.57659312364683946 0.80875086691493581 1.7621489800880756 1.8844247716280706 -0.35373646567865358
decision_type=2 2 2 2 2 2 2
left_child=1 2 -1 -4 -3 -6 -2
right_child=6 4 3 -5 5 -7 -8
leaf_value=0.00012494461383668999 -0.0019880294140628262 3.0398403035430031e-05 0.0013946548355423974 0 -0.001106208484163339 -0.00013554195872252751 -0.00024445697939367119
leaf_weight=2838.6016015410423 71.456068605184555 21515.452666044235 524.74478375911713 395.57181438803673 352.85613718628883 2446.5087558031082 2964.5761248767376
leaf_count=4326 104 32260 769 571 533 3743 4413
internal_value=3.88789e-06 3.60522e-05 0.000290492 0.000788882 -2.892e-06 -0.000262165 -0.000290067
internal_weight=31109.8 28073.7 3758.92 920.317 24314.8 2799.36 3036.03
internal_count=46719 42202 5666 1340 36536 4276 4517
is_linear=0
shrinkage=0.02


Tree=560
num_leaves=8
num_cat=0
split_feature=2 23 23 2 23 41 41
split_gain=0.784848 0.930655 0.828161 1.58817 0.993393 0.824842 0.64436
threshold=36.318333333333342 0.67067179070284089 1.1391978149714923 36.064083333333343 1.1426283575580098 0.6924299720947823 1.6661532688112202
decision_type=2 2 2 2 2 2 2
left_child=2 -2 3 -1 -4 -3 -7
right_child=1 5 4 -5 -6 6 -8
leaf_value=7.0464005505003945e-05 -0.0025254813063525106 2.3228064641259307e-05 -0.0020404200426198805 0.0019254677565839094 -0.00011968333863837857 -0.0014020455139025154 0.00037230316707530356
leaf_weight=20798.977883130312 81.791630864143372 877.21272191405296 107.90766525268555 184.78897947072983 8492.5530161857605 361.55938065052032 94.145531743764877
leaf_count=30869 122 1328 160 264 13092 558 143
internal_value=-2.27932e-06 -0.000462426 1.94165e-05 8.74582e-05 -0.000145414 -0.000324746 -0.0010136
internal_weight=30998.9 1414.71 29584.2 20983.8 8600.46 1332.92 455.705
internal_count=46536 2151 44385 31133 13252 2029 701
is_linear=0
shrinkage=0.02


Tree=561
num_leaves=9
num_cat=0
split_feature=23 23 41 41 41 16 16 16
split_gain=0.655052 1.43984 1.03455 0.784076 0.757324 0.766837 0.740546 0.51829
threshold=1.1391978149714923 1.1426283575580098 2.072495528261348 2.4219539736149218 0.58547449298461995 26.390000000000004 2.8708333333333349 0.67749999999999988
decision_type=2 2 2 2 2 2 2 2
left_child=2 -2 4 -4 7 -6 -3 -1
right_child=1 6 3 -5 5 -7 -8 -9
leaf_value=0.0011568466398714295 -0.0023430269713505232 -0.0021722323084115763 0.0017612886008701607 6.2369338612640936e-05 -0.0002011557233572204 0.0014838011538159277 -9.8362778517030997e-05 9.2468436115042161e-05
leaf_weight=185.05495876073837 116.25508609414101 67.965690732002258 245.85676711797714 216.41381964087486 5396.3785336911678 107.04299810528755 8820.4277872741222 15843.541167795658
leaf_count=277 173 112 374 366 7799 154 13600 23681
internal_value=-2.23205e-06 -0.000146209 5.62667e-05 0.000991167 3.56408e-05 -0.000166039 -0.000115831 0.000105524
internal_weight=30998.9 9004.65 21994.3 462.271 21532 5503.42 8888.39 16028.6
internal_count=46536 13885 32651 740 31911 7953 13712 23958
is_linear=0
shrinkage=0.02


Tree=562
num_leaves=10
num_cat=0
split_feature=26 2 2 23 23 23 23 23 2
split_gain=0.774094 0.799784 0.905811 0.737329 1.1083 0.635593 0.83541 0.588153 0.555131
threshold=0.84523809523809534 36.460916666666677 36.767500000000005 0.80091049820911286 0.83431615601114306 1.3004298954921873 2.9999456250760885 1.0667382644802181 34.226000000000006
decision_type=2 2 2 2 2 2 2 2 2
left_child=5 3 -3 8 -5 -1 -7 -4 -2
right_child=1 2 7 4 -6 6 -8 -9 -10
leaf_value=0.00013339459559529401 -0.00043219141692481456 -0.0020491738340367412 -0.00084262253906353189 0.0010213784809323875 -3.2092653790406515e-05 -0.00026108881905055517 0.0016579491750347689 0.00022962422862341338 0.00046274087571870388
leaf_weight=15246.427510797977 2769.6572098135948 160.86998718976974 472.09213128685951 416.79483869671822 8510.901397138834 2697.183013856411 90.780470579862595 338.36381474137306 295.866435110569
leaf_count=23098 3978 242 695 597 12574 4251 167 518 416
internal_value=-2.17485e-06 -0.000120354 -0.000673026 -7.46552e-05 1.61872e-05 8.22313e-05 -0.000193874 -0.00038319 -0.000342312
internal_weight=30998.9 12964.5 971.326 11993.2 8927.7 18034.4 2787.96 810.456 3065.52
internal_count=46536 19020 1455 17565 13171 27516 4418 1213 4394
is_linear=0
shrinkage=0.02


Tree=563
num_leaves=7
num_cat=0
split_feature=26 23 23 23 23 23
split_gain=0.743505 0.610159 0.803123 0.600933 1.10149 1.55915
threshold=0.84523809523809534 1.3004298954921873 2.9999456250760885 0.80091049820911286 0.95715096702588731 0.94755377055344947
decision_type=2 2 2 2 2 2
left_child=1 -1 -3 -2 5 -5
right_child=3 2 -4 4 -6 -7
leaf_value=0.000130727053996882 -0.00035674843696080884 -0.00025587090419541781 0.0016255049777237104 0.00017522305314005267 -0.00016583828278795385 0.0021051974339283334
leaf_weight=15246.427510797977 3187.079877614975 2697.183013856411 90.780470579862595 2363.9530695080757 7233.3033837378025 180.20948311686516
leaf_count=23098 4576 4251 167 3428 10753 263
internal_value=-2.12504e-06 8.05901e-05 -0.000189905 -0.000117952 -3.90342e-05 0.000317402
internal_weight=30998.9 18034.4 2787.96 12964.5 9777.47 2544.16
internal_count=46536 27516 4418 19020 14444 3691
is_linear=0
shrinkage=0.02


Tree=564
num_leaves=11
num_cat=0
split_feature=2 26 26 26 26 27 2 2 2 27
split_gain=0.724332 0.594396 0.728539 0.788817 0.694321 0.542257 1.22521 1.07311 0.940703 0.931345
threshold=36.318333333333342 1.6833333333333336 0.89444444444444449 0.95000000000000007 1.8819444444444446 0.76271662754067882 29.697416666666673 31.036833333333337 13.677394179894183 0.72024735692589714
decision_type=2 2 2 2 2 2 2 2 2 2
left_child=5 2 -2 -4 -3 9 8 -8 -7 -1
right_child=1 4 3 -5 -6 6 7 -9 -10 -11
leaf_value=5.6012159230867442e-05 7.4860513485419506e-05 0.0015225075971718525 -0.0025303175644115308 -0.000694718753832437 -0.0005306992959825187 0.0012657996051547409 0.00066980951468544395 6.6346779802803488e-06 -0.00026646576410376324 0.00064861564903656045
leaf_weight=14322.341791182756 366.08044674992561 119.85933488607407 115.10171896219254 681.14332649111748 132.52443808317184 159.58355808258057 1226.4373701810837 4904.533417224884 7820.92158177495 1150.4098255932331
leaf_count=21889 580 178 175 1021 197 239 1794 7278 11448 1737
internal_value=-2.06543e-06 -0.00044413 -0.000638432 -0.000978267 0.00040938 1.87646e-05 -7.04742e-05 0.000141102 -0.000234263 0.000100797
internal_weight=30998.9 1414.71 1162.33 796.245 252.384 29584.2 14111.5 6130.97 7980.51 15472.8
internal_count=46536 2151 1776 1196 375 44385 20759 9072 11687 23626
is_linear=0
shrinkage=0.02


Tree=565
num_leaves=6
num_cat=0
split_feature=15 16 16 16 32
split_gain=0.745457 0.549869 0.92589 0.774885 0.504082
threshold=21.723153682571041 23.830000000000005 20.810000000000006 25.640000000000004 1.1500000000000001
decision_type=2 2 2 2 2
left_child=4 2 -2 -3 -1
right_child=1 3 -4 -5 -6
leaf_value=-7.4782399710785361e-05 -5.4767592978211793e-05 -0.0011670774482006379 0.0022989007847129344 0.0006917354499467736 0.00014880006527305496
leaf_weight=25664.976784169674 100.68232437968254 120.05191445350647 158.33991685509682 322.88263148069382 4761.3776718080044
leaf_count=38612 153 184 251 505 7033
internal_value=-2.4265e-05 0.00061832 0.00135231 0.000162471 -3.94582e-05
internal_weight=31128.3 701.957 259.022 442.935 30426.4
internal_count=46738 1093 404 689 45645
is_linear=0
shrinkage=0.02


Tree=566
num_leaves=11
num_cat=0
split_feature=16 43 16 16 16 53 53 43 53 43
split_gain=0.723698 0.775689 0.982487 0.955861 1.13972 0.769864 0.871447 0.908821 0.795521 0.616458
threshold=18.060000000000006 -1.0000000180025095e-35 17.670000000000005 12.360000000000005 14.360000000000005 0.45000000000000007 0.35000000000000003 -1.0000000180025095e-35 1.5500000000000003 1.1500000000000004
decision_type=2 2 2 2 2 2 2 2 2 2
left_child=1 3 -3 -1 -5 6 7 -2 9 -7
right_child=5 2 -4 4 -6 8 -8 -9 -10 -11
leaf_value=-0.0008394834881015682 0.0023394050265478704 -1.6401842937129183e-05 -0.0012114049261361017 0.0012112391550931966 -0.00062482280056902983 0.00067950731869101725 -0.0018511927557152629 -0.00013545246847470208 -3.3285999804291194e-05 0.0026148382748214152
leaf_weight=1044.8474703431129 61.70668688416481 26311.292727768421 276.52632221579552 241.91662740707397 295.90739730000496 1196.0076577067375 107.70103630423546 844.37080803513527 675.20011216402054 72.83439701795578
leaf_count=1529 94 39499 417 371 451 1766 164 1400 950 97
internal_value=-2.37709e-05 -5.53201e-05 -2.92967e-05 -0.000485595 0.000183953 0.000273161 -0.000166065 2.68619e-05 0.000507283 0.000802409
internal_weight=31128.3 28170.5 26587.8 1582.67 537.824 2957.82 1013.78 906.077 1944.04 1268.84
internal_count=46738 42267 39916 2351 822 4471 1658 1494 2813 1863
is_linear=0
shrinkage=0.02


Tree=567
num_leaves=6
num_cat=0
split_feature=16 53 53 53 16
split_gain=0.695054 0.739764 0.837606 0.764999 0.705347
threshold=18.060000000000006 0.45000000000000007 0.35000000000000003 1.5500000000000003 17.93000000000001
decision_type=2 2 2 2 2
left_child=4 2 -2 -3 -1
right_child=1 3 -4 -5 -6
leaf_value=-4.7748498202171369e-05 2.6201528140102661e-05 0.0007866216584472165 -0.0018148438310656857 -3.2622212305253178e-05 -0.001695728851979628
leaf_weight=28067.814997226 906.07749491930008 1268.8420547246933 107.70103630423546 675.20011216402054 102.67554780840874
leaf_count=42107 1494 1863 164 950 160
internal_value=-2.33056e-05 0.000267679 -0.00016273 0.000497204 -5.423e-05
internal_weight=31128.3 2957.82 1013.78 1944.04 28170.5
internal_count=46738 4471 1658 2813 42267
is_linear=0
shrinkage=0.02


Tree=568
num_leaves=2
num_cat=0
split_feature=43
split_gain=0.676129
threshold=1.1500000000000004
decision_type=2
left_child=-1
right_child=-2
leaf_value=-3.9018455597067131e-05 0.00052401266423894523
leaf_weight=30253.940850675106 874.3703924715519
leaf_count=45472 1266
internal_value=-2.28495e-05
internal_weight=31128.3
internal_count=46738
is_linear=0
shrinkage=0.02


Tree=569
num_leaves=8
num_cat=0
split_feature=15 16 16 16 43 43 43
split_gain=0.687931 0.533167 0.888308 0.74481 0.507897 0.646426 1.05123
threshold=21.723153682571041 23.830000000000005 20.810000000000006 25.640000000000004 1.1500000000000004 1.0500000000000003 0.95000000000000007
decision_type=2 2 2 2 2 2 2
left_child=4 2 -2 -3 5 6 -1
right_child=1 3 -4 -5 -6 -7 -8
leaf_value=-5.5763720065844896e-05 -5.9182859614591941e-05 -0.0011574417847855596 0.0022446713433552346 0.00066551758560628115 0.00045260942008770169 -0.00090840245366991933 0.00090977447209024799
leaf_weight=28805.868708848953 100.68232437968254 120.05191445350647 158.33991685509682 322.88263148069382 818.56362715363503 346.5986715555191 455.32344841957092
leaf_count=43283 153 184 251 505 1189 510 663
internal_value=-2.23854e-05 0.000594895 0.00131726 0.00014597 -3.69933e-05 -5.08967e-05 -4.03364e-05
internal_weight=31128.3 701.957 259.022 442.935 30426.4 29607.8 29261.2
internal_count=46738 1093 404 689 45645 44456 43946
is_linear=0
shrinkage=0.02


Tree=570
num_leaves=13
num_cat=0
split_feature=16 50 33 16 17 17 17 53 33 53 53 42
split_gain=1.01188 1.34254 1.21419 0.821347 0.8193 0.929969 0.775653 0.761837 0.729688 0.694068 0.692693 0.537055
threshold=18.060000000000006 0.43061075532664078 0.45000000000000007 19.030000000000005 3.018283610246399 3.1710963448222889 2.9635855139265534 0.45000000000000007 -0.6499999999999998 0.35000000000000003 1.5500000000000003 0.15000000000000005
decision_type=2 2 2 2 2 2 2 2 2 2 2 2
left_child=1 2 8 11 -3 -6 -4 9 -1 -5 -9 -2
right_child=3 4 6 7 5 -7 -8 10 -10 -11 -12 -13
leaf_value=-0.00043762859065528598 -0.0003390887452605941 -0.0003750436870940656 -8.3816917414075086e-05 -6.3306941458936438e-05 -0.0029748647931207395 -0.00013940075098539865 -0.0008534157730066158 0.00077238155305117066 0.00018328357824160226 -0.0019315742143524762 -8.6697468638755555e-05 0.0012593018931768372
leaf_weight=787.71889427304268 87.147451460361481 1438.0595866143703 10496.164478629827 659.35444089770317 110.75541096925735 92.041425704956055 554.01095205545425 1018.7119247019291 14655.399180531502 90.708632320165634 562.4373225569725 554.38797074556351
leaf_count=1121 131 2195 15902 1123 154 125 792 1501 21902 138 791 802
internal_value=3.87906e-05 1.34339e-06 3.60979e-05 0.00038959 -0.000553077 -0.00175072 -0.000123454 0.000209369 0.000150912 -0.000307078 0.000460755 0.00102626
internal_weight=31106.9 28134.1 26493.3 2972.75 1640.86 202.797 11050.2 2331.21 15443.1 750.063 1581.15 641.535
internal_count=46677 42191 39717 4486 2474 279 16694 3553 23023 1261 2292 933
is_linear=0
shrinkage=0.02


Tree=571
num_leaves=11
num_cat=0
split_feature=16 50 33 16 43 53 33 32 53 42
split_gain=0.970964 1.29073 1.16621 0.788507 0.87448 0.732369 0.700992 0.669223 0.666894 0.513182
threshold=18.060000000000006 0.43061075532664078 0.45000000000000007 19.030000000000005 0.65000000000000013 0.45000000000000007 -0.6499999999999998 1.7500000000000002 0.35000000000000003 0.25000000000000006
decision_type=2 2 2 2 2 2 2 2 2 2
left_child=1 2 6 4 -2 8 -1 -7 -5 -4
right_child=3 -3 9 5 -6 7 -8 -9 -10 -11
leaf_value=-0.00042889818815505988 0.00059576957954707581 -0.00054234431545383628 -0.00036838674898473134 -6.2044629072170621e-05 0.0024591291041298957 0.00033833551982221088 0.00017961841081113146 0.0020900385470888818 -0.0018937761387015518 -4.4405462402854551e-05
leaf_weight=787.71889427304268 508.04394116997719 1640.8564232885838 2579.9867608249187 659.35444089770317 133.4914810359478 1487.0313410460949 14655.399180531502 94.117906212806702 90.708632320165634 8470.188669860363
leaf_count=1121 749 2474 4022 1123 184 2163 21902 129 138 12672
internal_value=3.79568e-05 1.26722e-06 3.53515e-05 0.000381592 0.00100548 0.000204902 0.00014788 0.000451431 -0.000301308 -0.000121006
internal_weight=31106.9 28134.1 26493.3 2972.75 641.535 2331.21 15443.1 1581.15 750.063 11050.2
internal_count=46677 42191 39717 4486 933 3553 23023 2292 1261 16694
is_linear=0
shrinkage=0.02


Tree=572
num_leaves=12
num_cat=0
split_feature=16 50 33 17 17 16 43 17 50 32 33
split_gain=0.933204 1.23957 1.12011 0.788915 0.892782 0.758051 0.839518 0.750881 0.683455 1.0343 0.673427
threshold=18.060000000000006 0.43061075532664078 0.45000000000000007 3.018283610246399 3.1710963448222889 19.030000000000005 0.65000000000000013 3.1216535343026894 0.38392604090516597 1.3500000000000003 -0.6499999999999998
decision_type=2 2 2 2 2 2 2 2 2 2 2
left_child=1 2 10 -3 -5 6 -2 -4 9 -7 -1
right_child=5 3 7 4 -6 8 -8 -9 -10 -11 -12
leaf_value=-0.00042034195138684823 0.00058390091074494381 -0.00035672141805039519 -9.2240318305312092e-05 -0.0029057684145256902 -0.0001260557675112014 -0.0001687573458317868 0.0024106725070695318 -0.0011942552910651362 0.0010565256123339869 0.00094648708077112263 0.00017602652537663881
leaf_weight=787.71889427304268 508.04394116997719 1438.0595866143703 10796.997967988253 110.75541096925735 92.041425704956055 1593.4800705909729 133.4914810359478 253.17746269702911 321.03000867366791 416.70224121212959 14655.399180531502
leaf_count=1121 749 2195 16329 154 125 2453 184 365 491 609 21902
internal_value=3.71878e-05 1.21173e-06 3.46208e-05 -0.000531511 -0.00170655 0.000374075 0.000985868 -0.000118606 0.000200726 5.81693e-05 0.000144909
internal_weight=31106.9 28134.1 26493.3 1640.86 202.797 2972.75 641.535 11050.2 2331.21 2010.18 15443.1
internal_count=46677 42191 39717 2474 279 4486 933 16694 3553 3062 23023
is_linear=0
shrinkage=0.02


Tree=573
num_leaves=10
num_cat=0
split_feature=16 43 16 42 16 43 16 33 32
split_gain=0.897438 0.763602 0.86739 0.750508 0.728562 0.805934 0.670636 0.57892 0.533256
threshold=18.060000000000006 -1.0000000180025095e-35 17.670000000000005 2.1500000000000008 19.030000000000005 0.65000000000000013 16.970000000000006 0.14999999999999999 1.3500000000000003
decision_type=2 2 2 2 2 2 2 2 2
left_child=1 6 3 -3 5 -2 -1 -4 -6
right_child=4 2 7 -5 8 -7 -8 -9 -10
leaf_value=-0.00052594249957558386 0.00057226869754930609 4.6987393322530798e-05 0 -0.0014425481147187296 3.6157500825035868e-05 0.0023631707608449759 0.0013594252454331613 -0.0018660303943516968 0.00078818788888657208
leaf_weight=1489.2817305028439 508.04394116997719 26159.08636495471 119.03015643358231 133.65342798829079 1848.3809316754341 133.4914810359478 74.921428620815277 158.17682027816772 482.83138880133629
leaf_count=2218 749 39268 182 181 2846 184 108 234 707
internal_value=3.64246e-05 1.13785e-06 2.67867e-05 3.89262e-05 0.000366792 0.000966647 -0.000427633 -0.00108085 0.000196743
internal_weight=31106.9 28134.1 26569.9 26292.7 2972.75 641.535 1564.2 277.207 2331.21
internal_count=46677 42191 39865 39449 4486 933 2326 416 3553
is_linear=0
shrinkage=0.02


Tree=574
num_leaves=10
num_cat=0
split_feature=16 50 16 43 53 43 16 16 53
split_gain=0.863175 1.19106 0.70009 0.773674 0.705215 0.689171 1.02834 0.684202 0.537642
threshold=18.060000000000006 0.43061075532664078 19.030000000000005 0.65000000000000013 0.19999999999999998 -1.0000000180025095e-35 17.670000000000005 16.970000000000006 1.5500000000000003
decision_type=2 2 2 2 2 2 2 2 2
left_child=1 5 3 -2 -4 7 -7 -1 -6
right_child=2 -3 4 -5 8 6 -8 -9 -10
leaf_value=-0.00048957910547553789 0.00056086815882062198 -0.00052109317403184734 -0.00041766811173756533 0.0023166049978569003 0.00062914997720453015 7.2133526088917678e-05 -0.0012188232413448902 0.0014674069848550841 -0.00010480672352232192
leaf_weight=1397.0747030079365 508.04394116997719 1640.8564232885838 557.87667056918144 133.4914810359478 1210.8983273506165 24778.498570352793 246.57906851172447 71.141163617372513 562.4373225569725
leaf_count=2084 749 2474 962 184 1800 37159 371 103 791
internal_value=3.57088e-05 1.09538e-06 0.000359709 0.000947807 0.000192908 3.38513e-05 5.89174e-05 -0.000386086 0.000390877
internal_weight=31106.9 28134.1 2972.75 641.535 2331.21 26493.3 25025.1 1468.22 1773.34
internal_count=46677 42191 4486 933 3553 39717 37530 2187 2591
is_linear=0
shrinkage=0.02


Tree=575
num_leaves=6
num_cat=0
split_feature=37 14 14 36 36
split_gain=0.771011 0.832707 1.0506 0.677167 0.587704
threshold=1.7366486748380328 15.500000000000002 14.500000000000002 0.95000000000000007 2.0500000000000003
decision_type=2 2 2 2 2
left_child=1 2 3 -1 -2
right_child=4 -3 -4 -5 -6
leaf_value=3.4478498664689366e-05 0.001146873429300913 0.0018214756146844289 -0.0019451377516629678 -0.00026171273092422782 0.00011663903372466913
leaf_weight=26605.830753535032 412.14750725030899 97.943046569824219 109.46916776895523 3490.8279634714127 530.22549006342888
leaf_count=40034 611 133 149 5113 834
internal_value=1.64986e-05 -7.09381e-07 -7.06904e-06 0 0.000579276
internal_weight=31246.4 30304.1 30206.1 30096.7 942.373
internal_count=46874 45429 45296 45147 1445
is_linear=0
shrinkage=0.02


Tree=576
num_leaves=9
num_cat=0
split_feature=35 52 36 3 3 3 17 17
split_gain=0.688433 1.33411 1.06309 1.16864 1.03713 0.978134 0.934285 0.831983
threshold=1.4500000000000002 1.5500000000000003 0.95000000000000007 45.732211957348632 49.934496467225848 45.930045995511556 3.1710963448222889 2.7175484434224217
decision_type=2 2 2 2 2 2 2 2
left_child=2 -2 5 7 -5 -1 -7 -4
right_child=1 -3 3 4 -6 6 -8 -9
leaf_value=0.00010762213687969029 0.00076660826515526168 -0.0004126246668774762 -0.00053704114145293274 0.00064824563191634074 -0.0017134894463737658 -0.0002657407638969729 0.00030956675482811911 -0.0027603007773064525
leaf_weight=19194.211857944727 1228.1740899384022 544.10876357555389 1982.4262335300446 579.47084763646126 81.721761882305145 6201.7421463727951 1364.046285033226 70.541942745447159
leaf_count=28655 1854 797 2906 846 133 9566 2017 100
internal_value=1.61762e-05 0.000398879 -6.52201e-06 -0.000383805 0.000336975 3.13965e-05 -0.000160642 -0.000620913
internal_weight=31246.4 1772.28 29474.2 2714.16 661.193 26760 7565.79 2052.97
internal_count=46874 2651 44223 3985 979 40238 11583 3006
is_linear=0
shrinkage=0.02


Tree=577
num_leaves=7
num_cat=0
split_feature=22 22 22 17 17 17
split_gain=0.635142 0.950113 0.812105 0.609941 0.89452 0.568306
threshold=2.3685179570228541 2.3102807545393103 2.4801841982480197 2.4382291245365848 2.3205943893006697 2.553665602308143
decision_type=2 2 2 2 2 2
left_child=1 3 -2 4 -1 -5
right_child=2 -3 -4 5 -6 -7
leaf_value=5.7306198482791444e-05 -0.0014469635458871195 0.0018056187619232863 -0.000175443842879996 -0.00060096347992486877 0.00067084006863250985 -5.7391977031449452e-05
leaf_weight=20387.60354334116 234.992969840765 119.36692163348198 1537.5068009793758 871.0314516723156 1000.1143808066845 7095.8278603851795
leaf_count=30767 357 179 2382 1311 1504 10374
internal_value=1.58349e-05 3.82628e-05 -0.000351095 3.06129e-05 8.65233e-05 -0.000118212
internal_weight=31246.4 29473.9 1772.5 29354.6 21387.7 7966.86
internal_count=46874 44135 2739 43956 32271 11685
is_linear=0
shrinkage=0.02


Tree=578
num_leaves=6
num_cat=0
split_feature=37 14 14 36 36
split_gain=0.723116 0.800393 1.01021 0.630732 0.565569
threshold=1.7366486748380328 15.500000000000002 14.500000000000002 0.95000000000000007 2.0500000000000003
decision_type=2 2 2 2 2
left_child=1 2 3 -1 -2
right_child=4 -3 -4 -5 -6
leaf_value=3.2818325581498383e-05 0.0011172012702262875 0.0017852976695473231 -0.0019078445887972147 -0.00025303536872361038 0.00010646982207474054
leaf_weight=26605.830753535032 412.14750725030899 97.943046569824219 109.46916776895523 3490.8279634714127 530.22549006342888
leaf_count=40034 611 133 149 5113 834
internal_value=1.55057e-05 -1.14902e-06 -7.39041e-06 -1.94214e-08 0.000560533
internal_weight=31246.4 30304.1 30206.1 30096.7 942.373
internal_count=46874 45429 45296 45147 1445
is_linear=0
shrinkage=0.02


Tree=579
num_leaves=7
num_cat=0
split_feature=22 22 22 14 14 14
split_gain=0.610541 0.913211 0.779402 0.666463 0.654181 0.987668
threshold=2.3685179570228541 2.3102807545393103 2.4801841982480197 8.5000000000000018 15.500000000000002 14.500000000000002
decision_type=2 2 2 2 2 2
left_child=1 4 -2 -4 5 -1
right_child=2 -3 3 -5 -6 -7
leaf_value=3.1120428622622048e-05 -0.0014182604864941923 0.0017699062221002613 0.00056365165520862366 -0.00040856143533237496 0.001646503153552677 -0.0019148254715379176
leaf_weight=29154.056006878614 234.992969840765 119.36692163348198 362.65775173902512 1174.8490492403507 97.943827927112579 102.57740139961243
leaf_count=43682 357 179 589 1793 133 141
internal_value=1.52031e-05 3.71987e-05 -0.000344544 -0.000172312 2.96921e-05 2.38255e-05
internal_weight=31246.4 29473.9 1772.5 1537.51 29354.6 29256.6
internal_count=46874 44135 2739 2382 43956 43823
is_linear=0
shrinkage=0.02


Tree=580
num_leaves=11
num_cat=0
split_feature=52 27 14 14 27 27 31 40 53 27
split_gain=1.10444 0.958198 1.12527 0.949672 0.949436 0.943942 0.662497 1.52854 0.704205 0.555468
threshold=0.8500000000000002 0.93735290749559164 13.500000000000002 7.5000000000000009 0.91139126264772119 0.95317298842610187 1.613713355140509 0.12405197892648806 -1.0000000180025095e-35 1.104347535196746
decision_type=2 2 2 2 2 2 2 2 2 2
left_child=6 2 4 9 -2 -5 8 -8 -1 -3
right_child=1 3 -4 5 -6 -7 7 -9 -10 -11
leaf_value=0.00017124820634039799 4.8564746238238918e-05 -0.00036977039639000454 -0.0011066906540400164 -0.001445466764858328 0.00095690771317575576 -0.00023264455860953765 0.00014594205333775216 -0.0019555301144608644 0.00063736426284523794 0.00095062734951985208
leaf_weight=6428.1150184571743 13086.494075059891 168.85861569643021 323.76698932051659 267.77023181319237 477.18781858682632 7605.0364165306091 563.60675704479218 178.60282149910927 1661.8205003738403 417.03107383847237
leaf_count=9987 19934 274 442 390 686 11031 882 278 2251 666
internal_value=2.5661e-05 -4.88121e-05 5.2821e-05 -0.000216828 8.13949e-05 -0.000275522 0.000215185 -0.000350208 0.000268367 0.000553104
internal_weight=31178.3 22346.1 13887.4 8458.7 13563.7 7872.81 8832.15 742.21 8089.94 585.89
internal_count=46821 33423 21062 12361 20620 11421 13398 1160 12238 940
is_linear=0
shrinkage=0.02


Tree=581
num_leaves=14
num_cat=0
split_feature=52 0 0 19 4 27 19 53 0 19 0 4 0
split_gain=1.0609 1.01373 1.8308 1.73673 0.920762 0.963006 1.34261 0.85837 0.820749 0.786036 0.611154 0.552123 0.51595
threshold=0.8500000000000002 24.782442814715228 25.495207830937968 2.6225974476793152 26.473071120572467 1.1777920554320558 -3.2307800987559356 -0.44999999999999996 34.341838185687912 -2.750276381034618 17.701871981364864 24.701282457319284 15.895615003477497
decision_type=2 2 2 2 2 2 2 2 2 2 2 2 2
left_child=1 10 7 -4 9 8 -7 -3 -6 -2 12 -11 -1
right_child=4 2 3 -5 5 6 -8 -9 -10 11 -12 -13 -14
leaf_value=6.2558950177625443e-05 -0.0022231610953432914 0.00020491460771995387 0.00046584769347913282 -0.0020608797008781518 1.6981097659612479e-05 0.0018823066660825533 -0.00032323452996016309 0.0026944570207520883 0.00053343534631859312 -0.00011459161501105666 -0.00010678485048616553 -0.00095046748862541073 0.0006406399187406101
leaf_weight=1603.701004087925 100.60070589184761 87.352486580610275 2305.9330672621727 111.04387614130974 14792.648180931807 110.06152436137199 4481.0934128761292 212.49854075908661 1345.9736113846302 1040.4590717852116 3461.4385378956795 475.30871361494064 1050.1775846481323
leaf_count=2423 149 136 3583 178 22307 148 6519 300 1946 1627 5213 727 1565
internal_value=2.51449e-05 0.0002109 0.000532745 0.00034402 -4.7838e-05 -1.14737e-05 -0.000267388 0.0020085 6.07341e-05 -0.000507438 6.61524e-05 -0.000384198 0.000295389
internal_weight=31178.3 8832.15 2716.83 2416.98 22346.1 20729.8 4591.15 299.851 16138.6 1616.37 6115.32 1515.77 2653.88
internal_count=46821 13398 4197 3761 33423 30920 6667 436 24253 2503 9201 2354 3988
is_linear=0
shrinkage=0.02


Tree=582
num_leaves=8
num_cat=0
split_feature=52 26 26 31 51 53 51
split_gain=1.01936 1.02525 1.31698 0.632952 0.704473 1.75643 1.00514
threshold=0.8500000000000002 0.88194444444444453 0.68333333333333346 1.613713355140509 1.2510413064894899 -0.34999999999999992 0.8736661530354014
decision_type=2 2 2 2 2 2 2
left_child=3 2 -2 4 6 -6 -1
right_child=1 -3 -4 -5 5 -7 -8
leaf_value=0.00032952586822735199 -6.9674395738088292e-05 -0.00019536379361061038 0.00037088764280199612 -0.00034585146953272367 -7.9776730962380756e-05 0.0012872034482863488 -0.00020758661874145608
leaf_weight=4639.8793885707855 8118.6215744316578 10170.607928961515 4056.9157174527645 742.20957854390144 680.18825724720955 803.69056963920593 1966.1773033738136
leaf_count=7044 12493 14853 6077 1160 1066 1177 2951
internal_value=2.46494e-05 -4.68834e-05 7.63375e-05 0.000206735 0.000258741 0.000654606 0.000168136
internal_weight=31178.3 22346.1 12175.5 8832.15 8089.94 1483.88 6606.06
internal_count=46821 33423 18570 13398 12238 2243 9995
is_linear=0
shrinkage=0.02


Tree=583
num_leaves=13
num_cat=0
split_feature=52 4 27 4 4 31 4 4 4 27 21 21
split_gain=0.978696 0.886338 0.903418 0.744632 1.23342 0.879771 0.766197 0.627451 0.622955 0.584009 0.69983 0.602731
threshold=0.8500000000000002 26.473071120572467 1.1777920554320558 30.158512544947559 28.510507842895624 1.3895001399416469 49.749550505493126 31.123418940916689 33.001931850297318 0.52481448969823907 0.78699496050294526 0.64337574656441288
decision_type=2 2 2 2 2 2 2 2 2 2 2 2
left_child=3 9 -3 4 -1 7 -7 -5 -4 11 -11 -2
right_child=1 2 8 5 -6 6 -8 -9 -10 10 -12 -13
leaf_value=0.00013192306088368141 0.0011287715647510228 5.9664627378267884e-05 0.00047763074594877437 0.0013934822706944839 -0.0010315063738949399 -0.00041552528002238563 0.0017199677904548756 0.00035170477697924157 -0.00033221715130398469 -0.0014148345784859365 -0.00031205769810490973 -0.00035180261337604442
leaf_weight=1607.9127529859543 140.0294077694416 16138.621792316437 406.56252479553223 247.61575230956078 466.05986705422401 894.15309393405914 69.391398191452026 5547.0122328996658 4184.5924124419689 426.49994942545891 566.00081327557564 483.83832082152367
leaf_count=2410 222 24253 597 369 703 1344 127 8445 6070 661 862 758
internal_value=2.41385e-05 -4.59455e-05 -1.02592e-05 0.00020256 -0.000125446 0.000304706 -0.000248133 0.000398413 -0.000258148 -0.000496862 -0.000797893 -9.59363e-07
internal_weight=31178.3 22346.1 20729.8 8832.15 2073.97 6758.17 963.544 5794.63 4591.15 1616.37 992.501 623.868
internal_count=46821 33423 30920 13398 3113 10285 1471 8814 6667 2503 1523 980
is_linear=0
shrinkage=0.02


Tree=584
num_leaves=12
num_cat=0
split_feature=26 31 19 31 40 53 4 4 31 26 19
split_gain=0.81951 1.42989 1.14204 1.12499 1.48853 1.32397 0.712953 0.783823 0.555783 0.549403 0.528988
threshold=0.89444444444444449 1.5935070778405025 1.4991051384839535 0.66719133475806214 -0.021431659658537446 1.0000000180025095e-35 35.902822835586029 38.822638737645697 2.0101229035110681 0.47222222222222227 2.1331077420656448
decision_type=2 2 2 2 2 2 2 2 2 2 2
left_child=1 3 -2 4 -1 -5 10 -8 -3 -10 -4
right_child=2 8 6 5 -6 -7 7 -9 9 -11 -12
leaf_value=0.00028680430874089351 -0.00018802801186355175 -0.00089857594904703614 0.0016043539955455949 -1.6318626788900057e-05 -0.00015540443680545649 0.00065343397248773436 -0.00099319116322626501 0.00026043365034320953 0.0010099373364629894 -0.00048209255798707391 0.0003623692591108359
leaf_weight=5726.3421407043934 10480.250562280416 734.77353602647781 249.94403877854347 1825.3450757861137 6473.7011766135693 3197.9152100086212 227.94067516922951 1445.4263614118099 142.84043779969215 307.91281026601791 365.89829337596893
leaf_count=8725 15233 1125 375 2781 10013 4646 345 2239 232 552 555
internal_value=2.36576e-05 0.000109311 -9.90373e-05 0.000156031 5.13488e-05 0.000408161 0.000303816 8.27183e-05 -0.000560134 0 0.000886185
internal_weight=31178.3 18408.8 12769.5 17223.3 12200 5023.26 2289.21 1673.37 1185.53 450.753 615.842
internal_count=46821 28074 18747 26165 18738 7427 3514 2584 1909 784 930
is_linear=0
shrinkage=0.02


Tree=585
num_leaves=7
num_cat=0
split_feature=43 36 46 46 46 36
split_gain=0.865218 0.662652 0.89216 0.67515 0.969328 0.595011
threshold=1.8500000000000003 0.5634920634920636 0.64583333333333337 2.683333333333334 1.5634920634920637 0.5277777777777779
decision_type=2 2 2 2 2 2
left_child=1 2 -1 4 -3 -4
right_child=-2 3 5 -5 -6 -7
leaf_value=-0.00021499126805023697 0.0015543422389216177 -0.00023745368123168797 9.4618404329236522e-05 -0.00058402296603036628 0.00019699561765877232 0.0014620337692489655
leaf_weight=4403.2755755782127 136.15494218468666 6390.9317872524261 15720.764867395163 1314.2237186431885 3002.5965633690357 127.49187776446342
leaf_count=6587 192 9476 23754 1955 4494 194
internal_value=-2.34813e-05 -3.08433e-05 3.60376e-05 -0.000158252 -9.75073e-05 0.000106433
internal_weight=31095.4 30959.3 20251.5 10707.8 9393.53 15848.3
internal_count=46652 46460 30535 15925 13970 23948
is_linear=0
shrinkage=0.02


Tree=586
num_leaves=6
num_cat=0
split_feature=19 43 36 46 46
split_gain=0.842578 0.875136 0.548535 0.888157 0.580038
threshold=3.8885557289332477 1.8500000000000003 0.5634920634920636 0.81666666666666676 2.683333333333334
decision_type=2 2 2 2 2
left_child=1 2 3 -1 -4
right_child=-2 -3 4 -5 -6
leaf_value=-0.00017048569791219549 0.00073637378010919211 0.0015700568171421847 -0.00010460089951872861 0.00011223035997335175 -0.00055827602048669114
leaf_weight=6697.7458339631557 570.44458842277527 132.50637522339821 9224.7184008359909 13167.158228158951 1302.8659055829048
leaf_count=10035 912 187 13707 19881 1930
internal_value=-2.29959e-05 -3.75617e-05 -4.50026e-05 1.63975e-05 -0.000161792
internal_weight=31095.4 30525 30392.5 19864.9 10527.6
internal_count=46652 45740 45553 29916 15637
is_linear=0
shrinkage=0.02


Tree=587
num_leaves=4
num_cat=0
split_feature=19 43 32
split_gain=0.809342 0.841021 0.753898
threshold=3.8885557289332477 1.8500000000000003 1.0500000000000003
decision_type=2 2 2
left_child=1 2 -1
right_child=-2 -3 -4
leaf_value=-9.6101135690788853e-05 0.00072169775451711869 0.0015391226437146777 0.00014702518294018314
leaf_weight=23935.150306820869 570.44458842277527 132.50637522339821 6457.3380617201328
leaf_count=36009 912 187 9544
internal_value=-2.25275e-05 -3.68094e-05 -4.411e-05
internal_weight=31095.4 30525 30392.5
internal_count=46652 45740 45553
is_linear=0
shrinkage=0.02


Tree=588
num_leaves=3
num_cat=0
split_feature=19 43
split_gain=0.777387 0.808221
threshold=3.8885557289332477 1.8500000000000003
decision_type=2 2
left_child=1 -1
right_child=-2 -3
leaf_value=-4.3221189524377581e-05 0.00070731422857935728 0.0015087978390884347
leaf_weight=30392.488368541002 570.44458842277527 132.50637522339821
leaf_count=45553 912 187
internal_value=-2.20547e-05 -3.6058e-05
internal_weight=31095.4 30525
internal_count=46652 45740
is_linear=0
shrinkage=0.02


Tree=589
num_leaves=2
num_cat=0
split_feature=19
split_gain=0.746707
threshold=3.8885557289332477
decision_type=2
left_child=-1
right_child=-2
leaf_value=-3.5328388789245431e-05 0.00069321737630219577
leaf_weight=30524.9947437644 570.44458842277527
leaf_count=45740 912
internal_value=-2.1598e-05
internal_weight=31095.4
internal_count=46652
is_linear=0
shrinkage=0.02


Tree=590
num_leaves=7
num_cat=0
split_feature=53 52 42 42 1 1
split_gain=0.757906 0.793322 0.718051 0.532663 0.748713 1.01966
threshold=1.6500000000000004 2.4500000000000006 2.1500000000000008 0.75000000000000011 34.726166666666678 31.703166666666664
decision_type=2 2 2 2 2 2
left_child=1 2 -1 -2 5 -5
right_child=3 -3 -4 4 -6 -7
leaf_value=-3.0152076684688037e-05 0.00017340299168058286 -0.00069481104275672257 -0.0014739851256065667 0.0011629838759485251 0.0022136900884036437 -0.0014649972625679442
leaf_weight=28137.525075942278 1589.8123357594013 754.96653458476067 136.82026934623718 191.69428610801697 135.4455009996891 80.905504912137985
leaf_count=42319 2314 1167 182 302 182 109
internal_value=-2.88419e-05 -5.50796e-05 -3.75962e-05 0.000347072 0.00099518 0.000341613
internal_weight=31027.2 29029.3 28274.3 1997.86 408.045 272.6
internal_count=46575 43668 42501 2907 593 411
is_linear=0
shrinkage=0.02


Tree=591
num_leaves=9
num_cat=0
split_feature=5 46 31 5 31 46 1 1
split_gain=0.664228 1.09886 1.25841 0.919312 0.791482 0.638495 1.04386 0.742118
threshold=49.65047544930308 1.9500000000000002 1.0865926969067585 49.516049428648195 0.88613967486013878 3.4722222222222228 32.856333333333346 25.250333333333337
decision_type=2 2 2 2 2 2 2 2
left_child=3 2 4 -1 -2 7 -7 -3
right_child=1 5 -4 -5 -6 6 -8 -9
leaf_value=-4.6613889580017758e-05 0.00095799318916570055 -0.0017815035541718794 0.0025766459885265824 -0.0011240853242659346 -0.001104113013911728 0.0019756532800237485 0.00012813975117227579 -1.2259877018168296e-05
leaf_weight=27610.285305887461 284.00012934207916 98.917283833026886 157.24703320860863 319.47175613045692 95.204346835613251 165.5970940887928 505.99308514595032 1790.4534731805325
leaf_count=41358 446 145 239 491 140 244 761 2751
internal_value=-2.82652e-05 0.000248897 0.00107156 -5.93761e-05 0.000410965 7.19668e-05 0.000603049 -0.000111961
internal_weight=31027.2 3097.41 536.452 27929.8 379.204 2560.96 671.59 1889.37
internal_count=46575 4726 825 41849 586 3901 1005 2896
is_linear=0
shrinkage=0.02


Tree=592
num_leaves=7
num_cat=0
split_feature=5 5 1 1 1 42
split_gain=0.638138 0.883084 0.832777 0.610143 1.26927 0.568946
threshold=49.65047544930308 49.516049428648195 32.576166666666673 25.433333333333337 27.88816666666667 2.1500000000000008
decision_type=2 2 2 2 2 2
left_child=1 5 3 -2 -5 -1
right_child=2 -3 -4 4 -6 -7
leaf_value=-3.8675327600292988e-05 -0.00020608564594093123 -0.0011017434642184782 -1.940094835148107e-06 0.0024686517060319223 0.00052831254063044598 -0.0012912942811546418
leaf_weight=27465.884774684906 232.61974653601646 319.47175613045692 1954.1169359982014 170.66362684965134 740.01213625073433 144.4005312025547
leaf_count=41165 352 491 3026 244 1104 193
internal_value=-2.76978e-05 -5.81974e-05 0.000243954 0.000672236 0.000907508 -4.56817e-05
internal_weight=31027.2 27929.8 3097.41 1143.3 910.676 27610.3
internal_count=46575 41849 4726 1700 1348 41358
is_linear=0
shrinkage=0.02


Tree=593
num_leaves=7
num_cat=0
split_feature=53 31 26 52 42 1
split_gain=0.724306 0.946914 0.841684 0.763216 0.667387 0.591732
threshold=1.6500000000000004 1.4721580957338805 1.6833333333333336 2.4500000000000006 2.1500000000000008 35.885333333333342
decision_type=2 2 2 2 2 2
left_child=3 2 5 4 -1 -2
right_child=1 -3 -4 -5 -6 -7
leaf_value=-2.8469110358633159e-05 0.00017391408634564824 -0.00095471846377634037 0.0020381101440372818 -0.0006802782256353936 -0.0014204704506832302 0.001170002860893345
leaf_weight=28137.525075942278 1373.1426623761654 196.46540722250938 130.69760957360268 754.96653458476067 136.82026934623718 297.55194860696793
leaf_count=42319 2031 294 175 1167 182 407
internal_value=-2.71563e-05 0.000340328 0.000488017 -5.28135e-05 -3.56587e-05 0.000358483
internal_weight=31027.2 1997.86 1801.39 29029.3 28274.3 1670.69
internal_count=46575 2907 2613 43668 42501 2438
is_linear=0
shrinkage=0.02


Tree=594
num_leaves=4
num_cat=0
split_feature=5 5 26
split_gain=0.607186 0.849317 0.572271
threshold=49.65047544930308 49.516049428648195 1.7638888888888891
decision_type=2 2 2
left_child=1 -1 -2
right_child=2 -3 -4
leaf_value=-4.4090005992152134e-05 0.00032848703494829206 -0.0010797760275406674 -0.00058902482158119615
leaf_weight=27610.285305887461 2805.1341722905636 319.47175613045692 292.27827334403992
leaf_count=41358 4304 491 422
internal_value=-2.66128e-05 -5.63711e-05 0.000238358
internal_weight=31027.2 27929.8 3097.41
internal_count=46575 41849 4726
is_linear=0
shrinkage=0.02


Tree=595
num_leaves=6
num_cat=0
split_feature=12 27 33 27 34
split_gain=0.968834 0.752155 0.79673 0.708823 0.590019
threshold=20.355079131834227 1.9881855510444739 0.8500000000000002 0.29411044726970026 0.027469779805584252
decision_type=2 2 2 2 2
left_child=1 2 4 -2 -1
right_child=3 -3 -4 -5 -6
leaf_value=-0.00068318907559995659 0.0026792580262940241 0.00076985389883686109 -0.00025870109703562592 0.00051286142612083294 4.5340050761747741e-05
leaf_weight=449.46511712670326 68.344165623188019 500.041877835989 4421.1654045581818 674.95814225077629 24989.073077231646
leaf_count=748 102 709 6682 981 37436
internal_value=1.96925e-05 1.87346e-06 -1.07032e-05 0.000732127 3.20221e-05
internal_weight=31103 30359.7 29859.7 743.302 25438.5
internal_count=46658 45575 44866 1083 38184
is_linear=0
shrinkage=0.02


Tree=596
num_leaves=6
num_cat=0
split_feature=12 16 27 21 27
split_gain=0.931611 0.845196 0.740116 0.689946 0.95617
threshold=20.355079131834227 0.67749999999999988 1.9881855510444739 1.0386840508974631 0.69933824937671096
decision_type=2 2 2 2 2
left_child=1 -1 -3 -2 -5
right_child=3 2 -4 4 -6
leaf_value=0.0012920939292772125 9.5498717650028148e-05 -1.9689000039515531e-05 0.00075451817395802304 0.0024540087681736112 0.00032274751238629785
leaf_weight=199.8059917986393 382.02945259213448 29659.897607117891 500.041877835989 167.15112483501434 194.12173044681549
leaf_count=296 565 44570 709 239 279
internal_value=1.93091e-05 1.82924e-06 -6.47218e-06 0.000717924 0.00134443
internal_weight=31103 30359.7 30159.9 743.302 361.273
internal_count=46658 45575 45279 1083 518
is_linear=0
shrinkage=0.02


Tree=597
num_leaves=9
num_cat=0
split_feature=33 17 16 16 17 17 16 22
split_gain=0.677363 0.889898 1.19856 0.80246 0.941723 0.97039 0.681791 0.576855
threshold=0.8500000000000002 3.2000719657048751 18.390000000000004 0.67749999999999988 0.99317396737245411 1.1534362088326808 17.510000000000009 1.5553529167383202
decision_type=2 2 2 2 2 2 2 2
left_child=3 6 -3 -1 7 -6 -2 -5
right_child=1 2 -4 4 5 -7 -8 -9
leaf_value=0.0013668386482503505 -0.00016966284042197903 -0.00089517275431603342 0.0021049548812389451 -0.00017818765645884207 0.00052957171188372683 5.640097477875913e-05 -0.00092376160098562492 -0.0011787668616850299
leaf_weight=184.69561505317688 3846.5326482951641 76.765124440193176 144.29222956299782 3333.9186638593674 1899.5874831080437 20807.307485073805 558.44423961639404 251.504295617342
leaf_count=273 5844 107 200 5027 2884 31123 820 380
internal_value=1.89485e-05 -0.00020381 0.0010196 5.82587e-05 4.85827e-05 9.64685e-05 -0.000267909 -0.00025178
internal_weight=31103 4626.03 221.057 26477 26292.3 22706.9 4404.98 3585.42
internal_count=46658 6971 307 39687 39414 34007 6664 5407
is_linear=0
shrinkage=0.02


Tree=598
num_leaves=9
num_cat=0
split_feature=37 12 16 22 37 37 37 37
split_gain=0.945944 0.93456 1.0991 0.829468 0.815728 1.21141 0.925515 0.575565
threshold=0.0019896142343955505 20.355079131834227 0.67749999999999988 0.58341303469278449 0.68654324173194381 0.3725120692240978 1.0090467845213336 0.05364007915054201
decision_type=2 2 2 2 2 2 2 2
left_child=3 2 -2 -1 5 -3 -6 -4
right_child=1 4 7 -5 6 -7 -8 -9
leaf_value=-0.0001754797367719328 0.0015369219560549521 0.00042280834367230675 0.00033098075465035721 -0.0019007126137171758 -0.0020538106749734752 0.0024468649882439285 0.00081434563095600225 -1.8171770786646714e-05
leaf_weight=312.49677160382271 186.7362017929554 371.98285242915154 2023.8540889918804 185.64974075555801 77.267017036676407 184.12879317998886 96.833641529083252 27664.098677307367
leaf_count=517 275 547 2995 307 112 263 139 41503
internal_value=1.85576e-05 3.29694e-05 1.53246e-05 -0.000843465 0.000739185 0.00111726 -0.000410644 5.31414e-06
internal_weight=31103 30604.9 29874.7 498.147 730.212 556.112 174.101 29688
internal_count=46658 45834 44773 824 1061 810 251 44498
is_linear=0
shrinkage=0.02


Tree=599
num_leaves=8
num_cat=0
split_feature=37 12 16 37 37 37 33
split_gain=0.909737 0.898431 1.05603 0.783886 1.16292 0.890124 0.661083
threshold=0.0019896142343955505 20.355079131834227 0.67749999999999988 0.68654324173194381 0.3725120692240978 1.0090467845213336 0.8500000000000002
decision_type=2 2 2 2 2 2 2
left_child=-1 2 -2 4 -3 -5 -4
right_child=1 3 6 5 -6 -7 -8
leaf_value=-0.00082716155711917553 0.0015065093111916881 0.00041439739010179223 4.5251239284505402e-05 -0.0020137709239468359 0.0023984535143213442 0.00079838829397932247 -0.0002186257183811581
leaf_weight=498.14651235938072 186.7362017929554 371.98285242915154 25221.339657902718 77.267017036676407 184.12879317998886 96.833641529083252 4466.6131083965302
leaf_count=824 275 547 37766 112 263 139 6732
internal_value=1.81882e-05 3.23276e-05 1.50206e-05 0.000724764 0.00109548 -0.000401577 5.20155e-06
internal_weight=31103 30604.9 29874.7 730.212 556.112 174.101 29688
internal_count=46658 45834 44773 1061 810 251 44498
is_linear=0
shrinkage=0.02


end of trees

feature_importances:
STL_Season=476
OPP_STL_ALLOWED=254
STL_L20=252
BLK_Season=248
USAGE_RATE_STREAK=237
MIN_STREAK=231
STL_STREAK=226
USAGE_VACUUM=217
OPP_STL_ALLOWED_DIFF=212
MIN_L10=200
GAME_SCORE_STREAK=188
EXP_POSS=185
STL_CONSISTENCY=182
STL_L10=180
MIN_L5=172
BLK_L20=171
PACE_ROLLING=165
TOV_STREAK=163
GAME_SCORE_L5=157
USAGE_RATE_Season=152
GAME_SCORE_CONSISTENCY=151
GAME_SCORE_Season=150
MIN_Season=147
TOV_CONSISTENCY=144
OPP_BLK_ALLOWED_DIFF=143
TOV_Season=128
TOV_L20=119
BLK_STREAK=113
TOV_L10=111
USAGE_RATE_CONSISTENCY=95
STAR_COUNT=94
USAGE_RATE_L5=88
OPP_BLK_ALLOWED=88
EXP_POSS_SEASON=87
OPP_TOV_ALLOWED_DIFF=84
BLK_L10=82
USAGE_RATE_L10=81
OPP_TOV_ALLOWED=72
DAYS_REST=60
STL_L5=53
GAMES_7D=25
TOV_L5=24
STL_L10_Median=21
BLK_L5=18
BLK_CONSISTENCY=17
BLK_L10_Median=15
TOV_L5_Median=11
STL_L5_Median=9
TOV_L10_Median=7
IS_4_IN_6=3
IS_B2B=3
IS_FRESH=2

parameters:
[boosting: gbdt]
[objective: regression]
[metric: l2]
[tree_learner: serial]
[device_type: cpu]
[data_sample_strategy: bagging]
[data: ]
[valid: ]
[num_iterations: 600]
[learning_rate: 0.02]
[num_leaves: 15]
[num_threads: 10]
[seed: 0]
[deterministic: 0]
[force_col_wise: 0]
[force_row_wise: 0]
[histogram_pool_size: -1]
[max_depth: 4]
[min_data_in_leaf: 100]
[min_sum_hessian_in_leaf: 0.001]
[bagging_fraction: 0.7]
[pos_bagging_fraction: 1]
[neg_bagging_fraction: 1]
[bagging_freq: 5]
[bagging_seed: 3]
[bagging_by_query: 0]
[feature_fraction: 0.6]
[feature_fraction_bynode: 1]
[feature_fraction_seed: 2]
[extra_trees: 0]
[extra_seed: 6]
[early_stopping_round: 0]
[early_stopping_min_delta: 0]
[first_metric_only: 0]
[max_delta_step: 0]
[lambda_l1: 0.5]
[lambda_l2: 2]
[linear_lambda: 0]
[min_gain_to_split: 0.5]
[drop_rate: 0.1]
[max_drop: 50]
[skip_drop: 0.5]
[xgboost_dart_mode: 0]
[uniform_drop: 0]
[drop_seed: 4]
[top_rate: 0.2]
[other_rate: 0.1]
[min_data_per_group: 100]
[max_cat_threshold: 32]
[cat_l2: 10]
[cat_smooth: 10]
[max_cat_to_onehot: 4]
[top_k: 20]
[monotone_constraints: ]
[monotone_constraints_method: basic]
[monotone_penalty: 0]
[feature_contri: ]
[forcedsplits_filename: ]
[refit_decay_rate: 0.9]
[cegb_tradeoff: 1]
[cegb_penalty_split: 0]
[cegb_penalty_feature_lazy: ]
[cegb_penalty_feature_coupled: ]
[path_smooth: 0]
[interaction_constraints: ]
[verbosity: -1]
[saved_feature_importance_type: 0]
[use_quantized_grad: 0]
[num_grad_quant_bins: 4]
[quant_train_renew_leaf: 0]
[stochastic_rounding: 1]
[linear_tree: 0]
[max_bin: 255]
[max_bin_by_feature: ]
[min_data_in_bin: 3]
[bin_construct_sample_cnt: 200000]
[data_random_seed: 1]
[is_enable_sparse: 1]
[enable_bundle: 1]
[use_missing: 1]
[zero_as_missing: 0]
[feature_pre_filter: 1]
[pre_partition: 0]
[two_round: 0]
[header: 0]
[label_column: ]
[weight_column: ]
[group_column: ]
[ignore_column: ]
[categorical_feature: ]
[forcedbins_filename: ]
[precise_float_parser: 0]
[parser_config_file: ]
[objective_seed: 5]
[num_class: 1]
[is_unbalance: 0]
[scale_pos_weight: 1]
[sigmoid: 1]
[boost_from_average: 1]
[reg_sqrt: 0]
[alpha: 0.9]
[fair_c: 1]
[poisson_max_delta_step: 0.7]
[tweedie_variance_power: 1.5]
[lambdarank_truncation_level: 30]
[lambdarank_norm: 1]
[label_gain: ]
[lambdarank_position_bias_regularization: 0]
[eval_at: ]
[multi_error_top_k: 1]
[auc_mu_weights: ]
[num_machines: 1]
[local_listen_port: 12400]
[time_out: 120]
[machine_list_filename: ]
[machines: ]
[gpu_platform_id: -1]
[gpu_device_id: -1]
[gpu_use_dp: 0]
[num_gpu: 1]

end of parameters

pandas_categorical:[]
