tree
version=v4
num_class=1
num_tree_per_iteration=1
label_index=0
max_feature_idx=53
objective=regression
feature_names=MIN_Season MIN_L5 MIN_L10 USAGE_RATE_Season USAGE_RATE_L5 USAGE_RATE_L10 DAYS_REST IS_HOME GAMES_7D IS_4_IN_6 IS_B2B IS_FRESH PACE_ROLLING USAGE_VACUUM STAR_COUNT GAME_SCORE_Season GAME_SCORE_L5 EXP_POSS EXP_POSS_SEASON MIN_STREAK USAGE_RATE_STREAK USAGE_RATE_CONSISTENCY GAME_SCORE_STREAK GAME_SCORE_CONSISTENCY STL_Season STL_L5 STL_L10 STL_L20 STL_L5_Median STL_L10_Median STL_STREAK STL_CONSISTENCY OPP_STL_ALLOWED OPP_STL_ALLOWED_DIFF BLK_Season BLK_L5 BLK_L10 BLK_L20 BLK_L5_Median BLK_L10_Median BLK_STREAK BLK_CONSISTENCY OPP_BLK_ALLOWED OPP_BLK_ALLOWED_DIFF TOV_Season TOV_L5 TOV_L10 TOV_L20 TOV_L5_Median TOV_L10_Median TOV_STREAK TOV_CONSISTENCY OPP_TOV_ALLOWED OPP_TOV_ALLOWED_DIFF
feature_infos=[6.5459706856228053:41.996888198531956] [5.3722222222222227:48.233333333333334] [6.0533333333333328:45.767333333333326] [3.0454631429302661:50] [3.3518198366569907:50] [6.2706233500235475:50] [0:7] [0:1] [1:5] [0:1] [0:1] [0:1] [15.241541405796715:21.438673522433501] [0:7.0170031880977675] [3:18] [-2.4090852280485029:31.857915805770357] [-2.8333333333333335:41.920000000000002] [0.1175011049851578:3.7391863506726466] [0.055717144287036502:3.6910777435278641] [-9.1463954284185007:11.588257533555982] [-16.156007792588895:18.091371160270725] [0:3] [-7.9387719672752972:8.5630863458271698] [0:3] [0:4.3900960605301114] [0:5.7999999999999998] [0:3.7000000000000002] [0:4.3425703298474252] [0:6] [0:4] [-1.9186716648220876:1.5669322140191619] [0:3] [0:3] [-1:2.8999999999999999] [0:4.4510769110826942] [0:6.5999999999999996] [0:5.2000000000000002] [0:5.3472551484272941] [0:7] [0:5] [-1.3789880224276776:1.497700333104941] [0:3] [0:4.7000000000000002] [-1:4.7000000000000002] [0:5.2431031021551169] [0:7.2000000000000002] [0:6.2000000000000002] [0:6.3126458814412745] [0:8] [0:6] [-1.6250470243291826:1.7497079954432606] [0:3] [0:5.7000000000000002] [-1.8999999999999999:4.7000000000000002]
tree_sizes=1695 1778 1775 1777 1778 1774 1780 1777 1776 1780 1773 1772 1773 1780 1787 1772 1772 1771 1780 1778 1780 1785 1770 1759 1773 1778 1782 1781 1781 1769 1788 1770 1783 1777 1781 1774 1781 1780 1786 1784 1782 1784 1778 1784 1764 1779 1776 1779 1792 1764 1770 1778 1777 1784 1791 1776 1788 1785 1787 1792 1786 1741 1778 1781 1784 1764 1780 1784 1793 1787 1793 1775 1792 1787 1785 1762 1777 1780 1790 1789 1784 1783 1776 1782 1789 1777 1777 1791 1778 1791 1675 1794 1670 1785 1785 1793 1783 1790 1783 1793 1791 1788 1802 1793 1782 1797 1791 1807 1788 1781 1788 1787 1769 1683 1677 1790 1792 1802 1769 1687 1790 1774 1797 1784 1799 1797 1570 1797 1782 1751 1786 1568 1796 1788 1789 1572 1572 1793 1574 1574 1801 1794 1794 1787 1794 1787 1783 1796 1787 1798 1785 1807 1797 1772 1792 1793 1784 1792 1788 1579 1771 1789 1461 1797 1569 1570 1790 1576 1801 1801 1810 1806 1770 1799 1797 1800 1809 1810 1811 1790 1798 1695 1794 1474 1570 1465 1465 1575 1800 1771 1581 1777 1470 1786 1570 1570 1803 1685 1576 1463 1787 1787 1691 1459 1774 1789 1790 1678 1791 1776 1795 1797 1794 1806 1593 1775 1793 1579 1782 1672 1799 1652 1683 1691 1787 1784 1813 1800 1765 1795 1794 1798 1466 1795 1469 1793 1354 1356 1546 1574 1675 1582 1354 1552 1789 1356 1697 1687 1770 1556 1687 1670 1684 1781 1692 1796 1799 1804 1807 1798 1685 1771 1572 1780 1762 1239 927 1558 1139 1242 1253 1802 1804 1677 1356 1129 1143 1358 1220 1245 1762 1781 1781 1789 1358 1702 1462 1469 1694 1802 1131 1023 1008 1110 903 1326 1585 1585 1682 1585 1457 1479 1691 1700 1585 1806 1672 1582 1687 1687 1794 1144 1557 1684 1788 1235 1573 1662 1472 1343 1464 1690 1027 1692 1142 1806 1806 1435 1251 1808 1356 1568 1584 1686 1574 1795 1663 1703 1697 1788 1656 1466 1792 1783 1369 1689 1672 1363 1811 1359 1472 1810 1588 1682 1819 1448 1681 1688 1244 1437 1129 1803 1019 1571 1570 1454 1231 1788 1697 991 1457 1565 1337 1689 1556 1477 1587 1696 1256 1448 1238 1153 1255 1237 813 1574 1702 1810 1356 1337 1673 1672 1654 1693 926 1235 1804 1475 1026 1239 1537 1664 1666 1691 1567 1694 1544 1540 1525 1458 1366 1812 1598 1819 1478 1141 1244 1224 1100 1032 1682 1239 1372 1250 1142 1467 1579 1584 1799 1251 1247 1020 1344 1135 1528 1026 823 1368 1253 1252 917 1241 1472 1243 1347 1370 1595 1249 1680 1586 1589 1253 1347 1133 1145 1466 1775 1806 1469 1578 1249 1343 1576 1028 1247 1589 1376 1135 1252 1139 1268 1364 1489 1491 1263 1256 1585 1580 1591 1371 1476 1258 1594 1342 1232 1259 1370 1469 1357 1560 1466 1661 1466 1457 1361 1799 1132 1799 1109 1033 1548 1364 1247 1248 1230 1222 1470 1570 1263 1128 1032 1024 1681 1661 1824 1575 1805 1465 1116 1691 1117 904 1129 1262 791 1029 813 1030 928 1040 1465 1478 1268 1222 1701 1687 1825 1537 1578 1343 1360 1041 1145 1142 1040 1573 1456 1807 1675 1464 1474 1337 1242 1474 1146 1781 1790 1808 1591 1690 1143 1136 1136 1144 1250 1679 1699 1560 1684 1700 1257 1024 1250 1243 925 820 1028 1141 596 1255 1375 1039 485 716 1261 1580 1590 1428 1250 1246 1145 924 1035 1239 1140 1702 1798 1469 1694 1365

Tree=0
num_leaves=15
num_cat=0
split_feature=44 44 44 16 44 44 5 44 46 2 16 47 46 44
split_gain=1632.08 292.699 168.094 42.0457 40.3272 35.1925 25.4201 16.4279 15.425 15.2782 15.0924 11.4738 10.9455 10.8899
threshold=1.6771879451067555 1.0015196693787964 2.3866292959511752 9.3600000000000048 0.64980943261672031 3.0273876907162474 48.42564079404891 1.3055232553441456 1.3875000000000002 24.060916666666671 5.7225000000000019 2.789627277124588 0.70714285714285718 1.289339127546733
decision_type=2 2 2 2 2 2 2 2 2 2 2 2 2 2
left_child=1 4 6 13 12 9 8 -5 -2 -4 -6 -7 -1 -3
right_child=2 3 5 7 10 11 -8 -9 -10 -11 -12 -13 -14 -15
leaf_value=0.723497884306468 0.72922146896922613 0.72793388888674093 0.73186005016456535 0.72998066425919073 0.72508648649660634 0.73627843566964346 0.7368824496891645 0.73231160248850558 0.73432905683907446 0.73933084280114714 0.72703965842074381 0.74333098475371395 0.7265043320402027 0.72975411980645943
leaf_weight=4136.3144951760769 252.90980303287506 3075.5119021236897 118.47768405079842 2168.1803642511368 2630.7863827645779 109.39963215589523 1851.8485531508923 2716.3472512662411 2971.5301302969456 2599.7807734310627 4167.7781059443951 1430.8043878078461 578.06497991085052 2331.9130069315434
leaf_count=6076 446 4656 207 3247 3951 193 2792 4036 4463 3847 6159 2162 972 3523
internal_value=0.730476 0.72748 0.737472 0.729932 0.725289 0.740405 0.735008 0.731275 0.733925 0.73901 0.726281 0.742845 0.723863 0.728716
internal_weight=31139.6 21804.9 9334.75 10292 11512.9 4258.46 5076.29 4884.53 3224.44 2718.26 6798.56 1540.2 4714.38 5407.42
internal_count=46730 32620 14110 15462 17158 6409 7701 7283 4909 4054 10110 2355 7048 8179
is_linear=0
shrinkage=1


Tree=1
num_leaves=15
num_cat=0
split_feature=44 44 44 44 15 44 4 44 2 46 47 46 17 47
split_gain=1567.56 281.117 161.452 38.7269 35.0944 33.7963 24.8223 15.2695 14.6635 11.0231 11.0012 10.5357 10.2406 10.0867
threshold=1.6771879451067555 1.0015196693787964 2.3866292959511752 0.64980943261672031 9.0655462739876693 3.0273876907162474 45.729586001102952 1.4356133159783033 24.060916666666671 1.3875000000000002 2.789627277124588 0.78888888888888908 1.5010194375677477 1.4693670599618207
decision_type=2 2 2 2 2 2 2 2 2 2 2 2 2 2
left_child=1 3 6 11 13 8 9 -6 -4 -2 -7 -1 -5 -3
right_child=2 4 5 12 7 10 -8 -9 -10 -11 -12 -13 -14 -15
leaf_value=-0.006807560940142403 -0.0018831181118953858 -0.0021729967833507241 0.0013430434158275553 -0.0047275295003308977 -0.00021013188931474685 0.0056746849372879297 0.0055469928524405233 0.0020674607733326381 0.0086641012906532068 0.0031493074951491891 0.012584463394240667 -0.0035327302287771513 -0.0030991071940226177 -0.00014185967852042974
leaf_weight=4259.146223038435 188.98896053433418 4014.4544770717621 118.47768405079842 4272.1226357519627 3068.6959761679173 109.39963215589523 3100.7700223922729 1901.4192269444466 2599.7807734310627 1786.5295035541058 1430.8043878078461 455.23325204849243 2526.4418529570103 1307.382844388485
leaf_count=6261 347 6187 207 6396 4481 193 4653 2799 3847 2701 2162 787 3714 1995
internal_value=-1.40518e-05 -0.00295039 0.00684297 -0.00509731 -0.000547263 0.00971658 0.00442748 0.000659678 0.0083499 0.0026614 0.0121081 -0.00649509 -0.00412494 -0.00167614
internal_weight=31139.6 21804.9 9334.75 11512.9 10292 4258.46 5076.29 4970.12 2718.26 1975.52 1540.2 4714.38 6798.56 5321.84
internal_count=46730 32620 14110 17158 15462 6409 7701 7280 4054 3048 2355 7048 10110 8182
is_linear=0
shrinkage=0.02


Tree=2
num_leaves=15
num_cat=0
split_feature=44 44 44 16 44 44 4 44 16 2 47 44 1 44
split_gain=1505.58 269.993 155.073 39.4091 37.1901 32.4553 23.8375 18.6184 14.3103 14.0733 10.5477 10.0549 9.53156 7.71299
threshold=1.6771879451067555 1.0015196693787964 2.3866292959511752 8.8225000000000033 0.64980943261672031 3.0273876907162474 45.729586001102952 1.3055232553441456 5.7225000000000019 24.060916666666671 2.789627277124588 2.0279336925302487 20.78583333333334 1.1491493098512036
decision_type=2 2 2 2 2 2 2 2 2 2 2 2 2 2
left_child=1 4 6 13 -1 9 12 -5 -6 -4 -7 -8 -2 -3
right_child=2 3 5 7 8 10 11 -9 -10 -11 -12 -13 -14 -15
leaf_value=-0.0063653152038223807 -0.0010148707861808574 -0.0029941473253923606 0.0013166282495810921 -0.00064147234871464551 -0.0052056790633415711 0.0055632284378117148 0.0042551877022171895 0.0017076843495730896 -0.0033037698202219713 0.0084909524417990292 0.012333125101813369 0.0065786112459169281 0.003136405640196965 -0.0012836428438644926
leaf_weight=4714.3794750869274 248.76809185743332 1583.9468283653259 118.47768405079842 2476.400455057621 2630.7863827645779 109.39963215589523 1533.6782013475895 2950.4108554124832 4167.7781059443951 2599.7807734310627 1430.8043878078461 1567.0918210446835 1726.7503722310066 3281.1943857371807
leaf_count=7048 402 2428 207 3700 3951 193 2315 4381 6159 3847 2162 2338 2646 4953
internal_value=-1.37497e-05 -0.00289146 0.00670635 -0.000536339 -0.00499548 0.00952266 0.00433898 0.000634017 -0.00404252 0.00818313 0.0118666 0.00543612 0.0026081 -0.00184359
internal_weight=31139.6 21804.9 9334.75 10292 11512.9 4258.46 5076.29 5426.81 6798.56 2718.26 1540.2 3100.77 1975.52 4865.14
internal_count=46730 32620 14110 15462 17158 6409 7701 8081 10110 4054 2355 4653 3048 7381
is_linear=0
shrinkage=0.02


Tree=3
num_leaves=15
num_cat=0
split_feature=47 47 47 18 18 3 47 47 5 16 16 16 3 13
split_gain=1404.77 245.105 140.788 52.3442 50.2692 31.884 30.3173 17.2728 16.4116 15.049 8.32838 7.93111 6.17027 4.46274
threshold=1.7508694679940848 1.0081268835660455 2.428645416826912 2.0536519946959433 1.4192232309583195 48.075032098701939 3.2620429656726952 0.48947958802748354 48.373120991891049 8.4100000000000055 10.763333333333335 8.7100000000000062 48.729402981623316 2.0326177543191855
decision_type=2 2 2 2 2 2 2 2 2 2 2 2 2 2
left_child=1 4 5 9 7 11 12 -1 -5 -3 -6 -2 -4 -7
right_child=2 3 6 8 10 13 -8 -9 -10 -11 -12 -13 -14 -15
leaf_value=-0.0068222534591757542 0.0013700735494714456 -0.0023384555107645263 0.0070719371484893288 0.00081279629014296376 -0.003421585091849531 0.006086517766469607 0.011862197514278605 -0.0048465845153617031 0.0041381072789214348 -0.00035030224565981018 -0.0014615571492139537 0.0036805274234863504 0.0090309420758198401 0.00989320210300592
leaf_weight=2810.3718359768391 869.68133014440536 3656.1489597558975 1291.5175199508667 3046.5451661944389 3003.8053373098373 1598.4482616484165 1335.4665570855141 5110.2945881187916 739.9349821805954 2632.8948504924774 1254.6830294430256 2016.9506638944149 1624.1944245100021 148.70994558930397
leaf_count=4172 1297 5571 1929 4464 4494 2393 2005 7713 1124 3923 1871 3032 2477 265
internal_value=-1.34329e-05 -0.00269782 0.00670828 -0.000388922 -0.00460672 0.00428993 0.00933867 -0.00555039 0.00146709 -0.00150808 -0.0028474 0.00298933 0.00817207 0.00642718
internal_weight=31139.6 22254.7 8884.97 10075.5 12179.2 4633.79 4251.18 7920.67 3786.48 6289.04 4258.49 2886.63 2915.71 1747.16
internal_count=46730 33332 13398 15082 18250 6987 6411 11885 5588 9494 6365 4329 4406 2658
is_linear=0
shrinkage=0.02


Tree=4
num_leaves=15
num_cat=0
split_feature=46 46 46 15 17 18 46 15 46 3 46 3 3 14
split_gain=1334.53 202.206 159.895 54.6245 54.5751 27.0179 19.2692 17.5273 14.0603 11.7792 11.7501 8.07787 6.3595 3.71724
threshold=1.6833333333333336 0.89444444444444449 2.683333333333334 9.0162885968810986 2.6458724160472546 1.4192232309583195 3.2111111111111117 13.784524838845163 2.0500000000000003 40.445561164933316 0.47222222222222227 48.729402981623316 45.633354845518191 10.500000000000002
decision_type=2 2 2 2 2 2 2 2 2 2 2 2 2 2
left_child=1 5 4 9 8 10 13 -5 -2 -3 -1 -6 -7 -4
right_child=2 3 6 7 11 12 -8 -9 -10 -11 -12 -13 -14 -15
leaf_value=-0.0067305518481344112 0.0015866252237728845 -0.0028564127225816352 0.0089970897178887205 -0.00014359240910803464 0.0050809804987247808 -0.0035697205967669433 0.011552939159915008 0.0026546588353993012 0.0042375236141266124 -0.0010171086802100205 -0.0049915771644628501 0.0071740716689244546 -2.0898383864648532e-05 0.0068577651674108543
leaf_weight=2572.9838952422142 2204.242833673954 4445.3317197859287 1266.6122575998306 4018.0525850951672 1462.7171876728535 2514.5958007276058 1383.8293894529343 1148.0104315280914 1276.620665282011 2060.9301353991032 4312.8173506855965 1682.2938162386417 225.80452796816826 564.80485594272614
leaf_count=3810 3355 6637 1975 5945 2076 3739 2077 1642 2004 3269 6501 2513 375 812
internal_value=-1.3094e-05 -0.00282778 0.00607687 -0.00105668 0.00429611 -0.00497363 0.00973853 0.000477091 0.0025636 -0.00227582 -0.00564459 0.00620762 -0.00328118 0.00835098
internal_weight=31139.6 21298.5 9841.12 11672.3 6625.87 9626.2 3215.25 5166.06 3480.86 6506.26 6885.8 3145.01 2740.4 1831.42
internal_count=46730 31918 14812 17493 9948 14425 4864 7587 5359 9906 10311 4589 4114 2787
is_linear=0
shrinkage=0.02


Tree=5
num_leaves=15
num_cat=0
split_feature=44 44 44 44 44 44 5 0 46 1 46 1 5 0
split_gain=1352.4 247.982 152.644 34.9688 30.4969 27.4378 23.9844 14.5586 13.3391 12.6105 11.1235 10.7203 7.03091 7.01844
threshold=1.664500181471595 0.99531116067790426 2.3647246130443684 0.66298052667662466 3.1687921785834674 1.2364185624046897 48.373120991891049 23.586667637153479 1.3875000000000002 25.524833333333337 0.84523809523809534 20.469000000000005 41.329278955753956 26.278829435746804
decision_type=2 2 2 2 2 2 2 2 2 2 2 2 2 2
left_child=1 3 6 10 7 12 8 -4 -2 -7 -1 -5 -3 -6
right_child=2 5 4 11 13 9 -8 -9 -10 -11 -12 -13 -14 -15
leaf_value=-0.0063222163141424164 -0.0014187973148535788 -0.0023037999120551237 0.0010659033936666392 -0.0047420660246619362 0.005402316177120379 -0.00077543266784427343 0.005755825243797614 0.008230282190556092 0.0032583435802785049 0.0011228300773448421 -0.0024462123072590838 -0.003085535309150842 -0.00059535165390717194 0.012140884971801215
leaf_weight=4628.9814193248749 261.18672806024551 2831.7590203583241 121.83489522337914 2883.2190733850002 76.045576959848404 2289.9257620275021 1829.0623581409454 3059.516761302948 3009.1440596580505 3581.0475863516331 329.24889042973518 3595.9200010597706 1489.8112540543079 1137.0123113691807
leaf_count=6826 460 4249 222 4310 150 3394 2778 4521 4524 5415 591 5335 2279 1668
internal_value=-1.56087e-05 -0.00277795 0.0062761 -0.00479937 0.00900949 -0.000508178 0.00391603 0.00795989 0.00288111 0.000380713 -0.00606794 -0.00382547 -0.00171769 0.0117363
internal_weight=31123.7 21629.9 9493.8 11437.4 4394.41 10192.5 5099.39 3181.35 3270.33 5870.97 4958.23 6479.14 4321.57 1213.06
internal_count=46722 32399 14323 17062 6561 15337 7762 4743 4984 8809 7417 9645 6528 1818
is_linear=0
shrinkage=0.02


Tree=6
num_leaves=15
num_cat=0
split_feature=44 44 44 44 44 44 3 2 15 47 3 23 0 48
split_gain=1298.94 238.168 146.612 33.5803 29.2895 26.3528 21.9988 13.9996 11.34 9.97308 7.67848 7.6575 6.72326 6.50568
threshold=1.664500181471595 0.99531116067790426 2.3647246130443684 0.66298052667662466 3.1687921785834674 1.2364185624046897 48.493646328544109 24.961000000000002 10.394850593921815 1.8948667363387954 40.724490500856682 1.0907383232005763 26.278829435746804 1.0000000180025095e-35
decision_type=2 2 2 2 2 2 2 2 2 2 2 2 2 2
left_child=1 3 6 13 7 10 9 -4 -7 -2 -3 -5 -6 -1
right_child=2 5 4 11 12 8 -8 -9 -10 -11 -12 -13 -14 -15
leaf_value=-0.0064297520658485041 0.0017938271266459622 -0.0023277996315630893 0.0020674207717070016 -0.0042429077056067126 0.0052970386205438823 -0.00035578686699909141 0.0058018855010830333 0.0081151078824417428 0.0014299945476953868 0.0039481005697277602 -0.00056964444646125133 -0.002762886561134591 0.01189849385045598 -0.0047881296557334948
leaf_weight=3486.7152306437492 1640.3592690527439 2730.5878965854645 167.74101066589355 4305.9623477160931 76.045576959848404 3469.9617029130459 1583.649547457695 3013.6106458604336 2401.0116454660892 1875.3843293488026 1590.9823778271675 2173.1767267286777 1137.0123113691807 1471.5150791108608
leaf_count=5143 2512 4050 275 6414 150 5312 2464 4468 3497 2786 2478 3231 1668 2274
internal_value=-1.52768e-05 -0.00272248 0.00615081 -0.00470349 0.00882968 -0.000498044 0.00383777 0.00780088 0.000373067 0.0029474 -0.00168341 -0.00374904 0.0115023 -0.00594669
internal_weight=31123.7 21629.9 9493.8 11437.4 4394.41 10192.5 5099.39 3181.35 5870.97 3515.74 4321.57 6479.14 1213.06 4958.23
internal_count=46722 32399 14323 17062 6561 15337 7762 4743 8809 5298 6528 9645 1818 7417
is_linear=0
shrinkage=0.02


Tree=7
num_leaves=15
num_cat=0
split_feature=44 44 44 44 44 44 4 0 16 4 16 0 4 44
split_gain=1247.61 228.744 140.812 32.521 28.1295 25.3109 20.4885 13.6233 13.5379 11.4413 9.60173 9.3709 6.55559 6.46269
threshold=1.664500181471595 0.99531116067790426 2.3647246130443684 0.76450166294684696 3.1687921785834674 1.2364185624046897 47.484619532964928 23.586667637153479 9.0100000000000033 37.910909397716736 5.7225000000000019 22.062865367457317 40.981954026240743 2.0279336925302487
decision_type=2 2 2 2 2 2 2 2 2 2 2 2 2 2
left_child=1 3 6 9 7 12 11 -4 -7 -1 -5 -2 -3 -8
right_child=2 5 4 10 -6 8 13 -9 -10 -11 -12 -13 -14 -15
leaf_value=-0.0059628731959085225 -0.00045969172106066596 -0.0022740481645893719 0.00097480968382304494 -0.0045333685006963163 0.011272969468112723 -0.00071865640379876192 0.0040188823024994574 0.0079065923563098415 0.0012149391038907727 -0.0040989381177565396 -0.0025743293747746256 0.0030155415510810619 -0.0006662087225457647 0.0061610466929755059
leaf_weight=5100.7964677810669 351.06231880187988 2635.9293726980686 121.83489522337914 1581.0895849764347 1213.0578883290291 2573.8732868731022 1170.4643717110157 3059.516761302948 3297.1000615060329 1863.2006924152374 2892.2826390266418 2363.4301010370255 1685.6409017145634 1214.4363543093204
leaf_count=7593 592 3977 222 2389 1818 3885 1792 4521 4924 2788 4292 3549 2551 1829
internal_value=-1.49341e-05 -0.00266811 0.00602808 -0.00460954 0.00865347 -0.00048811 0.00376118 0.00764505 0.000365579 -0.00546694 -0.00327069 0.0025624 -0.00164982 0.00511815
internal_weight=31123.7 21629.9 9493.8 11437.4 4394.41 10192.5 5099.39 3181.35 5870.97 6964 4473.37 2714.49 4321.57 2384.9
internal_count=46722 32399 14323 17062 6561 15337 7762 4743 8809 10381 6681 4141 6528 3621
is_linear=0
shrinkage=0.02


Tree=8
num_leaves=15
num_cat=0
split_feature=46 46 17 46 46 17 46 5 5 46 5 46 14 17
split_gain=1143.11 171.854 143.312 43.2902 36.5581 35.4478 29.8554 12.0931 11.0323 8.32269 7.91223 6.21313 5.51406 5.28365
threshold=1.5857142857142861 2.2928571428571431 1.5010194375677477 3.183333333333334 0.73214285714285732 2.6317241685626862 0.95000000000000007 48.373120991891049 47.793724775764922 1.0500000000000003 48.758462087966699 2.0500000000000003 10.500000000000002 0.96465934324723868
decision_type=2 2 2 2 2 2 2 2 2 2 2 2 2 2
left_child=2 5 4 8 13 11 -4 -8 -3 -6 -7 -2 -5 -1
right_child=1 3 6 12 9 10 7 -9 -10 -11 -12 -13 -14 -15
leaf_value=-0.0061307765459499824 0.001205773007047129 0.004953530369490867 -0.0025978985182641247 0.011324946161871737 -0.0037897378896700686 0.0036068962740646443 -0.0004725585130391057 0.0026337415362575468 0.0073449696396821629 -0.0020940658624931507 0.00611082380932014 0.0034843237213923119 0.0084873267338885696 -0.0048884905626406256
leaf_weight=2716.5231727063656 3066.1505542993546 1205.8776513636112 3120.8816757500172 1145.5548204779625 3010.1555881500244 1081.3472476899624 5520.9699346423149 548.89376646280289 2453.4443788230419 1955.1482801139355 1026.6740962564945 575.01732149720192 456.43599849939346 3240.6412109732628
leaf_count=4092 4688 1838 4562 1746 4605 1550 8205 846 3657 2995 1521 897 652 4868
internal_value=-1.46184e-05 0.00516494 -0.00285077 0.00777748 -0.00439948 0.00277048 -0.00100862 -0.000189236 0.00656277 -0.00312517 0.00483576 0.00157006 0.0105343 -0.00545853
internal_weight=31123.7 11010.5 20113.2 5261.31 10922.5 5749.19 9190.75 6069.86 3659.32 4965.3 2108.02 3641.17 1601.99 5957.16
internal_count=46722 16549 30173 7893 16560 8656 13613 9051 5495 7600 3071 5585 2398 8960
is_linear=0
shrinkage=0.02


Tree=9
num_leaves=15
num_cat=0
split_feature=46 46 18 18 46 46 46 16 46 18 16 16 48 21
split_gain=1097.95 165.279 152.605 41.7925 35.1222 33.3952 26.9582 10.7204 10.6998 9.28902 8.16741 6.17404 5.02619 4.44458
threshold=1.5857142857142861 2.3875000000000006 1.4345219094739328 2.7795868038303495 3.183333333333334 1.0500000000000003 0.73214285714285732 9.1225000000000005 2.0500000000000003 2.5846246064617793 12.522500000000003 4.9450000000000012 1.0000000180025095e-35 1.0232341866185342
decision_type=2 2 2 2 2 2 2 2 2 2 2 2 2 2
left_child=2 3 6 8 10 9 12 -7 -2 -4 -3 -8 -1 -5
right_child=1 4 5 13 -6 7 11 -9 -10 -11 -12 -13 -14 -15
leaf_value=-0.0058704779285026669 0.0013725650838547728 0.0051109310417462063 -0.0025045365808762372 0.0062663025147338862 0.010324215716121543 -0.0010616848138721292 -0.004330415020163899 0.00072602759120488829 0.003747919769178308 0.0019253696020996955 0.0073728852970255899 -0.0027379192204616447 -0.004521261852631831 0.0041405887862202145
leaf_weight=3947.4427925646305 3494.9250151216984 1010.3923680484295 4463.7181143164635 1153.0606767833233 1601.990818977356 2295.732370942831 1628.3095761537552 3222.3787607550621 979.71863669157028 193.74426519870758 2084.9156295061111 2645.8328996896744 1716.054849177599 685.49892377853394
leaf_count=5903 5313 1512 6698 1713 2398 3440 2479 4796 1507 279 3145 4014 2564 961
internal_value=-1.42629e-05 0.00506194 -0.00279383 0.00294429 0.00790348 -0.0010706 -0.00455674 -1.60286e-05 0.00189632 -0.00231736 0.00664153 -0.00334869 -0.00546517 0.00548453
internal_weight=31123.7 11010.5 20113.2 6313.2 4697.3 10175.6 9937.64 5518.11 4474.64 4657.46 3095.31 4274.14 5663.5 1838.56
internal_count=46722 16549 30173 9494 7055 15213 14960 8236 6820 6977 4657 6493 8467 2674
is_linear=0
shrinkage=0.02


Tree=10
num_leaves=15
num_cat=0
split_feature=44 44 47 44 16 16 44 44 16 0 44 44 47 15
split_gain=1137.42 229.067 89.7707 37.2449 28.2531 22.7563 18.7704 12.8015 9.70497 8.49469 8.0008 7.40679 6.20678 5.49296
threshold=1.7921160809333658 1.0749938697958357 2.6606855893392933 0.77740072405872451 8.2900000000000045 13.600000000000003 3.3483557382899236 1.3055232553441456 5.610000000000003 22.253401540639562 0.58464140943175191 2.0279336925302487 1.4693670599618207 13.784524838845163
decision_type=2 2 2 2 2 2 2 2 2 2 2 2 2 2
left_child=1 3 5 10 12 9 -4 -6 -5 -2 -1 -7 -3 -8
right_child=2 4 6 8 7 11 13 -9 -10 -11 -12 -13 -14 -15
leaf_value=-0.0056825563868024166 0.0004916687716532476 -0.0018627243736116786 0.008041814228318794 -0.0040512445812624547 -0.00040531202800340635 0.004293520340330979 0.0075323391267115812 0.0015308758131374267 -0.0022692350046244784 0.0038301247235743748 -0.0043198184678114445 0.0067379898517134938 -0.0001238038310458623 0.012323307871597281
leaf_weight=3528.323678612709 363.41289880871773 2666.5832851529121 2317.6549132764339 1808.4509003162384 2072.6422808766365 739.17439752817154 138.31709232926369 3960.5302349925041 3987.2522007524967 2175.6991232037544 3686.495734333992 1836.7127433121204 1204.6959022879601 718.50508072972298
leaf_count=5315 633 4096 3507 2746 3112 1110 233 5888 5935 3275 5439 2716 1787 1032
internal_value=1.29833e-05 -0.00228333 0.00636101 -0.00402781 7.57441e-06 0.00471409 0.00900688 0.000864145 -0.00282821 0.003357 -0.00498903 0.00604428 -0.00132452 0.0115809
internal_weight=31204.5 22915 8289.48 13010.5 9904.45 5115 3174.48 6033.17 5795.7 2539.11 7214.82 2575.89 3871.28 856.822
internal_count=46824 34318 12506 19435 14883 7734 4772 9000 8681 3908 10754 3826 5883 1265
is_linear=0
shrinkage=0.02


Tree=11
num_leaves=15
num_cat=0
split_feature=44 44 44 44 44 44 44 17 2 17 2 17 17 2
split_gain=1092.49 220.002 86.6505 35.7663 23.8275 18.9025 16.5229 12.382 11.4129 11.093 8.70924 6.19855 4.6648 3.59721
threshold=1.7921160809333658 1.0749938697958357 2.635952197547542 0.77740072405872451 1.3055232553441456 2.0842548407718566 3.6009515540321604 1.6052052118311873 24.060916666666671 0.94541243973027955 24.16341666666667 1.8198722230296511 1.9495896619745976 21.124583333333337
decision_type=2 2 2 2 2 2 2 2 2 2 2 2 2 2
left_child=1 3 5 9 13 12 10 -6 -7 -1 -4 -5 -2 -3
right_child=2 4 6 11 7 8 -8 -9 -10 -11 -12 -13 -14 -15
leaf_value=-0.0059749890226317168 0.0011102153146209776 -0.002211890885822796 0.00097478833346124384 -0.0031419454924820436 -0.0010437081199917314 0.0015537946017802286 0.012272515357084504 0.0012530447390516658 0.0060454222603755327 -0.0043033190955475316 0.0084364944872692537 -0.0015898876012202317 0.0036441273149673266 -0.00082993214192930947
leaf_weight=2516.7477924227715 363.62832850217819 1042.327815592289 67.902770400047302 4404.255978167057 1160.2448382675648 254.25829440355301 512.53240659832954 4809.0186181366444 2846.2676571905613 4698.0716205239296 2447.9225032329559 1391.4471229016781 1796.9642888605595 2892.8604313135147
leaf_count=3768 604 1590 120 6612 1823 407 729 7138 4193 6986 3738 2069 2715 4332
internal_value=1.2757e-05 -0.00223774 0.00623414 -0.00394735 7.35887e-06 0.00467569 0.00893344 0.00080475 0.00568155 -0.00488933 0.00824001 -0.00277173 0.00322371 -0.00119945
internal_weight=31204.5 22915 8289.48 13010.5 9904.45 5261.12 3028.36 5969.26 3100.53 7214.82 2515.83 5795.7 2160.59 3935.19
internal_count=46824 34318 12506 19435 14883 7919 4587 8961 4600 10754 3858 8681 3319 5922
is_linear=0
shrinkage=0.02


Tree=12
num_leaves=15
num_cat=0
split_feature=44 44 44 44 16 16 44 44 17 16 44 17 44 5
split_gain=1049.32 211.311 83.2214 31.4411 26.5602 18.4092 15.8659 14.1183 10.6497 9.67399 8.56355 7.85619 6.09932 6.0258
threshold=1.7921160809333658 1.0559463931665924 2.635952197547542 0.77740072405872451 8.2900000000000045 13.600000000000003 3.6009515540321604 1.3055232553441456 0.94541243973027955 8.8900000000000023 2.0842548407718566 1.9594605426867771 2.0279336925302487 37.19929817506759
decision_type=2 2 2 2 2 2 2 2 2 2 2 2 2 2
left_child=1 3 5 8 13 10 11 -6 -1 -5 -2 -4 -7 -3
right_child=2 4 6 9 7 12 -8 -9 -10 -11 -12 -13 -14 -15
leaf_value=-0.0058555839731776731 0.002159223421276682 -0.0022393221453625976 0.0023055177207020865 -0.0033605275859615643 -0.00050130624668775071 0.0041997097956645258 0.012028018984843052 0.0014787084995514621 -0.0042172893000239778 -0.0015462721032088057 0.0044664954219345784 0.0083016823599590187 0.0064096333910325558 -0.00066621157394264883
leaf_weight=2516.7477924227715 1238.7139508426189 1679.4523154199123 97.438969433307648 3645.7235853970051 2252.3635077774525 752.48399838805199 512.53240659832954 3960.5302349925041 4698.0716205239296 1779.837918817997 1410.441882610321 2418.3863041996956 1859.47873711586 2382.247241973877
leaf_count=3768 1925 2608 177 5462 3377 1138 729 5888 6986 2654 2106 3681 2750 3575
internal_value=1.25226e-05 -0.00219306 0.00610977 -0.0039244 -6.1735e-05 0.00458239 0.00875519 0.000759353 -0.00479163 -0.002768 0.00339386 0.00807544 0.0057805 -0.00131991
internal_weight=31204.5 22915 8289.48 12640.4 10274.6 5261.12 3028.36 6212.89 7214.82 5425.56 2649.16 2515.83 2611.96 4061.7
internal_count=46824 34318 12506 18870 15448 7919 4587 9265 10754 8116 4031 3858 3888 6183
is_linear=0
shrinkage=0.02


Tree=13
num_leaves=15
num_cat=0
split_feature=47 47 47 15 5 47 15 46 16 16 15 47 13 15
split_gain=971.652 140.718 121.09 42.5622 30.0046 19.3811 13.3902 13.0234 11.454 10.9789 9.3694 8.70784 5.97898 4.5231
threshold=1.6763277835327977 0.87307306129408013 2.6606855893392933 9.9087247825784104 46.346560836799398 0.49850713929284796 13.471788577509644 3.7250000000000005 7.9200000000000017 9.5400000000000045 12.059005383972593 2.1488251293951017 0.22565765860405665 7.5020879317092728
decision_type=2 2 2 2 2 2 2 2 2 2 2 2 2 2
left_child=1 5 4 8 11 13 -5 12 -3 -7 -6 -2 -4 -1
right_child=2 3 7 6 10 9 -8 -9 -10 -11 -12 -13 -14 -15
leaf_value=-0.005679433715005882 0.001452333791962186 -0.0023569139160495812 0.0067182677379438414 -1.2900844367772406e-05 0.0031463638955790229 -0.0038850979888639266 0.0024266587482975979 0.011219875067565322 -0.00074952531227788629 -0.0018079039895232615 0.0055241850624010618 0.003906611730464981 0.0087582235604995659 -0.0035416034102671583
leaf_weight=2833.0155086517334 2025.7655804157257 4759.1140597164631 1171.799402564764 2796.5795130133629 923.07606413960457 5177.4741941988468 1319.3717659413815 594.12720239162445 2864.4540876746178 1298.4538635015488 2694.9720974266529 824.16860803961754 1414.6018490493298 507.4766697883606
leaf_count=4187 3055 7233 1699 4148 1420 7762 1922 865 4366 1931 3978 1257 2221 780
internal_value=1.23016e-05 -0.00234851 0.00528708 -0.00086953 0.00371125 -0.00411568 0.000767472 0.00848422 -0.00175463 -0.00347084 0.00492237 0.00216783 0.00784377 -0.00535997
internal_weight=31204.5 21555.9 9648.51 11739.5 6467.98 9816.42 4115.95 3180.53 7623.57 6475.93 3618.05 2849.93 2586.4 3340.49
internal_count=46824 32329 14495 17669 9710 14660 6070 4785 11599 9693 5398 4312 3920 4967
is_linear=0
shrinkage=0.02


Tree=14
num_leaves=15
num_cat=0
split_feature=47 47 47 3 16 47 15 15 47 17 3 13 16 3
split_gain=933.533 147.351 109.282 38.0794 34.3911 20.504 17.8039 13.1635 11.0386 8.96202 8.50992 6.2242 4.26028 3.99863
threshold=1.5638705925698326 2.4535101392761032 0.85897568373111044 48.006506016670855 9.1225000000000005 3.3188032758981159 7.5020879317092728 13.471788577509644 0.49850713929284796 2.2700083558059645 40.357304589841355 0.036318817743398811 9.5400000000000045 48.886290961545392
decision_type=2 2 2 2 2 2 2 2 2 2 2 2 2 2
left_child=2 3 6 9 10 11 8 -6 -1 -2 -4 -3 -8 -5
right_child=1 5 4 13 7 -7 12 -9 -10 -11 -12 -13 -14 -15
leaf_value=-0.0055659251849077829 0.0010046806897571457 0.0056002203316347426 -0.0026869340484394978 0.003858512930190734 -0.0004203223563114035 0.0098793928176400224 -0.0034493888696217148 0.0021264796807324501 -0.0039286829030575534 0.0028089277592631239 -0.0010810946387597139 0.0075597542558084709 -0.0017694033182109354 0.0057058192940396858
leaf_weight=2833.0155086517334 2416.3048271536827 1197.5069422721863 3953.0034874081612 800.76825475692749 3764.3435291945934 1243.0742588341236 1245.1287549436092 1032.2014176845551 4226.3655150234699 2065.4731028676033 2025.1455829143524 1722.3004507422447 1259.3099157810211 1420.5089182853699
leaf_count=4187 3676 1691 5864 1184 5658 1859 1884 1492 6330 2996 3201 2708 1880 2214
internal_value=1.20878e-05 0.00474464 -0.00251602 0.00290543 -0.00113321 0.00770091 -0.00407231 0.000126315 -0.00458853 0.0018393 -0.00214516 0.00676389 -0.00261072 0.00504844
internal_weight=31204.5 10865.9 20338.5 6703.06 10774.7 4162.88 9563.82 4796.54 7059.38 4481.78 5978.15 2919.81 2504.44 2221.28
internal_count=46824 16328 30496 10070 16215 6258 14281 7150 10517 6672 9065 4399 3764 3398
is_linear=0
shrinkage=0.02


Tree=15
num_leaves=15
num_cat=0
split_feature=44 44 44 44 44 3 17 2 1 1 18 44 18 3
split_gain=899.76 169.374 105.156 25.4105 24.6124 15.1097 15.0346 12.0286 9.03887 8.82895 8.05063 6.84479 6.2308 4.27871
threshold=1.6528978540464772 0.93296501865109693 2.2761128947552316 3.3483557382899236 1.2589762400254281 48.493646328544109 1.3434360870664097 24.262444444444451 26.863166666666668 24.058166666666672 1.5562889677745402 0.56067598628934723 2.5107274137400961 46.136844629816046
decision_type=2 2 2 2 2 2 2 2 2 2 2 2 2 2
left_child=1 6 5 7 9 10 11 -4 -6 -3 -2 -1 -5 -8
right_child=2 4 3 12 8 -7 13 -9 -10 -11 -12 -13 -14 -15
leaf_value=-0.0055072224560055536 -0.0014408198051837399 -0.0022727527597650671 0.0016060578094666017 0.0041276374525188713 -0.0004912270677344256 0.0047431020591101316 -0.003212811433513181 0.0067062380786967711 0.0011497266485455272 -0.00072851514170777551 0.0024805719494027322 -0.0041640915026421692 0.010768576500587551 0.00042229046391543609
leaf_weight=2680.0399150848389 219.84570348262787 2869.539442807436 201.31741046905518 69.793322950601578 2485.4618773162365 1345.311249434948 3374.2964082360268 3854.5359968245029 2902.4314282238483 3117.0456011593342 3129.4862174391747 3930.3191694915295 802.972925812006 129.20516958832741
leaf_count=3998 374 4341 337 128 3694 2104 4941 5750 4380 4680 4670 5882 1165 240
internal_value=1.20368e-05 -0.00226373 0.00509418 0.00713584 -0.000588159 0.0029465 -0.00414667 0.00645646 0.00039099 -0.00147089 0.00221949 -0.00471165 0.0102596 -0.00307574
internal_weight=31111.6 21488.3 9623.26 4928.62 11374.5 4694.64 10113.9 4055.85 5387.89 5986.59 3349.33 6610.36 872.766 3503.5
internal_count=46684 32156 14528 7380 17095 7148 15061 6087 8074 9021 5044 9880 1293 5181
is_linear=0
shrinkage=0.02


Tree=16
num_leaves=15
num_cat=0
split_feature=44 44 44 16 44 4 16 44 2 44 1 4 16 14
split_gain=864.307 156.905 107.695 27.1414 24.4076 16.4911 14.4809 13.3165 11.5447 9.0374 7.59259 6.56327 6.49875 4.49992
threshold=1.6319504214884377 0.93296501865109693 2.2761128947552316 6.5600000000000023 3.3483557382899236 46.553047254303657 9.3100000000000005 1.2137459240334147 24.262444444444451 0.56067598628934723 20.578833333333339 32.021740745568174 9.9100000000000037 10.500000000000002
decision_type=2 2 2 2 2 2 2 2 2 2 2 2 2 2
left_child=1 6 5 11 8 10 9 -5 -4 -1 -2 -3 -6 -7
right_child=2 3 4 7 12 13 -8 -9 -10 -11 -12 -13 -14 -15
leaf_value=-0.0053450035228349724 -0.0013516420256421233 -0.0035528174819662388 0.0015742525912451144 -0.00093988633294070768 0.003830765407377017 0.0044974495850313703 -0.0024084306908681687 0.00072454959976772377 0.0065721828724876552 -0.0039314446645510488 0.002033744549669851 -0.0015650760483600515 0.0105740569370856 0.0026275494820013558
leaf_weight=2837.8874256908894 298.33377695083618 957.6932735145092 201.31741046905518 3345.3000847399235 69.91235014796257 1770.8939649164677 1778.1149778664112 4515.1380115747452 3854.5359968245029 5497.8582588434219 2090.5245719254017 2304.1492503881454 802.853898614645 787.08858585357666
leaf_count=4246 481 1501 337 5009 109 2715 2687 6709 5750 8128 3182 3490 1184 1156
internal_value=1.18143e-05 -0.00226107 0.0048999 -0.000620454 0.00699344 0.00281007 -0.0040638 1.48566e-05 0.00632747 -0.00441505 0.001606 -0.00215357 0.0100553 0.00392849
internal_weight=31111.6 21236.1 9875.46 11122.3 4928.62 4946.84 10113.9 7860.44 4055.85 8335.75 2388.86 3261.84 872.766 2557.98
internal_count=46684 31770 14914 16709 7380 7534 15061 11718 6087 12374 3663 4991 1293 3871
is_linear=0
shrinkage=0.02


Tree=17
num_leaves=15
num_cat=0
split_feature=44 44 44 16 44 16 17 44 46 4 1 44 18 3
split_gain=830.188 156.196 96.9614 26.3181 23.4615 14.3193 14.121 13.5364 10.6542 6.76273 6.41202 6.29206 5.34135 4.10245
threshold=1.6528978540464772 0.93296501865109693 2.2761128947552316 6.5600000000000023 3.1687921785834674 13.09 1.3434360870664097 1.2137459240334147 1.6833333333333336 32.021740745568174 19.718166666666672 0.56067598628934723 2.3883701862171689 46.136844629816046
decision_type=2 2 2 2 2 2 2 2 2 2 2 2 2 2
left_child=1 6 5 9 8 10 11 -5 -4 -3 -2 -1 -6 -8
right_child=2 3 4 7 12 -7 13 -9 -10 -11 -12 -13 -14 -15
leaf_value=-0.0052935107371278999 -0.00073817436860707192 -0.0034783193886230857 -0.0011260653563234622 -0.00092109984503190804 0.0044395386747960574 0.0040469351998172753 -0.0030788899105992375 0.00074163371458362774 0.0062092669039362927 -0.0014751327883091025 0.0022037149673580702 -0.004004726980161008 0.0096967529749690373 0.00047975715695013652
leaf_weight=2680.0399150848389 335.15692090988159 968.44936540722847 78.035408705472946 3345.3000847399235 96.199844360351562 2129.3699809014797 3374.2964082360268 4716.1565423905849 3640.4144405424595 2344.5723569691181 2230.1162685453892 3930.3191694915295 1113.9699624478817 129.20516958832741
leaf_count=3998 530 1518 153 5009 176 3216 4941 7011 5400 3557 3402 5882 1651 240
internal_value=1.15951e-05 -0.0021744 0.00489331 -0.000565297 0.00685387 0.00283087 -0.00398261 5.0344e-05 0.00605212 -0.00206546 0.00181518 -0.00453019 0.00929511 -0.0029446
internal_weight=31111.6 21488.3 9623.26 11374.5 4928.62 4694.64 10113.9 8061.46 3718.45 3313.02 2565.27 6610.36 1210.17 3503.5
internal_count=46684 32156 14528 17095 7380 7148 15061 12020 5553 5075 3932 9880 1827 5181
is_linear=0
shrinkage=0.02


Tree=18
num_leaves=15
num_cat=0
split_feature=44 44 44 44 44 3 17 17 15 17 15 44 17 3
split_gain=797.609 131.935 114.066 22.6704 17.6748 17.1294 13.5599 9.38308 8.86761 8.8333 6.27557 6.03883 5.774 3.94328
threshold=1.577945591212967 0.93296501865109693 2.2761128947552316 3.3483557382899236 1.1563730726155994 48.493646328544109 1.3434360870664097 1.7129095831925711 12.059005383972593 1.8695607505611773 10.279949204921374 0.56067598628934723 1.8695607505611773 46.136844629816046
decision_type=2 2 2 2 2 2 2 2 2 2 2 2 2 2
left_child=1 6 5 9 12 7 11 -2 -6 -4 -5 -1 -3 -8
right_child=2 4 3 10 8 -7 13 -9 -10 -11 -12 -13 -14 -15
leaf_value=-0.0051877193059469704 -0.00035223098803057747 -0.0021615563381041955 0.0017777438206554304 0.004032472659008828 -0.00040971636713543785 0.0044423910661723779 -0.0030173485868881756 0.0022831722436581271 0.0014433503181777929 0.0062834967222709561 0.010223232203722468 -0.0039246731830786894 -0.00053382182062135925 0.00047030827122630933
leaf_weight=2680.0399150848389 630.12354776263237 3035.2947986721992 190.81094664335251 81.312018007040024 4915.2994550764561 1410.1930924355984 3374.2964082360268 3522.6509445905685 1305.4743011295795 3865.0424606502056 791.45423075556755 3930.3191694915295 1250.0853801965714 129.20516958832741
leaf_count=3998 1026 4631 332 136 7403 2219 4941 5227 1885 5755 1157 5882 1852 240
internal_value=1.13603e-05 -0.00227251 0.00450058 0.00671699 -0.000701477 0.00253339 -0.00390303 0.0018809 -1.8891e-05 0.00607496 0.00966843 -0.00443968 -0.00168953 -0.00288568
internal_weight=31111.6 20620 10491.6 4928.62 10506.2 5562.97 10113.9 4152.77 6220.77 4055.85 872.766 6610.36 4285.38 3503.5
internal_count=46684 30832 15852 7380 15771 8472 15061 6253 9288 6087 1293 9880 6483 5181
is_linear=0
shrinkage=0.02


Tree=19
num_leaves=15
num_cat=0
split_feature=49 3 18 3 18 45 45 45 45 16 3 45 3 16
split_gain=673.78 117.819 111.477 35.3291 27.1015 17.1364 16.4725 14.0088 10.6351 7.2551 5.57448 5.00355 4.46813 3.72807
threshold=1.2500000000000002 45.827255213589893 1.450481556608562 49.701039733564834 2.5381344601005655 2.6333333333333337 3.1000000000000005 0.70833333333333337 0.90000000000000013 9.7225000000000019 40.357304589841355 3.4500000000000006 48.614851631486125 3.3600000000000017
decision_type=2 2 2 2 2 2 2 2 2 2 2 2 2 2
left_child=2 5 7 6 8 9 -3 13 -4 -2 -9 -5 -6 -1
right_child=1 3 4 11 12 -7 -8 10 -10 -11 -12 -13 -14 -15
leaf_value=-0.0053702225274488485 1.1519620340883257e-05 0.0040746447497692533 -0.0019661539808707908 0.0071411135574185845 0.0013872201033466093 0.0048332358594530105 0.0069392338652196055 -0.0031976446532493885 -0.00052352771487024902 0.0017301510027572646 -0.001230445811891478 0.0095597992259148085 0.0043108940513809568 -0.0040991702735388956
leaf_weight=1332.0846267640591 1946.7239276766777 4129.0564143061638 3465.7920308113098 1252.4260994195938 968.09534075856209 495.66426336765289 1020.3610789775848 3885.8147459626198 5047.7872108221054 2006.3219976723194 701.22635048627853 564.95609816908836 273.94610157608986 4021.3455515503883
leaf_count=2024 2947 6153 5199 2018 1366 745 1486 5811 7532 3004 1117 868 420 5994
internal_value=1.11528e-05 0.00387715 -0.00222917 0.00550094 -0.000708842 0.00133068 0.00464668 -0.00371978 -0.0011123 0.000886753 -0.00289976 0.00790817 0.002046 -0.0044192
internal_weight=31111.6 11415.5 19696.1 6966.8 9755.62 4448.71 5149.42 9940.47 8513.58 3953.05 4587.04 1817.38 1242.04 5353.43
internal_count=46684 17221 29463 10525 14517 6696 7639 14946 12731 5951 6928 2886 1786 8018
is_linear=0
shrinkage=0.02


Tree=20
num_leaves=15
num_cat=0
split_feature=47 18 47 15 47 18 47 47 47 47 14 16 16 4
split_gain=719.001 120.567 86.4036 29.4114 25.4877 24.1918 16.4475 9.93926 7.12354 6.61245 6.26892 4.41597 3.9661 3.60479
threshold=1.7007419108425312 1.493304204968031 2.6351412898745719 13.569395321394067 0.59392661810228176 2.7795868038303495 1.0287620414229364 3.2620429656726952 2.0398454879837393 1.1022309428233581 10.500000000000002 3.3600000000000017 17.93000000000001 47.86403847754891
decision_type=2 2 2 2 2 2 2 2 2 2 2 2 2 2
left_child=1 4 5 6 11 8 -3 -4 -2 -6 -9 -1 -7 -5
right_child=2 3 7 13 9 12 -8 10 -10 -11 -12 -13 -14 -15
leaf_value=-0.0059380656438410293 0.0013851161677756591 -0.0020110928174355046 0.0062733965378711544 0.0013599383122793332 -0.0031512047684508593 0.0040655823182474231 -0.00029094732929847315 0.0095009950967783457 0.0031612024084336872 -0.0017128547611001826 0.0062808461599156195 -0.0043767493109758615 0.0058027418806605455 0.0034984423738190946
leaf_weight=1054.2895260453224 2089.8692054748535 3621.4923555254936 1931.2116893231869 919.30445399880409 4973.6252050101757 1454.5806813240051 5800.1518749594688 941.75581303238869 1640.323912858963 1781.1695212423801 381.27814051508904 3018.8696276843548 940.32900628447533 503.8474854528904
leaf_count=1593 3166 5457 2909 1300 7518 2103 8662 1438 2541 2710 548 4458 1386 757
internal_value=-3.73303e-05 -0.00203971 0.00458792 -0.000547876 -0.00353256 0.00318407 -0.000953485 0.00722357 0.00217009 -0.00277403 0.00859143 -0.00478605 0.0047561 0.00212791
internal_weight=31052.1 21672.8 9379.35 10844.8 10828 6125.1 9421.64 3254.25 3730.19 6754.79 1323.03 4073.16 2394.91 1423.15
internal_count=46546 32455 14091 16176 16279 9196 14119 4895 5707 10228 1986 6051 3489 2057
is_linear=0
shrinkage=0.02


Tree=21
num_leaves=15
num_cat=0
split_feature=44 44 44 16 16 16 44 44 44 44 1 4 13 5
split_gain=727.341 162.909 60.2402 23.6883 19.1035 13.7517 11.1741 9.25066 8.87585 8.78151 7.88314 6.38555 5.543 3.52058
threshold=1.7921160809333658 1.0621988150182358 2.6095061443065632 6.7200000000000015 6.9200000000000017 13.890000000000001 1.3055232553441456 3.3483557382899236 0.56067598628934723 0.77740072405872451 19.718166666666672 46.649669070704071 0.063119205751047666 44.18429903753637
decision_type=2 2 2 2 2 2 2 2 2 2 2 2 2 2
left_child=1 3 5 8 13 10 -6 -4 -1 -5 -2 -9 -7 -3
right_child=2 4 7 9 6 12 -8 11 -10 -11 -12 -13 -14 -15
leaf_value=-0.0052185354485181756 -0.00062169429993071275 -0.0017396345823188417 0.0065617649961182993 -0.0032815347640481425 -0.00046857142513110955 0.0036664168607402339 0.0011364943476983875 0.0030128617680749616 -0.0036703347940261152 -0.0016773017904822283 0.0030790477813822338 0.0096302726785200618 0.0056814192721284431 9.7354779519615635e-05
leaf_weight=2243.460443764925 248.09159737825394 2279.4478123486042 2272.4856091439724 2558.0987806916237 2755.7884881198406 1005.972353041172 4647.1981851756573 70.453485190868378 4804.0960735082626 3030.4161857962608 2496.3211297392845 770.48703941702843 1371.747364461422 498.03395095467567
leaf_count=3363 393 3525 3461 3821 4103 1411 6897 118 7177 4495 3773 1137 2115 757
internal_value=-3.65272e-05 -0.00187584 0.00505728 -0.00339255 6.02622e-06 0.00371721 0.000537687 0.00725493 -0.00416594 -0.00241433 0.00274065 0.0090962 0.00483691 -0.00140681
internal_weight=31052.1 22816.5 8235.56 12636.1 10180.5 5122.13 7402.99 3113.43 7047.56 5588.51 2744.41 840.941 2377.72 2777.48
internal_count=46546 34138 12408 18856 15282 7692 11000 4716 10540 8316 4166 1255 3526 4282
is_linear=0
shrinkage=0.02


Tree=22
num_leaves=15
num_cat=0
split_feature=44 44 44 16 46 16 16 0 47 44 1 44 44 44
split_gain=698.953 109.024 101.117 22.7471 18.6359 13.4532 12.4758 12.3614 9.8272 8.43171 6.05813 5.92647 5.48993 4.79877
threshold=1.577945591212967 1.0621988150182358 2.2761128947552316 6.7200000000000015 3.183333333333334 13.09 6.9200000000000017 25.593945031194885 0.59392661810228176 0.77740072405872451 19.718166666666672 1.2589762400254281 3.6009515540321604 2.0279336925302487
decision_type=2 2 2 2 2 2 2 2 2 2 2 2 2 2
left_child=1 3 5 8 7 10 -3 -4 -1 -5 -2 -8 -6 -7
right_child=2 6 4 9 12 13 11 -9 -10 -11 -12 -13 -14 -15
leaf_value=-0.0049330560920268262 -0.00069627331168659252 -0.0015507603139150901 0.001589271622984993 -0.0032159553467137497 0.0072608729217700134 0.0028070706995509025 -0.00061928688113668676 0.0058277259557099415 -0.0034074443109256593 -0.0016437778965934255 0.0018290634230363836 0.00070597362012085347 0.0099975751559056841 0.0047342852982654674
leaf_weight=3107.1830635070801 434.00013875961304 2385.1631897687912 312.55161508917809 2558.0987806916237 1077.1091957688332 1580.4288766086102 2244.1992736756802 2982.5401599109173 3940.3734537661076 3030.4161857962608 2731.5140703320503 3367.7506582736969 478.45796748995781 822.31186929345131
leaf_count=4634 678 3658 553 3821 1648 2385 3346 4396 5906 4495 4145 4969 678 1234
internal_value=-3.5763e-05 -0.00216829 0.00418604 -0.00332479 0.00629792 0.00234293 -0.000339288 0.00542993 -0.0040827 -0.00236611 0.00147946 0.000174193 0.0081208 0.00347419
internal_weight=31052.1 20633.2 10418.9 12636.1 4850.66 5568.25 7997.11 3295.09 7047.56 5588.51 3165.51 5611.95 1555.57 2402.74
internal_count=46546 30829 15717 18856 7275 8442 11973 4949 10540 8316 4823 8315 2326 3619
is_linear=0
shrinkage=0.02


Tree=23
num_leaves=15
num_cat=0
split_feature=44 44 44 44 44 17 1 44 46 44 1 51 17 15
split_gain=671.903 150.033 55.8188 21.2281 15.9242 12.0174 9.24406 7.94992 7.57728 7.13848 6.39894 5.46374 4.74827 3.75688
threshold=1.7921160809333658 1.0621988150182358 2.635952197547542 0.77740072405872451 1.3055232553441456 2.2700083558059645 25.524833333333337 3.6009515540321604 0.47222222222222227 2.0842548407718566 20.469000000000005 0.51600696891830566 2.0893715421424051 15.433391335996403
decision_type=2 2 2 2 2 2 2 2 2 2 2 2 2 2
left_child=1 3 5 8 -3 11 -6 12 -1 -7 -5 -2 -4 -9
right_child=2 4 7 10 6 9 -8 13 -10 -11 -12 -13 -14 -15
leaf_value=-0.0048402253005403947 0 -0.00095056848295052294 0.0026133664262060754 -0.0031968566686030931 -0.00037630457998285563 0.0030102408097656855 0.0012489014856516014 0.0051883972415361357 -0.0034672490622858869 0.0048080631095313107 -0.0017780440158756455 0.002794698674108584 0.0067637634530189972 0.010236360431600939
leaf_weight=2655.6166577041149 404.42015555500984 4142.9236091673374 127.6034075319767 2096.0169554054737 2184.7858078479767 1444.5491243302822 3852.7590195834637 86.773116409778595 4469.4586398601532 2524.1809513270855 3414.9792307913303 875.15748056769371 2356.1426459550858 416.73169669508934
leaf_count=3913 668 6237 226 3172 3243 2149 5802 145 6704 3668 5067 1394 3582 576
internal_value=-3.50108e-05 -0.00180285 0.00486081 -0.00325839 3.07224e-06 0.00361231 0.000659208 0.00704708 -0.00398159 0.00415805 -0.00232044 0.00190797 0.00655683 0.00941016
internal_weight=31052.1 22816.5 8235.56 12636.1 10180.5 5248.31 6037.54 2987.25 7125.08 3968.73 5511 1279.58 2483.75 503.505
internal_count=46546 34138 12408 18856 15282 7879 9045 4529 10617 5817 8239 2062 3808 721
is_linear=0
shrinkage=0.02


Tree=24
num_leaves=15
num_cat=0
split_feature=47 18 47 47 47 5 5 47 5 47 14 47 13 13
split_gain=613.888 104.08 74.2051 22.8789 21.9069 21.1287 11.4631 8.4848 8.16314 7.96523 6.09764 5.59608 4.68261 3.54359
threshold=1.7007419108425312 1.493304204968031 2.6351412898745719 1.2889286307213585 0.59392661810228176 48.556735846495279 48.290940762256504 3.2620429656726952 45.484944051376409 2.0398454879837393 10.500000000000002 1.2889286307213585 0.25905609100165178 2.5237157855268095
decision_type=2 2 2 2 2 2 2 2 2 2 2 2 2 2
left_child=1 4 5 8 13 9 -5 -4 -3 -2 -9 -6 -7 -1
right_child=2 3 7 6 11 12 -8 10 -10 -11 -12 -13 -14 -15
leaf_value=-0.0045779782772562266 0.0012271948481311571 -0.0015294767949658803 0.005802787943894573 0.0002259588389563312 -0.0027911383290280109 0.0035093799092688577 0.0032049105485214497 0.0088411269998441566 0.00037984502196793801 0.0030423734444506934 0.0056799810434958143 -0.0010535098108031874 0.0054311425870989458 -0.001880449615459287
leaf_weight=3850.398862272501 2144.6998694837093 5612.8220568597317 1931.2116893231869 3572.4501062035561 5880.4343826770782 1032.2669051885605 604.17418646812439 941.75581303238869 1055.3498204052448 1808.160838842392 381.27814051508904 874.3603435754776 1139.9751924276352 222.76029145717621
leaf_count=5677 3214 8336 2909 5299 8905 1469 923 1438 1618 2727 548 1323 1786 374
internal_value=-3.42668e-05 -0.00188452 0.00423951 -0.000498368 -0.00327156 0.00293833 0.000660603 0.0066822 -0.00122577 0.00206116 0.00794763 -0.00256807 0.00452657 -0.0044339
internal_weight=31052.1 21672.8 9379.35 10844.8 10828 6125.1 4176.62 3254.25 6668.17 3952.86 1323.03 6754.79 2172.24 4073.16
internal_count=46546 32455 14091 16176 16279 9196 6222 4895 9954 5941 1986 10228 3255 6051
is_linear=0
shrinkage=0.02


Tree=25
num_leaves=15
num_cat=0
split_feature=47 47 47 16 18 18 5 15 47 51 13 5 52 16
split_gain=583.988 102.6 63.9028 31.6981 14.3245 13.9916 12.0862 10.659 8.00366 6.31992 6.1046 5.61707 5.26238 4.86452
threshold=1.7127852305110063 0.85897568373111044 2.428645416826912 9.1225000000000005 2.7230902182669126 1.326441321015108 48.079365355353012 17.94667676928146 1.4415966137999872 0.90650052576674511 0.22565765860405665 41.060928416323286 1.2500000000000002 10.020000000000003
decision_type=2 2 2 2 2 2 2 2 2 2 2 2 2 2
left_child=1 5 4 8 13 11 -5 10 -3 -6 -4 -1 -7 -2
right_child=2 3 7 6 9 12 -8 -9 -10 -11 -12 -13 -14 -15
leaf_value=-0.0040925910393383473 0.00088767379549854601 -0.0018621144590088186 0.0041850124561635437 0.00012519785634992954 0.0049044665652854041 -0.0029144124867899902 0.0027338941378101025 0.0073776168063921675 -7.7869086694601011e-05 0.0025693198475127961 0.0061230895926461283 -0.0015673141403071775 -0.0012718258272083509 0.0025203957716220305
leaf_weight=5676.9907924830914 1382.7786576747894 5359.5353108048439 1280.89645165205 4848.5110034048557 1192.5757912397385 2225.2153408527374 832.45962604880333 1494.914494395256 1252.5683333575726 811.37539395689964 1503.0386350750923 393.21398344635963 1249.8631162047386 1613.0561861395836
leaf_count=8525 2094 8115 1825 7220 1733 3282 1268 2227 1885 1180 2387 589 1900 2528
internal_value=-7.09526e-06 -0.00179334 0.00419545 -0.000584208 0.00265473 -0.00334906 0.00051005 0.00599135 -0.00152575 0.00396748 0.00523861 -0.00393123 -0.00232758 0.00177122
internal_weight=31117 21838.4 9278.64 12293.1 4999.79 9545.28 5680.97 4278.85 6612.1 2003.95 2783.94 6070.2 3475.08 2995.83
internal_count=46758 32784 13974 18488 7535 14296 8488 6439 10000 2913 4212 9114 5182 4622
is_linear=0
shrinkage=0.02


Tree=26
num_leaves=15
num_cat=0
split_feature=44 44 44 44 44 44 44 4 1 13 1 15 2 4
split_gain=588.396 122.523 56.3916 15.1236 13.6678 13.4861 7.51556 6.78855 5.92084 5.75169 5.49488 4.86791 4.84801 4.83404
threshold=1.7276301310837796 0.98908298323076604 2.6095061443065632 2.0842548407718566 0.63564110458952894 1.3055232553441456 3.6009515540321604 47.484619532964928 20.683166666666672 2.0843736703921629 20.578833333333339 10.227285156364845 23.244250000000005 37.910909397716736
decision_type=2 2 2 2 2 2 2 2 2 2 2 2 2 2
left_child=1 4 3 11 13 9 12 -7 -5 -3 -6 -2 -4 -1
right_child=2 5 6 8 10 7 -8 -9 -10 -11 -12 -13 -14 -15
leaf_value=-0.0044446988798955015 0.00086726622010442611 -0.0011430281940211636 0.00045001704326871081 -1.1550355246569426e-05 -0.0032543064373426588 0.00011868595138148871 0.0087563786547744486 0.0018953770527643972 0.0043304366577306373 0.00094891257696660958 -0.0020997752424431969 0.002670231686389525 0.0061677082108779462 -0.0028492477766997866
leaf_weight=3418.6987737417221 919.33659127354622 5009.0982981920242 64.918299823999405 126.59231081604958 3178.8473678529263 4252.6078425645828 516.67901638150215 1081.2463392615318 2851.8756959140301 580.5594534277916 3644.9158456921577 1842.1785564124584 2579.3006575703621 1050.1380678117275
leaf_count=5117 1481 7483 113 199 4710 6394 731 1638 4227 954 5421 2742 3943 1605
internal_value=-6.9024e-06 -0.00174803 0.00433714 0.00315056 -0.0032087 -0.000236777 0.00648537 0.000481295 0.00414265 -0.000923703 -0.00263987 0.00207469 0.00603156 -0.00407346
internal_weight=31117 22216.1 8900.88 5739.98 11292.6 10923.5 3160.9 5333.85 2978.47 5589.66 6823.76 2761.52 2644.22 4468.84
internal_count=46758 33322 13436 8649 16853 16469 4787 8032 4426 8437 10131 4223 4056 6722
is_linear=0
shrinkage=0.02


Tree=27
num_leaves=15
num_cat=0
split_feature=46 46 18 18 46 46 16 5 18 16 5 21 51 34
split_gain=528.238 81.7603 75.8456 25.5802 18.0317 13.5212 9.15143 8.70554 6.46669 6.40544 4.29121 4.19796 3.90101 3.21308
threshold=1.5277777777777779 2.5277777777777781 1.4345219094739328 2.6787607858843527 1.0500000000000003 0.73214285714285732 14.567500000000003 47.950427270852543 2.6643439136237936 10.020000000000003 40.594485011730065 1.00618506195994 0.90650052576674511 0.37274681936218473
decision_type=2 2 2 2 2 2 2 2 2 2 2 2 2 2
left_child=2 3 5 9 8 13 -3 -6 -4 -2 -7 -8 -5 -1
right_child=1 6 4 12 7 10 11 -9 -10 -11 -12 -13 -14 -15
leaf_value=-0.004237471999205553 0.00057333724706980552 0.0045755105703177475 -0.0017711061206971477 0.0044371948361346661 -0.00023836382270714301 -0.0026141889052166125 0.007475745953154078 0.0022636443457131027 0.0027220867967672683 0.0020887944867798223 -0.00088007344228378337 0.0056663944580851331 0.0029013729022295642 -0.0032270925814339591
leaf_weight=3380.6836431026459 2259.3793287277222 1361.352271437645 4530.1258715689182 1580.1212849020958 4871.3148964941502 3518.1435950398445 1314.0825908184052 625.74828413128853 128.41067627072334 2251.7123277187347 706.59890860319138 1038.2801301777363 1270.7637974023819 2280.275510340929
leaf_count=5146 3399 2038 6791 2309 7248 5329 2027 945 184 3535 1086 1520 1845 3356
internal_value=-6.7227e-06 0.00349788 -0.00194417 0.00227418 -0.000728766 -0.00319135 0.00591848 4.5349e-05 -0.00164399 0.00133258 -0.00232707 0.00668688 0.00375863 -0.00383353
internal_weight=31117 11075.7 20041.3 7361.98 10155.6 9885.7 3713.71 5497.06 4658.54 4511.09 4224.74 2352.36 2850.89 5660.96
internal_count=46758 16673 30085 11088 15168 14917 5585 8193 6975 6934 6415 3547 4154 8502
is_linear=0
shrinkage=0.02


Tree=28
num_leaves=15
num_cat=0
split_feature=44 44 44 16 44 44 16 16 44 4 16 16 4 4
split_gain=544.796 113.583 52.3491 15.8643 14.0477 12.722 7.68842 7.27938 6.79694 5.92196 5.90014 4.58392 4.56446 4.1847
threshold=1.7276301310837796 0.98908298323076604 2.6095061443065632 9.1225000000000005 2.0842548407718566 0.63564110458952894 5.610000000000003 9.0633333333333344 3.3483557382899236 47.790759350855865 10.020000000000003 13.600000000000003 37.910909397716736 42.527368640712915
decision_type=2 2 2 2 2 2 2 2 2 2 2 2 2 2
left_child=1 5 4 13 11 12 -7 -4 -9 -5 -6 -2 -1 -3
right_child=2 3 7 9 10 6 -8 8 -10 -11 -12 -13 -14 -15
leaf_value=-0.0042835123088537062 0.0013097884837763548 -0.0013266380001100042 0.002924835120007976 0.00019677974622950056 0.0022453045279410087 -0.0034085925204781382 -0.0020095904133467855 0.0058945906920397804 0.0081260147617171694 0.0018221776786453998 0.0044579219174615539 0.0029910966137615177 -0.0027327970886750104 -9.5091374778610762e-05
leaf_weight=3418.6987737417221 1648.1603033542633 3963.5210973620415 258.63151627779007 4265.3332013487816 641.79246255755424 2572.8082127571106 4250.9550007879734 2082.5797709226608 819.68668657541275 1140.0436390936375 2336.6755441725254 1113.3548443317413 1050.1380678117275 1554.61399564147
leaf_count=5117 2538 6049 400 6344 960 3857 6274 3184 1203 1740 3466 1685 1605 2336
internal_value=-6.53717e-06 -0.00168192 0.00417345 -0.000226818 0.00303007 -0.00308829 -0.00253937 0.00624335 0.00653342 0.000541988 0.00398633 0.00199293 -0.00392273 -0.000981648
internal_weight=31117 22216.1 8900.88 10923.5 5739.98 11292.6 6823.76 3160.9 2902.27 5405.38 2978.47 2761.52 4468.84 5518.14
internal_count=46758 33322 13436 16469 8649 16853 10131 4787 4387 8084 4426 4223 6722 8385
is_linear=0
shrinkage=0.02


Tree=29
num_leaves=15
num_cat=0
split_feature=44 44 44 16 44 16 44 17 44 4 16 14 5 4
split_gain=523.278 109.092 50.2771 15.2383 13.4888 12.4308 8.1477 7.07947 7.31982 5.68736 5.66223 4.73284 4.49652 4.0181
threshold=1.7276301310837796 0.98908298323076604 2.6095061443065632 9.1225000000000005 2.0842548407718566 9.4225000000000012 0.58464140943175191 2.1112318516193924 3.6009515540321604 47.790759350855865 10.020000000000003 10.500000000000002 47.1819603217427 42.527368640712915
decision_type=2 2 2 2 2 2 2 2 2 2 2 2 2 2
left_child=1 5 4 13 11 6 -1 -4 -9 -5 -6 -2 -7 -3
right_child=2 3 7 9 10 12 -8 8 -10 -11 -12 -13 -14 -15
leaf_value=-0.0041573470154436746 0.0025086770947574315 -0.0013001186348890769 0.0020361421146894414 0.00019284600935766155 0.0022005379346399382 -0.0018080216767747534 -0.0028963167869156836 0.0058834565352532753 0.0086372197304914137 0.0017857979468178314 0.0043688397375075665 0.00069677550699231722 0.0026665442672324981 -9.319199623618473e-05
leaf_weight=3236.6762004196644 1908.0231532454491 3963.5210973620415 170.4093074798584 4265.3332013487816 641.79246255755424 1949.7058988213539 6015.5276440083981 2497.0832673311234 493.4053989648819 1140.0436390936375 2336.6755441725254 853.49199444055557 90.690311849117279 1554.61399564147
leaf_count=4871 2948 6049 302 6344 960 2907 8916 3795 690 1740 3466 1275 159 2336
internal_value=-6.36e-06 -0.00164833 0.00409024 -0.000222261 0.00296965 -0.00302663 -0.00333934 0.00611883 0.00634661 0.0005312 0.00390677 0.00195321 -0.00160183 -0.000962062
internal_weight=31117 22216.1 8900.88 10923.5 5739.98 11292.6 9252.2 3160.9 2990.49 5405.38 2978.47 2761.52 2040.4 5518.14
internal_count=46758 33322 13436 16469 8649 16853 13787 4787 4485 8084 4426 4223 3066 8385
is_linear=0
shrinkage=0.02


Tree=30
num_leaves=15
num_cat=0
split_feature=44 44 44 44 17 44 1 47 13 34 46 1 17 23
split_gain=535.652 94.6256 51.4235 21.0099 11.3756 9.2371 8.72276 8.05091 7.5666 6.47028 5.18618 5.064 3.98717 3.93944
threshold=1.6771879451067555 0.89459939434451841 2.4569961379602154 1.2364185624046897 1.9495896619745976 3.6009515540321604 25.524833333333337 0.59392661810228176 1.0000000180025095e-35 0.11393188731941381 1.3875000000000002 26.210166666666673 0.97472978849683523 1.3963798878610099
decision_type=2 2 2 2 2 2 2 2 2 2 2 2 2 2
left_child=1 7 4 11 10 9 -5 12 -6 -4 -2 -3 -1 -9
right_child=2 3 5 6 8 -7 -8 13 -10 -11 -12 -13 -14 -15
leaf_value=-0.0044779077016384458 -0.0024992132236669423 -0.0018147124555063347 0.0016838921205003952 -0.00067637296572809749 0.0021660662754340223 0.0083198079218552903 0.00088442929559262129 -0.002875347925038681 0.003849299073891825 0.0055986920948261441 0.0014028586630197388 -0.00063852401475491356 -0.0032679902409709356 -0.0012032142076338537
leaf_weight=2124.8795085847378 165.39998140931129 3916.0982569158077 188.4544412791729 2329.3029316365719 1866.5238454043865 517.01894617080688 3696.9076277315617 4053.8621877729893 2658.0931166112423 3171.9519692361355 707.46882072091103 2393.7756640613079 2557.2876629531384 684.86227455735207
leaf_count=3159 315 5916 300 3470 2628 729 5574 6035 4115 4807 1107 3600 3756 1042
internal_value=-1.57781e-06 -0.00171752 0.00402209 -0.000563733 0.00275466 0.00578148 0.000279451 -0.00322684 0.00315839 0.00538325 0.000648001 -0.00137043 -0.00382089 -0.0026364
internal_weight=31031.9 21757 9274.91 12336.1 5397.49 3877.43 6026.21 9420.89 4524.62 3360.41 872.869 6309.87 4682.17 4738.72
internal_count=46553 32552 14001 18560 8165 5836 9044 13992 6743 5107 1422 9516 6915 7077
is_linear=0
shrinkage=0.02


Tree=31
num_leaves=15
num_cat=0
split_feature=47 47 47 16 3 3 16 47 3 47 16 16 3 21
split_gain=490.078 86.6791 52.334 28.9588 13.9231 12.0903 10.16 10.1476 8.56775 5.04654 3.08849 3.00407 2.78407 2.34649
threshold=1.7255705555272036 0.85897568373111044 2.405197586048712 9.3600000000000048 48.361887873480732 48.493646328544109 5.7225000000000019 3.2620429656726952 39.989632325138629 0.5861921062065566 24.330000000000005 9.7800000000000029 41.619794114760296 1.00618506195994
decision_type=2 2 2 2 2 2 2 2 2 2 2 2 2 2
left_child=1 6 4 8 11 -5 12 10 -3 -8 -4 -2 -1 -9
right_child=2 3 7 5 -6 -7 9 13 -10 -11 -12 -13 -14 -15
leaf_value=-0.0038978932348361995 0.00088741056127139453 -0.0019396944938984942 0.0046375355860515683 0.00026022782724975701 0.0040093301441483931 0.0035216191219332826 -0.0031693068500020672 0.0077408957361397015 -0.000486748660182721 -0.0018650007246642836 0.007259400977558797 0.0021676245855641063 -0.0019637880315753892 0.0058278473872969685
leaf_weight=4163.528122395277 1230.1135281920433 4258.5052018463612 2833.293128490448 5026.0747507810593 1531.4497356116772 499.2017719745636 2140.4411877989769 776.67854627966881 2659.9058351516724 2842.5037599503994 213.79659068584442 1961.4808237552643 350.80601292848587 544.10823920369148
leaf_count=6224 1828 6300 4268 7431 2350 816 3157 1174 4154 4222 334 2922 570 803
internal_value=-1.53794e-06 -0.0016197 0.00390229 -0.000520363 0.00243756 0.000557867 -0.00305862 0.00548199 -0.00138283 -0.00242832 0.00482942 0.0016782 -0.00375075 0.00697036
internal_weight=31031.9 21941 9090.92 12443.7 4723.04 5525.28 9497.28 4367.88 6918.41 4982.94 3047.09 3191.59 4514.33 1320.79
internal_count=46553 32874 13679 18701 7100 8247 14173 6579 10454 7379 4602 4750 6794 1977
is_linear=0
shrinkage=0.02


Tree=32
num_leaves=15
num_cat=0
split_feature=49 3 17 3 17 49 45 45 16 1 3 16 45 3
split_gain=427.338 78.5774 63.4041 21.4538 16.0185 12.7507 11.1339 8.85336 7.32977 6.6226 5.18729 3.96422 3.41977 3.39415
threshold=1.2500000000000002 45.827255213589893 1.5100975324638883 49.701039733564834 2.5090587884233995 2.2500000000000004 0.70833333333333337 3.1000000000000005 11.440000000000003 25.524833333333337 37.428146332385033 5.1800000000000042 3.2916666666666674 47.921267301188401
decision_type=2 2 2 2 2 2 2 2 2 2 2 2 2 2
left_child=2 5 6 7 8 9 11 -3 -4 -2 -8 -1 -5 -6
right_child=1 3 4 12 13 -7 10 -9 -10 -11 -12 -13 -14 -15
leaf_value=-0.0039387101727168623 -0.00058517541319652079 0.0033253145296589597 -0.0012811358504491999 0.0055757629865095561 0.00075324167826900323 0.0037522615918128676 -0.0025520612813449144 0.0054516068791841191 0.00012141972566542139 0.001175905807878873 -0.0011559780362421874 -0.0028632837394633286 0.0074929504291308307 0.0028990980686800201
leaf_weight=2926.646921902895 1256.1644051373005 4030.9093599319458 5405.7653025984764 1149.5306186974049 970.67591124773026 593.82749381661415 3453.3061324059963 1005.498251914978 2039.7116135060787 2622.6899490654469 1592.0942574441433 2870.1778584420681 679.09653371572495 435.79262521862984
leaf_count=4439 1859 6035 8004 1843 1372 889 5124 1461 3042 3965 2536 4280 1050 654
internal_value=-1.45177e-06 0.00309118 -0.00178249 0.00443529 -0.000524999 0.00102484 -0.00280793 0.0037538 -0.000895629 0.000602996 -0.00211414 -0.00340913 0.00630062 0.00142841
internal_weight=31031.9 11337.7 19694.2 6865.03 8851.95 4472.68 10842.2 5036.41 7445.48 3878.85 5045.4 5796.82 1828.63 1406.47
internal_count=46553 17102 29451 10389 13072 6713 16379 7496 11046 5824 7660 8719 2893 2026
is_linear=0
shrinkage=0.02


Tree=33
num_leaves=15
num_cat=0
split_feature=44 44 44 44 5 16 44 47 46 16 5 14 14 17
split_gain=478.281 85.1517 45.883 18.9562 11.0349 9.09999 8.38297 7.12109 7.07589 6.62924 5.21648 5.20935 4.34616 3.66698
threshold=1.6771879451067555 0.89459939434451841 2.4569961379602154 1.289339127546733 48.373120991891049 6.2633333333333345 3.6009515540321604 0.59392661810228176 1.3875000000000002 15.200000000000005 46.058471209258869 11.500000000000002 10.500000000000002 0.97472978849683523
decision_type=2 2 2 2 2 2 2 2 2 2 2 2 2 2
left_child=1 7 4 5 8 -3 11 13 -2 -5 -9 -4 -6 -1
right_child=2 3 6 9 12 -7 -8 10 -10 -11 -12 -13 -14 -15
leaf_value=-0.0042439229981127476 -0.001298600648237653 -0.0022282743729529798 0.0054460726965763016 8.8361791106774548e-05 0.0043750297687362959 -0.00069899380859150232 0.0078819090142154859 -0.0026285822106708718 0.0021535298569945118 0.0020850410471765406 0.00085777261131299201 0.0032751052536928679 0.0022933368967880748 -0.003083139089962
leaf_weight=2124.8795085847378 252.13463106751442 2310.5732799470425 2790.5968831181526 4373.8688093423843 1437.813865840435 4866.4333932101727 517.01894617080688 4565.6783918738365 3106.3679850697517 785.20899784564972 173.04607045650482 569.80952739715576 601.16928216814995 2557.2876629531384
leaf_count=3159 444 3517 4303 6571 2200 7297 729 6795 4643 1175 282 804 878 3756
internal_value=-1.37354e-06 -0.00162284 0.0038007 -0.000528285 0.00260329 -0.00119321 0.00546274 -0.00305462 0.00189077 0.000394883 -0.00249885 0.00508309 0.00376902 -0.00361365
internal_weight=31031.9 21757 9274.91 12336.1 5397.49 7177.01 3877.43 9420.89 3358.5 5159.08 4738.72 3360.41 2038.98 4682.17
internal_count=46553 32552 14001 18560 8165 10814 5836 13992 5087 7746 7077 5107 3078 6915
is_linear=0
shrinkage=0.02


Tree=34
num_leaves=15
num_cat=0
split_feature=44 44 44 44 17 44 1 47 14 3 14 47 23 17
split_gain=459.379 81.783 44.068 18.2621 9.94232 8.04837 7.67299 6.8378 6.81619 5.1349 4.99731 4.1273 3.6815 3.51843
threshold=1.6771879451067555 0.89459939434451841 2.4569961379602154 1.2364185624046897 1.9495896619745976 3.6009515540321604 25.524833333333337 0.59392661810228176 10.500000000000002 40.724490500856682 11.500000000000002 1.432897770344731 1.3963798878610099 0.97472978849683523
decision_type=2 2 2 2 2 2 2 2 2 2 2 2 2 2
left_child=1 7 4 9 11 10 -5 13 -6 -3 -4 -2 -9 -1
right_child=2 3 5 6 8 -7 -8 12 -10 -11 -12 -13 -14 -15
leaf_value=-0.004159124321741323 -0.0021975067673605355 -0.0016587733629739752 0.0053372292507739847 -0.00062797631121076585 0.0034423608498198423 0.0077248782736579714 0.00083578904554310605 -0.0026797110926359237 0.0017286403611708047 -0.00042411712871193651 0.0032098322781157606 0.0012617980682333718 -0.0010639294932765768 -0.0030215244751019398
leaf_weight=2124.8795085847378 167.9911857843399 4312.7077436745167 2790.5968831181526 2329.3029316365719 3160.1753739714622 517.01894617080688 3696.9076277315617 4053.8621877729893 1364.4415880441666 1997.166177302599 569.80952739715576 704.87761634588242 684.86227455735207 2557.2876629531384
leaf_count=3159 311 6367 4303 3470 4772 729 5574 6035 1971 3149 804 1111 1042 3756
internal_value=-1.30188e-06 -0.00159041 0.00372487 -0.000517706 0.00255132 0.00535376 0.000268322 -0.00299358 0.00292877 -0.00126983 0.00498159 0.000581093 -0.00244885 -0.00354148
internal_weight=31031.9 21757 9274.91 12336.1 5397.49 3877.43 6026.21 9420.89 4524.62 6309.87 3360.41 872.869 4738.72 4682.17
internal_count=46553 32552 14001 18560 8165 5836 9044 13992 6743 9516 5107 1422 7077 6915
is_linear=0
shrinkage=0.02


Tree=35
num_leaves=15
num_cat=0
split_feature=47 47 47 15 18 18 47 5 1 47 3 34 46 3
split_gain=424.03 72.8172 46.0596 19.7578 12.5796 11.5499 10.6833 9.48797 6.13958 4.23805 4.13153 3.43992 3.01904 2.77952
threshold=1.7007419108425312 0.87307306129408013 2.428645416826912 8.8288398583266439 2.7230902182669126 1.3189001307870651 3.2620429656726952 48.158676332636013 20.469000000000005 1.9406978742089136 39.040006469010621 0.22610937066731632 4.6500000000000012 48.493646328544109
decision_type=2 2 2 2 2 2 2 2 2 2 2 2 2 2
left_child=1 5 4 8 9 10 -4 -5 -3 -2 -1 -7 -8 -6
right_child=2 3 6 7 13 11 12 -9 -10 -11 -12 -13 -14 -15
leaf_value=-0.0035110665653592926 0.00068784393470200671 -0.0019795536920463384 0.004404289594422202 4.4655652611807577e-05 0.002490845097504725 -0.0027425486542245248 0.0063197685726724215 0.002359106285140741 -0.00071329083152130602 0.0021878802730833855 -0.0017652533453441544 -0.0014384472523065834 0.010667157295551621 0.004085182985207679
leaf_weight=5514.9036022722721 1496.9309801459312 2623.6590248346329 2933.2817557752132 4745.3544516563416 753.2334560751915 1289.800323754549 1262.3175316751003 832.88147902488708 3774.9847544431686 1574.0117190480232 635.37652796506882 2364.7035132646561 78.249423265457153 1274.6785678267479
leaf_count=8191 2289 4004 4421 6955 1057 1983 1907 1261 5762 2445 1000 3502 98 1887
internal_value=6.9696e-06 -0.00152328 0.00356383 -0.00047585 0.00227526 -0.00280138 0.00509701 0.000392738 -0.00123452 0.00146087 -0.00333297 -0.00190269 0.00659649 0.00350096
internal_weight=31154.4 21781.7 9372.7 11976.9 5098.85 9804.78 4273.85 5578.24 6398.64 3070.94 6150.28 3654.5 1340.57 2027.91
internal_count=46762 32658 14104 17982 7678 14676 6426 8216 9766 4734 9191 5485 2005 2944
is_linear=0
shrinkage=0.02


Tree=36
num_leaves=15
num_cat=0
split_feature=44 44 44 44 2 17 44 13 13 17 13 52 2 18
split_gain=420.853 91.2861 28.6494 22.1358 8.06196 7.73064 7.49715 6.87578 6.68636 5.74445 5.23556 3.53716 3.21945 3.10858
threshold=1.8229112193460295 1.1491493098512036 2.6890047649494222 0.77740072405872451 25.35016666666667 1.4509608710922035 3.6009515540321604 0.4268356308303059 1.4989330028202874 0.96465934324723868 1.0780143898787966 1.4500000000000002 24.262444444444451 1.1141606189640316
decision_type=2 2 2 2 2 2 2 2 2 2 2 2 2 2
left_child=1 3 5 9 13 -2 12 -7 -6 -1 -5 -8 -4 -3
right_child=2 4 6 10 8 7 11 -9 -10 -11 -12 -13 -14 -15
leaf_value=-0.0038553448292610554 -0.0013010704237707232 -0.002662207395266267 0.00046803121974571402 -0.0019367635117638197 0.00035308010505432394 0.002497253109545424 0.0046440188752540973 0.0039888289929010581 0.0020853351665332297 -0.002675912434145018 -0.0007750691615473794 0.0088050623235129341 0.00520010719716544 -0.00035701954454940381
leaf_weight=2752.6308306753635 152.92379406094551 254.03721019625664 64.256260931491852 4693.385679513216 4352.4789231419563 2705.3641087114811 128.36271044611931 2405.0408928990364 1126.7281077802181 4512.4923901855946 2375.4312910139561 388.22209480404854 2208.0697478055954 3034.9430688619614
leaf_count=4103 273 408 116 6891 6373 3853 199 3781 1843 6718 3750 529 3392 4533
internal_value=6.87013e-06 -0.00136519 0.00394396 -0.00234843 0.000241202 0.00306926 0.00558776 0.00320246 0.000711751 -0.00312509 -0.00154813 0.00781229 0.00507122 -0.000539618
internal_weight=31154.4 23102.1 8052.24 14333.9 8768.19 5263.33 2788.91 5110.41 5479.21 7265.12 7068.82 516.585 2272.33 3288.98
internal_count=46762 34619 12143 21462 13157 7907 4236 7634 8216 10821 10641 728 3508 4941
is_linear=0
shrinkage=0.02


Tree=37
num_leaves=15
num_cat=0
split_feature=47 47 47 16 18 18 47 3 5 13 3 47 34 13
split_gain=392.017 67.3402 42.6248 19.2204 11.7682 10.7758 9.87206 9.32514 5.71646 4.93561 3.96574 3.95158 3.28838 3.15391
threshold=1.7007419108425312 0.87307306129408013 2.428645416826912 8.4100000000000055 2.7230902182669126 1.3189001307870651 3.2620429656726952 47.772654879540042 43.119820604951414 1.0000000180025095e-35 40.445561164933316 1.9406978742089136 0.22610937066731632 0.13225278764451434
decision_type=2 2 2 2 2 2 2 2 2 2 2 2 2 2
left_child=1 5 4 8 11 10 9 -5 -3 -4 -1 -2 -7 -8
right_child=2 3 6 7 -6 12 13 -9 -10 -11 -12 -13 -14 -15
leaf_value=-0.0033450954024077462 0.00065245858299294707 -0.001631357121278356 0.003209225571109644 -1.0845963611603751e-06 0.0033725775469031763 -0.0026465281687548603 0.0050941024641641955 0.0022726028096378306 -2.5197769555698526e-05 0.0049283500558985364 -0.0012728172218912043 0.002101212774418272 -0.0013715354894524045 0.0072128401096209129
leaf_weight=5734.8585511147976 1496.9309801459312 4481.9019339680672 1192.7270256578922 5548.439065605402 2027.9120239019394 1289.800323754549 560.26125347614288 825.88421127200127 1120.6544991135597 1740.554730117321 415.42157912254333 1574.0117190480232 2364.7035132646561 780.3057014644146
leaf_count=8533 2289 6799 1677 8178 2944 1983 801 1298 1707 2744 658 2445 3502 1204
internal_value=6.75132e-06 -0.00146459 0.00342672 -0.00045728 0.002187 -0.00269369 0.0049017 0.000292556 -0.00131199 0.00423539 -0.00320721 0.00139916 -0.00182546 0.00634372
internal_weight=31154.4 21781.7 9372.7 11976.9 5098.85 9804.78 4273.85 6374.32 5602.56 2933.28 6150.28 3070.94 3654.5 1340.57
internal_count=46762 32658 14104 17982 7678 14676 6426 9476 8506 4421 9191 4734 5485 2005
is_linear=0
shrinkage=0.02


Tree=38
num_leaves=15
num_cat=0
split_feature=46 46 17 3 46 15 13 46 46 3 48 17 13 15
split_gain=374.48 54.0435 47.3721 19.0465 12.752 12.223 8.45516 5.12731 4.71961 4.3203 4.09173 3.72467 3.59376 3.43403
threshold=1.5277777777777779 2.6458333333333335 1.5010194375677477 46.237720115184821 0.73214285714285732 12.306638701378178 0.012706500820191152 0.89444444444444449 4.2500000000000009 39.040006469010621 1.7500000000000002 0.96465934324723868 0.71147259351808956 20.486262235247136
decision_type=2 2 2 2 2 2 2 2 2 2 2 2 2 2
left_child=2 3 4 10 11 7 13 -4 -8 -6 -2 -1 -5 -3
right_child=1 6 5 12 9 -7 8 -9 -10 -11 -12 -13 -14 -15
leaf_value=-0.0036861005014697801 0.00021229271933723495 0.0032953940127650313 -0.0017428398525147677 0.0025377008008499896 -0.0020878920922245909 0.00097127794642137214 0.0057142246684641386 -0.00057293082960736081 0.0099325675626559303 -0.0007027283044427424 0.0015632791545119903 -0.0026587726233185528 0.0038139912447141735 0.0058271023087877816
leaf_weight=2721.6876517534256 1420.9541051983833 1028.4916169941425 2104.7796829938889 2281.875199586153 3716.5335371792316 1700.9336692690849 1794.8370699882507 5364.4354829788208 122.99783393740654 1224.0773143768311 2520.9813462495804 3284.6561261415482 1571.2917203307152 295.83475404977798
leaf_count=4104 2101 1422 3091 3294 5559 2467 2846 8013 170 1993 3791 4927 2536 448
internal_value=6.64011e-06 0.00296695 -0.00161717 0.00206135 -0.0025056 -0.000555197 0.00513861 -0.000904321 0.00600004 -0.00174715 0.00107918 -0.00312703 0.00306246 0.00387641
internal_weight=31154.4 11037.3 20117.1 7795.1 10947 9170.15 3242.16 7469.22 1917.83 4940.61 3941.94 6006.34 3853.17 1324.33
internal_count=46762 16608 30154 11722 16583 13571 4886 11104 3016 7552 5892 9031 5830 1870
is_linear=0
shrinkage=0.02


Tree=39
num_leaves=15
num_cat=0
split_feature=44 44 44 44 16 1 16 1 44 46 13 13 18 27
split_gain=375.263 81.7779 25.5932 19.8459 8.73699 8.21773 8.06709 7.25082 7.73305 6.43994 5.4522 4.15645 3.48057 1.81598
threshold=1.8229112193460295 1.1491493098512036 2.6890047649494222 0.77740072405872451 9.4225000000000012 19.718166666666672 4.9450000000000012 22.735500000000005 3.6009515540321604 0.86607142857142871 0.35437552213867995 1.1658342467118381 1.1141606189640316 0.503511619561957
decision_type=2 2 2 2 2 2 2 2 2 2 2 2 2 2
left_child=1 3 5 9 12 13 -5 -4 -9 -1 -7 -6 -3 -2
right_child=2 4 7 6 11 10 -8 8 -10 -11 -12 -13 -14 -15
leaf_value=-0.0031700454318674648 -0.0035981231979934154 -0.0027584425078993786 -0.00056092989079465532 -0.0026858852179853744 0.00041569765843790817 0.0023953996521927168 -0.0010839250175805717 0.0049228648490165098 0.0077466121929607706 -0.0012721195490218854 0.0037361602558233626 0.0017090662052266215 -0.00028822482557286149 0.0002954872830387394
leaf_weight=6435.6391678750515 62.168531775474548 242.0817134976387 79.179193168878555 1658.0993862748146 3177.4058947861195 2513.6019441187382 5410.7175842523575 2209.8706255853176 499.86099523305893 829.4840529859066 2513.5425880551338 1466.5963406860828 3882.1033610105515 174.01573172211647
leaf_count=9484 111 390 135 2542 4607 3591 8099 3398 703 1337 3938 2313 5847 267
internal_value=6.54892e-06 -0.00128905 0.0037243 -0.00221968 0.000231331 0.00289734 -0.00146176 0.00527818 0.00545278 -0.00295514 0.00306898 0.000826861 -0.000436912 -0.000709014
internal_weight=31154.4 23102.1 8052.24 14333.9 8768.19 5263.33 7068.82 2788.91 2709.73 7265.12 5027.14 4644 4124.19 236.184
internal_count=46762 34619 12143 21462 13157 7907 10641 4236 4101 10821 7529 6920 6237 378
is_linear=0
shrinkage=0.02


Tree=40
num_leaves=15
num_cat=0
split_feature=46 46 17 17 5 46 13 34 5 46 13 0 5 5
split_gain=329.6 53.6878 45.8451 16.1082 13.1983 12.6965 6.53222 6.04207 4.82237 4.71835 4.47964 3.60704 2.92053 2.61035
threshold=1.5277777777777779 2.683333333333334 1.5010194375677477 2.5699039125052212 44.18429903753637 1.0500000000000003 1.4862016475060431 0.21835668751473483 26.621444913585755 3.683333333333334 0.41980344927256935 34.060035277487252 48.758462087966699 42.284907431163539
decision_type=2 2 2 2 2 2 2 2 2 2 2 2 2 2
left_child=2 3 5 6 7 8 -2 -4 -1 10 -3 -6 -5 -7
right_child=1 9 4 12 11 13 -8 -9 -10 -11 -12 -13 -14 -15
leaf_value=-0.0036295695695147392 0.00055089479648025123 0.0036149883578109067 -0.0020395605177608461 0.002204468019070799 0.00047234926863548598 -0.0012598465102620984 0.0024576105718093115 -0.00064211032610059736 -0.002495515883360454 0.0064064964362648318 0.0053641897910418649 0.003350358713948203 0.0033604589575734114 0.00079744882197183258
leaf_weight=1999.0195632874966 3204.1542291343212 1264.3616354763508 1656.9684080481529 1796.5176095664501 2416.5464769601822 1652.1741968989372 934.25151395797729 5047.3493617475033 6961.961165368557 708.62561964988708 1244.2474794387817 187.76126429438591 1914.90785369277 282.31139919161797
leaf_count=3058 4788 1844 2515 2587 3627 2520 1609 7396 10481 1036 1963 273 2840 434
internal_value=-3.18857e-05 0.00274181 -0.00155183 0.00184717 -0.000519583 -0.00243257 0.000984733 -0.000989486 -0.00275037 0.00491906 0.00449014 0.000686092 0.00280508 -0.000953935
internal_weight=31271.2 11067.1 20204.1 7849.83 9308.63 10895.5 4138.41 6704.32 8960.98 3217.23 2508.61 2604.31 3711.43 1934.49
internal_count=46971 16667 30304 11824 13811 16493 6397 9911 13539 4843 3807 3900 5427 2954
is_linear=0
shrinkage=0.02


Tree=41
num_leaves=15
num_cat=0
split_feature=44 44 44 44 16 16 2 16 1 44 1 44 52 5
split_gain=331.574 73.5993 38.2827 14.7118 7.75207 7.18504 6.67455 6.09799 6.04825 5.83809 4.55243 4.39714 2.92765 2.82306
threshold=1.393852240546426 2.0842548407718566 0.84330054808858446 2.9492392092107531 11.440000000000003 15.980000000000006 24.262444444444451 9.8450000000000042 23.964500000000005 1.1491493098512036 21.914000000000005 0.59243271592782354 1.7500000000000002 46.058471209258869
decision_type=2 2 2 2 2 2 2 2 2 2 2 2 2 2
left_child=2 5 7 6 9 10 -3 11 -5 -4 -2 -1 -6 -9
right_child=1 3 4 8 12 -7 -8 13 -10 -11 -12 -13 -14 -15
leaf_value=-0.0034863972078485869 -0.00043542662416565128 0.00049470878973862276 -0.0016182291977147837 -0.00035595550644065686 -0.000179969119994078 0.0023551031567066454 0.0035970189647986347 -0.0015909106113026043 0.0057709228539396138 -0.00047534085304524445 0.0009744179245201772 -0.002487415356071482 0.0017631456735438004 0.0025336798741598778
leaf_weight=3404.4560188651085 1145.4382006525993 307.0529837012291 4934.390671223402 63.504794985055923 1736.5292199254036 1267.9692124128342 3978.3312676846981 1014.6368930339813 1741.1477471590042 2851.906125664711 4389.7542543411255 3994.3257730007172 374.24406382441521 67.470550239086151
leaf_count=5106 1743 497 7421 108 2575 1922 5920 1538 2634 4291 6664 5891 546 115
internal_value=-3.11859e-05 0.00242704 -0.00175639 0.00402435 -0.000909611 0.000994934 0.0033774 -0.00274295 0.00554963 -0.00120113 0.000680811 -0.00294925 0.000161159 -0.00132031
internal_weight=31271.2 12893.2 18378 6090.04 9897.07 6803.16 4285.38 8480.89 1804.65 7786.3 5535.19 7398.78 2110.77 1082.11
internal_count=46971 19488 27483 9159 14833 10329 6417 12650 2742 11712 8407 10997 3121 1653
is_linear=0
shrinkage=0.02


Tree=42
num_leaves=15
num_cat=0
split_feature=44 44 44 44 3 13 5 2 4 44 15 2 50 13
split_gain=318.462 70.6862 36.766 14.1242 8.63996 7.84432 7.07908 6.40681 6.24298 5.3975 4.9669 4.77756 4.27175 2.90748
threshold=1.393852240546426 2.0842548407718566 0.84330054808858446 2.9492392092107531 48.493646328544109 2.0843736703921629 44.18429903753637 24.262444444444451 37.910909397716736 0.56067598628934723 7.8374382775403753 27.310750000000002 0.35970565269692228 1.051070742198225
decision_type=2 2 2 2 2 2 2 2 2 2 2 2 2 2
left_child=2 4 8 7 10 6 -4 -3 9 -1 -2 -5 -10 -6
right_child=1 3 5 11 13 -7 -8 -9 12 -11 -12 -13 -14 -15
leaf_value=-0.0037584537597923229 -0.00042301632484251271 0.00048487865968853183 -0.001341994978269959 0.001315540153634633 0.0018520792283946239 0.00082488224287355762 0.00010838058906788269 0.0035251147372314037 -0.0020497428157499782 -0.0025234388098006317 0.00098547357067047415 0.0057066370203246218 0.0011940905368197968 0.0041506709230102875
leaf_weight=2492.0849082171917 1274.5595464706421 307.0529837012291 7308.5028066337109 113.1369923055172 659.02353483438492 954.37107679247856 1634.1961972117424 3978.3312676846981 2256.8355403542519 3562.2843585908413 4511.9346248805523 1691.5155498385429 169.68442797660828 357.64396122097969
leaf_count=3719 2043 497 10831 195 1004 1578 2424 5920 3344 5308 6634 2547 279 648
internal_value=-3.05534e-05 0.00237857 -0.00172131 0.00394396 0.000975052 -0.000891441 -0.00107587 0.00330994 -0.00268814 -0.00303452 0.000673467 0.00543865 -0.00181799 0.00267706
internal_weight=31271.2 12893.2 18378 6090.04 6803.16 9897.07 8942.7 4285.38 8480.89 6054.37 5786.49 1804.65 2426.52 1016.67
internal_count=46971 19488 27483 9159 10329 14833 13255 6417 12650 9027 8677 2742 3623 1652
is_linear=0
shrinkage=0.02


Tree=43
num_leaves=15
num_cat=0
split_feature=17 18 49 49 49 5 15 49 16 4 52 14 4 16
split_gain=266.946 59.4386 27.197 22.4949 10.242 7.90266 7.08215 6.16915 6.02097 5.126 4.00348 3.44335 2.02554 1.75412
threshold=2.4509401094688426 1.4192232309583195 2.2500000000000004 1.2500000000000002 1.0000000180025095e-35 48.485652766536369 17.568283896578979 2.7500000000000004 12.680000000000003 38.420975096457603 1.5500000000000003 9.5000000000000018 44.392111995447387 13.600000000000003
decision_type=2 2 2 2 2 2 2 2 2 2 2 2 2 2
left_child=1 4 5 8 12 10 11 -5 -3 -6 -2 -4 -1 -7
right_child=2 3 6 7 9 13 -8 -9 -10 -11 -12 -13 -14 -15
leaf_value=-0.0031568837429062041 0.00067215680182673308 -0.0010573654673821141 0.0043923245169593308 0.00074658004841807223 -0.0021353533171178099 0.0019244381822143242 0.0053415097621224558 0.0037290528716239718 0.00043529490427244774 -0.00079081445725623714 0.002162716663295879 0.0026960916695301287 -0.00078896490878303837 0.0033160210135412494
leaf_weight=4084.7220179438591 1644.0554546415806 7302.0010912120342 968.80743393301964 3743.0058113634586 4194.2441119551659 541.73307454586029 1533.6074126660824 300.40582221746445 1257.2297905385494 1595.8180996775627 1324.1561575233936 1079.4938014745712 163.21306622028351 1538.6646308004856
leaf_count=6120 2405 10974 1471 5806 6350 804 2263 511 1877 2400 1885 1551 243 2311
internal_value=-2.98911e-05 -0.00117111 0.0029623 -0.000255559 -0.00231929 0.00201159 0.00429765 0.000972369 -0.000836896 -0.00176691 0.00134149 0.00350676 -0.00306867 0.00296065
internal_weight=31271.2 22640.6 8630.52 12602.6 10038 5048.61 3581.91 4043.41 8559.23 5790.06 2968.21 2048.3 4247.94 2080.4
internal_count=46971 34281 12690 19168 15113 7405 5285 6317 12851 8750 4290 3022 6363 3115
is_linear=0
shrinkage=0.02


Tree=44
num_leaves=15
num_cat=0
split_feature=44 44 44 44 3 13 44 2 16 1 1 13 13 5
split_gain=295.593 65.5912 34.2627 13.1953 7.9836 7.53937 6.76013 5.926 5.61592 5.5576 4.2043 4.1984 2.8048 2.65508
threshold=1.393852240546426 2.0842548407718566 0.84330054808858446 2.9492392092107531 48.493646328544109 2.0843736703921629 1.1563730726155994 24.262444444444451 9.8450000000000042 23.964500000000005 18.2775 2.8866202687111548 1.051070742198225 46.058471209258869
decision_type=2 2 2 2 2 2 2 2 2 2 2 2 2 2
left_child=2 4 8 7 10 6 -4 -3 11 -5 -2 -1 -6 -10
right_child=1 3 5 9 12 -7 -8 -9 13 -11 -12 -13 -14 -15
leaf_value=-0.0028693981996558027 -0.0011294191233720066 0.00046823699038010363 -0.0014758830848205803 -0.00041019276881256513 0.0017658111155762909 0.00082559418605484354 -0.00034281605601099203 0.0033936854588938669 -0.0014887772529582769 0.0054568591703588847 0.00081313802885884579 1.9300107606095963e-06 0.0040227924300255376 0.0025112915537580001
leaf_weight=7196.3203062415123 480.67292779684067 307.0529837012291 5475.1429405212402 63.504794985055923 659.02353483438492 954.37107679247856 3467.556063324213 3978.3312676846981 1014.6368930339813 1741.1477471590042 5305.8212435543537 202.46148562431335 357.64396122097969 67.470550239086151
leaf_count=10645 744 497 8148 108 1004 1578 5107 5920 1538 2634 7933 352 648 115
internal_value=-2.92325e-05 0.00229177 -0.00165817 0.00379971 0.000939708 -0.000856996 -0.00103783 0.00318672 -0.00259152 0.00524464 0.000649712 -0.0027895 0.00257593 -0.00122597
internal_weight=31271.2 12893.2 18378 6090.04 6803.16 9897.07 8942.7 4285.38 8480.89 1804.65 5786.49 7398.78 1016.67 1082.11
internal_count=46971 19488 27483 9159 10329 14833 13255 6417 12650 2742 8677 10997 1652 1653
is_linear=0
shrinkage=0.02


Tree=45
num_leaves=15
num_cat=0
split_feature=3 1 49 3 4 3 14 49 1 13 3 3 16 16
split_gain=247.065 50.2847 32.9754 12.2667 10.3797 8.29972 6.17366 5.84895 5.60145 5.02771 4.51313 3.39904 2.81596 2.76424
threshold=45.226879757299379 23.864500000000003 1.7500000000000002 35.95012191525646 39.595703577575925 49.32165634515718 10.500000000000002 1.2500000000000002 22.424500000000005 1.2549559711811373 48.493646328544109 40.445561164933316 14.680000000000003 9.4225000000000012
decision_type=2 2 2 2 2 2 2 2 2 2 2 2 2 2
left_child=1 3 10 13 7 8 -7 -3 -4 -6 12 -5 -2 -1
right_child=2 4 5 11 9 6 -8 -9 -10 -11 -12 -13 -14 -15
leaf_value=-0.0027917209212815503 0.00022458730846335734 -0.0010062682786472564 -1.444652089473545e-05 -0.0018282747615499301 0.00018224317144472808 0.0050064253963755202 0.0028613423201994843 0.00048841841361376196 0.0031175331100128717 0.001721309407179358 0.0022363752317445225 -0.00080783157903436046 0.0019099278040500525 -0.00082621640596912838
leaf_weight=5746.8136245012283 1826.045354783535 4638.1101370155811 238.81551048159599 2977.0962224900723 2933.7268789112568 1946.2299104630947 792.04936563968658 1341.1311971545219 3250.5769408643246 1203.7052049934864 961.23035272955894 2419.1533941626549 511.70556533336639 318.83622476458549
leaf_count=8449 2822 6964 359 4427 4221 3051 1160 2059 4840 1875 1570 3669 735 468
internal_value=1.95666e-05 -0.00116445 0.00270218 -0.00207143 -0.000135668 0.00355914 0.00439215 -0.00066929 0.00290043 0.000633036 0.00108024 -0.00137313 0.000599079 -0.00269036
internal_weight=31105.2 21578.6 9526.65 11461.9 10116.7 6227.67 2738.28 5979.24 3489.39 4137.43 3298.98 5396.25 2337.75 6065.65
internal_count=46669 32132 14537 17013 15119 9410 4211 9023 5199 6096 5127 8096 3557 8917
is_linear=0
shrinkage=0.02


Tree=46
num_leaves=15
num_cat=0
split_feature=46 18 46 3 3 46 18 14 46 46 52 14 23 19
split_gain=245.773 50.2261 25.6355 11.6047 11.3303 8.29743 7.6756 6.10517 5.19997 3.9653 3.72675 3.2759 3.24629 2.53541
threshold=1.7321428571428574 1.450481556608562 2.683333333333334 45.226879757299379 45.331298441077109 1.0500000000000003 1.06455105077916 10.500000000000002 1.0500000000000003 3.183333333333334 1.5500000000000003 10.500000000000002 0.48492203286217045 1.3320661510040248
decision_type=2 2 2 2 2 2 2 2 2 2 2 2 2 2
left_child=1 6 4 5 12 -3 13 9 -8 -4 -5 -6 -2 -1
right_child=2 3 7 10 11 -7 8 -9 -10 -11 -12 -13 -14 -15
leaf_value=-0.0030144011367646455 -0.0019552225397283778 -0.0012465202504527524 0.0039379452356293008 0.0003328572042834152 0.003090739607655425 -3.3852099989432906e-05 -0.0019903927305758564 0.0028914936142075904 -0.00059593262429552432 0.005679615759273106 0.0018695843344293003 0.0017258965960276049 0.0010503817129838507 -0.0018400967952888995
leaf_weight=3484.3777119219303 151.35883390903473 3985.3085854649544 1135.2866083085537 1650.5491175353527 2509.6046210825443 5241.4491046369076 4338.2607414722443 986.93797495961189 1452.3311488330364 1140.3869380652905 1042.1333301067352 1047.2962315678596 1926.629328250885 1013.3156081736088
leaf_count=5176 228 5878 1757 2611 3864 7759 6540 1408 2214 1751 1557 1513 2885 1528
internal_value=1.92015e-05 -0.00110576 0.0028278 -0.000221081 0.00200636 -0.000558879 -0.0021295 0.00424136 -0.0016427 0.00481934 0.000932265 0.00269288 0.000824979 -0.00275299
internal_weight=31105.2 22207.7 8897.5 11919.4 5634.89 9226.76 10288.3 3262.61 5790.59 2275.67 2692.68 3556.9 2077.99 4497.69
internal_count=46669 33263 13406 17805 8490 13637 15458 4916 8754 3508 4168 5377 3113 6704
is_linear=0
shrinkage=0.02


Tree=47
num_leaves=15
num_cat=0
split_feature=46 18 46 4 5 5 46 1 1 13 5 6 46 27
split_gain=236.065 48.2416 24.6224 12.6096 9.08385 7.96133 6.91482 5.45357 4.9791 4.80235 3.87642 2.71543 2.61296 2.37528
threshold=1.7321428571428574 1.450481556608562 2.683333333333334 47.310312476437439 43.214172485987042 37.684244041838646 1.0500000000000003 21.404666666666675 23.864500000000003 0.14125109274087677 45.868602010846097 6.5000000000000009 4.5277777777777786 0.63883439963989075
decision_type=2 2 2 2 2 2 2 2 2 2 2 2 2 2
left_child=1 5 4 6 13 8 -3 -6 -1 11 -7 -4 -11 -2
right_child=2 3 9 -5 7 10 -8 -9 -10 12 -12 -13 -14 -15
leaf_value=-0.0026380492901326852 -0.00094396921218188005 -0.0011322841477134273 0.0035136537159843962 0.0012380233129200638 -0.00034412783361793809 -0.0013340263744626897 -6.0287276443679723e-05 0.0026159557399042773 -0.0013247234246824104 0.0046762881814978157 0.0013890218736439886 0.00025432268138094843 0.0089626964427499886 0.0010112048537143624
leaf_weight=6412.4805120825768 314.14939442276955 4138.5064384639263 1295.4773645102978 1981.2748626768589 258.87254399061203 2192.0962755978107 5799.6588366031647 3960.8469359278679 1457.7271382808685 1783.4221329987049 225.98128443956375 118.58152565360069 65.130498170852661 1101.0201404690742
leaf_count=9580 495 6168 1850 2981 376 3293 8656 5979 2243 2818 342 163 85 1640
internal_value=1.88303e-05 -0.00108369 0.00277141 -0.00021664 0.0019663 -0.00208699 -0.000507838 0.00243191 -0.00239646 0.00415681 -0.00107447 0.00324814 0.00484224 0.000569405
internal_weight=31105.2 22207.7 8897.5 11919.4 5634.89 10288.3 9938.17 4219.72 7870.21 3262.61 2418.08 1414.06 1848.55 1415.17
internal_count=46669 33263 13406 17805 8490 15458 14824 6355 11823 4916 3635 2013 2903 2135
is_linear=0
shrinkage=0.02


Tree=48
num_leaves=15
num_cat=0
split_feature=3 2 49 3 49 3 16 16 23 0 49 52 13 13
split_gain=219.858 40.0694 29.3123 12.5424 9.86892 7.67026 7.44797 5.43724 4.54733 4.47909 4.19838 3.04656 2.96226 2.87614
threshold=45.226879757299379 23.954000000000004 1.7500000000000002 40.445561164933316 1.2500000000000002 49.32165634515718 9.4225000000000012 12.680000000000003 0.50326374458594436 34.060035277487252 2.7500000000000004 1.5500000000000003 1.0000000180025095e-35 2.5501507561762131
decision_type=2 2 2 2 2 2 2 2 2 2 2 2 2 2
left_child=1 3 9 6 7 8 -1 -3 -4 11 -6 -2 -7 -5
right_child=2 4 5 13 10 12 -8 -9 -10 -11 -12 -13 -14 -15
leaf_value=-0.0024001662590303475 0.00022882497131455253 -0.00089653173802050365 -0.00053099699927950934 -0.00075225978089650937 0.00055738733492918715 0.0032922485542945744 -0.00042715860656385634 0.00051493101675253625 0.0028814940028562773 0.0030221536863130577 0.0035116251751505165 0.0015714740483257471 0.0047041837621960769 0.0027495481190798398
leaf_weight=8460.790635406971 1802.8244037032127 5170.6140187084675 158.13314998149872 2382.7035754621029 3035.3579653501511 1071.9457103610039 856.27688130736351 1372.6515444219112 3331.2593013644218 394.61204886436462 205.53672537207603 1101.544820278883 1666.3335657417774 94.641537964344025
leaf_count=12504 2888 7718 226 3600 4574 1530 1242 2008 4973 593 307 1646 2681 179
internal_value=1.84741e-05 -0.00109843 0.00254909 -0.00188336 -0.000151008 0.00335709 -0.00222004 -0.000598839 0.00272377 0.00101964 0.000749878 0.000742225 0.00415791 -0.000612338
internal_weight=31105.2 21578.6 9526.65 11794.4 9784.16 6227.67 9317.07 6543.27 3489.39 3298.98 3240.89 2904.37 2738.28 2477.35
internal_count=46669 32132 14537 17525 14607 9410 13746 9726 5199 5127 4881 4534 4211 3779
is_linear=0
shrinkage=0.02


Tree=49
num_leaves=15
num_cat=0
split_feature=44 44 44 1 44 44 19 16 4 44 13 13 18 16
split_gain=241.12 42.7294 37.5003 9.64823 7.58477 7.12047 6.871 5.35093 4.35172 4.10412 2.89542 2.86388 2.80883 2.57585
threshold=1.5671253682349351 0.92054319681724317 2.2353002766550634 20.251166666666673 3.3483557382899236 1.1563730726155994 1.8181290495469935 14.270000000000001 41.664560740492348 0.50690205118827147 2.5501507561762131 1.195260485798886 1.3189001307870651 9.8450000000000042
decision_type=2 2 2 2 2 2 2 2 2 2 2 2 2 2
left_child=1 6 7 -4 -5 8 9 12 -3 -1 -7 -9 -2 -8
right_child=2 5 3 4 -6 10 13 11 -10 -11 -12 -13 -14 -15
leaf_value=-0.0032256434385917526 -0.0021345548733843049 -0.0013635934263150436 -0.0021068549949375469 0.0034680518424096184 0.0055683106448847462 -9.1004152118255585e-06 -0.0014769324486213248 0.0016535140178232264 0 -0.0021653064031438287 0.002207564934609667 0.0034256672982510474 0.00095436533548252239 0.00029198825945174755
leaf_weight=1993.8964757919312 118.21007362008095 3209.8595895469189 108.63161560893059 4197.1361182630062 855.04775857925415 5924.4444769322872 1173.1104078888893 1275.6664587557316 1340.5045106112957 6262.7896360754967 243.12731829285622 542.38764107227325 3415.8521667718887 444.56163647770882
leaf_count=2983 212 4825 189 6282 1271 8783 1765 1897 2057 9256 417 871 5186 675
internal_value=1.81535e-05 -0.00123967 0.00248265 0.00369993 0.00382755 -0.000363971 -0.0021889 0.00130606 -0.000964103 -0.0024233 7.73476e-05 0.00219089 0.000847068 -0.000984871
internal_weight=31105.2 20592.3 10512.9 5160.82 5052.18 10717.9 9874.36 5352.12 4550.36 8256.69 6167.57 1818.05 3534.06 1617.67
internal_count=46669 30761 15908 7742 7553 16082 14679 8166 6882 12239 9200 2768 5398 2440
is_linear=0
shrinkage=0.02


Tree=50
num_leaves=15
num_cat=0
split_feature=44 44 44 44 44 0 2 44 13 13 46 4 13 4
split_gain=241.402 60.1342 18.1835 9.0926 7.47989 6.18587 5.6161 6.07057 5.38929 4.90872 4.77544 3.82041 3.61096 1.57379
threshold=1.8375259509361086 1.0015196693787964 2.6890047649494222 1.289339127546733 0.56067598628934723 20.742077257245636 24.864083333333337 3.7185999048324474 0.078599369461628002 2.0843736703921629 0.78888888888888908 47.484619532964928 1.0621375573653575 40.889953415880271
decision_type=2 2 2 2 2 2 2 2 2 2 2 2 2 2
left_child=1 4 5 9 10 13 -4 -8 -7 -3 -1 -5 -6 -2
right_child=2 3 6 11 12 8 7 -9 -10 -11 -12 -13 -14 -15
leaf_value=-0.0030845430069993706 -0.0035734232892794351 -0.00084344400389073728 -0.00047661283508418237 0.00023239112203282423 -0.0020115624198757741 0.0016848856265423567 0.0040889700366856943 0.0068324269588183242 0.0030359825725543672 0.0011567987922818149 -2.5263554077543773e-05 0.0013960718058654458 -0.0011109542150834057 0.00012263068592618893
leaf_weight=2943.0943188667297 68.560733675956726 4601.4216064214706 89.737368226051331 5104.9536622166634 5588.5381819605827 2132.2394682466984 2307.7823153436184 396.60598546266556 2815.7828133106232 543.6155532002449 226.41988271474838 1459.1947281062603 2719.4314194917679 118.56941002607346
leaf_count=4363 129 6883 149 7652 8055 2985 3542 542 4399 888 422 2206 4263 209
internal_value=2.1008e-05 -0.00100885 0.00303327 0 -0.00203747 0.002321 0.00433613 0.00449975 0.00245669 -0.000629792 -0.0028693 0.000492944 -0.00171831 -0.00120212
internal_weight=31115.9 23186.7 7929.28 11709.2 11477.5 5135.15 2794.13 2704.39 4948.02 5145.04 3169.51 6564.15 8307.97 187.13
internal_count=46687 34732 11955 17629 17103 7722 4233 4084 7384 7771 4785 9858 12318 338
is_linear=0
shrinkage=0.02


Tree=51
num_leaves=15
num_cat=0
split_feature=44 44 44 16 44 16 47 2 44 13 23 13 13 13
split_gain=231.857 57.7595 17.4622 9.39749 7.32855 7.18839 5.64525 5.39891 5.82856 5.35963 5.21774 4.38789 4.3576 2.88536
threshold=1.8375259509361086 1.0015196693787964 2.6890047649494222 8.4100000000000055 0.77740072405872451 13.600000000000003 1.4593128192940228 24.864083333333337 3.7185999048324474 1.2271478278396155 1.2029691252130184 2.7069047619047626 2.4555399228720467 0.078599369461628002
decision_type=2 2 2 2 2 2 2 2 2 2 2 2 2 2
left_child=1 4 5 12 11 6 -2 -4 -9 -5 -6 -1 -3 -7
right_child=2 3 7 9 10 13 -8 8 -10 -11 -12 -13 -14 -15
leaf_value=-0.002490040635728039 -0.0023010774413868701 -0.00080536855999209414 -0.0004672884059619656 0.00011969070505163224 -0.0017355776618785486 0.0022065200998511599 0.0017432219365347895 0.0040072614520444546 0.0066964640209347046 0.001359715787020432 -0.00010817507686893225 4.5148355936771216e-05 0.0018440427369233391 0.0036040731187466685
leaf_weight=6887.5027443468571 142.68279880285263 4677.0337226688862 89.737368226051331 4797.7705211937428 3256.2932197451591 1088.1413071155548 2407.2620922029018 2307.7823153436184 396.60598546266556 1976.1174289882183 1057.4668334424496 276.22100549936295 258.26387709379196 1497.0662271380424
leaf_count=10188 262 7063 149 6995 4845 1519 3611 3542 542 3124 1580 490 447 2330
internal_value=2.05973e-05 -0.000988692 0.00297271 0 -0.0019968 0.00227463 0.00151138 0.00424955 0.00440999 0.000483208 -0.00133919 -0.00239091 -0.000664009 0.00302185
internal_weight=31115.9 23186.7 7929.28 11709.2 11477.5 5135.15 2549.94 2794.13 2704.39 6773.89 4313.76 7163.72 4935.3 2585.21
internal_count=46687 34732 11955 17629 17103 7722 3873 4233 4084 10119 6425 10678 7510 3849
is_linear=0
shrinkage=0.02


Tree=52
num_leaves=15
num_cat=0
split_feature=44 44 44 16 16 16 2 44 13 13 13 44 0 13
split_gain=222.69 55.4765 16.769 9.02518 7.07451 6.90392 5.19021 5.59612 5.14714 4.18662 3.84884 3.74192 3.71243 2.7682
threshold=1.8375259509361086 1.0015196693787964 2.6890047649494222 8.4100000000000055 7.2600000000000025 13.600000000000003 24.864083333333337 3.7185999048324474 1.2271478278396155 2.4555399228720467 2.3785982876930603 0.63564110458952894 20.742077257245636 0.078599369461628002
decision_type=2 2 2 2 2 2 2 2 2 2 2 2 2 2
left_child=1 4 5 9 10 12 -4 -8 -5 -3 -1 -6 -2 -7
right_child=2 3 6 8 11 13 7 -9 -10 -11 -12 -13 -14 -15
leaf_value=-0.0024669962584917401 -0.0012025100150051173 -0.00078926807512621653 -0.00045814634587361679 0.00011729789105222532 -0.0022946965864852182 0.0021624706646538373 0.0039271856323041835 0.0065632067566075546 0.0013325489794295225 0.0018074453374356616 -0.00062997998142791075 -0.00093958877247051409 0.0016965828747828769 0.0035320878334664965
leaf_weight=6718.8474124968052 185.43390643596649 4677.0337226688862 89.737368226051331 4797.7705211937428 1130.5116283595562 1088.1413071155548 2307.7823153436184 396.60598546266556 1976.1174289882183 258.26387709379196 507.16788554191589 3120.9568766355515 2364.510984569788 1497.0662271380424
leaf_count=9916 334 7063 149 6995 1726 1519 3542 542 3124 447 849 4612 3539 2330
internal_value=2.02159e-05 -0.000968913 0.00291339 0 -0.00195689 0.00222922 0.00416471 0.00432202 0.000473582 -0.00065068 -0.00233966 -0.00130319 0.00148106 0.00296158
internal_weight=31115.9 23186.7 7929.28 11709.2 11477.5 5135.15 2794.13 2704.39 6773.89 4935.3 7226.02 4251.47 2549.94 2585.21
internal_count=46687 34732 11955 17629 17103 7722 4233 4084 10119 7510 10765 6338 3873 3849
is_linear=0
shrinkage=0.02


Tree=53
num_leaves=15
num_cat=0
split_feature=44 44 44 44 44 14 5 13 17 44 13 4 44 32
split_gain=213.888 53.3022 16.103 8.38015 7.15711 5.94959 4.63631 4.57208 4.47124 5.09008 4.19028 3.59526 2.58185 2.12201
threshold=1.8375259509361086 1.0070103430113202 2.6890047649494222 1.289339127546733 0.77740072405872451 10.500000000000002 48.556735846495279 2.0843736703921629 2.1112318516193924 3.7185999048324474 1.7265232496639806 47.484619532964928 1.9257301712049169 0.15000000000000005
decision_type=2 2 2 2 2 2 2 2 2 2 2 2 2 2
left_child=1 4 5 7 10 6 -2 -3 -4 -10 -1 -5 -7 -6
right_child=2 3 8 11 13 12 -8 -9 9 -11 -12 -13 -14 -15
leaf_value=-0.0025125545252374548 0.0019572358213165849 -0.0008138366873003068 0.00049415631979603323 0.00022756493587385498 -0.0031092779087353874 -0.00077656122588939795 0.0034311108714662852 0.0011377378263291178 0.0038801814171517935 0.0064052696427633346 -0.0011689711320326849 0.0013565646555172082 0.0014858345749437555 -0.0011603846876288033
leaf_weight=6024.0641591250896 1917.2574134171009 4490.3124387562275 138.95439559221268 5104.9536622166634 242.46498203277588 229.67828646302223 1638.2647471427917 531.90568271279335 2259.2334601283073 395.93781331181526 1139.6595907211304 1459.1947281062603 1349.9519782364368 4194.1141093075275
leaf_count=8804 2969 6708 244 7652 363 339 2482 870 3449 540 1874 2206 1932 6255
internal_value=1.98274e-05 -0.00094955 0.00285525 9.13025e-06 -0.00190778 0.00218472 0.00264071 -0.000604783 0.00408156 0.00426502 -0.00230059 0.000480399 0.00114999 -0.0012705
internal_weight=31115.9 23186.7 7929.28 11586.4 11600.3 5135.15 3555.52 5022.22 2794.13 2655.17 7163.72 6564.15 1579.63 4436.58
internal_count=46687 34732 11955 17436 17296 7722 5451 7578 4233 3989 10678 9858 2271 6618
is_linear=0
shrinkage=0.02


Tree=54
num_leaves=15
num_cat=0
split_feature=47 47 47 16 16 16 13 15 13 47 39 16 13 47
split_gain=197.13 38.0684 19.1262 12.7685 8.99886 7.32697 6.14963 5.86184 4.91817 3.81362 3.15149 2.97531 2.75697 2.25159
threshold=1.7781119046836975 0.97417627727258971 2.7551245817497825 8.3450000000000042 8.8900000000000023 16.710000000000001 1.0000000180025095e-35 13.471788577509644 2.4555399228720467 0.36164187872918035 1.7500000000000002 14.567500000000003 0.063119205751047666 4.1257848064105112
decision_type=2 2 2 2 2 2 2 2 2 2 2 2 2 2
left_child=1 4 5 8 9 10 -4 -5 -3 -1 -2 -6 -7 -8
right_child=2 3 6 7 11 12 13 -9 -10 -11 -12 -13 -14 -15
leaf_value=-0.0030254271749207964 0.0015661206474151029 -0.001064282265995615 0.0027582098557411912 0.00012908486874024227 -0.00098656327692362789 0.0020372643188024302 0.0044431981935685204 0.0015745797931037892 0.0017428465935475502 -0.0018861394355518691 -0.0020355545017403907 0.0010754974411738432 0.0037602753651232901 0.0070482723519582112
leaf_weight=1448.1088015139103 4101.7966513633728 4441.6277096569538 1107.2628978192806 4734.4494687616825 2352.4279144108295 671.03368526697159 1526.1004136502743 1476.7636305987835 260.16649630665779 7446.6368098855019 95.494317054748535 311.49522352218628 974.39912059903145 168.18430685997009
leaf_count=2158 6184 6659 1575 7106 3527 941 2420 2150 449 11177 140 450 1522 229
internal_value=1.94577e-05 -0.000967555 0.00258609 -0.000119333 -0.00176737 0.00193016 0.00394812 0.000474768 -0.000906153 -0.00207338 0.00148087 -0.000741067 0.003067 0.00471569
internal_weight=31115.9 22471.7 8644.27 10913 11558.7 5842.72 2801.55 6211.21 4701.79 8894.75 4197.29 2663.92 1645.43 1694.28
internal_count=46687 33676 13011 16364 17312 8787 4224 9256 7108 13335 6324 3977 2463 2649
is_linear=0
shrinkage=0.02


Tree=55
num_leaves=15
num_cat=0
split_feature=46 47 18 3 18 46 47 13 23 13 46 3 3 13
split_gain=196.605 32.6376 25.1396 11.9586 8.77894 5.7358 5.36194 5.26363 5.20811 4.45601 3.38009 3.2924 2.156 2.03106
threshold=1.5277777777777779 2.6351412898745719 1.450481556608562 48.936108458600586 2.5846246064617793 1.0500000000000003 0.59392661810228176 0.17261477514286483 0.51937562690180705 0.063119205751047666 4.3500000000000005 39.319964452040772 49.32165634515718 2.4555399228720467
decision_type=2 2 2 2 2 2 2 2 2 2 2 2 2 2
left_child=2 3 6 8 5 -4 13 12 -2 -5 -9 -8 -3 -1
right_child=1 7 4 9 -6 -7 11 10 -10 -11 -12 -13 -14 -15
leaf_value=-0.0025284441153987265 -0.00099529107498593839 0.0020709416292992292 -0.0011606182226492935 0.0016130661773931839 0.0013041640624744772 -0.00014134580286975378 -0.0016913458270970782 0.0043602831624549769 0.001220468481757429 0.0037472223281363789 0.0083912722698369011 -0.00048405053352695577 0.0037015577780200458 -0.00059749192607351715
leaf_weight=3808.9043204188347 453.27217334508896 685.76898494362831 4267.2167589664459 656.12950631976128 1042.7692637443542 4628.6136554479599 4827.7688817679882 1765.2083794772625 5502.1222821772099 1071.8655391335487 94.399271905422211 1144.4317969381809 721.67714110016823 247.24839517474174
leaf_count=5636 670 982 6379 945 1506 6946 7260 2757 8200 1744 127 1832 1059 412
internal_value=3.9211e-05 0.0021929 -0.00114153 0.00147814 -0.000427228 -0.000631553 -0.00184822 0.00386886 0.00104987 0.00294545 0.00457908 -0.00146191 0.00291821 -0.00241356
internal_weight=30917.4 10950.4 19967 7683.39 9938.6 8895.83 10028.4 3267.05 5955.39 1728 1859.61 5972.2 1407.45 4056.15
internal_count=46455 16484 29971 11559 14831 13325 15140 4925 8870 2689 2884 9092 2041 6048
is_linear=0
shrinkage=0.02


Tree=56
num_leaves=15
num_cat=0
split_feature=44 44 44 13 0 1 13 16 44 3 16 23 16 16
split_gain=200.963 37.1766 23.1102 9.53907 6.64199 5.4311 6.08043 5.38602 4.75857 4.25964 5.11207 3.21895 2.82175 2.49848
threshold=1.4356133159783033 2.0842548407718566 0.86993702915344617 0.063119205751047666 27.006326776640442 20.578833333333339 1.4862016475060431 10.263333333333337 3.3483557382899236 39.897225848851129 4.9450000000000012 1.3333925558198325 3.3600000000000017 15.640000000000004
decision_type=2 2 2 2 2 2 2 2 2 2 2 2 2 2
left_child=2 5 7 8 -5 -2 -7 12 -3 10 -4 -9 -1 -11
right_child=1 3 9 4 -6 6 -8 11 -10 13 -12 -13 -14 -15
leaf_value=-0.0029034323036850451 -0.00061715291102654645 0.001833072284366819 -0.0020882953766947483 0.0016910175642685247 0.004180493466500141 0.00081683545060407664 0.0025180010690277633 -0.0015745685729570782 0.0043060414968820026 -0.00026080237032380491 -0.00062946717859726814 0.00072099033747734156 -0.001970558805526647 0.0014153503939512424
leaf_weight=1740.7070031762123 782.80551984906197 2193.3247654139996 1234.1301364898682 520.95211777091026 3015.0720742642879 4259.9225435554981 1058.7440004348755 571.70943513512611 372.60785904526711 3696.3343123793602 4515.2184498906136 417.14326721429825 6147.9995049536228 390.72536128759384
leaf_count=2637 1197 3099 1862 939 4597 6289 1767 885 533 5713 6671 625 9078 563
internal_value=3.84511e-05 0.00203535 -0.00126328 0.00313967 0.00381772 0.000928635 0.00115817 -0.00200347 0.00219915 -0.000593951 -0.000944969 -0.000596604 -0.00217836 -9.75017e-05
internal_weight=30917.4 12203.4 18714 6101.96 3536.02 6101.47 5318.67 8877.56 2565.93 9836.41 5749.35 988.853 7888.71 4087.06
internal_count=46455 18421 28034 9168 5536 9253 8056 13225 3632 14809 8533 1510 11715 6276
is_linear=0
shrinkage=0.02


Tree=57
num_leaves=15
num_cat=0
split_feature=44 44 44 16 44 4 16 13 16 16 1 23 13 46
split_gain=193.025 35.7076 22.1945 9.27345 8.56107 5.68817 5.17225 4.13203 4.31748 3.65872 3.33379 3.09255 2.77856 2.75239
threshold=1.4356133159783033 2.0842548407718566 0.86993702915344617 7.2600000000000025 3.3483557382899236 47.484619532964928 10.263333333333337 2.3980880891594576 8.4100000000000055 17.11000000000001 22.424500000000005 1.3333925558198325 2.3980880891594576 1.6833333333333336
decision_type=2 2 2 2 2 2 2 2 2 2 2 2 2 2
left_child=2 5 6 13 -5 10 12 8 -4 -7 -2 -8 -1 -3
right_child=1 3 7 4 -6 9 11 -9 -10 -11 -12 -13 -14 -15
leaf_value=-0.0022342997797077393 -0.00063482667525404746 -0.0029814140864442493 -0.0011102301606706454 0.0029537193890695275 0.0051564744683922914 0.0012412239094737266 -0.0015431869908791784 0.0009898488009894759 -0.00024064207302112423 0.00318229876994475 0.00077247982736379289 0.00070663932511110525 -0.00067771863570237855 0.001008716283358017
leaf_weight=7377.2187884747982 836.55838119983673 85.692994266748428 4739.8807502090931 4846.4772449433804 848.72925651073456 1411.7836538255215 571.70943513512611 619.74600255489349 4476.7815072834492 555.14212572574615 3297.9879030883312 417.14326721429825 511.48771965503693 321.05732077360153
leaf_count=10861 1275 167 7137 7273 1259 2148 885 1033 6639 866 4964 625 854 469
internal_value=3.76917e-05 0.00199476 -0.00123806 0.00307706 0.00328544 0.00091008 -0.00196345 -0.000582099 -0.000689076 0.00179682 0.000485147 -0.000584504 -0.00213484 0.000133147
internal_weight=30917.4 12203.4 18714 6101.96 5695.21 6101.47 8877.56 9836.41 9216.66 1966.93 4134.55 988.853 7888.71 406.75
internal_count=46455 18421 28034 9168 8532 9253 13225 14809 13776 3014 6239 1510 11715 636
is_linear=0
shrinkage=0.02


Tree=58
num_leaves=15
num_cat=0
split_feature=44 44 44 13 2 4 44 13 15 4 1 34 13 23
split_gain=185.394 34.292 21.3156 9.16467 6.56473 5.46407 4.40328 3.96941 3.98352 3.76069 3.20243 2.7574 2.69746 1.82483
threshold=1.4356133159783033 2.0842548407718566 0.86993702915344617 0.063119205751047666 24.961000000000002 47.484619532964928 3.3483557382899236 2.3980880891594576 11.888298119408345 47.790759350855865 22.424500000000005 0.37631566212523482 1.9501401464752537 1.0495717083042897
decision_type=2 2 2 2 2 2 2 2 2 2 2 2 2 2
left_child=2 5 9 6 -5 10 -3 8 -4 11 -2 -1 -7 -9
right_child=1 3 7 4 -6 12 -8 13 -10 -11 -12 -13 -14 -15
leaf_value=-0.0022952656410612569 -0.00062216040926054588 0.0017414173797937369 -0.00083100567488223148 0.00053273936480587188 0.0039202983298329795 0.0015017867947153779 0.0041209262179207765 -4.1527780296325101e-06 0.00043163600273235931 0.00074014579481248221 0.00075703960630405312 -0.0015576079952330079 0.0040059951311232061 0.0021398369540918528
leaf_weight=5033.9692371189594 836.55838119983673 2193.3247654139996 8088.6080935299397 254.12218874692917 3281.902003288269 1770.2501713633537 372.60785904526711 334.54512447118759 1128.0541639626026 200.68495655059814 3297.9879030883312 3642.9050168097019 196.67560818791389 285.2008780837059
leaf_count=7562 1275 3099 12143 435 5101 2671 533 559 1633 320 4964 5343 343 474
internal_value=3.69464e-05 0.00195495 -0.00121333 0.00301559 0.00368011 0.000891941 0.00209379 -0.000570459 -0.000675322 -0.00192422 0.000475397 -0.00198715 0.00176108 0.000970116
internal_weight=30917.4 12203.4 18714 6101.96 3536.02 6101.47 2565.93 9836.41 9216.66 8877.56 4134.55 8676.87 1966.93 619.746
internal_count=46455 18421 28034 9168 5536 9253 3632 14809 13776 13225 6239 12905 3014 1033
is_linear=0
shrinkage=0.02


Tree=59
num_leaves=15
num_cat=0
split_feature=46 46 17 17 15 13 16 13 0 6 52 6 46 13
split_gain=168.028 23.4197 22.5482 9.63617 8.32964 6.94901 5.13178 4.12835 3.45586 3.44737 3.44445 3.19038 3.01158 2.2131
threshold=1.5277777777777779 2.683333333333334 1.5010194375677477 2.5394862469503932 12.224818839374306 0.063119205751047666 3.0400000000000018 2.7792027348220318 28.857114096709342 5.5000000000000009 0.75000000000000011 6.5000000000000009 4.3500000000000005 1.0000000180025095e-35
decision_type=2 2 2 2 2 2 2 2 2 2 2 2 2 2
left_child=2 3 6 8 10 11 -1 -8 -2 -5 -4 -3 -7 -6
right_child=1 5 4 9 13 12 7 -9 -10 -11 -12 -13 -14 -15
leaf_value=-0.0026241566940719634 0.0010723630459984069 0.0026441523376835867 -0.001416287784858621 0.0023054376639042159 4.1918552298729707e-05 0.0040424854735256364 -0.0015495556735384535 0.00083524214512834428 -0.00029102072473045237 -0.00023735716629220028 -0.00038225106013240482 -0.00067287684276346837 0.0078276355882168046 0.0014980228184341912
leaf_weight=1902.8005380034447 2996.0319062173367 1211.6673720479012 1681.8247633874416 3534.7928360998631 720.31105273962021 1797.0566610693932 8609.4149283766747 293.76959499716759 974.05028727650642 219.03996548056602 5717.4021945595741 122.27656111121178 95.527689099311829 1041.4300003945827
leaf_count=2912 4680 1736 2488 5170 1009 2839 12954 533 1451 314 8514 165 129 1561
internal_value=3.62522e-05 0.0020273 -0.00105529 0.00142667 -0.000323876 0.00346027 -0.00167425 -0.00146957 0.000735364 0.00215435 -0.000618955 0.00233206 0.00424688 0.000909068
internal_weight=30917.4 10950.4 19967 7723.91 9160.97 3226.53 10806 8903.18 3970.08 3753.83 7399.23 1333.94 1892.58 1761.74
internal_count=46455 16484 29971 11615 13572 4869 16399 13487 6131 5484 11002 1901 2968 2570
is_linear=0
shrinkage=0.02


Tree=60
num_leaves=15
num_cat=0
split_feature=44 44 44 44 13 2 14 46 15 13 15 1 1 51
split_gain=163.765 38.9344 13.4175 9.04175 6.24563 5.72358 4.96142 4.5188 3.72254 2.72643 2.6316 2.492 2.41702 1.69741
threshold=1.8375259509361086 1.1423220244147403 3.3483557382899236 0.63564110458952894 1.1308214046295204 23.669083333333337 9.5000000000000018 0.89444444444444449 9.0655462739876693 1.0000000180025095e-35 10.875456078046055 26.210166666666673 35.993833333333342 0.43265634408330672
decision_type=2 2 2 2 2 2 2 2 2 2 2 2 2 2
left_child=1 3 5 7 -5 13 -7 -1 11 -10 -4 -3 -12 -2
right_child=2 8 10 4 -6 6 -8 -9 9 -11 12 -13 -14 -15
leaf_value=-0.0024544858682479468 -0.0019373365959235739 -0.00067544107987287637 0.0012204160196015367 -0.0015629829161619591 -0.00047244574580594434 0.0029082367712060741 0.001779899455160292 0.00056241468020053924 -7.9694080531294686e-05 0.00086337112278825606 0.0060560211108374798 0.00039554311874177904 0.0034982028991180497 0.000765991205173817
leaf_weight=4201.6421758830547 114.07521915435791 2732.0575474202633 81.526495814323425 6666.5908958613873 3113.8327545821667 3053.0092608630657 3373.4558904767036 202.13776481151581 2034.79636323452 3014.8889535665512 499.5163232088089 1259.8631992936134 259.52980268001556 449.98880952596664
leaf_count=6216 214 4142 138 9737 4887 4752 4926 378 2840 4566 718 2035 382 697
internal_value=-6.10165e-05 -0.000904654 0.00243939 -0.00155841 -0.00121697 0.00214858 0.00231823 -0.00231355 0.000119952 0.000481498 0.00483521 -0.000334902 0.00520609 0.000196696
internal_weight=31056.9 23225.8 7831.1 14184.2 9780.42 6990.53 6426.47 4403.78 9041.61 5049.69 840.573 3991.92 759.046 564.064
internal_count=46628 34801 11827 21218 14624 10589 9678 6594 13583 7406 1238 6177 1100 911
is_linear=0
shrinkage=0.02


Tree=61
num_leaves=15
num_cat=0
split_feature=44 44 44 44 13 14 4 13 3 33 4 53 19 14
split_gain=157.298 37.3954 12.893 8.41062 6.02964 5.2272 3.5383 3.09734 3.09282 3.04987 2.94395 2.73395 2.13357 1.52699
threshold=1.8375259509361086 1.1287451633546577 3.3483557382899236 0.63564110458952894 1.1308214046295204 9.5000000000000018 47.939777710864128 2.5237157855268095 48.783046278525141 -0.44999999999999996 37.426468334633988 0.24999999999999997 3.1869612828604006 11.500000000000002
decision_type=2 2 2 2 2 2 2 2 2 2 2 2 2 2
left_child=1 3 5 7 -5 10 9 -1 -7 -3 -2 -4 -8 -13
right_child=2 6 11 4 -6 8 12 -9 -10 -11 -12 13 -14 -15
leaf_value=-0.0023928816243304336 0 0.001323749760883976 0.0024162761863521826 -0.0015502761496810453 -0.00046580980078866788 0.0010772951561649124 0.00080040308251826358 0 0.0022555541756337795 -0.00019125622293574159 0.0028331750468588864 0.0057813704979421529 0.0044728168109406949 0.0027923949729022212
leaf_weight=4169.6583059430122 158.34590196609497 571.25775864720345 180.63248765468597 6488.2089688777924 3045.4333546459675 2131.2236028015614 1480.5019145905972 234.1216347515583 1608.1843766272068 7170.8128107786179 3092.7752986252308 559.42710494995117 65.814906418323517 100.51302909851074
leaf_count=6192 270 839 306 9478 4776 3121 2232 402 2390 10764 4808 793 118 139
internal_value=-5.97564e-05 -0.000886575 0.00239078 -0.00154168 -0.00120507 0.00210566 9.54672e-05 -0.00226725 0.00158763 -7.78654e-05 0.00269707 0.00473949 0.000968744 0.00535105
internal_weight=31056.9 23225.8 7831.1 13937.4 9533.64 6990.53 9288.39 4403.78 3739.41 7742.07 3251.12 840.573 1546.32 659.94
internal_count=46628 34801 11827 20848 14254 10589 13953 6594 5511 11603 5078 1238 2350 932
is_linear=0
shrinkage=0.02


Tree=62
num_leaves=15
num_cat=0
split_feature=47 47 3 3 47 47 2 53 47 36 3 5 3 23
split_gain=140.545 27.1336 14.4256 10.1884 7.12316 5.34083 4.93821 3.03247 2.94955 2.73095 2.3337 2.21822 1.97515 1.45608
threshold=1.7508694679940848 0.87307306129408013 49.598249995677016 46.035455606065476 2.0917289494452791 0.49850713929284796 23.140537037037038 0.8500000000000002 3.5216972280875196 1.3166666666666669 41.31567633554058 45.95946959814885 48.493646328544109 1.1777768477298525
decision_type=2 2 2 2 2 2 2 2 2 2 2 2 2 2
left_child=1 5 4 6 7 10 -3 -2 13 -6 -1 -7 -5 -4
right_child=2 3 8 12 9 11 -8 -9 -10 -11 -12 -13 -14 -15
leaf_value=-0.0025018116396235456 0.00029974909857981611 -0.0010905338690441625 0.0027206807345129627 0.0005483078998452834 0.0022469329246246343 -0.0014284641129625414 -0.00019388081302728268 0.001845395274090578 0.0048685051012004616 1.9949920484683272e-05 -0.00039421052562677993 0.00051372399632540955 0.0018776282868966441 0.0042922754327453247
leaf_weight=3069.1448561251163 1738.0747508108616 4049.4669685065746 1234.1681254804134 1435.89396032691 3994.680195748806 6217.919480741024 6333.2009198963642 728.63504928350449 525.19912102818489 242.74706053733826 238.7191150188446 235.76155743002892 672.69049578905106 340.6097996532917
leaf_count=4546 2618 6089 1877 2153 5948 9314 9410 1074 778 356 384 353 1120 608
internal_value=-5.84985e-05 -0.000905082 0.00207986 -0.000286659 0.00162315 -0.00169519 -0.000544701 0.000761489 0.00353023 0.00212179 -0.00235306 -0.00135583 0.000978509 0.00307196
internal_weight=31056.9 22252.8 8804.11 12491.3 6704.14 9761.55 10382.7 2466.71 2099.98 4237.43 3307.86 6453.68 2108.58 1574.78
internal_count=46628 33369 13259 18772 9996 14597 15499 3692 3263 6304 4930 9667 3273 2485
is_linear=0
shrinkage=0.02


Tree=63
num_leaves=15
num_cat=0
split_feature=46 46 18 18 46 46 4 5 1 13 46 13 4 12
split_gain=135.501 19.8671 19.1619 7.79076 5.59322 5.58836 4.94637 3.92777 3.75743 3.74855 3.60827 3.36011 2.5218 2.46571
threshold=1.5277777777777779 2.3875000000000006 1.4192232309583195 2.7795868038303495 3.1547619047619051 0.95000000000000007 46.19984765082642 48.42564079404891 36.642833333333343 1.4862016475060431 0.5277777777777779 0.3151526595041636 49.412301233342511 18.577745966030637
decision_type=2 2 2 2 2 2 2 2 2 2 2 2 2 2
left_child=2 3 6 9 11 13 10 -7 -5 -2 -1 -3 -6 -4
right_child=1 4 5 8 12 7 -8 -9 -10 -11 -12 -13 -14 -15
leaf_value=-0.0022979032222344119 0.00023231968106466604 0.0015301721107809855 -0.001658381569133035 0.0025389477002467748 0.0022807214685762116 -0.00022881741072788828 0.00066735139267130026 0.0015766594621281927 0.00022246705186055357 0.0016257203113624118 -0.001465012265385367 0.0028732056363140026 0.0042006820038452929 -0.00060448125244081611
leaf_weight=3300.8586242198944 3503.4714246094227 1521.3100993037224 1579.1415705680847 1479.9574146270752 405.82236343622208 6108.3094573020935 341.28627586364746 520.63051116466522 357.79317408800125 998.20077419281006 6077.8518107235432 1576.2953240871429 1149.8624416291714 2136.1201905608177
leaf_count=4929 5187 2182 2303 2122 602 9119 521 799 549 1671 9168 2501 1732 3243
internal_value=-5.72724e-05 0.00172697 -0.00103539 0.000995532 0.00272044 -0.000434819 -0.00167328 -8.50762e-05 0.00209412 0.000544097 -0.00175964 0.00221825 0.00370982 -0.00105577
internal_weight=31056.9 10992.7 20064.2 6339.42 4653.29 10344.2 9720 6628.94 1837.75 4501.67 9378.71 3097.61 1555.68 3715.26
internal_count=46628 16546 30082 9529 7017 15464 14618 9918 2671 6858 14097 4683 2334 5546
is_linear=0
shrinkage=0.02


Tree=64
num_leaves=15
num_cat=0
split_feature=44 44 44 44 16 16 16 46 47 14 53 16 5 14
split_gain=140.369 34.1852 11.5162 7.79941 5.45319 5.35797 5.31123 4.21841 3.80519 3.24789 2.62685 2.53352 1.87266 1.46737
threshold=1.8522355094256475 1.1423220244147403 3.3483557382899236 0.63564110458952894 5.7225000000000019 4.4775000000000018 9.6633333333333358 0.81666666666666676 2.6351412898745719 9.5000000000000018 0.24999999999999997 9.1225000000000005 37.98764358174494 11.500000000000002
decision_type=2 2 2 2 2 2 2 2 2 2 2 2 2 2
left_child=1 3 6 7 -5 12 8 -1 -2 -8 -4 -7 -3 -12
right_child=2 5 10 4 -6 11 9 -9 -10 -11 13 -13 -14 -15
leaf_value=-0.0023075931650139961 0.0002094384079363048 -0.0023075626804202405 0.0022267288593658362 -0.001767024885116949 -0.00077417922898717335 -0.00015229666139720749 0.0027739760218445692 0.0001920676442611981 0.0029022402500093391 0.0017932092186890437 0.0055197130262582385 0.00056068818724153233 -0.00040304607411509059 0.0025973407396633658
leaf_weight=4122.9805345237255 968.6706131696701 432.76225104928017 180.63248765468597 3464.1334251463413 6316.2902252972126 3269.9270538985729 2722.7126122117043 280.79940617084503 269.7321349978447 2913.6325810551643 559.42710494995117 5030.8801310062408 423.81786614656448 100.51302909851074
leaf_count=6084 1513 667 306 5237 9387 4930 4233 510 388 4275 793 7515 651 139
internal_value=-5.60735e-05 -0.000829435 0.00228193 -0.00144441 -0.00112715 0.000122138 0.00200801 -0.00214592 0.000807744 0.00226957 0.00450033 0.000278649 -0.00138003 0.00509892
internal_weight=31056.9 23341.6 7715.32 14184.2 9780.42 9157.39 6874.75 4403.78 1238.4 5636.35 840.573 8300.81 856.58 659.94
internal_count=46628 34981 11647 21218 14624 13763 10409 6594 1901 8508 1238 12445 1318 932
is_linear=0
shrinkage=0.02


Tree=65
num_leaves=15
num_cat=0
split_feature=5 1 3 45 13 4 45 51 6 13 13 45 51 45
split_gain=120.453 29.3539 13.5046 11.3852 7.33174 6.5996 6.58536 4.23578 3.47296 3.43067 2.90003 2.83127 1.97549 1.95594
threshold=45.66609705232964 23.964500000000005 49.701039733564834 1.9000000000000001 1.0000000180025095e-35 37.151178213025311 3.1000000000000005 1.1936853369690785 6.5000000000000009 2.4351821110690635 0.063119205751047666 2.1000000000000005 0.99399409267018812 0.29166666666666669
decision_type=2 2 2 2 2 2 2 2 2 2 2 2 2 2
left_child=1 5 6 4 -3 13 8 -5 -2 -7 11 -4 -8 -1
right_child=2 3 10 7 -6 9 12 -9 -10 -11 -12 -13 -14 -15
leaf_value=-0.0024234428554493221 0.0014877569561118267 -0.0010259191336669219 0 0.002313618161392853 0.0002113719167927168 -0.00092129543067264569 0.0047270668129998049 0.00041528695538589524 -0.00060529276914934795 0.0017243803878644937 0.0041556960294762656 0.0030896432554067682 0.0025801485547463031 -0.0015989585132824048
leaf_weight=1557.6336704194546 5949.9862728118896 3046.7801673412323 140.34052723646164 1053.6562332510948 5129.5201717019081 4379.2553364038467 247.52347004413605 876.26601606607437 326.90374854207039 200.92135483026505 1169.2275075316429 602.8526451587677 779.11577540636063 5450.906718313694
leaf_count=2322 8851 4336 211 1580 7919 6520 364 1330 465 341 1967 901 1133 8196
internal_value=0.000103088 -0.000710294 0.00201867 7.65689e-05 -0.000248602 -0.00139725 0.00162356 0.00145819 0.001377 -0.000802352 0.00351909 0.00249567 0.00311568 -0.00178426
internal_weight=30910.9 21694.9 9215.95 10106.2 8176.3 11588.7 7303.53 1929.92 6276.89 4580.18 1912.42 743.193 1026.64 7008.54
internal_count=46436 32544 13892 15165 12255 17379 10813 2910 9316 6861 3079 1112 1497 10518
is_linear=0
shrinkage=0.02


Tree=66
num_leaves=15
num_cat=0
split_feature=47 4 1 47 1 14 47 5 45 47 1 2 14 53
split_gain=126.998 29.3808 12.31 11.68 7.12978 4.94718 4.25114 4.13431 3.10937 2.62315 2.20681 2.24987 2.10952 1.92135
threshold=1.8509204893405535 41.471500635239636 20.78583333333334 2.6606855893392933 24.462333333333337 11.500000000000002 0.86629586077286003 45.868602010846097 4.6750000000000007 0.60167803485701554 22.009000000000004 21.764166666666672 10.500000000000002 0.55000000000000016
decision_type=2 2 2 2 2 2 2 2 2 2 2 2 2 2
left_child=1 2 9 10 7 -6 -4 -3 12 -1 13 -12 -5 -2
right_child=3 4 6 8 5 -7 -8 -9 -10 -11 11 -13 -14 -15
leaf_value=-0.0022516318888196082 -0.0012431773543159241 -0.0007823149337117416 -0.0012234943474860704 0.0034249601314970848 0.001220613123168623 -0.00064028540544411371 -0.00030564134999462085 0.00073963869317234508 0.0059348795436263866 -0.0014409052395628027 0.0053634981575662877 0.0017091051954506874 0.0022018885281123489 0.0017774898837553781
leaf_weight=2959.5268395543098 188.51534256339073 2341.9822083115578 3279.4222293794155 2077.5872595310211 3503.3784641623497 673.87444376945496 5355.6286187171936 1019.1252583861351 168.96580058336258 3779.9755031764507 69.634889364242554 4468.3099907636642 876.50989156961441 148.45287522673607
leaf_count=4387 293 3515 4944 3214 5287 960 8051 1522 234 5700 101 6753 1265 210
internal_value=0.000101059 -0.000656016 -0.00115761 0.00227083 0.000365697 0.000917857 -0.000655584 -0.000317703 0.00322923 -0.00179897 0.00165372 0.00176972 0.00306718 6.07258e-05
internal_weight=30910.9 22912.9 15374.6 7997.98 7538.36 4177.25 8635.05 3361.11 3123.06 6739.5 4874.91 4537.94 2954.1 336.968
internal_count=46436 34366 23082 12070 11284 6247 12995 5037 4713 10087 7357 6854 4479 503
is_linear=0
shrinkage=0.02


Tree=67
num_leaves=15
num_cat=0
split_feature=44 44 44 5 13 1 5 34 3 44 44 24 5 18
split_gain=131.76 25.1321 18.4007 6.87776 6.11236 4.74725 4.61189 4.01354 3.34846 3.17153 2.81627 1.94227 1.76128 1.70364
threshold=1.4710983514086249 2.6890047649494222 0.93296501865109693 40.980579167567377 2.2727709370360674 15.725166666666667 45.868602010846097 1.1652870256943313 40.168259751833538 4.1453288024321759 2.0099588855437154 0.53247095637483521 31.18471660265573 2.1183356960170481
decision_type=2 2 2 2 2 2 2 2 2 2 2 2 2 2
left_child=2 3 6 10 8 -5 7 -1 -4 13 -2 -8 -6 -3
right_child=1 9 4 5 12 -7 11 -9 -10 -11 -12 -13 -14 -15
leaf_value=-0.0016730681350440857 -0.00017887955144022346 0.00097508819072707632 -0.00075595002340286864 -0.0027626077002152398 -0.00076485052679705267 0.0016051109740074353 -0.0006739731421936822 0.00027013149347533027 4.5829961143953134e-05 0.0064682300388564087 0.0018189483025393466 0.0024966763168900994 0.0020310053464708956 0.0034013595176960567
leaf_weight=9336.9865874052048 1548.3216789662838 135.83544105291367 4866.4002486765385 97.568921685218811 100.68823271989822 6988.9923335313797 146.58431166410446 435.68801474571228 3602.6863063871861 139.12167784571648 341.72800481319427 151.94807291030884 555.07965558767319 2463.2601270675659
leaf_count=13858 2383 245 7185 153 177 10495 231 675 5425 180 540 235 908 3746
internal_value=9.90561e-05 0.00177067 -0.000920639 0.00125678 -0.000268677 0.0015428 -0.00151018 -0.00158538 -0.000413768 0.00344952 0.000178591 0.000912436 0.0015855 0.00327925
internal_weight=30910.9 11714.8 19196.1 8976.61 9124.85 7086.56 10071.2 9772.67 8469.09 2738.22 1890.05 298.532 655.768 2599.1
internal_count=46436 17742 28694 13571 13695 10648 14999 14533 12610 4171 2923 466 1085 3991
is_linear=0
shrinkage=0.02


Tree=68
num_leaves=15
num_cat=0
split_feature=44 44 44 44 14 4 34 6 1 17 44 51 51 17
split_gain=126.548 24.1425 17.6814 6.58076 5.11924 4.26452 5.06585 3.95504 3.71672 3.51739 3.04607 3.03209 2.80937 2.26826
threshold=1.4710983514086249 2.6890047649494222 0.92054319681724317 1.9429409826734232 8.5000000000000018 38.12270361991618 0.52175211800278332 6.5000000000000009 26.863166666666668 1.3598091243607808 4.1453288024321759 1.6799351448761135 0.78301941444726109 2.1112318516193924
decision_type=2 2 2 2 2 2 2 2 2 2 2 2 2 2
left_child=2 3 5 7 8 6 -1 -2 -4 -5 13 -7 -6 -3
right_child=1 10 4 9 12 11 -8 -9 -10 -11 -12 -13 -14 -15
leaf_value=-0.002123543933406549 0.00084629063329347656 0.00054193414299753991 -0.00019766536578453748 -0.0021229492850451345 -0.00010859145103207732 -0.0010417014866834372 -0.00094899430310897909 -0.0017389841064479588 0.0015003410453533587 0.0018795110689595761 0.0063406987741342893 0.0012099682968346544 -0.000897367466056109 0.0033504815495158748
leaf_weight=4828.5725455582142 4421.1726013720036 130.52532139420509 1078.5046273171902 85.772048860788345 3448.9319699108601 2574.0034557878971 2171.1027497649193 245.88528561592102 970.01208302378654 4223.7810031473637 139.12167784571648 258.04732784628868 3866.8866708874702 2468.5702467262745
leaf_count=7232 6761 232 1697 150 5079 3767 3197 359 1505 6301 180 441 5776 3759
internal_value=9.71039e-05 0.00173533 -0.000902214 0.00123163 -0.000278848 -0.00149475 -0.00176103 0.000707256 0.000602176 0.00179658 0.00338084 -0.000832299 -0.000527009 0.00321381
internal_weight=30910.9 11714.8 19196.1 8976.61 9364.34 9831.73 6999.68 4667.06 2048.52 4309.55 2738.22 2832.05 7315.82 2599.1
internal_count=46436 17742 28694 13571 14057 14637 10429 7120 3202 6451 4171 4208 10855 3991
is_linear=0
shrinkage=0.02


Tree=69
num_leaves=15
num_cat=0
split_feature=47 16 46 47 5 16 13 16 14 45 13 33 3 8
split_gain=112.905 29.5639 10.5352 10.3501 6.67592 4.85145 4.56341 3.38594 3.00464 3.28781 2.83388 2.15935 2.05092 2.01816
threshold=1.8509204893405535 9.1225000000000005 1.0500000000000003 2.6606855893392933 45.66609705232964 2.2450000000000014 2.4555399228720467 12.063333333333334 10.500000000000002 4.6750000000000007 1.0000000180025095e-35 0.8500000000000002 49.994939107908401 3.5000000000000004
decision_type=2 2 2 2 2 2 2 2 2 2 2 2 2 2
left_child=1 2 5 7 10 -1 -4 13 9 -5 -3 -6 -9 -2
right_child=3 4 6 8 11 -7 -8 12 -10 -11 -12 -13 -14 -15
leaf_value=-0.0029184088237452677 0.0003053766467136375 -0.00057002032282293458 -0.00052338743151243347 0.0032388693483018523 0.0015714796672079215 -0.0013857167262851533 0.0023247657208277737 0.0018954997355552095 0.0020425432149574715 0.0065698514251514685 0.00032430271213894579 1.6812518865942634e-05 0.0051438511900563115 0.0016091216477730338
leaf_weight=926.04501819610596 1065.5738373696804 2275.9097557365894 4488.3166307806969 2077.5872595310211 1804.4801613390446 8975.5226902663708 233.89285543560982 2834.7565533220768 912.3512254357338 133.12446671724319 3746.9194971323013 461.82695657014847 82.732257068157196 891.8504501581192
leaf_count=1403 1597 3204 6713 3214 2725 13481 404 4233 1314 185 5759 677 162 1365
internal_value=9.51573e-05 -0.000618659 -0.00115963 0.00214102 0.000334571 -0.00153063 -0.000379276 0.00155985 0.00304341 0.00344973 -1.20618e-05 0.00125937 0.0019945 0.000905534
internal_weight=30910.9 22912.9 14623.8 7997.98 8289.14 9901.57 4722.21 4874.91 3123.06 2210.71 6022.83 2266.31 2917.49 1957.42
internal_count=46436 34366 22001 12070 12365 14884 7117 7357 4713 3399 8963 3402 4395 2962
is_linear=0
shrinkage=0.02


Tree=70
num_leaves=15
num_cat=0
split_feature=44 44 44 16 0 13 1 44 46 13 12 13 1 0
split_gain=122.358 19.8323 17.2511 7.19814 5.75402 4.83499 5.48111 4.73511 4.32919 4.24297 3.50011 3.10276 2.84241 2.76409
threshold=1.5892691597677475 1.1563730726155994 2.3647246130443684 7.4200000000000017 26.278829435746804 1.0000000180025095e-35 21.501000000000005 3.7185999048324474 2.2928571428571431 0.71971139211584856 18.731303174030351 1.9024647109500992 32.576166666666673 26.757969679597796
decision_type=2 2 2 2 2 2 2 2 2 2 2 2 2 2
left_child=1 3 5 11 8 10 -7 -6 -4 -5 -2 -1 -3 -14
right_child=2 12 4 9 7 6 -8 -9 -10 -11 -12 -13 13 -15
leaf_value=-0.0018109266257912934 -0.00047674528984498942 -0.00016134597604121445 -0.0026059493559363474 -0.0012016518204395399 0.0026937814525130506 -0.00077888535311016166 0.0017899728208088897 0.0050769034088749432 0.0019574119751994525 -8.9629895914271636e-05 0.0010627286003232202 -0.00066693111134132814 0.0048075119107727415 0.00067827118682053033
leaf_weight=7645.2425331771374 1091.7385363280773 5282.7720239460468 130.91624590754509 3395.5458042025566 3699.9225839972496 364.21324169635773 3171.3482615947723 380.62357711791992 218.60353836417198 2337.5459966957569 1269.1723644435406 1119.4416134953499 68.506587892770767 1044.5719454586506
leaf_count=11255 1584 7892 255 4915 5474 604 4989 513 376 3679 1791 1829 131 1524
internal_value=-1.49938e-05 -0.000895534 0.00176546 -0.00130477 0.00270983 0.00105357 0.00152223 0.0029209 0.000214608 -0.000750182 0.000346808 -0.00166614 3.06578e-05 0.000949548
internal_weight=31220.2 20893.6 10326.5 14497.8 4430.07 5896.47 3535.56 4080.55 349.52 5733.09 2360.91 8764.68 6395.85 1113.08
internal_count=46811 31225 15586 21678 6618 8968 5593 5987 631 8594 3375 13084 9547 1655
is_linear=0
shrinkage=0.02


Tree=71
num_leaves=15
num_cat=0
split_feature=47 47 47 18 14 5 4 1 45 4 18 2 13 6
split_gain=111.825 21.6144 10.3328 8.81314 5.80891 4.01453 3.85994 3.80213 3.34031 3.28905 2.58561 2.53073 2.31208 2.15073
threshold=1.7940540327589505 1.2889286307213585 2.428645416826912 1.493304204968031 11.500000000000002 46.24423626986971 48.470979858859188 32.576166666666673 4.6750000000000007 43.192160037916189 2.9808217827383374 25.056333333333335 0.9120470010402989 6.5000000000000009
decision_type=2 2 2 2 2 2 2 2 2 2 2 2 2 2
left_child=1 3 6 5 8 -1 11 10 -4 -5 -3 -2 -9 -8
right_child=2 7 4 9 -6 -7 13 12 -10 -11 -12 -13 -14 -15
leaf_value=-0.0015427777208368873 -0.00055596684811688268 -3.3132192841000025e-05 0.0028089418174233089 -0.00084286492678784268 0.00089337576583806881 0.0015085685025223506 0.0021158614540088818 0.00057275005277856767 0.0059558747094086689 0.00011392463520825907 0.0036621848420028448 0.0010338897286475989 0.002357730319621134 -0.0012450611574352467
leaf_weight=9892.7567648887634 488.51489081978798 4505.9388647675514 3494.6893831193447 4728.3987488746643 673.1888767182827 170.70811638236046 1639.0717392861843 776.34278550744057 146.66250285506248 2038.7779528796673 74.991223216056824 2031.2833608686924 484.04021212458611 74.799432009458542
leaf_count=14838 737 6767 5314 7079 949 261 2453 1131 203 3045 104 3071 751 108
internal_value=-1.46807e-05 -0.000749985 0.00193408 -0.00111388 0.00262493 -0.00148973 0.00122676 0.000296809 0.00294164 -0.000553183 2.6751e-05 0.000721501 0.00126883 0.00196207
internal_weight=31220.2 22672 8548.21 16830.6 4314.54 10063.5 4233.67 5841.31 3641.35 6767.18 4580.93 2519.8 1260.38 1713.87
internal_count=46811 33976 12835 25223 6466 15099 6369 8753 5517 10124 6871 3808 1882 2561
is_linear=0
shrinkage=0.02


Tree=72
num_leaves=15
num_cat=0
split_feature=44 44 44 2 13 1 16 44 13 13 12 12 0 51
split_gain=113.174 21.211 14.0036 6.8617 6.33506 5.92293 5.28107 4.03989 3.63598 3.20069 3.02619 2.50307 2.14199 1.92013
threshold=1.4533159612080488 2.3647246130443684 0.77740072405872451 24.262444444444451 1.0000000180025095e-35 21.404666666666675 4.9450000000000012 3.7185999048324474 2.0326177543191855 1.9344858420268258 18.8302617628467 18.698515773512984 15.563214995714118 0.59740551420297539
decision_type=2 2 2 2 2 2 2 2 2 2 2 2 2 2
left_child=2 4 9 -3 10 -6 12 -5 -8 13 -2 -11 -4 -1
right_child=1 3 6 7 5 -7 8 -9 -10 11 -12 -13 -14 -15
leaf_value=-0.0020886591621678934 -0.00045975173631324231 -0.0011844729837432694 -0.0001145184392158169 0.0025656810107772855 -0.00061134634102115513 0.0016003760691826524 -0.00047022744311536058 0.0047426447861432562 0.00080316086057826449 -0.0014020604771815975 0.00080211976342259544 0.00076851319630932618 -0.0016823973941280013 -0.0013444109096966508
leaf_weight=4043.2854641973972 1557.4718511104584 178.40125462412834 442.76454573869705 3861.663044065237 542.65551888942719 4012.7806580364704 8635.1229091882706 390.00164669752121 993.85414302349091 514.99747109413147 1474.0712655186653 352.9122828245163 1927.1173369884491 2293.065462321043
leaf_count=5886 2241 305 679 5779 878 6305 12750 534 1629 829 2076 601 2920 3399
internal_value=-1.43271e-05 0.00150741 -0.000967185 0.0026079 0.000862988 0.00133456 -0.000547299 0.00276986 -0.000337617 -0.00166478 0.000150654 -0.000508222 -0.00139403 -0.00182141
internal_weight=31220.2 12017 19203.1 4430.07 7586.98 4555.44 11998.9 4251.66 9628.98 7204.26 3031.54 867.91 2369.88 6336.35
internal_count=46811 18118 28693 6618 11500 7183 17978 6313 14379 10715 4317 1430 3599 9285
is_linear=0
shrinkage=0.02


Tree=73
num_leaves=15
num_cat=0
split_feature=46 47 16 16 14 0 5 47 18 1 6 18 22 53
split_gain=104.842 16.7719 16.1036 8.077 5.57314 5.06298 4.76965 4.15694 3.14676 2.75211 2.15425 2.13252 2.02849 1.87218
threshold=1.5277777777777779 2.428645416826912 7.4200000000000017 16.110000000000007 11.500000000000002 34.246127853155286 41.060928416323286 0.77859582534752214 3.2919334101230815 20.578833333333339 5.5000000000000009 2.8841065148671361 -0.46272223189977607 0.45000000000000007
decision_type=2 2 2 2 2 2 2 2 2 2 2 2 2 2
left_child=2 3 6 11 8 7 9 -4 -3 -1 -5 -2 -7 -6
right_child=1 4 5 10 13 12 -8 -9 -10 -11 -12 -13 -14 -15
leaf_value=-0.0018579170531380889 0.00038043530405947929 0.0026239851026041523 -0.0010666164536094938 0.002361420651330254 -0.00069089631279957116 0.0041883113925121661 -0.00044560202209231389 -0.00010582985861175565 0.0046085560497034538 -0.0011054158407940622 -0.00078086144235743008 0.0015901393870778621 0.00089788450189737224 0.0015474942662648244
leaf_weight=5794.8005409836769 4517.7974070310593 3266.319434762001 2476.4562758505344 1485.7793005108833 212.10942554473877 120.29112848639488 1744.8733007013798 6701.9456953108311 375.03245121240616 3073.7632362544537 86.817495822906494 677.46913945674896 225.63057121634483 461.07945117354393
leaf_count=8664 6830 4988 3688 2232 327 164 2670 10039 529 4639 126 988 305 622
internal_value=-1.40509e-05 0.00154777 -0.000874134 0.000923779 0.00252338 -0.000275706 -0.00141006 -0.000366328 0.00283354 -0.00159854 0.00218082 0.000540658 0.00208834 0.000827451
internal_weight=31220.2 11082.4 20137.8 6767.86 4314.54 9524.32 10613.4 9178.4 3641.35 8868.56 1572.6 5195.27 345.922 673.189
internal_count=46811 16642 30169 10176 6466 14196 15973 13727 5517 13303 2358 7818 469 949
is_linear=0
shrinkage=0.02


Tree=74
num_leaves=15
num_cat=0
split_feature=44 44 44 2 44 6 44 15 5 31 33 15 33 24
split_gain=104.869 17.3835 14.8069 6.49278 5.47083 4.23226 3.83242 3.16134 2.97814 2.34687 2.2127 2.22746 1.80281 1.57292
threshold=1.5892691597677475 1.1563730726155994 2.3647246130443684 24.262444444444451 0.77740072405872451 6.5000000000000009 3.7185999048324474 14.795035415557559 44.701847399809829 1.4480358184864797 -0.54999999999999993 12.908431130703576 0.45000000000000007 0.99980105643975958
decision_type=2 2 2 2 2 2 2 2 2 2 2 2 2 2
left_child=1 4 5 13 8 7 -5 -2 -1 -6 -3 -12 -7 -4
right_child=2 10 3 6 9 12 -8 -9 -10 -11 11 -13 -14 -15
leaf_value=-0.0016859735823845801 0.00080191722954539818 0.0017775749727471063 -0.0027569933845157176 0.0024682106820173902 -0.0009572369189603079 3.9169336875008443e-05 0.004588845618652612 0.0018747251274907309 0.00040067260110643858 0.00012545567407513359 -0.0002083885421064905 0.0008297438267469377 -0.0029831983463426029 0.00094911015120721057
leaf_weight=6928.1228267848492 4045.2784486413002 277.96771621704102 104.77918738126755 3861.663044065237 6396.930425465107 167.62013474106789 390.00164669752121 1546.3968750536442 276.13785365223885 896.5848416686058 5135.6718876063824 982.2109534740448 137.17694562673569 73.622067242860794
leaf_count=10273 6233 404 184 5779 9621 246 534 2292 442 1342 7735 1408 197 121
internal_value=-1.37416e-05 -0.000828951 0.00163454 0.00250956 -0.0012121 0.000974804 0.00266715 0.00110096 -0.00160452 -0.000822774 3.80869e-05 -3.98682e-05 -0.00129906 -0.00117857
internal_weight=31220.2 20893.6 10326.5 4430.07 14497.8 5896.47 4251.66 5591.68 7204.26 7293.52 6395.85 6117.88 304.797 178.401
internal_count=46811 31225 15586 6618 21678 8968 6313 8525 10715 10963 9547 9143 443 305
is_linear=0
shrinkage=0.02


Tree=75
num_leaves=15
num_cat=0
split_feature=44 44 44 44 16 16 1 16 13 19 50 52 13 44
split_gain=91.3117 22.1946 12.9775 5.09951 5.0036 4.52973 3.8763 3.8146 3.48214 3.12666 2.90998 2.36742 2.08053 1.33122
threshold=1.4356133159783033 2.1219732435566843 0.92054319681724317 3.6009515540321604 5.7225000000000019 4.4100000000000028 19.607333333333337 4.8225000000000025 2.117786268343933 3.0810629760021295 -0.25304061009524664 1.4500000000000002 2.5501507561762131 1.289339127546733
decision_type=2 2 2 2 2 2 2 2 2 2 2 2 2 2
left_child=2 5 4 6 12 -2 -3 13 -7 -6 -9 -5 -1 -4
right_child=1 3 7 11 9 8 -8 10 -10 -11 -12 -13 -14 -15
leaf_value=-0.001954668491075466 -0.0016437127303013306 -0.0013308843880125573 -0.0015471507289071254 0.0015294898267497836 -0.0011086946510055155 0.00049937839228999495 0.0021088412348442519 0.00082706722508277004 0.0023328062484954471 0.00059558269511070694 -0.0003083302783326429 0.0048710574064769205 0 -1.5291014262298258e-05
leaf_weight=4510.668280929327 364.90711665153503 129.5422565639019 1207.7895157337189 122.61709344387054 4734.505347430706 5556.3900046050549 5234.7000076174736 1047.4628459811211 450.45899286866188 464.45607933402061 6351.3819206655025 400.51117384433746 233.11701083183289 295.67343509197235
leaf_count=6664 588 214 1839 194 7041 8323 7862 1559 774 688 9529 545 407 448
internal_value=-1.63244e-05 0.00132677 -0.000890616 0.00221239 -0.00138749 0.000506475 0.00202345 -0.00033436 0.000639264 -0.000954348 -0.00014606 0.00411567 -0.00185949 -0.00125296
internal_weight=31104.2 12259.1 18845.1 5887.37 9942.75 6371.76 5364.24 8902.31 6006.85 5198.96 7398.84 523.128 4743.79 1503.46
internal_count=46675 18500 28175 8815 14800 9685 8076 13375 9097 7729 11088 739 7071 2287
is_linear=0
shrinkage=0.02


Tree=76
num_leaves=15
num_cat=0
split_feature=47 15 15 4 15 13 15 47 47 50 19 13 52 14
split_gain=81.32 25.0219 10.135 8.52875 4.96135 4.0402 3.73112 3.73044 3.69402 2.97557 2.85474 2.50669 2.27721 2.0118
threshold=1.8233166986807026 8.0037965109035802 15.99009934012865 41.569323072992979 13.179256816050719 1.9635934833703603 5.8138526987927373 2.6351412898745719 3.2620429656726952 -0.37169670137759819 1.8491709579145132 2.7393326592517702 3.4500000000000006 11.500000000000002
decision_type=2 2 2 2 2 2 2 2 2 2 2 2 2 2
left_child=1 3 7 6 10 -5 -1 11 12 -6 -3 -2 -4 -10
right_child=2 4 8 5 9 -7 -8 -9 13 -11 -12 -13 -14 -15
leaf_value=-0.0017997579049147114 0.00068282358104237138 -0.00023206190309715173 0.0019746578686359135 -0.00044941760195252279 0.0032140647264886596 0.0020225680107101391 -0.0010387550465246725 0.0019709073902332546 0.0040314395261416202 0.00074291244641780363 0.00098387803855287995 0.0037997554072561933 0.0052013099595800624 0.00111803804599557
leaf_weight=5734.6970772147179 3561.557669699192 6800.1984916627407 2141.8776412606239 2219.6301855742931 221.59384894371033 297.56544530391693 4869.6369942426682 1499.928005695343 793.54255804419518 1774.5764799714088 867.65687724947929 106.11153677105904 94.580817103385925 121.02745285630226
leaf_count=8703 5371 10135 3161 3319 322 513 7236 2293 1175 2585 1358 207 127 170
internal_value=-1.59878e-05 -0.000634208 0.00167592 -0.001203 0.000137139 -0.000151853 -0.0014515 0.00112663 0.00257229 0.00102518 -9.29476e-05 0.000777748 0.00212011 0.00366009
internal_weight=31104.2 22785.6 8318.63 13121.5 9664.03 2517.2 10604.3 5167.6 3151.03 1996.17 7667.86 3667.67 2236.46 914.57
internal_count=46675 34171 12504 19771 14400 3832 15939 7871 4633 2907 11493 5578 3288 1345
is_linear=0
shrinkage=0.02


Tree=77
num_leaves=15
num_cat=0
split_feature=44 44 16 15 44 44 16 26 45 5 19 3 30 16
split_gain=84.6462 25.5706 10.6361 5.10622 4.74028 4.3808 3.64578 3.31644 3.20305 2.86653 2.54357 2.50971 2.50434 1.68535
threshold=1.3055232553441456 2.1219732435566843 5.4900000000000029 15.99009934012865 0.77124934524963562 3.3483557382899236 6.4400000000000022 1.1180555555555558 1.5500000000000003 31.563716037159661 3.0810629760021295 49.767365200442164 -0.15892013745247302 3.21
decision_type=2 2 2 2 2 2 2 2 2 2 2 2 2 2
left_child=2 6 9 8 10 -5 12 -6 -3 -1 -4 -8 -2 -11
right_child=1 3 4 5 7 -7 11 -9 -10 13 -12 -13 -14 -15
leaf_value=-0.0021389951272297175 0.00071657704159974625 -0.00081912766459806387 -0.0013549434881560056 0.0023052776403973559 -0.0004951588679082431 0.0042150776174683649 0.0005356567790673868 0.00062906733744207339 0.0017285940477488691 -0.0018853293480290804 0.00040135491544897837 0.0031217621206525697 -0.0010922249440054983 -0.00092173278700028122
leaf_weight=2680.6117388308048 439.66438689827919 205.39567929506302 3309.1029893755913 2185.2705616652966 5881.7702004611492 645.52289900183678 6777.692610681057 1268.7936663627625 2851.1813915073872 1137.1808934807777 356.01621782779694 153.47247862815857 964.64268487691879 2247.8626827001572
leaf_count=4013 689 361 4931 3222 8832 929 10128 1856 4303 1700 529 281 1510 3391
internal_value=-1.5588e-05 0.00112067 -0.000973519 0.00212989 -0.000595936 0.00274698 0.000406314 -0.000294158 0.0015537 -0.00164472 -0.00118149 0.000595246 -0.000518596 -0.00124932
internal_weight=31104.2 14222.8 16881.3 5887.37 10815.7 2830.79 8335.47 7150.56 3056.58 6065.66 3665.12 6931.17 1404.31 3385.04
internal_count=46675 21423 25252 8815 16148 4151 12608 10688 4664 9104 5460 10409 2199 5091
is_linear=0
shrinkage=0.02


Tree=78
num_leaves=15
num_cat=0
split_feature=44 44 44 15 16 44 16 16 13 51 13 50 13 2
split_gain=81.3384 19.7301 11.7242 4.90379 4.48032 4.20564 4.19478 3.39568 3.30239 3.15714 2.95688 2.79333 1.99646 1.53778
threshold=1.4356133159783033 2.1219732435566843 0.92054319681724317 15.99009934012865 5.7225000000000019 3.3483557382899236 4.4100000000000028 4.8225000000000025 2.117786268343933 0.66264283704645999 1.6168018731038123 -0.25304061009524664 2.5501507561762131 15.689226190476194
decision_type=2 2 2 2 2 2 2 2 2 2 2 2 2 2
left_child=2 6 4 9 12 -5 -2 13 -8 -3 -6 -9 -1 -4
right_child=1 3 7 5 10 -7 8 11 -10 -11 -12 -13 -14 -15
leaf_value=-0.0018527398431593763 -0.0015901466979175757 9.9795154967978556e-05 -3.4289367029548948e-05 0.0022592142568170874 -0.0011264349588092917 0.004131036426545027 0.00047039586711677885 0.00081952414569209757 0.0022558556160581916 0.0018172606536624959 0.00010454427524506671 -0.00029294348150545708 2.9805905020226903e-06 -0.0015447332699166825
leaf_weight=4510.668280929327 364.90711665153503 530.74041080474854 371.81563317775726 2185.2705616652966 4261.7208048403263 645.52289900183678 5556.3900046050549 1047.4628459811211 450.45899286866188 2525.8366599977016 937.24062192440033 6351.3819206655025 233.11701083183289 1131.647317647934
leaf_count=6664 588 875 559 3222 6235 929 8323 1559 774 3789 1494 9529 407 1728
internal_value=-1.5257e-05 0.00125235 -0.000840441 0.00208738 -0.00131272 0.0026922 0.000478821 -0.000311661 0.00060666 0.00152257 -0.000902643 -0.00013392 -0.00175948 -0.00117838
internal_weight=31104.2 12259.1 18845.1 5887.37 9942.75 2830.79 6371.76 8902.31 6006.85 3056.58 5198.96 7398.84 4743.79 1503.46
internal_count=46675 18500 28175 8815 14800 4151 9685 13375 9097 4664 7729 11088 7071 2287
is_linear=0
shrinkage=0.02


Tree=79
num_leaves=15
num_cat=0
split_feature=3 16 3 46 52 24 16 46 1 3 26 46 12 20
split_gain=69.9524 17.002 15.5185 5.97992 4.98963 4.70191 3.92315 3.53389 3.41096 3.36123 2.61027 2.30397 2.0697 1.82343
threshold=44.100210661322954 7.2600000000000025 49.32165634515718 1.2111111111111115 1.5500000000000003 0.84631426172907975 4.0100000000000025 3.2111111111111117 27.88816666666667 37.713042825389287 1.1180555555555558 1.5277777777777779 18.16595900812737 0.055092078473052163
decision_type=2 2 2 2 2 2 2 2 2 2 2 2 2 2
left_child=1 6 4 10 8 -6 11 13 -2 -8 -3 -1 -5 -4
right_child=2 3 7 12 5 -7 9 -9 -10 -11 -12 -13 -14 -15
leaf_value=-0.0019317796612356116 -0.00027362089730609718 -0.00071263326699795234 0.0024583430531979877 -0.00025313308599258621 0.00047570525762647 0.0019581868376941968 -0.0012892628733940934 0.0035742952867791511 0.00086851328931732662 -0.00031881894793286389 0.00042279442328989401 0.00016292129949389551 0.00075323765256239423 0.001204482583935261
leaf_weight=3438.8111546039581 1966.646919220686 4891.7914591431618 1466.1192889809608 1113.392304867506 1479.2696006298065 2104.4038256108761 4589.5706401765347 875.2638957798481 2207.4202517569065 2118.4839862883091 957.42707833647728 214.05128780007362 2936.398493885994 745.1308945119381
leaf_count=5168 3053 7278 2353 1658 2207 2947 6782 1326 3440 3257 1375 316 4383 1132
internal_value=-1.49191e-05 -0.000709131 0.00128102 -0.000115227 0.000801525 0.00134964 -0.00127546 0.00248166 0.000328119 -0.000984462 -0.000524991 -0.00180628 0.000474104 0.00204181
internal_weight=31104.2 20259.9 10844.3 9899.01 7757.74 3583.67 10360.9 3086.51 4174.07 6708.05 5849.22 3652.86 4049.79 2211.25
internal_count=46675 30217 16458 14694 11647 5154 15523 4811 6493 10039 8653 5484 6041 3485
is_linear=0
shrinkage=0.02


Tree=80
num_leaves=15
num_cat=0
split_feature=44 44 16 13 13 16 16 44 47 13 13 46 1 1
split_gain=73.6355 17.1463 6.28867 5.61107 4.21835 4.14939 3.67037 3.49325 3.48313 2.62808 2.58153 2.34274 2.09053 1.87351
threshold=1.8229112193460295 1.0559463931665924 15.100000000000003 1.9024647109500992 2.117786268343933 3.6499999999999999 9.1225000000000005 3.7185999048324474 2.6351412898745719 0.063119205751047666 1.1658342467118381 1.3875000000000002 23.251333333333339 21.914000000000005
decision_type=2 2 2 2 2 2 2 2 2 2 2 2 2 2
left_child=1 3 8 5 6 -1 -3 9 11 -4 -10 -2 -5 -6
right_child=2 4 7 12 13 -7 -8 -9 10 -11 -12 -13 -14 -15
leaf_value=-0.0020242175003999763 -0.0017054776377289727 -0.00051011245762409385 0.001384919127833122 -0.00051382237851933061 -0.00031720128460763718 -0.0010322469020738142 0.00027256562978683434 0.0043045477984458708 0.0013470249138409617 0.0025124941197271315 0.0033185110781513844 0.0008460152404420121 0.00098687382051669851 0.0017953104439779341
leaf_weight=2122.8418156504631 147.90685498714447 4531.5128263831139 1462.5762411653996 982.84006795287132 207.97792753577232 8880.4421518445015 5068.648976624012 310.06619328260422 889.16785052418709 2115.3951050639153 401.58961960673332 2662.4372515678406 592.91811081767082 722.62424057722092
leaf_count=3130 273 6814 2085 1614 357 13068 7501 426 1298 3327 630 4009 962 1175
internal_value=5.29451e-06 -0.000566599 0.00166056 -0.00106501 2.78942e-05 -0.00122487 -9.58656e-05 0.00223946 0.00110849 0.0020554 0.00197233 0.000707058 4.50489e-05 0.0013128
internal_weight=31098.9 23109.8 7989.14 12579 10530.8 11003.3 9600.16 3888.04 4101.1 3577.97 1290.76 2810.34 1575.76 930.602
internal_count=46669 34621 12048 18774 15847 16198 14315 5838 6210 5412 1928 4282 2576 1532
is_linear=0
shrinkage=0.02


Tree=81
num_leaves=15
num_cat=0
split_feature=46 3 1 5 3 46 23 46 27 19 0 41 5 46
split_gain=65.9242 11.5751 11.3008 5.4169 4.29357 3.61474 2.93986 2.88428 2.82787 2.27085 2.2596 1.88977 1.7901 1.07457
threshold=1.5277777777777779 48.729402981623316 20.469000000000005 44.701847399809829 40.724490500856682 0.61250000000000016 0.50326374458594436 3.2111111111111117 0.43753566203771782 -3.8106788715810374 21.122284550878348 1.9026804594095481 47.875500239725987 1.7071428571428573
decision_type=2 2 2 2 2 2 2 2 2 2 2 2 2 2
left_child=2 6 4 5 11 -4 13 9 -8 -3 -5 -1 -6 -2
right_child=1 7 3 10 12 -7 8 -9 -10 -11 -12 -13 -14 -15
leaf_value=-0.0015540807610665312 0.00062308380122474754 0.0052788300232553221 -0.0012350831136629064 0.002673883590595544 -0.00059739387506472651 -0.00027554984348153417 -0.0004957646338902337 0.0029985956630304996 0.00097833401554725833 0.0016739963773371455 0.00044141789851777141 0.00031604679057962998 0.0014943038029558995 -0.0014769774937658587
leaf_weight=6187.3710342347622 132.4434035718441 72.846981734037399 1974.9702641069889 203.94243502616882 1697.493279248476 7893.3463498651981 561.53038945794106 1046.1416610777378 5771.9855417013168 3106.994598120451 1748.3801437616348 214.17833361029625 176.97401612997055 310.34680193662643
leaf_count=9119 207 97 2963 322 2701 11779 890 1579 8542 4802 2613 333 270 452
internal_value=5.21519e-06 0.00124992 -0.000675779 -0.00027777 -0.00124284 -0.000468808 0.000734984 0.0020725 0.000845947 0.00176299 0.000682239 -0.00148987 -0.000393199 -0.000826366
internal_weight=31098.9 11002.3 20096.7 11820.6 8276.02 9868.32 6776.31 4225.98 6333.52 3179.84 1952.32 6401.55 1874.47 442.79
internal_count=46669 16569 30100 17677 12423 14742 10091 6478 9432 4899 2935 9452 2971 659
is_linear=0
shrinkage=0.02


Tree=82
num_leaves=15
num_cat=0
split_feature=46 16 3 5 16 45 46 23 19 16 3 33 15 2
split_gain=63.3176 12.0588 11.1192 6.65645 4.92158 4.30641 2.76785 2.30196 2.18281 1.91248 1.80267 1.37242 1.12971 0.909166
threshold=1.5277777777777779 4.8225000000000025 48.729402981623316 47.466124579491712 11.440000000000003 2.6333333333333337 3.2111111111111117 0.49424430750203102 -3.8106788715810374 1.2600000000000009 46.035455606065476 1.1500000000000004 10.394850593921815 36.598833333333339
decision_type=2 2 2 2 2 2 2 2 2 2 2 2 2 2
left_child=1 9 5 4 -3 7 8 -2 -4 -1 -11 -7 -5 -8
right_child=2 3 6 12 -6 11 13 -9 -10 10 -12 -13 -14 -15
leaf_value=-0.002822058814143802 -0.001027544894997467 -0.00067849029353053681 0.0051760745012813551 0.0021772217580468766 0.00025493309634996961 0.001925048088475888 0.003265884402695133 0.00058497512387116371 0.0016405379741950442 -0.001447445046016372 0.00077669835347094352 -0.00076003053962772074 0.00070636718197839064 0.0017009138335717343
leaf_weight=414.88926324248314 374.47046226263046 11098.973544210196 72.846981734037399 318.89219164848328 2818.079254925251 1217.0396899580956 818.47129538655281 5110.1481268405914 3106.994598120451 4594.8584258556366 143.41852241754532 74.64785760641098 707.54465368390083 227.670365691185
leaf_count=628 555 16560 97 493 4168 1813 1233 7607 4802 6953 241 116 1057 346
internal_value=5.1377e-06 -0.000662251 0.00122499 -0.000373565 -0.000488752 0.000720253 0.00203124 0.000472721 0.00172788 -0.00149699 -0.00137772 0.00176121 0.0011764 0.00293874
internal_weight=31098.9 20096.7 11002.3 14943.5 13917.1 6776.31 4225.98 5484.62 3179.84 5153.17 4738.28 1291.69 1026.44 1046.14
internal_count=46669 30100 16569 22278 20728 10091 6478 8162 4899 7822 7194 1929 1550 1579
is_linear=0
shrinkage=0.02


Tree=83
num_leaves=15
num_cat=0
split_feature=44 44 14 13 44 13 16 1 16 36 1 16 1 2
split_gain=65.9357 15.4129 6.65967 5.37668 5.10155 4.04444 3.74925 3.60718 3.28946 1.98926 1.93879 1.9312 1.7465 1.38666
threshold=1.8229112193460295 1.0559463931665924 10.500000000000002 1.9024647109500992 3.7185999048324474 2.117786268343933 3.6499999999999999 21.212208333333336 9.1225000000000005 0.64583333333333337 23.251333333333339 14.567500000000003 21.914000000000005 32.707416666666674
decision_type=2 2 2 2 2 2 2 2 2 2 2 2 2 2
left_child=1 3 4 6 7 8 -1 -2 -3 -6 -5 -4 -7 -13
right_child=2 5 11 10 9 12 -8 -9 -10 -11 -12 13 -14 -15
leaf_value=-0.0019252104917385313 -0.00051037874884471033 -0.00048583636120914242 0.00012713071705395336 -0.00045975683425715372 0.0058466222180545762 -0.00028642984244211953 -0.00098191997273617128 0.0019281572988562019 0.00025507303474094344 0.0019527741763456807 0.00098477742639719928 0.0022428449938495148 0.00175148355659824 0.00076284101731700601
leaf_weight=2122.8418156504631 247.41788703203201 4531.5128263831139 1235.2017951011658 982.84006795287132 184.31016704440117 207.97792753577232 8880.4421518445015 5036.1336213350296 5068.648976624012 89.441852569580078 592.91811081767082 396.29659989476204 722.62424057722092 800.33719322085381
leaf_count=3130 391 6814 1784 1614 261 357 13068 7761 7501 122 962 567 1175 1162
internal_value=5.07542e-06 -0.000536076 0.00157143 -0.00100862 0.00195436 2.75202e-05 -0.00116513 0.00181192 -9.36414e-05 0.00463406 7.80062e-05 0.000691361 0.00128568 0.00126425
internal_weight=31098.9 23109.8 7989.14 12579 5557.3 10530.8 11003.3 5283.55 9600.16 273.752 1575.76 2431.84 930.602 1196.63
internal_count=46669 34621 12048 18774 8535 15847 16198 8152 14315 383 2576 3513 1532 1729
is_linear=0
shrinkage=0.02


Tree=84
num_leaves=15
num_cat=0
split_feature=4 1 13 21 16 13 16 16 13 15 6 37 1 15
split_gain=57.2941 18.0959 7.64561 5.95871 4.83761 4.66441 3.60666 3.14866 2.81539 2.76843 2.6041 1.84811 1.44006 0.786826
threshold=47.39816429976279 23.964500000000005 0.93915451966420094 1.004607691926817 9.8450000000000042 0.063119205751047666 4.8225000000000025 12.063333333333334 2.7792027348220318 21.228868208866555 6.5000000000000009 0.41923677513023067 19.718166666666672 10.693822303317095
decision_type=2 2 2 2 2 2 2 2 2 2 2 2 2 2
left_child=1 6 4 5 -3 9 12 -4 -8 -2 11 -5 -1 -7
right_child=3 2 7 10 -6 13 8 -9 -10 -11 -12 -13 -14 -15
leaf_value=-0.0016126768447072798 0.00052296630487317362 -0.00090376621791518955 0.00037305937470446068 0.00089680784538215491 0.00014760975834411679 0.0007635339687451962 -0.00080054917868859984 0.0015457674012666347 0.0018733096071338919 0.003145757457099337 -0.0006059834048141923 0.001649039486895338 -0.00070699551520103003 0.0033286694027536584
leaf_weight=4042.1561646461487 613.25325053930283 3157.3760907649994 2897.8641212582588 2860.7655045390129 3895.4313886165619 62.020460098981857 6874.6151215732098 1361.7179224491119 157.20182409882545 223.47974565625191 309.60199481248856 2575.4676143527031 907.70830821990967 1160.2857219576836
leaf_count=6121 897 4608 4542 4305 5693 141 10163 2131 286 337 436 3740 1372 1897
internal_value=5.00118e-06 -0.000491591 8.12924e-05 0.00148813 -0.000321772 0.00241568 -0.00103323 0.000750851 -0.000738836 0.00124123 0.00115328 0.0012555 -0.00144896 0.00320814
internal_weight=31098.9 23294.1 11312.4 7804.87 7052.81 2059.04 11981.7 4259.58 7031.82 836.733 5745.84 5436.23 4949.86 1222.31
internal_count=46669 34916 16974 11753 10301 3272 17942 6673 10449 1234 8481 8045 7493 2038
is_linear=0
shrinkage=0.02


Tree=85
num_leaves=15
num_cat=0
split_feature=44 44 44 13 51 17 13 18 1 13 44 6 34 13
split_gain=61.9263 15.2863 7.23002 4.23226 3.04108 2.98635 2.97444 2.65412 2.64958 2.5142 2.21508 2.08383 1.7328 1.02043
threshold=1.3055232553441456 2.0842548407718566 0.77740072405872451 0.022169094722521255 1.2510413064894899 1.9594605426867771 2.3980880891594576 1.1382351626663394 20.469000000000005 2.5501507561762131 0.39726106608913175 6.5000000000000009 0.50883465069936207 0.34586187214611913
decision_type=2 2 2 2 2 2 2 2 2 2 2 2 2 2
left_child=2 7 4 11 12 -5 8 13 -4 -9 -6 -3 -1 -2
right_child=1 3 6 5 10 -7 -8 9 -10 -11 -12 -13 -14 -15
leaf_value=-0.0017894840158237482 -1.7324252143473251e-05 0.001197003303037746 -0.0010905451050023851 0 0.0015610168589586405 0.0022723743800974272 0.00085470363463129473 0.00033540425575131669 -0.00035789442607275784 0.0022692436781740232 -0.00083627314974045366 -0.0010321718030802699 -0.00097390519305799999 -0.0033320998577196065
leaf_weight=4079.7006012201309 67.082030206918716 2362.4790813624859 2971.0161218047142 240.14148649573326 167.31314340233803 3353.2065308094025 592.75844347476959 7729.4934416413307 6091.0641291439533 279.02116960287094 1507.3113584816456 174.20674356818199 1497.6312249302864 102.96743026375771
leaf_count=6051 105 3329 4511 440 305 5211 989 11572 9028 498 2269 245 2150 187
internal_value=-4.9436e-05 0.000918467 -0.000869197 0.00167381 -0.0013472 0.00211815 -0.000508918 0.000350822 -0.000599386 0.000404578 -0.000589217 0.00103928 -0.0015727 -0.00209799
internal_weight=31215.4 14308.6 16906.8 6130.03 7251.96 3593.35 9654.84 8178.56 9062.08 8008.51 1674.62 2536.69 5577.33 170.049
internal_count=46890 21587 25303 9225 10775 5651 14528 12362 13539 12070 2574 3574 8201 292
is_linear=0
shrinkage=0.02


Tree=86
num_leaves=15
num_cat=0
split_feature=46 16 16 17 45 13 23 13 16 13 46 0 14 16
split_gain=55.3953 11.2846 9.65047 4.56603 3.71067 3.45682 2.91031 2.84712 2.75576 2.39942 2.21767 2.19654 1.74131 1.35747
threshold=1.5277777777777779 9.4225000000000012 14.567500000000003 0.96465934324723868 3.2916666666666674 1.2651267854566444 0.68148768917182267 1.3676008841621894 18.22000000000001 2.9425664870156116 2.8819444444444451 17.129668898655133 10.500000000000002 25.640000000000004
decision_type=2 2 2 2 2 2 2 2 2 2 2 2 2 2
left_child=1 3 4 11 7 10 -3 -2 -8 -5 -4 -1 -6 -7
right_child=2 6 5 9 12 13 8 -9 -10 -11 -12 -13 -14 -15
leaf_value=-0.0012299290432949664 0.0001596512890317767 0.0025372828057484897 0.001047545607515336 -0.00080795016030350342 0.0028808545543249288 0.002404118997581231 -0.00013528797198148799 0.0012015675396552343 0.001708016322612922 0.0014390815086879494 0.0021300744697361576 -0.0022851860220741028 0.00024998912653904622 0.004663114624460769
leaf_weight=2425.3110514879227 4309.5946851968765 180.684715539217 2275.3131271600723 10289.451685398817 382.97913107275963 1202.1815287172794 5504.7756808996201 1398.3623129427433 342.5573935508728 188.75223469734192 1195.229209959507 1241.1020945310593 148.49934780597687 130.5987374484539
leaf_count=3660 6332 259 3320 15369 579 1922 8210 2289 497 342 1788 1898 215 210
internal_value=-4.84605e-05 -0.00067211 0.00108982 -0.000980914 0.000568407 0.00176452 5.09173e-05 0.000416988 -2.5044e-05 -0.000766252 0.00142425 -0.00159092 0.00216821 0.00263962
internal_weight=31215.4 20172.6 11042.8 14144.6 6239.44 4803.32 6028.02 5707.96 5847.33 10478.2 3470.54 3666.41 531.478 1332.78
internal_count=46890 30235 16655 21269 9415 7240 8966 8621 8707 15711 5108 5558 794 2132
is_linear=0
shrinkage=0.02


Tree=87
num_leaves=15
num_cat=0
split_feature=44 44 44 16 14 19 44 12 51 12 13 44 19 12
split_gain=57.4973 14.1925 6.80098 4.65157 4.33912 3.63471 3.29699 2.92512 2.90361 2.85441 2.31653 2.12972 1.77828 1.1582
threshold=1.3055232553441456 2.0842548407718566 0.77740072405872451 17.93000000000001 10.500000000000002 4.4672972965928901 3.3483557382899236 18.77456232052489 1.2510413064894899 19.293258926854566 2.5795901718015171 0.39726106608913175 2.4098769561407498 17.973082628801706
decision_type=2 2 2 2 2 2 2 2 2 2 2 2 2 2
left_child=2 3 8 10 6 7 -3 -4 12 -6 -2 -10 -1 -5
right_child=1 4 5 13 9 -7 -8 -9 11 -11 -12 -13 -14 -15
leaf_value=-0.0016323056193434174 0.00011837317772970878 0.0017319724348931207 -0.00085477943877233006 0.00060142672931301467 0.00029345909450704931 0.0030132882702466708 0.0033436015600311056 -0.00014887808081116496 0.0015481583161757349 0.0020265820272896214 0.0020717354817454347 -0.00080260209817183798 -0.00033925018176284157 0.0023850577760758502
leaf_weight=5090.0672338306904 7188.02241563797 3644.1813969612122 5155.8417896032333 229.08113354444504 1332.5923375189304 114.36636492609978 612.48411583900452 4384.630539894104 167.31314340233803 540.77599191665649 250.39548400044441 1507.3113584816456 487.26459231972694 511.06503853201866
leaf_count=7481 10788 5616 7745 343 1930 178 923 6605 305 756 454 2269 720 777
internal_value=-4.74196e-05 0.000885216 -0.000837333 0.0003382 0.00161305 -0.000487866 0.00196768 -0.000531507 -0.00130095 0.000800711 0.000186011 -0.000560205 -0.00152129 0.00184959
internal_weight=31215.4 14308.6 16906.8 8178.56 6130.03 9654.84 4256.67 9540.47 7251.96 1873.37 7438.42 1674.62 5577.33 740.146
internal_count=46890 21587 25303 12362 9225 14528 6539 14350 10775 2686 11242 2574 8201 1120
is_linear=0
shrinkage=0.02


Tree=88
num_leaves=15
num_cat=0
split_feature=44 44 44 13 19 4 5 19 12 34 46 12 26 46
split_gain=55.2305 13.6306 6.53155 3.85055 3.49337 3.28061 3.11984 3.61397 3.1163 3.03532 3.00819 2.80881 1.44434 1.32369
threshold=1.3055232553441456 2.0842548407718566 0.77740072405872451 0.022169094722521255 4.4672972965928901 26.080389425958966 40.03581231145543 2.9869821049570313 19.071347595377578 0.50883465069936207 1.8944444444444446 18.77456232052489 0.13392857142857142 1.0500000000000003
decision_type=2 2 2 2 2 2 2 2 2 2 2 2 2 2
left_child=2 6 5 8 11 12 13 -8 -3 -7 -5 -4 -1 -2
right_child=1 3 4 10 -6 9 7 -9 -10 -11 -12 -13 -14 -15
leaf_value=0 -0.0015130805952647849 0.00045426798802092127 -0.00083769046945740262 -0.00015385183425129341 0.0029540582243209605 -0.0013137753930560442 0.00049275308039092771 0.0032433063214127389 0.0019369811069448169 -0.00023754012327743422 0.0021572037300351733 -0.00014590187673021497 -0.0022409610275776985 -8.0705468823628879e-05
leaf_weight=119.24859181046486 293.36768871545792 1653.7226899266243 5155.8417896032333 232.58433079719543 114.36636492609978 4197.7779094874859 5476.9195051789284 197.75525560975075 882.96313500404358 1430.3213113546371 3360.7636865079403 4384.630539894104 1504.608515381813 2210.521622210741
leaf_count=187 523 2363 7745 412 178 6257 8198 319 1211 2065 5239 6605 2266 3322
internal_value=-4.64156e-05 0.000867645 -0.000820608 0.00158094 -0.000478101 -0.00127497 0.000331535 0.000591477 0.000975425 -0.00104222 0.00200483 -0.000520902 -0.00207322 -0.000253594
internal_weight=31215.4 14308.6 16906.8 6130.03 9654.84 7251.96 8178.56 5674.67 2536.69 5628.1 3593.35 9540.47 1623.86 2503.89
internal_count=46890 21587 25303 9225 14528 10775 12362 8517 3574 8322 5651 14350 2453 3845
is_linear=0
shrinkage=0.02


Tree=89
num_leaves=15
num_cat=0
split_feature=46 17 3 52 13 14 2 13 17 40 24 3 31 3
split_gain=49.1842 9.57056 7.31516 4.84241 3.80421 3.33347 3.24823 3.06162 2.92319 2.07938 2.00891 1.55098 1.4845 1.16886
threshold=1.5277777777777779 1.5010194375677477 49.799609463113498 2.6500000000000008 1.3676008841621894 10.500000000000002 33.488500000000009 1.4989330028202874 0.94541243973027955 0.24335793154880023 0.57099429320621942 39.040006469010621 1.0835124763950708 48.361887873480732
decision_type=2 2 2 2 2 2 2 2 2 2 2 2 2 2
left_child=1 8 3 4 -2 -4 7 -3 9 -1 -5 -10 -7 -8
right_child=2 6 5 10 -6 12 13 -9 11 -11 -12 -13 -14 -15
leaf_value=-0.0016530585372920678 0.0004118684000795059 -0.00046639530597195083 0.0029077710011062735 -0.00052452703676288527 0.001401930389115322 0.001464515270085194 0.00074222929269327149 0.00049503414833370891 -0.00096779467557301616 0.00015556722532965669 0.0023446996366711772 -0.00028060584140186687 -0.0012600358350214869 0.0031855194476104283
leaf_weight=3234.5695873200893 6370.011757850647 6746.294467061758 1091.3990050852299 101.25516378879547 2075.4044956564903 300.62790259718895 753.02372244000435 1637.4942326247692 5676.3730632662773 264.72089537978172 1000.7538783550262 1770.0858334600925 103.30587697029114 90.073054552078247
leaf_count=4915 9310 9833 1799 173 3325 465 1090 2583 8448 397 1421 2816 162 153
internal_value=-4.54842e-05 -0.00063315 0.00102706 0.00082139 0.000656628 0.00233072 -0.000157339 -0.000277346 -0.00103323 -0.00151337 0.00207154 -0.000805906 0.000740303 0.00102201
internal_weight=31215.4 20172.6 11042.8 9547.43 8445.42 1495.33 9226.89 8383.79 10945.7 3499.29 1102.01 7446.46 403.934 843.097
internal_count=46890 30235 16655 14229 12635 2426 13659 12416 16576 5312 1594 11264 627 1243
is_linear=0
shrinkage=0.02


Tree=90
num_leaves=14
num_cat=0
split_feature=44 44 16 0 33 16 44 13 12 47 3 3 19
split_gain=52.9902 15.2836 6.12948 5.34704 5.2 3.48276 3.43992 3.31009 3.18306 2.15856 2.10178 2.01891 1.33255
threshold=2.0279336925302487 1.1563730726155994 5.4900000000000029 22.062865367457317 -0.14999999999999988 15.980000000000006 2.8762004098635643 1.822120864679299 18.252274250743667 2.1664085090704126 45.633354845518191 48.557054538781991 1.4746036996080039
decision_type=2 2 2 2 2 2 2 2 2 2 2 2 2
left_child=1 2 10 9 11 -6 8 -4 -5 -2 -1 -3 -8
right_child=3 4 7 6 5 -7 12 -9 -10 -11 -12 -13 -14
leaf_value=-0.0014238548781182318 -0.0033858038149169201 0.00085404383350827853 -0.00066973710251927476 0.00058933527164345466 -0.00022482096201442895 0.00093089036623683955 0.002185797220483756 0.00045717148866881746 0.0017695427502772349 0.00056171639796306308 0.0011528336005249865 0.0029265933380895944 0.0037590272090018261
leaf_weight=5480.8916942477226 111.42089116573334 1731.4626873135567 7654.2951084673405 1382.2934999763966 7123.8024825453758 1218.7118428349495 1680.9241880774498 1194.6415156722069 2896.0566735863686 100.25282162427902 123.90054923295975 215.97205248475075 277.32933476567268
leaf_count=8211 208 2538 11261 2091 10780 1804 2528 1968 4239 170 221 364 459
internal_value=-5.56661e-06 -0.000426727 -0.000846193 0.00160861 0.000161552 -5.46084e-05 0.00171554 -0.000516401 0.00139102 -0.00148162 -0.00136472 0.00109179 0.00241731
internal_weight=31192 24743.7 14453.7 6448.28 10289.9 8342.51 6236.6 8848.94 4278.35 211.674 5604.79 1947.43 1958.25
internal_count=46842 37147 21661 9695 15486 12584 9317 13229 6330 378 8432 2902 2987
is_linear=0
shrinkage=0.02


Tree=91
num_leaves=15
num_cat=0
split_feature=47 16 47 23 15 14 14 50 12 16 28 15 13 16
split_gain=48.366 9.66416 9.29089 4.90847 4.80553 3.32258 2.81892 2.69177 1.96076 1.90868 1.85457 1.74959 1.65877 1.46814
threshold=1.5110573417107165 5.3100000000000032 2.6606855893392933 0.51937562690180705 12.556843518429655 10.500000000000002 10.500000000000002 -0.26176327708890751 17.906331933174283 25.640000000000004 1.2500000000000002 5.9883533033276022 1.0000000180025095e-35 18.390000000000004
decision_type=2 2 2 2 2 2 2 2 2 2 2 2 2 2
left_child=1 8 3 -2 7 9 -5 -3 11 -4 -10 -1 -6 -7
right_child=2 4 5 6 12 13 -8 -9 10 -11 -12 -13 -14 -15
leaf_value=-0.0023194732428783739 -0.0011958422136729467 0.00033979726544938987 0.0021964275638122785 0.0010508636911301182 -1.6888740990541216e-05 0.00026836858607718212 0.0002133252314572609 -0.00055230255966636117 -0.0010060782146401517 0.0044307379287745197 -0.0039234345641361822 -0.00056300533896825537 0.0013248182038340941 0.0019484597836428551
leaf_weight=1070.9409436881542 518.2463766336441 1536.5878087878227 2027.0438222289085 5500.7020986676216 612.01112654805183 561.45334938168526 2318.4535059630871 10525.034425735474 4726.1312926709652 177.30477619171143 89.667899906635284 310.06751719117165 872.30096361041069 346.00943478941917
leaf_count=1637 787 2323 3107 8378 861 803 3344 15744 7172 294 122 465 1301 504
internal_value=-5.39823e-06 -0.00060544 0.00102835 0.000678162 -0.000305093 0.00196235 0.000803922 -0.000437787 -0.00126006 0.00238453 -0.00106408 -0.00193372 0.0007656 0.000922848
internal_weight=31192 19742.7 11449.2 8337.4 13545.9 3111.81 7819.16 12061.6 6196.81 2204.35 4815.8 1381.01 1484.31 907.463
internal_count=46842 29625 17217 12509 20229 4708 11722 18067 9396 3401 7294 2102 2162 1307
is_linear=0
shrinkage=0.02


Tree=92
num_leaves=14
num_cat=0
split_feature=44 44 0 1 3 3 44 12 30 3 26 13 15
split_gain=49.256 14.1614 5.07513 4.52368 3.50126 3.27998 3.18317 3.07141 2.6837 2.6159 2.00004 1.83787 1.33026
threshold=2.0279336925302487 1.1287451633546577 22.062865367457317 21.006166666666672 48.493646328544109 47.921267301188401 2.8762004098635643 18.252274250743667 -0.058162104590747742 40.445561164933316 1.8944444444444446 0.8544669416322962 14.221480046836515
decision_type=2 2 2 2 2 2 2 2 2 2 2 2 2
left_child=1 3 8 9 10 -5 7 -4 -2 -1 -3 -6 -8
right_child=2 4 6 5 11 -7 12 -9 -10 -11 -12 -13 -14
leaf_value=-0.0013484449938214547 -0.0037769016239580146 -2.9581690366450046e-05 0.00055528802775265849 -0.00050589785007522728 0.00053996019111442477 0.003239977749797679 0.0013095481406230354 0.0017145569145854953 0.00063530972579650723 -0.00033498897193111229 0.0017726545459467505 0.0023174231112905157 0.0026194703061985366
leaf_weight=6056.5776206254959 101.98572045564651 9508.8204717934132 1382.2934999763966 6568.8638486266136 609.12781152129173 92.21930268406868 441.99755337834358 2896.0566735863686 109.68799233436584 1259.8166608214378 250.74706202745438 397.50515469908714 1516.2559694647789
leaf_count=8921 182 14210 2091 9835 933 182 736 4239 196 2005 347 714 2251
internal_value=-5.27463e-06 -0.000411336 0.00155098 -0.000831309 0.00013303 -0.00045158 0.00165518 0.00134278 -0.00145918 -0.00117544 1.60514e-05 0.00125497 0.00233055
internal_weight=31192 24743.7 6448.28 13977.5 10766.2 6661.08 6236.6 4278.35 211.674 7316.39 9759.57 1006.63 1958.25
internal_count=46842 37147 9695 20943 16204 10017 9317 6330 378 10926 14557 1647 2987
is_linear=0
shrinkage=0.02


Tree=93
num_leaves=15
num_cat=0
split_feature=44 44 16 14 44 3 13 19 12 2 16 16 13 16
split_gain=47.3101 13.6023 5.41406 4.29128 4.00496 3.36428 3.28072 2.75189 2.40004 2.04595 1.91358 1.80257 1.76427 1.68656
threshold=2.0279336925302487 1.1287451633546577 5.4900000000000029 10.500000000000002 3.2239136904613344 48.493646328544109 1.822120864679299 2.9869821049570313 19.098526605527812 21.35466666666667 2.4774999999999996 18.390000000000004 0.8544669416322962 10.322500000000003
decision_type=2 2 2 2 2 2 2 2 2 2 2 2 2 2
left_child=1 2 10 4 9 7 -4 -3 11 -2 -1 -5 -7 -10
right_child=3 5 6 8 -6 12 -8 -9 13 -11 -12 -13 -14 -15
leaf_value=-0.0020251858442321673 -0.0009236095737415864 -5.0121803949206662e-05 -0.00065204626482183177 -0.00041498654149814651 0.0032126801066813936 0.00052919634774132825 0.00049180476238498336 0.001702470866462363 7.0854147222730598e-05 0.0016750235168383201 -0.0011024128002490503 0.0011841362847291347 0.0022713067092926574 0.0021996714652939664
leaf_weight=1189.4818508923054 119.15787899494171 9389.0961438119411 7328.0508986711502 761.06394499540329 747.70064625144005 609.12781152129173 1150.3042234182358 370.47139000892639 217.96467581391335 3613.3655545413494 4309.6404597759247 441.94613063335419 397.50515469908714 547.07857796549797
leaf_count=1792 195 13977 10777 1115 1158 933 1895 580 300 5518 6479 634 714 775
internal_value=-5.12592e-06 -0.000403092 -0.000814695 0.00152007 0.00186347 0.000130405 -0.000495595 1.5717e-05 0.000732168 0.00158894 -0.00130449 0.00016517 0.00123019 0.00160796
internal_weight=31192 24743.7 13977.5 6448.28 4480.22 10766.2 8478.36 9759.57 1968.05 3732.52 5499.12 1203.01 1006.63 765.043
internal_count=46842 37147 20943 9695 6871 16204 12672 14557 2824 5713 8271 1749 1647 1075
is_linear=0
shrinkage=0.02


Tree=94
num_leaves=15
num_cat=0
split_feature=44 44 16 16 14 44 46 3 23 12 45 3 14 16
split_gain=45.4412 13.0801 5.31452 4.17513 3.50331 3.68271 3.16577 3.15065 2.68069 2.59804 2.54113 1.9844 1.53505 0.750716
threshold=2.0279336925302487 1.1563730726155994 5.4900000000000029 7.2600000000000025 10.500000000000002 3.1687921785834674 0.41428571428571431 48.493646328544109 1.1818373316713362 19.098526605527812 1.2250000000000003 45.633354845518191 9.5000000000000018 6.8200000000000003
decision_type=2 2 2 2 2 2 2 2 2 2 2 2 2 2
left_child=1 2 11 10 5 -5 -4 8 -3 -6 -2 -1 -9 -12
right_child=3 7 6 4 9 -7 -8 12 -10 -11 13 -13 -14 -15
leaf_value=-0.001323505867527897 -0.0034816199296235657 -0.00016180510216018729 -0.0014560825180853305 0.0016546137544590808 0.00028274674340077351 0.003181114524667147 -0.0003277510877284136 0.0021131343975957398 0.00062114969816719256 0.0018660069856815129 0.00078117835562008719 0.0011804226060438067 0.00049704581575167345 -0.0014394276410486979
leaf_weight=5480.8916942477226 81.31724140048027 6965.5995112061501 1150.495219618082 3370.2074192166328 1123.2202112674713 806.56576150655746 7698.4414045214653 435.72698956727982 2331.5127721130848 673.78601297736168 322.34263709187508 123.90054923295975 557.10979229211807 70.838125735521317
leaf_count=8211 154 10276 1694 5145 1625 1245 11535 723 3586 948 472 221 901 106
internal_value=-4.98727e-06 -0.00039502 -0.000783079 0.00148977 0.00163343 0.00195317 -0.000475877 0.000149141 3.35589e-05 0.000883362 -0.000297073 -0.00126597 0.00121917 0.000350534
internal_weight=31192 24743.7 14453.7 6448.28 5973.78 4176.77 8848.94 10289.9 9297.11 1797.01 474.498 5604.79 992.837 393.181
internal_count=46842 37147 21661 9695 8963 6390 13229 15486 13862 2573 732 8432 1624 578
is_linear=0
shrinkage=0.02


Tree=95
num_leaves=15
num_cat=0
split_feature=44 4 44 13 44 6 52 3 47 4 48 44 1 52
split_gain=46.3933 11.3364 5.85477 4.13662 3.40444 3.64289 3.08228 2.42627 2.30504 2.25097 2.16456 1.62707 1.33334 1.18594
threshold=1.3055232553441456 47.484619532964928 0.56067598628934723 1.4173983699083899 3.3483557382899236 6.5000000000000009 1.5500000000000003 33.479143307169387 0.66056374232393711 49.544610470304953 1.0000000180025095e-35 0.52480229678607415 26.302833333333336 0.55000000000000016
decision_type=2 2 2 2 2 2 2 2 2 2 2 2 2 2
left_child=2 6 8 9 5 -3 12 -5 13 -4 -8 -10 -2 -1
right_child=1 4 3 7 -6 -7 10 -9 11 -11 -12 -13 -14 -15
leaf_value=-0.0023189295509171044 -0.00039436678956201359 0.0014034918725560591 -0.00073789088614883275 -0.0006247212793696515 0.002694239895661255 -0.00078124963019126096 -0.0017178015412242511 0.00051728556161232525 0.0010781764147898699 0.0014178693008926389 0.00098262410984616111 -0.0019766476966680472 0.00028942627548594885 -0.0013720598547714222
leaf_weight=777.65875539183617 1908.3517901003361 5681.9186235368252 10294.247677057981 1138.4129840433598 795.82042655348778 315.36906278133392 120.04552984237671 2124.9842263460159 226.34252598881721 192.56049033999443 2598.8920059502125 97.822844207286835 2825.6968450248241 2135.9389116168022
leaf_count=1127 2925 8522 15047 1764 1163 449 189 3421 399 290 3830 156 4325 3181
internal_value=2.06071e-05 0.000862571 -0.000684893 -0.00050347 0.00145383 0.00128672 0.000322077 0.000115704 -0.00145149 -0.00069709 0.000858546 0.0001192 1.16195e-05 -0.00162963
internal_weight=31234.1 14246.1 16988 13750.2 6793.11 5997.29 7452.99 3263.4 3237.76 10486.8 2718.94 324.165 4734.05 2913.6
internal_count=46788 21403 25385 20522 10134 8971 11269 5185 4863 15337 4019 555 7250 4308
is_linear=0
shrinkage=0.02


Tree=96
num_leaves=15
num_cat=0
split_feature=44 5 44 52 13 44 8 19 47 51 19 20 19 19
split_gain=44.5578 11.0688 5.65097 4.31762 3.91515 3.18729 3.33972 3.15587 2.82679 2.78298 2.28615 1.67207 1.39033 1.37079
threshold=1.3055232553441456 48.079365355353012 0.4679616644461797 1.6500000000000001 2.0105953638880592 3.3483557382899236 1.5000000000000002 2.8299536184640961 2.1861566933197705 1.3748960931340843 2.5604080783533596 4.4812385397745578 1.7304550703435864 0.7434208161196737
decision_type=2 2 2 2 2 2 2 2 2 2 2 2 2 2
left_child=2 3 9 10 7 6 -3 -4 -5 12 -2 -6 -1 -11
right_child=1 5 4 8 11 -7 -8 -9 -10 13 -12 -13 -14 -15
leaf_value=-0.0022720096693824954 -3.8151667781202054e-05 -0.00087530069381834541 -0.00072977971276484352 0.00061194738978290111 0.0002415095884763339 0.0027228258563416754 0.0014491612185541561 0.00055836658053336576 0.0020307170296945324 0.001585620294992398 0.0016318333587229522 0.0035052751352186258 -0.00063890493949309783 -0.0011274831711763659
leaf_weight=1372.7075843513012 5318.5757410526276 254.0178450345993 12612.607038795948 1977.6923742592335 1573.8659687042236 777.12506347894669 4767.444012016058 799.2668382525444 804.32132503390312 133.23483443260193 346.91792291402817 64.189235836267471 269.31295585632324 162.78395876288414
leaf_count=2026 8102 364 18590 2929 2558 1134 7167 1195 1162 220 545 97 407 292
internal_value=2.01802e-05 0.000845326 -0.000671216 0.00038171 -0.000539192 0.00151864 0.00132928 -0.000652197 0.00102689 -0.00168968 6.28827e-05 0.00037962 -0.00201134 6.25462e-05
internal_weight=31234.1 14246.1 16988 8447.51 15049.9 5798.59 5021.46 13411.9 2782.01 1938.04 5665.49 1638.06 1642.02 296.019
internal_count=46788 21403 25385 12738 22440 8665 7531 19785 4091 2945 8647 2655 2433 512
is_linear=0
shrinkage=0.02


Tree=97
num_leaves=15
num_cat=0
split_feature=44 5 44 52 13 51 44 6 16 19 19 18 52 13
split_gain=42.7954 10.6293 5.46054 4.14745 3.87883 3.48233 3.0604 3.20918 2.71918 2.70442 2.19618 1.82712 1.23741 1.14691
threshold=1.3055232553441456 48.079365355353012 0.56067598628934723 1.6500000000000001 1.4108715746478684 1.6576671609000544 3.3483557382899236 6.5000000000000009 8.2225000000000037 1.6770732970423234 2.5604080783533596 1.3673395111228814 0.55000000000000016 1.822120864679299
decision_type=2 2 2 2 2 2 2 2 2 2 2 2 2 2
left_child=2 3 5 10 9 12 7 -3 -5 -4 -2 -6 -1 -7
right_child=1 6 4 8 11 13 -8 -9 -10 -11 -12 -13 -14 -15
leaf_value=-0.0023695296370893782 -3.7388922778588996e-05 0.0014201901424093508 -0.00081457021359559404 -0.00011381011520128423 -0.00043118503822259349 -0.00021564943370582217 0.0026685091064775441 -0.00085793144802379789 0.001351138242623741 4.7215826996425944e-05 0.0015993837468098009 0.00051828281062736342 -0.0013847063989883776 0.0023549391374439684
leaf_weight=745.53522488474846 5318.5757410526276 4767.444012016058 8724.0644840598106 648.04574999213219 1402.7879794538021 329.82274788618088 777.12506347894669 254.0178450345993 2133.9679493010044 1722.1696615219116 346.91792291402817 1901.1832527518272 2078.0316969752312 84.373367458581924
leaf_count=1080 8102 7167 12724 990 2239 531 1134 364 3101 2553 545 3006 3085 167
internal_value=1.98005e-05 0.000828469 -0.000657777 0.00037412 -0.000482535 -0.00139816 0.00148829 0.00130266 0.00100646 -0.000671557 6.1601e-05 0.000112119 -0.00164977 0.000292763
internal_weight=31234.1 14246.1 16988 8447.51 13750.2 3237.76 5798.59 5021.46 2782.01 10446.2 5665.49 3303.97 2823.57 414.196
internal_count=46788 21403 25385 12738 20522 4863 8665 7531 4091 15277 8647 5245 4165 698
is_linear=0
shrinkage=0.02


Tree=98
num_leaves=15
num_cat=0
split_feature=3 1 47 13 46 47 46 0 5 15 14 12 3 3
split_gain=39.0937 9.97267 5.80233 5.14498 3.9731 3.21298 2.87668 2.82244 2.54597 2.20832 3.47938 1.96739 1.80332 1.0849
threshold=45.226879757299379 20.469000000000005 2.3350516249274231 1.4989330028202874 0.86607142857142871 0.34959339190843969 0.5277777777777779 16.734602086435135 42.190902665227732 15.99009934012865 7.5000000000000009 18.947052153285004 48.886290961545392 29.869186711825879
decision_type=2 2 2 2 2 2 2 2 2 2 2 2 2 2
left_child=1 5 8 6 -5 13 -3 -7 -2 10 -4 -11 -10 -1
right_child=2 3 9 4 -6 7 -8 -9 12 11 -12 -13 -14 -15
leaf_value=-0.0027839272398521115 -0.002295199016664588 -0.0013310822969174385 0.0046479009108629571 -0.00051791987898531264 0.0010851265112043515 -0.00036256802913255294 -0.00021408094829556874 -0.0011838034102098704 0.00047940313571278697 0.0016880187502737651 0.00089163247276627562 0.0030240738374910136 0.0013118161129304163 -0.0014544966884891279
leaf_weight=451.64076587557793 111.29881131649017 1024.4172708392143 104.62357208132744 862.87372055649757 2113.8276855051517 2933.8593777120113 9629.7889169454575 4041.8411812782288 3758.5321249961853 1675.2786897420883 1716.4982723891735 648.59619829058647 1480.1825074851513 680.80360376834869
leaf_count=665 225 1535 183 1349 3416 4392 14019 5968 5624 2449 2616 957 2380 1010
internal_value=1.93965e-05 -0.0004479 0.00109021 -0.000116646 0.000617049 -0.00100339 -0.00032265 -0.000840042 0.000651553 0.00165338 0.00111778 0.00206749 0.000716918 -0.00199749
internal_weight=31234.1 21739.1 9495.01 13630.9 2976.7 8108.14 10654.2 6975.7 5350.01 4145 1821.12 2323.87 5238.71 1132.44
internal_count=46788 32354 14434 20319 4765 12035 15554 10360 8229 6205 2799 3406 8004 1675
is_linear=0
shrinkage=0.02


Tree=99
num_leaves=15
num_cat=0
split_feature=44 16 44 44 13 13 23 12 14 42 48 22 1 19
split_gain=39.816 9.79094 6.1923 5.11118 3.60482 3.20638 2.95661 2.79723 1.96444 1.94321 1.91981 1.70049 1.3261 1.28331
threshold=1.3055232553441456 10.020000000000003 2.480918053879535 0.4679616644461797 2.0105953638880592 0.95223645941716673 1.3963798878610099 19.087247565192722 13.500000000000002 0.75000000000000011 0.75000000000000011 -1.6677062133942553 13.09016666666667 1.7304550703435864
decision_type=2 2 2 2 2 2 2 2 2 2 2 2 2 2
left_child=3 9 5 10 6 -3 -5 -6 -4 12 13 -11 -2 -1
right_child=1 2 8 4 7 -7 -8 -9 -10 11 -12 -13 -14 -15
leaf_value=-0.0021151900617117979 -0.0020073980848585192 0.00046125579216877566 0.0019413066458533695 -0.00072568818165762898 -0.00010218817780201486 0.0014071767502323513 0.00019292905645823497 0.0017874285624930523 -0.0012684080968490118 0.00070536098800164841 -5.4136722950012767e-05 -0.001496582035647537 0.00027701221633695371 -0.00055328278676048716
leaf_weight=1380.0506736934185 101.62665763497353 4162.0066650211811 3216.5246047973633 11841.958564430475 1222.583901822567 2228.5733993053436 1569.9153126180172 415.47130271792412 73.033632725477219 181.95657020807266 286.20620822906494 531.95731562376022 3750.4154384732246 271.78245148062706
leaf_count=2040 169 6002 4812 17417 1998 3528 2368 657 98 259 493 796 5739 412
internal_value=1.89995e-05 0.000799022 0.00115909 -0.000634555 -0.000508951 0.000793026 -0.000617402 0.000372586 0.00186628 3.32949e-05 -0.00160326 -0.000920998 0.000213139 -0.00186523
internal_weight=31234.1 14246.1 9680.14 16988 15049.9 6390.58 13411.9 1638.06 3289.56 4565.96 1938.04 713.914 3852.04 1651.83
internal_count=46788 21403 14440 25385 22440 9530 19785 2655 4910 6963 2945 1055 5908 2452
is_linear=0
shrinkage=0.02


Tree=100
num_leaves=15
num_cat=0
split_feature=44 44 44 8 16 4 13 13 16 44 16 36 12 18
split_gain=41.1591 9.25824 8.49187 4.29817 4.23454 2.86955 2.67394 2.28671 2.19278 2.14212 2.8389 2.20071 1.58545 1.19513
threshold=1.5568793884568748 2.6614392945527565 0.77124934524963562 1.5000000000000002 4.0633333333333352 47.223426781773036 1.1308214046295204 2.0843736703921629 2.6900000000000017 3.7185999048324474 27.330000000000009 0.76388888888888895 18.123914453234764 0.97940098420396871
decision_type=2 2 2 2 2 2 2 2 2 2 2 2 2 2
left_child=2 3 5 12 13 8 -5 -6 -1 10 -3 -11 -2 -4
right_child=1 9 4 6 7 -7 -8 -9 -10 11 -12 -13 -14 -15
leaf_value=-0.0020615573155197253 -0.0034461680616932567 0.001595686189876688 -0.00012416414991955449 0.00050406142050649148 -0.00017412245739982187 0.0015300037064082523 0.0013267605467302736 0.00077937774211178331 -0.00099684418747150532 0.0042498423128659096 0.0046422336103435153 0.00056713100610541751 -0.00053055006322214233 -0.0014565717659678484
leaf_weight=918.05358523130417 108.5145648419857 2357.2401666343212 362.83473375439644 5059.1739395558834 10606.79921156168 159.81280234456062 2347.5276701748371 1107.2570556998253 5910.3915906846523 294.71866843104362 132.01706436276436 92.342502504587173 267.14674499630928 1278.3386624753475
leaf_count=1377 153 3622 559 7428 15748 257 3793 1798 8776 411 210 128 386 1929
internal_value=1.32307e-05 0.0010202 -0.000513913 0.000659624 -0.000217328 -0.00107906 0.000766451 -8.30228e-05 -0.00114202 0.00199118 0.00176487 0.00340438 -0.00141303 -0.0011686
internal_weight=31002.2 10658.7 20343.5 7782.36 13355.2 6988.26 7406.7 11714.1 6828.45 2876.32 2489.26 387.061 375.661 1641.17
internal_count=46575 16131 30444 11760 20034 10410 11221 17546 10153 4371 3832 539 539 2488
is_linear=0
shrinkage=0.02


Tree=101
num_leaves=15
num_cat=0
split_feature=44 44 44 8 19 36 5 10 37 44 14 37 50 12
split_gain=39.5352 8.89608 8.15491 4.1324 2.91242 2.66639 2.3634 2.30914 2.28047 2.05756 2.30277 1.74236 1.54646 1.52256
threshold=1.5568793884568748 2.6614392945527565 0.77124934524963562 1.5000000000000002 4.1472649804018333 1.4722222222222225 44.701847399809829 1.0000000180025095e-35 0.26867971915215366 3.7185999048324474 10.500000000000002 1.7366486748380328 0.37498195695102826 18.123914453234764
decision_type=2 2 2 2 2 2 2 2 2 2 2 2 2 2
left_child=2 3 6 13 7 -5 8 -4 -1 11 -11 -3 -6 -2
right_child=1 9 4 5 12 -7 -8 -9 -10 10 -12 -13 -14 -15
leaf_value=-0.0015301796154515643 -0.0033784920093404103 0.0016236865065889683 -0.000361147424543484 0.00085015905018048126 0.0033212413042333251 -0.00069929182554085366 0.00081671614104711051 0.00038497119319364864 -0.0007821627332073711 0.0043645210656843335 0.00088197789988739891 0.0046625005632495485 -0.00025839416789502206 -0.000520017861459034
leaf_weight=3109.3655030727386 108.5145648419857 2408.6618736088276 11217.476489126682 6940.6863342821598 139.29775393009186 466.01527544856071 251.86322414875031 1933.0411900877953 3627.0292510390282 268.92477551102638 118.13639542460442 80.59535738825798 65.414230346679688 267.14674499630928
leaf_count=4615 153 3707 16848 10518 222 703 400 2861 5395 377 162 125 103 386
internal_value=1.29743e-05 0.000999884 -0.000503659 0.000646395 -0.000213 0.000751158 -0.00105749 -0.000250671 -0.00112927 0.00195172 0.0033373 0.00172975 0.00213759 -0.00138572
internal_weight=31002.2 10658.7 20343.5 7782.36 13355.2 7406.7 6988.26 13150.5 6736.39 2876.32 387.061 2489.26 204.712 375.661
internal_count=46575 16131 30444 11760 20034 11221 10410 19709 10010 4371 539 3832 325 539
is_linear=0
shrinkage=0.02


Tree=102
num_leaves=15
num_cat=0
split_feature=44 44 44 23 47 8 47 12 15 17 2 37 12 31
split_gain=38.0198 10.3921 5.35611 4.17678 2.67369 2.6273 2.35592 2.03361 2.02871 2.01009 2.49722 1.85171 1.33904 0.683307
threshold=1.8522355094256475 0.77124934524963562 2.6614392945527565 1.0768465821276221 1.2969531654028139 1.5000000000000002 0.23738190973970966 18.86669196790335 5.8138526987927373 1.9495896619745976 33.488500000000009 0.26867971915215366 18.176765619187179 0.48088951432968086
decision_type=2 2 2 2 2 2 2 2 2 2 2 2 2 2
left_child=1 6 5 8 -5 12 13 -7 -3 -4 -11 -8 -2 -1
right_child=2 3 9 4 -6 7 11 -9 -10 10 -12 -13 -14 -15
leaf_value=-0.0016849623474183937 -0.0034350367780232685 -0.00096347851540995379 -0.00071504425639493303 -5.2992321181279167e-05 0.00080378292952687394 0.00055086505859835804 -0.0012934954393875506 0.0014059544919421583 -0.00022522750940606059 0.0027001108966429399 0.0014635215284064705 -0.00060004912335325541 -0.00011599643572601227 -0.0032202078396739854
leaf_weight=409.42929297685623 73.644292235374451 1822.1966063976288 105.57268241047859 3412.7411701381207 2514.3375034630299 2638.7563211619854 2911.4242186844349 2004.0687108933926 8516.3099159300327 1229.1294127702713 1541.6163067519665 3459.6628977060318 155.53806284070015 207.7415688931942
leaf_count=617 104 2798 187 5173 3862 3985 4346 3015 12635 1818 2366 5146 222 301
internal_value=1.27269e-05 -0.000391249 0.00122619 -0.000113385 0.000308924 0.000818018 -0.00103635 0.000922563 -0.000356475 0.00191306 0.00201724 -0.000918812 -0.00124627 -0.00222661
internal_weight=31002.2 23253.8 7748.33 16265.6 5927.08 4872.01 6988.26 4642.83 10338.5 2876.32 2770.75 6371.09 229.182 617.171
internal_count=46575 34878 11697 24468 9035 7326 10410 7000 15433 4371 4184 9492 326 918
is_linear=0
shrinkage=0.02


Tree=103
num_leaves=15
num_cat=0
split_feature=44 44 44 16 8 4 13 13 47 44 16 36 12 17
split_gain=36.5665 8.18841 7.50521 3.97276 3.87481 2.70756 2.56952 2.21958 2.087 1.98561 2.73734 2.11655 1.41906 1.37486
threshold=1.5568793884568748 2.6614392945527565 0.77124934524963562 4.0633333333333352 1.5000000000000002 47.223426781773036 1.1308214046295204 1.4021868371523321 0.23738190973970966 3.7185999048324474 27.330000000000009 0.76388888888888895 18.123914453234764 0.61899482280192097
decision_type=2 2 2 2 2 2 2 2 2 2 2 2 2 2
left_child=2 4 5 13 12 8 -6 -5 -1 10 -3 -11 -2 -4
right_child=1 9 3 7 6 -7 -8 -9 -10 11 -12 -13 -14 -15
leaf_value=-0.0022047356518323275 -0.0032698350098225261 0.0014907794582163466 0.0011542986497314546 -0.00023396252732747497 0.00046663595326726945 0.0015184535655048609 0.0012729818340341279 0.00040337657959199999 -0.00096391076096661948 0.0040637260981394897 0.0044804739250871237 0.00045623752041109965 -0.00050771337563353298 -0.0012725322519558124
leaf_weight=610.61369407176971 108.5145648419857 2357.2401666343212 93.521352201700211 8816.6778176724911 5059.1739395558834 159.81280234456062 2347.5276701748371 2897.3784495890141 6217.8314818441868 294.71866843104362 132.01706436276436 92.342502504587173 267.14674499630928 1547.6520440280437
leaf_count=908 153 3622 150 12928 7428 257 3793 4618 9245 411 210 128 386 2338
internal_value=1.24268e-05 0.000961572 -0.000484418 -0.000205538 0.000622353 -0.00101574 0.000723829 -7.54263e-05 -0.00107694 0.00187484 0.00165682 0.00323555 -0.00134516 -0.00112692
internal_weight=31002.2 10658.7 20343.5 13355.2 7782.36 6988.26 7406.7 11714.1 6828.45 2876.32 2489.26 387.061 375.661 1641.17
internal_count=46575 16131 30444 20034 11760 10410 11221 17546 10153 4371 3832 539 539 2488
is_linear=0
shrinkage=0.02


Tree=104
num_leaves=15
num_cat=0
split_feature=44 44 44 13 4 34 23 8 12 44 14 37 12 12
split_gain=35.2149 9.58097 4.90804 3.4329 3.2231 3.16837 2.55367 2.43236 1.95738 1.90722 2.21129 1.66944 1.5388 1.24657
threshold=1.8522355094256475 0.84330054808858446 2.6614392945527565 2.0843736703921629 48.170460118647775 1.1202940618711839 1.2160238025111441 1.5000000000000002 18.86669196790335 3.7185999048324474 10.500000000000002 1.7366486748380328 17.384728938712247 18.176765619187179
decision_type=2 2 2 2 2 2 2 2 2 2 2 2 2 2
left_child=1 4 7 6 5 -1 -3 13 -9 11 -11 -4 -5 -2
right_child=2 3 9 12 -6 -7 -8 8 -10 10 -12 -13 -14 -15
leaf_value=-0.0010526019320296262 -0.0033080829527088011 -0.00031736794268230834 0.0015200867372727556 -0.0014103620044683498 0.0019429828676318739 0.00091398084556331609 0.00034219498203308152 0.00052510223749616992 0.0013640009549461404 0.0041773725421311867 0.00076809826386486967 0.0044922511984195534 0.0010673384829241056 -0.00010368067277885285
leaf_weight=7899.2499993443489 73.644292235374451 10466.978547662497 2408.6618736088276 103.67009317874908 150.62476015090942 334.94003891944885 3012.2823579907417 2638.7563211619854 2004.0687108933926 268.92477551102638 118.13639542460442 80.59535738825798 1286.0973769426346 155.53806284070015
leaf_count=11694 104 15543 3707 169 246 531 4565 3985 3015 377 162 125 2130 222
internal_value=1.22e-05 -0.000376577 0.00118006 -7.09597e-05 -0.000917198 -0.000971191 -0.000169201 0.000789161 0.000889796 0.0018377 0.00317182 0.00162386 0.000873567 -0.00119633
internal_weight=31002.2 23253.8 7748.33 14869 8384.81 8234.19 13479.3 4872.01 4642.83 2876.32 387.061 2489.26 1389.77 229.182
internal_count=46575 34878 11697 22407 12471 12225 20108 7326 7000 4371 539 3832 2299 326
is_linear=0
shrinkage=0.02


Tree=105
num_leaves=15
num_cat=0
split_feature=16 52 46 14 15 46 16 13 14 25 17 51 42 1
split_gain=32.0427 6.75621 5.36301 4.43372 3.15988 3.11681 2.6952 2.8067 2.00077 1.7079 1.62573 1.04717 1.77269 1.6439
threshold=10.020000000000003 1.6500000000000001 0.73214285714285732 13.500000000000002 13.999106504000485 2.8944444444444448 3.1366666666666672 2.1872285726798935 11.500000000000002 2.4500000000000006 1.7729061200699137 1.0000000180025095e-35 0.55000000000000016 22.218000000000004
decision_type=2 2 2 2 2 2 2 2 2 2 2 2 2 2
left_child=2 5 11 4 -3 9 10 -8 -7 -2 -4 13 -13 -1
right_child=1 3 6 -5 -6 8 7 -9 -10 -11 -12 12 -14 -15
leaf_value=-0.0014165054418721545 0.00016315866144632065 0.00073287838114938859 -0.0010144080037856604 -0.0025262555117016162 0.0017574292381356289 0.001895262289286172 -0.00031286681550584007 0.00092298279044134533 -0.00072133727345608228 0.0026496164820189144 -0.0038289262231172099 -0.00098594579719533861 0.00036199885045314523 -0.00046984801120646992
leaf_weight=3505.2554856836796 6959.6372945308685 2026.313649892807 985.22635939717293 116.71650725603104 3145.627117484808 728.34495043754578 9460.1998824477196 791.7110809981823 131.95831415057182 110.97544553875923 91.832287728786469 1587.5342660844326 503.41633608937263 974.88626798987389
leaf_count=5225 10551 3057 1482 156 4439 1213 14117 1334 205 155 141 2385 745 1461
internal_value=-3.0806e-05 0.00071558 -0.000582605 0.00126985 0.00135839 0.000344484 -0.000317586 -0.000216291 0.00148157 0.000204337 -0.0012703 -0.00103776 -0.000656601 -0.00121304
internal_weight=31119.6 13219.6 17900.1 5288.66 5171.94 7930.92 11329 10251.9 860.303 7070.61 1077.06 6571.09 2090.95 4480.14
internal_count=46666 19776 26890 7652 7496 12124 17074 15451 1418 10706 1623 9816 3130 6686
is_linear=0
shrinkage=0.02


Tree=106
num_leaves=15
num_cat=0
split_feature=3 18 3 52 13 24 13 53 14 31 53 45 0 45
split_gain=25.3116 6.70081 5.46685 3.13836 3.55044 2.90749 2.75312 2.53293 2.09069 1.84447 1.71998 1.66607 1.71369 1.60752
threshold=44.100210661322954 1.326441321015108 49.799609463113498 1.4500000000000002 1.2116722482893023 0.97060291641036878 2.5501507561762131 0.75000000000000011 11.500000000000002 0.93509245309779832 1.9500000000000002 0.45000000000000007 15.666111851455229 3.1000000000000005
decision_type=2 2 2 2 2 2 2 2 2 2 2 2 2 2
left_child=1 11 3 6 -5 7 -2 -3 10 -10 -4 -1 -13 -7
right_child=2 5 8 4 -6 13 -8 -9 9 -11 -12 12 -14 -15
leaf_value=-0.0012637293321712787 5.768140455604412e-05 -0.0005276491749383644 0.001829721902501785 0.00056350616469645588 0.0017476725287076068 0.00026100102921722913 0.0027678681704362863 0.00032181852962938302 0.0014563857903361307 -0.0022188163224657539 0.0039134424345101376 -0.00010502686771216341 -0.00089811479417319594 0.0029167660036684231
leaf_weight=2998.9676170349121 4087.881767064333 6593.7050629556179 1121.6578314006329 3628.7944284379482 1429.6248484551907 3468.8994072973728 154.10759970545769 1766.8296917378902 144.03501948714256 85.02468129992485 198.99315491318703 1575.0159270763397 3773.4424843192101 92.65572452545166
leaf_count=4441 6391 9877 1888 5133 2126 5027 299 2668 220 132 284 2347 5696 137
internal_value=-3.01935e-05 -0.000447811 0.00074899 0.000563938 0.000900713 -0.000142483 0.000159754 -0.000346902 0.00185096 4.15111e-05 0.0021567 -0.000882554 -0.000666562 0.000334497
internal_weight=31119.6 20269.5 10850.1 9300.41 5058.42 11922.1 4241.99 8360.53 1549.71 229.06 1320.65 8347.43 5348.46 3561.56
internal_count=46666 30193 16473 13949 7259 17709 6690 12545 2524 352 2172 12484 8043 5164
is_linear=0
shrinkage=0.02


Tree=107
num_leaves=15
num_cat=0
split_feature=16 44 44 14 13 44 38 13 2 53 48 0 31 44
split_gain=29.9854 8.12848 6.03784 3.53679 2.84123 2.79356 2.35031 2.12514 1.99948 1.86276 1.59776 1.67231 1.51015 1.50623
threshold=10.020000000000003 2.0842548407718566 0.83624549092412137 10.500000000000002 1.0000000180025095e-35 3.6009515540321604 2.5000000000000004 2.117786268343933 32.961000000000006 0.14999999999999999 1.0000000180025095e-35 16.839552652505429 1.7429119589455284 0.28477828506571873
decision_type=2 2 2 2 2 2 2 2 2 2 2 2 2 2
left_child=2 4 10 5 12 -3 -6 9 -5 -4 13 -12 -2 -1
right_child=1 3 7 8 6 -7 -8 -9 -10 -11 11 -13 -14 -15
leaf_value=-0.0024508754034776744 -0.00028470013986895792 0.0014671215408697397 -0.00065759997325039263 0.0012741375787641851 0.00066277121567814921 0.0033716577226190025 -0.0020685210023787481 0.00064852795466853626 -0.000175447599688748 -9.3746765663174498e-05 -1.4526720931051039e-05 -0.0010089914510823133 0.0016841492233363356 -0.0011234814281971442
leaf_weight=390.23218402266502 2932.6021967530251 3265.5025112330914 4240.3311865627766 700.65966784954071 4874.8853254318237 351.14073157310486 125.79252210259438 939.61824506521225 807.43274974822998 5347.310702174902 1118.9801347851753 1792.0070541799068 161.55757459998131 4071.582459628582
leaf_count=607 4134 5028 6541 985 7528 495 207 1578 1167 7857 1654 2684 232 5969
internal_value=-2.95371e-05 0.000692479 -0.000563337 0.00131619 0.000296152 0.00165656 0.000591267 -0.000254583 0.000492203 -0.00034425 -0.00100265 -0.000630426 -0.000177648 -0.00124286
internal_weight=31119.6 13219.6 17900.1 5124.74 8094.84 3616.64 5000.68 10527.3 1508.09 9587.64 7372.8 2910.99 3094.16 4461.81
internal_count=46666 19776 26890 7675 12101 5523 7735 15976 2152 14398 10914 4338 4366 6576
is_linear=0
shrinkage=0.02


Tree=108
num_leaves=15
num_cat=0
split_feature=44 16 27 13 44 13 4 37 23 16 46 34 21 53
split_gain=28.9061 7.58665 4.29916 4.32373 4.18463 3.2 3.07299 2.63 2.44311 2.28267 1.86544 1.69 1.54242 1.24199
threshold=1.3055232553441456 10.020000000000003 1.2293875388747473 1.9635934833703603 3.3483557382899236 1.0000000180025095e-35 28.65360349150799 0.26867971915215366 1.4345531095394375 7.4800000000000013 0.89444444444444449 0.87504216314188021 1.156573533144756 0.24999999999999997
decision_type=2 2 2 2 2 2 2 2 2 2 2 2 2 2
left_child=2 10 3 7 5 -3 9 -1 -8 -4 -2 -12 -5 -6
right_child=1 4 6 12 13 -7 8 -9 -10 -11 11 -13 -14 -15
leaf_value=-0.0011428770774301019 -0.0018500971998150449 0.0003560759556233306 -0.0027340377846138985 -3.202570725766646e-05 0.00077362553155235249 0.0011341765641938481 0.00051272164586031938 -0.00057360337824360799 0.0030861075111803154 0.0005807739300685103 0.00018120471661708845 -0.0011527727468362082 0.0015134550193439281 0.0027686828120215101
leaf_weight=5657.7618664503098 214.84273502230644 3582.2341204881668 184.66193228960037 1480.5083779394627 177.32159677147865 5330.8798054456711 997.67360284924507 7914.7367055118084 175.24216175079346 141.28514930605888 3914.9844866394997 417.9841785132885 308.02447181940079 621.49405491352081
leaf_count=8454 400 5035 276 2427 296 8320 1452 11629 261 208 5906 643 479 880
internal_value=-2.89577e-05 0.000633452 -0.000589811 -0.000689821 0.000949119 0.000822725 0.000428033 -0.000811778 0.000910314 -0.00127193 -3.85841e-05 4.97419e-05 0.000229948 0.00234134
internal_weight=31119.6 14259.7 16859.9 15361 9711.93 8913.11 1498.86 13572.5 1172.92 325.947 4547.81 4332.97 1788.53 798.816
internal_count=46666 21480 25186 22989 14531 13355 2197 20083 1713 484 6949 6549 2906 1176
is_linear=0
shrinkage=0.02


Tree=109
num_leaves=15
num_cat=0
split_feature=44 44 27 13 4 46 13 37 23 19 25 21 5 22
split_gain=27.7624 5.95042 4.13088 4.15441 2.95158 2.9328 2.75615 2.53607 2.34674 2.32258 1.90298 1.44164 1.2686 1.16131
threshold=1.3055232553441456 2.2761128947552316 1.2293875388747473 1.980939643689051 28.65360349150799 1.7321428571428574 0.3151526595041636 0.26867971915215366 1.4345531095394375 2.3553328423294855 0.77500000000000013 1.156573533144756 41.813861327262359 -0.48983523046533767
decision_type=2 2 2 2 2 2 2 2 2 2 2 2 2 2
left_child=2 9 3 7 13 -3 -7 -1 -6 10 -2 -5 -11 -4
right_child=1 5 4 11 8 6 -8 -9 -10 12 -12 -13 -14 -15
leaf_value=-0.0011191141076383737 -0.00013634975498950079 -0.0021342950408681626 -0.0029470931278690049 -2.041436580808007e-05 0.00050248774658299684 0.00076359365189227694 0.0017315604820651558 -0.0005606970886151626 0.0030250817982363544 0.00035851643611512629 0.00046974872386249726 0.0014878893761027683 0.0022057788577466942 -0.00035057276358446096
leaf_weight=5672.7972729206085 3354.7159640192986 100.37418952584267 106.99112501740456 1456.1909230947495 997.67360284924507 2382.9979452192783 2440.803071975708 7930.206634581089 175.24216175079346 265.28993055224419 5327.8792263567448 301.83659112453461 387.68065014481544 218.9559565782547
leaf_count=8477 5190 191 163 2388 1452 3410 3778 11654 261 425 7865 470 621 321
internal_value=-2.83484e-05 0.000620817 -0.000578 -0.000676039 0.000419644 0.00118399 0.00125596 -0.000794436 0.000892401 0.000322503 0.00023444 0.000234262 0.00147392 -0.00124614
internal_weight=31119.6 14259.7 16859.9 15361 1498.86 4924.18 4823.8 13603 1172.92 9335.57 8682.6 1758.03 652.971 325.947
internal_count=46666 21480 25186 22989 2197 7379 7188 20131 1713 14101 13055 2858 1046 484
is_linear=0
shrinkage=0.02


Tree=110
num_leaves=15
num_cat=0
split_feature=47 47 5 1 3 23 13 13 4 13 21 53 46 21
split_gain=27.8668 8.0875 3.63596 3.56095 3.52243 3.66768 2.88369 2.66961 2.13128 1.92915 1.74145 1.34062 1.14428 1.29665
threshold=1.2889286307213585 2.428645416826912 46.24423626986971 26.675000000000001 48.493646328544109 1.0805692952459505 0.078599369461628002 1.1536772585065889 30.994925356264442 2.6388840847073296 1.0020721284917935 1.3500000000000003 1.1833333333333336 1.0281641745731482
decision_type=2 2 2 2 2 2 2 2 2 2 2 2 2 2
left_child=2 4 3 8 5 -2 -5 10 -1 -6 -3 -9 -4 -14
right_child=1 7 12 6 9 -7 -8 11 -10 -11 -12 -13 13 -15
leaf_value=-0.0012034549161009211 -0.00022079468163542618 0.001696356666838755 0.0011348677575000411 -0.00084159257728029654 0.00091571114095892166 0.00065851593618766887 0.00030999145552674037 0.0016412866776297063 -0.00064132939225574075 0.0043265049622247826 0.00063601189043067182 0.0030903026763274433 0.0013568863604887802 -0.0010946471267386795
leaf_weight=4243.4089339971542 5102.0448296666145 944.54338401556015 589.91255149245262 1398.8899430334568 1938.2012704610825 3011.3899595141411 2279.214811950922 946.88022157549858 7849.7181972265244 68.794459074735641 1962.333516985178 393.67860114574432 126.23363640904427 254.05290743708611
leaf_count=6435 7497 1452 893 1992 2981 4573 3527 1555 11677 126 2834 564 212 380
internal_value=-4.54987e-05 0.000600252 -0.000600299 -0.000673706 0.000291469 0.000104421 -0.000125491 0.00133316 -0.000839569 0.00104179 0.000984921 0.00207823 0.000581623 -0.000251877
internal_weight=31109.3 14367.9 16741.4 15771.2 10120.4 8113.43 3678.1 4247.44 12093.1 2007 2906.88 1340.56 970.199 380.287
internal_count=46698 21582 25116 23631 15177 12070 5519 6405 18112 3107 4286 2119 1485 592
is_linear=0
shrinkage=0.02


Tree=111
num_leaves=15
num_cat=0
split_feature=44 44 16 16 5 14 47 44 33 23 5 12 27 2
split_gain=28.3664 7.82076 3.97135 3.63305 3.78162 3.33 3.28884 2.89819 2.40928 2.51315 2.30555 1.7874 1.61071 0.688174
threshold=1.9429409826734232 1.0822252936359622 7.1400000000000006 12.140000000000002 48.018009771187579 10.500000000000002 1.9727382483590754 2.9492392092107531 0.25000000000000006 1.2608899115879433 48.227157262215549 17.851144525896519 0.52030979085754747 20.425250000000002
decision_type=2 2 2 2 2 2 2 2 2 2 2 2 2 2
left_child=1 3 6 4 -1 7 13 -4 10 -10 -3 -7 -5 -2
right_child=2 8 5 12 -6 11 -8 -9 9 -11 -12 -13 -14 -15
leaf_value=-0.00083332238960003913 -0.0042062222449489725 0.00019898444137643763 0.0011877806844056047 -0.0010677661302498757 0.0024980026002891114 -0.00090594717557226185 0.0005135788064007205 0.0023428082939948949 -0.00040531432810466506 0.00063703055386965675 0.001544505941739551 0.00076013324244506616 0.00091108459549935842 -0.0013659330481358501
leaf_weight=12016.904658854008 85.999350637197495 3895.5246216952801 3394.8300735652447 204.51704466342926 134.51608175039291 297.97491231560707 320.06577172875404 1212.6164807379246 5348.7047664821148 1110.7665121555328 589.71399089694023 1660.5463366508484 753.65534284710884 82.961279004812241
leaf_count=17922 164 5853 5168 324 217 415 468 1873 7964 1749 918 2399 1135 129
internal_value=-4.4535e-05 -0.000371921 0.00107007 -0.000701414 -0.000795217 0.00120011 -0.000653305 0.00149482 2.1888e-05 -0.000224384 0.00037873 0.000500885 0.00047695 -0.0029024
internal_weight=31109.3 24054.3 7054.99 13109.6 12151.4 6565.97 489.026 4607.45 10944.7 6459.47 4485.24 1958.52 958.172 168.961
internal_count=46698 36082 10616 19598 18139 9855 761 7041 16484 9713 6771 2814 1459 293
is_linear=0
shrinkage=0.02


Tree=112
num_leaves=15
num_cat=0
split_feature=44 44 0 16 41 13 13 24 46 17 18 15 24 37
split_gain=27.2416 7.51154 4.02472 3.48856 3.06755 2.71281 2.2333 2.3475 2.0327 2.02941 1.86348 1.67507 1.61464 1.58582
threshold=1.9429409826734232 1.0822252936359622 22.062865367457317 12.140000000000002 1.9166547898254478 1.0780143898787966 2.117786268343933 1.2064050945622655 1.9500000000000002 2.2317335959799345 1.9685808339287358 7.7976364086000549 0.92451536944740831 0.056360009540523802
decision_type=2 2 2 2 2 2 2 2 2 2 2 2 2 2
left_child=1 3 8 4 -1 10 11 -8 -2 -7 -4 -3 -10 -5
right_child=2 6 5 13 -6 9 7 -9 12 -11 -12 -13 -14 -15
leaf_value=-0.00084364893577665648 -0.0031449440885410007 -0.00047130155649870306 0.0027766851110185009 -0.0023407992081751197 0.00078701622520049267 0 0.0004963256244449319 0.0032279969386424683 -0.001714592699953503 0.0019453833167202045 0.00077660264843352025 9.8653153822001705e-05 0.0024910795929982714 0.00070729804687041486
leaf_weight=11678.852602869272 127.49058857560158 2896.1557045578957 197.65020924806595 70.817224115133286 472.5681377351284 234.02571684122086 793.39437082409859 151.41239604353905 72.420997500419617 1934.4200585782528 4420.547113776207 7103.7474198043346 68.439520120620728 887.35516339540482
leaf_count=17393 242 4458 293 105 746 413 1326 249 135 2996 6434 10451 103 1354
internal_value=-4.36162e-05 -0.000364452 0.00104866 -0.000687366 -0.000779291 0.00114453 2.14757e-05 0.000950552 -0.00132928 0.00173276 0.000865532 -6.54776e-05 0.000265075 0.000467196
internal_weight=31109.3 24054.3 7054.99 13109.6 12151.4 6786.64 10944.7 944.807 268.351 2168.45 4618.2 9999.9 140.861 958.172
internal_count=46698 36082 10616 19598 18139 10136 16484 1575 480 3409 6727 14909 238 1459
is_linear=0
shrinkage=0.02


Tree=113
num_leaves=14
num_cat=0
split_feature=47 47 5 1 33 22 13 45 13 13 13 15 46
split_gain=24.8222 7.20582 3.34866 3.26773 3.09478 3.61685 2.76651 2.76256 2.60018 2.38007 2.08452 1.12427 1.1554
threshold=1.2889286307213585 2.428645416826912 46.24423626986971 26.675000000000001 0.65000000000000013 1.279896191483757 0.078599369461628002 4.6750000000000007 0.15637367337194158 1.1536772585065889 2.5237157855268095 6.3195089776666711 1.1055555555555558
decision_type=2 2 2 2 2 2 2 2 2 2 2 2 2
left_child=2 4 3 10 8 -6 -5 9 -2 -3 -1 -4 -13
right_child=1 7 11 6 5 -7 -8 -9 -10 -11 -12 12 -14
leaf_value=-0.00085356733753444696 4.5124744213109694e-05 0.00081706468254104869 0.002351996630250023 -0.000813070110306844 -0.00066954618478874542 0.0011448424126349593 0.00031496059431014285 0.0038219630633166374 0.0008074580484928271 0.0018697933591137108 0.00038782284597975789 0.00094027414028764538 -0.00053831782449612596
leaf_weight=11537.904252737761 3123.5846406817436 2798.0674854516983 122.8129760324955 1398.8899430334568 2167.8999418020248 546.28814134001732 2279.214811950922 163.38425064086914 4282.6577948927879 1285.9839876294136 555.22287848591805 482.74826908111572 364.63785022497177
leaf_count=17159 4463 4138 198 1992 3221 822 3527 225 6671 2042 953 723 564
internal_value=-4.27096e-05 0.000566726 -0.000566343 -0.000636807 0.000275189 -0.000300106 -0.000111554 0.00125857 0.000487393 0.00115175 -0.000795691 0.000567773 0.00029248
internal_weight=31109.3 14367.9 16741.4 15771.2 10120.4 2714.19 3678.1 4247.44 7406.24 4084.05 12093.1 970.199 847.386
internal_count=46698 21582 25116 23631 15177 4043 5519 6405 11134 6180 18112 1485 1287
is_linear=0
shrinkage=0.02


Tree=114
num_leaves=14
num_cat=0
split_feature=44 44 0 16 5 14 44 25 5 36 41 36 50
split_gain=25.2951 6.96419 3.84525 3.2971 3.56512 2.9621 2.87659 1.9965 1.67708 1.54862 1.51945 1.50936 1.08389
threshold=1.9429409826734232 1.0822252936359622 22.062865367457317 12.140000000000002 48.018009771187579 10.500000000000002 3.8700133282489291 2.5500000000000003 44.801643042780334 0.58571428571428574 0.89183131533367199 0.15476190476190474 0.079371096835665164
decision_type=2 2 2 2 2 2 2 2 2 2 2 2 2
left_child=1 3 10 4 -1 6 -4 8 -3 -7 12 -5 -2
right_child=2 7 5 11 -6 9 -8 -9 -10 -11 -12 -13 -14
leaf_value=-0.00078830234127536707 -0.0029085952730805546 -0.00017718957833976677 0.0012762547237171568 -0.0014986832145901137 0.0024461454006182498 -2.28334149432129e-05 0.0038557870144189043 0.0027059584726312484 0.00035603692075857811 0.001078220861184091 0.0015848233756333074 0.00078391087405447167 0.00015622253938367471
leaf_weight=12016.904658854008 159.82888698577881 7370.2067211866379 4565.0315255224705 130.39076870679855 134.51608175039291 1138.8899025022984 182.82531318068504 107.6526235640049 3466.8505464792252 899.89635723829269 52.628474801778793 827.78161880373955 55.89374440908432
leaf_count=17922 297 11116 6987 198 217 1621 242 150 5218 1286 91 1261 92
internal_value=-4.17981e-05 -0.000350971 0.00101072 -0.000661897 -0.000751278 0.00110445 0.00137927 2.05976e-05 -5.64988e-06 0.000458839 -0.00131338 0.0004604 -0.00207443
internal_weight=31109.3 24054.3 7054.99 13109.6 12151.4 6786.64 4747.86 10944.7 10837.1 2038.79 268.351 958.172 215.723
internal_count=46698 36082 10616 19598 18139 10136 7229 16484 16334 2907 480 1459 389
is_linear=0
shrinkage=0.02


Tree=115
num_leaves=15
num_cat=0
split_feature=44 44 13 14 13 16 0 12 12 33 23 2 16 1
split_gain=21.213 6.3662 4.55921 3.74035 3.62911 3.04962 3.09128 3.03114 2.8994 2.88103 2.80803 2.25421 2.0579 1.68404
threshold=1.8673352611982976 1.1025730823873268 2.117786268343933 9.5000000000000018 0.80026344573914898 14.567500000000003 34.957680824172414 17.906331933174283 18.77456232052489 -0.14999999999999988 1.1818373316713362 30.710750000000001 26.390000000000004 21.597666666666672
decision_type=2 2 2 2 2 2 2 2 2 2 2 2 2 2
left_child=1 4 9 8 10 6 -5 -6 12 -3 -1 -7 -2 -4
right_child=3 2 13 5 7 11 -8 -9 -10 -11 -12 -13 -14 -15
leaf_value=-0.0010710772113657571 0.0007802957752654229 0.0007041883729704693 -0.00019489829540392446 0.00010836506138591341 -0.0010675156730847188 0.0025368159933396605 -0.0036901026952653377 8.0708616374195689e-05 0.0021157944799623154 -0.00022721224671718064 -0.00021621950207997712 0.00072808864085621467 0.003647699891625839 0.0019085573797141568
leaf_weight=6170.3220283985138 2130.9345600306988 1611.9722284972668 184.30431443452835 1999.0702636241913 1185.5945316553116 336.43768599629402 87.45679447054863 4021.5633832812309 1336.6440960168839 7461.8232517838478 2089.9560509026051 1709.4473423957825 105.74356496334076 686.35230058431625
leaf_count=8913 3312 2379 317 2951 1827 478 126 6392 2072 11140 3013 2495 176 1119
internal_value=-1.18017e-05 -0.000311707 7.1193e-05 0.000897931 -0.000595154 0.000484079 -4.94409e-05 -0.000179115 0.0013732 -6.05271e-05 -0.000856102 0.0010326 0.000923463 0.0014524
internal_weight=31117.6 23411.9 9944.45 7705.73 13467.4 4132.41 2086.53 5207.16 3573.32 9073.8 8260.28 2045.89 2236.68 870.657
internal_count=46710 35100 14955 11610 20145 6050 3077 8219 5560 13519 11926 2973 3488 1436
is_linear=0
shrinkage=0.02


Tree=116
num_leaves=15
num_cat=0
split_feature=44 44 14 16 6 12 16 14 16 12 16 15 4 53
split_gain=20.3779 6.1146 3.59251 3.06872 2.99214 2.78271 2.7733 2.63343 2.49691 2.03955 1.97743 1.9183 1.68899 1.22855
threshold=1.8673352611982976 1.1025730823873268 9.5000000000000018 3.6499999999999999 6.5000000000000009 18.77456232052489 14.567500000000003 8.5000000000000018 12.680000000000003 17.91627965741689 26.390000000000004 13.784524838845163 28.65360349150799 0.65000000000000013
decision_type=2 2 2 2 2 2 2 2 2 2 2 2 2 2
left_child=1 3 5 9 6 10 -4 8 -3 -1 -2 -5 -9 -7
right_child=2 7 4 11 -6 13 -8 12 -10 -11 -12 -13 -14 -15
leaf_value=-0.0021911925066663519 0.00076470449270704059 0.00021802763954536291 7.6362955644379221e-05 -0.00046708711048439782 -0.0015958455457765195 0.0014222762974702853 0.0011521477762290381 -0.0013034627625625479 0.0017029104486283204 -0.00087002981905845965 0.0035761001625502185 0.001872311219689144 -2.5272541773042364e-05 0.0026932110090760182
leaf_weight=646.16272696852684 2130.9345600306988 1441.0697346031666 1944.6755628585815 10790.459237098694 257.21376144886017 662.78859943151474 1930.5227621793747 437.36570462584496 672.61648121476173 1892.3285680711269 105.74356496334076 138.48546209931374 7393.4001748561859 673.85549658536911
leaf_count=977 3312 2306 2880 16121 358 1087 2812 675 1046 2836 176 211 10928 985
internal_value=-1.15321e-05 -0.000305482 0.000880108 -0.000583273 0.000474442 0.00134592 0.000615188 6.97579e-05 0.000696436 -0.00121172 0.000905162 -0.000436192 -9.82536e-05 0.00207354
internal_weight=31117.6 23411.9 7705.73 13467.4 4132.41 3573.32 3875.2 9944.45 2113.69 2538.49 2236.68 10928.9 7830.77 1336.64
internal_count=46710 35100 11610 20145 6050 5560 5692 14955 3352 3813 3488 16332 11603 2072
is_linear=0
shrinkage=0.02


Tree=117
num_leaves=15
num_cat=0
split_feature=44 44 13 50 13 13 2 6 53 19 46 22 53 3
split_gain=19.6041 6.31391 4.64821 3.67852 3.48559 3.06703 2.64592 2.59067 2.51283 2.48327 2.21334 2.05718 1.48573 1.4242
threshold=1.9429409826734232 1.1025730823873268 2.117786268343933 -0.29623565959108772 0.80026344573914898 1.0000000180025095e-35 23.669083333333337 4.5000000000000009 0.45000000000000007 0.22246708997965034 1.4722222222222225 0.91733357193545884 0.65000000000000013 41.021762601344577
decision_type=2 2 2 2 2 2 2 2 2 2 2 2 2 2
left_child=1 4 3 -3 9 7 13 8 -2 -1 -6 -4 -9 -7
right_child=5 2 11 -5 10 6 -8 12 -10 -11 -12 -13 -14 -15
leaf_value=-0.00114873173996618 -0.00024155824868209269 0.00091598736115889538 0.00078816864795116853 -0.00020681399802588516 -0.00022144751886852973 0.0016727056551365496 0.001394242888601666 0.00023406512001215344 0.0010673466417448201 -0.00044687584075553865 0.0028730553296883806 0.0028824029326643664 -0.0023766355714984143 -0.0015722217179491131
leaf_weight=4461.4079261124134 866.89099091291428 1355.6733038723469 637.70774474740028 8276.7878517508507 5115.3539859056473 70.844231575727463 3893.534993827343 146.55603218078613 1740.594662040472 3798.8701531887054 91.803929030895233 278.70737463235855 191.4320176243782 191.45719963312149
leaf_count=6432 1333 2014 1046 12345 8048 113 6076 209 2361 5494 171 472 254 342
internal_value=-1.12667e-05 -0.000284564 8.10124e-05 -4.75956e-05 -0.000571627 0.000911424 0.00126244 0.000412258 0.000628501 -0.000827348 -0.000163889 0.00144086 -0.00122047 -0.000651947
internal_weight=31117.6 24016.3 10548.9 9632.46 13467.4 7101.31 4155.84 2945.47 2607.49 8260.28 5207.16 916.415 337.988 262.301
internal_count=46710 36022 15877 14359 20145 10688 6531 4157 3694 11926 8219 1518 463 455
is_linear=0
shrinkage=0.02


Tree=118
num_leaves=15
num_cat=0
split_feature=4 1 13 13 13 3 25 5 5 19 16 16 24 2
split_gain=18.3141 8.28846 5.70206 2.86711 2.7875 3.58373 2.75816 2.25546 1.81979 1.78641 1.715 1.69039 1.26736 1.24082
threshold=47.39816429976279 24.255333333333336 1.0780143898787966 2.4769091732542825 1.0000000180025095e-35 49.701039733564834 2.5500000000000003 28.712344873618505 35.418323705940459 -3.2307800987559356 3.1366666666666672 24.330000000000005 1.4068528179905084 32.881916666666669
decision_type=2 2 2 2 2 2 2 2 2 2 2 2 2 2
left_child=1 3 6 10 11 9 -3 -4 -5 -6 -1 13 -13 -2
right_child=4 2 7 8 5 -7 -8 -9 -10 -11 -12 12 -14 -15
leaf_value=-0.0012447202537641676 0.00056813141873662874 -0.00026419023665421871 -0.00067423597158721902 -0.00023782809393472115 0.0038547165534904182 0.0020941112398374746 0.003668995211146343 0.00089957854915377448 0.0019355399960800258 0.00073664323789388562 -0.0006043250874496562 0.0032721382283204983 0 -0.00026802569194660849
leaf_weight=2078.7242443263531 1791.283727824688 7146.7080590426922 398.88842585682869 354.49969133734703 75.009062707424164 1186.1626025736332 69.745922386646271 3411.487160384655 261.24100223183632 3376.7472152113914 9605.3823380768299 132.13024708628654 74.708402305841446 1154.9042956829071
leaf_count=3110 2481 10425 657 601 107 2002 97 5355 464 5172 14271 205 110 1653
internal_value=-1.10213e-05 -0.00029175 0.000105634 -0.000648778 0.000828079 0.00114095 -0.000223785 0.000731934 0.000671362 0.000809489 -0.000719307 0.00036426 0.00210932 0.000237007
internal_weight=31117.6 23326.7 11026.8 12299.8 7790.95 4637.92 7216.45 3810.38 615.741 3451.76 11684.1 3153.03 206.839 2946.19
internal_count=46710 34980 16534 18446 11730 7281 10522 6012 1065 5279 17381 4449 315 4134
is_linear=0
shrinkage=0.02


Tree=119
num_leaves=14
num_cat=0
split_feature=16 1 14 52 3 33 3 0 16 50 53 18 1
split_gain=17.6343 6.83283 4.70737 3.37009 3.03547 2.63657 2.51717 2.42334 2.10283 1.98327 1.69708 1.12105 1.69064
threshold=14.680000000000003 24.255333333333336 10.500000000000002 2.6500000000000008 47.772654879540042 -1.0000000180025095e-35 45.633354845518191 21.869367249015678 19.22000000000001 -0.24121038482272522 1.0500000000000003 3.2683926913430326 34.430000000000014
decision_type=2 2 2 2 2 2 2 2 2 2 2 2 2
left_child=1 6 4 7 -3 -4 9 -2 -9 -1 -8 12 -5
right_child=3 2 5 11 -6 -7 10 8 -10 -11 -12 -13 -14
leaf_value=-2.5151682209453812e-05 0.0043260026309291091 0.00020215958261012281 0.00036494724394077493 0.0026344095454724288 0.0012696593442187839 -0.00085862307782037046 -8.4931732907621884e-05 0.0003916744519072067 0.0012572628204582546 -0.0007516242553536615 0.0016827638529242565 0.0035638076262497517 0.00069786207428415418
leaf_weight=1794.8858416676521 73.998623996973038 7018.1028829813004 968.799780189991 387.54294827580452 1263.4068645238876 2481.0439566075802 1041.0348196029663 3253.3961269855499 1758.3602464795113 10259.719475537539 269.6529658138752 175.35648509860039 372.32137927412987
leaf_count=2700 113 10714 1347 541 1993 3609 1673 4844 2740 15274 393 226 543
internal_value=-1.07629e-05 -0.000244296 0.000107225 0.000960749 0.000366489 -0.000512105 -0.000553561 0.000754176 0.000697739 -0.000644307 0.000273135 0.00206942 0.00170298
internal_weight=31117.6 25096.6 11731.4 6020.98 8281.51 3449.84 13365.3 5085.75 5011.76 12054.6 1310.69 935.221 759.864
internal_count=46710 37703 17663 9007 12707 4956 20040 7697 7584 17974 2066 1310 1084
is_linear=0
shrinkage=0.02


Tree=120
num_leaves=15
num_cat=0
split_feature=44 44 3 14 19 14 23 2 44 46 36 2 32 20
split_gain=19.8655 6.38156 3.32972 3.09783 2.94692 2.36791 2.51779 2.20665 2.47148 2.00194 1.70648 1.48248 1.36353 1.33266
threshold=1.9429409826734232 1.1563730726155994 28.661707788351141 10.500000000000002 2.9869821049570313 12.500000000000002 1.1221598159789012 25.056333333333335 3.7185999048324474 1.5277777777777779 0.38750000000000007 30.710750000000001 1.2500000000000002 0.17740751992880982
decision_type=2 2 2 2 2 2 2 2 2 2 2 2 2 2
left_child=1 2 -1 7 -4 6 -3 13 -9 -7 12 -12 -5 -2
right_child=3 5 4 10 -6 9 -8 8 -10 -11 11 -13 -14 -15
leaf_value=-0.0012186017178856853 -0.001105193310707736 -2.6292448370536149e-05 -0.00048774335754992842 -0.00084712424738259628 0.0008433891693758025 -0.00011039316184133092 0.00068897091815128754 0.001200650253855089 0.0032273322845660321 -0.0022919925280615368 0.0016532752921357623 0.00022933987471516034 0.0011413055895079121 0.0013017682966071887
leaf_weight=2470.8436557650566 252.83604109287262 6044.0593355298042 11299.432328075171 655.99645382165909 699.85769906640053 437.4274520277977 2899.7105944752693 4303.0485206544399 261.10468122363091 282.66914719343185 455.01988252997398 872.04781568050385 169.20706680417061 140.10351806879044
leaf_count=3709 410 9049 16882 944 1055 602 4473 6611 366 396 663 1258 234 215
internal_value=-8.29104e-06 -0.000282334 -0.000548203 0.000920408 -0.000409144 0.00011476 0.000204592 0.00119605 0.00132014 -0.00098459 0.000280386 0.000726851 -0.000425536 -0.000219419
internal_weight=31243.4 24134 14470.1 7109.36 11999.3 9663.87 8943.77 4957.09 4564.15 720.097 2152.27 1327.07 825.204 392.94
internal_count=46867 36166 21646 10701 17937 14520 13522 7602 6977 998 3099 1921 1178 625
is_linear=0
shrinkage=0.02


Tree=121
num_leaves=15
num_cat=0
split_feature=47 16 14 16 3 50 1 8 5 14 27 23 20 10
split_gain=18.6854 4.82501 4.39906 3.62075 3.26062 2.50231 2.08225 2.07498 1.52389 1.58814 1.26349 1.25285 1.21612 1.09216
threshold=1.5638705925698326 3.6499999999999999 10.500000000000002 14.680000000000003 49.829679276112891 -0.28570878443948983 20.036833333333337 1.5000000000000002 25.395239056240651 11.500000000000002 0.76271662754067882 1.1818373316713362 1.7199796258669127 1.0000000180025095e-35
decision_type=2 2 2 2 2 2 2 2 2 2 2 2 2 2
left_child=1 8 4 5 6 -3 -2 10 13 -10 -4 -5 -9 -1
right_child=2 3 7 11 -6 -7 -8 12 9 -11 -12 -13 -14 -15
leaf_value=-0.002402290435640035 -0.00086878199161902312 0.00039124089837265388 -0.0034688941440838023 0.00011584324868518953 0.0019891982361923692 -0.000407072196064585 0.00083485339259621973 0.00032807770357652015 -0.001102424867173508 0.00022375853623747641 -0.00049952990670310113 0.0013789650564893124 -0.0010150711971286404 0
leaf_weight=486.91925847530365 293.24679419398308 1751.6049168109894 96.790381699800491 625.47825106978416 1003.7434345781803 14199.54680660367 6354.0664109289646 2708.4653414785862 2092.7487139105797 421.22527360916138 162.00750705599785 670.25732034444809 294.83283594250679 82.430945307016373
leaf_count=759 434 2658 139 904 1669 21233 9578 3923 3202 601 223 995 424 125
internal_value=-8.10704e-06 -0.000366764 0.000659067 -0.000235683 0.000921266 -0.000318744 0.000757955 4.08434e-05 -0.00109611 -0.000876242 -0.0016665 0.000778054 0.000192306 -0.00204298
internal_weight=31243.4 20330.2 10913.2 17246.9 7651.06 15951.2 6647.31 3262.1 3083.32 2513.97 258.798 1295.74 3003.3 569.35
internal_count=46867 30477 16390 25790 11681 23891 10012 4709 4687 3803 362 1899 4347 884
is_linear=0
shrinkage=0.02


Tree=122
num_leaves=15
num_cat=0
split_feature=44 44 3 12 44 19 13 0 0 1 47 12 36 23
split_gain=18.4625 5.92177 3.14401 2.83428 2.99457 2.81846 2.37776 2.27503 2.24801 2.02548 1.96852 1.86745 1.45677 1.08239
threshold=1.9429409826734232 1.1563730726155994 28.661707788351141 18.839424048541197 2.5052572342848518 2.9869821049570313 0.012706500820191152 21.77991383150351 19.793044301678503 21.311833333333336 1.9879138876306965 18.706327139539649 1.3875000000000002 1.5331971198921852
decision_type=2 2 2 2 2 2 2 2 2 2 2 2 2 2
left_child=1 2 13 4 10 -4 8 -5 -3 -8 -2 -6 -9 -1
right_child=3 6 5 7 11 -7 9 12 -10 -11 -12 -13 -14 -15
leaf_value=-0.0013118974528966137 0.00099493203837139788 0.00099198200765592123 -0.00046998590886793883 -0.0010948282114685709 0.0012765351226461932 0.00083178331764695377 -0.00040107954707071082 0.0016222714115239332 -0.00046384568558031892 0.00054445669696151391 -0.00041403091810726363 -0.00043733214110873149 -4.9624004883203703e-05 0.00010720357056063115
leaf_weight=2247.7230206131935 548.28832045197487 480.85799017548561 11299.432328075171 137.17730605602264 1927.9501555263996 699.85769906640053 1105.83199685812 2583.1669321358204 3328.225501537323 4748.9510406553745 1416.3244942426682 282.41158953309059 214.04518193006516 223.1206351518631
leaf_count=3354 859 686 16882 229 2884 1055 1762 3873 4690 7382 2085 466 305 355
internal_value=-7.93962e-06 -0.000272139 -0.000528256 0.000887352 0.000548133 -0.000393101 0.000110351 0.00136588 -0.000277014 0.000364084 -1.51177e-05 0.00105284 0.00149082 -0.00117972
internal_weight=31243.4 24134 14470.1 7109.36 4174.97 11999.3 9663.87 2934.39 3809.08 5854.78 1964.61 2210.36 2797.21 2470.84
internal_count=46867 36166 21646 10701 6294 17937 14520 4407 5376 9144 2944 3350 4178 3709
is_linear=0
shrinkage=0.02


Tree=123
num_leaves=15
num_cat=0
split_feature=44 44 3 14 15 44 14 2 52 46 14 6 3 6
split_gain=17.7297 5.687 3.01864 2.86622 2.62319 2.45188 2.22368 2.06124 1.95408 1.91839 1.79838 1.44988 1.60696 0.850424
threshold=1.9429409826734232 1.1563730726155994 28.661707788351141 10.500000000000002 15.99009934012865 3.7185999048324474 12.500000000000002 36.767500000000005 1.3500000000000003 1.5277777777777779 7.5000000000000009 6.5000000000000009 38.396957662719366 1.5000000000000002
decision_type=2 2 2 2 2 2 2 2 2 2 2 2 2 2
left_child=1 2 13 4 7 -6 10 -2 -4 -8 -3 12 -5 -1
right_child=3 6 8 11 5 -7 9 -9 -10 -11 -12 -13 -14 -15
leaf_value=-0.00021496449414532993 0.00082923899749945949 0.0012497457700424352 -0.00053050908956712355 0.003191380677969985 0.001412357880695688 0.0036415253775544734 -0.00010101786924204317 -0.0018565449561781828 6.0320051009598399e-05 -0.0022369362957189824 0.00011747592934682089 -0.001488085254749945 0.00028766589291387239 -0.0013090293964614266
leaf_weight=355.26234591007233 2605.1281470954418 603.11850795149803 9065.2416375875473 78.508721351623535 2010.0936802327633 226.33388748764992 437.4274520277977 115.53704622387886 2934.0483895540237 282.66914719343185 8340.6514220535755 171.38151505589485 1902.3809824287891 2115.5813098549843
leaf_count=526 4077 979 13420 118 3018 312 602 195 4517 396 12543 238 2743 3183
internal_value=-7.77862e-06 -0.000266689 -0.000517679 0.000869559 0.00113468 0.00164548 0.000108126 0.00071023 -0.000385221 -0.00095718 0.00019521 0.000253799 0.000410895 -0.00115607
internal_weight=31243.4 24134 14470.1 7109.36 4957.09 2236.43 9663.87 2720.67 11999.3 720.097 8943.77 2152.27 1980.89 2470.84
internal_count=46867 36166 21646 10701 7602 3330 14520 4272 17937 998 13522 3099 2861 3709
is_linear=0
shrinkage=0.02


Tree=124
num_leaves=15
num_cat=0
split_feature=44 44 41 52 12 44 33 13 49 0 2 50 23 6
split_gain=17.0307 5.46196 2.87739 2.78261 2.73287 2.84468 2.41909 2.4428 2.35922 2.18036 2.12964 1.84713 1.54336 1.39661
threshold=1.9429409826734232 1.1563730726155994 1.9166547898254478 0.75000000000000011 18.839424048541197 2.5052572342848518 0.75000000000000011 0.078599369461628002 2.2500000000000004 21.77991383150351 27.397416666666668 -0.076807386497819582 1.2937079657831985 6.5000000000000009
decision_type=2 2 2 2 2 2 2 2 2 2 2 2 2 2
left_child=1 2 3 -1 5 8 7 -3 -2 -6 -7 -8 -4 -11
right_child=4 6 12 -5 9 10 11 -9 -10 13 -12 -13 -14 -15
leaf_value=-0.00096516146139127206 0.00040416935923193924 -0.00016251238026824204 0.00016193376996865075 -0.00036239135935871081 -0.0010862982788174711 -0.0014928870544238515 0.00024861208145870675 0.00056928064910444817 -0.0011260962874942279 0.001549579455330698 0.0011648793141289611 -0.00095749996988180313 0.002451042756389753 -0.00041121056682256064
leaf_weight=4652.6794613003731 1401.91137611866 3029.3110627233982 399.47740080952644 9245.9617547988892 137.17730605602264 123.08420550823212 812.41019049286842 4519.0648418962955 562.70143857598305 2652.6773888170719 2087.2775395512581 1303.0804341137409 172.01506599783897 144.53472524881363
leaf_count=6808 2113 4295 633 13939 229 216 1233 7069 831 3970 3134 1923 266 208
internal_value=-7.60633e-06 -0.000261368 -0.000507345 -0.000565003 0.000852258 0.000519163 0.000105938 0.000274308 -2.97416e-05 0.0013221 0.00101115 -0.000489798 0.000874521 0.00144447
internal_weight=31243.4 24134 14470.1 13898.6 7109.36 4174.97 9663.87 7548.38 1964.61 2934.39 2210.36 2115.49 571.492 2797.21
internal_count=46867 36166 21646 20747 10701 6294 14520 11364 2944 4407 3350 3156 899 4178
is_linear=0
shrinkage=0.02


Tree=125
num_leaves=15
num_cat=0
split_feature=4 44 44 27 2 14 47 47 50 33 23 14 32 50
split_gain=15.8186 4.86319 3.19946 2.67391 2.40477 2.04634 1.99907 1.93892 1.64564 1.59697 1.27322 1.25137 1.13341 0.978848
threshold=42.527368640712915 2.635952197547542 0.56067598628934723 1.7063952561448363 33.763416666666679 8.5000000000000018 0.67509072019560834 1.7781119046836975 0.54652997299971051 1.0000000180025095e-35 0.85861213933684633 10.500000000000002 0.8500000000000002 -0.18823828303738796
decision_type=2 2 2 2 2 2 2 2 2 2 2 2 2 2
left_child=2 3 6 5 12 -2 13 8 -4 -9 -5 -6 -3 -1
right_child=1 4 7 10 11 -7 -8 9 -10 -11 -12 -13 -14 -15
leaf_value=-3.4982042991105919e-05 0.00086673508714508866 0.0013402766011673252 -0.00026265645917368497 -0.00031963142012913636 0.0011014608259144209 0.00016054092560103552 0.00087263449838237243 -0.00041129750821601227 -0.0024993729091981739 0.0010623200915883121 0.0022549549796594256 -0.00016217754183411618 0.0025516162518824841 -0.0012424421218925113
leaf_weight=323.01894322037697 2073.5332968533039 721.27915242314339 13214.672887921333 85.397709429264069 1095.9338750243187 8139.191419929266 215.72821828722954 446.89686781167984 132.09537580609322 813.2505196928978 418.82215851545334 419.94747698307037 639.8486470580101 2329.3986315429211
leaf_count=477 3255 1095 19913 126 1701 12051 367 659 195 1246 619 618 926 3446
internal_value=6.21739e-05 0.000574066 -0.000335478 0.000376617 0.00130533 0.000305043 -0.00094699 -0.000214607 -0.000285914 0.000531972 0.00179961 0.000745052 0.00191996 -0.0010993
internal_weight=31069 13594 17475.1 10716.9 2877.01 10212.7 2868.15 14606.9 13346.8 1260.15 504.22 1515.88 1361.13 2652.42
internal_count=46694 20391 26303 16051 4340 15306 4290 22013 20108 1905 745 2319 2021 3923
is_linear=0
shrinkage=0.02


Tree=126
num_leaves=13
num_cat=0
split_feature=16 44 41 41 12 44 14 12 41 24 19 19
split_gain=16.4976 4.90074 2.51833 2.40646 2.60413 2.14733 1.9087 1.6621 1.58853 1.47235 1.0696 1.14021
threshold=13.600000000000003 1.1563730726155994 1.8898745109102182 2.6948754195491218 19.078000324770425 3.3483557382899236 13.500000000000002 17.573684222166406 1.7499677531712783 0.92451536944740831 -0.030392956148567348 0.29237644780032573
decision_type=2 2 2 2 2 2 2 2 2 2 2 2
left_child=1 2 8 4 -3 6 7 -2 -1 -4 -7 -12
right_child=5 3 9 -5 -6 10 -8 -9 -10 -11 11 -13
leaf_value=-0.00046817830134031682 4.4603435238083949e-05 -8.6223066735332569e-05 0.0003358811008171308 -0.0035181944075774476 0.00057242836150181561 0.0029804353818119003 -0.0016639079951280367 0.00096742758777054879 -0.0024364875837497336 0.0029624613847350672 -0.00082814364952134474 0.0017850123586579201
leaf_weight=12999.075362563133 938.21203431487083 6198.2738338410854 436.63351112604141 69.169585317373276 3896.4435302615166 270.2155789732933 120.39180427789688 5447.900171071291 166.84967768192291 108.27883410453796 75.879192471504211 341.69206449389458
leaf_count=19443 1409 9427 692 121 5821 385 163 8200 251 164 108 510
internal_value=6.09372e-05 -0.000191719 -0.000438581 0.000140331 0.000167081 0.000900602 0.00078523 0.000833473 -0.000494248 0.000885015 0.00197209 0.00128464
internal_weight=31069 23874.7 13710.8 10163.9 10094.7 7194.29 6506.5 6386.11 13165.9 544.912 687.787 417.571
internal_count=46694 35919 20550 15369 15248 10775 9772 9609 19694 856 1003 618
is_linear=0
shrinkage=0.02


Tree=127
num_leaves=15
num_cat=0
split_feature=16 47 50 6 47 13 3 12 13 16 12 19 41 2
split_gain=15.8458 5.05668 2.87811 2.86153 2.64723 2.20103 2.21209 2.15978 2.08543 1.74271 1.86945 1.71346 1.52388 1.09156
threshold=13.600000000000003 1.4693670599618207 -0.23001920945568341 4.5000000000000009 0.36164187872918035 1.0000000180025095e-35 49.701039733564834 19.071347595377578 1.4173983699083899 23.830000000000005 18.8302617628467 0.75842448525587447 1.2648132837765385 32.294750000000015
decision_type=2 2 2 2 2 2 2 2 2 2 2 2 2 2
left_child=1 2 8 7 -4 9 11 -3 -1 10 -2 -7 -5 -8
right_child=5 3 4 12 -6 6 13 -9 -10 -11 -12 -13 -14 -15
leaf_value=-7.6605352433781245e-05 -0.00016710283282608273 0.00010577984624493836 -0.0013133871344620982 -0.00061618186187504425 -0.00038759452789073829 0.0012979035614862995 0.0033990549229127994 0.00089857907550610077 0.0012034734148598754 0.0020148376776453771 0.00091158076274231218 0.00036263649624587653 -0.0037431018675048496 0.0016451807079822533
leaf_weight=2146.3066785037518 1503.546776086092 3375.8366528451443 1373.2093160748482 512.18927311897278 13377.98582676053 1934.1102574467659 192.62724059820175 2356.6604744493961 660.60235744714737 257.96001335978508 1104.7628200948238 1379.5659994184971 71.933755695819855 821.71773859858513
leaf_count=3184 2122 5172 2048 726 20083 2896 331 3515 1087 382 1552 2142 104 1350
internal_value=5.97193e-05 -0.000187889 -0.000362716 0.000296453 -0.000474622 0.000882636 0.00116872 0.000433647 0.000221742 0.000446646 0.000286297 0.000911998 -0.00102978 0.00199412
internal_weight=31069 23874.7 17558.1 6316.62 14751.2 7194.29 4328.02 5732.5 2806.91 2866.27 2608.31 3313.68 584.123 1014.34
internal_count=46694 35919 26402 9517 22131 10775 6719 8687 4271 4056 3674 5038 830 1681
is_linear=0
shrinkage=0.02


Tree=128
num_leaves=15
num_cat=0
split_feature=4 44 13 1 52 51 12 43 52 33 17 44 12 52
split_gain=14.3338 4.42241 4.47511 3.41028 2.41503 2.10489 1.87039 1.81013 1.34521 1.1689 1.08016 1.05779 0.929846 1.53017
threshold=42.527368640712915 2.635952197547542 2.6388840847073296 20.578833333333339 1.2500000000000002 1.7500706093471805 16.820790149752167 -0.24999999999999992 0.45000000000000007 0.14999999999999999 1.763975080457725 1.037623209286813 19.603966622316978 2.6500000000000008
decision_type=2 2 2 2 2 2 2 2 2 2 2 2 2 2
left_child=3 2 5 8 6 -2 -5 -6 9 -1 -10 -4 -3 -14
right_child=1 12 11 4 7 -7 -8 -9 10 -11 -12 -13 13 -15
leaf_value=-0.00021256288975613334 0.00022937406997889187 0.0010930004032018866 0.00010752014242090477 -0.0023433878107758334 0.0025001924004395999 0.0018302572812913338 -0.00027251048885665693 0.00020578485699997766 -0.00058757949255286998 -0.0018280821313712936 0.0015056630284870252 0.0031811916846200272 0.0014670537840915591 0.0046706648663377573
leaf_weight=265.81701755523682 10045.199737787247 2495.9181213676929 61.970621794462204 179.08877143263817 141.77247294783592 340.0559703707695 6324.7905362546444 3903.4064602255821 5899.1643862426281 665.20270547270775 95.819094151258469 269.71825477480888 300.65690997242928 80.434120148420334
leaf_count=385 14888 3782 124 266 227 547 9431 5957 8908 993 136 492 450 108
internal_value=5.85449e-05 0.000545835 0.000357487 -0.000319968 -9.24406e-05 0.000283099 -0.000331773 0.000289864 -0.000664946 -0.00137899 -0.000551964 0.00264098 0.00124323 0.00219017
internal_weight=31069 13594 10716.9 17475.1 10549.1 10385.3 6503.88 4045.18 6926 931.02 5994.98 331.689 2877.01 381.091
internal_count=46694 20391 16051 26303 15881 15435 9697 6184 10422 1378 9044 616 4340 558
is_linear=0
shrinkage=0.02


Tree=129
num_leaves=15
num_cat=0
split_feature=16 45 52 50 47 12 4 41 5 0 50 22 22 22
split_gain=14.8471 4.92808 2.36922 2.11082 2.5138 2.08633 2.92068 1.98664 1.70446 2.06858 1.64788 1.63202 1.12295 1.44549
threshold=13.600000000000003 1.5500000000000003 2.8500000000000001 -0.23355160630898344 0.36164187872918035 17.932125293242176 37.151178213025311 2.4612322843815191 40.03581231145543 20.93433674912356 -0.12191060682618228 2.4801841982480197 -1.3466465005019688 2.3102807545393103
decision_type=2 2 2 2 2 2 2 2 2 2 2 2 2 2
left_child=1 3 8 11 -5 6 -3 -7 10 -10 -2 -1 -4 -14
right_child=2 5 12 4 -6 7 -8 -9 9 -11 -12 -13 13 -15
leaf_value=0.00016934102393151022 0.0012295847322045016 -0.0026473579957027077 0 -0.0012774442061747851 -0.00037487444073953935 0.00048315472314938972 8.5223518740026534e-06 -0.0028334210990433235 0.0041511749074102603 0.00079329485434584607 -0.00086066060055378819 -0.0027136438696455422 0.0026271527383525946 0
leaf_weight=3212.3490119576454 215.66251310706139 209.41976118087769 109.41634801030159 1379.2669952213764 12745.285220354795 5449.0787304341793 730.6293163895607 70.430450022220612 74.003023624420166 5662.4435528814793 480.04624190926552 78.264849334955215 553.06509777903557 99.654068291187286
leaf_count=4881 320 320 149 2057 19134 8177 1107 117 113 8559 722 126 767 145
internal_value=5.74146e-05 -0.000182252 0.000853984 -0.000357499 -0.000463887 0.000288634 -0.000576891 0.000438012 0.000726099 0.000839788 -0.000196706 9.61276e-05 0.00191547 0.00222896
internal_weight=31069 23874.7 7194.29 17415.2 14124.6 6459.56 940.049 5519.51 6432.16 5736.45 695.709 3290.61 762.136 652.719
internal_count=46694 35919 10775 26198 21191 9721 1427 8294 9714 8672 1042 5007 1061 912
is_linear=0
shrinkage=0.02


Tree=130
num_leaves=15
num_cat=0
split_feature=15 13 4 12 13 27 52 0 27 1 5 16 12 46
split_gain=12.5394 5.05062 3.27484 2.92327 2.38348 2.29262 2.06353 2.58049 1.77393 1.59906 1.28998 1.16475 1.14559 1.76981
threshold=13.569395321394067 2.117786268343933 42.527368640712915 18.497284796763186 1.0000000180025095e-35 1.2293875388747473 1.3500000000000003 30.088379085114273 1.3955206531377045 23.048666666666669 48.556735846495279 11.850000000000003 19.904807244864589 2.2928571428571431
decision_type=2 2 2 2 2 2 2 2 2 2 2 2 2 2
left_child=1 2 5 11 12 -1 10 -8 -4 -5 -6 -3 -2 -14
right_child=4 3 8 9 6 -7 7 -9 -10 -11 -12 -13 13 -15
leaf_value=-0.00053528991599013042 0.00021734397849892048 -0.00042094837009199837 -1.6235817039683332e-05 0.00052215430468908228 -0.00020996032122839217 0.0002228608899238711 0.0034338046683910096 0.001235197672819905 0.0011834361507765635 0.0019674441430003724 0.0010596553954796393 0.0013411830178518161 -0.00018043278759460584 0.0038305490634773644
leaf_weight=13612.042468041182 2460.846532523632 834.04113456606865 6498.2725354731083 579.28792577981949 600.55969071388245 1786.1920721232891 241.71319970488548 2301.3082220852375 530.29882895946503 712.69889405369759 657.09686800837517 179.90326038002968 76.162626802921295 88.989725738763809
leaf_count=20363 3448 1354 9732 993 921 2569 404 3329 784 1204 1115 300 104 121
internal_value=1.28582e-05 -0.000191344 -0.00028332 0.000698326 0.000800091 -0.000446678 0.00112126 0.00145064 7.31668e-05 0.00132896 0.000446075 -9.64271e-05 0.000330945 0.00194097
internal_weight=31159.4 24732.7 22426.8 2305.93 6426.68 15398.2 3800.68 2543.02 7028.57 1291.99 1257.66 1013.94 2626 165.152
internal_count=46741 37299 33448 3851 9442 22932 5769 3733 10516 2197 2036 1654 3673 225
is_linear=0
shrinkage=0.02


Tree=131
num_leaves=13
num_cat=0
split_feature=44 13 44 5 1 42 12 12 16 0 18 18
split_gain=12.7589 5.26376 3.41753 2.79461 2.12063 1.96355 1.87294 1.8095 2.05709 1.78821 1.75813 1.7134
threshold=1.8522355094256475 2.117786268343933 0.56067598628934723 35.619888417033437 15.989500000000001 1.1500000000000001 17.91627965741689 19.544401054378511 16.970000000000006 23.586667637153479 0.58667464675916303 1.6795092704112922
decision_type=2 2 2 2 2 2 2 2 2 2 2 2
left_child=1 2 10 11 -2 -4 -5 8 -6 -9 -1 -3
right_child=4 3 5 6 7 -7 -8 9 -10 -11 -12 -13
leaf_value=0.0014111151660837729 -0.0025580735184187165 -0.00041636218795532311 -0.00027069708960382612 -0.00023424353292849268 0.00031143244958440003 0.00055939384574137064 0.0017677042036371338 -0.00046067756688778877 0.001046510228887526 0.0017370201473074966 -0.0010668856378092564 0.0019202355715128563
leaf_weight=114.46127083897591 75.075044453144073 835.7484247982502 17200.521129369736 221.53876107931137 3822.827162951231 1211.7244817912579 948.62262362241745 162.22900357842445 2594.9529166817665 1102.0596655905247 2724.3088147938251 145.34468540549278
leaf_count=171 129 1387 25635 364 5819 1677 1564 250 3892 1606 4029 218
internal_value=1.26442e-05 -0.000220039 -0.000315816 0.000720856 0.000715783 -0.00021547 0.0013804 0.000749737 0.000610444 0.00144684 -0.000962528 -5.68311e-05
internal_weight=31159.4 23402.3 21251 2151.25 7757.14 18412.2 1170.16 7682.07 6417.78 1264.29 2838.77 981.093
internal_count=46741 35045 31512 3533 11696 27312 1928 11567 9711 1856 4200 1605
is_linear=0
shrinkage=0.02


Tree=132
num_leaves=15
num_cat=0
split_feature=15 47 37 18 37 53 12 50 21 53 22 47 41 21
split_gain=11.6658 3.7293 3.50727 2.67837 1.88807 1.87972 2.55714 2.2148 1.81085 1.78618 1.78194 1.75801 1.49643 1.44705
threshold=13.569395321394067 2.0398454879837393 1.3779731100096855 1.0548221421982569 0.41542099788770998 0.45000000000000007 18.282952909804052 -0.20149965337814604 1.0035843390007104 0.14999999999999999 0.86625821867494868 3.9446354296758073 2.2137485846735996 1.0002658779526998
decision_type=2 2 2 2 2 2 2 2 2 2 2 2 2 2
left_child=1 3 4 12 -3 8 7 -7 13 -5 -10 -8 -1 -2
right_child=5 2 -4 9 -6 6 11 -9 10 -11 -12 -13 -14 -15
leaf_value=-0.00077360904956250284 0.00062688032110642434 0.00018640029384983116 -0.0035844238514191598 -0.0003679466819955004 0.0013183253086426552 0.0015404324295151522 0.0013033579925678777 -3.5188981285372989e-05 -0.00059200806722964827 3.2474454574647138e-05 0.00084164876203368893 0.0035285526097227223 0.001381127184812284 0.0027432199615810516
leaf_weight=4296.963815420866 674.30269277095795 1389.3996135592461 77.063073754310608 8453.9246996343136 1055.1637578010559 501.52306804060936 2219.6263687908649 1184.7692920565605 995.79560303688049 9332.3298977613449 527.43975239992142 157.4258072078228 127.89226144552231 165.79428127408028
leaf_count=6390 1160 2148 118 12933 1650 710 3119 1701 1501 13857 789 210 203 252
internal_value=1.23961e-05 -0.000184553 0.00054273 -0.000267613 0.000679747 0.000771723 0.00103361 0.000428766 0.000316724 -0.000157306 -8.8577e-05 0.00145777 -0.000708476 0.00106194
internal_weight=31159.4 24732.7 2521.63 22211.1 2444.56 6426.68 4063.34 1686.29 2363.33 17786.3 1523.24 2377.05 4424.86 840.097
internal_count=46741 37299 3916 33383 3798 9442 5740 2411 3702 26790 2290 3329 6593 1412
is_linear=0
shrinkage=0.02


Tree=133
num_leaves=15
num_cat=0
split_feature=44 13 44 5 53 6 12 15 23 4 1 18 4 23
split_gain=11.8006 5.06337 3.21824 2.66026 2.30869 2.33228 2.16214 2.0586 1.98873 1.72053 1.6897 1.63789 1.22804 1.20778
threshold=1.8522355094256475 2.117786268343933 0.56067598628934723 35.619888417033437 0.45000000000000007 4.5000000000000009 19.904807244864589 4.6525081744758809 1.3874353282437648 40.586784260689448 19.718166666666672 1.6549846185475083 49.605004237476663 1.0461324741756732
decision_type=2 2 2 2 2 2 2 2 2 2 2 2 2 2
left_child=1 2 9 11 10 6 -6 -5 -4 -1 -2 -3 -12 -7
right_child=4 3 8 7 5 13 -8 -9 -10 -11 12 -13 -14 -15
leaf_value=-0.0011308754807410556 -0.0020422935163808375 -0.00040805641269251277 -0.00028277121558109678 0.0038416498155054409 0.00095865477072572616 -0.0011708041911516795 0.0026847983436842195 0.0010526472819562464 0.00037110342082878362 0.00027560227030220955 -2.4162662663468732e-05 0.0018358500465678281 0.00083708949491092231 0.0010464135031582984
leaf_weight=2446.8487307727337 122.48118904232979 829.11393818259239 16326.551559001207 120.59918782114983 4199.3584165275097 295.31273624300957 319.11576133966446 1049.562196880579 2085.6940521597862 391.92135486006737 1556.4737763106823 151.97917202115059 1123.3982295691967 141.00368422269821
leaf_count=3593 216 1376 24114 228 6045 404 440 1700 3198 607 2523 229 1873 195
internal_value=1.21844e-05 -0.000211578 -0.000305522 0.000711225 0.000688414 0.000948462 0.00108391 0.00135468 -0.000208127 -0.000933119 0.000224713 -4.72577e-05 0.000333499 -0.00042995
internal_weight=31159.4 23402.3 21251 2151.25 7757.14 4954.79 4518.47 1170.16 18412.2 2838.77 2802.35 981.093 2679.87 436.316
internal_count=46741 35045 31512 3533 11696 7084 6485 1928 27312 4200 4612 1605 4396 599
is_linear=0
shrinkage=0.02


Tree=134
num_leaves=15
num_cat=0
split_feature=15 19 47 17 36 47 3 14 2 53 2 51 21 19
split_gain=10.8981 3.53985 2.91581 2.87958 2.68029 2.1178 1.79044 1.91338 2.23906 1.51337 1.91433 1.49774 1.31773 1.19317
threshold=13.569395321394067 2.7585286103664566 1.8509204893405535 1.6141367136239719 1.4722222222222225 0.34959339190843969 49.799609463113498 11.500000000000002 31.12208333333334 0.55000000000000016 37.593916666666672 0.6020361927859712 1.0328321908665308 -0.92181991262137852
decision_type=2 2 2 2 2 2 2 2 2 2 2 2 2 2
left_child=1 2 5 12 -4 -1 9 8 -8 13 -11 -5 -3 -2
right_child=6 3 4 11 -6 -7 7 -9 -10 10 -12 -13 -14 -15
leaf_value=-0.0010828992677013383 0.0011237442618217627 0.00067651581458690589 0.0004232356834879443 -0.00057360489229443009 -0.0028797637588225838 -0.00027471210025717684 0.0038908746077300034 -0.00036718597935093164 0.0013295542665447242 0.0010121270515575224 -0.00089393585158215234 0.0021974595126965364 -0.00078821024106256663 -6.9234170451794113e-05
leaf_weight=1404.8146066367626 411.10165798664093 582.74665582180023 3103.401524066925 84.179794430732727 98.880772590637207 18508.617517441511 164.22843357920647 200.54709002375603 1000.3532936275005 2709.7878102958202 221.42064115405083 529.97823157906532 420.11801680922508 1719.2379389107227
leaf_count=2092 600 907 4761 144 151 27764 229 303 1623 3797 308 860 620 2582
internal_value=1.19636e-05 -0.000178384 -0.00024201 0.000724165 0.00031639 -0.000332332 0.00074589 0.00139349 0.00170537 0.000568772 0.000864224 0.00180078 5.26167e-05 0.000157129
internal_weight=31159.4 24732.7 23115.7 1617.02 3202.28 19913.4 6426.68 1365.13 1164.58 5061.55 2931.21 614.158 1002.86 2130.34
internal_count=46741 37299 34768 2531 4912 29856 9442 2155 1852 7287 4105 1004 1527 3182
is_linear=0
shrinkage=0.02


Tree=135
num_leaves=13
num_cat=0
split_feature=44 4 13 1 39 26 13 22 5 22 13 17
split_gain=9.3787 4.45364 3.12682 2.87072 2.24961 1.97435 1.74457 2.0731 1.69231 1.51896 1.50847 1.08317
threshold=2.2761128947552316 30.459105836431316 2.5501507561762131 19.278000000000002 0.75000000000000011 1.1055555555555558 1.0780143898787966 1.279896191483757 33.88829841078222 2.3685179570228541 1.5848995700208299 1.4840209294521458
decision_type=2 2 2 2 2 2 2 2 2 2 2 2
left_child=1 4 5 -2 10 -3 7 -5 -4 -8 -1 -6
right_child=3 2 8 6 11 -7 9 -9 -10 -11 -12 -13
leaf_value=-0.0011094357255043684 -0.00287088509945377 -0.00020492229495072269 -0.00087043030880281801 0.00027885661189880491 0.00035315813520896561 0.00030506377990176887 0.0015739568367244606 0.0015103222639924415 0.0015632104456383144 -0.00048701790941126365 -0.00016786668482922281 -0.0016492146678106243
leaf_weight=3363.9593949317932 82.460863560438156 16458.578806608915 130.44767042994499 2520.4288795888424 925.3894861638546 3708.6281078159809 1437.5102367401123 708.70753809809685 676.99406516551971 149.96943011879921 886.75773650407791 119.57737532258034
leaf_count=4993 143 24574 215 3644 1420 5339 2243 1055 1204 255 1463 172
internal_value=-4.25232e-05 -0.000192657 -6.12604e-05 0.000760247 -0.000710971 -0.000110622 0.000825654 0.000552992 0.00115651 0.0013726 -0.000915534 0.000111759
internal_weight=31169.4 26270.3 20974.6 4899.08 5295.68 20167.2 4816.62 3229.14 807.442 1587.48 4250.72 1044.97
internal_count=46720 39380 31332 7340 8048 29913 7197 4699 1419 2498 6456 1592
is_linear=0
shrinkage=0.02


Tree=136
num_leaves=13
num_cat=0
split_feature=44 17 23 26 46 50 41 0 52 14 19 24
split_gain=9.00754 4.11473 3.63223 3.17658 2.95027 2.27641 2.09385 1.94486 1.68849 1.53976 1.28483 1.27741
threshold=2.2761128947552316 0.94541243973027955 1.3874353282437648 1.1180555555555558 1.6458333333333337 -0.24501286793800586 0.61875606849745579 17.129668898655133 2.9500000000000006 9.5000000000000018 3.0810629760021295 0.98502090155696853
decision_type=2 2 2 2 2 2 2 2 2 2 2 2
left_child=1 6 5 -4 -2 -3 7 -1 9 -6 -8 -10
right_child=4 2 3 -5 8 -7 10 -9 11 -11 -12 -13
leaf_value=-0.00070089098552571184 -0.0029778008008366453 0.00031816480274006367 0.00026949618801889113 0.0020580683555026422 0.0010537558922886722 -0.00027395186489111482 -0.00017096945502043304 -0.0018505267745865927 0.00067356889581730395 0.0002738652016174985 0.0026009607232965028 0.0024959073681333076
leaf_weight=1825.244948297739 80.655835539102554 3049.1281822919846 2226.920452028513 487.1605621278286 2008.676611661911 16998.889963209629 704.8575005531311 906.51862823963165 285.90519577264786 2133.1060785353184 71.612406194210052 390.73322659730911
leaf_count=2750 156 4528 3481 751 3126 25307 1069 1390 401 3139 104 518
internal_value=-4.1675e-05 -0.000188814 -9.00212e-05 0.000595495 0.000745043 -0.000183375 -0.000826534 -0.00108712 0.000810644 0.000654835 7.78603e-05 0.00174489
internal_weight=31169.4 26270.3 22762.1 2714.08 4899.08 20048 3508.23 2731.76 4818.42 4141.78 776.47 676.638
internal_count=46720 39380 34067 4232 7340 29835 5313 4140 7184 6265 1173 919
is_linear=0
shrinkage=0.02


Tree=137
num_leaves=15
num_cat=0
split_feature=5 13 5 23 52 12 14 46 12 16 42 19 2 13
split_gain=8.66003 3.89788 3.0846 2.62055 2.33103 2.1253 2.29189 1.72252 1.57768 1.43499 1.58637 1.30116 2.18564 1.05107
threshold=44.18429903753637 2.0326177543191855 26.149838106423982 1.1737165061227868 2.8500000000000001 17.633163129127627 6.5000000000000009 0.95000000000000007 19.643800686147905 3.6499999999999999 1.3500000000000003 0.56275560353548582 28.283000000000001 0.50657759196130059
decision_type=2 2 2 2 2 2 2 2 2 2 2 2 2 2
left_child=2 3 9 4 -2 7 -7 -4 -5 13 -11 12 -3 -1
right_child=1 11 5 8 -6 6 -8 -9 -10 10 -12 -13 -14 -15
leaf_value=-0.0026499618130574536 -7.6617637934162704e-06 -0.00086217376810455385 -0.0012848856594182981 0.00065188168731461081 0.0011768127995944527 0.0023204712861920199 -0.00014546204093288012 -0.00017364931113235542 0.0021535114037945931 -0.00080541071734982982 0.002252532409168138 0.0024037210349289874 0.0017869787536735737 -0.00099729863874888991
leaf_weight=316.04156497120857 6849.0653167963028 179.00517997145653 1228.6406137049198 2065.0015255510807 732.15163511037827 149.81692865490913 15737.569971501827 1064.7644199430943 332.88172477483749 1258.2266395390034 68.289606750011444 453.92068454623222 374.09171611070633 359.94206312298775
leaf_count=458 10101 294 1825 3184 1018 256 23516 1579 494 1912 104 804 593 582
internal_value=-4.0811e-05 0.000410625 -0.000287047 0.000289555 0.00010569 -0.000204242 -0.00012129 -0.000773927 0.00086613 -0.00103289 -0.000637305 0.00159751 0.000911571 -0.00179025
internal_weight=31169.4 10986.1 20183.3 9979.1 7581.22 18180.8 15887.4 2293.41 2397.88 2002.5 1326.52 1007.02 553.097 675.984
internal_count=46720 16488 30232 14797 11119 27176 23772 3404 3678 3056 2016 1691 887 1040
is_linear=0
shrinkage=0.02


Tree=138
num_leaves=13
num_cat=0
split_feature=44 4 46 12 46 14 39 12 19 17 12 44
split_gain=8.44198 4.03495 2.82206 2.25778 2.24141 2.14621 2.10759 1.58757 1.97655 1.64893 1.23577 1.14482
threshold=2.2761128947552316 30.459105836431316 1.6458333333333337 17.767728773332291 0.38750000000000007 6.5000000000000009 0.75000000000000011 17.593057031283568 1.3776807425136461 2.9635855139265534 18.132529463568041 0.28477828506571873
decision_type=2 2 2 2 2 2 2 2 2 2 2 2
left_child=1 6 -2 4 -3 -5 11 9 -9 -4 -8 -1
right_child=2 3 7 5 -6 -7 10 8 -10 -11 -12 -13
leaf_value=-0.0024511597433639763 -0.0029190586154373872 -0.0027426994725271514 0.00091576178464019317 0.0024162619316851989 -0.00042217535936466281 6.598350025973504e-06 -0.00070718856849127888 0.00073784203156693586 0.0019604432398012427 -0.001111028112241457 0.00068995633007519291 -0.0008001375361898187
leaf_weight=180.80671072006226 80.655835539102554 177.35479989647865 303.39662685990334 147.18130946159363 2838.2833229601383 17811.82921770215 418.66096514463425 3542.9026224315166 638.48727741837502 333.63458585739136 626.30589634180069 4069.9104207158089
leaf_count=279 156 264 469 245 4178 26645 636 5205 1021 489 956 6177
internal_value=-3.99873e-05 -0.000182442 0.000721619 -5.735e-05 -0.000563691 2.71701e-05 -0.000675797 0.000785821 0.000927768 -0.000130242 0.000120364 -0.000873836
internal_weight=31169.4 26270.3 4899.08 20974.6 3015.64 17959 5295.68 4818.42 4181.39 637.031 1044.97 4250.72
internal_count=46720 39380 7340 31332 4442 26890 8048 7184 6226 958 1592 6456
is_linear=0
shrinkage=0.02


Tree=139
num_leaves=13
num_cat=0
split_feature=44 4 23 22 4 1 34 13 52 50 2 23
split_gain=8.10979 3.89252 2.94675 3.00873 2.79196 2.77434 1.85108 1.57705 1.48599 1.41579 1.38347 0.933552
threshold=2.2972635351216195 30.459105836431316 1.1737165061227868 -0.71281259647571005 43.387256696622195 19.278000000000002 1.0405056116003988 1.5932066038513304 2.9500000000000006 0.54652997299971051 34.935250000000003 0.99633930611068922
decision_type=2 2 2 2 2 2 2 2 2 2 2 2
left_child=1 6 3 -3 -4 -2 7 -1 9 -7 -10 -8
right_child=5 2 4 -5 -6 8 11 -9 10 -11 -12 -13
leaf_value=-0.00097542103509463615 -0.0029285904790027741 0.00016237692018046759 -3.9854478733196716e-05 -0.0004200228231016349 0.00083646711968769912 0.00051542646821407659 0.0010744956324739649 -6.6730886538112486e-05 0.0023895112214616793 0.0018788404720653327 0.00046853055381439689 -0.00061297632592824663
leaf_weight=3765.3240888118744 78.932583332061768 5624.269960552454 3487.2370193898678 9518.4997969567776 2467.7122180759907 3683.9152464270592 342.51637381315231 988.89171800017357 410.951794475317 338.71354466676712 260.28341442346573 202.16183212399483
leaf_count=5581 138 8398 5270 14049 3799 5598 518 1630 552 503 360 324
internal_value=-3.91932e-05 -0.000176687 -5.4431e-05 -0.000203057 0.000321771 0.000718897 -0.000661363 -0.000788621 0.000783584 0.00063359 0.00166308 0.000429933
internal_weight=31169.4 26396.6 21097.7 15142.8 5954.95 4772.8 5298.89 4754.22 4693.86 4022.63 671.235 544.678
internal_count=46720 39569 31516 22447 9069 7151 8053 7211 7013 6101 912 842
is_linear=0
shrinkage=0.02


Tree=140
num_leaves=15
num_cat=0
split_feature=47 1 12 12 0 26 4 14 48 51 12 34 1 52
split_gain=10.016 3.67847 3.74936 3.23789 2.82386 2.74877 2.59061 2.43185 2.44936 2.43148 2.03497 1.78712 1.55364 1.54246
threshold=1.8948667363387954 20.469000000000005 18.520236108624964 18.444719246241039 17.411805426442132 1.4365079365079367 39.978897804801925 10.500000000000002 3.7500000000000004 0.91296556739960244 19.078000324770425 0.076820961104252919 23.146500000000007 1.4500000000000002
decision_type=2 2 2 2 2 2 2 2 2 2 2 2 2 2
left_child=1 4 3 -3 6 -4 -1 8 9 -2 13 -6 -12 -9
right_child=7 2 5 -5 11 -7 -8 10 -10 -11 12 -13 -14 -15
leaf_value=-0.00048858549978939318 0.0011678485346742744 -0.00024933815478789874 0.00014858632209994064 -0.0019107716623374623 -0.0024368940706348276 0.0014745037238535692 0.00058474304028873533 -0.0013553932756357771 0.0018028442951613707 0.0002210750799402681 -0.0014261126240448969 -0.00079915320378501776 0.0010865765218359667 6.2075459345881852e-05
leaf_weight=3250.1631285846233 2026.2156862616539 5987.4301718473434 7679.2783128321171 510.45387092232704 293.03103998303413 682.41206258535385 1235.1635161340237 467.15493184328079 915.05345299839973 2404.4587120115757 106.77444979548454 3838.7868865728378 824.71420323848724 852.90681257843971
leaf_count=4894 3098 8925 11630 720 486 990 1882 727 1390 3727 147 5687 1168 1191
internal_value=-7.77591e-06 -0.00021236 -2.09988e-05 -0.000381942 -0.000541106 0.000258319 -0.000190656 0.000622994 0.000855309 0.000656637 6.67138e-05 -0.000918845 0.000785402 -0.000433278
internal_weight=31074 23476.7 14859.6 6497.88 8617.14 8361.69 4485.33 7597.28 5345.73 4430.67 2251.55 4131.82 931.489 1320.06
internal_count=46662 35214 22265 9645 12949 12620 6776 11448 8215 6825 3233 6173 1315 1918
is_linear=0
shrinkage=0.02


Tree=141
num_leaves=15
num_cat=0
split_feature=47 16 13 12 12 17 14 48 3 5 12 23 1 16
split_gain=9.62111 3.86794 3.59958 2.52876 3.3781 2.54269 2.33626 2.35161 2.36102 2.15263 1.95334 1.75332 1.49357 1.34042
threshold=1.8948667363387954 9.4225000000000012 2.3980880891594576 18.520236108624964 18.444719246241039 1.6959078665371623 10.500000000000002 3.7500000000000004 49.999991701188783 35.112763719652826 19.078000324770425 1.1536095416329217 23.146500000000007 4.0633333333333352
decision_type=2 2 2 2 2 2 2 2 2 2 2 2 2 2
left_child=1 2 13 4 -3 -5 7 8 -2 -4 11 -8 -12 -1
right_child=6 3 9 5 -6 -7 10 -9 -10 -11 12 -13 -14 -15
leaf_value=-0.00081166303477867171 0.00055961354749536289 -6.8425860922339708e-05 -4.5520150311588322e-05 0.001365642327923871 -0.0023443062389619869 0.00020754574002664162 -0.00082606357068055114 0.0017668660581813486 0.0032950088895013756 0.0018340304835105714 -0.0013981148088139949 0.00089505267580570103 0.001064897557852443 -0.00036144757977676581
leaf_weight=3583.7802201509476 4300.7024939060211 3255.805652230978 536.46750581264496 971.18906396627426 282.76774325966835 3583.8638527095318 1018.4546331465244 915.05345299839973 129.97190436720848 429.79474955797195 106.77444979548454 301.60711127519608 824.71420323848724 10833.050201773643
leaf_count=5398 6538 4830 895 1497 393 5332 1456 1390 287 740 147 462 1168 16129
internal_value=-7.61024e-06 -0.000208128 -0.000394494 0.000144863 -0.000254338 0.00045715 0.000610595 0.000838302 0.000643562 0.00078224 6.52618e-05 -0.000424501 0.000769465 -0.000474154
internal_weight=31074 23476.7 15383.1 8093.63 3538.57 4555.05 7597.28 5345.73 4430.67 966.262 2251.55 1320.06 931.489 14416.8
internal_count=46662 35214 23162 12052 5223 6829 11448 8215 6825 1635 3233 1918 1315 21527
is_linear=0
shrinkage=0.02


Tree=142
num_leaves=15
num_cat=0
split_feature=47 13 23 4 53 14 48 4 21 53 2 23 40 37
split_gain=9.24218 3.0715 2.72404 2.85665 2.62599 2.24441 2.25765 1.94893 1.80878 1.72542 1.60464 1.17164 1.01429 0.978752
threshold=1.8948667363387954 2.3980880891594576 1.1777768477298525 43.387256696622195 0.55000000000000016 10.500000000000002 3.7500000000000004 47.137556834878545 0.99800415733032877 0.65000000000000013 35.934250000000006 1.2205932960241515 -0.037276689888633745 0.99740806401705007
decision_type=2 2 2 2 2 2 2 2 2 2 2 2 2 2
left_child=1 2 4 -4 -1 6 8 -3 -2 -9 11 -7 -12 -8
right_child=5 7 3 -5 -6 10 13 9 -10 -11 12 -13 -14 -15
leaf_value=-0.00056398734921500474 0.0016326356350165176 0.0004357847435931746 -0.00017633969859079398 0.0008013308111566959 -1.4352546396989398e-05 3.7130226855959004e-05 0.0019928682240141025 0.00086995524683651244 0.00046279263890939735 0.0054871405406919649 -0.0027566524341408861 0.0013065457601201334 -0.00029107137874907388 1.3600770045627069e-05
leaf_weight=11267.520855605602 625.14802977442741 1273.5683036446571 4013.6753787100315 1695.4358200728893 5083.2435938417912 1596.6712884902954 788.9366874396801 83.826558440923691 3805.5263684988022 59.448479145765305 115.37284800410271 358.73409825563431 180.77216270565987 126.11676555871964
leaf_count=16775 1068 2113 6043 2588 7445 2259 1198 154 5757 96 173 537 264 192
internal_value=-7.43856e-06 -0.000203974 -0.000262297 0.000112427 -0.000393747 0.000598464 0.000821653 0.000696141 0.00063077 0.00290375 6.38631e-05 0.00027622 -0.00129721 0.00173161
internal_weight=31074 23476.7 22059.9 5709.11 16350.8 7597.28 5345.73 1416.84 4430.67 143.275 2251.55 1955.41 296.145 915.053
internal_count=46662 35214 32851 8631 24220 11448 8215 2363 6825 250 3233 2796 437 1390
is_linear=0
shrinkage=0.02


Tree=143
num_leaves=15
num_cat=0
split_feature=44 14 23 50 46 23 53 26 12 12 12 22 51 31
split_gain=10.5574 3.61814 2.95923 2.94353 2.86508 2.62525 2.69179 2.05485 1.8285 1.77863 1.76896 1.50062 1.4424 1.45476
threshold=1.4356133159783033 7.5000000000000009 1.3874353282437648 -0.25304061009524664 0.47222222222222227 1.1737165061227868 0.45000000000000007 1.9500000000000002 18.885935279595547 16.820790149752167 18.520236108624964 0.62755047458895785 1.2681472219103946 0.98326124911165602
decision_type=2 2 2 2 2 2 2 2 2 2 2 2 2 2
left_child=2 12 3 8 11 6 -3 -7 -1 -5 -6 -4 13 -2
right_child=1 5 4 9 10 7 -8 -9 -10 -11 -12 -13 -14 -15
leaf_value=-0.00014040152235722555 0.00067395320468076325 -0.00022428188180181733 0.0012942741410069776 -0.0018527717751548557 -9.9523842397009518e-05 0.00078858764574486371 0.00048620964238143752 0.0036801054556190793 0.0011393356538073312 -0.00046085668751361618 0.0010952354636611214 -0.001823790444985926 0.0038138663298294129 0.0027338551565758706
leaf_weight=1163.3746347129345 436.67609885334969 3637.3092518746853 71.159185200929642 380.6964830160141 781.20409935712814 2604.3306230604649 5108.2911468148232 102.70534098148346 711.49777680635452 14137.274748593569 1287.6748946607113 317.14387956261635 121.33241847157478 213.32665622234344
leaf_count=1736 730 5674 118 566 1155 4134 7219 144 1066 21070 2013 476 201 360
internal_value=-7.23928e-06 0.000450171 -0.00030441 -0.000401708 0.000340433 0.0003596 0.000189588 0.00090462 0.000340616 -0.000498295 0.000639608 -0.00122306 0.00177762 0.00137165
internal_weight=31074 12224 18850 16392.8 2457.18 11452.6 8745.6 2707.04 1874.87 14518 2068.88 388.303 771.335 650.003
internal_count=46662 18462 28200 24438 3762 17171 12893 4278 2802 21636 3168 594 1291 1090
is_linear=0
shrinkage=0.02


Tree=144
num_leaves=15
num_cat=0
split_feature=3 52 17 53 30 14 19 5 19 34 50 25 3 25
split_gain=8.06066 2.71921 2.44257 2.31585 2.14793 2.10707 1.93426 1.75423 1.53784 1.52669 1.49045 1.31879 1.0727 0.670368
threshold=45.436534783820484 1.1500000000000001 1.0215796203394696 0.45000000000000007 0.43081415346182611 9.5000000000000018 4.4672972965928901 43.119820604951414 2.5604080783533596 0.060386914375932056 -0.30142757869400011 0.29166666666666669 34.721777267249266 1.9000000000000001
decision_type=2 2 2 2 2 2 2 2 2 2 2 2 2 2
left_child=1 6 11 7 9 -4 10 -2 -9 -5 -1 -3 -8 -6
right_child=3 2 5 4 13 -7 12 8 -10 -11 -12 -13 -14 -15
leaf_value=0.00026654338056516326 -0.0024295984685132029 0.0001515594298087596 0.00053584433975590261 -0.0011936708415768726 0.0010888194186856189 -0.00012107946402007627 -1.8547348035617101e-05 6.484500742406758e-05 0.0019430093390917014 0.00072677349273890253 -0.00050203610573654319 -0.0012009212691434094 0.0027697414608583958 0.003709054559194346
leaf_weight=1087.0665096640587 104.87179836630821 411.95551607012749 3619.8780025839806 165.39412802457809 78.277287036180496 4197.7011535167694 91.286828219890594 3254.1353090405464 183.32933989167213 5231.9736951589584 11538.353291064501 869.87165084481239 114.89342272281647 125.00930598378181
leaf_count=1660 210 654 5580 254 115 6111 136 5302 348 7542 17075 1339 169 167
internal_value=-7.05446e-06 -0.000215356 4.81195e-05 0.000491436 0.000744753 0.000181885 -0.000402954 8.79107e-05 0.000168992 0.000665652 -0.000435037 -0.000758911 0.00149887 0.00276926
internal_weight=31074 21931 9099.41 9142.99 5600.65 7817.58 12831.6 3542.34 3437.46 5397.37 12625.4 1281.83 206.18 203.287
internal_count=46662 32724 13684 13938 8078 11691 19040 5860 5650 7796 18735 1993 305 282
is_linear=0
shrinkage=0.02


Tree=145
num_leaves=15
num_cat=0
split_feature=44 13 4 44 23 18 2 16 13 16 3 42 16 51
split_gain=8.02975 3.65974 3.18182 2.58078 3.07335 1.50798 1.4407 3.15813 2.26533 2.00293 1.64605 1.63346 1.42583 1.31866
threshold=2.0279336925302487 1.7782260480820595 46.806379677152428 0.77740072405872451 1.1859111459792191 0.58667464675916303 32.627750000000013 13.600000000000003 0.09614755747849292 21.310000000000006 39.222408481368824 0.45000000000000007 2.4774999999999996 0.46466302427975265
decision_type=2 2 2 2 2 2 2 2 2 2 2 2 2 2
left_child=1 3 12 5 -5 -1 7 10 9 -8 -2 -10 -3 -9
right_child=6 2 -4 4 -6 -7 8 13 11 -11 -12 -13 -14 -15
leaf_value=0.0013254480818809897 0.0019979179037007424 -0.0014279234683910742 0.0020024606284585098 -0.0002775073484093647 0.00038643839964418164 -0.00065346658293914651 -0.00070790534568467901 -1.6595219350324609e-05 0.0012858549797270882 0.0010065780079255751 0.0002129445608763373 0.00014624346344077824 0.00032828507145390138 0.0020733341585990979
leaf_weight=153.05932664871216 239.10100284218788 195.04657444357872 458.22488617897034 11321.774335831404 3688.9198550879955 5971.7898165881634 1043.8978444933891 127.19247046113014 1141.466679006815 363.46725964546204 1602.0686653852463 938.1722400188446 2689.1408979594707 962.72009271383286
leaf_count=227 364 330 808 16664 5490 8714 1480 181 1825 535 2418 1422 4457 1402
internal_value=6.66811e-06 -0.000158113 0.000455589 -0.000255671 -0.000113645 -0.000601965 0.000636537 0.000965306 0.000356922 -0.000257226 0.00045209 0.000777189 0.000205147 0.0018207
internal_weight=30896 24478 3342.41 21135.5 15010.7 6124.85 6418.09 2931.08 3487 1407.37 1841.17 2079.64 2884.19 1089.91
internal_count=46317 36690 5595 31095 22154 8941 9627 4365 5262 2015 2782 3247 4787 1583
is_linear=0
shrinkage=0.02


Tree=146
num_leaves=15
num_cat=0
split_feature=44 19 44 53 13 42 0 0 15 16 53 13 0 40
split_gain=7.714 3.52764 3.41242 3.32787 2.37433 2.20632 1.522 2.65011 2.46057 1.81303 1.5681 1.1767 0.911431 0.658379
threshold=2.0279336925302487 2.8299536184640961 0.84330054808858446 0.8500000000000002 1.7519971246994521 1.3500000000000003 22.062865367457317 30.088379085114273 16.136299778949013 7.2600000000000025 0.8500000000000002 1.9024647109500992 19.626202691025906 0.086466660421546007
decision_type=2 2 2 2 2 2 2 2 2 2 2 2 2 2
left_child=1 2 5 11 -4 -1 10 9 -9 -8 12 -3 -2 -5
right_child=6 3 4 13 -6 -7 7 8 -10 -11 -12 -13 -14 -15
leaf_value=-0.00061126853697021177 -6.8289377363059484e-05 5.2854598547496125e-05 -0.00013948001904745018 0.003915108362624045 0.00059218256925245791 0.0015062905708817615 -5.2419321008292756e-05 -0.00011559408157893541 0.00081924319927640613 0.0017083789108744405 0.0011614229027332105 0.0016428923207493604 -0.0035416285223645811 0.0014752835755557875
leaf_weight=7592.6427372395992 55.524348974227905 974.79741698503494 13202.316846460104 138.27008333802223 2045.4348739683628 197.58156549930573 271.92524099349976 1873.3945580124855 2757.6781342029572 1294.5616860985756 79.538180768489838 232.59571269154549 85.464105516672134 94.31645655632019
leaf_count=11271 98 1465 19477 212 3414 288 403 2742 4023 2068 136 412 157 151
internal_value=6.57059e-06 -0.000154931 -0.000215322 0.000803278 -4.06094e-05 -0.000555905 0.000623937 0.000683068 0.000439031 0.00139667 -0.000984122 0.000369643 -0.00226377 0.00298937
internal_weight=30896 24478 23038 1439.98 15247.8 7790.22 6418.09 6197.56 4631.07 1566.49 220.527 1207.39 140.988 232.587
internal_count=46317 36690 34450 2240 22891 11559 9627 9236 6765 2471 391 1877 255 363
is_linear=0
shrinkage=0.02


Tree=147
num_leaves=15
num_cat=0
split_feature=44 13 44 23 2 12 2 19 12 51 50 17 44 34
split_gain=7.40625 3.40305 2.40354 2.93923 2.23981 1.85182 1.73318 1.69123 1.59033 1.56575 1.75392 1.02436 1.43571 0.839885
threshold=2.0279336925302487 1.7782260480820595 0.77740072405872451 1.1859111459792191 24.961000000000002 18.72395477515742 32.030416666666675 2.9869821049570313 17.593057031283568 0.48370727623659981 0.13321620703778755 3.0775929102326973 2.8072346608424752 0.36589992254747544
decision_type=2 2 2 2 2 2 2 2 2 2 2 2 2 2
left_child=1 2 7 -4 5 -3 -6 -1 11 13 -11 12 -2 -10
right_child=8 4 3 -5 6 -7 -8 -9 9 10 -12 -13 -14 -15
leaf_value=-0.00066620813089502144 -0.00045716577252408929 -0.00056932262398148349 -0.00026903625712631699 0.0003802598780631802 0.0014692636963127507 0.00068994470792604142 -3.2950536426385063e-05 0.00070058293601753881 -0.00089437102091056032 0.0011674756863335786 0.00038736023258244213 -0.0015116146695458715 0.0016347482517193156 0.00048313287268744802
leaf_weight=5747.0452952980995 424.18073374032974 1056.9392156302929 11321.774335831404 3688.9198550879955 1033.7894390821457 833.33542469143867 418.34827917814255 377.80384793877602 324.85388776659966 2944.6240659356117 1975.4046497046947 185.97547981142998 185.98153045773506 377.06590715050697
leaf_count=8390 646 1769 16664 5490 1742 1393 691 551 528 4410 2927 276 278 562
internal_value=6.46293e-06 -0.000151778 -0.000245865 -0.000108774 0.000439974 -8.74228e-06 0.00103016 -0.000580066 0.000611395 0.00073025 0.000856574 -0.0002151 0.000167386 -0.00014091
internal_weight=30896 24478 21135.5 15010.7 3342.41 1890.27 1452.14 6124.85 6418.09 5621.95 4920.03 796.138 610.162 701.92
internal_count=46317 36690 31095 22154 5595 3162 2433 8941 9627 8427 7337 1200 924 1090
is_linear=0
shrinkage=0.02


Tree=148
num_leaves=15
num_cat=0
split_feature=5 13 24 19 52 3 52 51 12 19 19 27 23 13
split_gain=6.21294 3.56762 3.33332 2.61915 2.42181 2.23575 1.79851 1.73134 1.46346 1.46205 1.56318 1.43506 1.3572 1.33461
threshold=43.311249873984288 2.0105953638880592 1.0306208742992455 2.8299536184640961 0.65000000000000002 49.799609463113498 1.5500000000000003 1.3373330014295159 19.110625921499135 1.9815156249917882 1.6211692699449733 0.65865136374539812 1.198751343533365 0.41418302138711033
decision_type=2 2 2 2 2 2 2 2 2 2 2 2 2 2
left_child=2 5 3 4 -1 6 -2 13 -9 10 -3 -5 -7 -4
right_child=1 9 7 11 -6 12 -8 8 -10 -11 -12 -13 -14 -15
leaf_value=-0.00087420096228355264 -0.00011421327134704208 0.0013076313875144267 0.00010451976272452348 0.001366771245313215 -0.00026474968210677237 0.00067604471888531455 0.00043785565457942508 -0.0018197117899575932 0.0006849012648662971 0.0030619753616560213 -0.0018890791707309718 -0.00014151742001057585 0.0022795238849296741 0.00097009285346137599
leaf_weight=3434.1404967904091 5087.5838639736176 896.75005432963371 1500.062676846981 525.09195631742477 11225.592551648617 1076.9544363617897 4368.3879316449165 246.74080586433411 140.79341197013855 187.85248836874962 61.469115823507309 462.60004556179047 273.97813510894775 1408.0439766943455
leaf_count=5063 7669 1452 2110 800 16933 1691 6205 368 207 357 108 701 468 2185
internal_value=6.33692e-06 0.000363654 -0.000218615 -0.000340697 -0.0004083 0.00024987 0.000139808 0.000357841 -0.000885255 0.00142557 0.00108864 0.00065138 0.00101152 0.000527427
internal_weight=30896 11953 18943.1 15647.4 14659.7 10806.9 9455.97 3295.64 387.534 1146.07 958.219 987.692 1350.93 2908.11
internal_count=46317 17950 28367 23497 21996 16033 13874 4870 575 1917 1560 1501 2159 4295
is_linear=0
shrinkage=0.02


Tree=149
num_leaves=15
num_cat=0
split_feature=4 24 52 41 23 53 47 50 31 12 24 24 12 12
split_gain=6.45692 3.16752 2.33421 2.30244 2.22744 2.19405 2.38016 1.87967 1.87818 1.74216 1.7082 1.37751 1.37445 1.33815
threshold=44.30725680665855 1.0306208742992455 0.65000000000000002 1.9969210440383864 1.1737165061227868 0.55000000000000016 2.3350516249274231 -0.31276422425627387 1.5231492059142957 18.007239156035165 1.2649125999914514 1.559766074330093 17.524841467106182 18.821799895784917
decision_type=2 2 2 2 2 2 2 2 2 2 2 2 2 2
left_child=1 2 3 -1 5 6 -2 -4 10 -7 -3 12 -6 -13
right_child=4 8 7 -5 11 9 -8 -9 -10 -11 -12 13 -14 -15
leaf_value=-0.00087399682540476107 -0.00046372481640457778 0.00095840966722818928 0.00057812970007003496 0.0017392571236994675 -0.00063930215829371734 -0.00019279236768841003 0.00063325581129517806 -0.00027931872601659236 -0.00093669675347790755 0.0007292353186094258 1.1032806339512573e-05 0.0010725891316357389 0.00086588499985434638 0.0047727596866053695
leaf_weight=3575.4908837676048 2692.9580188691616 1580.7844895720482 1117.3978078961372 135.8818676173687 257.60042303800583 1054.2748951613903 1113.3176054656506 11151.061186641455 407.00672042369843 3440.775578379631 1508.6311870515347 114.36536979675293 2678.610020160675 67.88589346408844
leaf_count=5277 4095 2359 1707 209 389 1501 1825 16831 572 4850 2251 188 4163 100
internal_value=6.23061e-06 -0.000214829 -0.000334443 -0.000774741 0.000384092 0.000211182 -0.000140073 -0.000200327 0.000328865 0.000510769 0.000499325 0.00084074 0.000730083 0.00254197
internal_weight=30896 19476.3 15979.8 3711.37 11419.8 8301.33 3806.28 12268.5 3496.42 4495.05 3089.42 3118.46 2936.21 182.251
internal_count=46317 29206 24024 5486 17111 12271 5920 18538 5182 6351 4610 4840 4552 288
is_linear=0
shrinkage=0.02


Tree=150
num_leaves=15
num_cat=0
split_feature=15 3 27 3 1 6 14 1 19 2 23 2 45 14
split_gain=6.39338 2.57414 1.84023 3.25806 1.85051 1.83738 1.64141 1.67311 1.58538 1.58391 1.5767 1.47963 1.45214 1.35847
threshold=10.070411142907744 49.701039733564834 1.0372502201684901 40.445561164933316 22.533666666666672 6.5000000000000009 11.500000000000002 26.675000000000001 2.8299536184640961 29.963249999999999 1.5331971198921852 31.279583333333331 0.22500000000000003 6.5000000000000009
decision_type=2 2 2 2 2 2 2 2 2 2 2 2 2 2
left_child=2 5 8 4 -4 12 7 -3 13 -5 -10 -7 -2 -1
right_child=1 6 3 9 -6 11 -8 -9 10 -11 -12 -13 -14 -15
leaf_value=0.0013288778349220991 0.0028138533596116328 0.0044178698386246754 -0.0010704632953917454 0.0014848309395609713 0.00014957653473189774 0.00019531125289564723 -0.0003708091482240346 0.0011434687416032973 -0.00011739075617361786 -0.00070585643373338388 0.0015375139850504701 -0.0018906347365116661 0.00026943839632040926 -0.00039974953826312691
leaf_weight=179.68190485239029 89.514959245920181 66.062985777854919 703.96405866742134 850.01012700796127 1648.5282241106033 243.76046535372734 267.99287527799606 1510.7769945561886 663.74237644672394 148.30834093689919 342.88977554440498 284.03027963638306 9650.8059748709202 14370.334732800722
leaf_count=307 141 93 999 1320 2423 348 399 2413 1019 254 526 402 14151 21760
internal_value=-2.1164e-06 0.000356251 -0.000232244 0.000190934 -0.000211862 0.000231309 0.00104524 0.00129241 -0.00032405 0.00114863 0.000438337 -0.000911264 0.000294421 -0.000377535
internal_weight=31020.4 12112.9 18907.5 3350.81 2352.49 10268.1 1844.83 1576.84 15556.6 998.318 1006.63 527.791 9740.32 14550
internal_count=46555 17947 28608 4996 3422 15042 2905 2506 23612 1574 1545 750 14292 22067
is_linear=0
shrinkage=0.02


Tree=151
num_leaves=15
num_cat=0
split_feature=2 14 12 53 17 27 52 12 12 42 20 33 24 53
split_gain=5.06875 3.78361 3.71755 2.55853 2.37313 2.29204 1.94166 1.61582 1.57195 1.64854 1.44547 1.32485 1.08637 1.06932
threshold=26.302833333333336 11.500000000000002 18.197154439824619 1.0500000000000003 1.6141367136239719 2.0687430439901795 1.2500000000000002 17.422161431398365 19.24279362878514 0.55000000000000016 1.0399723438904458 0.19999999999999998 1.4783451841957844 -1.0000000180025095e-35
decision_type=2 2 2 2 2 2 2 2 2 2 2 2 2 2
left_child=3 2 13 8 6 -4 -5 -3 11 -10 -6 -1 -9 -2
right_child=1 7 5 4 10 -7 -8 12 9 -11 -12 -13 -14 -15
leaf_value=-0.0001603298212824137 -0.00070072234348098105 -0.0025770695367618684 0.00059194693641132152 0.001616680005874194 0.0019902779722035897 0.0027633579127972893 -0.00055124183033263767 -0.00019281136592844445 -0.00026157223017172669 0.00064559179868803015 6.8405146829056908e-05 -0.00063751612005299942 -0.0017517116766237299 8.1135443449009123e-05
leaf_weight=3676.1511705517769 867.02052128314972 137.69836404919624 8112.4345263242722 201.16431075334549 474.18340444564819 200.27955862879753 867.3769978582859 1975.0611697435379 2738.0607176423073 1130.341960310936 249.8479286134243 6664.5424445271492 198.08109137415886 3528.1599089801311
leaf_count=5269 1406 196 12362 275 692 273 1368 2782 4138 1644 366 10227 285 5272
internal_value=-2.03695e-06 0.00026151 0.00039731 -0.000250021 0.000459262 0.000646118 -0.000131509 -0.000480663 -0.000340258 1.11278e-06 0.00134287 -0.000468905 -0.000340982 -7.1073e-05
internal_weight=31020.4 15018.7 12707.9 16001.7 1792.57 8312.71 1068.54 2310.84 14209.1 3868.4 724.031 10340.7 2173.14 4395.18
internal_count=46555 22576 19313 23979 2701 12635 1643 3263 21278 5782 1058 15496 3067 6678
is_linear=0
shrinkage=0.02


Tree=152
num_leaves=15
num_cat=0
split_feature=16 13 14 52 20 13 19 21 19 19 24 17 13 0
split_gain=6.61587 2.7293 2.0359 1.94132 1.88411 1.78746 1.73453 1.70987 1.29939 1.55214 1.42639 1.26826 1.02468 0.797625
threshold=10.020000000000003 1.3851632734003172 11.500000000000002 1.6500000000000001 0.0077937075568783017 1.3089255651755656 1.8491709579145132 0.59422182012715952 -0.34465040227021143 1.0270139126683591 0.71063848983242528 2.5090587884233995 3.4929646919587092 21.687019318709009
decision_type=2 2 2 2 2 2 2 2 2 2 2 2 2 2
left_child=1 5 3 6 -5 7 -2 -1 10 -10 -4 12 -3 -7
right_child=2 11 8 4 -6 13 -8 -9 9 -11 -12 -13 -14 -15
leaf_value=0.0013480044464590469 7.4785451427747976e-05 5.5329316301245136e-05 -0.0011792285624916271 0.00124665341444273 0.00040402243405824315 -0.0025939364609732906 0.00091154289034072291 -0.00038486945607361012 -0.0011023285236641891 0.00019690035403894745 0.0011099399363911197 0.0019257591486383924 0.0019594658251823314 -0.00067393913468918659
leaf_weight=227.51645159721375 5503.873173981905 4069.0908754467964 138.12857273221016 1908.6219127178192 2507.6471076011658 207.7166959643364 1216.2994757890701 12856.199267834425 864.4833824634552 618.49963766336441 448.17274212837219 159.10673022270203 114.92100098729134 180.12704795598984
leaf_count=346 8476 6538 201 2833 3617 295 1946 18859 1209 909 618 240 219 249
internal_value=-1.99502e-06 -0.000253777 0.000336892 0.000444239 0.000770853 -0.000394556 0.000227946 -0.00035377 -0.000235869 -0.000554197 0.000551454 0.000180572 0.00011093 -0.00173591
internal_weight=31020.4 17814.7 13205.7 11136.4 4416.27 13471.6 6720.17 13083.7 2069.28 1482.98 586.301 4343.12 4184.01 387.844
internal_count=46555 26746 19809 16872 6450 19749 10422 19205 2937 2118 819 6997 6757 544
is_linear=0
shrinkage=0.02


Tree=153
num_leaves=15
num_cat=0
split_feature=15 26 12 0 19 8 12 33 44 31 1 0 2 12
split_gain=5.79502 3.61529 3.18678 2.78581 1.98954 2.15267 1.86558 1.8361 1.82883 1.2522 1.21307 1.51792 1.11995 1.11801
threshold=10.070411142907744 1.2111111111111115 18.8302617628467 15.666111851455229 2.2575899438180822 4.5000000000000009 18.77456232052489 -0.34999999999999992 3.8700133282489291 0.94138540558370731 24.35616666666667 29.393569251417691 19.919071428571431 18.187245324171204
decision_type=2 2 2 2 2 2 2 2 2 2 2 2 2 2
left_child=1 3 4 7 5 -2 -5 -1 9 -4 12 -12 -3 -6
right_child=2 10 8 6 13 -7 -8 -9 -10 -11 11 -13 -14 -15
leaf_value=0.0018201645909858605 3.1042279100369462e-05 0.0010051949118244196 0.00093010178170391841 -0.00064199831693159378 0.00031627343841515216 -0.0032111333456413967 -0.0001810749276640761 8.8344512913139417e-05 0.0029365812134003345 0.00025723940228782353 0.0014737283239444759 -0.00023801974101626735 -0.00062445909475652192 0.0025205833568527391
leaf_weight=270.70880889892578 6762.3997076749802 268.43438968062401 2834.2017611265182 7536.9977234005928 194.95444604754448 80.904779404401779 6722.4022917449474 2576.8675618469715 147.06847134232521 1897.1296169757843 822.5551697909832 263.41801220178604 446.07558280229568 196.28575214743614
leaf_count=354 9984 391 4240 11444 297 111 10200 3941 195 2792 1273 372 633 328
internal_value=-1.91218e-06 -0.000221022 0.000339258 -0.000311149 7.12842e-05 -6.7544e-06 -0.000425459 0.000257654 0.000734415 0.000662638 0.000629149 0.00104965 0 0.0014548
internal_weight=31020.4 18907.5 12112.9 17107 7234.54 6843.3 14259.4 2847.58 4878.4 4731.33 1800.48 1085.97 714.51 391.24
internal_count=46555 28608 17947 25939 10720 10095 21644 4295 7227 7032 2669 1645 1024 625
is_linear=0
shrinkage=0.02


Tree=154
num_leaves=15
num_cat=0
split_feature=44 6 0 13 12 12 42 3 13 0 42 22 37 13
split_gain=5.60282 3.12365 3.27538 2.36164 2.57329 2.16883 1.86197 1.79416 1.79176 1.68579 1.66794 1.47772 1.21626 1.1429
threshold=1.4356133159783033 6.5000000000000009 19.004712907276517 1.3851632734003172 18.731303174030351 19.904807244864589 1.3500000000000003 46.035455606065476 0.21054210210589464 15.563214995714118 0.25000000000000006 -0.027669726006203498 0.82930604391876539 2.8866202687111548
decision_type=2 2 2 2 2 2 2 2 2 2 2 2 2 2
left_child=3 2 10 7 6 -4 -5 9 -3 -1 -2 -10 -9 -6
right_child=1 8 5 4 13 -7 -8 12 11 -11 -12 -13 -14 -15
leaf_value=0.00013991632694031851 0.0001530976700963371 -0.0018798409890681464 0.00038911874193851283 -0.00032556132625581185 0.00057354391304936098 0.0014222651431837821 0.0023019796106453407 0.00024283633224638653 -0.0011100978779246071 -0.00049801387158886548 -0.0023245284395888351 0.0019543596296973265 0.0025678211666351476 0.0023363538059183071
leaf_weight=1911.9886944890022 175.44842240214348 386.7713974416256 10288.281120300293 2684.5935181677341 1750.1398179233074 891.38960137963295 109.71803534030914 700.86284792423248 133.25556492805481 11350.44951736927 255.11579549312592 113.69042453169823 104.07672855257988 164.62258884310722
leaf_count=2771 299 538 15585 4236 2808 1285 170 1105 200 16518 413 173 152 302
internal_value=-1.8269e-06 0.000330672 0.000405975 -0.000219191 0.000166998 0.000472629 -0.000217243 -0.000349185 -0.00103013 -0.000405285 -0.00129578 0.000264932 0.000561463 0.000732599
internal_weight=31020.4 12244 11610.2 18776.5 4709.07 11179.7 2794.31 14067.4 633.717 13262.4 430.564 246.946 804.94 1914.76
internal_count=46555 18493 17582 28062 7516 16870 4406 20546 911 19289 712 373 1257 3110
is_linear=0
shrinkage=0.02


Tree=155
num_leaves=15
num_cat=0
split_feature=1 12 12 34 0 27 5 16 16 27 0 51 47 34
split_gain=7.16353 4.33766 4.16448 2.87617 2.33784 2.15213 2.14055 1.97291 1.87672 1.56724 1.5637 1.27444 0.905897 0.837878
threshold=25.623500000000003 17.91627965741689 19.087247565192722 0.098609329961939163 24.694107625089782 1.9223391352074402 44.18429903753637 18.22000000000001 2.7800000000000007 1.2897781031880375 15.563214995714118 0.71233445182967525 1.3947079950447852 1.1909437216833367
decision_type=2 2 2 2 2 2 2 2 2 2 2 2 2 2
left_child=1 8 7 4 -4 -5 10 12 -1 -8 -3 -10 -2 -9
right_child=2 6 3 5 -6 -7 9 13 11 -11 -12 -13 -14 -15
leaf_value=-0.0022182823383277805 -0.00027261243940244275 0.00023275214551821024 0.001728175158376224 0.00084014558278797688 -0.0023721203630335265 0.0034078544568599302 0.00024855136725761539 0.00077471023432617225 -0.00036082087327622556 0.0022386853238383444 -0.00039433552005151986 -0.0013143267910778369 0.00013212867018534341 -0.00035782084566226072
leaf_weight=445.76021042466164 3859.719083994627 1956.5676357448101 73.444600641727448 4309.6274698674679 192.44312420487404 135.89289382100105 2142.4876350462437 1938.7871395051479 1316.7509320676327 171.3452211022377 8096.4133540689945 1030.9891580045223 5148.8347713053226 287.80917835235596
leaf_count=681 5790 2959 136 6468 301 190 3193 2921 1956 237 12132 1528 7763 433
internal_value=4.68656e-06 -0.000306241 0.000300913 0.000800154 -0.00119774 0.000922382 -0.00014444 9.05628e-05 -0.00101834 0.00040205 -0.000271272 -0.000784563 -4.01951e-05 0.000623643
internal_weight=31106.9 15160.3 15946.6 4711.41 265.888 4445.52 12366.8 11235.2 2793.5 2313.83 10053 2347.74 9008.55 2226.6
internal_count=46688 22686 24002 7095 437 6658 18521 16907 4165 3430 15091 3484 13553 3354
is_linear=0
shrinkage=0.02


Tree=156
num_leaves=15
num_cat=0
split_feature=1 14 12 12 3 26 12 3 50 1 32 24 23 3
split_gain=6.88047 4.80185 4.16808 4.00647 2.92977 2.27417 2.09038 1.83949 2.92982 1.58949 1.37952 1.27654 1.229 1.19506
threshold=25.623500000000003 11.500000000000002 17.91627965741689 18.86669196790335 49.994939107908401 1.8819444444444446 19.348352339537431 42.208954977670039 -0.60758050520872886 31.703166666666664 0.35000000000000003 0.18412854299775477 0.47519836902278217 41.021762601344577
decision_type=2 2 2 2 2 2 2 2 2 2 2 2 2 2
left_child=2 3 12 4 -2 -5 10 11 -9 -8 -3 -4 -1 -14
right_child=1 6 7 5 -6 -7 9 8 -10 -11 -12 -13 13 -15
leaf_value=-0.0018636573738185518 0.00010869856846314436 -0.00251263274293991 -0.0015863218265368504 0.00079572249005760085 0.002321595245022796 0.0029358228071808528 -0.00019716796641205215 -0.0031284472314237555 0.0003716957580457044 0.0019484653934091279 -0.00067797902591253231 -0.0002433632648903655 -0.0010006084970890653 0.00017466848428759383
leaf_weight=544.24520543217659 8234.1987632513046 187.93789786100388 294.02835127711296 4848.9187993407249 245.24330043792725 209.6804191172123 443.53008377552032 96.18420684337616 3172.1216127872467 194.23211041092873 1582.8168874979019 8804.4796750545502 1840.9321347177029 408.32296034693718
leaf_count=823 12381 288 544 7442 473 291 624 155 4855 271 2232 12967 2733 609
internal_value=4.5958e-06 0.000294917 -0.000300121 0.000441705 0.000174412 0.000887532 -0.0005257 -0.000141495 0.000263781 0.000444708 -0.000880955 -0.0002882 -0.000998174 -0.000782845
internal_weight=31106.9 15946.6 15160.3 13538 8479.44 5058.6 2408.52 12366.8 3268.31 637.762 1770.75 9098.51 2793.5 2249.26
internal_count=46688 24002 22686 20587 12854 7733 3415 18521 5010 895 2520 13511 4165 3342
is_linear=0
shrinkage=0.02


Tree=157
num_leaves=15
num_cat=0
split_feature=15 16 2 44 4 8 27 19 0 52 16 15 17 16
split_gain=6.61264 3.09483 2.52392 2.7996 2.42396 2.12008 2.04329 2.34012 1.98419 1.73615 1.68015 1.67414 1.50605 1.48589
threshold=13.784524838845163 6.3900000000000032 32.121250000000011 2.6614392945527565 29.879167255191572 1.5000000000000002 1.5212875698475312 -0.96714268967033756 16.336901456802785 1.6500000000000001 17.93000000000001 3.6743545261490733 3.0546878767129817 6.0900000000000025
decision_type=2 2 2 2 2 2 2 2 2 2 2 2 2 2
left_child=1 4 3 10 8 -4 11 -8 -1 -7 -2 -3 -5 -6
right_child=2 6 5 12 13 9 7 -9 -10 -11 -12 -13 -14 -15
leaf_value=-0.00011671655602758349 0.00034063878622582548 -0.0023267287811576552 -0.0016180399712582305 0.001774314705364373 -9.1730430682647875e-05 -1.6008744171027792e-05 -0.0015800438725490748 0.0012408056984064245 -0.0012067741516922439 0.00079532384801485822 0.0019608423978699878 -7.3545672951206805e-06 0.0045238856629981877 -0.0011451449643369947
leaf_weight=987.53212767839432 964.28976473212242 123.67910128831863 207.45822709798813 265.57292658090591 5649.7727060616016 1862.3890926539898 130.05002841353416 926.368782132864 2212.3173163831234 2361.8397114574909 358.34790509939194 14332.380614221096 130.86129331588745 594.01281103491783
leaf_count=1496 1354 231 298 381 8531 2938 195 1353 3369 3358 500 21623 176 885
internal_value=4.48774e-06 -0.000139963 0.000592061 0.00124431 -0.000425449 0.000336348 3.32229e-05 0.000881769 -0.000873769 0.000435417 0.000789455 -2.82088e-05 0.00272519 -0.000193884
internal_weight=31106.9 24956.1 6150.76 1719.07 9443.63 4431.69 15512.5 1056.42 3199.85 4224.23 1322.64 14456.1 396.434 6243.79
internal_count=46688 37683 9005 2411 14281 6594 23402 1548 4865 6296 1854 21854 557 9416
is_linear=0
shrinkage=0.02


Tree=158
num_leaves=15
num_cat=0
split_feature=15 12 13 16 13 53 26 5 12 0 16 23 53 32
split_gain=6.35368 3.68925 3.61841 2.63432 2.3594 2.12257 2.00386 1.95057 1.90057 1.81878 1.75602 1.65421 1.27095 1.01095
threshold=13.784524838845163 17.91627965741689 2.2495188956154837 2.7800000000000007 0.063119205751047666 1.8500000000000003 1.2111111111111115 34.90453755256393 17.932125293242176 28.935462777502966 19.030000000000005 1.225143939001107 -0.54999999999999993 0.55000000000000016
decision_type=2 2 2 2 2 2 2 2 2 2 2 2 2 2
left_child=1 3 6 13 8 9 -3 -4 10 -6 -2 -10 -5 -1
right_child=4 2 7 12 5 -7 -8 -9 11 -11 -12 -13 -14 -15
leaf_value=-0.0010018252723184519 -0.0016451107930206355 -0.00016925893925499275 -2.1946252850207375e-05 -0.001711728237128726 0.0024894799954599429 0.0022317401184218243 0.00046411717514258322 0.0015109318103555959 0.00018837452949385121 0.00058873971657529499 0.0004216775596481809 0.0018652413596126924 -0.0003816168295145716 -0.0029997990526539442
leaf_weight=212.98356109857559 397.37351775169373 16496.462409466505 503.13175889849663 314.081527531147 219.25631561875343 434.72745886445045 2265.4427915811539 906.72362968325615 1636.6765755414963 2917.8850804567337 267.64850869774818 277.19146400690079 4017.2399759590626 240.04783299565315
leaf_count=328 559 24807 850 476 398 598 3274 1546 2274 4405 384 387 6037 365
internal_value=4.37552e-06 -0.000137212 -1.82524e-05 -0.000636461 0.000580335 0.000913444 -9.22065e-05 0.000957558 0.000114742 0.00072627 -0.000799537 0.000438154 -0.000481122 -0.002091
internal_weight=31106.9 24956.1 20171.8 4784.35 6150.76 3571.87 18761.9 1409.86 2578.89 3137.14 665.022 1913.87 4331.32 453.031
internal_count=46688 37683 30477 7206 9005 5401 28081 2396 3604 4803 943 2661 6513 693
is_linear=0
shrinkage=0.02


Tree=159
num_leaves=13
num_cat=0
split_feature=1 14 15 13 45 4 50 13 53 15 19 17
split_gain=6.25234 4.57767 3.37742 2.67525 2.54088 2.31712 1.67304 1.52718 1.47444 1.31035 0.95202 0.848367
threshold=25.623500000000003 11.500000000000002 13.471788577509644 1.7030607072291704 4.6750000000000007 29.879167255191572 -0.48127319654465045 2.4555399228720467 -1.0000000180025095e-35 7.5020879317092728 -1.4379105385266102 2.7962791314329816
decision_type=2 2 2 2 2 2 2 2 2 2 2 2
left_child=2 3 5 4 -2 9 -3 -7 -5 -1 -8 -4
right_child=1 6 11 8 -6 7 10 -9 -10 -11 -12 -13
leaf_value=-0.00089312402420133508 0.00025393032368819835 0.0019063448625043656 0.0010431903177717751 0.00014021542580859903 0.0032212540593909112 -0.00022743244430486543 -0.0020383232468879449 0.00088856639185485946 0.00127613229591402 0.00027033258639488011 -0.00051000480695059119 0.0040452929988364994
leaf_weight=3252.3706800341606 10844.682646006346 104.69952517747879 98.491190314292908 623.92745691537857 115.35337689518929 10799.303160399199 181.37677934765816 508.75603213906288 1954.0778023302555 424.22930830717087 2122.4406750202179 77.163775265216827
leaf_count=4913 16191 149 141 1099 156 15989 247 884 3141 658 3019 101
internal_value=4.29036e-06 0.000281057 -0.000286169 0.000424393 0.000286655 -0.000319221 -0.000520158 -0.000176191 0.00100542 -0.000756085 -0.000636328 0.00244897
internal_weight=31106.9 15946.6 15160.3 13538 10960 14984.7 2408.52 11308.1 2578.01 3676.6 2303.82 175.655
internal_count=46688 24002 22686 20587 16347 22444 3415 16873 4240 5571 3266 242
is_linear=0
shrinkage=0.02


Tree=160
num_leaves=15
num_cat=0
split_feature=16 5 0 20 8 19 22 4 1 27 6 21 3 52
split_gain=5.7588 2.34378 1.94269 2.20085 1.84914 1.74577 2.09572 2.01266 1.62711 1.59375 1.56098 1.35782 1.14399 1.059
threshold=15.200000000000005 37.789968802209856 30.365119094825538 0.165419210436383 3.5000000000000004 1.3776807425136461 -0.91020874660049145 42.246817121941241 26.776166666666672 0.67065361003913593 6.5000000000000009 0.72233580510939144 41.519810562898172 0.8500000000000002
decision_type=2 2 2 2 2 2 2 2 2 2 2 2 2 2
left_child=1 8 9 10 -5 6 -3 -7 12 -2 -4 -10 -1 -11
right_child=2 5 3 4 -6 7 -8 -9 11 13 -12 -13 -14 -15
leaf_value=-0.00043619300922351684 0 0.00031145857008490823 0.00084043436490966285 0.00047762452939283144 -0.00088234586436760547 -0.0002060027030524159 -0.00026634544496179633 0.00096332869619179188 0.0019174566145859552 0.00014916933540521185 -0.0013523090094137594 -3.1610660656479654e-05 -0.002153549443630446 0.0021327119354226857
leaf_weight=8923.8460948169231 275.01001861691475 3907.6242173612118 2651.2734112143517 793.54869216680527 793.66971132159233 919.90766355395317 6989.1818156540394 1572.4428185224533 147.8405567407608 142.05970779061317 131.42095711827278 2973.1051711142063 159.33427873253822 661.92715588212013
leaf_count=13315 454 5787 3931 1149 1129 1417 10449 2453 228 238 189 4488 297 1066
internal_value=-5.84475e-06 -0.000131866 0.00058407 0.000392824 -0.000196375 5.02128e-05 -5.82067e-05 0.000527909 -0.00033242 0.0013472 0.000732388 5.86842e-05 -0.000467886 0.00179588
internal_weight=31042.2 25593.3 5448.91 4369.91 1587.22 13389.2 10896.8 2492.35 12204.1 1079 2782.69 3120.95 9083.18 803.987
internal_count=46590 38434 8156 6398 2278 20106 16236 3870 18328 1758 4120 4716 13612 1304
is_linear=0
shrinkage=0.02


Tree=161
num_leaves=15
num_cat=0
split_feature=4 1 0 27 8 23 52 15 41 41 3 20 13 17
split_gain=5.2093 2.81804 3.60754 2.24839 1.95357 1.8827 1.71589 1.43647 1.38379 2.30051 1.29155 1.07203 1.00069 1.33971
threshold=47.39816429976279 27.793500000000005 27.175813746110077 1.9881855510444739 1.5000000000000002 1.1737165061227868 0.75000000000000011 6.026881721656296 1.8750671692812855 1.70699749129351 48.987956964261741 0.76087854306782543 1.3475915412140396 3.1460438255793721
decision_type=2 2 2 2 2 2 2 2 2 2 2 2 2 2
left_child=1 8 6 -4 12 10 -3 -7 9 -1 -6 -10 13 -2
right_child=4 2 3 -5 5 7 -8 -9 11 -11 -12 -13 -14 -15
leaf_value=-0.00031050864422555385 -0.0005694866819006474 -1.5979922044943537e-05 -0.00014406227360459699 0.0022904726521695176 -2.9292317699214852e-06 0.0033518113539153034 0.0013751812029457453 0.00091146584371377688 0.0012369248891250669 -0.0022827428365281969 0.00061516157212474192 -0.00046074445857698771 0.0011763806687128272 -0.0035088106406975855
leaf_weight=15132.222027152777 266.12558075785637 479.98410895466805 5428.3005763292313 153.83498311042786 2528.5192843079567 104.00714308023453 1218.3517762422562 1881.3264161646366 400.04099330306053 240.20697644352913 2827.9534074068069 224.20589959621429 72.544089525938034 84.569008231163025
leaf_count=22613 372 750 7999 215 3680 186 1986 2953 628 359 4271 342 115 121
internal_value=-5.71381e-06 -0.000155676 0.000169604 -7.43832e-05 0.000442461 0.000519536 0.000976573 0.00104759 -0.000304346 -0.00034227 0.000321634 0.000611694 -0.000867174 -0.00132253
internal_weight=31042.2 23277.1 7280.47 5582.14 7765.04 7341.81 1698.34 1985.33 15996.7 15372.4 5356.47 624.247 423.239 350.695
internal_count=46590 34892 10950 8214 11698 11090 2736 3139 23942 22972 7951 970 608 493
is_linear=0
shrinkage=0.02


Tree=162
num_leaves=12
num_cat=0
split_feature=16 13 5 34 13 6 12 20 53 13 12
split_gain=5.38713 3.30375 2.15725 1.94954 1.82893 1.67393 1.7328 2.0379 1.42331 1.3532 0.928691
threshold=15.200000000000005 3.4929646919587092 37.789968802209856 0.53448771687660135 1.2116722482893023 6.5000000000000009 18.327273756347129 0.04632036906641266 0.45000000000000007 0.10695994030176686 19.055927835412977
decision_type=2 2 2 2 2 2 2 2 2 2 2
left_child=1 2 3 -1 -4 6 7 -2 -8 -7 -3
right_child=5 10 4 -5 -6 9 8 -9 -10 -11 -12
leaf_value=-0.00052459229996723383 0.00078157727489852667 0.0014700541584228 -0.00011637083136756019 4.8398548872116477e-06 0.00040471011414465761 -0.0022770563318050586 0.00040440299942672746 -0.00044610697860348361 0.0013059741828409023 0.00057161483852658955 0.0049932429472027183
leaf_weight=7885.8618924617767 1152.6605221629143 101.9288741350174 9569.3864177167416 4240.5177086293697 3743.651190072298 144.02455613017082 1199.1013694405556 1005.8947216570377 1833.7744614481926 113.45402327179909 51.936533480882645
leaf_count=11860 1751 199 14010 6322 5945 198 1914 1496 2625 172 98
internal_value=-5.59482e-06 -0.000127492 -0.000145641 -0.000338658 2.94459e-05 0.000564955 0.000644281 0.00020496 0.000953318 -0.000988563 0.00277226
internal_weight=31042.2 25593.3 25439.4 12126.4 13313 5448.91 5191.43 2158.56 3032.88 257.479 153.865
internal_count=46590 38434 38137 18182 19955 8156 7786 3247 4539 370 297
is_linear=0
shrinkage=0.02


Tree=163
num_leaves=15
num_cat=0
split_feature=44 3 12 3 33 22 53 44 34 33 24 19 0 33
split_gain=5.31918 2.54612 2.04638 2.32668 1.99743 2.59822 2.54657 1.62186 1.58659 1.39795 1.37508 1.29438 1.2308 0.878037
threshold=1.0822252936359622 49.701039733564834 18.591978559698934 45.530237501832289 0.65000000000000013 1.4800537145304051 0.55000000000000016 2.1602966571869326 1.1202940618711839 0.75000000000000011 0.29816915329985205 -2.6677056126914049 21.77991383150351 -0.14999999999999988
decision_type=2 2 2 2 2 2 2 2 2 2 2 2 2 2
left_child=2 4 9 8 6 -6 -2 13 -4 10 -1 -9 -11 -3
right_child=1 7 3 -5 5 -7 -8 11 -10 12 -12 -13 -14 -15
leaf_value=0.00024402928305902472 2.5355937842203111e-05 0.00038525712700614818 -0.00023729226640339414 0.0015609847338375832 -0.00043677921270449219 0.00087503708373539075 0.00062869278150137406 0.0033401942488625602 0.0010490670764250782 0.00064306475603859885 -0.00081257533579311776 0.00054541532034789854 -0.00067202242141091917 0.0031810331456689957
leaf_weight=532.94342723488808 6882.7966402471066 72.235206246376038 5861.9397540688515 331.57609885931015 3744.5245521068573 714.36520674824715 4756.3008424341679 69.175351411104202 406.29059481620789 645.00750780105591 4761.6571571230888 1581.7877614796162 504.05753248929977 177.53463754057884
leaf_count=856 10583 138 8777 612 5560 1076 6839 95 637 987 6893 2462 757 318
internal_value=-5.44224e-06 0.000217091 -0.000313269 -6.3988e-05 0.000134567 -0.000224071 0.000272833 0.000909884 -0.000152011 -0.00056694 -0.00070428 0.000672466 5.73258e-05 0.00242168
internal_weight=31042.2 17998.7 13043.5 6599.81 16098 4458.89 11639.1 1900.73 6268.23 6443.67 5294.6 1650.96 1149.07 249.77
internal_count=46590 27071 19519 10026 24058 6636 17422 3013 9414 9493 7749 2557 1744 456
is_linear=0
shrinkage=0.02


Tree=164
num_leaves=13
num_cat=0
split_feature=4 52 50 14 23 8 23 1 15 3 1 23
split_gain=4.67866 2.62436 2.42039 2.36898 2.00254 1.83154 1.79476 1.72128 1.39142 1.18027 1.1194 0.950197
threshold=47.39816429976279 1.2500000000000002 -0.28570878443948983 6.5000000000000009 1.3874353282437648 1.5000000000000002 1.1737165061227868 25.250333333333337 6.026881721656296 48.987956964261741 31.190500000000004 0.72219215594621444
decision_type=2 2 2 2 2 2 2 2 2 2 2 2
left_child=1 2 10 -3 -4 11 9 -5 -8 -7 -1 -2
right_child=5 3 4 7 -6 6 8 -9 -10 -11 -12 -13
leaf_value=0.00020982398640981937 0.00089761762874386824 0.0030433906844072344 -0.00049725486837138113 -0.00021584299004001037 0.00023546362464818877 -9.2631275519829775e-06 0.003277012256343111 0.00035180594059618672 0.00087563465485216026 0.0005815075671743666 0.0017977579669814984 -0.0013509942786844732
leaf_weight=1360.1543540358543 89.785236418247223 108.21868413686752 11333.850850313902 3958.4456047415733 1697.1266333460808 2528.5192843079567 104.00714308023453 4612.5046638846397 1881.3264161646366 2827.9534074068069 206.84655067324638 333.45344209671021
leaf_count=2078 127 180 16826 6015 2614 3680 186 6852 2953 4271 327 481
internal_value=-5.26856e-06 -0.000147404 -0.000311333 0.000127173 -0.000401038 0.00041945 0.000494116 8.84848e-05 0.00100964 0.000300869 0.000427832 -0.000848483
internal_weight=31042.2 23277.1 14598 8679.17 13031 7765.04 7341.81 8570.95 1985.33 5356.47 1567 423.239
internal_count=46590 34892 21845 13047 19440 11698 11090 12867 3139 7951 2405 608
is_linear=0
shrinkage=0.02


Tree=165
num_leaves=13
num_cat=0
split_feature=16 19 30 50 25 27 14 32 2 45 37 2
split_gain=4.57479 3.48873 2.22786 2.2381 1.85272 1.80939 1.6586 1.8115 1.53167 1.28397 1.27202 0.528859
threshold=16.590000000000007 1.3776807425136461 0.12994079619684717 -0.24501286793800586 2.5500000000000003 1.0572078946088885 13.500000000000002 1.7500000000000002 32.121250000000011 2.5500000000000003 0.15199963501082994 33.942416666666666
decision_type=2 2 2 2 2 2 2 2 2 2 2 2
left_child=1 2 3 -1 -4 9 7 8 -2 -3 -7 -9
right_child=6 5 4 -5 -6 10 -8 11 -10 -11 -12 -13
leaf_value=0.00039108338647981329 0.001471056030093087 5.97664851232686e-05 -0.00066161246663686034 -0.00020550626511354209 0.0020907689353233954 -0.00045057347070914349 -0.0022597776612099971 -0.0026595064156369717 0.00053856100975619348 0.0014064309789802154 0.001296388474075996 -0.00024958648306685062
leaf_weight=3055.8361308574677 956.00055706501007 3914.190717369318 4401.4529636204243 14002.354502469301 96.490518867969513 186.96134933829308 74.781437247991562 69.153785526752472 2955.5036594867706 305.34903952479362 1070.5468598306179 97.298829853534698
leaf_count=4588 1398 6007 6545 20901 133 294 100 100 4514 491 1608 141
internal_value=6.30335e-06 -8.83276e-05 -0.000203152 -9.80126e-05 -0.000599443 0.000361672 0.000624478 0.000680902 0.00076966 0.000160207 0.00102841 -0.00132986
internal_weight=31185.9 27033.2 21556.1 17058.2 4497.94 5477.05 4152.74 4077.96 3911.5 4219.54 1257.51 166.453
internal_count=46820 40567 32167 25489 6678 8400 6253 6153 5912 6498 1902 241
is_linear=0
shrinkage=0.02


Tree=166
num_leaves=15
num_cat=0
split_feature=5 19 50 44 23 34 0 53 32 50 50 47 22 18
split_gain=4.06119 3.66854 2.13292 3.70769 1.99485 2.3896 1.68979 1.81613 1.5828 1.44046 1.44029 1.38588 1.33094 1.16008
threshold=48.42564079404891 1.6770732970423234 -0.27579714942855255 2.0842548407718566 1.4146639793090079 0.17747926732058997 28.857114096709342 1.8500000000000003 1.8500000000000003 -0.41794091198437128 0.084918385879164213 2.9315994443268019 0.74879451271723163 2.23779181853739
decision_type=2 2 2 2 2 2 2 2 2 2 2 2 2 2
left_child=1 2 12 -4 10 -6 9 8 -8 -2 -3 -9 -1 -11
right_child=6 4 3 -5 5 -7 7 11 -10 13 -12 -13 -14 -15
leaf_value=3.4575736523819859e-05 -0.0014017762306895638 -0.00029422804071136164 -0.00037102304055515976 0.00069703890448228028 -0.00028512024448853319 0.0016204862541062287 0.00020050554796760732 0.0021514969594408377 -0.0025428697938712787 0.00056121684555900033 0.00059248532639253216 0.00035843654942430906 0.001014849493951813 0.0019368411710240904
leaf_weight=2164.6435715258121 75.451387822628021 1465.7250245213509 16944.5879778862 1400.3344717919827 353.24883231520653 938.45800605416298 3768.1754579544067 345.21272495388985 83.663954198360443 449.00943154096603 1446.8204777240753 376.01646736264229 753.59684365987778 620.97572174668312
leaf_count=3249 133 2226 25293 2084 575 1418 5646 473 115 757 2205 501 1135 1010
internal_value=6.17828e-06 -0.000101655 -0.000208715 -0.000288882 0.00043727 0.00109199 0.00048803 0.000312702 0.000137034 0.00117754 0.000142924 0.00123408 0.000291664 0.00137103
internal_weight=31185.9 25467.4 21263.2 18344.9 4204.25 1291.71 5718.51 4573.07 3851.84 1145.44 2912.55 721.229 2918.24 1069.99
internal_count=46820 38185 31761 27377 6424 1993 8635 6735 5761 1900 4431 974 4384 1767
is_linear=0
shrinkage=0.02


Tree=167
num_leaves=13
num_cat=0
split_feature=16 19 13 30 27 14 12 53 24 40 33 19
split_gain=4.30224 3.24044 2.1799 2.24623 1.72846 1.5943 1.55807 1.50937 1.59662 1.39022 1.21988 1.19469
threshold=16.590000000000007 1.3776807425136461 2.6149540032731644 0.14354835999058232 1.0572078946088885 13.500000000000002 17.614956490257942 1.8500000000000003 0.45241582400070474 -0.17654324173890754 -0.44999999999999996 2.9084691529654125
decision_type=2 2 2 2 2 2 2 2 2 2 2 2
left_child=1 2 3 -1 11 7 -4 8 -2 -9 -6 -3
right_child=5 4 6 -5 10 -7 -8 9 -10 -11 -12 -13
leaf_value=-0.00013263477447234164 0.0036125468946324401 -4.5825036955122423e-05 -0.00081718030452993798 -0.00066257783897326046 0.0028302539821384986 -0.0022218937140237116 0.0013796619266232 -0.00077304468772330037 0.00044186215305637547 0.0020447993045552286 0.00077049326609998376 0.00071788460891258345
leaf_weight=16860.996784299612 63.802877426147461 3120.119039773941 159.83265140652657 3972.4092011451721 132.51149961352348 74.781437247991562 562.89547896385193 75.336166650056839 3462.6447687149048 476.17301914095879 1124.9967095553875 1099.4207171201706
leaf_count=25055 123 4799 247 5859 190 100 1006 101 5266 663 1712 1699
internal_value=6.08584e-06 -8.56732e-05 -0.000196346 -0.000234216 0.000347992 0.000605572 0.000879114 0.000660937 0.000504078 0.00164041 0.000999632 0.00015104
internal_weight=31185.9 27033.2 21556.1 20833.4 5477.05 4152.74 722.728 4077.96 3526.45 551.509 1257.51 4219.54
internal_count=46820 40567 32167 30914 8400 6253 1253 6153 5389 764 1902 6498
is_linear=0
shrinkage=0.02


Tree=168
num_leaves=15
num_cat=0
split_feature=4 19 50 44 12 40 26 14 44 50 36 35 21 14
split_gain=3.55289 3.05362 2.25731 3.06992 1.7518 1.64138 1.47651 1.42295 1.47633 1.41964 1.10132 1.07651 0.732378 0.733217
threshold=48.763373829021795 1.6770732970423234 -0.27579714942855255 1.9749902971043529 17.573684222166406 0.10067926859779276 1.1055555555555558 10.500000000000002 3.8700133282489291 0.52653230649175653 1.0000000180025095e-35 0.77500000000000013 1.0427924822122441 7.5000000000000009
decision_type=2 2 2 2 2 2 2 2 2 2 2 2 2 2
left_child=1 2 5 -4 12 -1 9 8 -6 -3 -9 -8 13 -2
right_child=4 6 3 -5 7 -7 11 10 -10 -11 -12 -13 -14 -15
leaf_value=7.0961553758066027e-05 0.0012165573123106722 0.00030977678313761958 -0.00036572521581475421 0.0005052379378545146 0.00070033864497149028 0.0012375795806038638 0.00061855480947257415 -0.0021361941336516597 0.0026715448107023083 -0.0016308523450478476 0.00019999612264776683 0.0022437532675466656 -0.0022276467970556262 -0.00055886369976731705
leaf_weight=2409.5138011574745 109.68755054473877 3192.7684840559959 16330.080621272326 1786.0591613054276 3468.3377847969532 608.35308331251144 497.50019201636314 82.905135333538055 161.74823397397995 155.00836804509163 1529.5679685771465 262.92847120761871 83.955553382635117 507.50594207644463
leaf_count=3617 171 4889 24367 2667 5382 918 770 118 224 234 2210 392 128 733
internal_value=5.97329e-06 -9.72961e-05 -0.000194605 -0.000279259 0.000446113 0.000310108 0.000400712 0.000572556 0.000792347 0.000216017 7.11897e-05 0.00119802 -0.000484035 -0.000224276
internal_weight=31185.9 25242.2 21134 18116.1 5943.71 3017.87 4108.21 5242.56 3630.09 3347.78 1612.47 760.429 701.149 617.193
internal_count=46820 37854 31569 27034 8966 4535 6285 7934 5606 5123 2328 1162 1032 904
is_linear=0
shrinkage=0.02


Tree=169
num_leaves=15
num_cat=0
split_feature=5 19 13 47 47 50 34 13 34 50 27 47 32 47
split_gain=3.67854 3.30571 2.18741 2.18666 1.84657 1.74593 1.60369 1.57231 1.76064 1.54294 1.41177 1.30046 0.953706 0.905749
threshold=48.42564079404891 1.3776807425136461 1.358600431353935 1.6410929418488338 0.23738190973970966 -0.16364833434359932 0.21835668751473483 1.0000000180025095e-35 0.083819204272138806 0.56759465962504707 1.2118746511810403 1.65233338960647 1.7500000000000002 1.1231627425856459
decision_type=2 2 2 2 2 2 2 2 2 2 2 2 2 2
left_child=1 2 5 9 -4 -1 -5 8 -2 -3 -10 13 -13 -9
right_child=7 3 4 6 -6 -7 -8 11 10 -11 -12 12 -14 -15
leaf_value=1.1202901418341587e-05 -0.0027919009289307417 0.00019340704104585062 -0.0020385150009780049 -0.00015058213542393795 0.00021922688617897809 -0.00046670910880918518 0.0015821170341581952 0.00018179555334283683 0.00052149789595512259 -0.0024610155550170419 -0.00055242850959220837 0.00063980368971410201 -0.0012808702611754939 0.0021980941296074071
leaf_weight=4182.3201620876789 81.427945345640182 4190.6433784663677 146.80321088433266 274.25643548369408 4790.6912904083729 10973.242055624723 822.3966977596283 132.67836382985115 1484.9538407623768 87.061974763870239 721.68931895494461 2827.7550823390484 102.1970988214016 367.80349552631378
leaf_count=6144 110 6348 232 437 7564 16058 1271 218 2107 131 1002 4454 149 595
internal_value=5.88313e-06 -9.67287e-05 -0.00021488 0.000343057 0.000149276 -0.000334181 0.00114021 0.000464488 5.3594e-05 0.000135921 0.000165557 0.000735446 0.000568572 0.00168632
internal_weight=31185.9 25467.4 20093.1 5374.36 4937.49 15155.6 1096.65 5718.51 2288.07 4277.71 2206.64 3430.43 2929.95 500.482
internal_count=46820 38185 29998 8187 7796 22202 1708 8635 3219 6479 3109 5416 4603 813
is_linear=0
shrinkage=0.02


Tree=170
num_leaves=15
num_cat=0
split_feature=16 12 2 13 0 13 2 2 1 43 13 15 25 32
split_gain=5.14884 3.12623 3.7449 2.60158 2.42957 2.30227 3.91264 2.81179 2.09992 1.85505 1.45752 1.31182 1.34486 1.02375
threshold=5.2450000000000019 18.77456232052489 16.710895833333336 2.7792027348220318 17.029274344087948 1.0000000180025095e-35 19.919071428571431 27.223000000000006 19.503750000000007 0.14999999999999999 1.0621375573653575 2.5257590925032756 1.0000000180025095e-35 0.25000000000000006
decision_type=2 2 2 2 2 2 2 2 2 2 2 2 2 2
left_child=4 5 13 -4 11 6 -2 -7 9 -6 -10 -1 -13 -3
right_child=1 2 3 -5 8 7 -8 -9 10 -11 -12 12 -14 -15
leaf_value=-0.0012988495719043953 0.00087674542973412281 0.00087812439112662077 0.00046471224073793809 0.0028875418021464118 -0.0021423600597480527 -0.00028574480925196047 -0.0006212917295655107 0.00046604940235358633 -0.00069689392010145637 -0.00081754784671474168 0.00047524883041284493 0.0010730080090299964 -9.1753944016877094e-05 -0.0012137956427527086
leaf_weight=279.91005113720894 824.87650242447853 101.41880035400391 10113.626042217016 180.32396432757378 629.20586779713631 3336.7084528505802 4322.3847292363644 4889.8855186402798 1235.4660744965076 1433.7091330885887 634.13634729385376 493.85364255309105 1926.0771766602993 675.09864071011543
leaf_count=470 1174 148 15089 339 946 5123 6156 7592 1819 2165 1018 741 2905 1007
internal_value=2.39158e-05 0.000158321 0.000406981 0.000508678 -0.000469842 -4.67935e-05 -0.000379034 0.000159911 -0.000786905 -0.00122815 -0.000293898 -4.07593e-06 0.000142509 -0.000926177
internal_weight=31076.7 24444.3 11070.5 10294 6632.36 13373.9 5147.26 8226.59 3932.52 2062.92 1869.6 2699.84 2419.93 776.517
internal_count=46692 36628 16583 15428 10064 20045 7330 12715 5948 3111 2837 4116 3646 1155
is_linear=0
shrinkage=0.02


Tree=171
num_leaves=15
num_cat=0
split_feature=44 52 47 47 50 21 6 20 2 12 15 12 5 20
split_gain=4.19623 2.09524 2.1813 2.56305 2.13396 2.57957 1.90206 1.99699 2.08444 1.94358 2.31385 2.06679 1.54613 1.16007
threshold=1.1563730726155994 0.65000000000000002 0.94037543449771832 0.277049233238777 -0.16654641252996363 1.2428599110861771 4.5000000000000009 -1.18622404651202 27.034500000000005 18.77456232052489 7.0427216939581045 18.706327139539649 42.284907431163539 -2.6306399543527905
decision_type=2 2 2 2 2 2 2 2 2 2 2 2 2 2
left_child=1 4 3 -3 13 -6 9 -8 -9 11 -11 -2 -4 -1
right_child=6 2 12 -5 5 -7 7 8 -10 10 -12 -13 -14 -15
leaf_value=0.0015726950475059894 0.00019123818854463752 -0.0012148193184396007 -0.000792717667686926 0.00020176318214221216 -0.0010660914028356406 0.00078886528975923595 -0.0020953399066386343 0.0011362307129684759 -0.0006744489452338361 -0.00030080566016596645 0.00070007538878727091 -0.00095028151902782992 0.00023265232903317868 -0.00017586255297241085
leaf_weight=215.81727424263954 7427.3001095950603 547.58420896530151 2302.1718468368053 7063.8058017790318 2718.5384696424007 329.24317741394043 244.39988330006599 365.70122319459915 815.83058536052704 1074.4080198705196 6036.9918758273125 689.98001664876938 770.63925862312317 474.26919248700142
leaf_count=323 11115 813 3453 10626 3983 473 370 518 1171 1712 9011 1188 1231 705
internal_value=2.34246e-05 -0.000225946 -8.22395e-05 9.82445e-05 -0.000633775 -0.000862041 0.000239969 -0.000455262 -0.000104595 0.000305774 0.000547412 9.27656e-05 -0.000532326 0.000359496
internal_weight=31076.7 14422.1 10684.2 7611.39 3737.87 3047.78 16654.6 1425.93 1181.53 15228.7 7111.4 8117.28 3072.81 690.086
internal_count=46692 21607 16123 11439 5484 4456 25085 2059 1689 23026 10723 12303 4684 1028
is_linear=0
shrinkage=0.02


Tree=172
num_leaves=15
num_cat=0
split_feature=44 41 41 3 6 41 42 41 44 40 17 21 23 41
split_gain=4.02935 2.24941 1.90256 1.83676 1.98622 2.42916 1.70103 1.65789 1.57015 1.47084 1.42778 0.996197 0.966683 0.607548
threshold=1.1563730726155994 1.9166547898254478 1.7499677531712783 49.767365200442164 4.5000000000000009 1.2473616808203136 1.3500000000000003 1.1804092778148969 0.58464140943175191 0.20486912245820491 2.8826874499679462 0.96941404509431262 1.0060528543659066 0.77762561966218968
decision_type=2 2 2 2 2 2 2 2 2 2 2 2 2 2
left_child=1 2 6 4 7 -6 -1 -2 -3 -10 13 -4 -12 -5
right_child=3 8 11 10 5 -7 -8 -9 9 -11 12 -13 -14 -15
leaf_value=-0.00028278650566881676 0.00013487143289243325 -0.00052893030511877318 -0.0037582280657217537 0.0025759566125430362 -0.00024052104286627631 -0.0028547181412617636 0.0010040595595374518 0.00071988294458715646 0.002878399055265708 0.00038232491689387145 0 -0.00086451537493698191 0.0010904725897273315 0.00061768294361893227
leaf_weight=13210.91183540225 11383.29682919383 175.91194853186607 89.597578227519989 243.52032461762428 1122.5589399039745 163.11372643709183 419.02564281225204 2353.6193445622921 204.77383136749268 194.39298790693283 629.99804851412773 127.45540574193001 650.80487379431725 107.69962677359581
leaf_count=19762 17094 292 136 473 1607 237 607 3525 312 307 946 191 1004 199
internal_value=2.29401e-05 -0.000221415 -0.000272934 0.000235141 0.000165029 -0.00058387 -0.00024235 0.000235923 0.000998409 0.00169571 0.000873401 -0.00212807 0.000551097 0.00201067
internal_weight=31076.7 14422.1 13847 16654.6 15022.6 1285.67 13629.9 13736.9 575.079 399.167 1632.02 217.053 1280.8 351.22
internal_count=46692 21607 20696 25085 22463 1844 20369 20619 911 619 2622 327 1950 672
is_linear=0
shrinkage=0.02


Tree=173
num_leaves=15
num_cat=0
split_feature=16 12 2 13 13 2 2 52 47 4 47 27 17 40
split_gain=4.7809 2.9205 3.53204 2.50044 2.19872 3.79761 2.63688 1.40247 1.67121 1.35626 1.84364 1.35898 1.24718 1.21695
threshold=5.2450000000000019 18.77456232052489 16.710895833333336 2.7792027348220318 1.0000000180025095e-35 19.919071428571431 27.223000000000006 0.55000000000000016 1.0799992734070669 25.220881757620756 1.0352387985536742 0.13885636614326807 0.64512468614572727 -0.085825062211874234
decision_type=2 2 2 2 2 2 2 2 2 2 2 2 2 2
left_child=7 4 -3 -4 5 -2 -6 8 12 11 -11 -9 -1 -10
right_child=1 2 3 -5 6 -7 -8 9 13 10 -12 -13 -14 -15
leaf_value=0.000209958791356821 0.00086621187147850837 -0.00090225365554252553 0.00044801945303161208 0.0028233230626535217 -0.00027574655645274201 -0.00060960778533771984 0.0004522492221244228 0.0015253959865766584 -0.0015460291873359638 0.00015156733377589505 -0.00071656253287460437 -0.0011766924925268906 -0.0016271981063943617 0.0016834307865423782
leaf_weight=163.40301245450974 824.87650242447853 776.51744106411934 10113.626042217016 180.32396432757378 3336.7084528505802 4322.3847292363644 4889.8855186402798 76.007160067558289 65.63842099905014 2808.0282948613167 1490.181995421648 943.12127596139908 948.2418937087059 137.73623955249786
leaf_count=256 1174 1155 15089 339 5123 6156 7592 120 95 4249 2272 1447 1416 209
internal_value=2.24857e-05 0.000152012 0.000392355 0.00049114 -4.62187e-05 -0.000370913 0.000155763 -0.000453291 -0.00104086 -0.000305763 -0.00014728 -0.000962783 -0.00134828 0.000587537
internal_weight=31076.7 24444.3 11070.5 10294 13373.9 5147.26 8226.59 6632.36 1315.02 5317.34 4298.21 1019.13 1111.64 203.375
internal_count=46692 36628 16583 15428 20045 7330 12715 10064 1976 8088 6521 1567 1672 304
is_linear=0
shrinkage=0.02


Tree=174
num_leaves=15
num_cat=0
split_feature=16 12 2 13 0 13 2 2 0 46 15 12 5 27
split_gain=4.59174 2.76539 3.26821 2.43919 2.31514 2.05616 3.54774 2.66873 1.97131 1.32417 1.68738 1.5897 1.20062 1.03657
threshold=5.3100000000000032 18.77456232052489 16.710895833333336 2.7792027348220318 17.029274344087948 1.0000000180025095e-35 19.919071428571431 27.223000000000006 17.89473681141865 1.2111111111111115 2.5257590925032756 19.127154411468762 28.712344873618505 0.80951417502022938
decision_type=2 2 2 2 2 2 2 2 2 2 2 2 2 2
left_child=4 5 13 -4 9 6 -2 -7 -6 10 -1 -11 -10 -3
right_child=1 2 3 -5 8 7 -8 -9 12 11 -12 -13 -14 -15
leaf_value=-0.0016820844530512399 0.00085557453100568051 -0.00128891403804971 0.0004369787634003395 0.0027890202778263528 -0.0018824607754076861 -0.00028492798934375382 -0.00058672715403009456 0.00045046188510565867 -0.0011936986392764028 0.0027854455536941449 4.7926389773587959e-05 -0.00071252085677304651 -0.00033958272134681686 0.00040451675391553135
leaf_weight=247.21370005607605 803.67563220858574 579.93656799197197 10071.805575728416 179.39004293084145 532.96596449613571 3294.2223341166973 4310.6756530702114 4883.9511870145798 910.92658367753029 138.61835810542107 2284.595926463604 75.230763763189316 2582.8647141158581 180.60794004797935
leaf_count=421 1145 887 15027 337 809 5056 6139 7584 1373 212 3434 117 3909 242
internal_value=2.20376e-05 0.000150679 0.000385132 0.000479649 -0.000438051 -4.28221e-05 -0.000357882 0.000153022 -0.000743303 6.20384e-06 -0.000118245 0.00151335 -0.00056569 -0.000873652
internal_weight=31076.7 24304.3 11011.7 10251.2 6772.42 13292.5 5114.35 8178.17 4026.76 2745.66 2531.81 213.849 3493.79 760.545
internal_count=46692 36417 16493 15364 10275 19924 7284 12640 6091 4184 3855 329 5282 1129
is_linear=0
shrinkage=0.02


Tree=175
num_leaves=15
num_cat=0
split_feature=52 36 0 3 23 15 1 6 21 4 37 0 19 52
split_gain=3.16036 2.17015 2.03678 1.81824 1.80176 1.9846 1.66595 1.54876 2.67977 1.50811 1.46915 1.39401 1.25044 1.22586
threshold=0.95000000000000007 0.11805555555555557 25.676347205849449 42.413707808922197 1.0602146913668578 13.569395321394067 32.756166666666672 1.5000000000000002 0.99854109829568471 37.511641873841619 0.0060726266826009014 15.895615003477497 2.7585286103664566 0.55000000000000016
decision_type=2 2 2 2 2 2 2 2 2 2 2 2 2 2
left_child=1 2 13 11 7 12 -7 8 -2 -5 -9 -3 -6 -1
right_child=4 3 -4 9 5 6 -8 10 -10 -11 -12 -13 -14 -15
leaf_value=-0.0011418439045619564 -0.00041722193002503052 0.00036543373503932137 -0.0019171915468677487 -0.0022790901273320595 9.5673937777227187e-05 0.0018086948678953366 0.00057396944266018522 0.0015292543386900928 0.0011804025199624989 0.00052236738975943527 -9.6678784186815891e-05 -0.00040704302117613696 0.0010479537166627917 -6.012837987270792e-05
leaf_weight=679.52315917611122 663.40965381264687 1125.0363399684429 504.98678636550903 76.823447555303574 4864.6148415207863 613.8639529645443 1670.3675267100334 224.55642649531364 1105.667990654707 2009.9810929596424 10612.976385086775 5179.7235861420631 625.95279029011726 1144.2622803747654
leaf_count=1012 995 1669 770 144 7493 872 2478 363 1579 3309 15678 7625 988 1721
internal_value=2.9015e-05 -0.000248555 -0.000789055 -9.72149e-05 0.000175513 0.000415013 0.000911455 2.69728e-05 0.000575847 0.000412364 -6.17905e-05 -0.000267543 0.000206401 -0.000469451
internal_weight=31101.7 10720.3 2328.77 8391.56 20381.4 7774.8 2284.23 12606.6 1769.08 2086.8 10837.5 6304.76 5490.57 1823.79
internal_count=46696 16250 3503 12747 30446 11831 3350 18615 2574 3453 16041 9294 8481 2733
is_linear=0
shrinkage=0.02


Tree=176
num_leaves=15
num_cat=0
split_feature=52 16 36 13 12 19 16 6 31 12 4 15 21 52
split_gain=3.03665 2.41848 2.08546 2.25878 2.20039 2.00734 1.73124 1.6418 2.51549 1.73788 1.61666 1.54259 2.08405 0.875535
threshold=0.95000000000000007 4.0633333333333352 0.11805555555555557 1.9501401464752537 18.706948390722786 -1.4379105385266102 3.9399999999999999 2.5000000000000004 2.0433367965020914 19.087247565192722 47.484619532964928 10.759390534917459 1.0396814925176658 0.55000000000000016
decision_type=2 2 2 2 2 2 2 2 2 2 2 2 2 2
left_child=2 5 11 10 -5 -2 -7 9 -9 -3 -4 13 -13 -1
right_child=1 7 3 4 -6 6 -8 8 -10 -11 -12 12 -14 -15
leaf_value=-0.0011406743725421596 -0.0013544417895121545 0.00020620406314029237 -0.00032886236076051935 -4.7986234438664314e-05 0.0018072057927885779 0.00019984440969185284 -0.0025657714563601924 -0.00011404118738572882 0.0031947063200108055 0.00070456708912600217 0.0005729623558064623 -0.0010012299776469688 -0.0053123828654224117 -0.00027854338623568218
leaf_weight=765.58781811594963 697.19215071201324 9052.3607334196568 6484.1840827465057 550.10813838243484 459.87444135546684 1155.7068094909191 96.181509435176849 5175.6064530014992 91.466788113117218 4112.8951233625412 897.39780414104462 157.8507893383503 66.471329480409622 1338.8622889816761
leaf_count=1134 1046 13505 9594 939 760 1766 141 7660 149 6179 1454 252 106 2011
internal_value=2.84357e-05 0.000172044 -0.000243639 -9.52554e-05 0.000788757 -0.000495912 -8.41389e-06 0.000243264 -5.34936e-05 0.000362738 -0.000217745 -0.000773499 -0.00235856 -0.000597715
internal_weight=31101.7 20381.4 10720.3 8391.56 1009.98 1949.08 1251.89 18432.3 5267.07 13165.3 7381.58 2328.77 224.322 2104.45
internal_count=46696 30446 16250 12747 1699 2953 1907 27493 7809 19684 11048 3503 358 3145
is_linear=0
shrinkage=0.02


Tree=177
num_leaves=15
num_cat=0
split_feature=44 13 47 52 14 6 53 53 40 34 52 23 22 52
split_gain=3.01096 2.05852 2.05407 1.88108 1.87167 1.97768 1.91186 1.34212 1.33521 1.69161 1.21228 1.32421 0.90708 0.741212
threshold=1.0749938697958357 0.95995021800316249 0.18828920831116203 2.1500000000000008 7.5000000000000009 5.5000000000000009 0.14999999999999999 0.19999999999999998 -0.13770147993354656 0.12143980576109571 0.55000000000000016 0.70742383043377477 -1.3466465005019688 1.2500000000000002
decision_type=2 2 2 2 2 2 2 2 2 2 2 2 2 2
left_child=1 10 -3 -4 8 6 -6 -7 13 -10 11 -1 -12 -2
right_child=4 2 3 -5 5 7 -8 -9 9 -11 12 -13 -14 -15
leaf_value=-0.0017626998109782999 0.0007931402169486818 -0.0021837353705991889 0.00010493179093806759 0.0019180729302167182 -0.00010885630213159424 0.00021128731432840965 0.00035308092595609866 -0.0012233979742811464 -0.00088711229931534227 0.0016408676494287784 -0.00088466000405790506 -0.00048906220793173776 -0.00018444014874732003 -0.0016046047965943527
leaf_weight=494.73112481832504 90.02662256360054 146.35641974210739 4311.3183742463589 241.10851910710335 5359.5398309230804 403.37367150187492 10643.154368788004 682.60538187623024 115.20161208510399 802.86190313100815 861.86777985095978 1061.6463338434696 5780.6546835303307 107.29963406920433
leaf_count=718 155 226 6748 409 8571 612 15449 963 208 1305 1258 1498 8409 167
internal_value=2.78343e-05 -0.000205558 0.00012656 0.000203956 0.000193747 0.000141192 0.000197752 -0.000681901 0.000988293 0.00131154 -0.000397098 -0.000902077 -0.000277038 -0.000463525
internal_weight=31101.7 12897.7 4698.78 4552.43 18204.1 17088.7 16002.7 1085.98 1115.39 918.064 8198.9 1556.38 6642.52 197.326
internal_count=46696 19266 7383 7157 27430 25595 24020 1575 1835 1513 11883 2216 9667 322
is_linear=0
shrinkage=0.02


Tree=178
num_leaves=15
num_cat=0
split_feature=52 16 36 0 16 5 6 12 0 50 50 12 21 16
split_gain=2.82728 2.29114 1.99749 1.9338 1.88422 1.76462 1.54922 1.67442 1.54261 1.20854 1.11019 1.02794 1.01024 1.39671
threshold=0.95000000000000007 4.0633333333333352 0.11805555555555557 25.676347205849449 8.2900000000000045 43.996321048819148 2.5000000000000004 19.087247565192722 15.895615003477497 -0.045181287271112792 0.38392604090516597 17.633163129127627 1.1597396405120375 3.8708333333333331
decision_type=2 2 2 2 2 2 2 2 2 2 2 2 2 2
left_child=2 12 3 9 -5 8 7 -3 -4 -1 -7 -8 13 -2
right_child=1 6 5 4 -6 10 11 -9 -10 -11 -12 -13 -14 -15
leaf_value=0.00013494193521461272 -0.00045940700070486423 0.00019755269515255605 0.00041260051754296882 -2.2571123048121552e-05 -0.0026945761404483398 0.00028092122374558229 -0.00074283190292990088 0.00068674165703745465 -0.00037971712843836201 -0.00089355839539639783 0.0018425511051658526 5.8156219810821749e-05 0.00063051610359397034 -0.0023359472433683755
leaf_weight=791.08808216452599 1499.3003504276276 9052.3607334196568 1183.8350683152676 163.43857541680336 341.54821094870567 1499.4118245840073 742.30196487903595 4112.8951233625412 5497.7550395429134 1032.6973573863506 210.56253418326378 4524.7712762355804 269.31869637966156 180.46142283082008
leaf_count=1201 2282 13505 1781 239 531 2432 1081 6179 8175 1532 359 6728 405 266
internal_value=2.72463e-05 0.000165826 -0.000235269 -0.000753824 -0.00185301 -9.0026e-05 0.000235156 0.000351218 -0.000237758 -0.000442298 0.000480986 -5.30703e-05 -0.000484274 -0.000669493
internal_weight=31101.7 20381.4 10720.3 2328.77 504.987 8391.56 18432.3 13165.3 6681.59 1823.79 1709.97 5267.07 1949.08 1679.76
internal_count=46696 30446 16250 3503 770 12747 27493 19684 9956 2733 2791 7809 2953 2548
is_linear=0
shrinkage=0.02


Tree=179
num_leaves=15
num_cat=0
split_feature=44 33 53 4 18 50 23 42 19 47 53 4 23 12
split_gain=2.83608 2.12717 2.18914 2.58122 1.84734 1.64453 1.91874 1.43693 1.32328 1.22943 1.3049 0.953755 0.94453 0.627866
threshold=1.0749938697958357 0.65000000000000013 0.14999999999999999 32.761353105485618 1.6795092704112922 -0.12454650075535029 1.0495717083042897 1.3500000000000003 -0.86335632987970257 0.18828920831116203 1.0500000000000003 41.86692931978029 0.83089067203838207 17.727067366620727
decision_type=2 2 2 2 2 2 2 2 2 2 2 2 2 2
left_child=7 2 4 -4 -2 8 -7 9 -3 13 -11 12 -9 -1
right_child=1 5 3 -5 -6 6 -8 11 -10 10 -12 -13 -14 -15
leaf_value=-0.0027419373378101035 0.00063825357805207276 -0.00043680403087041473 -0.00074267896412595277 0.00061183988267299056 -0.00025547031477394242 -0.00081458109233665372 0.00016637773708302894 0 0.00074025315963887565 -0.00026803060331734616 0.00045121990662502532 -0.0010125914077092288 0.0022932182870758315 -0.00079961118943009529
leaf_weight=102.21873182058334 1250.8151916265488 564.99465000629425 598.07979407906532 7839.877949655056 3527.5085795819759 1994.6049066483974 1302.8131980001926 113.62029153108597 1125.3687553405762 11048.58120188117 1099.0693086087704 69.942097902297974 201.31313988566399 262.93846350908279
leaf_count=151 2011 839 915 11355 5722 2907 1983 165 1698 16488 1667 102 296 397
internal_value=2.66972e-05 0.000187729 0.000320786 0.000514494 -1.92604e-05 -0.000162819 -0.000424107 -0.000199805 0.000340868 -0.000237533 -0.000202069 0.000995815 0.00147698 -0.00138254
internal_weight=31101.7 18204.1 13216.3 8437.96 4778.32 4987.78 3297.42 12897.7 1690.36 12512.8 12147.7 384.876 314.933 365.157
internal_count=46696 27430 20003 12270 7733 7427 4890 19266 2537 18703 18155 563 461 548
is_linear=0
shrinkage=0.02


Tree=180
num_leaves=15
num_cat=0
split_feature=16 44 46 23 25 52 12 12 52 12 20 31 52 41
split_gain=3.06655 2.16641 2.39339 1.78751 1.84266 1.78107 1.7199 2.84884 2.01871 1.67675 1.38624 1.37698 1.19563 1.18723
threshold=12.200000000000005 0.4771370152270959 0.78888888888888908 0.91577195527446731 1.1000000000000003 0.8500000000000002 19.221894966250094 19.496107773392016 3.0500000000000003 18.8302617628467 -1.6848909545402238 1.5716333051944786 0.55000000000000016 0.97722148887675453
decision_type=2 2 2 2 2 2 2 2 2 2 2 2 2 2
left_child=1 2 12 4 9 13 8 -8 -3 -2 -7 -6 -1 -5
right_child=3 6 -4 5 11 10 7 -9 -10 -11 -12 -13 -14 -15
leaf_value=-0.0016976039060636933 -0.00033753977969488671 -0.00016016742434682305 0.0020542081831610788 -0.00075468020477750992 -0.001330842442136577 0.0018798158723103385 0.00082926166440711968 -0.00011191977294874948 -0.0022583392261709486 0.001261231545972911 0.00049595476139591382 0.0014407831978512278 -0.00058805315307058242 0.00069215100900079155
leaf_weight=574.64215111732483 692.25586822628975 14112.312914043665 110.48336550593376 746.13875341415405 662.0080241560936 309.06967145204544 2002.8575547337532 3549.1150654554367 184.73030656576157 414.76524236798286 6013.7995688617229 75.352161288261414 1356.6768624484539 317.57735329866409
leaf_count=840 1016 21210 205 1207 953 458 3024 5260 309 621 8966 110 2044 502
internal_value=-7.07168e-06 -0.000136303 -0.000756834 0.000298275 -0.000255063 0.000437825 -7.18977e-05 0.000225984 -0.000188289 0.000253646 0.000565754 -0.00103095 -0.000924775 -0.00031285
internal_weight=31121.8 21890.8 2041.8 9230.97 1844.38 7386.59 19849 5551.97 14297 1107.02 6322.87 737.36 1931.32 1063.72
internal_count=46725 32892 3089 13833 2700 11133 29803 8284 21519 1637 9424 1063 2884 1709
is_linear=0
shrinkage=0.02


Tree=181
num_leaves=14
num_cat=0
split_feature=47 13 33 51 16 2 0 0 44 8 34 30 30
split_gain=3.20688 2.61721 2.16899 3.16181 2.56168 2.09531 1.79615 1.37976 1.11148 0.958959 0.876754 0.53214 1.05512
threshold=0.36164187872918035 0.95995021800316249 -0.24999999999999992 0.95772958733790947 16.222500000000004 21.025395833333338 19.626202691025906 16.839552652505429 0.48791531123298953 2.5000000000000004 0.44780945222118612 0.0061573381924414005 0.13519365353240673
decision_type=2 2 2 2 2 2 2 2 2 2 2 2 2
left_child=8 2 3 -2 -4 7 -7 -3 9 -1 -11 -10 -13
right_child=1 5 4 -5 -6 6 -8 -9 11 10 -12 12 -14
leaf_value=-0.0022620637009468695 0.0009385687478115156 0.00034538376603192046 -0.0003030534551752572 -0.0003682363460102797 0.00039552139354000464 0.0020519701324339672 0.00040655383231115504 -0.00052691848588215669 0.00059693442506331216 -0.00119060701381062 0.00029604549473695229 -0.0021617470603491084 0.00068484379971131971
leaf_weight=271.21413394808769 1760.7734596431255 1242.6497305035591 13445.694842636585 1262.1048625409603 2475.2721026837826 277.22086343169212 7335.9166347980499 1712.9888227880001 245.34082153439522 703.8305349946022 190.9282820224762 105.53689524531364 92.312876164913177
leaf_count=390 2483 2023 19710 1760 3584 477 11584 2708 374 1052 280 160 140
internal_value=-6.92842e-06 4.01791e-05 -0.000100104 0.000389766 -0.00019378 0.000292546 0.000468306 -0.000156807 -0.000876082 -0.00119975 -0.000862273 -5.20513e-07 -0.000789983
internal_weight=31121.8 29512.6 18943.8 3022.88 15921 10568.8 7613.14 2955.64 1609.16 1165.97 894.759 443.191 197.85
internal_count=46725 44329 27537 4243 23294 16792 12061 4731 2396 1722 1332 674 300
is_linear=0
shrinkage=0.02


Tree=182
num_leaves=15
num_cat=0
split_feature=44 6 21 23 12 21 48 12 44 0 12 21 44 21
split_gain=2.86741 2.18245 2.34175 2.02322 2.1575 1.44201 1.33104 2.04142 1.53509 1.567 1.32973 1.15024 1.01611 1.00078
threshold=0.77740072405872451 6.5000000000000009 0.99945247915019786 0.50326374458594436 18.8302617628467 1.0328321908665308 1.0000000180025095e-35 18.153478040842746 0.48791531123298953 20.295730990150982 17.837205257630384 1.2993411919358471 0.42271966710776632 0.79880955293244094
decision_type=2 2 2 2 2 2 2 2 2 2 2 2 2 2
left_child=6 3 13 5 -5 -2 8 12 -1 -10 -4 -9 -8 -3
right_child=1 2 10 4 -6 -7 7 11 9 -11 -12 -13 -14 -15
leaf_value=-0.0010286012468168752 -4.7761795004490142e-05 -0.0014413334527818931 -0.0030061844767098464 1.8353032754677834e-05 0.00042937220713053811 -0.0012156817048043689 0.0014673805840500717 0.00020800869546074117 0.00011803887337416854 -0.0008404915226218339 -0.0009124181858364181 0.0019680824820185903 -0.0010383495554800335 0.00098554448851467065
leaf_weight=1758.6216759979725 1147.5457138419151 80.217602550983429 154.71162939071655 11613.209777414799 9194.3478851914406 685.91405072808266 65.861977458000183 1656.5625070631504 1664.0315863490105 1136.9962563514709 698.06393352150917 164.13125666975975 760.16334402561188 341.40566638112068
leaf_count=2593 1773 119 214 17542 13842 1005 112 2508 2440 1691 1003 255 1124 504
internal_value=-6.77199e-06 9.82851e-05 -0.000705043 0.000144002 0.000200477 -0.000490988 -0.000356737 0 -0.000563752 -0.000267803 -0.00131012 0.000374147 -0.00082342 0.000495578
internal_weight=31121.8 23915.4 1274.4 22641 20807.6 1833.46 7206.37 2646.72 4559.65 2801.03 852.776 1820.69 826.025 421.623
internal_count=46725 36002 1840 34162 31384 2778 10723 3999 6724 4131 1217 2763 1236 623
is_linear=0
shrinkage=0.02


Tree=183
num_leaves=12
num_cat=0
split_feature=47 13 1 0 33 0 3 12 40 40 8
split_gain=2.96865 2.53557 4.36967 2.15671 2.13322 2.29455 2.07314 1.53035 1.06259 0.764156 0.818602
threshold=0.36164187872918035 1.0000000180025095e-35 21.107000000000003 17.029274344087948 -0.14999999999999988 34.060035277487252 49.701039733564834 18.376169595033151 0.17474546001433627 0.13135801454443208 2.5000000000000004
decision_type=2 2 2 2 2 2 2 2 2 2 2
left_child=8 4 3 -3 5 -2 -4 -6 9 10 -1
right_child=1 2 6 -5 7 -7 -8 -9 -10 -11 -12
leaf_value=-0.0018224451242874083 0.00055982060638303584 0.00016263646182685133 0.00029928299027439357 -0.00068424313037350123 -0.00067873086802235538 -0.0015230664992834108 0.0011804426853358517 -0.00013738921442402982 0.0006101491523894866 -0.0029678561183566323 -0.00061641168446949679
leaf_weight=306.08410015702248 2102.0964013338089 2082.1572123765945 11806.568712323904 2794.4458157420158 3233.7882485985756 231.28235206007957 1184.5182142853737 6077.7643623054028 170.06549447774887 79.098513841629028 1053.9154354333878
leaf_count=446 2865 3316 18269 4309 4647 322 1963 8638 256 120 1574
internal_value=-6.64212e-06 3.86697e-05 0.0001886 -0.000320684 -0.000190515 0.000347957 0.000380565 -0.00032657 -0.000842899 -0.00102216 -0.000897464
internal_weight=31121.8 29512.6 17867.7 4876.6 11644.9 2333.38 12991.1 9311.55 1609.16 1439.1 1360
internal_count=46725 44329 27857 7625 16472 3187 20232 13285 2396 2140 2020
is_linear=0
shrinkage=0.02


Tree=184
num_leaves=13
num_cat=0
split_feature=47 13 1 44 12 44 53 27 44 53 8 34
split_gain=2.85265 2.44578 2.08619 1.84189 1.54748 1.29728 1.63511 1.30421 1.03726 0.899338 0.894393 0.838935
threshold=0.36164187872918035 0.95995021800316249 21.107000000000003 1.4270839502025117 18.655025900617684 3.3483557382899236 0.24999999999999997 0.16278518499283942 0.48791531123298953 0.35000000000000003 2.5000000000000004 0.44780945222118612
decision_type=2 2 2 2 2 2 2 2 2 2 2 2
left_child=8 5 3 -3 -4 7 -7 -2 10 -10 -1 -12
right_child=1 2 4 -5 -6 6 -8 -9 9 -11 11 -13
leaf_value=-0.0021649544004385692 0.0008875364649107172 1.7543682424012903e-05 0.00017082580369559027 -0.0014771375222086248 0.00074230952881147391 -0.0012075337973988926 0.0014065947788326233 -0.00015548060193636373 -0.00070814205925973637 0.0011374653852088826 -0.0011341322455483915 0.00032042676425186997
leaf_weight=271.21413394808769 488.30064246058464 2498.1614473462105 3902.163856357336 375.8259471654892 3792.6248006522655 116.10949844121933 445.02799168229103 17894.407134920359 274.20221257209778 168.98838037252426 703.8305349946022 190.9282820224762
leaf_count=390 763 3946 6055 626 6165 186 614 25974 418 256 1052 280
internal_value=-6.52293e-06 3.78884e-05 0.00028186 -0.000175327 0.000453919 -9.7711e-05 0.000845559 -0.000127137 -0.000826284 0 -0.00113888 -0.000812577
internal_weight=31121.8 29512.6 10568.8 2873.99 7694.79 18943.8 561.137 18382.7 1609.16 443.191 1165.97 894.759
internal_count=46725 44329 16792 4572 12220 27537 800 26737 2396 674 1722 1332
is_linear=0
shrinkage=0.02


Tree=185
num_leaves=12
num_cat=0
split_feature=52 13 10 15 20 1 15 15 42 44 26
split_gain=2.58474 2.37253 1.84669 2.52678 1.68577 1.51676 1.27089 1.40569 0.839351 0.75096 0.6997
threshold=2.8500000000000001 1.9635934833703603 1.0000000180025095e-35 8.7828805339546747 1.6471213146775343 22.328500000000002 2.5257590925032756 3.8944811375901822 0.15000000000000005 1.7021648782832581 0.61250000000000016
decision_type=2 2 2 2 2 2 2 2 2 2 2
left_child=1 2 3 -1 -4 10 -3 -8 -7 -10 -2
right_child=5 6 4 -5 -6 8 7 -9 9 -11 -12
leaf_value=-0.00041088748725453574 -0.0024216715916108929 -0.0016364120591273437 6.4035879357008955e-05 1.0192847400562078e-05 0.0011531380297895263 0.0026668790172940859 0.001950969957699926 0.00037687020064109067 0.002056346797840447 0.00060705602122026342 0.00023138919013727336
leaf_weight=11804.312180191278 73.645934253931046 111.08531573414803 3150.2414149343967 10934.163144499063 698.36650025844574 121.30930730700493 248.78934520483017 2954.4735122919083 181.10078543424606 889.32350873947144 70.36820375919342
leaf_count=17523 133 214 4599 16222 1017 172 431 4855 293 1259 112
internal_value=-3.71865e-05 -7.59673e-05 -0.000139159 -0.000207981 0.000264757 0.000822284 0.00042771 0.000503387 0.00106092 0.000864958 -0.00107143
internal_weight=31237.2 29901.4 26587.1 22738.5 3848.61 1335.75 3314.35 3203.26 1191.73 1070.42 144.014
internal_count=46830 44861 39361 33745 5616 1969 5500 5286 1724 1552 245
is_linear=0
shrinkage=0.02


Tree=186
num_leaves=12
num_cat=0
split_feature=53 6 27 18 53 6 15 12 12 41 50
split_gain=2.33685 2.28485 1.67355 1.50245 1.60932 1.38346 1.3714 1.3606 1.01562 0.982281 0.75482
threshold=0.55000000000000016 5.5000000000000009 2.3865142105686705 3.1803181046618558 0.8500000000000002 1.5000000000000002 18.794385591090798 16.820790149752167 19.603966622316978 1.27488618386986 -0.13552842805854579
decision_type=2 2 2 2 2 2 2 2 2 2 2
left_child=2 3 6 5 -5 -2 7 -1 9 -3 -8
right_child=1 8 -4 4 -6 -7 10 -9 -10 -11 -12
leaf_value=-0.0013304011557179172 0.0007495030026277228 -0.00079474379130565207 0.0027292919788161618 -0.00070230880470972107 0.0015237951712075959 9.5379632158677072e-05 -0.00014810541322538923 -0.00018557662995914018 0.00091369187664905901 -0.0030840073918216079 0.0013392218558591598
leaf_weight=426.25172656774521 1535.8798300921917 632.13519659638405 76.864139318466187 153.44168409705162 662.10732018947601 8514.7885002791882 201.12179765105247 18478.037958174944 109.43818464875221 89.010635197162628 358.10217979550362
leaf_count=648 2215 894 104 225 908 12479 343 28120 156 129 609
internal_value=-3.6392e-05 0.000186766 -0.000170491 0.000264788 0.00109204 0.000196463 -0.000182735 -0.000212057 -0.000820136 -0.00109888 0.000787873
internal_weight=31237.2 11696.8 19540.4 10866.2 815.549 10050.7 19463.5 18904.3 830.584 721.146 559.224
internal_count=46830 17006 29824 15827 1133 14694 29720 28768 1179 1023 952
is_linear=0
shrinkage=0.02


Tree=187
num_leaves=13
num_cat=0
split_feature=52 13 10 16 21 5 15 50 40 19 2 2
split_gain=2.44015 2.2802 1.7378 2.40589 2.05341 1.47435 1.24502 1.28907 1.13999 0.825602 0.67629 0.545182
threshold=2.8500000000000001 1.9635934833703603 1.0000000180025095e-35 23.410000000000007 1.0749488119621657 39.238485027479534 20.184190138403125 0.18782820062654684 -0.14829429433023786 0.57645142835838759 33.671083333333343 32.121250000000011
decision_type=2 2 2 2 2 2 2 2 2 2 2 2
left_child=1 2 3 -1 -4 9 7 -3 11 -2 -10 -7
right_child=5 6 4 -5 -6 8 -8 -9 10 -11 -12 -13
leaf_value=-0.00023226957122053651 -0.0018883848861945658 0.00012597022754685049 -3.6453753890335004e-05 0.0012127712486138672 0.00097624834441780957 -0.0014939296158883373 0.0026395524032884819 0.0010857902713840562 0.0018260325912296516 0.00083501139552355204 0.00068597410560730415 0.0005456569688184565
leaf_weight=22271.850846946239 114.40617904067039 2483.4230447113514 2726.8031587898731 466.62447774410248 1121.8047564029694 83.704130709171295 97.521022140979767 733.4041063785553 550.02802750468254 64.627209693193436 397.55642911791801 125.42576342821121
leaf_count=33007 195 4098 4003 738 1613 125 154 1248 805 109 562 173
internal_value=-3.56563e-05 -7.33458e-05 -0.000135302 -0.000202072 0.000256489 0.000799415 0.000420425 0.000348445 0.00106463 -0.000851695 0.00136071 -0.000229741
internal_weight=31237.2 29901.4 26587.1 22738.5 3848.61 1335.75 3314.35 3216.83 1156.71 179.033 947.584 209.13
internal_count=46830 44861 39361 33745 5616 1969 5500 5346 1665 304 1367 298
is_linear=0
shrinkage=0.02


Tree=188
num_leaves=15
num_cat=0
split_feature=13 52 12 25 22 20 33 42 53 36 42 52 37 53
split_gain=2.354 2.07964 1.81623 1.52949 1.41701 1.37647 1.37544 1.19665 1.45825 1.1141 1.63877 1.46481 0.976792 0.62852
threshold=2.117786268343933 1.1500000000000001 18.327273756347129 2.7750000000000004 -2.2361811760909407 1.0000000180025095e-35 0.65000000000000013 0.25000000000000006 0.8500000000000002 0.23611111111111113 0.95000000000000007 1.8500000000000003 0.38364323172120313 -0.34999999999999992
decision_type=2 2 2 2 2 2 2 2 2 2 2 2 2 2
left_child=1 4 7 6 5 -1 -3 8 -2 11 -11 -4 -6 -9
right_child=2 3 9 -5 12 -7 -8 13 -10 10 -12 -13 -14 -15
leaf_value=0.0014811629365747917 -0.0015084639188632876 0.00019478907772716822 -0.00019373652963048863 0.0029230681033641836 -0.00047060007459652004 -0.00058956708044099397 -0.00022623117915640826 0.0019583905370344676 0.0014541387574953566 0.0016726716504740409 -0.00058259203137704771 0.0025630740985643349 -0.00012678824519572003 0.0001650540659938434
leaf_weight=350.97916674613953 341.13356992602348 9903.7802907824516 481.22065728902817 73.348082929849625 6917.7220472693443 192.04904809594154 4503.1995780467987 89.862751334905624 77.451802760362625 890.02440935373306 142.38925334811211 88.879131019115448 6523.4200391471386 661.71932455897331
leaf_count=548 576 14504 812 103 10412 296 6673 154 121 1499 227 150 9700 1055
internal_value=-3.48968e-05 -8.93958e-05 0.00052065 7.80654e-05 -0.0002635 0.000730998 6.24833e-05 -7.04831e-05 -0.000932202 0.000958083 0.00135144 0.000226031 -0.000304525 0.000397372
internal_weight=31237.2 28464.5 2772.68 14480.3 13984.2 543.028 14407 1170.17 418.585 1602.51 1032.41 570.1 13441.1 751.582
internal_count=46830 42236 4594 21280 20956 844 21177 1906 697 2688 1726 962 20112 1209
is_linear=0
shrinkage=0.02


Tree=189
num_leaves=15
num_cat=0
split_feature=52 13 25 12 19 6 48 19 1 22 12 12 1 45
split_gain=2.32075 2.11732 2.07014 1.83007 1.81128 1.5671 1.43279 1.11833 0.944538 0.954844 0.898087 1.13134 0.704338 0.681307
threshold=2.8500000000000001 1.9635934833703603 2.6333333333333337 18.706948390722786 3.8885557289332477 1.5000000000000002 1.2500000000000002 -2.750276381034618 27.626833333333334 -0.30994358088317847 17.932125293242176 18.444719246241039 30.929833333333338 2.9000000000000004
decision_type=2 2 2 2 2 2 2 2 2 2 2 2 2 2
left_child=1 2 5 7 -5 -1 8 -3 9 -2 13 -12 -10 -8
right_child=6 3 -4 4 -6 -7 10 -9 12 -11 11 -13 -14 -15
leaf_value=0.00023017874689064126 -0.0025661234210560976 -0.0026132688088659059 0.002568220757125914 0.00078069431539378473 0.0042101555069840027 -0.00020605330493802772 0.0012034836219709851 8.989440442608781e-05 0.0021925494682420196 9.0433827094318144e-05 0.0029696587311205508 0.0010608821115506758 -0.00019310281399832616 -0.00094827734464704872
leaf_weight=3832.4414760172367 99.332358479499817 61.320531487464905 110.81693002581596 1345.9314829111099 64.488513618707657 22643.824833840132 112.99375677108765 1842.607645213604 78.68125319480896 101.12560373544693 175.93268743157387 540.26645371317863 110.4129279255867 117.00269824266434
leaf_count=5594 168 99 153 2215 111 33614 161 3075 127 165 249 775 165 159
internal_value=-3.41749e-05 -7.09385e-05 -0.000130651 0.000404842 0.000950319 -0.000142518 0.0007802 0 -0.0002184 -0.00118891 0.00120147 0.00155066 0.000759784 6.70077e-05
internal_weight=31237.2 29901.4 26587.1 3314.35 1410.42 26476.3 1335.75 1903.93 389.552 200.458 946.196 716.199 189.094 229.996
internal_count=46830 44861 39361 5500 2326 39208 1969 3174 625 333 1344 1024 292 320
is_linear=0
shrinkage=0.02


Tree=190
num_leaves=13
num_cat=0
split_feature=16 24 14 17 30 14 17 17 4 4 30 17
split_gain=2.78525 2.00469 2.3818 1.78107 1.30872 1.21618 1.1553 1.14843 2.19071 1.74194 1.11046 1.17434
threshold=3.1366666666666672 0.99980105643975958 10.500000000000002 0.96465934324723868 -0.050480435869457489 12.500000000000002 1.0486465906140077 1.6424027830511059 46.553047254303657 44.792356022621469 0.20630199460616708 1.7909187631497618
decision_type=2 2 2 2 2 2 2 2 2 2 2 2
left_child=5 7 3 -3 -4 10 -7 9 -9 -2 11 -1
right_child=1 2 4 -5 -6 6 -8 8 -10 -11 -12 -13
leaf_value=-0.00054271564340336784 5.567682733696686e-05 -0.0012743947374217704 0.00037452072874723941 0.00063137413295212802 -0.00055564008549364562 -0.00045068066065614753 0.0028323001071157254 -0.00041796627286737207 0.00015426302698707249 0.0011388737150210446 -0.0026112396845492615 -0.0029626132564881686
leaf_weight=1964.1263751685619 8944.6503559947014 198.19811400771141 1009.1915855705738 5544.4128625690937 1479.8217473626137 88.578700542449951 73.508804887533188 6201.425041437149 4672.6729680299759 636.61551204323769 125.18245512247086 84.188238710165024
leaf_count=3003 13561 315 1455 8301 2068 121 102 9235 7135 966 190 130
internal_value=2.10917e-05 7.54928e-05 0.000339107 0.000563438 -0.000174486 -0.000642309 0.000993625 -3.01246e-05 -0.000171173 0.000128915 -0.000769706 -0.000649847
internal_weight=31022.6 28687 8231.62 5742.61 2489.01 2335.58 162.088 20455.4 10874.1 9581.27 2173.5 2048.31
internal_count=46582 43036 12139 8616 3523 3546 223 30897 16370 14527 3323 3133
is_linear=0
shrinkage=0.02


Tree=191
num_leaves=15
num_cat=0
split_feature=53 16 45 18 16 46 33 18 6 12 33 4 30 34
split_gain=4.05613 1.96687 1.66938 1.9214 1.43069 2.68143 1.45297 1.34316 1.26548 1.07726 1.07082 1.60694 0.988964 0.903513
threshold=0.8500000000000002 3.21 3.4500000000000006 2.8605126353863191 4.8225000000000025 0.73214285714285732 0.45000000000000007 3.1940085674000569 1.5000000000000002 19.96118791700864 0.14999999999999999 25.65757457239047 0.10191893838945647 0.31055711269341607
decision_type=2 2 2 2 2 2 2 2 2 2 2 2 2 2
left_child=1 10 7 -4 5 -2 9 -3 -8 -6 11 -1 -7 -12
right_child=4 2 3 -5 6 12 8 -9 -10 -11 13 -13 -14 -15
leaf_value=-0.0016150194545800536 0.00079248546843876857 -5.6588661866688092e-05 0.0027929923874720143 0.00019812606651564802 0.00070544064736383224 -0.0008783893706821765 0.0012030628996245027 -0.0011531950772560894 3.7320243512853221e-05 0.0021581768401307102 -0.001505055238784205 0.00049137764870909087 -0.0033291315270874934 -0.00042120702139191438
leaf_weight=196.59569635987282 455.58407112956047 20343.02493005991 170.13952013850212 368.44069364666939 3350.4788925349712 409.77059763669968 434.79138815402985 456.22483015060425 2675.3170374333858 224.71453011035919 745.34059038758278 528.93604186177254 83.512522101402283 579.7014197409153
leaf_count=287 672 30732 286 587 4871 612 630 717 3916 305 1214 765 125 863
internal_value=2.06523e-05 -0.000109669 -5.22751e-05 0.00104365 0.000421143 -0.00029841 0.000524826 -8.12317e-05 0.000204172 0.000800702 -0.000701388 -6.85136e-05 -0.00132526 -0.00103976
internal_weight=31022.6 23388.4 21337.8 538.58 7634.17 948.867 6685.3 20799.2 3110.11 3575.19 2050.57 725.532 493.283 1325.04
internal_count=46582 35451 32322 873 11131 1409 9722 31449 4546 5176 3129 1052 737 2077
is_linear=0
shrinkage=0.02


Tree=192
num_leaves=12
num_cat=0
split_feature=16 22 16 13 23 12 44 22 23 5 17
split_gain=2.57338 2.38883 2.39243 2.17776 1.64288 1.12263 1.10168 1.63595 0.782906 0.731464 0.946372
threshold=3.1366666666666672 -1.0720833248707884 15.980000000000006 2.1357352343357481 1.136017802403233 17.782583576402672 0.94517027920750107 -1.0904890767781985 0.82362572978561621 22.137699432779019 1.3518545024590056
decision_type=2 2 2 2 2 2 2 2 2 2 2
left_child=5 6 3 -3 -4 -1 8 -8 -2 -7 -11
right_child=1 2 4 -5 -6 9 7 -9 -10 10 -12
leaf_value=-0.0015227828366116631 -0.00041565372104207862 -0.00017403846442570146 3.6121934153820658e-05 0.00057468205398161082 0.0008372538326837421 -0.0016897289786235131 0.00054604159385618757 0.0034973117854991283 0.00088757700796545562 -1.1101686320406198e-05 -0.0011477639123533662
leaf_weight=448.43100821971893 813.15965673327446 17590.84059497714 2170.3178005218506 1697.9008958637714 1984.1842701733112 160.69016268849373 4120.5509428679943 76.045753240585327 233.98827263712883 1347.3160241246223 379.14737939834595
leaf_count=681 1218 26196 3169 2818 3048 249 6130 111 346 2038 578
internal_value=2.02385e-05 7.25417e-05 -1.33724e-05 -0.000107561 0.000421366 -0.000617414 0.000458404 0.000603543 -0.000113775 -0.0003956 -0.000267548
internal_weight=31022.6 28687 23443.2 19288.7 4154.5 2335.58 5243.74 4196.6 1047.15 1887.15 1726.46
internal_count=46582 43036 35231 29014 6217 3546 7805 6241 1564 2865 2616
is_linear=0
shrinkage=0.02


Tree=193
num_leaves=15
num_cat=0
split_feature=53 16 45 18 16 44 17 34 14 14 30 16 30 17
split_gain=3.86212 1.81797 1.58803 1.84796 1.34818 2.44237 1.32043 1.30288 1.85506 1.13335 1.07312 1.06067 0.890953 0.72328
threshold=0.8500000000000002 3.21 3.4500000000000006 2.8605126353863191 4.8225000000000025 0.70202381864193864 1.4418701464944108 0.67507062557582731 13.500000000000002 12.500000000000002 0.10191893838945647 2.2450000000000014 0.20630199460616708 3.0879567829547918
decision_type=2 2 2 2 2 2 2 2 2 2 2 2 2 2
left_child=1 9 6 -4 5 11 -3 8 -6 12 -7 -2 -1 -9
right_child=4 2 3 -5 7 10 -8 13 -10 -11 -12 -13 -14 -15
leaf_value=-0.00068946092646542166 -0.00094807374095068093 0.00013741622139716231 0.0027322157786825543 0.00018705372242523469 0.00072989812359631817 -0.00068124256133166798 -0.00019682092945486185 -0.00019786564877644701 -0.0016861275800435728 0.00099869772796132902 -0.0030292356832801121 0.0015645465032779026 -0.0025381208647141896 0.00087496770881670633
leaf_weight=1792.8553742468357 81.071020126342773 7215.8270806968212 170.13952013850212 368.44069364666939 4966.217700958252 486.78140294551849 13583.422679513693 1282.5968880653381 126.2092482149601 143.25017353892326 96.862449109554291 284.15231868624687 114.46820056438446 310.27801099419594
leaf_count=2762 120 10925 286 587 7237 731 20524 1885 172 194 145 413 173 428
internal_value=1.98291e-05 -0.000107329 -5.21295e-05 0.00101671 0.000410632 -0.000287648 -8.03821e-05 0.000511293 0.000667419 -0.00067624 -0.00109701 0.000977446 -0.000808188 5.67792e-06
internal_weight=31022.6 23388.4 21337.8 538.58 7634.17 948.867 20799.2 6685.3 5092.43 2050.57 583.644 365.223 1907.32 1592.87
internal_count=46582 35451 32322 873 11131 1409 31449 9722 7409 3129 876 533 2935 2313
is_linear=0
shrinkage=0.02


Tree=194
num_leaves=13
num_cat=0
split_feature=53 42 45 18 13 44 47 18 33 27 4 23
split_gain=3.70753 2.0918 1.65733 1.67774 1.60201 1.35849 1.32069 1.22499 1.07248 0.916773 0.899681 0.862854
threshold=0.8500000000000002 0.15000000000000005 3.4500000000000006 2.8605126353863191 1.4926617451241484 2.8417000575920266 0.23738190973970966 3.1940085674000569 -0.54999999999999993 0.81355283199694062 24.701282457319284 1.0297496932540462
decision_type=2 2 2 2 2 2 2 2 2 2 2 2
left_child=2 4 6 -4 5 -2 9 -8 -3 -1 -10 -5
right_child=1 8 3 11 -6 -7 7 -9 10 -11 -12 -13
leaf_value=-0.00065419315257200577 0.00052507739595949847 0.0020985802518509434 0.002612560005507315 -0.00063302309546328552 0.0027881493814309638 0.0030324345041467956 -8.5143206646242525e-05 -0.0011323205358993397 -0.0010333046222442755 -0.0027447686032038171 0.00027168561073503343 0.0012917516622351481
leaf_weight=437.03920182585716 794.24859473109245 124.35380434989929 171.45717909932137 206.2147009074688 211.27299523353577 98.489768356084824 21844.064667195082 456.22483015060425 213.99004656076431 110.32755923271179 6191.8138298690319 163.07558393478394
leaf_count=661 1141 172 288 322 332 139 33044 717 328 153 9019 266
internal_value=1.94161e-05 0.000402323 -0.000105164 0.000984987 0.00120926 0.000819034 -0.000131487 -0.000107115 0.00026404 -0.00110223 0.000226222 0.000192388
internal_weight=31022.6 7634.17 23388.4 540.747 1104.01 892.738 22847.7 22300.3 6530.16 547.367 6405.8 369.29
internal_count=46582 11131 35451 876 1612 1280 34575 33761 9519 814 9347 588
is_linear=0
shrinkage=0.02


Tree=195
num_leaves=13
num_cat=0
split_feature=44 14 6 46 13 53 41 14 41 5 50 44
split_gain=2.85289 2.2538 2.04592 2.30297 1.98532 1.75012 1.99619 1.75661 1.46644 1.34781 1.17485 1.1123
threshold=1.393852240546426 14.500000000000002 1.5000000000000002 1.2361111111111114 1.4108715746478684 0.45000000000000007 2.4219539736149218 10.500000000000002 1.9166547898254478 26.149838106423982 -0.16364833434359932 1.1635034691791628
decision_type=2 2 2 2 2 2 2 2 2 2 2 2
left_child=2 5 3 10 -5 7 -7 -2 9 -4 -1 -10
right_child=1 -3 8 4 -6 6 -8 -9 11 -11 -12 -13
leaf_value=0.00096618783544724835 0.00021288031270123427 -0.0029636018066887333 -0.00083877251745413921 0.00074144254992102011 0.0036684793745830895 0.00049174668362624257 -0.0027949611910060234 -0.00056825611243199097 0.0011331785689410209 -0.0002210098662936552 -0.00014771808341780969 -0.0010379894651870703
leaf_weight=472.39340364933014 3959.8575704097748 85.326920717954636 1598.0388235449791 333.13313153386116 134.57477316260338 7184.4294209182262 71.859022796154022 1620.5383984446526 489.50788849592209 13295.973697721958 1846.2792919874191 110.49363571405411
leaf_count=696 6422 118 2426 475 216 10356 118 2460 762 19872 2705 163
internal_value=2.05199e-06 0.000229809 -0.000158405 0.000338846 0.00161697 0.000252273 0.00045706 -1.22915e-05 -0.000248506 -0.000288067 7.55509e-05 0.000714614
internal_weight=31202.4 12922 18280.4 2786.38 467.708 12836.7 7256.29 5580.4 15494 14894 2318.67 600.002
internal_count=46789 19474 27315 4092 691 19356 10474 8882 23223 22298 3401 925
is_linear=0
shrinkage=0.02


Tree=196
num_leaves=15
num_cat=0
split_feature=53 6 23 51 16 13 26 19 51 14 22 27 22 16
split_gain=2.65829 2.47847 1.94165 2.24357 1.75512 1.68353 1.50794 1.37244 1.33936 1.2885 1.17836 0.927055 0.805685 0.77493
threshold=0.65000000000000013 4.5000000000000009 1.3963798878610099 0.59740551420297539 26.390000000000004 0.063119205751047666 1.267857142857143 1.2875770158000173 0.85375159381129417 7.5000000000000009 1.732312073436445 0.84492602180755538 0.092981901656870009 3.7200000000000011
decision_type=2 2 2 2 2 2 2 2 2 2 2 2 2 2
left_child=2 4 5 10 9 8 -5 -7 -1 -2 -4 13 -13 -3
right_child=1 11 3 6 -6 7 -8 -9 -10 -11 -12 12 -14 -15
leaf_value=-0.00018544635878574431 0.0012151594603011563 -0.0016000871622315871 0.00019781988409688802 0.00057577135705588354 0.0020937675844971059 -0.00014727150854404081 0.0023114832341439889 0.00042185749190917494 -0.00072823586827642215 0.00025636573560128539 -0.0012760355576034105 -0.0022585139531300711 -0.00043204272751755558 0.00025486611187202116
leaf_weight=4148.6165997385979 606.97160226106644 111.50892880558968 508.91705349087715 1351.6962883472443 229.94381895661354 8972.400384247303 241.3734455704689 2083.758389800787 3331.4638308286667 8413.3475658893585 364.298538595438 216.53162580728531 204.125971108675 417.45193564891815
leaf_count=5914 934 156 819 2135 338 13991 382 3341 4758 12236 593 303 286 603
internal_value=1.99639e-06 0.000267177 -0.000126326 0.000399319 0.000367806 -0.000196839 0.000847595 -3.90463e-05 -0.000428659 0.000322246 -0.000407146 -0.00070126 -0.00140211 -0.000121892
internal_weight=31202.4 10199.9 21002.5 2466.29 9250.26 18536.2 1593.07 11056.2 7480.08 9020.32 873.216 949.618 420.658 528.961
internal_count=46789 14856 31933 3929 13508 28004 2517 17332 10672 13170 1412 1348 589 759
is_linear=0
shrinkage=0.02


Tree=197
num_leaves=14
num_cat=0
split_feature=3 13 3 5 15 28 5 14 41 10 52 36 36
split_gain=2.75254 2.37783 1.96937 1.45805 1.63942 1.38116 1.30482 1.10629 1.80032 1.07407 0.942402 0.919579 0.854324
threshold=49.799609463113498 2.117786268343933 25.747652862367932 35.112763719652826 8.0958188147205377 2.7500000000000004 34.287899764881864 11.500000000000002 0.58547449298461995 1.0000000180025095e-35 1.4500000000000002 1.0000000180025095e-35 1.5857142857142861
decision_type=2 2 2 2 2 2 2 2 2 2 2 2 2
left_child=1 2 9 6 -5 -4 -3 8 11 -1 -9 -2 -10
right_child=7 3 5 4 -6 -7 -8 10 12 -11 -12 -13 -14
leaf_value=-0.00122228133674968 -0.00053104702415616479 0.00014324364683789473 -7.7544836922903811e-05 0.0017109825228055686 0.00039837175214899159 0.0014303138992185075 -0.002386577401766391 -0.0022151943326716777 -0.0004016050188649475 0.00065924817395243479 0.00048046184218072263 0.0017337290869694289 0.0020450028533862937
leaf_weight=875.02417612075806 70.375162333250046 872.02993124723434 25759.474096655846 615.75980123877525 1068.7943440675735 242.7384452521801 87.616034388542175 78.583154529333115 366.7406140267849 132.23584175109863 133.71454337239265 833.82715630531311 65.492677807807922
leaf_count=1338 115 1437 38070 1055 1704 323 138 139 583 200 190 1389 108
internal_value=1.95736e-06 -4.06741e-05 -9.70363e-05 0.000530902 0.000885563 -6.2975e-05 -8.18143e-05 0.000823672 0.00103897 -0.000964544 -0.000482048 0.00154564 -1.50524e-07
internal_weight=31202.4 29653.7 27009.5 2644.2 1684.55 26002.2 959.646 1548.73 1336.44 1007.26 212.298 904.202 432.233
internal_count=46789 44265 39931 4334 2759 38393 1575 2524 2195 1538 329 1504 691
is_linear=0
shrinkage=0.02


Tree=198
num_leaves=13
num_cat=0
split_feature=44 51 14 52 50 18 23 47 52 17 53 26
split_gain=2.66963 2.18753 1.89689 1.93503 1.59524 1.77134 1.40534 1.73101 1.42932 1.16838 1.13525 0.795299
threshold=1.393852240546426 1.7500706093471805 14.500000000000002 1.4500000000000002 -0.28104758691430681 1.493304204968031 1.3963798878610099 0.68891968233496925 0.65000000000000002 1.5362802338963568 1.0500000000000003 1.0500000000000003
decision_type=2 2 2 2 2 2 2 2 2 2 2 2
left_child=4 2 3 -2 5 10 8 -8 -6 -7 -1 -3
right_child=1 11 -4 -5 6 9 7 -9 -10 -11 -12 -13
leaf_value=2.0476052414966564e-06 -5.6185963046174076e-05 0.0034318844480173537 -0.0027532015219947116 0.00043868255488593302 -0.0006462275695160594 0.0025229074745346169 -0.00049683724491355078 0.00068759794763254727 -0.00017270700680503424 0.00066883020578733892 -0.0026834834314234672 0.00039686748972436834
leaf_weight=722.85931697487831 5791.3748909831047 113.28243631124496 84.480721086263657 6871.292626529932 3343.0640861392021 182.92334347963333 755.76472496986389 1383.544165968895 11196.642025053501 629.36785593628883 66.229127287864685 61.580658376216888
leaf_count=1084 9087 183 117 9981 4903 278 1153 2101 16766 930 100 106
internal_value=1.92689e-06 0.000222257 0.000190726 0.000211588 -0.00015328 0.000447314 -0.000211591 0.000264423 -0.000282344 0.00110381 -0.000216926 0.00243617
internal_weight=31202.4 12922 12747.1 12662.7 18280.4 1601.38 16679 2139.31 14539.7 812.291 789.088 174.863
internal_count=46789 19474 19185 19068 27315 2392 24923 3254 21669 1208 1184 289
is_linear=0
shrinkage=0.02


Tree=199
num_leaves=12
num_cat=0
split_feature=3 13 12 25 3 1 25 37 23 50 16
split_gain=2.60724 2.28396 2.59109 2.28411 1.90688 1.40408 1.25245 1.41812 1.08707 0.883163 0.834648
threshold=49.799609463113498 2.117786268343933 18.063692584637483 2.5500000000000003 25.747652862367932 23.048666666666669 0.36666666666666675 0.62941707175824668 0.91577195527446731 -0.26176327708890751 24.330000000000005
decision_type=2 2 2 2 2 2 2 2 2 2 2
left_child=1 3 9 4 -1 -4 -2 8 -8 -3 -9
right_child=6 2 5 -5 -6 -7 7 10 -10 -11 -12
leaf_value=-0.00096590858572957251 -0.0015819206461257036 0.0012545169650764031 0.00025177039991750234 0.0020224614298347777 -7.7395066796564509e-05 0.0014019299326539097 0.00028416273857882339 -0.00049504417551294634 0.0018160167068729735 -0.00066413089027871183 0.0012167004002572779
leaf_weight=1004.8184196054935 78.758890092372894 105.94277918338776 737.8303194642067 199.79559487104416 25804.858545303345 1084.2449783086777 277.17918500304222 336.91339164972305 687.28065013885498 716.1820339858532 168.6011914908886
leaf_count=1534 135 166 1228 273 38124 1778 448 522 1153 1162 266
internal_value=1.89007e-06 -3.95924e-05 0.000520579 -9.48373e-05 -0.000111139 0.000942454 0.000801632 0.000938108 0.00138762 -0.000402307 5.87046e-05
internal_weight=31202.4 29653.7 2644.2 27009.5 26809.7 1822.08 1548.73 1469.97 964.46 822.125 505.515
internal_count=46789 44265 4334 39931 39658 3006 2524 2389 1601 1328 788
is_linear=0
shrinkage=0.02


Tree=200
num_leaves=15
num_cat=0
split_feature=13 12 52 12 6 53 36 18 33 15 43 13 1 17
split_gain=3.05447 2.87222 2.17737 1.91098 1.98908 1.53463 1.61355 1.51198 1.43834 1.31314 1.20672 1.19799 1.19822 0.670762
threshold=2.117786268343933 17.91627965741689 1.1500000000000001 17.573684222166406 6.5000000000000009 0.65000000000000013 1.4142857142857144 1.6471626231932239 0.65000000000000013 2.5257590925032756 1.1500000000000004 2.4351821110690635 34.430000000000014 1.0754032881987203
decision_type=2 2 2 2 2 2 2 2 2 2 2 2 2 2
left_child=2 11 9 4 -4 6 -3 -7 -5 13 -11 12 -2 -1
right_child=1 5 3 8 -6 7 -8 -9 -10 10 -12 -13 -14 -15
leaf_value=-0.0009808858661903726 -0.0024095540607623977 0.00078893131979529364 -0.00031633013336959177 0.00033983975643368108 -0.0029284514847382225 0.00040165646738578661 -0.0022908487451306736 0.0025467259136810034 -0.00011591211317593807 -0.00023648460395262022 0.0012013149332184756 0.00012029311142839241 0.00072634180262172595 -0.0034804596447488541
leaf_weight=196.40884670615196 184.07689380645752 1420.5295692682266 1534.9323343634605 8752.7457721829414 126.06268808245659 211.34210157394409 68.069822490215302 412.43550142645836 4010.3578751087189 13334.329650104046 233.58015215396881 438.01597118377686 59.064297318458557 63.0394047498703
leaf_count=322 319 2405 2252 12863 170 338 114 641 5975 19953 333 691 100 105
internal_value=2.86459e-06 0.000633805 -5.921e-05 0.000112222 -0.000523876 0.000999303 0.000638507 0.00183954 0.000195857 -0.000238754 -0.000210822 -0.000484629 -0.00160727 -0.00164845
internal_weight=31045 2793.53 28251.5 14424.1 1661 2112.38 1488.6 623.778 12763.1 13827.4 13567.9 681.157 243.141 259.448
internal_count=46581 4608 41973 21260 2422 3498 2519 979 18838 20713 20286 1110 419 427
is_linear=0
shrinkage=0.02


Tree=201
num_leaves=15
num_cat=0
split_feature=13 12 52 4 12 6 23 15 23 14 13 52 3 13
split_gain=2.935 2.76276 2.0909 1.88538 1.83636 1.91117 1.53571 1.75328 1.64684 1.40241 1.32113 0.840202 0.837566 0.688792
threshold=2.117786268343933 18.050813419991012 1.1500000000000001 35.902822835586029 17.573684222166406 6.5000000000000009 1.3963798878610099 2.5257590925032756 1.4553035261750404 9.5000000000000018 2.7393326592517702 1.0500000000000003 49.666548587762698 2.4351821110690635
decision_type=2 2 2 2 2 2 2 2 2 2 2 2 2 2
left_child=2 12 6 11 5 -4 7 -1 -8 -6 -5 -3 13 -2
right_child=1 3 4 10 9 -7 8 -9 -10 -11 -12 -13 -14 -15
leaf_value=-0.0024916504904560028 -0.0012677513713398303 0.000824594165847196 -0.00031001176730250735 0.0010424947662868317 0.00044709511355272007 -0.0028707970836383896 0.0015741905189246975 -0.00028491389196066567 6.7023927435348971e-06 1.8272477073470224e-05 0.0024869408571847897 -0.00058039928337710542 0.001749379740620943 -2.6047452189844647e-05
leaf_weight=145.11649039387703 300.12122404575348 364.9860936999321 1534.9323343634605 886.28765979409218 5143.8328718841076 126.06268808245659 338.06237155199051 12014.964738130569 1329.2144536375999 7619.2707754075527 385.17139610648155 309.67487901449203 67.578541666269302 479.71436274051666
leaf_count=225 490 608 2252 1381 7757 170 495 17919 2074 11081 737 522 108 762
internal_value=2.78587e-06 0.000621271 -5.80563e-05 0.00103722 0.000109928 -0.000513597 -0.000234003 -0.000312476 0.000332027 0.000191925 0.00149114 0.000165103 -0.00032239 -0.000518731
internal_weight=31045 2793.53 28251.5 1946.12 14424.1 1661 13827.4 12160.1 1667.28 12763.1 1271.46 674.661 847.414 779.836
internal_count=46581 4608 41973 3248 21260 2422 20713 18144 2569 18838 2118 1130 1360 1252
is_linear=0
shrinkage=0.02


Tree=202
num_leaves=14
num_cat=0
split_feature=13 44 53 13 53 36 21 43 10 51 40 13 53
split_gain=2.81928 1.6995 1.53337 1.33041 1.30649 1.46538 1.4454 1.27085 1.26023 2.08842 1.28271 0.984279 0.579148
threshold=2.117786268343933 1.1563730726155994 1.0500000000000003 1.1308214046295204 0.65000000000000013 1.4142857142857144 0.92991598555721777 -1.0000000180025095e-35 1.0000000180025095e-35 0.63809152779708278 -0.037276689888633745 3.685691798295609 1.0500000000000003
decision_type=2 2 2 2 2 2 2 2 2 2 2 2 2
left_child=1 2 7 -4 5 11 12 -1 10 -10 -3 -2 -6
right_child=4 8 3 -5 6 -7 -8 -9 9 -11 -12 -13 -14
leaf_value=0.00064135837447924521 0.00033547660163150994 0.00024481025755438617 5.9642594012044233e-05 0.0016056618934679435 0.0005898207729688749 -0.002146961047845015 0.0016888859762370628 -0.000341522411455646 -0.00055543641871661821 0.00089988227805264511 -0.0001555239703361549 0.0025039535846401099 -0.0017783163671366991
leaf_weight=543.4737055003643 1790.9733698368073 5527.5570137798786 929.36561846733093 297.26610061526299 89.676969617605209 88.474671393632889 667.77661234140396 11254.916279554367 513.52995276451111 1592.5994689166546 7592.7485838532448 87.991582363843918 68.64095151424408
leaf_count=787 2985 8201 1387 469 146 152 1025 16676 780 2337 11336 180 120
internal_value=2.73056e-06 -5.68936e-05 -0.000224808 0.000444453 0.000608906 0.000321203 0.0012796 -0.000295299 8.60978e-05 0.000540103 1.23855e-05 0.000444897 -0.000383918
internal_weight=31045 28251.5 13025 1226.63 2793.53 1967.44 826.095 11798.4 15226.4 2106.13 13120.3 1878.96 158.318
internal_count=46581 41973 19319 1856 4608 3317 1291 17463 22654 3117 19537 3165 266
is_linear=0
shrinkage=0.02


Tree=203
num_leaves=12
num_cat=0
split_feature=53 6 15 14 20 5 27 14 37 2 40
split_gain=1.86496 2.01248 1.8796 1.83704 1.4739 1.39019 2.46771 1.38347 1.29013 1.03673 1.0329
threshold=0.65000000000000013 1.5000000000000002 2.5257590925032756 14.500000000000002 -2.9314428886947783 28.87434821646519 0.12382555021018972 6.5000000000000009 0.89466662570919542 12.215750000000002 -0.060852628407103045
decision_type=2 2 2 2 2 2 2 2 2 2 2
left_child=2 4 9 8 -2 6 -4 -7 -3 -1 -6
right_child=1 3 5 -5 10 7 -8 -9 -10 -11 -12
leaf_value=0.00058745151697218295 -0.0013804226660309191 4.2728441075429925e-05 0.0028171855986473464 -0.0027022118177057858 0.0019428462193360747 0.0016204345895209475 -0.00061356472390980735 -3.5021125104194205e-05 0.00075335167556851094 -0.0021265788242027604 0.00070490410151494284
leaf_weight=63.140470385551453 97.584554314613342 7478.1511220633984 83.757797926664352 89.549418538808823 416.1709623336792 202.14911454916 2629.6690369844437 17624.314385443926 1189.2197156846523 272.74251207709312 898.54179021716118
leaf_count=103 148 10936 135 124 595 345 3992 26687 1740 490 1286
internal_value=2.6999e-06 0.000225087 -0.000105164 0.000110703 0.000926091 -8.03036e-05 -0.000501985 -1.5508e-05 0.000141535 -0.00158633 0.00110672
internal_weight=31045 10169.2 20875.8 8756.92 1412.3 20539.9 2713.43 17826.5 8667.37 335.883 1314.71
internal_count=46581 14829 31752 12800 2029 31159 4127 27032 12676 593 1881
is_linear=0
shrinkage=0.02


Tree=204
num_leaves=15
num_cat=0
split_feature=13 12 52 12 16 16 23 15 23 21 53 53 13 13
split_gain=2.69552 2.68055 1.91926 1.76333 1.49894 1.49522 1.4872 1.65018 1.57806 1.4826 2.18202 1.14591 1.11264 0.646542
threshold=2.117786268343933 17.91627965741689 1.1500000000000001 17.573684222166406 15.200000000000005 4.5225000000000017 1.3963798878610099 2.5257590925032756 1.4553035261750404 0.91168841600345762 0.65000000000000013 -1.0000000180025095e-35 2.4351821110690635 2.2495188956154837
decision_type=2 2 2 2 2 2 2 2 2 2 2 2 2 2
left_child=2 12 6 5 -5 -4 7 -1 -8 11 -11 -3 13 -2
right_child=1 9 3 4 -6 -7 8 -9 -10 10 -12 -13 -14 -15
leaf_value=-0.0024157966429905575 0 0.0012748394786385991 -0.0022111673795319163 6.1086079626400638e-05 0.00056672309910705176 -0.00028557749647360975 0.0015489055287005984 -0.00027469116423496171 1.4137380904149016e-05 0.00072543463947603067 0.0023193147426761084 -0.00078723131552363294 9.7144480871485254e-05 -0.00229022780618601
leaf_weight=145.11649039387703 81.15152034163475 165.51404139399529 182.61859142780304 9640.5176621675491 3122.5859851241112 1478.3764310181141 338.06237155199051 12014.964738130569 1329.2144536375999 1135.0520974397659 512.87831643223763 298.93253949284554 438.01597118377686 161.98967078328133
leaf_count=225 141 308 276 14336 4502 2146 495 17919 2074 1888 792 510 691 278
internal_value=2.65442e-06 0.000595382 -5.56392e-05 0.000105282 0.000185647 -0.000505705 -0.00022422 -0.000301458 0.000332805 0.000948588 0.00122976 -2.86207e-05 -0.000484897 -0.00156647
internal_weight=31045 2793.53 28251.5 14424.1 12763.1 1661 13827.4 12160.1 1667.28 2112.38 1647.93 464.447 681.157 243.141
internal_count=46581 4608 41973 21260 18838 2422 20713 18144 2569 3498 2680 818 1110 419
is_linear=0
shrinkage=0.02


Tree=205
num_leaves=15
num_cat=0
split_feature=19 4 23 37 6 30 27 21 21 23 30 37 37 37
split_gain=2.06646 1.75459 2.01697 1.78552 1.49897 1.41899 1.60771 1.51632 1.25546 1.19249 0.95356 1.1467 0.887221 0.814983
threshold=1.8491709579145132 40.793645732994257 1.4443368238698593 0.635183745978528 5.5000000000000009 -0.11614998985531653 2.0687430439901795 1.0299368354184584 1.1144942150351949 1.0030630543270183 -0.23622667526324861 0.096264196332367713 0.46784098512236494 0.12477516936078757
decision_type=2 2 2 2 2 2 2 2 2 2 2 2 2 2
left_child=4 9 3 -3 5 7 -7 -1 -4 -2 12 -12 -6 -11
right_child=1 2 8 -5 10 6 -8 -9 -10 13 11 -13 -14 -15
leaf_value=0.00040735880618058754 -0.00069741787766621659 -4.672468915158194e-05 0.00096375294761580094 0.0015530665732630944 0.0013970036592149066 -0.00018037173273483293 0.0014066902212169338 -0.00016539038451937984 0.0029424769098731606 -0.00075408316423730606 -0.0021019750642811818 -0.00059146400460838256 -0.0010262384222842957 0.000505045136948909
leaf_weight=4462.0489217340946 682.66336637735367 984.23808863759041 325.90614652633667 381.40054416656494 158.07597199082375 17365.924034297466 255.8637920320034 3124.447806417942 239.94323489069939 236.60370075702667 245.61084592342377 1335.1253467798233 91.075690537691116 1308.6000283956528
leaf_count=6752 1068 1542 566 579 232 26053 353 4554 352 366 367 1926 128 1982
internal_value=-3.42954e-05 0.000380113 0.00082095 0.000394377 -9.84383e-05 -5.78559e-05 -0.000156604 0.000170177 0.00182783 0 -0.000651363 -0.000834841 0.000470269 0.000305057
internal_weight=31197.5 4159.36 1931.49 1365.64 27038.2 25208.3 17621.8 7586.5 565.849 2227.87 1829.89 1580.74 249.152 1545.2
internal_count=46820 6455 3039 2121 40365 37712 26406 11306 918 3416 2653 2293 360 2348
is_linear=0
shrinkage=0.02


Tree=206
num_leaves=15
num_cat=0
split_feature=19 44 45 44 4 23 14 19 19 23 53 50 40 8
split_gain=1.9851 1.94119 2.26461 2.73929 1.68645 1.93834 1.98553 1.26128 1.22497 1.14505 1.08212 1.36707 0.99915 0.936588
threshold=1.8491709579145132 0.77740072405872451 1.1000000000000003 1.5671253682349351 40.793645732994257 1.4443368238698593 12.500000000000002 1.7304550703435864 2.1759736181929008 1.0030630543270183 0.95000000000000007 -0.24896333947531862 0.045270385509891702 3.5000000000000004
decision_type=2 2 2 2 2 2 2 2 2 2 2 2 2 2
left_child=1 10 7 -4 9 6 -6 -3 -7 13 11 -1 -12 -2
right_child=4 2 3 -5 5 8 -8 -9 -10 -11 12 -13 -14 -15
leaf_value=0.00057679148460284646 -0.0013903130295244523 0.0003379341957097864 -0.00049558744661896536 6.8187504886989993e-05 0.00059038344616563459 -0.00022544254111990438 -0.0025187816002029003 -0.0020088379532674045 0.0022015185636615506 0.00029882003739325509 0.00086138442644255789 -0.00060734565463851193 -0.00082221584882170384 6.2861688491135421e-05
leaf_weight=413.81609261035919 356.62118127942085 6421.8233495652676 5537.6027396321297 9062.656426936388 1280.7425947487354 91.534050792455673 84.896038055419922 89.830489456653595 474.31533062458038 1545.2037291526794 458.59870857000351 4857.5235905945301 196.32101234793663 326.04218509793282
leaf_count=616 559 9719 8176 13530 1992 152 129 141 766 2348 682 7211 290 509
internal_value=-3.36049e-05 -9.64781e-05 -6.19991e-06 -0.000144995 0.000372554 0.000804747 0.000386387 0.000303418 0.0017919 0 -0.000416291 -0.000512307 0.000340513 -0.00068351
internal_weight=31197.5 27038.2 21111.9 14600.3 4159.36 1931.49 1365.64 6511.65 565.849 2227.87 5926.26 5271.34 654.92 682.663
internal_count=46820 40365 31566 21706 6455 3039 2121 9860 918 3416 8799 7827 972 1068
is_linear=0
shrinkage=0.02


Tree=207
num_leaves=14
num_cat=0
split_feature=13 34 19 44 45 1 41 37 40 12 19 4 2
split_gain=2.31337 1.80312 1.78756 1.72873 2.18025 1.57959 1.53242 1.49128 1.98206 1.41605 1.39481 1.00015 0.818133
threshold=2.6743838263997861 0.10634913059129592 1.8491709579145132 0.77740072405872451 1.1000000000000003 15.453666666666669 0.72429809189348127 0.12477516936078757 0.077479543184548111 18.616239783451729 -1.2732953735878192 30.850739254760551 20.132833333333334
decision_type=2 2 2 2 2 2 2 2 2 2 2 2 2
left_child=2 12 3 5 -5 -1 10 8 -4 -9 -3 -8 -2
right_child=1 6 7 4 -6 -7 11 9 -10 -11 -12 -13 -14
leaf_value=1.2927258832040997e-05 -0.002816551429938129 -0.00047637186329281442 -7.6031247979323156e-05 0.00027008172671440001 -0.00017616686407838527 -0.00067758794291609557 -0.0021501347554840873 3.9021579355577894e-05 -0.0033208335618254807 0.00087922995709396889 0.0021795613272131611 0.00066987969972050827 0.00011361241684222583
leaf_weight=2019.4371571540833 63.134027451276779 85.26544326543808 527.75932857394218 6316.6294316649437 14226.274103462696 3702.0531737208366 64.475295543670654 1487.3701147437096 87.287761300802231 1809.1111726164818 527.15310904383659 204.66280165314674 76.914599269628525
leaf_count=2953 121 145 809 9520 21056 5492 112 2204 138 2817 926 372 155
internal_value=-3.29239e-05 0.000901492 -6.49475e-05 -0.000124634 -3.84526e-05 -0.0004322 0.00124187 0.00033313 -0.000562012 0.000503414 0.00179316 0 -0.00115797
internal_weight=31197.5 1021.61 30175.9 26264.4 20542.9 5721.49 881.557 3911.53 615.047 3296.48 612.419 269.138 140.049
internal_count=46820 1831 44989 39021 30576 8445 1555 5968 947 5021 1071 484 276
is_linear=0
shrinkage=0.02


Tree=208
num_leaves=15
num_cat=0
split_feature=12 0 1 0 6 1 0 44 26 15 21 22 21 12
split_gain=1.89369 1.80787 2.53598 2.92779 1.67101 1.60137 2.90552 2.35988 2.02219 1.39861 1.3958 1.11823 1.12086 1.0084
threshold=18.77456232052489 16.336901456802785 29.956833333333339 27.698099138548685 1.5000000000000002 24.35616666666667 25.400618373392273 0.66985718038928377 1.2928571428571431 3.2169097952485437 1.1324534991321771 -0.17453513135473828 0.75464507125243585 19.014097074994552
decision_type=2 2 2 2 2 2 2 2 2 2 2 2 2 2
left_child=1 9 4 -4 -3 11 8 -8 -7 -1 -11 13 -13 -2
right_child=5 2 3 -5 -6 6 7 -9 -10 10 -12 12 -14 -15
leaf_value=-0.00068414332477319197 0.00089628746072521086 0.00018834359066394735 0.0013880605257970231 -8.108787770921384e-05 -0.00058102681098668861 0.00079686780184742042 -0.0030663642142201588 0.00018648472882370242 0.0028654554907371773 0.0009836116282326533 -0.00036015193262571061 -0.0018828834192231583 -0.00026118064213748063 -1.2094400133144911e-06
leaf_weight=382.81825757026672 616.33501845598221 1304.7532558739185 596.8649620115757 5712.1493072509766 7557.043006926775 1319.014997959137 88.284589976072311 6038.72599619627 226.45563584566116 1226.812461912632 399.22457918524742 181.78417322039604 3029.1912042200565 2518.0700728595257
leaf_count=599 928 1942 1038 8462 11321 2078 132 8969 365 1843 582 292 4521 3748
internal_value=-3.22661e-05 -0.00017327 -0.000248337 5.67124e-05 -0.000466605 0.000139829 0.00033448 0.000136997 0.00110975 0.000388343 0.000647511 -9.39875e-05 -0.000357218 0.000172541
internal_weight=31197.5 17179.7 15170.8 6309.01 8861.8 14017.9 7672.48 6127.01 1545.47 2008.86 1626.04 6345.38 3210.98 3134.41
internal_count=46820 25787 22763 9500 13263 21033 11544 9101 2443 3024 2425 9489 4813 4676
is_linear=0
shrinkage=0.02


Tree=209
num_leaves=15
num_cat=0
split_feature=52 50 41 44 21 19 16 30 16 14 40 40 24 12
split_gain=1.94373 1.97364 2.40144 2.39789 1.95024 1.80075 1.67029 1.57895 1.18721 1.1204 1.11556 1.07875 1.01853 0.823488
threshold=0.65000000000000002 -0.16364833434359932 2.0146907042749542 2.2761128947552316 1.2428599110861771 1.8491709579145132 1.4666666666666666 -0.11417149577354153 9.8450000000000042 7.5000000000000009 0.22529314219592703 0.19168226003579689 0.18412854299775477 19.293258926854566
decision_type=2 2 2 2 2 2 2 2 2 2 2 2 2 2
left_child=1 3 4 10 -3 6 13 -8 12 -10 -1 -4 -7 -2
right_child=5 2 11 -5 -6 8 7 -9 9 -11 -12 -13 -14 -15
leaf_value=0.00078590534901336318 -0.001726482402602512 -0.00083951931970740134 0 -0.0028178629572449621 0.00068904831284140756 -0.0021574463105268993 0.0002524047379222698 -0.00011280940377941143 0.0023458280179349806 0.00064504695724529912 -0.0017090877304457512 0.0032469337172289156 0.00017749516747976764 0.00057638156001584668
leaf_weight=999.82312574982643 329.32350966334343 3520.5727390944958 69.686998546123505 86.026025056838989 360.07671085000038 76.770471930503845 6813.9065147936344 15506.973247766495 176.53136080503464 1640.133414119482 73.083340525627136 87.663226574659348 1388.9366999566555 68.020134031772614
leaf_count=1530 493 5303 108 171 512 148 10125 23112 292 2567 114 141 2100 104
internal_value=-3.16203e-05 -0.000384825 -0.000594467 0.000336771 -0.00069483 3.8617e-05 -2.42452e-05 -8.59698e-07 0.000476499 0.000818214 0.000603787 0.00179561 4.56096e-05 -0.00130631
internal_weight=31197.5 5196.93 4038 1158.93 3880.65 26000.6 22718.2 22320.9 3282.37 1816.66 1072.91 157.35 1465.71 397.344
internal_count=46820 7879 6064 1815 5815 38941 33834 33237 5107 2859 1644 249 2248 597
is_linear=0
shrinkage=0.02


Tree=210
num_leaves=15
num_cat=0
split_feature=12 16 12 15 15 12 24 19 1 3 37 16 19 52
split_gain=2.0371 1.83756 1.73411 1.84824 1.64351 1.53068 1.4446 2.0765 1.71388 1.40883 1.39608 1.37552 1.21401 1.03318
threshold=19.221894966250094 3.0400000000000018 19.373658578907477 8.2781841152164048 8.1849137926634601 19.127154411468762 0.8664984994745043 1.8491709579145132 19.818500000000004 49.799609463113498 0.15199963501082994 24.950000000000006 4.9002165425104165 1.1500000000000001
decision_type=2 2 2 2 2 2 2 2 2 2 2 2 2 2
left_child=1 5 6 4 -4 10 8 -8 -2 12 -1 -11 -3 -5
right_child=2 9 3 13 -6 -7 7 -9 -10 11 -12 -13 -14 -15
leaf_value=-0.001258102805507292 0.00019695482294277482 -8.3093791405509037e-05 -0.00015232824200405622 2.6516966173387635e-06 -0.0032532154144058545 -0.0032053206851659333 -0.00036984109105274958 0.0031430260556809505 0.0019105482479023317 0.00028173556474170769 -6.0920229623087979e-05 0.0019755871927021953 0.0016582482046072114 0.00071279543848439073
leaf_weight=668.42932400107384 376.52895280718803 19890.957831650972 2862.4683417081833 1348.0525897443295 68.551751255989075 92.395217537879944 523.06197601556778 75.053754299879074 680.75058713555336 981.09119004011154 975.90207388997078 243.42355686426163 158.98589017987251 2206.8572492003441
leaf_count=1017 569 29670 4292 2074 103 140 757 111 1041 1596 1464 389 251 3242
internal_value=1.63491e-05 -7.95113e-05 0.000288476 0.000139056 -0.000230431 -0.000704889 0.000867007 6.33086e-05 0.00131125 -2.79275e-05 -0.000554592 0.000629285 -6.86231e-05 0.000446467
internal_weight=31152.5 23011.2 8141.33 6485.93 2931.02 1736.73 1655.4 598.116 1057.28 21274.5 1644.33 1224.51 20049.9 3554.91
internal_count=46716 34527 12189 9711 4395 2621 2478 868 1610 31906 2481 1985 29921 5316
is_linear=0
shrinkage=0.02


Tree=211
num_leaves=15
num_cat=0
split_feature=12 34 12 44 23 44 19 27 23 21 45 37 23 44
split_gain=1.95684 2.37837 1.68626 2.14143 1.78048 1.33911 1.78059 1.66995 1.29881 1.2642 1.48635 1.01435 0.890823 0.776406
threshold=19.221894966250094 0.080470941420341016 19.373658578907477 2.0842548407718566 1.3067251205158461 1.3055232553441456 2.9084691529654125 0.13885636614326807 1.6881796479517976 0.72233580510939144 0.45000000000000007 0.039562716055904307 0.97376095226458503 1.0688858790097457
decision_type=2 2 2 2 2 2 2 2 2 2 2 2 2 2
left_child=5 11 4 -4 -3 6 7 -1 -8 -7 -11 12 -2 -13
right_child=1 2 3 -5 -6 9 8 -9 -10 10 -12 13 -14 -15
leaf_value=0.00091519228064337519 0.00051142753494836876 0.00063134866050419496 3.1051390610797828e-05 0.00097252099000089804 0.002412110751464427 0.0019248918830537646 0.00026263841528377871 -0.00032307361821954007 0.0022935191517698024 -0.0027157711588735069 8.4939168127640182e-05 -0.00081788865050366245 -0.001501707807745326 -0.0037047409849132774
leaf_weight=447.01361668109894 191.54933542013168 1263.7489683628082 4868.6420905590057 1211.4845518171787 280.9092293381691 146.53057008981705 592.36245650053024 11501.41401013732 163.84835842251778 74.206443309783936 10085.809629023075 89.691899806261063 153.28306999802589 82.01605686545372
leaf_count=727 308 1866 7265 1774 432 236 916 17083 251 121 15193 150 246 148
internal_value=1.6024e-05 0.000282742 0.000372754 0.000220544 0.000964361 -7.79223e-05 -0.00021556 -0.000275766 0.000720748 9.07787e-05 6.29689e-05 -0.00102298 -0.000358108 -0.00228114
internal_weight=31152.5 8141.33 7624.78 6080.13 1544.66 23011.2 12704.6 11948.4 756.211 10306.5 10160 516.54 344.832 171.708
internal_count=46716 12189 11337 9039 2298 34527 18977 17810 1167 15550 15314 852 554 298
is_linear=0
shrinkage=0.02


Tree=212
num_leaves=15
num_cat=0
split_feature=12 34 12 44 34 3 17 0 47 13 51 44 37 36
split_gain=1.87914 2.28749 1.61988 2.05656 1.72122 1.56746 1.42154 1.36604 1.69342 1.19527 1.05928 0.950417 0.973188 0.877036
threshold=19.221894966250094 0.080470941420341016 19.373658578907477 2.0842548407718566 0.863733296747493 49.799609463113498 1.8695607505611773 36.392589865339296 1.6410929418488338 1.0000000180025095e-35 0.91602724779651179 2.1786406325594947 1.5458128604600454 0.10555555555555557
decision_type=2 2 2 2 2 2 2 2 2 2 2 2 2 2
left_child=5 6 4 -4 -3 7 13 9 -9 -1 -8 -7 -13 -2
right_child=1 2 3 -5 -6 11 10 8 -10 -11 -12 12 -14 -15
leaf_value=-0.00028119562567135043 0.00025505296608085862 0.0012256394162906902 3.043061865257426e-05 0.00095310263217436185 -0.00062511194579508952 0.0022195653057111371 -0.0010066726780958309 0.0012321005639360963 -0.0017436871943368516 2.6162034830435056e-05 -0.004374903367979719 0.00024183363107460807 0.0026901318493435145 -0.002209834494744684
leaf_weight=8186.515400826931 274.65215706825256 1316.4445379376411 4868.6420905590057 1211.4845518171787 228.21365976333618 132.90703135728836 101.41266006231308 89.312704026699066 392.46833062171936 13117.959947615862 70.7263103723526 1023.0806927382946 68.940976977348328 69.749234586954117
leaf_count=11591 455 1954 7265 1774 344 259 158 116 553 20281 121 1617 110 118
internal_value=1.57305e-05 0.000277105 0.000365399 0.000216173 0.000945282 -7.63249e-05 -0.00100333 -0.000115872 -0.00116855 -9.149e-05 -0.00248235 0.000617945 0.000410174 -0.000225152
internal_weight=31152.5 8141.33 7624.78 6080.13 1544.66 23011.2 516.54 21786.3 481.781 21304.5 172.139 1224.93 1092.02 344.401
internal_count=46716 12189 11337 9039 2298 34527 852 32541 669 31872 279 1986 1727 573
is_linear=0
shrinkage=0.02


Tree=213
num_leaves=15
num_cat=0
split_feature=12 34 16 13 2 26 12 34 22 12 17 37 51 37
split_gain=1.80375 2.20039 1.75639 1.65164 2.2153 1.56084 1.5547 1.65424 1.57865 1.47112 1.36774 1.34139 1.01623 0.808882
threshold=19.221894966250094 0.080470941420341016 3.0400000000000018 1.0000000180025095e-35 18.230333333333338 0.81666666666666676 19.373658578907477 0.863733296747493 -2.664934131621802 19.127154411468762 1.8695607505611773 0.15199963501082994 0.91602724779651179 0.063324314107136112
decision_type=2 2 2 2 2 2 2 2 2 2 2 2 2 2
left_child=2 10 9 4 -4 -5 7 -3 -8 11 13 -1 -12 -2
right_child=1 6 3 5 -6 -7 8 -9 -10 -11 12 -13 -14 -15
leaf_value=-0.0012282193071140933 0.00031766633622427046 0.0012011638055870384 0.00047964457663609943 -7.9096646978694919e-05 -0.00039679940065909789 0.00035955619415500492 0.0019750770694527547 -0.00061271828756896381 0.00015096774685542267 -0.003137661697203452 -0.00098692860739288033 -5.461095371994056e-05 -0.0042898116353888398 -0.0018670399704149945
leaf_weight=668.42932400107384 256.23517420887947 1316.4445379376411 1378.1637260317802 7299.9893026351929 6796.7832115590572 5799.5222285091877 195.48192423582077 228.21365976333618 5884.6447181403637 92.395217537879944 101.41266006231308 975.90207388997078 70.7263103723526 88.166217446327209
leaf_count=1017 422 1954 1925 11477 9664 8840 287 344 8752 140 158 1464 121 151
internal_value=1.5427e-05 0.00027151 -7.4756e-05 -2.43158e-05 -0.000247741 0.000114369 0.000358126 0.000926263 0.000211889 -0.000686145 -0.000984213 -0.000538676 -0.00243508 -0.000220297
internal_weight=31152.5 8141.33 23011.2 21274.5 8174.95 13099.5 7624.78 1544.66 6080.13 1736.73 516.54 1644.33 172.139 344.401
internal_count=46716 12189 34527 31906 11589 20317 11337 2298 9039 2621 852 2481 279 573
is_linear=0
shrinkage=0.02


Tree=214
num_leaves=13
num_cat=0
split_feature=16 27 14 18 0 30 16 21 17 47 30 14
split_gain=1.69645 2.06133 2.06195 1.92764 1.53068 1.45031 1.1823 1.7215 0.922033 1.0146 0.766639 0.667418
threshold=10.020000000000003 0.19271926555169658 11.500000000000002 3.026972611412345 35.695145843750716 -0.038711845290226039 3.6499999999999999 0.73184663074819178 1.0121069404274858 0.96026784669041565 0.22672758583685251 12.500000000000002
decision_type=2 2 2 2 2 2 2 2 2 2 2 2
left_child=5 -2 4 -4 -3 6 11 -8 9 -7 -10 -1
right_child=1 2 3 -5 -6 8 7 -9 10 -11 -12 -13
leaf_value=-0.00047805946092395869 0.0026133882628768478 0.00034258908241960518 -0.00077433071778968061 0.00066390361080108872 -0.00047723125452019989 -0.00045622602137963402 0.0015694872306797605 0.00012894860259651588 -5.8192392811838085e-05 -0.0017104227093861627 -0.00056985861391831139 0.00095975510050243229
leaf_weight=1689.9987614154816 137.14371520280838 10082.700507223606 1536.2430269420147 483.11305060982704 990.04321047663689 2068.3362560272217 351.11982759833336 6125.931448161602 5762.2217506468296 303.70664417743683 1488.1619863212109 133.79010152816772
leaf_count=2551 227 15319 2192 674 1410 3136 551 9143 8645 470 2212 186
internal_value=1.50823e-05 0.000187138 0.000160563 -0.000424982 0.000268311 -0.000111362 8.14004e-05 0.000209044 -0.000278671 -0.000622326 -0.00016472 -0.000366171
internal_weight=31152.5 13229.2 13092.1 2019.36 11072.7 17923.3 8300.84 6477.05 9622.43 2372.04 7250.38 1823.79
internal_count=46716 19822 19595 2866 16729 26894 12431 9694 14463 3606 10857 2737
is_linear=0
shrinkage=0.02


Tree=215
num_leaves=15
num_cat=0
split_feature=44 19 12 30 5 22 42 12 2 24 51 24 44 50
split_gain=1.84342 1.84923 2.01394 1.8551 1.63366 1.49399 1.45964 1.45788 1.42178 2.14947 1.19523 1.12827 1.26524 0.884362
threshold=2.6614392945527565 2.9869821049570313 18.063692584637483 0.13257528087006107 42.002879287409051 0.81515012986409541 0.65000000000000002 18.970560325841738 32.544750000000001 0.52875268051975033 0.69034974051423614 0.74679154149300897 4.1453288024321759 -0.0048042137622871491
decision_type=2 2 2 2 2 2 2 2 2 2 2 2 2 2
left_child=1 3 4 5 -3 -1 -4 -5 9 -2 -11 13 -13 -10
right_child=8 2 6 7 -6 -7 -8 -9 11 10 -12 12 -14 -15
leaf_value=0.00012452130237781685 -0.0020293774496432547 -0.0016027782527430431 0.00076002136787989424 -0.00059277857947887089 0.0018052890257561596 -0.00029114999281151587 0.0027704733874354191 3.0426259444617787e-05 0.0027266085835370118 0 0.0017237608926485746 -0.00019416523275835943 0.0019778559007879561 0.00029540764046238655
leaf_weight=16096.262441158295 77.195701688528061 221.02210494875908 847.46483942866325 3941.0822291076183 71.128063827753067 4396.4934575855732 181.0937679708004 2376.8742777407169 111.21265318989754 210.88355425000191 765.11489203572273 1465.3979150652885 113.57833307981491 150.89806967973709
leaf_count=24088 139 329 1333 5862 109 6671 296 3539 185 330 1111 2239 140 252
internal_value=2.83771e-05 -2.07443e-05 0.00070872 -5.71012e-05 -0.000732407 3.4836e-05 0.00112839 -0.000356805 0.000508958 0.00109606 0.00135713 0.000166858 -2.92986e-05 0.00137766
internal_weight=31025.7 28131.4 1320.71 26810.7 292.15 20492.8 1028.56 6317.96 2894.28 1053.19 975.998 1841.09 1578.98 262.111
internal_count=46623 42227 2067 40160 438 30759 1629 9401 4396 1580 1441 2816 2379 437
is_linear=0
shrinkage=0.02


Tree=216
num_leaves=15
num_cat=0
split_feature=52 50 21 4 24 50 23 23 43 16 13 12 33 50
split_gain=1.76443 1.76245 1.78386 1.71537 1.26205 1.25855 1.2493 1.83328 1.75369 1.52513 1.34011 1.16773 1.16772 1.0092
threshold=1.4500000000000002 -0.28104758691430681 1.1968194133009067 48.763373829021795 1.275366522440962 -0.14388996924713646 1.0768465821276221 1.1112615160841066 1.0000000180025095e-35 10.263333333333337 2.1687485704780323 18.84885264771771 0.25000000000000006 -0.45303863591038479
decision_type=2 2 2 2 2 2 2 2 2 2 2 2 2 2
left_child=1 4 3 -3 13 -4 8 9 11 -8 -9 -2 -6 -1
right_child=6 2 5 -5 12 -7 7 10 -10 -11 -12 -13 -14 -15
leaf_value=-0.00010500308198024734 0.00032889821105958549 -0.00029931714240950368 -0.0010084306547829488 0.00034627333838063023 -0.0019892940276713144 0.00059582719711521526 0.003554429520742594 0.00021475693905613852 -3.9028865717755302e-05 0.00097164933641027691 0.0015993185711614159 0.0019747444596813434 0.00048540746407286784 0.00087107758073788762
leaf_weight=562.40444919466972 466.48859304189682 13929.167077481747 214.28118765354156 1851.4453300833702 153.45809143781662 1748.6983320713043 125.9243089556694 3101.0356304347515 6212.4338901340961 400.04910859465599 309.7923376262188 291.0814300775528 138.74773105978966 1520.6948029100895
leaf_count=903 698 20876 302 2976 238 2573 196 4680 9084 572 540 432 220 2333
internal_value=2.78418e-05 -8.28412e-05 -0.000151758 -0.000222906 0.000427454 0.000414767 0.000232904 0.000518026 7.03246e-05 0.00162006 0.000344305 0.000977982 -0.000784933 0.000602907
internal_weight=31025.7 20118.9 17743.6 15780.6 2375.31 1962.98 10906.8 3936.8 6970 525.973 3410.83 757.57 292.206 2083.1
internal_count=46623 30421 26727 23852 3694 2875 16202 5988 10214 768 5220 1130 458 3236
is_linear=0
shrinkage=0.02


Tree=217
num_leaves=13
num_cat=0
split_feature=16 30 12 16 33 45 5 18 6 24 12 18
split_gain=1.55905 2.13282 1.73754 1.60202 1.40274 1.22021 1.14892 1.57635 1.50974 1.33038 1.04673 0.920391
threshold=17.11000000000001 0.12994079619684717 19.014097074994552 8.7100000000000062 -0.54999999999999993 2.2250000000000005 41.238495584474968 2.9387886959257821 1.5000000000000002 0.59329154128389039 19.415305152498416 2.9071135963906705
decision_type=2 2 2 2 2 2 2 2 2 2 2 2
left_child=1 4 11 -4 5 -1 -2 8 -8 -9 -6 -3
right_child=6 2 3 -5 10 -7 7 9 -10 -11 -12 -13
leaf_value=0.0010300229766649497 -0.0013223242116970574 -0.00050549773237181753 -0.00047831317888163331 0.00054155193575135014 0.00010904727186133206 -0.00095552493960942707 0.0029031001342317763 0.0027821083699702677 0.00078281158276775214 8.4291559597957582e-05 -0.00025661655435247472 -0.0017474552354315215
leaf_weight=955.42926299571991 141.47401216626167 3893.229267925024 1115.0038839876652 1364.1900406181812 15730.826558321714 135.41635838150978 158.96465212106705 74.094534009695053 1049.5088160932064 2247.1226273775101 3899.0407823622227 261.40150439739227
leaf_count=1357 201 5860 1652 2026 23739 198 248 116 1658 3306 5873 389
internal_value=2.73204e-05 -2.42833e-05 -0.000336616 7.8827e-05 7.52517e-05 0.000773091 0.000414355 0.000487505 0.00107431 0.000177033 3.58881e-05 -0.000586848
internal_weight=31025.7 27354.5 6633.82 2479.19 20720.7 1090.85 3671.16 3529.69 1208.47 2321.22 19629.9 4154.63
internal_count=46623 41094 9927 3678 31167 1555 5529 5328 1906 3422 29612 6249
is_linear=0
shrinkage=0.02


Tree=218
num_leaves=15
num_cat=0
split_feature=44 19 31 30 41 31 1 50 21 51 22 1 23 23
split_gain=1.73346 1.78115 1.75385 1.71934 1.73391 1.50266 1.48646 1.60296 1.559 1.07015 1.02402 0.842325 2.46756 1.07795
threshold=2.6614392945527565 2.9869821049570313 0.81914457354758097 0.13257528087006107 2.6948754195491218 0.94138540558370731 32.576166666666673 0.39293555509463612 1.0040924291558198 0.6020361927859712 -2.5805736975209168 33.500333333333337 0.89932530005535283 0.74132147537181103
decision_type=2 2 2 2 2 2 2 2 2 2 2 2 2 2
left_child=1 3 11 4 -1 -5 8 -8 -3 -4 -11 13 -13 -2
right_child=2 6 9 5 -6 -7 7 -9 -10 10 -12 12 -14 -15
leaf_value=4.5900115334601249e-05 0.0028466838676701528 0.0012401966672227621 -0.0020918463731155312 0.00011788572571456318 -0.0024794937597687763 -0.00054897993425171224 0.0027382704867119348 -0.00042087282222725897 -0.0003451209059760363 -0.0020832551212335844 0.00028282875293523326 -0.0014516334055362889 0.0011775684208229853 0.00099243609285052888
leaf_weight=20385.524923324585 180.18447729945183 419.5536801815033 89.493280351161957 1917.2059449255466 107.23097541928291 4400.7505619227886 233.41437020897865 80.610668659210205 587.13005712628365 74.988039910793304 1287.9389982819557 188.11145478487015 550.08182135224342 523.4830470085144
leaf_count=30573 268 670 142 2910 186 6491 376 146 875 114 1943 284 848 797
internal_value=2.67778e-05 -2.08462e-05 0.000492814 -5.65337e-05 3.19571e-05 -0.000345062 0.000695049 0.00189814 0.000306824 0 0.000142459 0.000986433 0.000491955 0.00148814
internal_weight=31025.7 28131.4 2894.28 26810.7 20492.8 6317.96 1320.71 314.025 1006.68 1452.42 1362.93 1441.86 738.193 703.668
internal_count=46623 42227 4396 40160 30759 9401 2067 522 1545 2199 2057 2197 1132 1065
is_linear=0
shrinkage=0.02


Tree=219
num_leaves=14
num_cat=0
split_feature=52 50 31 4 33 18 23 30 16 30 16 19 45
split_gain=1.67512 1.68313 1.78375 2.2465 1.44706 1.41907 1.49705 1.25505 1.95162 1.38115 1.18025 1.03688 1.02409
threshold=1.4500000000000002 -0.28104758691430681 0.93509245309779832 40.382368699950561 -0.6499999999999998 3.1803181046618558 0.55991636602004657 -0.15892013745247302 26.390000000000004 -0.058162104590747742 24.330000000000005 1.9486475265506462 3.5500000000000003
decision_type=2 2 2 2 2 2 2 2 2 2 2 2 2
left_child=1 5 4 -4 -3 6 -1 10 9 -9 11 -2 -10
right_child=7 2 3 -5 -6 -7 -8 8 12 -11 -12 -13 -14
leaf_value=-0.00061346397209774244 0.00058980706566056664 0.0011751874842090794 -0.00074327289623522244 3.6486550968270536e-06 -4.0715677457430308e-05 -0.0019691140362527162 0.00074975881708670851 -0.00041755378605778557 0.0030110338113947827 0.00020004303564459511 -0.0017973462634640403 0.0024031450806594481 0
leaf_weight=378.06373915076256 2309.5536506175995 404.11288532614708 3628.565837264061 2847.4935144484043 10863.41969025135 92.091721534729004 1905.1496139168739 1872.5310754776001 136.88726183772087 6311.4558416604996 74.320588827133179 136.4790885746479 65.57779186964035
leaf_count=573 3405 574 5333 4320 16500 146 2975 2788 205 9359 116 227 102
internal_value=2.62423e-05 -8.15952e-05 -0.000148952 -0.000413412 2.20647e-06 0.000417056 0.000519316 0.000226057 0.000106936 5.74452e-05 0.000618066 0.00069695 0.00203839
internal_weight=31025.7 20118.9 17743.6 6476.06 11267.5 2375.31 2283.21 10906.8 8386.45 8183.99 2520.35 2446.03 202.465
internal_count=46623 30421 26727 9653 17074 3694 3548 16202 12454 12147 3748 3632 307
is_linear=0
shrinkage=0.02


Tree=220
num_leaves=15
num_cat=0
split_feature=53 6 21 19 23 50 37 19 14 2 37 23 50 50
split_gain=1.73057 1.60224 1.44152 1.37793 1.32334 1.30115 1.19686 1.26762 1.1961 1.34761 1.09207 1.06558 0.957241 0.9117
threshold=0.65000000000000013 6.5000000000000009 1.2115971255603537 1.7048414871364754 0.86525347875473535 0.33009673174101789 0.85041632458367888 -0.33000026972665347 8.5000000000000018 24.360916666666672 0.49742303247135528 1.0495717083042897 0.7109471923292251 -0.2230436997051696
decision_type=2 2 2 2 2 2 2 2 2 2 2 2 2 2
left_child=2 8 3 4 -1 13 10 -8 9 -2 -4 -5 -10 -3
right_child=1 5 6 11 -6 -7 7 -9 12 -11 -12 -13 -14 -15
leaf_value=1.8943515315693577e-05 -1.0442016658337642e-05 -0.0017924591970689726 0.00039447813942186378 -0.00023621384410762625 -0.00034365698125892125 -0.0032755368650792789 0.0010532407760393649 -0.0014712747940156417 0.00017151625691232377 0.0010770928196404701 0.0016673466994707837 0.0005519143240997089 0.0020310278848457174 8.3456777824183258e-05
leaf_weight=7141.7101236879826 634.08786359429359 133.65382835268974 1025.809493213892 1023.8280506134033 9080.1938326358795 70.041492015123367 117.89743089675903 220.10063150525093 7347.06183385849 1469.1166112720966 381.88164764642715 1992.0443629622459 111.64848756790161 402.0089918076992
leaf_count=10740 976 184 1561 1605 13911 101 168 331 10582 2240 556 3113 158 573
internal_value=4.36939e-05 0.000258002 -5.96881e-05 -0.000110064 -0.000183423 -0.000732941 0.00048923 -0.000560268 0.00032196 0.000744767 0.000748754 0.000281068 0.000201228 -0.000370933
internal_weight=31151.1 10167.6 20983.5 19237.8 16221.9 605.704 1745.69 337.998 9561.91 2103.2 1407.69 3015.87 7458.71 535.663
internal_count=46799 14814 31985 29369 24651 858 2616 499 13956 3216 2117 4718 10740 757
is_linear=0
shrinkage=0.02


Tree=221
num_leaves=14
num_cat=0
split_feature=4 12 42 41 45 0 4 52 19 32 15 23 12
split_gain=1.66099 1.81891 1.28973 1.72644 1.8367 1.40083 1.82854 1.70387 1.23801 1.10509 0.823494 1.70629 1.26831
threshold=49.999765401398214 17.573684222166406 1.1500000000000001 1.70699749129351 1.4500000000000002 17.029274344087948 42.895987155669445 1.7500000000000002 -3.5687460820529657 1.0500000000000003 19.908498870290412 1.0233299473651112 17.224103731504627
decision_type=2 2 2 2 2 2 2 2 2 2 2 2 2
left_child=2 10 5 4 -4 6 -1 -7 -3 -10 12 -12 -2
right_child=1 8 3 -5 -6 7 -8 -9 9 -11 11 -13 -14
leaf_value=0.00010041908511350729 0 0.0030292709617269998 0.0011258107179985234 -0.0023701820596001757 -0.00023192472491125149 -0.00020868686914898813 0.0012454757242065326 0.00022262269481827302 0.00025882479860130087 0.0010428023633880801 -0.0016803150822770428 0.0019090554090042497 -0.0027214478209531866
leaf_weight=3522.6127851307392 128.41870471835136 81.815985530614853 1112.613982796669 76.407183200120926 602.60652241110802 16696.479908943176 667.03939598798752 4671.5544577240944 2110.5038157403469 1131.0985485613346 96.194377958774567 111.46741962432861 142.27159330248833
leaf_count=5348 185 111 1581 124 850 25099 1029 7018 3265 1675 137 166 211
internal_value=4.28327e-05 0.000434488 -1.12726e-05 0.000506673 0.000643261 -4.80093e-05 0.000285618 -0.000113913 0.00060211 0.000535937 -0.000706927 0.000198501 -0.00143457
internal_weight=31151.1 3801.77 27349.3 1791.63 1715.22 25557.7 4189.65 21368 3323.42 3241.6 478.352 207.662 270.69
internal_count=46799 5750 41049 2555 2431 38494 6377 32117 5051 4940 699 303 396
is_linear=0
shrinkage=0.02


Tree=222
num_leaves=14
num_cat=0
split_feature=53 12 12 33 6 51 18 1 33 51 45 51 12
split_gain=1.60952 1.82879 2.81737 1.68531 1.53787 1.4718 1.41721 1.31059 1.1952 1.56439 1.47862 0.893265 0.7711
threshold=0.65000000000000013 19.221894966250094 19.534915797842334 1.4500000000000002 6.5000000000000009 1.4464021807292435 3.1803181046618558 33.407166666666676 0.55000000000000016 1.6028102944869635 1.4500000000000002 1.1226055768526459 17.593057031283568
decision_type=2 2 2 2 2 2 2 2 2 2 2 2 2
left_child=1 3 5 6 8 -3 -1 -4 9 -2 -10 12 -6
right_child=4 2 7 -5 11 -7 -8 -9 10 -11 -12 -13 -14
leaf_value=-0.00011766649655128375 0.0004257646644460858 0.00061144380824634012 -0.00023480863136710487 -0.0020770831027579159 -0.0020109732057663789 0.0023075808629987064 -0.0014453450380524102 0.001266686022314296 0.00041922497959320169 0.0021719292589896873 -0.00036813481297399021 -0.0021017450370700488 9.0070683914242198e-05
leaf_weight=14849.797511816025 5536.5686233043671 2062.7891989648342 3079.5348974466324 182.14713826775551 81.652657747268677 232.44475635886192 328.47932121157646 248.27274909615517 1957.8198852539062 214.78189545869827 1852.7443922758102 143.163718521595 380.88793590664864
leaf_count=22664 8016 3135 4603 291 111 371 520 401 2926 333 2681 201 546
internal_value=4.19921e-05 -5.7695e-05 0.000250122 -0.000171048 0.000248676 0.000789429 -0.000147245 -0.000119092 0.000311355 0.000493445 3.37855e-05 -0.000722117 -0.000266363
internal_weight=31151.1 20983.5 5623.04 15360.4 10167.6 2295.23 15178.3 3327.81 9561.91 5751.35 3810.56 605.704 462.541
internal_count=46799 31985 8510 23475 14814 3506 23184 5004 13956 8349 5607 858 657
is_linear=0
shrinkage=0.02


Tree=223
num_leaves=14
num_cat=0
split_feature=53 6 33 47 44 14 2 41 33 33 37 22 37
split_gain=1.54576 1.47807 1.38865 1.27437 1.29069 1.14877 1.2984 1.1159 0.904778 0.779537 1.38008 0.731352 0.636774
threshold=0.65000000000000013 6.5000000000000009 1.4500000000000002 0.36164187872918035 0.51555338759566249 8.5000000000000018 24.360916666666672 2.9997183060211134 0.55000000000000016 0.19999999999999998 0.3656963784965383 -0.47598784292312363 0.60118084728178844
decision_type=2 2 2 2 2 2 2 2 2 2 2 2 2
left_child=2 5 3 4 -1 6 -2 -5 -7 10 -3 -4 -11
right_child=1 9 11 7 -6 8 -8 -9 -10 12 -12 -13 -14
leaf_value=-0.00098922212541228982 -2.168214011675003e-05 0.0017774733506781177 -0.0030401406236106594 1.1002883955829599e-05 0.00052790052282645334 0.00036829131792386435 0.0010457334202877279 -0.0025542796023778438 -7.8311339588856509e-05 -0.001796854988587792 -0.0014457723555198259 -0.00065255398969431516 -2.6905240509260207e-05
leaf_weight=997.42807257175446 634.08786359429359 111.98414686322212 86.156989097595215 19392.684673607349 278.45341876149178 4450.1288026571274 1469.1166112720966 66.061386585235596 3008.5815187692642 263.89430838823318 95.794060885906219 162.681032538414 134.03179603815079
leaf_count=1487 976 162 133 29565 424 6362 2240 124 4378 375 132 252 189
internal_value=4.11444e-05 0.000243697 -5.65405e-05 -3.81477e-05 -0.000649986 0.00030516 0.000719457 1.51842e-06 0.000186834 -0.000707939 0.000244143 -0.00153674 -0.00122881
internal_weight=31151.1 10167.6 20983.5 20734.6 1275.88 9561.91 2103.2 19458.7 7458.71 605.704 207.778 248.838 397.926
internal_count=46799 14814 31985 31600 1911 13956 3216 29689 10740 858 294 385 564
is_linear=0
shrinkage=0.02


Tree=224
num_leaves=15
num_cat=0
split_feature=4 14 37 13 15 17 4 21 44 0 4 17 13 23
split_gain=1.5779 1.36077 1.62829 1.25372 1.52114 1.21634 1.19937 1.54195 1.1429 1.11978 1.01452 1.18275 0.967898 0.948992
threshold=49.999765401398214 10.500000000000002 0.59068093952158018 0.69237464018193606 18.559744408427015 3.0429629553281079 47.39816429976279 1.0107738620379332 0.50690205118827147 33.099850028427539 49.87114996927523 3.2482120456780925 2.0635177958393247 0.9895237477464901
decision_type=2 2 2 2 2 2 2 2 2 2 2 2 2 2
left_child=5 3 13 4 -2 6 8 -8 -1 -4 11 -7 -5 -3
right_child=1 2 9 12 -6 10 7 -9 -10 -11 -12 -13 -14 -15
leaf_value=-0.00044910448183571594 0.0017406402271567078 7.9385858748466e-06 0.001861795760796872 3.9726483046448339e-05 0.00013896534983641955 -0.00089600505669033262 0.0015210659440590918 0.00020398562106492535 1.2869021643544836e-05 -0.00016299354780350425 -0.0029886964497906118 0.00063788143248808937 0.0012381291040246358 -0.0014664975252367501
leaf_weight=2381.6147339344025 706.01097902655602 306.38223153352737 202.95454794168472 1278.8263152837753 378.58418852090836 761.14904543757439 415.27519977092743 2630.1013126373291 20827.453027397394 215.95891955494881 70.033659756183624 263.68725726008415 346.35564813017845 366.69761544466019
leaf_count=3593 1011 435 288 1998 578 1094 718 3916 31249 310 110 369 587 543
internal_value=4.02806e-05 0.000422024 -0.000166535 0.000662839 0.00119205 -1.24462e-05 1.44413e-05 0.000387748 -3.41405e-05 0.000798401 -0.000665161 -0.000491128 0.000302481 -0.000782494
internal_weight=31151.1 3801.77 1091.99 2709.78 1084.6 27349.3 26254.4 3045.38 23209.1 418.913 1094.87 1024.84 1625.18 673.08
internal_count=46799 5750 1576 4174 1589 41049 39476 4634 34842 598 1573 1463 2585 978
is_linear=0
shrinkage=0.02


Tree=225
num_leaves=15
num_cat=0
split_feature=52 33 14 24 30 24 50 44 12 1 16 19 16 16
split_gain=1.69342 1.44885 1.51987 2.06416 1.22803 1.1338 1.69497 1.56209 1.43842 1.9056 1.3031 1.23358 0.969385 0.600294
threshold=0.55000000000000016 -0.6499999999999998 9.5000000000000018 1.0474288093456636 -0.10153818925496823 0.87836214164545579 -0.17281429804707812 1.4900456354213782 18.714881820448074 27.9815 5.8450000000000015 0.95421100159081551 12.449999999999999 7.2000000000000028
decision_type=2 2 2 2 2 2 2 2 2 2 2 2 2 2
left_child=5 12 3 -3 -4 6 7 -1 9 -7 -10 -8 13 -2
right_child=1 2 4 -5 -6 8 11 -9 10 -11 -12 -13 -14 -15
leaf_value=0.00087775083288365034 0.0012017831740906194 5.4024997412294646e-05 0.00017435229557176583 0.00064355655713321509 -0.00022447479896528662 0.00063032211823522142 -0.0011692117547869483 -0.0018875288636284455 -0.0010043562802213473 -0.0021666063179994364 0.0017133290235385543 -0.00016467427423492339 0.0025729802856849643 -0.00014777957755690327
leaf_weight=466.64192518591881 281.14904108643532 9514.0729524195194 4491.7203920781612 3185.2409388422966 9747.0213015675545 214.58384799957275 1479.8806603848934 95.522260755300522 84.311380952596664 170.43015027046204 315.72011095285416 768.1192706823349 128.38390180468559 224.05949592590332
leaf_count=704 398 14753 6540 4797 14315 335 2193 174 129 279 483 1149 190 329
internal_value=1.25488e-05 6.61033e-05 4.3443e-05 0.000202757 -9.79527e-05 -0.000395188 -0.000583955 0.000385127 0.000267584 -0.000586725 0.00111352 -0.000830867 0.00101064 0.000585315
internal_weight=31166.9 27571.6 26938.1 12699.3 14238.7 3595.21 2810.16 562.164 785.045 385.014 400.031 2248 633.592 505.209
internal_count=46768 41322 40405 19550 20855 5446 4220 878 1226 614 612 3342 917 727
is_linear=0
shrinkage=0.02


Tree=226
num_leaves=15
num_cat=0
split_feature=13 40 50 15 30 52 22 16 18 22 12 50 36 15
split_gain=2.4713 1.91222 1.46438 2.04801 1.49616 1.4285 1.48424 1.76282 1.61197 1.36113 1.12318 1.11415 0.967596 0.503196
threshold=0.95995021800316249 0.15707710447253001 -0.16654641252996363 21.723153682571041 0.13257528087006107 0.55000000000000016 -0.72810477133369067 10.020000000000003 1.5735996896744027 0.79730624895081192 17.524841467106182 -0.14099420011579292 1.0500000000000003 7.4174096804498886
decision_type=2 2 2 2 2 2 2 2 2 2 2 2 2 2
left_child=5 2 3 -2 -4 9 7 -7 -8 11 -3 -1 -12 -11
right_child=1 10 4 -5 -6 6 8 -9 -10 13 12 -13 -14 -15
leaf_value=0.00053471154406043678 0.00045804150125374984 -0.00051004839154587746 0.00016218722875604909 0.0039076755147641699 -0.00050739959936175636 -2.2043735185478212e-05 0.00012067342940704614 0.00076453288273367506 -0.00035111909140967534 -0.00090869893126853754 0.001350098270054192 -0.00061863045311470006 0.00017075703472105676 -0.0022015164057724241
leaf_weight=454.8640054166317 2304.9258561432362 199.47440248727798 5288.933414131403 70.024439364671707 1782.7334853708744 3653.6263457238674 4515.7826310396194 1639.2584865689278 7949.3181218802929 361.73726668953896 1128.7378498017788 1195.4866847097874 396.94370698928833 225.01093459129333
leaf_count=683 3676 310 8331 111 2848 5303 6580 2360 11519 527 1810 1735 630 345
internal_value=1.22993e-05 0.000250822 0.000137657 0.000567162 -5.29446e-06 -0.000120481 -5.98239e-05 0.000219875 -0.000179407 -0.000597029 0.000863829 -0.000294436 0.00105043 -0.00142726
internal_weight=31166.9 11171.8 9446.62 2374.95 7071.67 19995.1 17758 5292.88 12465.1 2237.1 1725.16 1650.35 1525.68 586.748
internal_count=46768 17716 14966 3787 11179 29052 25762 7663 18099 3290 2750 2418 2440 872
is_linear=0
shrinkage=0.02


Tree=227
num_leaves=15
num_cat=0
split_feature=13 40 16 20 35 52 22 0 22 22 36 20 26 26
split_gain=2.37435 1.83617 1.42796 2.11321 1.99717 1.37265 1.42518 1.95277 1.71872 1.30826 1.01887 1.40554 1.02149 0.932343
threshold=0.95995021800316249 0.15707710447253001 12.063333333333334 -1.6848909545402238 1.1000000000000003 0.55000000000000016 -0.72810477133369067 18.501462852980779 -1.3220172473511795 0.79730624895081192 1.0500000000000003 1.8322209884386054 0.21111111111111114 1.1055555555555558
decision_type=2 2 2 2 2 2 2 2 2 2 2 2 2 2
left_child=5 2 4 -4 -2 9 8 -8 -7 -1 12 -12 -3 -11
right_child=1 10 3 -5 -6 6 7 -9 -10 13 11 -13 -14 -15
leaf_value=-0.00028842811318514178 5.2701798720600146e-05 -0.00088613071321051273 0.002759503419664488 0.00037609249503186003 -0.001601942602534564 -9.344998658307418e-05 0.00035199748963641523 -0.00029456620851224432 0.00063241518289774425 -0.001742776120493128 0.00049724111211474332 -0.0026081568813339506 0.0012904860202773603 0.0003705122164462827
leaf_weight=1650.3506901264191 6391.9467857778072 86.044462084770203 158.00559240579605 2593.1017277240753 303.56308910250664 3027.5882193446159 2273.4400511980057 10191.660701721907 2265.2966129481792 496.13073569536209 382.59884995222092 66.671167641878128 1189.8414795994759 90.6174655854702
leaf_count=2418 10147 144 253 4094 472 4388 3299 14800 3275 735 608 105 1893 137
internal_value=1.20563e-05 0.00024586 0.000134942 0.000518517 -2.12799e-05 -0.000118087 -5.8615e-05 -0.000175803 0.000215445 -0.000585235 0.000846576 4.72706e-06 0.00113471 -0.00139926
internal_weight=31166.9 11171.8 9446.62 2751.11 6695.51 19995.1 17758 12465.1 5292.88 2237.1 1725.16 449.27 1275.89 586.748
internal_count=46768 17716 14966 4347 10619 29052 25762 18099 7663 3290 2750 713 2037 872
is_linear=0
shrinkage=0.02


Tree=228
num_leaves=15
num_cat=0
split_feature=13 40 16 32 24 24 37 17 37 37 44 30 53 53
split_gain=2.28059 1.76228 1.37392 2.10659 1.35653 1.78315 1.31248 1.16159 0.954462 1.10146 1.27853 1.06635 0.700083 2.16567
threshold=0.95995021800316249 0.15707710447253001 7.2600000000000025 0.35000000000000003 0.98502090155696853 1.1194283283839044 1.1652887030588521 1.3434360870664097 1.0090467845213336 0.86201331970811312 1.4533159612080488 -0.10355291873723974 0.95000000000000007 0.65000000000000013
decision_type=2 2 2 2 2 2 2 2 2 2 2 2 2 2
left_child=8 2 6 -4 7 -6 -2 -3 9 11 -11 -1 13 -10
right_child=1 4 3 -5 5 -7 -8 -9 12 10 -12 -13 -14 -15
leaf_value=0.00010734107941431059 -0.00010068398799518778 0.001289126376740055 0.0013246283207904313 0.00017742898189870577 0.0034981757247715068 0.00088222976594971587 -0.0025336218954697602 0 0.00016295460875230541 -0.0014758134829311955 0 -0.00023806212163191722 -0.00044596822906316366 0.0021785639609265255
leaf_weight=5168.6928785145283 3670.0028609633446 422.75744020938873 740.21100160479546 4946.9332810342312 154.53253027796745 367.34700807929039 89.470051407814026 780.51898071169853 1805.5609001517296 535.57894632220268 420.20284104347229 11362.594442605972 460.03728243708611 242.41718554496765
leaf_count=7502 5823 678 1211 7788 236 582 144 1254 2606 749 611 16585 661 338
internal_value=1.18137e-05 0.00024096 0.000132271 0.000328914 0.000829489 0.00168632 -0.000162559 0.000447391 -0.000115728 -0.000168402 -0.000829769 -0.000129463 0.000247399 0.000408311
internal_weight=31166.9 11171.8 9446.62 5687.14 1725.16 521.88 3759.47 1203.28 19995.1 17487.1 955.782 16531.3 2508.02 2047.98
internal_count=46768 17716 14966 8999 2750 818 5967 1932 29052 25447 1360 24087 3605 2944
is_linear=0
shrinkage=0.02


Tree=229
num_leaves=15
num_cat=0
split_feature=13 40 38 12 52 33 19 27 1 12 44 19 15 44
split_gain=2.19064 1.69372 1.63988 1.42227 1.31368 1.63192 1.54453 1.53916 1.25948 1.08186 1.18833 1.02156 0.807593 0.634104
threshold=0.95995021800316249 0.15707710447253001 1.2500000000000002 20.765894009582848 0.55000000000000016 -0.6499999999999998 0.80719597123433406 1.3226495654488788 31.781333333333333 17.524841467106182 0.71410271957295046 0.59146807487326225 7.0066028187299869 0.85705019102469315
decision_type=2 2 2 2 2 2 2 2 2 2 2 2 2 2
left_child=4 2 3 -2 7 6 -6 12 -4 13 -11 -7 -1 -3
right_child=1 9 8 -5 5 11 -8 -9 -10 10 -12 -13 -14 -15
leaf_value=-0.00039853084203348528 0.00015147793650809415 -0.002134598731481239 -0.0024181765239482881 0.0031015047100095236 0.00019584648175915016 2.8549620097256191e-05 0.0028329747819437652 0.0013791995578635466 0.00057771643565823663 0.0022746003918388191 0.0007359300438680923 -0.00029118273484869694 -0.0012303366066579757 0.00018888946373116336
leaf_weight=1315.9832547903061 9135.8810249865055 65.27793687582016 171.52003201842308 64.253991067409515 245.04974833130836 11190.702144175768 146.39037331938744 146.02574652433395 74.962146937847137 249.26306292414665 1276.4184938669205 6175.8433193862438 775.08989009261131 134.19646561145782
leaf_count=1896 14484 104 272 96 350 16189 198 229 114 402 2038 9025 1165 206
internal_value=1.15902e-05 0.000236178 0.000129599 0.000173837 -0.000113404 -5.5212e-05 0.00121688 -0.0005704 -0.00146948 0.000813166 0.00099651 -8.45974e-05 -0.000712512 -0.000535479
internal_weight=31166.9 11171.8 9446.62 9200.14 19995.1 17758 391.44 2237.1 246.482 1725.16 1525.68 17366.5 2091.07 199.474
internal_count=46768 17716 14966 14580 29052 25762 548 3290 386 2750 2440 25214 3061 310
is_linear=0
shrinkage=0.02


Tree=230
num_leaves=15
num_cat=0
split_feature=13 1 44 23 52 52 24 27 44 51 42 27 19 17
split_gain=1.87331 2.13322 2.43295 1.426 1.37652 1.26132 1.06509 1.0167 1.01643 1.24523 1.36874 0.980693 0.930612 1.21208
threshold=1.1220191278017808 21.107000000000003 1.4270839502025117 0.88906243774095683 2.6500000000000008 0.35000000000000003 0.5556702292450536 0.54082787405108934 0.4679616644461797 1.1936853369690785 1.1500000000000001 0.74082655303944311 -0.31537373162673699 1.2862537679370982
decision_type=2 2 2 2 2 2 2 2 2 2 2 2 2 2
left_child=8 2 3 -2 5 -3 -6 -4 12 10 -10 -11 13 -1
right_child=1 4 7 -5 6 -7 -8 -9 9 11 -12 -13 -14 -15
leaf_value=-0.0017806179858891411 0.00036071536376286738 0.001773208832923163 -0.0033811741394518501 -0.00057723851851885566 -0.00082962444172219793 0.00027065398901032208 0.0017556838336440909 -0.00094479209844694967 -4.992909286839001e-05 -5.113540021714321e-05 0.00069525068591201253 -0.00069066278410633757 -0.00022420130142448606 0.0010497129836330517
leaf_weight=409.35743936896324 1562.5954505801201 232.89721503853798 115.50357347726822 1103.4607984423637 67.259543091058731 6295.1625894010067 453.69388455152512 211.62003210186958 14676.867019623518 1820.0868532955647 1054.9534291923046 2115.0704100430012 770.67339929938316 64.921716958284378
leaf_count=601 2450 353 206 1770 124 9997 679 336 21536 2666 1466 3030 1137 102
internal_value=-7.05077e-06 0.000217101 -0.000227989 -2.38904e-05 0.000407526 0.000326318 0.00140088 -0.00185075 -0.00011518 -7.94861e-05 0 -0.000397585 -0.000669998 -0.00136941
internal_weight=30954.1 10042.2 2993.18 2666.06 7049.01 6528.06 520.953 327.124 20911.9 19667 15731.8 3935.16 1244.95 474.279
internal_count=46453 15915 4762 4220 11153 10350 803 542 30538 28698 23002 5696 1840 703
is_linear=0
shrinkage=0.02


Tree=231
num_leaves=15
num_cat=0
split_feature=12 50 13 16 20 20 33 26 4 4 24 2 23 33
split_gain=2.15575 2.21753 1.64779 1.38511 1.62597 1.34868 1.48267 1.27372 1.26609 1.29078 0.983777 0.913009 0.91015 0.77784
threshold=17.91627965741689 -0.16064391506400832 2.117786268343933 3.2800000000000007 -1.9521953908157985 3.9745048506596246 -0.44999999999999996 1.5277777777777779 49.999765401398214 35.558926571317322 0.772535701085453 16.710895833333336 1.1391978149714923 0.45000000000000007
decision_type=2 2 2 2 2 2 2 2 2 2 2 2 2 2
left_child=1 3 8 -1 -5 6 -3 10 9 -2 -4 -7 -10 -9
right_child=2 5 7 4 -6 11 -8 13 12 -11 -12 -13 -14 -15
leaf_value=-0.0015205575064829379 0.00019690367053665843 0.00068166561435681686 0.00085124855372090277 0.0016394473803812144 9.8465061491627816e-05 -0.0002288214638133141 -0.00059215569250660905 0.00080632346485522437 0.00017449841908276847 -0.00014425161756536148 -5.4539505181432677e-05 -0.0031786744459302101 0.00096694438393988473 0.0039240538075054343
leaf_weight=149.30104437470436 6717.7275056540966 391.93205401301384 1130.9849682748318 363.89500722289085 1156.2031437754631 73.856431245803833 4158.2865494787693 76.763178467750549 1856.661330550909 13010.939404278994 797.15106254816055 127.93413615226746 871.02992451190948 71.457613915205002
leaf_count=225 10048 574 1883 542 1730 110 6192 128 2748 19286 1340 188 1355 104
internal_value=-6.92606e-06 -0.000333396 7.81396e-05 0.000289486 0.000475599 -0.00055435 -0.000479987 0.000617135 2.78073e-05 -2.75712e-05 0.000471918 -0.00216092 0.000431736 0.00240819
internal_weight=30954.1 6421.41 24532.7 1669.4 1520.1 4752.01 4550.22 2076.36 22456.4 19728.7 1928.14 201.791 2727.69 148.221
internal_count=46453 9561 36892 2497 2272 7064 6766 3455 33437 29334 3223 298 4103 232
is_linear=0
shrinkage=0.02


Tree=232
num_leaves=12
num_cat=0
split_feature=10 3 3 14 12 1 26 2 24 19 50
split_gain=2.07122 1.98621 1.59622 1.89201 1.67085 1.49008 1.52221 1.26579 1.21919 0.745019 0.8221
threshold=1.0000000180025095e-35 25.747652862367932 49.799609463113498 11.500000000000002 17.91627965741689 38.113666666666667 1.1833333333333336 34.135916666666681 0.19758731119689751 -2.439020024018475 -0.19497189990153527
decision_type=2 2 2 2 2 2 2 2 2 2 2
left_child=1 9 4 -4 -3 6 8 -8 -2 -1 -11
right_child=5 2 3 -5 -6 -7 7 -9 -10 10 -12
leaf_value=-0.0028506861609651104 -0.0016421238243042209 -0.00040977481406225154 0.00094638861614295235 -0.0011743634574295093 5.3424701917029781e-06 -0.0019856452901532004 0.0015795721762501211 -0.00020823901192704356 0.0003269759335725099 0.00071418317455907224 -0.0010029728515585769
leaf_weight=77.775997936725616 127.11583453416824 4845.6493927538395 1140.2065509259701 191.71030583977699 19173.360921502113 100.25414940714836 698.43325638771057 191.89856120944023 3474.710012614727 120.7677885890007 812.24058276414871
leaf_count=119 235 7181 1878 294 28732 141 994 276 5154 189 1260
internal_value=-6.75702e-06 -7.53655e-05 -4.02524e-05 0.000632337 -7.80151e-05 0.000384759 0.000440746 0.00118342 0.000253835 -0.000944326 -0.000768958
internal_weight=30954.1 26361.7 25350.9 1331.92 24019 4592.41 4492.16 890.332 3601.83 1010.78 933.008
internal_count=46453 39653 38085 2172 35913 6800 6659 1270 5389 1568 1449
is_linear=0
shrinkage=0.02


Tree=233
num_leaves=15
num_cat=0
split_feature=12 50 17 13 20 10 26 26 34 12 8 18 2 2
split_gain=1.99982 2.12379 2.49402 1.58469 1.47119 1.34146 1.61443 1.21948 1.30347 1.16165 1.10384 1.38327 0.98916 0.919278
threshold=17.91627965741689 -0.16064391506400832 3.1345314681120846 2.117786268343933 3.9745048506596246 1.0000000180025095e-35 1.1833333333333336 1.5277777777777779 0.88697462835112484 17.945299339674538 2.5000000000000004 1.2653225154522654 33.763416666666679 36.941083333333339
decision_type=2 2 2 2 2 2 2 2 2 2 2 2 2 2
left_child=1 10 4 5 -3 9 -7 8 -5 -2 12 -12 -1 -4
right_child=3 2 13 7 -6 6 -8 -9 -10 -11 11 -13 -14 -15
leaf_value=-3.2550318844774644e-05 0.0015741989899267961 -0.00036010102772238216 -0.0045428118491748007 0.00065789730773523362 -0.002112146280482125 0.0001656481203346117 0.0012504744776871629 0.0023567057574109501 -0.00091834439786582251 -5.435933688564293e-05 -0.0005514115266652286 0.00092407556738168201 -0.0025310720938475991 -0.0014739749002769837
leaf_weight=249.90549859404564 174.53931084275246 4360.6799230873585 75.50793719291687 1695.3019326031208 201.79056739807129 2688.8017106056213 698.23570582270622 148.22079238295555 232.83409821987152 18894.781437724829 329.63308453559875 1002.8192492127419 87.041363030672073 114.0307432115078
leaf_count=357 277 6496 104 2829 298 3979 974 232 394 28207 507 1505 128 166
internal_value=-6.63571e-06 -0.000321088 -0.000537351 7.52836e-05 -0.000440673 2.59166e-05 0.000392841 0.000603851 0.000461621 -3.87655e-05 0.000288437 0.000551284 -0.000718607 -0.00278341
internal_weight=30954.1 6421.41 4752.01 24532.7 4562.47 22456.4 3387.04 2076.36 1928.14 19069.3 1669.4 1332.45 336.947 189.539
internal_count=46453 9561 7064 36892 6794 33437 4953 3455 3223 28484 2497 2012 485 270
is_linear=0
shrinkage=0.02


Tree=234
num_leaves=12
num_cat=0
split_feature=10 16 1 26 13 44 16 14 13 45 14
split_gain=1.93023 2.15318 1.43188 1.40527 1.61836 1.41055 1.38588 1.60122 1.49489 0.710958 0.894665
threshold=1.0000000180025095e-35 23.410000000000007 38.113666666666667 1.1833333333333336 0.56594052180259091 1.8811008342778994 3.4450000000000007 12.500000000000002 2.5795901718015171 3.2916666666666674 11.500000000000002
decision_type=2 2 2 2 2 2 2 2 2 2 2
left_child=1 6 3 4 -2 -5 7 -1 -8 10 -3
right_child=2 9 -4 5 -6 -7 8 -9 -10 -11 -12
leaf_value=-0.00070606667190297129 -0.00012943371366284825 0.0018843473901701499 -0.0019520954493492599 0.0017733790222295854 0.00071979348630107714 0.00010769662351097146 -8.6329405905509907e-05 0.0011932978948394448 0.00075699515836177779 8.2725449710401044e-05 -0.00051335948411538419
leaf_weight=2257.3169394433498 1995.9540901780128 379.36743032932281 100.25414940714836 544.93379929661751 1605.8717569708824 345.39801830053329 22374.151825338602 187.24792358279228 869.95578396320343 227.57373118400574 66.097906470298767
leaf_count=3453 2879 598 141 777 2510 493 33361 258 1523 361 99
internal_value=-6.52322e-06 -7.27664e-05 0.00037142 0.000426346 0.000246608 0.00114009 -0.000102413 -0.000555636 -5.42738e-05 0.00104092 0.00150552
internal_weight=30954.1 26361.7 4592.41 4492.16 3601.83 890.332 25688.7 2444.56 23244.1 673.039 445.465
internal_count=46453 39653 6800 6659 5389 1270 38595 3711 34884 1058 697
is_linear=0
shrinkage=0.02


Tree=235
num_leaves=15
num_cat=0
split_feature=44 20 23 51 23 20 26 18 44 26 41 26 5 18
split_gain=1.32037 1.94617 1.5632 1.52853 1.50406 1.42254 2.41194 2.35526 1.37896 0.923382 1.10262 0.869669 1.18268 0.667508
threshold=0.84330054808858446 0.064490763000833326 1.0461324741756732 1.6576671609000544 0.88207140719541466 1.9113756094814358 0.35416666666666669 1.1709121570429928 0.91359323287411232 0.18333333333333332 1.9166547898254478 0.5634920634920636 40.980579167567377 0.82379445179664568
decision_type=2 2 2 2 2 2 2 2 2 2 2 2 2 2
left_child=3 2 4 9 -2 6 -3 -7 -4 -1 -11 13 -13 -5
right_child=1 5 8 11 -6 7 -8 -9 -10 10 -12 12 -14 -15
leaf_value=0.0004595482162827963 0.00030388256036746538 -0.0014279645786746597 0.0021307353314656973 0.0016670702580994599 -0.00028618128398230392 -0.0011950293766467108 -0.00013660759075814196 0.00050238658307921247 0.0004935767138317639 -0.00038881597071176898 0.0008756291117271366 0.00073674044233067106 0.0038197430472140252 -0.00055058798503914601
leaf_weight=618.36001744866371 4972.9933397769928 629.47087544202805 220.50966069102287 71.463865667581558 2632.2757730185986 371.73235720396042 7343.3718433082104 2495.9547309279442 3865.6987582147121 6995.6896058022976 280.74074560403824 194.35192012786865 71.892609834671021 205.28528121113777
leaf_count=949 7500 991 338 113 3932 568 10817 3712 6086 10238 425 312 138 351
internal_value=1.00515e-05 9.02731e-05 0.000269471 -0.000202955 9.83182e-05 -0.000102083 -0.000240149 0.00027819 0.00058537 -0.000274561 -0.00033843 0.000816985 0.00162878 0
internal_weight=30969.8 22532 11691.5 8437.78 7605.27 10840.5 7972.84 2867.69 4086.21 7894.79 7276.43 542.994 266.245 276.749
internal_count=46470 33944 17856 12526 11432 16088 11808 4280 6424 11612 10663 914 450 464
is_linear=0
shrinkage=0.02


Tree=236
num_leaves=11
num_cat=0
split_feature=16 16 22 20 27 51 47 45 47 12
split_gain=1.43815 1.18931 1.45931 3.26693 1.51478 1.14918 1.61327 1.12338 1.51714 0.782438
threshold=26.390000000000004 3.7200000000000011 -0.6955330821308543 1.9113756094814358 1.775445717524333 1.6799351448761135 0.83157433344861809 3.5500000000000003 2.6606855893392933 18.219216997248143
decision_type=2 2 2 2 2 2 2 2 2 2
left_child=1 5 3 -3 -4 9 -7 8 -2 -1
right_child=7 2 4 -5 -6 6 -8 -9 -10 -11
leaf_value=-0.00087917877735350025 0.00043942559760929041 0.00017323963120472269 -7.9435489055114616e-05 0.0019359910976446256 0.00086513386860685845 0.0032421940371683195 -0.00055137359607416937 -0.00041839313886824408 0.0036865041304220093 -0.00021220066639585089
leaf_weight=1107.6397332549095 130.23527339100838 6528.1531658470631 19584.939873576164 449.67723417282104 700.39289826154709 81.072133839130402 88.567533522844315 99.065948486328125 115.0461882352829 2085.0014016926289
leaf_count=1670 196 9747 29431 650 1006 133 142 163 178 3154
internal_value=9.87248e-06 -4.29501e-06 3.91522e-05 0.000288793 -4.62473e-05 -0.000359374 0.00121999 0.00129152 0.00202037 -0.000447135
internal_weight=30969.8 30625.4 27263.2 6977.83 20285.3 3362.28 169.64 344.347 245.281 3192.64
internal_count=46470 45933 40834 10397 30437 5099 275 537 374 4824
is_linear=0
shrinkage=0.02


Tree=237
num_leaves=11
num_cat=0
split_feature=16 6 45 45 51 1 12 25 45 26
split_gain=1.38211 1.3615 1.89543 1.47342 1.42618 1.39439 1.90448 1.10109 1.0816 0.642003
threshold=26.390000000000004 4.5000000000000009 1.4500000000000002 0.70833333333333337 1.4567979377033795 20.146250000000002 18.858067645117945 1.1000000000000003 3.5500000000000003 1.6833333333333336
decision_type=2 2 2 2 2 2 2 2 2 2
left_child=1 5 3 -3 -4 7 -7 -1 9 -2
right_child=8 2 4 -5 -6 6 -8 -9 -10 -11
leaf_value=-0.00011711327049070664 0.002686021682194964 -0.00069422920692959118 -0.00081106663333762609 0.00045691551267583582 -0.0030919118254270355 -3.7906957189704423e-05 0.00035387554074834608 -0.00096388775717580998 -0.00041019083363636328 0.00032471233095531578
leaf_weight=6740.6424585580826 166.98552811145782 776.78613445162773 868.2520090341568 1032.1311202049255 129.75847506523132 11966.704641342163 8430.6061410903931 680.56299442052841 99.065948486328125 78.29593351483345
leaf_count=10205 260 1119 1248 1492 183 18005 12702 979 163 114
internal_value=9.68562e-06 -4.19671e-06 -0.000424135 -3.21083e-05 -0.00112321 3.78436e-05 0.000123553 -0.000196353 0.00126611 0.00198143
internal_weight=30969.8 30625.4 2806.93 1808.92 998.01 27818.5 20397.3 7421.21 344.347 245.281
internal_count=46470 45933 4042 2611 1431 41891 30707 11184 537 374
is_linear=0
shrinkage=0.02


Tree=238
num_leaves=13
num_cat=0
split_feature=34 16 14 12 13 27 51 16 18 46 17 27
split_gain=1.76578 1.51906 1.51666 1.78932 1.4381 1.51417 1.37461 1.2949 1.22063 1.47457 1.21121 0.956996
threshold=0.086946287734703309 3.7200000000000011 12.500000000000002 18.384794576502689 3.4929646919587092 0.69506555427045902 1.8930636537353045 26.390000000000004 1.9402323945337721 0.81666666666666676 0.70465107738984312 0.48598469346760947
decision_type=2 2 2 2 2 2 2 2 2 2 2 2
left_child=6 2 10 -4 7 -6 8 -3 9 -1 -2 -10
right_child=1 4 3 -5 5 -7 -8 -9 11 -11 -12 -13
leaf_value=-0.0009274030368589248 0.00030085017924453845 7.1847123415372165e-05 -0.001141946725630972 0.0026947210705060669 0.0042679647773591727 0 0.0016696704884305213 0.0013097807252585179 0.00034535724164669074 0.00028523063429980336 -0.00073827040419623081 -0.0019286555247745095
leaf_weight=878.13916248083115 554.58711704611778 25463.649372845888 71.786793380975723 128.20893147587776 65.878171622753143 66.0227971971035 103.07361793518066 341.73188585042953 80.945302307605743 718.42741283774376 2089.2997406125069 408.04107868671417
leaf_count=1391 846 37868 98 175 124 123 190 532 135 1191 3143 654
internal_value=9.4631e-06 5.14394e-05 -0.000386481 0.0012704 9.98666e-05 0.00217042 -0.000537517 8.87284e-05 -0.000652888 -0.000375809 -0.00051646 -0.00153198
internal_weight=30969.8 28781.2 2843.88 199.996 25937.3 131.901 2188.63 25805.4 2085.55 1596.57 2643.89 488.986
internal_count=46470 42909 4262 273 38647 247 3561 38400 3371 2582 3989 789
is_linear=0
shrinkage=0.02


Tree=239
num_leaves=13
num_cat=0
split_feature=16 22 18 20 15 12 16 37 1 12 12 16
split_gain=1.29134 1.7009 2.12821 1.94556 1.93114 1.87036 1.79227 1.58027 1.4646 0.984834 1.33607 1.23404
threshold=16.222500000000004 -0.6955330821308543 2.5999679188683564 1.9113756094814358 11.976345303880853 17.878756878271378 7.2000000000000028 0.12477516936078757 26.95516666666667 18.219216997248143 18.444719246241039 24.950000000000006
decision_type=2 2 2 2 2 2 2 2 2 2 2 2
left_child=1 3 7 4 -1 -4 -5 -3 -2 11 -11 -10
right_child=8 2 5 6 -6 -7 -8 -9 9 10 -12 -13
leaf_value=-8.9703299171212927e-05 0.0027484300865478445 -0.00048970978033060076 -0.0026166904925874015 0.00060957053792850548 0.0006316004410172523 -0.00056902738254197309 0.0030109911727491286 1.1909664336247537e-05 -0.00032993577956068625 0.0015784472205670147 0.00031405560956853908 0.0011612367888968356
leaf_weight=5681.6797156333923 96.414333909749985 3084.5050590336323 205.77181941270828 548.24619483947754 2000.8615888655186 1509.4139904677868 166.3239144384861 13312.348140597343 1465.7809360325336 400.13297194242477 2240.0315312743187 258.2811878323555
leaf_count=8572 135 4716 296 797 2930 2179 242 20072 2173 593 3366 399
internal_value=9.30182e-06 -4.33491e-05 -0.000152734 0.000191377 9.69692e-05 -0.000823272 0.00118933 -8.18912e-05 0.000324321 0.000267243 0.000510516 -9.96635e-05
internal_weight=30969.8 26509.2 18112 8397.11 7682.54 1715.19 714.57 16396.9 4460.64 4364.23 2640.16 1724.06
internal_count=46470 39804 27263 12541 11502 2475 1039 24788 6666 6531 3959 2572
is_linear=0
shrinkage=0.02


Tree=240
num_leaves=14
num_cat=0
split_feature=13 3 12 40 50 50 27 1 16 18 24 23 27
split_gain=2.24452 1.7986 1.50484 1.86417 1.34543 1.31852 1.27891 1.4303 1.19355 1.33572 1.07423 0.90046 0.72116
threshold=2.0326177543191855 45.226879757299379 19.603966622316978 -0.13007163245139283 0.10126221883274052 -0.38850524573445644 0.46438480914521046 26.483666666666672 3.1366666666666672 1.821854099966528 0.54829525894799136 0.24398908101855818 0.78725580260412398
decision_type=2 2 2 2 2 2 2 2 2 2 2 2 2
left_child=1 8 3 -3 -4 12 10 -8 11 -10 -7 -1 -2
right_child=5 2 4 -5 -6 6 7 -9 9 -11 -12 -13 -14
leaf_value=0 0.0035966475815010141 0.00072858551284025628 0.0012795582439621392 -9.6144534137412217e-05 -2.2200491331240661e-05 0.00073540015685774314 -0.00046133992397917698 0.00057629293291123357 -2.0321242305017747e-07 -0.00037193044980501688 0.0028227545278733659 -0.00092608683893619678 0.00090811262498674485
leaf_weight=623.23104697465897 79.341042459011078 1337.9179000258446 828.68866682052612 5979.6585949659348 489.96466422080994 617.78210061788559 913.43097168207169 1250.507674664259 11579.803693413734 5843.8036408424377 123.25038719177246 1384.3259659707546 108.63732698559761
leaf_count=924 144 2003 1225 9022 723 1071 1482 2072 17179 8491 211 2039 181
internal_value=-1.57926e-05 -7.24628e-05 0.000167064 5.34377e-05 0.000788998 0.000494952 0.000384877 0.000133654 -0.000179442 -0.000125481 0.0011027 -0.000642199 0.00212143
internal_weight=31160.3 28067.4 8636.23 7317.58 1318.65 3092.95 2904.97 2163.94 19431.2 17423.6 741.032 2007.56 187.978
internal_count=46767 41606 12973 11025 1948 5161 4836 3554 28633 25670 1282 2963 325
is_linear=0
shrinkage=0.02


Tree=241
num_leaves=13
num_cat=0
split_feature=13 16 16 33 24 21 16 27 15 47 22 22
split_gain=2.16033 1.62596 1.23256 1.57062 1.25058 1.05212 1.02706 1.46179 0.926085 0.721024 1.13607 0.68958
threshold=2.0843736703921629 3.1366666666666672 19.22000000000001 -0.34999999999999992 0.74340446297999685 1.1845177528448374 3.3600000000000017 0.65865136374539812 4.5490646199648292 0.67509072019560834 -0.60452703894082516 -2.664934131621802
decision_type=2 2 2 2 2 2 2 2 2 2 2 2
left_child=1 9 3 -3 -4 6 8 -8 -2 10 -1 -11
right_child=5 2 4 -5 -6 -7 7 -9 -10 11 -12 -13
leaf_value=0.00026637550344767727 0.00014291820968031076 0.00037007705298697463 0.0019413079223104097 -0.00012561336507567098 0.00027471331627184514 0.0016265974683107678 0.0011479819706484526 0.00010592775047482712 -0.0021696970430319295 0.00055938576650931817 -0.001102416748781476 -0.0011272418122303357
leaf_weight=671.8044341802597 159.42712220549583 2898.3920660018921 201.92061346769333 21213.517294228077 1824.8665289878845 302.44249981641769 882.61665344238281 1439.7549440562725 111.16503632068634 98.017184853553772 371.44515538215637 984.97414389252663
leaf_count=1003 276 4122 320 31616 2729 496 1507 2353 186 148 558 1453
internal_value=-1.5457e-05 -6.90794e-05 -2.53951e-05 -6.5588e-05 0.000447429 0.00050424 0.000368322 0.000506909 -0.000779417 -0.00060088 -0.000212588 -0.000964626
internal_weight=31160.3 28264.9 26138.7 24111.9 2026.79 2895.41 2592.96 2322.37 270.592 2126.24 1043.25 1082.99
internal_count=46767 41949 38787 35738 3049 4818 4322 3860 462 3162 1561 1601
is_linear=0
shrinkage=0.02


Tree=242
num_leaves=11
num_cat=0
split_feature=16 14 0 14 5 33 19 44 12 12
split_gain=1.85132 2.06504 2.16065 1.30855 1.17422 1.52958 1.46047 0.95935 0.936637 0.833961
threshold=3.1366666666666672 13.500000000000002 16.336901456802785 6.5000000000000009 48.556735846495279 -0.44999999999999996 -3.5687460820529657 0.70826353023858013 18.123914453234764 17.782583576402672
decision_type=2 2 2 2 2 2 2 2 2 2
left_child=1 2 9 7 5 -5 -6 -2 -4 -1
right_child=3 -3 8 4 6 -7 -8 -9 -10 -11
leaf_value=-0.0011367525386931357 -0.00032517788626347695 0.0027653637859368302 -0.0019884318569526865 0.00049572498702430876 0.0025467659278984919 -9.7338268684162168e-05 0.00022999173264070762 0.0018617932990618151 -0.00080318494135823591 0.00031346131947567206
leaf_weight=193.94525566697121 104.21081647276878 69.81466019153595 419.66590401530266 1889.9906201958656 110.2664560675621 21168.787343502045 5235.3314607143402 262.00708693265915 883.60972562432289 822.71434745192528
leaf_count=294 171 93 650 2685 150 31807 7901 438 1323 1255
internal_value=-1.51069e-05 -0.000549971 -0.000656344 2.90077e-05 1.32941e-05 -4.8256e-05 0.000280586 0.00121393 -0.00119497 2.53026e-05
internal_weight=31160.3 2389.75 2319.94 28770.6 28404.4 23058.8 5345.6 366.218 1303.28 1016.66
internal_count=46767 3615 3522 43152 42543 34492 8051 609 1973 1549
is_linear=0
shrinkage=0.02


Tree=243
num_leaves=13
num_cat=0
split_feature=16 14 0 14 3 34 53 14 46 0 40 46
split_gain=1.7782 1.98578 2.07577 1.25588 1.2067 1.27169 1.02937 1.01044 0.777613 1.37303 0.641504 0.508797
threshold=3.1366666666666672 13.500000000000002 16.336901456802785 6.5000000000000009 49.701039733564834 1.9272749415117565 0.55000000000000016 10.500000000000002 0.84523809523809534 19.314001973417614 -0.058120109164277588 1.7638888888888891
decision_type=2 2 2 2 2 2 2 2 2 2 2 2
left_child=1 2 6 8 5 -5 -1 -6 9 -2 -4 -10
right_child=3 -3 10 4 7 -7 -8 -9 11 -11 -12 -13
leaf_value=-0.00036327805615352023 0.0017656334842091517 0.0027115967992153473 -0.0017141581609156728 -2.02380015444901e-06 0.00078406289865812846 -0.0010228360168365678 0.0010474991145277405 -0.0002329984987850225 0.0026635134303293157 -0.0023034237795462645 -0.00077037575762278602 0.00060356082959719482
leaf_weight=731.009934425354 72.152207165956497 69.81466019153595 540.27044424414635 26001.845097571611 1381.8821793794632 495.91204842925072 285.64966869354248 524.7365550994873 138.8444316983223 57.943713784217834 763.0051853954792 97.277550756931305
leaf_count=1144 122 93 822 38720 2222 782 405 819 226 93 1151 168
internal_value=-1.4787e-05 -0.000538986 -0.000643365 2.84411e-05 1.30398e-05 -2.15817e-05 2.45679e-05 0.000498959 0.00118927 0 -0.00117131 0.00186905
internal_weight=31160.3 2389.75 2319.94 28770.6 28404.4 26497.8 1016.66 1906.62 366.218 130.096 1303.28 236.122
internal_count=46767 3615 3522 43152 42543 39502 1549 3041 609 215 1973 394
is_linear=0
shrinkage=0.02


Tree=244
num_leaves=15
num_cat=0
split_feature=13 3 12 23 6 3 46 25 21 2 13 12 3 3
split_gain=2.03902 1.62371 1.45293 1.69173 1.29017 1.1978 1.12048 1.10717 0.973376 1.09679 1.41999 1.18861 1.0588 0.520534
threshold=2.0326177543191855 45.226879757299379 19.603966622316978 1.9239930656867663 1.5000000000000002 25.747652862367932 1.0500000000000003 0.55000000000000016 1.1845177528448374 27.310750000000002 2.7069047619047626 18.475848601429544 31.59048855621214 36.923097654726554
decision_type=2 2 2 2 2 2 2 2 2 2 2 2 2 2
left_child=1 4 3 -3 7 -6 -4 -1 9 10 -2 -11 -10 -14
right_child=8 2 6 -5 5 -7 -8 -9 12 11 -12 -13 13 -15
leaf_value=0.00073268606223616866 -0.00043279410752783485 7.9517846899955036e-05 0.002900242641413405 -0.0029488035109042667 -0.0009624520853304952 -0.00019711706310428001 0.0005971251274119291 -7.8127945021520435e-05 -7.3499115283854466e-06 0.00017101037188205762 0.0008907859963680683 0.0014145659337089654 0.0034929043907672244 0.0012649454193863323
leaf_weight=1062.3902215659618 1034.4028513133526 7245.1355584561825 92.330713629722595 72.440936535596848 870.14025723934174 15713.975520938635 1226.3226174116135 1784.6583474576473 106.92622470855713 658.70520684123039 469.4503525197506 611.96075218915939 95.422493904829025 116.08162212371826
leaf_count=1587 1678 10881 148 144 1324 23144 1800 2578 178 1069 864 1027 158 187
internal_value=-1.44872e-05 -6.85157e-05 0.000159038 4.7375e-05 -0.000170173 -0.000237987 0.000770107 0.000221223 0.000472299 0.000346797 -1.23436e-05 0.000779054 0.00152562 0.00234026
internal_weight=31160.3 28067.4 8636.23 7317.58 19431.2 16584.1 1318.65 2847.05 3092.95 2774.52 1503.85 1270.67 318.43 211.504
internal_count=46767 41606 12973 11025 28633 24468 1948 4165 5161 4638 2542 2096 523 345
is_linear=0
shrinkage=0.02


Tree=245
num_leaves=11
num_cat=0
split_feature=12 51 44 20 30 42 45 4 23 5
split_gain=1.23299 2.0297 2.26949 1.70593 1.29606 1.20077 1.11717 0.975798 1.54482 1.22183
threshold=17.91627965741689 0.99399409267018812 0.33173579140797727 3.1970958035516088 0.2754655051233123 1.6500000000000001 5.1000000000000005 42.895987155669445 1.1737165061227868 32.887506698508922
decision_type=2 2 2 2 2 2 2 2 2 2
left_child=1 2 -1 4 -3 -4 7 9 -9 -2
right_child=6 3 5 -5 -6 -7 -8 8 -10 -11
leaf_value=-0.0022029864407799361 0.00017811636924705554 -0.00041442084373757246 3.4027396330692519e-05 -0.0027649938567327389 -0.0021008359610741223 0.0026587041189103473 0.0025415969323740353 3.3333703396583351e-05 0.00057230816380985641 -0.00020935357469734368
leaf_weight=179.50218725204468 5067.2989860773087 1733.2388232648373 4038.4597359001637 159.79602980613708 207.27329728007317 69.190705746412277 69.732033252716064 7703.2171260416508 2960.9633205533028 9023.6589020490646
leaf_count=262 7679 2568 6063 241 303 98 93 11387 4606 13482
internal_value=-1.63695e-05 -0.000264376 -1.23767e-05 -0.000773499 -0.000601679 8.1944e-05 4.70561e-05 3.94207e-05 0.000183999 -6.92991e-05
internal_weight=31212.3 6387.46 4287.15 2100.31 1940.51 4107.65 24824.9 24755.1 10664.2 14091
internal_count=46782 9535 6423 3112 2871 6161 37247 37154 15993 21161
is_linear=0
shrinkage=0.02


Tree=246
num_leaves=14
num_cat=0
split_feature=19 40 15 19 12 30 15 40 40 20 22 19 20
split_gain=1.56986 1.6012 1.42616 1.22726 1.05162 2.21668 1.49748 0.96683 1.35606 0.896154 0.891404 1.07783 0.586231
threshold=2.3553328423294855 -0.0066482402222452991 2.5257590925032756 0.10008039151157082 18.86669196790335 0.16473014118668447 7.7104666094188525 1.0000000180025095e-35 0.016142882107012101 -1.3739842984267374 0.93399085464428133 4.4672972965928901 -1.154040842821219
decision_type=2 2 2 2 2 2 2 2 2 2 2 2 2
left_child=2 10 3 9 5 -4 -6 -3 -9 -1 -2 -12 -5
right_child=1 7 4 12 6 -7 -8 8 -10 -11 11 -13 -14
leaf_value=0.0012728296690642591 0.00057618824751795648 0.0023899956002980923 -3.206266113768339e-05 -0.0038554101148737044 -0.00018391245415778746 -0.00062428564358245787 0.00028430726386902524 -0.0015737286809254206 0.0008194188496426526 -0.001290426950643696 -0.0010586537797053609 0.0014732469505552132 -0.001345702185121474
leaf_weight=92.854276388883591 339.49806150794029 146.22048336267471 13560.726577401161 73.627439260482788 4402.3083567917347 3117.7992341518402 7129.5154746472836 96.866695374250412 1445.869514554739 123.70399323105812 491.84546232223511 73.087069600820541 118.4085086286068
leaf_count=150 534 237 20211 128 6629 4623 10559 148 2271 209 764 116 203
internal_value=-1.60314e-05 0.000454516 -5.90496e-05 -0.00123014 -4.16473e-05 -0.000143431 0.000104695 0.000819103 0.000660839 -0.000144028 -0.000215596 -0.000709413 -0.00238929
internal_weight=31212.3 2593.39 28618.9 408.594 28210.3 16678.5 11531.8 1688.96 1542.74 216.558 904.431 564.933 192.036
internal_count=46782 4070 42712 690 42022 24834 17188 2656 2419 359 1414 880 331
is_linear=0
shrinkage=0.02


Tree=247
num_leaves=14
num_cat=0
split_feature=19 15 44 5 20 19 21 21 5 40 6 45 20
split_gain=1.51075 1.47937 1.20059 1.74825 1.5825 1.05768 0.897642 1.47364 1.25386 1.51886 1.22888 0.705747 0.684787
threshold=2.9869821049570313 2.5257590925032756 0.88809846512209412 48.158676332636013 0.064490763000833326 -0.089768777628979238 0.99740946542395759 0.83943070767608674 36.354071656580629 0.041585017980595204 1.5000000000000002 1.7083333333333337 -1.2174088976063862
decision_type=2 2 2 2 2 2 2 2 2 2 2 2 2
left_child=1 5 3 -3 -4 12 7 -2 9 -8 -10 -9 -1
right_child=6 2 4 -5 -6 -7 8 11 10 -11 -12 -13 -14
leaf_value=0.0011820999563573744 -0.00013651984409795642 -0.00025578013004468671 0.00021844907655661162 0.0029633994256318148 -0.00013010084387089768 -0.0020708847992680704 -0.0024993491787114377 0.0026118186248616864 0.0027005360728655143 0.00043638775020785444 0.00032002126121757148 0.0001510434327013597 -0.001147915087671146
leaf_weight=88.944913119077682 168.53313910961151 8438.1511996090412 10966.066537737846 65.583471268415451 9892.2692519128323 243.78801789879799 124.40214744210243 250.17757749557495 105.02999678254128 148.05906492471695 543.10598599910736 68.33904966711998 109.88079425692558
leaf_count=145 284 12496 16596 111 14621 419 190 382 164 219 860 112 183
internal_value=-1.57212e-05 -4.62902e-05 -2.86008e-05 -0.000229086 5.26699e-05 -0.00119187 0.000623582 0.0013209 0.000241757 -0.000876041 0.000728284 0.00211929 -5.43938e-05
internal_weight=31212.3 29804.7 29362.1 8503.73 20858.3 442.614 1407.65 487.05 920.597 272.461 648.136 318.517 198.826
internal_count=46782 44571 43824 12607 31217 747 2211 778 1433 409 1024 494 328
is_linear=0
shrinkage=0.02


Tree=248
num_leaves=15
num_cat=0
split_feature=19 32 19 16 50 22 51 23 22 47 47 47 0 23
split_gain=1.46962 1.67777 1.65597 1.76958 1.30486 1.27595 0.990776 0.914233 1.95135 0.964799 0.729513 0.701678 0.647132 0.519333
threshold=2.3553328423294855 1.8500000000000003 0.62160923052554307 13.500000000000004 0.7109471923292251 0.67145000453800752 1.4199157253976331 1.0768465821276221 0.86625821867494868 1.199233070668154 2.823005292925524 2.2299916394259816 19.157861793909294 0.67067179070284089
decision_type=2 2 2 2 2 2 2 2 2 2 2 2 2 2
left_child=1 4 3 -3 5 -1 -6 9 12 13 -10 -11 -9 -2
right_child=7 2 -4 -5 6 -7 -8 8 10 11 -12 -13 -14 -15
leaf_value=3.0810165354925388e-05 0.00031633346043581347 -0.0019275173000478816 -0.0035916086924524838 0.0015608513735091911 0 -0.00026879172208899206 0.0024446240798760644 0.00074635922709378371 0.00047239934250097406 0.001180377366942818 -0.001576391924672382 -0.00069656546525326572 0.0027478046886581071 -0.0012034322274613193
leaf_weight=20129.789231956005 112.25027465820312 139.74405574798584 100.92351275682449 94.444138050079346 109.17582556605339 7898.9829796850681 145.88411673903465 117.61589208245277 1401.6227968037128 262.8091284930706 69.262323558330536 105.24380031228065 214.07301336526871 310.51005744934082
leaf_count=29987 181 210 154 134 159 11845 223 182 2166 423 129 169 330 490
internal_value=-1.5382e-05 -5.70143e-05 -0.00146047 -0.000477074 -3.99304e-05 -5.32791e-05 0.00137708 0.000439882 0.000689213 -0.000116132 0.000367125 0.000615783 0.00207679 -0.000776776
internal_weight=31212.3 28618.9 335.112 234.188 28283.8 28028.8 255.06 2593.39 1802.57 790.813 1470.89 368.053 331.689 422.76
internal_count=46782 42712 498 344 42214 41832 382 4070 2807 1263 2295 592 512 671
is_linear=0
shrinkage=0.02


Tree=249
num_leaves=13
num_cat=0
split_feature=19 32 19 44 5 51 44 42 0 5 50 23
split_gain=1.41223 1.41742 1.75276 1.23281 1.72282 1.45572 1.13342 1.04655 1.07866 1.06635 0.845506 0.817649
threshold=2.9869821049570313 1.6500000000000001 0.62160923052554307 0.88809846512209412 48.158676332636013 0.87678281408117742 2.4110703063436052 0.65000000000000002 15.313834694055823 43.214172485987042 -0.25304061009524664 1.5053804185387636
decision_type=2 2 2 2 2 2 2 2 2 2 2 2
left_child=1 3 10 4 -1 -5 -4 8 -2 -10 -3 -9
right_child=7 2 6 5 -6 -7 -8 11 9 -11 -12 -13
leaf_value=-0.00024733637965310839 0.0019035834424939754 0.0011546574418977193 -0.0030180545608689364 0.00022181818636759308 0.0029532301842206152 -0.00011702008926615557 0 0.00080553438198138956 -0.00034313051530445257 0.0010485232958319709 -0.00065505229802794232 0.003305422523091758
leaf_weight=8578.7898875176907 151.4571687579155 131.06861644983292 189.23398506641388 10874.437805116177 65.375381141901016 9462.1561526656151 69.964289397001266 157.32903560996056 687.84814271330833 319.45340061187744 433.65806844830513 91.559213727712631
leaf_count=12737 224 187 295 16366 110 14138 101 246 1057 535 637 149
internal_value=-1.50597e-05 -4.46255e-05 -0.000861902 -2.09873e-05 -0.000221297 6.36767e-05 -0.00222106 0.00060303 0.000338108 8.95108e-05 -0.000214795 0.00178405
internal_weight=31212.3 29804.7 823.925 28980.8 8644.17 20336.6 259.198 1407.65 1158.76 1007.3 564.727 248.888
internal_count=46782 44571 1220 43351 12847 30504 396 2211 1816 1592 824 395
is_linear=0
shrinkage=0.02


Tree=250
num_leaves=14
num_cat=0
split_feature=44 0 33 1 31 19 34 5 24 44 48 16 31
split_gain=1.4198 1.41608 2.51592 2.19728 1.7759 1.30344 1.2894 1.15615 0.982605 0.854907 1.22496 0.784294 0.742084
threshold=0.4771370152270959 17.129668898655133 -0.24999999999999992 19.503750000000007 1.9536718764251282 0.92075010831144433 1.8167221222600958 37.98764358174494 0.44290484877159758 0.42271966710776632 1.0000000180025095e-35 8.8900000000000023 0.95112460789370645
decision_type=2 2 2 2 2 2 2 2 2 2 2 2 2
left_child=7 2 8 5 -4 -3 -5 9 -2 10 -1 12 -9
right_child=1 3 4 6 -6 -7 -8 11 -10 -11 -12 -13 -14
leaf_value=-0.00069679593181087786 0.00019927396156794289 -0.00040907778986428415 0.00032673197410526843 7.7344167007745968e-05 -0.0018590904769996586 -0.0022904310927494929 -0.00084315458761547498 0.00031048036838071891 0.0025473810988267211 -0.0014294218676146604 0.0010980642994695509 -0.0011932576507648143 0.0026389858286142648
leaf_weight=1026.5737239420414 108.58759221434593 3127.9233961701393 2972.1535532772541 21677.284415215254 153.52012687921524 155.85495865345001 623.0078541636467 216.31233558058739 280.97062566876411 505.46264562010765 172.96711739897728 80.777022540569305 78.116726785898209
leaf_count=1513 154 4663 4555 32504 241 226 960 345 373 750 296 134 126
internal_value=-4.04658e-06 3.17287e-05 0.000408132 -1.96259e-05 0.000215056 -0.000502754 5.11063e-05 -0.000508846 0.00192276 -0.000732253 -0.000428267 0.000478344 0.000975642
internal_weight=31179.5 29099.3 3515.23 25584.1 3125.67 3283.78 22300.3 2080.21 389.558 1705 1199.54 375.206 294.429
internal_count=46840 43676 5323 38353 4796 4889 33464 3164 527 2559 1809 605 471
is_linear=0
shrinkage=0.02


Tree=251
num_leaves=14
num_cat=0
split_feature=44 21 3 4 10 53 21 21 22 31 17 31 45
split_gain=1.36297 1.45329 1.36059 1.2669 1.10371 1.70103 2.0143 1.13631 0.993371 1.7 1.01345 0.707823 0.671573
threshold=0.4771370152270959 1.2360623197201395 38.944177074867767 36.969751290060408 1.0000000180025095e-35 0.55000000000000016 1.0764461976205699 1.0040924291558198 -0.6955330821308543 1.5311507293249489 2.0004688077501065 0.97676087990082083 0.55000000000000016
decision_type=2 2 2 2 2 2 2 2 2 2 2 2 2
left_child=1 2 3 -1 8 6 -6 -7 9 -2 -10 -4 -3
right_child=4 12 11 -5 5 7 -8 -9 10 -11 -12 -13 -14
leaf_value=-0.00074798452567399352 0.00024559542259638327 0 -3.2747272389114685e-05 -0.0027129413664435877 -0.00034834619430958934 0.00016166678010385329 0.00083071728238013536 0.0012878776122930899 3.3564771956576264e-05 -0.0010913060764452312 -0.00027281079704415036 0.0021315335681103883 0.0020465472397567927
leaf_weight=1359.2789675593376 7078.7871521413326 164.01973131299019 221.47993144392967 149.87613365054131 1835.3184544444084 611.26458561420441 843.9892393052578 949.44993090629578 9620.2473909258842 397.93435031175613 7762.3114185929298 76.967307209968567 108.58750069141388
leaf_count=2008 10576 239 377 213 2808 900 1239 1346 14613 605 11589 141 186
internal_value=-3.96119e-06 -0.000498559 -0.00070692 -0.000953077 3.10841e-05 0.000329383 1.96751e-05 0.00085396 -1.94142e-05 0.000172831 -0.00010269 0.000502594 0.000841705
internal_weight=31179.5 2080.21 1807.6 1509.16 29099.3 4240.02 2679.31 1560.71 24859.3 7476.72 17382.6 298.447 272.607
internal_count=46840 3164 2739 2221 43676 6293 4047 2246 37383 11181 26202 518 425
is_linear=0
shrinkage=0.02


Tree=252
num_leaves=14
num_cat=0
split_feature=33 32 22 30 36 30 16 16 3 16 5 22 34
split_gain=1.25921 1.75893 1.71864 1.67703 1.4798 1.20061 1.198 2.46883 2.39713 1.10078 0.91638 0.738528 0.524302
threshold=0.65000000000000013 1.3500000000000003 -0.40595224662789681 0.11174993091182721 1.9500000000000002 -0.40518342287928805 5.5450000000000026 11.700000000000005 37.713042825389287 26.390000000000004 33.457939325389361 -0.67912204110939178 0.87504216314188021
decision_type=2 2 2 2 2 2 2 2 2 2 2 2 2
left_child=1 2 3 -1 -4 11 8 -8 -3 10 -7 -2 -11
right_child=5 6 4 -5 -6 9 7 -9 -10 12 -12 -13 -14
leaf_value=0.00039930686499654741 -0.0027866712327158541 -0.0027167788721369369 -7.7319603923058748e-05 -0.00035112071189435419 -0.0016362490463716481 0.00017623722493650704 0.0021813138775751131 0.00022177713883189174 0.0019092634308638336 0.0024094996661775951 -0.00032747361514224308 -0.0002150481429024711 4.3238515036819835e-05
leaf_weight=6555.519724458456 114.58222481608391 101.12805351614952 13297.927354693413 1440.032450824976 247.02297881245613 1857.923660248518 451.33384576439857 625.67098608613014 75.318021297454834 92.299561887979507 6156.0046359598637 87.683059275150299 77.065536469221115
leaf_count=9830 171 150 19986 2165 388 2859 663 922 114 144 9207 135 106
internal_value=-3.86409e-06 7.29005e-05 3.00024e-05 0.000262847 -0.000106726 -0.000213689 0.000800916 0.00105474 -0.000686794 -0.000174479 -0.000209433 -0.00173384 0.00140421
internal_weight=31179.5 22794 21540.5 7995.55 13545 8385.56 1253.45 1077 176.446 8183.29 8013.93 202.265 169.365
internal_count=46840 34218 32369 11995 20374 12622 1849 1585 264 12316 12066 306 250
is_linear=0
shrinkage=0.02


Tree=253
num_leaves=15
num_cat=0
split_feature=33 5 24 37 17 53 47 47 51 51 0 53 6 16
split_gain=1.20909 1.34599 1.29687 1.81558 1.44936 1.1465 1.07937 1.58596 1.51052 1.07042 1.00069 0.996225 0.991466 0.836003
threshold=0.65000000000000013 34.90453755256393 0.9160298676566283 2.0068519964919527 3.0879567829547918 -0.34999999999999992 1.1022309428233581 0.49850713929284796 0.58179317232519068 1.500939516602888 28.776537492559413 0.24999999999999997 1.5000000000000002 3.5800000000000005
decision_type=2 2 2 2 2 2 2 2 2 2 2 2 2 2
left_child=1 10 3 -3 -4 9 7 -7 -8 13 12 -12 -1 -2
right_child=5 2 4 -5 -6 6 8 -9 -10 -11 11 -13 -14 -15
leaf_value=0.00052225852365109498 0.00071197085666629967 6.3919745151831659e-05 0.00055962446377361683 -0.0021506669709616707 -0.00019175784780512856 -0.00072714579042572878 -0.0012384365964400166 0.00037311908072594274 -0.00018257929129008977 0.0012106745942303998 -0.0014630842008769218 0 -0.00018095894838485838 -0.0014743464749672871
leaf_weight=939.53112885355949 71.493959784507751 9525.9558764398098 4856.6633308231831 148.2938649058342 1278.1481730639935 654.7392749786377 638.10054463148117 2534.4055616259575 3815.7547672390938 75.309426337480545 438.2180323600769 330.61548256874084 5276.5275264382362 595.75514405965805
leaf_count=1392 120 14403 7247 245 1869 992 945 3875 5630 128 640 479 7943 932
internal_value=-3.78138e-06 7.14336e-05 0.000173887 2.8502e-05 0.000401438 -0.000209394 -0.00013485 0.000143784 -0.000336583 -0.000960806 -0.000159004 -0.000839959 -7.29286e-05 -0.00122372
internal_weight=31179.5 22794 15809.1 9674.25 6134.81 8385.56 7643 3189.14 4453.86 742.559 6984.89 768.834 6216.06 667.249
internal_count=46840 34218 23764 14648 9116 12622 11442 4867 6575 1180 10454 1119 9335 1052
is_linear=0
shrinkage=0.02


Tree=254
num_leaves=14
num_cat=0
split_feature=6 53 12 12 19 24 13 40 15 15 40 40 24
split_gain=1.11543 1.72246 1.39855 1.15401 1.69948 1.22845 1.17141 1.10502 1.36095 1.05344 1.02363 0.996913 0.745778
threshold=1.5000000000000002 0.55000000000000016 20.296858072678962 17.91627965741689 -2.750276381034618 1.8820325343224595 2.1357352343357481 -0.10668958310946389 7.5891597354214042 20.184190138403125 0.082272630529878862 -0.079416749519153243 0.52495234608672015
decision_type=2 2 2 2 2 2 2 2 2 2 2 2 2
left_child=1 2 10 4 12 6 -5 8 -3 -6 -1 -9 -2
right_child=3 7 -4 5 9 -7 -8 11 -10 -11 -12 -13 -14
leaf_value=0.00030612583755636912 -4.7651396486501632e-05 0.0039951520467166142 -0.0025483170092428548 -4.6760864300128625e-05 -0.0003111748555750817 0.0015020155587965709 0.00050294810458584077 -0.0013217207742114139 0.0010036346562697644 0.00079567377112950421 -0.00053959016778744578 0.00069798069899895188 -0.0026222564505342127
leaf_weight=2071.8971814513206 71.047834008932114 87.774793714284897 81.985845983028412 19196.009788632393 4902.3288595080376 217.42166033387184 1684.686846613884 101.49887177348137 242.45694869756699 363.58855804800987 784.94716817140579 1197.378926306963 176.48881086707115
leaf_count=3123 109 130 131 28660 7346 348 2808 147 344 539 1180 1725 250
internal_value=-3.71969e-06 0.000284594 -1.28467e-06 -5.36029e-05 -0.00031126 1.32784e-05 -1.88671e-06 0.000805805 0.00184814 -0.00023258 7.00439e-05 0.000530678 -0.00192967
internal_weight=31179.5 4567.94 2938.83 26611.6 5513.45 21098.1 20880.7 1629.11 330.232 5265.92 2856.84 1298.88 247.537
internal_count=46840 6780 4434 40060 8244 31816 31468 2346 474 7885 4303 1872 359
is_linear=0
shrinkage=0.02


Tree=255
num_leaves=15
num_cat=0
split_feature=6 21 16 18 20 18 18 22 15 31 52 37 21 22
split_gain=1.18558 2.83658 1.36007 2.58862 1.88585 1.60525 1.35003 1.27425 1.8886 1.87305 1.16804 1.08877 1.32656 0.618015
threshold=1.5000000000000002 1.0749488119621657 11.440000000000003 1.770855530324529 1.5732422700384563 1.6145549839150282 0.73322595998167139 1.1359518686376175 7.3288624455669966 1.5611738016144681 1.6500000000000001 0.10601109741500582 1.2292156083199934 0.65663863945001399
decision_type=2 2 2 2 2 2 2 2 2 2 2 2 2 2
left_child=1 6 7 5 -5 -4 -1 9 -9 -2 -8 13 -13 -3
right_child=2 11 3 4 -6 -7 10 8 -10 -11 -12 12 -14 -15
leaf_value=0.0023942433490226774 3.6946072723386297e-06 0.00062793901815276498 0.0005053623228951752 0.00017901313547617303 -0.00080120131361676719 0.0023737837783332069 -0.00031629839709256268 -0.00020808477459181003 -0.0015251871139311279 -0.000858982995530896 0.00052815363538397792 0.0010250121545643338 0.0028817207891432325 -0.0015809420501659585
leaf_weight=90.350480943918228 14296.552714198828 131.1877181828022 478.41478711366653 7316.8614470660686 875.53182065486908 317.98096397519112 2170.7602579593658 1642.1772015988827 603.16928866505623 1079.2250529527664 932.59022483229637 883.16892528533936 197.75860172510147 77.924232065677643
leaf_count=130 21392 195 730 11047 1279 504 3300 2522 881 1672 1352 1287 293 116
internal_value=3.07471e-05 0.000331654 -1.96006e-05 0.000180122 7.2866e-05 0.00126798 8.59785e-06 -0.000122058 -0.000567391 -5.63102e-05 -5.91345e-05 0.00112244 0.00137863 -0.000154997
internal_weight=31093.7 4483.74 26609.9 8988.79 8192.39 796.396 3193.7 17621.1 2245.35 15375.8 3103.35 1290.04 1080.93 209.112
internal_count=46700 6673 40027 13560 12326 1234 4782 26467 3403 23064 4652 1891 1580 311
is_linear=0
shrinkage=0.02


Tree=256
num_leaves=15
num_cat=0
split_feature=12 41 43 32 12 4 41 32 32 31 31 16 45 52
split_gain=1.23203 1.75355 1.74224 1.38479 1.59914 1.1755 1.16026 1.1433 1.45181 1.01156 1.08919 1.00727 1.00384 0.88079
threshold=18.77456232052489 1.5046391321540045 0.65000000000000013 0.55000000000000016 18.759846573949513 30.019998773425918 1.7596483553920474 1.8500000000000003 1.3500000000000003 0.85131511652718383 0.89238450794669022 3.3600000000000017 0.45000000000000007 1.8500000000000003
decision_type=2 2 2 2 2 2 2 2 2 2 2 2 2 2
left_child=3 7 5 4 11 -3 -4 8 -2 12 -11 -1 -5 -9
right_child=1 2 6 9 -6 -7 -8 13 -10 10 -12 -13 -14 -15
leaf_value=-0.00046296847389164865 6.3056710036820085e-05 -0.00057274092565871111 0.00095138688142777823 -0.00061536079038380671 -0.002539309515909337 0.0015134230834683662 -0.0019688650855047307 -0.0027927615537745322 0.00090771526215085378 -0.0013979448248575537 -0.00033193843966840834 0.00031146784042722603 6.9070878922488678e-05 1.2413205956729185e-06
leaf_weight=764.78263136744499 11735.849720180035 114.7478983104229 89.071941822767258 1020.9576705694199 83.627196460962296 870.3787536919117 123.91577112674713 93.89523309469223 876.62434580922127 425.5470030605793 4595.2114814817905 5007.9756528139114 5219.0755957663059 71.992821663618088
leaf_count=1174 17593 178 132 1537 130 1323 192 135 1320 612 6767 7640 7863 104
internal_value=3.01518e-05 0.000169698 0.000901702 -8.32123e-05 0.000165236 0.00125963 -0.000703605 0.000100151 0.000122692 -0.000213317 -0.000424802 0.000207013 -4.14711e-05 -0.00153507
internal_weight=31093.7 13976.5 1198.11 17117.2 5856.39 985.127 212.988 12778.4 12612.5 11260.8 5020.76 5772.76 6240.03 165.888
internal_count=46700 20977 1825 25723 8944 1501 324 19152 18913 16779 7379 8814 9400 239
is_linear=0
shrinkage=0.02


Tree=257
num_leaves=15
num_cat=0
split_feature=13 1 41 6 33 47 20 1 4 30 19 36 33 19
split_gain=1.38861 2.16256 1.73932 1.6234 1.58183 2.24527 1.60483 1.1429 1.72138 1.46435 1.16724 1.12381 0.815828 0.755252
threshold=0.15637367337194158 19.387500000000006 1.9026804594095481 1.5000000000000002 0.65000000000000013 1.223049857068303 -3.8014873216520484 14.45466666666667 29.746159098704823 -0.22452503577807634 0.26540886117125601 0.21111111111111114 -0.34999999999999992 -2.3666966226824608
decision_type=2 2 2 2 2 2 2 2 2 2 2 2 2 2
left_child=7 2 3 -2 6 -6 -3 9 12 13 -11 -10 -9 -1
right_child=1 4 -4 -5 5 -7 -8 8 11 10 -12 -13 -14 -15
leaf_value=0.00042037733853643645 0.00059672905350209007 0.0018613889613828341 0.0018807711152948998 -0.00049942871544283595 0.00050448345641700815 -0.00048789378146449526 0.00035452269927454448 0.00034734287116966657 -0.00040761284721869333 -0.00011642869505223391 0.0016954284095105237 4.520422083528327e-05 -0.00096777587949091199 0.0032827625739271422
leaf_weight=72.696523636579514 631.05624687671661 293.18927979469299 144.74018323421478 3457.7147450149059 1538.8266802728176 2222.7203391194344 9588.0136593282223 204.64254233241081 3120.9407913982868 889.63542458415031 165.8097140789032 7257.4126959741116 1406.2509980797768 100.00389349460602
leaf_count=102 976 462 241 5380 2406 3399 14917 287 4500 1260 243 10343 2047 137
internal_value=2.95271e-05 0.000144707 -0.00024888 -0.000327595 0.000267593 -7.92087e-05 0.000400613 -0.000125493 -0.000185626 0.000452753 0.000161424 -9.00542e-05 -0.000794284 0.00215372
internal_weight=31093.7 17876.3 4233.51 4088.77 13642.7 3761.55 9881.2 13217.4 11989.2 1228.15 1055.45 10378.4 1610.89 172.7
internal_count=46700 27781 6597 6356 21184 5805 15379 18919 17177 1742 1503 14843 2334 239
is_linear=0
shrinkage=0.02


Tree=258
num_leaves=15
num_cat=0
split_feature=13 1 41 10 0 0 22 12 44 52 30 1 50 41
split_gain=1.33475 2.28966 1.45473 1.48223 1.3989 1.36636 1.31293 1.30663 1.59628 1.29129 1.0304 1.23614 0.98557 0.58635
threshold=1.0000000180025095e-35 19.387500000000006 1.9026804594095481 1.0000000180025095e-35 15.563214995714118 21.512365350482632 -0.012988612654082949 17.932125293242176 3.3483557382899236 2.6500000000000008 -0.22452503577807634 18.378541666666667 0.0026670181234611005 2.3891715378337994
decision_type=2 2 2 2 2 2 2 2 2 2 2 2 2 2
left_child=4 2 3 -2 10 6 -3 8 -6 -7 -1 -12 -9 -4
right_child=1 5 13 -5 7 9 -8 12 -10 -11 11 -13 -14 -15
leaf_value=0.0023400296515836737 -0.0004902095583401685 0.0014215899169834991 0.0027453607594403301 0.00052463071364186695 -0.0007449442059681633 0.00010642305078980894 0.00038192128438823417 0.00010580474386882971 0.0022001887769470857 0.00086110622701030502 8.2306506657093065e-05 0.0024679073150572499 -0.00031524091182375062 0.00013598116875223064
leaf_weight=113.00417056679726 3651.0563941001892 709.10500061511993 83.642965346574783 672.63072392344475 2120.3359424173832 11031.509317874908 1677.5192020535469 4645.413718521595 72.771630555391312 993.28414475917816 932.25387081503868 95.168164312839508 4223.6135444641113 72.34492689371109
leaf_count=157 5698 1160 131 1041 3030 17103 2679 6583 98 1481 1317 135 5959 128
internal_value=2.89732e-05 0.000134547 -0.000259189 -0.000329851 -0.000133644 0.000257649 0.000695942 -0.000203078 -0.000640748 0.000169726 0.000530284 0.00031736 -9.36045e-05 0.00161551
internal_weight=31093.7 18891.1 4479.68 4323.69 12202.6 14411.4 2386.62 11062.1 2193.11 12024.8 1140.43 1027.42 8869.03 155.988
internal_count=46700 29421 6998 6739 17279 22423 3839 15670 3128 18584 1609 1452 12542 259
is_linear=0
shrinkage=0.02


Tree=259
num_leaves=15
num_cat=0
split_feature=13 1 0 33 0 16 30 6 30 15 6 12 43 19
split_gain=1.28447 1.99147 1.56006 1.52037 1.81423 1.45833 1.40791 1.22896 1.53232 1.10831 1.0959 1.06368 1.05512 0.966486
threshold=0.15637367337194158 19.387500000000006 15.563214995714118 0.65000000000000013 15.563214995714118 8.7100000000000062 1.0000000180025095e-35 1.5000000000000002 0.15530429006854438 9.4847299993397431 3.5000000000000004 19.213249437328965 0.25000000000000006 2.7585286103664566
decision_type=2 2 2 2 2 2 2 2 2 2 2 2 2 2
left_child=2 7 5 4 -3 6 -1 8 -2 -9 -5 12 -4 -13
right_child=1 3 11 10 -6 -7 -8 9 -10 -11 -12 13 -14 -15
leaf_value=0.0010181916468661673 0.00098413645192323628 0.0032972044000082047 -5.0085328563249205e-05 3.2209040507378677e-05 0.00036101919982944202 0.0033115457033393195 -0.00037191421214895486 -0.00045071212502804855 -0.0016097255808596327 0.0015669524698589082 -0.0010714083348797249 2.2142386164002077e-05 -0.00050429088435792143 0.0015697475092420834
leaf_weight=624.90877735614777 550.5982181429863 83.853649914264679 3617.0467934310436 3362.2381893098354 9797.3492892086506 71.229731619358063 529.66351076960564 3469.5876277983189 104.84779578447342 108.47753340005875 399.30883008241653 3334.0581494271755 4871.9461137652397 168.53950721025467
leaf_count=891 857 127 5246 5207 15252 103 754 5404 162 174 598 4730 6956 239
internal_value=2.84604e-05 0.000139247 -0.000120618 0.000257185 0.00038761 0.000556347 0.00037229 -0.000238398 0.000550367 -0.000385907 -8.2796e-05 -0.000190733 -0.000311995 0.000100317
internal_weight=31093.7 17876.3 13217.4 13642.7 9881.2 1225.8 1154.57 4233.51 655.446 3578.07 3761.55 11991.6 8488.99 3502.6
internal_count=46700 27781 18919 21184 15379 1748 1645 6597 1019 5578 5805 17171 12202 4969
is_linear=0
shrinkage=0.02


Tree=260
num_leaves=14
num_cat=0
split_feature=34 13 10 21 16 19 5 27 5 19 19 19 36
split_gain=1.37306 1.63279 1.46446 2.46475 1.88381 1.41104 1.66095 1.33249 0.987132 0.906476 0.872987 0.758466 0.733526
threshold=0.086946287734703309 2.7792027348220318 1.0000000180025095e-35 1.2292156083199934 10.020000000000003 1.3106206322031648 36.152076024523041 0.48156077563882332 39.046549923405429 -2.6677056126914049 -1.1243016753441342 1.0270139126683591 0.68333333333333346
decision_type=2 2 2 2 2 2 2 2 2 2 2 2 2
left_child=5 2 4 -4 -2 9 -7 12 -8 -1 -9 -11 -3
right_child=1 7 3 -5 -6 6 8 10 -10 11 -12 -13 -14
leaf_value=-0.0024524857937869558 -0.00017852330019529919 0.0031500334014807987 0.00026742935528945326 0.0024217615890743927 0.00017690372198927737 -0.0011212049361073919 0.0031350735138574431 -0.0016889801092045639 0.00058241844788503301 -0.00047521518449496122 0.00075870443366100329 -0.0022079045836996508 0.00030596564234184768
leaf_weight=118.74174720048904 13346.55756020546 144.12106183171272 3881.7866872251034 224.65942838788033 10771.252023637295 190.59360921382904 78.724412232637405 62.985363453626633 316.39350920915604 1405.089061319828 453.27079084515572 111.8825432062149 59.767384082078934
leaf_count=193 19794 259 5696 320 16076 315 126 102 547 2226 816 186 117
internal_value=2.70004e-05 6.40907e-05 3.96919e-05 0.000388846 -1.937e-05 -0.000451399 0.00037872 0.00100374 0.00112943 -0.000754851 0.000435416 -0.00061233 0.00237597
internal_weight=31165.8 28944.4 28224.3 4106.45 24117.8 2221.42 585.712 720.145 395.118 1635.71 516.256 1516.97 203.888
internal_count=46773 43180 41886 6016 35870 3593 988 1294 673 2605 918 2412 376
is_linear=0
shrinkage=0.02


Tree=261
num_leaves=15
num_cat=0
split_feature=26 0 16 21 19 21 15 19 5 35 50 51 34 35
split_gain=1.42442 1.62425 1.61651 1.89854 1.42534 1.21281 1.11944 1.05425 1.49256 1.36979 1.23403 1.15566 0.749453 0.630491
threshold=1.2111111111111115 15.563214995714118 2.9400000000000013 0.59422182012715952 3.298098582025768 1.1165434383771615 3.5979114315701373 -1.3546100918472541 38.475717422895777 0.36666666666666675 0.56759465962504707 0.69034974051423614 0.21563260988876889 0.55000000000000016
decision_type=2 2 2 2 2 2 2 2 2 2 2 2 2 2
left_child=1 4 5 -4 6 -3 -1 8 -2 -10 11 -9 -6 -12
right_child=7 2 3 -5 12 -7 -8 10 9 -11 13 -13 -14 -15
leaf_value=-0.0003215052584399702 -0.0018675943577005287 -0.0010614272172502597 0.0023734542024027197 -6.067103934443893e-05 0.00070262826088871282 0.00054361731399947338 0.00058661649984034412 6.0249978630278669e-06 -0.0010182037923172776 0.0012345552937331908 -0.0021819572033592569 0.00074085469156566237 0.0038580845403856168 0
leaf_weight=754.9174889922142 195.65211316943169 1058.4132052063942 126.7648138999939 22026.424241781235 69.356242269277573 218.75663793087006 1828.3088527917862 1248.9694926440716 190.0399776995182 240.09379225969315 97.701815038919449 2925.3090614974499 70.306446015834808 114.81100085377693
leaf_count=1181 280 1599 204 33218 107 327 2733 1805 274 333 142 4308 99 163
internal_value=2.64703e-05 -3.23827e-05 -8.64793e-05 -4.60781e-05 0.000429169 -0.000778274 0.000317317 0.000335422 -0.000423379 0.000216003 0.000446088 0.000523492 0.00239372 -0.0010184
internal_weight=31165.8 26153.2 23430.4 22153.2 2722.89 1277.17 2583.23 5012.58 625.786 430.134 4386.79 4174.28 139.663 212.513
internal_count=46773 39468 35348 33422 4120 1926 3914 7305 887 607 6418 6113 206 305
is_linear=0
shrinkage=0.02


Tree=262
num_leaves=13
num_cat=0
split_feature=26 13 40 13 24 22 22 42 47 0 47 1
split_gain=1.36727 1.60692 2.21168 1.57131 1.56451 1.68314 1.58478 1.51021 1.62631 1.55247 1.42171 1.39284
threshold=1.2111111111111115 0.022169094722521255 0.11462441299132746 3.4929646919587092 1.1978042347848017 2.6137187775175468 -1.4415335245449878 1.1500000000000001 1.214803034772385 15.563214995714118 0.81314368207163101 18.822111111111116
decision_type=2 2 2 2 2 2 2 2 2 2 2 2
left_child=3 4 11 7 6 -6 -2 9 -9 -1 -4 -3
right_child=1 2 10 -5 5 -7 -8 8 -10 -11 -12 -13
leaf_value=0.00038305655429039277 0.0030496369521815221 -0.0018215353935571521 -0.0011041692857504404 0.0020141298170476812 -0.00064660519722821257 0.0021739422160071257 0.00026994499198085313 0.0011464685546590217 -6.5846712667119416e-05 -0.00013986862987711845 0.0018870787042085545 0.00043152573698698136
leaf_weight=2526.098785340786 98.071666270494461 112.36015826463699 64.760532885789871 147.10705000162125 1343.8182408809662 87.02935591340065 523.04298961162567 854.19377171993256 885.69206935167313 21740.156252473593 648.55641800165176 2134.9378913342953
leaf_count=3840 136 173 94 283 1842 124 713 1217 1259 32869 992 3231
internal_value=2.59512e-05 0.000328645 0.000627071 -3.17019e-05 -9.72527e-05 -0.000465275 0.000733276 -4.38129e-05 0.000524229 -8.49934e-05 0.0015992 0.000312912
internal_weight=31165.8 5012.58 2960.62 26153.2 2051.96 1430.85 621.115 26006.1 1739.89 24266.3 713.317 2247.3
internal_count=46773 7305 4490 39468 2815 1966 849 39185 2476 36709 1086 3404
is_linear=0
shrinkage=0.02


Tree=263
num_leaves=15
num_cat=0
split_feature=26 13 40 30 27 0 30 16 34 17 21 23 19 19
split_gain=1.32353 2.09306 2.21928 1.70302 1.7776 1.30296 1.75295 1.57948 1.56135 1.33136 1.32384 1.26307 1.20374 1.10477
threshold=1.3541666666666667 0.022169094722521255 0.075548537229558163 0.35425200252837724 1.1856904713293663 15.563214995714118 0.17485475596248168 3.6499999999999999 0.21563260988876889 0.95487134520076744 0.59422182012715952 1.1777768477298525 2.9869821049570313 2.5604080783533596
decision_type=2 2 2 2 2 2 2 2 2 2 2 2 2 2
left_child=5 3 13 4 -2 6 8 9 -1 -7 -9 -4 -8 -3
right_child=1 2 11 -5 -6 7 12 10 -10 -11 -12 -13 -14 -15
leaf_value=0 0.0018763688958619198 0.00046288617391089943 0.0010761004338501186 0.0013345516281807401 -0.00069529409889302826 -0.0013375759938358256 -0.0012987210345771266 0.0021384517946755454 0.001056246813179545 -0.00024283705931821511 -3.0588678061793704e-05 0.0029467116569752505 0.0013840368102113179 -0.0019935772929191441
leaf_weight=992.83804619312286 114.3822874724865 1386.7479446828365 473.57436615228653 247.29849076271057 1207.9797803759575 661.41219258308411 346.35160863399506 111.03659296035767 1329.4938632249832 1444.1471515595913 22469.134673088789 229.57203480601311 77.730494469404221 74.125655084848404
leaf_count=1544 151 2078 698 335 1669 1021 515 179 1988 2165 33821 372 112 125
internal_value=2.54548e-05 0.000378779 0.000782639 -0.000171929 -0.000462801 -2.22944e-05 0.000390244 -6.86244e-05 0.000608611 -0.000592411 -1.92913e-05 0.00170765 -0.000779337 0.000328853
internal_weight=31165.8 3733.68 2164.02 1569.66 1322.36 27432.1 2746.41 24685.7 2322.33 2105.56 22580.2 703.146 424.082 1460.87
internal_count=46773 5428 3273 2155 1820 41345 4159 37186 3532 3186 34000 1070 627 2203
is_linear=0
shrinkage=0.02


Tree=264
num_leaves=15
num_cat=0
split_feature=34 13 26 12 6 21 19 30 25 4 4 15 4 19
split_gain=1.29755 1.54046 1.42245 1.58869 1.37265 2.37194 1.34993 1.23031 1.14893 1.0854 1.91632 1.0759 0.830249 0.510306
threshold=0.086946287734703309 2.7792027348220318 0.58571428571428574 18.731303174030351 1.5000000000000002 1.2292156083199934 1.3106206322031648 0.051143780158823461 1.9000000000000001 48.549963164412127 47.310312476437439 7.7104666094188525 36.641272078462158 3.1869612828604006
decision_type=2 2 2 2 2 2 2 2 2 2 2 2 2 2
left_child=6 4 11 -4 5 -2 9 12 -6 10 -1 -3 -8 -9
right_child=1 2 3 -5 8 -7 7 13 -10 -11 -12 -13 -14 -15
leaf_value=-0.00073586816715332502 0.00025617784147557174 0.0029949491811986028 -0.00052332766343276909 0.0019638317599796305 -4.9578867746104747e-05 0.0023695430908213565 0 -0.00094961689944737912 0.00062937857654397943 -0.0021234202648122476 0.0021347443583722607 8.595067629699329e-05 0.0022456807815217899 0.00075855913132168704
leaf_weight=1338.1625755727291 3883.7121131122112 181.86444133520126 308.19628870487213 149.61575794219971 23076.887225478888 224.65942838788033 96.907459914684296 231.10212001204491 1038.996932476759 201.01256000995636 96.538216143846512 80.468112230300903 165.586551040411 92.115399688482285
leaf_count=2140 5698 331 537 273 34382 320 168 376 1486 319 146 153 283 161
internal_value=2.49659e-05 6.10313e-05 0.00097372 0.00027275 3.73223e-05 0.000375273 -0.000440088 0.000371625 -1.98626e-05 -0.000736948 -0.000533047 0.00214787 0.00139275 -0.000430375
internal_weight=31165.8 28944.4 720.145 457.812 28224.3 4108.37 2221.42 585.712 24115.9 1635.71 1434.7 262.333 262.494 323.218
internal_count=46773 43180 1294 810 41886 6018 3593 988 35868 2605 2286 484 451 537
is_linear=0
shrinkage=0.02


Tree=265
num_leaves=10
num_cat=0
split_feature=16 12 19 22 33 40 22 16 12
split_gain=1.32121 1.30759 1.30718 1.26537 2.0511 1.33062 1.30623 1.26114 0.858845
threshold=1.2600000000000009 18.497284796763186 -0.60521773560211922 -1.0179551335494377 1.4500000000000002 -0.54306826541105147 -2.0791587662780406 16.222500000000004 17.524841467106182
decision_type=2 2 2 2 2 2 2 2 2
left_child=1 8 -3 4 6 -5 -2 -7 -1
right_child=3 2 -4 5 -6 7 -8 -9 -10
leaf_value=-0.00028587311949419331 -0.00014071393453442006 0.0010626966062696717 -0.002152732179449948 -0.0028925160344080527 -0.0023551982006611567 -0.00011420282434792003 0.00048856741926061415 0.00027487190781227451 -0.0031425330717486611
leaf_weight=72.363985598087311 1827.3135831356049 147.31125211715698 74.441727519035339 64.167329430580139 115.21164336800575 20080.332792133093 4543.7553369104862 3984.0146352052689 138.54230120778084
leaf_count=108 2730 227 117 99 175 30260 6774 5936 210
internal_value=-6.45963e-06 -0.00110156 0 8.76106e-06 0.000256993 -5.75705e-05 0.000306524 -4.93559e-05 -0.00222125
internal_weight=31047.5 432.659 221.753 30614.8 6486.28 24128.5 6371.07 24064.3 210.906
internal_count=46636 662 344 45974 9679 36295 9504 36196 318
is_linear=0
shrinkage=0.02


Tree=266
num_leaves=7
num_cat=0
split_feature=25 15 23 22 22 22
split_gain=0.984886 0.966641 1.20208 1.45434 1.02438 0.898941
threshold=2.7750000000000004 2.5257590925032756 1.2205932960241515 -0.74411231514641007 -0.51722903303567491 0.21713744030646434
decision_type=2 2 2 2 2 2
left_child=1 4 3 -3 -1 -4
right_child=-2 2 5 -5 -6 -7
leaf_value=0.0010345481240113725 0.0015963174717164141 0.00014277601505031731 0.00083068187605736955 -0.00018194589739103221 -0.0013555411927320441 0.00014446297276654146
leaf_weight=81.606486290693283 150.50932475924492 8550.9293044507504 897.82151207327843 15442.387256383896 386.30296489596367 5537.8977377712727
leaf_count=134 215 12770 1411 22932 668 8506
internal_value=-6.36168e-06 -1.45953e-05 -3.65226e-07 -6.57999e-05 -0.000914784 0.000241976
internal_weight=31047.5 30896.9 30429 23993.3 467.909 6435.72
internal_count=46636 46421 45619 35702 802 9917
is_linear=0
shrinkage=0.02


Tree=267
num_leaves=13
num_cat=0
split_feature=32 44 21 1 50 0 13 3 3 21 5 50
split_gain=1.01059 1.09923 2.12923 1.75153 1.67072 1.70262 1.17594 1.07153 1.18496 1.2804 0.961774 0.780076
threshold=1.6500000000000001 1.5568793884568748 1.1765520407696417 36.642833333333343 -0.29119407025381067 22.062865367457317 2.5501507561762131 34.909056906056982 48.614851631486125 1.1084875784231343 40.875007580313323 -0.0023015443916167993
decision_type=2 2 2 2 2 2 2 2 2 2 2 2
left_child=1 4 3 -3 6 -6 -1 -2 9 -9 -4 -10
right_child=7 2 10 -5 5 -7 -8 8 11 -11 -12 -13
leaf_value=0.00039661994971973208 0.0010997809765195402 0.00022797119023128685 0.00048666809777928423 -0.00056825275236249055 5.147992485134213e-05 -0.00033534073924574117 0.0030100721487993439 -0.002261958050021115 0.00096010044078738757 0.0001614822044292737 0.0026556099550615435 -0.0010376004756736644
leaf_weight=1704.207139313221 110.22957575321198 8614.2385521531105 165.05858179926872 1260.5607509613037 9581.1548610925674 8604.1716613173485 71.462019473314285 325.71156752109528 157.85911574959755 108.3041640818119 193.54178875684738 150.95480865240097
leaf_count=2540 164 13015 244 1957 14433 12751 119 501 230 165 297 220
internal_value=-6.20583e-06 1.26693e-05 0.000181467 0.000125223 -7.33767e-05 -0.000131007 0.000510692 -0.000684461 -0.000964896 -0.00163631 0.00169325 0
internal_weight=31047.5 30194.4 10233.4 9874.8 19961 18185.3 1775.67 853.059 742.83 434.016 358.6 308.814
internal_count=46636 45356 15513 14972 29843 27184 2659 1280 1116 666 541 450
is_linear=0
shrinkage=0.02


Tree=268
num_leaves=9
num_cat=0
split_feature=13 44 50 39 19 51 50 51
split_gain=0.999071 0.934948 1.18172 1.61577 1.1148 1.04413 0.988438 0.525343
threshold=3.4929646919587092 2.0842548407718566 -0.28570878443948983 2.7500000000000004 -3.8106788715810374 0.43265634408330672 -0.4405593815879052 0.84073136800270454
decision_type=2 2 2 2 2 2 2 2
left_child=1 2 6 -4 -3 -6 -1 -2
right_child=7 4 3 -5 5 -7 -8 -9
leaf_value=-0.0002811139294740112 9.7191306319435893e-05 0.0021210098813263275 -0.00010725068681596915 -0.0028331967438007788 -0.00071491515316351268 0.0002457081131819454 0.00056716967955965439 0.0024111717822992581
leaf_weight=749.38803914189339 78.635455667972565 118.10367673635483 21991.240314632654 85.64739266037941 486.86582005023956 5510.2164522111416 1925.617395311594 101.74004021286964
leaf_count=1122 148 159 32927 146 771 8267 2897 199
internal_value=-6.03682e-06 -1.5077e-05 -7.00921e-05 -0.000118535 0.000205918 0.000165842 0.00032576 0.00146934
internal_weight=31047.5 30867.1 24751.9 22076.9 6115.19 5997.08 2675.01 180.375
internal_count=46636 46289 37092 33073 9197 9038 4019 347
is_linear=0
shrinkage=0.02


Tree=269
num_leaves=10
num_cat=0
split_feature=16 22 33 34 23 34 3 50 19
split_gain=1.27663 1.17342 1.95784 1.47798 1.47594 1.81637 1.32906 0.966066 0.712303
threshold=1.2600000000000009 -1.0179551335494377 1.4500000000000002 1.6493113854075918 1.0735448909583214 0.017295853854374005 49.983461986801466 -0.26176327708890751 -0.6220540943443601
decision_type=2 2 2 2 2 2 2 2 2
left_child=7 2 3 -2 5 -3 -6 -1 -9
right_child=1 4 -4 -5 6 -7 -8 8 -10
leaf_value=0.0011094566266616822 0.00035440780721511696 0.0020609105491010489 -0.0023038701728934343 -0.0013301494178579018 8.140382298745895e-05 -0.00022474502244067618 0.001628683984205333 -0.00079887151636886275 -0.0027599071027897123
leaf_weight=62.11768963932991 6159.6231746375561 137.82330909371376 115.21164336800575 211.445745408535 10876.491495609283 12888.51438754797 225.68556451797485 248.93770778179169 121.60386902093887
leaf_count=99 9180 235 175 324 16515 19089 456 374 189
internal_value=-5.90127e-06 9.055e-06 0.000248105 0.000296531 -5.48077e-05 -0.000199482 0.000114045 -0.00108238 -0.00148065
internal_weight=31047.5 30614.8 6486.28 6371.07 24128.5 13026.3 11102.2 432.659 370.542
internal_count=46636 45974 9679 9504 36295 19324 16971 662 563
is_linear=0
shrinkage=0.02


Tree=270
num_leaves=10
num_cat=0
split_feature=1 41 34 53 51 53 22 23 1
split_gain=1.44324 2.04613 1.93366 1.88168 1.7405 1.31464 1.94716 1.11565 0.865526
threshold=21.501000000000005 2.2680024129809824 1.0000000180025095e-35 2.0500000000000003 0.91602724779651179 0.55000000000000016 1.1966655891446651 1.0425652671994616 16.230166666666673
decision_type=2 2 2 2 2 2 2 2 2
left_child=3 2 -2 5 -4 8 -7 -3 -1
right_child=1 7 4 -5 -6 6 -8 -9 -10
leaf_value=-7.8295311676256413e-05 0.0031284921283047458 -0.0028034747633422785 0.00025238835728571483 -0.0028586235568254467 -0.00011681302790850559 0.00035026178960434809 -0.0013633522649181388 -0.00048026928767450343 -0.00052695991562363726
leaf_weight=3066.8332358002663 82.007059574127197 140.44363710284233 11209.983952313662 105.56708046793938 9337.4617421030998 2554.4013710916042 292.5147713124752 231.61611983180046 4093.6412668526173
leaf_count=4706 168 228 16731 177 13999 3721 427 390 6181
internal_value=-2.41686e-05 6.99922e-05 9.70178e-05 -0.000220676 8.4129e-05 -0.000191284 0.000169848 -0.00139426 -0.000336268
internal_weight=31114.5 21001.5 20629.5 10113 20547.4 10007.4 2846.92 372.06 7160.47
internal_count=46728 31516 30898 15212 30730 15035 4148 618 10887
is_linear=0
shrinkage=0.02


Tree=271
num_leaves=15
num_cat=0
split_feature=33 53 15 13 32 27 20 20 33 18 37 37 19 46
split_gain=1.59676 1.4819 1.4615 1.32116 1.49212 1.87438 1.3164 1.249 1.22798 1.09356 1.07985 0.769836 0.835257 0.578326
threshold=-0.24999999999999992 0.14999999999999999 4.0300202105348673 0.95995021800316249 1.3500000000000003 1.5029566272660329 4.7163489494201505 -0.33942412150969398 0.55000000000000016 0.58667464675916303 0.70009593171720741 0.8405193806948198 -2.9619703842484904 0.81666666666666676
decision_type=2 2 2 2 2 2 2 2 2 2 2 2 2 2
left_child=1 2 13 4 9 -6 7 -5 -8 -2 -4 12 -3 -1
right_child=3 11 10 6 5 -7 8 -9 -10 -11 -12 -13 -14 -15
leaf_value=0.00061206914313108221 0.0019217971394095478 -0.0012676923263188404 -0.00035918578197247796 0.00035978948444140952 0.00070827040512552687 -0.00092797048048259498 0.00025976310864528828 -0.00011599044280819039 0.0036817666269092636 -0.00026983874533536992 0.0010328069243373311 0.0021817905791624483 0.00065370486179827712 0.0026677946860341889
leaf_weight=184.39175599813461 88.570720613002777 89.269756585359573 1990.9893607497215 3604.3668518066406 1349.9745578765869 346.98149889707565 105.49550521373749 5646.0313010215759 76.716602683067322 15007.598416179419 246.39844065904617 129.53285250067711 2157.7236226499081 90.4289930164814
leaf_count=264 130 123 2886 5868 1988 467 175 8912 118 22010 357 187 3119 124
internal_value=-2.37103e-05 0.000307614 -2.73007e-05 -8.58724e-05 -0.00019246 0.000367119 0.000102829 6.83515e-05 0.00177914 -0.000256065 -0.000200638 0.000665579 0.000571865 0.00133901
internal_weight=31114.5 4888.73 2512.21 26225.7 16793.1 1696.96 9432.61 9250.4 182.212 15096.2 2237.39 2376.53 2246.99 274.821
internal_count=46728 7060 3631 39668 24595 2455 15073 14780 293 22140 3243 3429 3242 388
is_linear=0
shrinkage=0.02


Tree=272
num_leaves=15
num_cat=0
split_feature=33 16 53 53 0 30 37 44 44 1 53 23 47 1
split_gain=1.53431 1.65274 1.56463 1.42238 2.29656 1.31422 1.31316 1.26143 1.07255 1.04067 0.982178 0.935343 0.756835 1.45541
threshold=-0.24999999999999992 3.2800000000000007 0.55000000000000016 0.14999999999999999 15.313834694055823 0.089913956986900162 0.00064806980906325013 3.7185999048324474 0.48791531123298953 26.210166666666673 1.5500000000000003 0.41023720706137856 2.553665093876623 33.314500000000002
decision_type=2 2 2 2 2 2 2 2 2 2 2 2 2 2
left_child=3 2 11 4 8 -6 9 -8 -1 -3 -4 -2 13 -5
right_child=1 6 10 12 5 -7 7 -9 -10 -11 -12 -13 -14 -15
leaf_value=0.0001883129401492619 -0.00044765891926515833 0.00064416042697580753 0.00040259315417154622 0.0005584094842607495 0.00010675965822705524 -0.00091540224093485741 -6.8569044828164943e-05 0.0011436968355894891 0.0032223508997016067 0.0039707667037963698 -0.0019754199206976604 -0.0014869770385635944 -2.6190893343623084e-05 0.0020049866549809751
leaf_weight=88.891810476779938 714.07592225074768 169.04487678408623 649.14100167155266 1533.2066675722599 1578.0468604266644 727.61230298876762 23473.100971192122 345.73207712173462 117.6575765311718 51.318865150213242 75.143204092979431 748.17853602766991 492.6099468767643 350.70961728692055
leaf_count=123 1131 297 932 2214 2293 1070 35418 478 145 96 120 1196 706 509
internal_value=-2.31832e-05 -8.41235e-05 -0.000610591 0.000301588 -2.64531e-05 -0.000211991 -3.57748e-05 -5.04586e-05 0.00197888 0.00149259 0.000137349 -0.000987572 0.000652294 0.000834847
internal_weight=31114.5 26225.7 2186.54 4888.73 2512.21 2305.66 24039.2 23818.8 206.549 220.364 724.284 1462.25 2376.53 1883.92
internal_count=46728 39668 3379 7060 3631 3363 36289 35896 268 393 1052 2327 3429 2723
is_linear=0
shrinkage=0.02


Tree=273
num_leaves=14
num_cat=0
split_feature=33 1 53 13 18 12 53 53 0 46 12 37 34
split_gain=1.47445 1.58973 1.8263 1.76575 1.83679 1.62716 1.62474 1.36539 2.20879 2.91892 1.06325 0.735973 0.896045
threshold=-0.24999999999999992 21.501000000000005 2.0500000000000003 1.0000000180025095e-35 1.9793985409924806 18.75182374705933 0.55000000000000016 0.14999999999999999 15.313834694055823 0.73214285714285732 18.339961618294797 0.8405193806948198 0.62769473098496076
decision_type=2 2 2 2 2 2 2 2 2 2 2 2 2
left_child=7 2 6 5 -5 -3 -2 8 9 -1 -10 12 -9
right_child=1 3 -4 4 -6 -7 -8 11 10 -11 -12 -13 -14
leaf_value=0 -0.00045451595983278048 -0.00052310869602564488 -0.003052788725176548 0.00050256717798235649 -2.8505399531491633e-05 9.4825802809560326e-05 0.00013788767326145001 0.00064062822756802179 -0.0007365255091440838 0.0049287846364911136 0.00013572859159025896 0.0021217639506385705 -0.0011837476606949269
leaf_weight=128.14700552821159 5971.4995115995407 3524.8243154883385 94.289342403411865 4373.0883286595345 6357.7730760872364 3253.8851544260979 2650.3757256269455 2139.0586574971676 918.30353239178658 78.402381479740143 1387.3556310236454 129.53285250067711 107.93472173810005
leaf_count=172 9233 5054 159 6931 9836 4591 3864 3080 1345 96 2018 187 162
internal_value=-2.26844e-05 -8.24301e-05 -0.000303191 2.69146e-05 0.000187041 -0.000225075 -0.000271261 0.00029568 -2.5644e-05 0.00194092 -0.000207679 0.000639291 0.000547573
internal_weight=31114.5 26225.7 8716.16 17509.6 10730.9 6778.71 8621.88 4888.73 2512.21 206.549 2305.66 2376.53 2246.99
internal_count=46728 39668 13256 26412 16767 9645 13097 7060 3631 268 3363 3429 3242
is_linear=0
shrinkage=0.02


Tree=274
num_leaves=11
num_cat=0
split_feature=1 41 34 53 14 53 22 23 47 20
split_gain=1.31072 1.96579 1.80307 1.73417 1.22695 1.18979 1.86666 1.0686 0.993031 0.653274
threshold=21.501000000000005 2.2680024129809824 1.0000000180025095e-35 2.0500000000000003 12.500000000000002 0.55000000000000016 1.1966655891446651 1.0425652671994616 1.65233338960647 0.5175714881994119
decision_type=2 2 2 2 2 2 2 2 2 2
left_child=3 2 -2 5 -4 8 -7 -3 -1 -9
right_child=1 7 4 -5 -6 6 -8 9 -10 -11
leaf_value=-0.00026670806696477731 0.0030214531243422313 -0.0027472847518861189 0.00012349029441943067 -0.0027421118816518559 -0.00049196861405278157 0.00033893607040389156 -0.0013388897642973544 -0.0013349825744586425 -0.0014229032911586888 0.00078650996275841283
leaf_weight=6846.4819560050964 82.007059574127197 140.44363710284233 19164.788579523563 105.56708046793938 1382.657114893198 2554.4013710916042 292.5147713124752 142.0396948158741 313.99254664778709 89.576425015926361
leaf_count=10400 168 228 28832 177 1898 3721 427 251 487 139
internal_value=-2.22091e-05 6.75092e-05 9.40083e-05 -0.000209492 8.1545e-05 -0.000181234 0.000162214 -0.00136769 -0.000319187 -0.000471991
internal_weight=31114.5 21001.5 20629.5 10113 20547.4 10007.4 2846.92 372.06 7160.47 231.616
internal_count=46728 31516 30898 15212 30730 15035 4148 618 10887 390
is_linear=0
shrinkage=0.02


Tree=275
num_leaves=9
num_cat=0
split_feature=19 32 13 23 13 25 46 6
split_gain=1.64034 1.29068 1.20994 2.12769 1.63642 1.13629 1.0349 0.952496
threshold=2.9084691529654125 1.1500000000000001 0.48486797232777962 1.4146639793090079 1.7030607072291704 2.7750000000000004 4.7388888888888898 1.5000000000000002
decision_type=2 2 2 2 2 2 2 2
left_child=5 2 3 -2 -4 6 7 -1
right_child=1 -3 4 -5 -6 -7 -8 -9
leaf_value=0.00019811698984681077 3.2657569416570084e-06 0.0021645344005490198 -0.0010396251255312596 0.0024115767280782985 0.00091751514390956811 0.0017248711817989067 0.0023622736670835592 -0.00012514666470205051
leaf_weight=4243.5865438580513 359.34510919451714 188.67415481805801 392.36729824542999 256.22162920236588 296.5500855743885 139.06832563877106 67.437640756368637 25085.355976641178
leaf_count=6299 517 316 617 371 530 199 86 37652
internal_value=-2.99887e-05 0.000615689 0.000381047 0.00102645 -0.000182467 -6.30089e-05 -7.19239e-05 -7.80226e-05
internal_weight=31028.6 1493.16 1304.48 615.567 688.917 29535.4 29396.4 29328.9
internal_count=46587 2351 2035 888 1147 44236 44037 43951
is_linear=0
shrinkage=0.02


Tree=276
num_leaves=9
num_cat=0
split_feature=25 51 34 51 12 33 12 32
split_gain=1.04406 1.05485 1.78383 1.69691 1.48051 1.03119 0.87629 0.579979
threshold=2.7750000000000004 0.89335256418681885 1.9272749415117565 0.62074965149943861 17.932125293242176 1.3500000000000003 19.087247565192722 1.1500000000000001
decision_type=2 2 2 2 2 2 2 2
left_child=1 3 4 5 -3 -1 -5 -2
right_child=7 2 -4 6 -6 -7 -8 -9
leaf_value=-0.0001291567107812548 0.00021158828744541347 -0.00056206518196066859 -0.0018395802967550621 0.00014256031907178591 -3.1282313423616558e-05 0.0012880122819949294 0.00061647281097411822 0.0028802417321020022
leaf_weight=10080.697465747595 73.249588817358017 2639.2238707542419 250.50878423452377 4794.7059079110622 10537.400030583143 206.6224570274353 2372.3731376230717 73.825521230697632
leaf_count=15217 111 3937 392 7168 15829 324 3508 101
internal_value=-2.93392e-05 -3.77136e-05 -0.000171176 6.43899e-05 -0.000138424 -9.94759e-05 0.000300953 0.00163889
internal_weight=31028.6 30881.5 13427.1 17454.4 13176.6 10287.3 7167.08 147.075
internal_count=46587 46375 20158 26217 19766 15541 10676 212
is_linear=0
shrinkage=0.02


Tree=277
num_leaves=11
num_cat=0
split_feature=13 15 52 0 44 1 12 10 32 15
split_gain=1.02568 1.39694 1.09156 1.71302 1.83479 1.22372 1.19524 0.99056 0.941151 0.770051
threshold=3.4929646919587092 8.9700856214953522 0.8500000000000002 16.934371128226257 0.68234609077581843 19.718166666666672 17.422161431398365 1.0000000180025095e-35 0.55000000000000016 4.6005068103930222
decision_type=2 2 2 2 2 2 2 2 2 2
left_child=2 9 3 5 -5 -1 8 -8 -4 -2
right_child=1 -3 6 4 -6 -7 7 -9 -10 -11
leaf_value=0.00010075528734883776 0.00054232209120598247 -0.0010395985928909417 0.00026572498231647237 -0.0010128973538255986 -0.00020643553830763443 0.0017361308777712862 2.4513040017189185e-05 0.00042611862426888053 -0.00070815610522272142 0.0039078804626519244
leaf_weight=1919.7481732666492 55.059689849615097 56.432149976491928 532.83854532241821 1466.114150851965 5114.9000466167927 202.73479238152504 17318.739643603563 2874.5795465111732 1412.3148775696754 75.145147979259491
leaf_count=2906 110 107 797 2123 7868 307 25891 4233 2104 141
internal_value=-2.87362e-05 0.00144019 -3.80422e-05 -0.000227935 -0.000387871 0.000263157 3.61741e-05 8.22145e-05 -0.000436245 0.00259006
internal_weight=31028.6 186.637 30842 8703.5 6581.01 2122.48 22138.5 20193.3 1945.15 130.205
internal_count=46587 358 46229 13204 9991 3213 33025 30124 2901 251
is_linear=0
shrinkage=0.02


Tree=278
num_leaves=10
num_cat=0
split_feature=14 19 53 44 23 46 10 53 5
split_gain=1.61694 1.53227 1.35016 1.31828 1.00862 1.00019 0.950674 0.740019 0.696071
threshold=6.5000000000000009 2.9084691529654125 0.8500000000000002 0.81687949090407985 1.3333925558198325 4.7388888888888898 1.0000000180025095e-35 1.5500000000000003 44.599618323985851
decision_type=2 2 2 2 2 2 2 2 2
left_child=3 5 4 -1 -3 6 -2 -4 -5
right_child=1 2 7 8 -6 -7 -8 -9 -10
leaf_value=-0.00016438670375916095 -0.0001300140986607152 -0.00030785884231777775 0.0024313522859638471 0.0030636225882959963 0.00085268549241503296 0.0023158281716298438 0.00019422831434477491 0 0.00070547073801440863
leaf_weight=150.51853805780411 24903.489605098963 574.15016663074493 208.86784017086029 143.0510980784893 604.46757313609123 67.437640756368637 4208.1795933246613 69.99234202504158 98.452366650104523
leaf_count=252 37321 901 321 239 952 86 6232 118 165
internal_value=-2.81305e-05 -4.48154e-05 0.000586813 0.00124403 0.000279306 -7.67457e-05 -8.27903e-05 0.00183966 0.00215705
internal_weight=31028.6 30636.6 1457.48 392.022 1178.62 29179.1 29111.7 278.86 241.503
internal_count=46587 45931 2292 656 1853 43639 43553 439 404
is_linear=0
shrinkage=0.02


Tree=279
num_leaves=10
num_cat=0
split_feature=14 19 0 44 51 51 51 44 0
split_gain=1.55376 1.47218 1.82253 1.26891 1.08976 1.05113 1.73129 1.28678 0.768436
threshold=6.5000000000000009 2.9084691529654125 15.563214995714118 0.81687949090407985 1.1410158133079487 0.8736661530354014 0.43265634408330672 0.49806230302727478 14.023495361475709
decision_type=2 2 2 2 2 2 2 2 2
left_child=3 5 8 -1 -4 6 -2 -7 -3
right_child=1 2 4 -5 -6 7 -8 -9 -10
leaf_value=-0.00016114203884425897 -0.00019454075537401837 0.00095742965844444793 0.00080181163793202029 0.0021153449952862669 -0.00037167423707939686 0.00090382809479512625 0.00022047412192352872 -0.00024548834247638116 0.0037595253582181289
leaf_weight=150.51853805780411 7347.4482943713665 91.40428614616394 734.11987888813019 241.50346472859383 540.46480917930603 396.80328944325447 8857.23147803545 12577.623777329922 91.488947749137878
leaf_count=252 11035 140 1152 404 864 660 13227 18717 136
internal_value=-2.7528e-05 -4.38899e-05 0.000575213 0.00121952 0.00029658 -7.51938e-05 3.16822e-05 -0.000209434 0.00243872
internal_weight=31028.6 30636.6 1457.48 392.022 1274.58 29179.1 16204.7 12974.4 182.893
internal_count=46587 45931 2292 656 2016 43639 24262 19377 276
is_linear=0
shrinkage=0.02


Tree=280
num_leaves=15
num_cat=0
split_feature=12 13 1 44 16 53 23 44 1 12 1 12 20 4
split_gain=1.63222 2.35451 1.88513 1.51451 1.79964 1.39475 1.33537 1.03497 1.01307 1.68469 1.32896 1.79189 1.18975 0.999765
threshold=18.77456232052489 1.6242019651766626 20.469000000000005 0.71410271957295046 6.6750000000000025 1.0500000000000003 1.4146639793090079 0.63564110458952894 36.642833333333343 18.293918795646924 36.224500000000006 17.633163129127627 0.00085343336509065011 44.126762440184244
decision_type=2 2 2 2 2 2 2 2 2 2 2 2 2 2
left_child=8 2 5 7 -5 -2 -4 -3 10 12 -1 -12 -10 -11
right_child=1 3 6 4 -6 -7 -8 -9 9 13 11 -13 -14 -15
leaf_value=-0.00010384309410926909 -0.00048922579769074975 0.0013118399002154545 0.00012858097548237025 -0.00045617119340560594 0.00093842777498816016 0.00077118174227240989 0.00095575123169046967 0.0039868712901026445 -0.00024227784064128241 0.002761476942181088 -0.0012143887255691894 0.0024036964038479263 -0.001647463360001224 0
leaf_weight=15603.10811945796 3010.1054981648922 271.93604108691216 7532.5407067537308 510.85985326766968 1263.1753476262093 390.20281657576561 876.93382063508034 82.204147517681122 444.61358386278152 65.828892976045609 72.131701201200485 183.46706154942513 579.93885135650635 244.61564001441002
leaf_count=23400 4420 455 11013 857 2128 580 1335 139 693 92 110 276 872 374
internal_value=5.00878e-06 0.000166148 5.48351e-05 0.000778525 0.00053114 -0.00034128 0.000216233 0.00197976 -0.00012504 -0.000654791 -7.9738e-05 0.00134233 -0.00104907 0.000612826
internal_weight=31131.7 13938 11809.8 2128.18 1774.04 3400.31 8409.47 354.14 17193.7 1335 15858.7 255.599 1024.55 310.445
internal_count=46744 20927 17348 3579 2985 5000 12348 594 25817 2031 23786 386 1565 466
is_linear=0
shrinkage=0.02


Tree=281
num_leaves=15
num_cat=0
split_feature=13 42 44 44 44 30 20 4 4 1 1 2 1 1
split_gain=1.36086 0.942241 0.90387 1.75378 1.5329 1.33617 1.28856 0.879617 1.50989 1.18302 0.818665 2.22839 1.33046 0.72355
threshold=1.6041507146503318 1.1500000000000001 0.72668114092269909 0.66985718038928377 0.84330054808858446 0.0061573381924414005 0.57416886134578082 48.9109174098624 45.248019630598279 31.451833333333337 19.818500000000004 19.235000000000003 18.2775 29.160833333333333
decision_type=2 2 2 2 2 2 2 2 2 2 2 2 2 2
left_child=1 10 3 13 -4 -5 -6 8 -3 -9 12 -12 -1 -2
right_child=2 7 4 5 6 -7 -8 9 -10 -11 11 -13 -14 -15
leaf_value=-0.00013081554611536484 0.00025689871594140363 0.00027645740366940712 -0.0010266533425644674 0.0039893214561190337 0.00052152143567514456 0.00054558824910677542 -0.00024642057198116996 0.00094791139392280622 0.0019820896729469536 -0.001870617085872237 0.0011385024624040053 -6.151783429797882e-05 -0.00084281793919368511 0.0023959665863780982
leaf_weight=5043.9039339721203 912.34940618276596 1119.8594657480717 394.82557043433189 108.43365585803986 2704.3552570044994 90.158484607934952 1269.1872676610947 95.27740603685379 259.39297559857368 141.05180829763412 640.1849359869957 16942.728884160519 1341.8151749372482 68.137855559587479
leaf_count=7411 1478 1566 642 173 4515 144 2062 132 350 203 929 25030 1990 119
internal_value=4.9294e-06 -5.63226e-05 0.000289137 0.000782148 0.000153482 0.00249679 0.000273718 0.000409788 0.000606877 -0.000693934 -8.81891e-05 -1.71325e-05 -0.000282209 0.000420304
internal_weight=31131.7 25584.2 5547.45 1179.08 4368.37 198.592 3973.54 1615.58 1379.25 236.329 23968.6 17582.9 6385.72 980.487
internal_count=46744 37611 9133 1914 7219 317 6577 2251 1916 335 35360 25959 9401 1597
is_linear=0
shrinkage=0.02


Tree=282
num_leaves=15
num_cat=0
split_feature=12 12 30 30 13 0 13 46 37 33 16 12 21 37
split_gain=1.57321 3.50935 1.60045 2.46765 1.54875 1.29345 1.63832 1.17914 1.17184 1.1162 1.51898 1.07916 1.66048 1.23144
threshold=18.504648193171253 18.444719246241039 0.069549174483144724 -0.10355291873723974 1.6242019651766626 21.214362475076992 0.063119205751047666 0.31666666666666671 0.64140999172576574 -0.6499999999999998 8.8225000000000033 18.731303174030351 0.99529510844313196 0.10889309974127681
decision_type=2 2 2 2 2 2 2 2 2 2 2 2 2 2
left_child=1 5 3 -3 9 7 -7 -1 -4 10 -2 12 -6 -13
right_child=4 2 8 -5 11 6 -8 -9 -10 -11 -12 13 -14 -15
leaf_value=-0.00056517377812569537 0.0020506520783469318 -0.00045585102686915063 0.00062757726033961991 -0.0033391628995543031 -0.0014229030441808683 -0.00057084877978522196 0 0.0003694215420524094 -0.0022589553381553887 1.4958227335386835e-05 -0.00034813572473846028 -0.00031550538831644459 0.00062895199650661148 0.00096387652971083933
leaf_weight=634.80997183918953 250.14772772789001 216.9613644182682 190.87131807208061 288.70611387491226 253.39663597941399 3250.3451336920261 5206.4076116085052 3347.451380610466 76.534742027521133 14609.470363765955 170.06759694218636 343.83294752240181 405.78217643499374 1886.8769975304604
leaf_count=939 340 307 273 408 466 4632 7994 5007 108 21540 238 593 733 3166
internal_value=4.85377e-06 -0.000160375 -0.00146682 -0.00212842 0.000127239 -7.81544e-05 -0.000218681 0.000217719 -0.0001721 4.49534e-05 0.00105909 0.000551405 -0.000146601 0.000762093
internal_weight=31131.7 13212.1 773.074 505.667 17919.6 12439 8456.75 3982.26 267.406 15029.7 420.215 2889.89 659.179 2230.71
internal_count=46744 19668 1096 715 27076 18572 12626 5946 381 22118 578 4958 1199 3759
is_linear=0
shrinkage=0.02


Tree=283
num_leaves=15
num_cat=0
split_feature=12 13 1 0 16 20 44 16 0 53 1 44 2 12
split_gain=1.5127 2.13392 1.78798 1.68535 1.48087 1.6715 1.43957 1.71505 1.34303 1.34146 1.19106 0.974581 0.839447 0.555381
threshold=18.77456232052489 1.6242019651766626 20.469000000000005 16.734602086435135 1.8200000000000001 -2.1249033785624412 0.71410271957295046 6.6750000000000025 25.047600327392214 1.0500000000000003 19.718166666666672 0.63564110458952894 10.349071428571431 18.376169595033151
decision_type=2 2 2 2 2 2 2 2 2 2 2 2 2 2
left_child=3 2 9 10 -5 -6 11 -8 -4 -2 12 -3 -1 -12
right_child=1 6 8 4 5 -7 7 -9 -10 -11 13 -13 -14 -15
leaf_value=-0.0011696137188015926 -0.00047702285465898493 0.0012643600436116652 0.00058696075652175982 -0.0017483706938177571 0.00038231554048200327 -0.0002544577221762701 -0.00046211508014231268 0.0008993670634133633 3.9162391487147823e-05 0.00075898224188332506 0.00090006803997757731 0.0038629128023207936 0.00035622173534036026 0.0033324010500913677
leaf_weight=151.32420229911804 3010.1054981648922 271.93604108691216 2619.1044241786003 242.01604032516479 1880.1488952040672 12778.928482145071 510.85985326766968 1263.1753476262093 5790.3701032102108 390.20281657576561 114.29630854725838 82.204147517681122 1955.3265463113785 71.663375586271286
leaf_count=221 4420 455 3926 361 2865 19136 857 2128 8422 580 166 139 2953 115
internal_value=4.73588e-06 0.000159875 5.38581e-05 -0.000120449 -0.000198567 -0.000172063 0.000742889 0.000501599 0.00021106 -0.000331883 0.000382663 0.00191393 0.000240871 0.00191611
internal_weight=31131.7 13938 11809.8 17193.7 14901.1 14659.1 2128.18 1774.04 8409.47 3400.31 2292.61 354.14 2106.65 185.96
internal_count=46744 20927 17348 25817 22362 22001 3579 2985 12348 5000 3455 594 3174 281
is_linear=0
shrinkage=0.02


Tree=284
num_leaves=11
num_cat=0
split_feature=13 46 25 26 19 19 47 31 31 43
split_gain=1.21432 1.05716 0.933588 1.1204 0.836179 1.2459 1.06182 0.910053 1.86109 1.04146
threshold=1.6041507146503318 1.0000000180025095e-35 2.9000000000000004 1.7071428571428573 3.0810629760021295 3.7075798658825705 1.1608807718087772 0.95501224064798029 0.98678156146460216 1.0000000180025095e-35
decision_type=2 2 2 2 2 2 2 2 2 2
left_child=1 -1 3 -3 7 6 -6 9 -9 -2
right_child=4 2 -4 -5 5 -7 -8 8 -10 -11
leaf_value=-0.0024536623454268929 0.0011418392726883517 -2.7448375596470089e-05 0.0022434887189982898 -0.00076437011029073672 0.00074650951196584419 8.2686181366528364e-05 0.0043022293282556001 -0.0025685279961826192 1.1109964288248126e-05 0.00023000175361239912
leaf_weight=71.333149075508118 620.89744299650192 24590.035422056913 68.854139596223831 853.9918740093708 76.910309076309204 184.85474887490273 73.646861791610718 117.53158968687057 1633.4480504095554 2840.1584944725037
leaf_count=107 1030 36202 92 1210 128 339 128 182 2639 4687
internal_value=4.67748e-06 -5.31646e-05 -4.58691e-05 -5.26332e-05 0.000273164 0.0012442 0.00258498 0.000208303 -0.000159072 0.000397034
internal_weight=31131.7 25584.2 25512.9 25444 5547.45 335.412 150.557 5212.04 1750.98 3461.06
internal_count=46744 37611 37504 37412 9133 595 256 8538 2821 5717
is_linear=0
shrinkage=0.02


Tree=285
num_leaves=14
num_cat=0
split_feature=52 26 50 37 37 10 16 43 12 4 27 12 16
split_gain=1.35267 1.62418 1.60933 1.76405 0.96351 0.941526 1.31218 1.14778 0.922492 0.899198 0.948018 0.853939 0.599842
threshold=0.55000000000000016 0.73214285714285732 -0.16364833434359932 0.9823422876766541 0.18181830845666552 1.0000000180025095e-35 23.830000000000005 -0.24999999999999992 19.256539789974202 47.310312476437439 0.76687085494861773 18.455846247170903 17.11000000000001
decision_type=2 2 2 2 2 2 2 2 2 2 2 2 2
left_child=1 2 4 -4 -1 6 7 -2 11 10 -3 -7 -10
right_child=5 9 3 -5 -6 8 -8 -9 12 -11 -12 -13 -14
leaf_value=0.0015037825215115026 0.00069728160369809803 0.0011777000160481531 -0.0011799410182202204 0.00094749398910150414 -0.00033074329061619478 0.00047395842804953485 0.00093047338137464911 -5.0381335815067408e-05 0.00068010862623820866 0.0015603740297464575 -0.00028965384864445523 -0.00020721396075274652 0.0023807266162458552
leaf_weight=174.49213081598282 850.20523521304131 215.40584874153137 1596.7855476737022 165.98700940608978 309.48469644784927 1553.5963671207428 591.33089473843575 22058.554411202669 919.36161202192307 165.17556697130203 923.80248713493347 1372.3207550346851 96.941242903470993
leaf_count=272 1260 314 2406 249 492 2282 935 33097 1344 288 1363 2068 143
internal_value=2.04431e-06 -0.000364802 -0.000691461 -0.000973103 0.000313563 4.9903e-05 1.4835e-06 -2.21386e-05 0.000335855 0.000190398 -1.86064e-06 0.000151135 0.000856502
internal_weight=30993.4 3551.13 2246.75 1762.77 483.977 27442.3 23500.1 22908.8 3942.22 1304.38 1139.21 2925.92 1016.3
internal_count=46513 5384 3419 2655 764 41129 35292 34357 5837 1965 1677 4350 1487
is_linear=0
shrinkage=0.02


Tree=286
num_leaves=12
num_cat=0
split_feature=15 37 53 6 19 21 37 36 37 46 45
split_gain=1.26346 1.11059 1.04386 1.9876 1.47668 1.23672 2.1249 1.05111 0.793539 0.976729 0.708898
threshold=2.5257590925032756 0.51058311126138356 0.55000000000000016 5.5000000000000009 1.1853470839169946 0.72233580510939144 1.0090467845213336 0.10555555555555557 0.29666640814358819 1.1339285714285716 4.9000000000000012
decision_type=2 2 2 2 2 2 2 2 2 2 2
left_child=1 8 5 10 -5 6 -2 -7 9 -1 -4
right_child=2 -3 3 4 -6 7 -8 -9 -10 -11 -12
leaf_value=-0.0015509109388685961 0.00026240696087219612 0.001469566957316863 0.00022943664214678802 -0.0012345615127222268 0.00074934387385511725 -0.00043377468003336133 0.003190672830854275 -3.621679968641963e-05 -0.0032233876961757432 0.00090049377569581448 0.0021330345536845325
leaf_weight=248.53139436244965 776.90498223900795 56.852200239896774 10470.772077262402 638.15865603089333 187.87205877900124 3251.3471760749817 113.69331079721451 15010.413486480713 79.901006400585175 80.753761976957321 78.24369478225708
leaf_count=422 1223 101 15250 907 267 4942 169 22870 135 127 100
internal_value=2.03348e-06 -0.00102886 1.81652e-05 0.000170164 -0.000770546 -7.15968e-05 0.000653743 -0.000107586 -0.00140577 -0.000917737 0.000244905
internal_weight=30993.4 466.038 30527.4 11375 826.031 19152.4 890.598 18261.8 409.186 329.285 10549
internal_count=46513 785 45728 16524 1174 29204 1392 27812 684 549 15350
is_linear=0
shrinkage=0.02


Tree=287
num_leaves=12
num_cat=0
split_feature=15 37 53 6 19 21 37 21 37 46 24
split_gain=1.21294 1.06862 1.00261 1.90833 1.4193 1.18906 2.04168 0.917474 0.762302 0.939463 0.703732
threshold=2.5257590925032756 0.51058311126138356 0.55000000000000016 5.5000000000000009 1.1853470839169946 0.72233580510939144 1.0090467845213336 1.2115971255603537 0.29666640814358819 1.1339285714285716 0.54065556945542004
decision_type=2 2 2 2 2 2 2 2 2 2 2
left_child=1 8 5 10 -5 6 -2 -7 9 -1 -4
right_child=2 -3 3 4 -6 7 -8 -9 -10 -11 -12
leaf_value=-0.0015201403072974565 0.00025717231358699541 0.0014411744646645025 -8.9452906947779556e-05 -0.0012099474289704233 0.00073451482264792506 -0.00014938471804996572 0.0031279624620310438 0.00035429158075327155 -0.0031604942449975516 0.00088291914723881058 0.00032032629378835357
leaf_weight=248.53139436244965 776.90498223900795 56.852200239896774 2042.5002993643284 638.15865603089333 187.87205877900124 16689.76561486721 113.69331079721451 1571.9950476884842 79.901006400585175 80.753761976957321 8506.5154726803303
leaf_count=422 1223 101 3112 907 267 25462 169 2350 135 127 12238
internal_value=2.00244e-06 -0.00100806 1.78148e-05 0.000166785 -0.000754917 -7.01482e-05 0.000641047 -0.000105446 -0.00137803 -0.000898857 0.000240035
internal_weight=30993.4 466.038 30527.4 11375 826.031 19152.4 890.598 18261.8 409.186 329.285 10549
internal_count=46513 785 45728 16524 1174 29204 1392 27812 684 549 15350
is_linear=0
shrinkage=0.02


Tree=288
num_leaves=14
num_cat=0
split_feature=52 46 21 21 6 40 16 40 40 1 16 34 1
split_gain=1.26651 1.44715 1.2651 1.51746 0.886701 1.62592 1.24742 1.24455 1.02233 0.872494 0.811563 0.663086 0.631764
threshold=0.55000000000000016 0.68333333333333346 0.73184663074819178 0.86169794702719382 1.5000000000000002 -0.033541170748997089 23.830000000000005 -0.33931058589809276 -0.026248358617889645 25.524833333333337 1.2600000000000009 0.46644560312589822 12.266875000000002
decision_type=2 2 2 2 2 2 2 2 2 2 2 2 2
left_child=1 9 -3 -4 5 7 10 -2 -7 12 -6 -8 -1
right_child=4 2 3 -5 6 8 11 -9 -10 -11 -12 -13 -14
leaf_value=0.00029068303316148568 -0.0015068004493987064 0.0020939908156272784 -0.0016161006090857544 4.7413143487154716e-05 -0.0010223342051569342 -0.002025610967805402 0.0020574621751866524 0.00094678519094112045 7.4576640058850551e-05 -0.002481825896509728 -7.1357273855974444e-06 0.00047844242884836203 -0.00089610432888744321
leaf_weight=202.1023682653904 82.630410432815552 104.00227805972099 245.4503388106823 1851.2282555103302 317.86248007416725 94.668751925230026 152.11866948008537 1531.3771739900112 2235.469066619873 124.66471046209335 22588.971740454435 439.21222525835037 1023.6853360831738
leaf_count=305 125 166 395 2851 476 139 251 2254 3321 177 33879 684 1490
internal_value=1.97012e-06 -0.00035299 -3.1811e-05 -0.000143918 4.829e-05 0.000325712 1.27568e-06 0.000813274 -8.12575e-06 -0.000868165 -2.17475e-05 0.000907062 -0.000692133
internal_weight=30993.4 3551.13 2200.68 2096.68 27442.3 3944.15 23498.2 1614.01 2330.14 1350.45 22906.8 591.331 1225.79
internal_count=46513 5384 3412 3246 41129 5839 35290 2379 3460 1972 34355 935 1795
is_linear=0
shrinkage=0.02


Tree=289
num_leaves=15
num_cat=0
split_feature=52 46 15 15 36 13 31 34 53 19 33 22 19 40
split_gain=1.21614 1.39047 1.21378 1.20254 1.03857 0.993292 1.06851 1.21054 1.04342 0.857887 0.812688 0.684743 0.667731 0.666142
threshold=0.55000000000000016 0.68333333333333346 5.2996641038297883 5.6251870892944025 0.11805555555555557 1.7030607072291704 0.94445002318855031 0.10145206054011852 -1.0000000180025095e-35 -1.3005390973990119 -0.84999999999999998 -0.94504039914697813 2.4098769561407498 -0.26662341251285343
decision_type=2 2 2 2 2 2 2 2 2 2 2 2 2 2
left_child=1 4 11 -4 9 10 8 -8 -7 -1 -2 -3 -6 -12
right_child=5 2 3 -5 12 6 7 -9 -10 -11 13 -13 -14 -15
leaf_value=0 -0.0018839835573490691 0.00052101243103496115 0.0022849850346196394 8.0000493424505945e-05 -0.00068078390662792889 -0.0001271165403549336 -0.0019430577087837877 7.3949924758061176e-05 0.00078176100552143299 -0.0022977222074683414 0.00048428348402170359 -0.0012407372902028921 0.0010004455624701286 -2.0378716661520971e-05
leaf_weight=80.400782108306885 89.616710841655731 101.47289523482323 104.61918592453003 1575.8625463247299 890.42134273052216 641.55182558298111 127.54130291938782 1397.2281963825226 2092.8555579781532 280.16815745830536 1096.1708119809628 418.72624489665031 99.462132513523102 21997.346112549305
leaf_count=121 125 156 153 2448 1304 1133 229 2232 3417 404 1627 655 143 32366
internal_value=1.91966e-06 -0.000345903 -3.09836e-05 0.000225769 -0.000850893 4.73155e-05 0.000327993 -9.05398e-05 0.000564927 -0.00177829 -3.84284e-06 -0.000877252 -0.000500098 3.18276e-06
internal_weight=30993.4 3551.13 2200.68 1680.48 1350.45 27442.3 4259.18 1524.77 2734.41 360.569 23183.1 520.199 989.883 23093.5
internal_count=46513 5384 3412 2601 1972 41129 7011 2461 4550 525 34118 811 1447 33993
is_linear=0
shrinkage=0.02


Tree=290
num_leaves=9
num_cat=0
split_feature=45 19 46 25 32 12 12 12
split_gain=1.38222 1.19091 1.19859 1.1881 1.35459 1.07418 0.969956 0.943746
threshold=4.6750000000000007 2.7585286103664566 1.2111111111111115 2.4500000000000006 1.8500000000000003 19.767461702905191 18.050813419991012 18.504648193171253
decision_type=2 2 2 2 2 2 2 2
left_child=1 3 6 4 -1 -4 -3 -5
right_child=-2 2 5 7 -6 -7 -8 -9
leaf_value=-4.7486243675970527e-05 0.0018217876439905664 -0.00097644715268281471 0.0014154301152144938 -6.0848728241268535e-05 -0.0013394422221582405 -0.0010099471466099442 0.00042094403611496212 0.0024573417166131005
leaf_weight=28669.287993103266 161.69865766167641 266.88492450118065 617.38319769501686 92.947119474411011 327.10486602783203 76.431441217660904 751.85664910078049 132.923030346632
leaf_count=42909 226 400 1025 135 483 126 1165 176
internal_value=-1.04844e-05 -2.05022e-05 0.000491242 -5.08664e-05 -6.24969e-05 0.00113174 4.38696e-05 0.00138577
internal_weight=31096.5 30934.8 1712.56 29222.3 28996.4 693.815 1018.74 225.87
internal_count=46645 46419 2716 43703 43392 1151 1565 311
is_linear=0
shrinkage=0.02


Tree=291
num_leaves=8
num_cat=0
split_feature=44 41 19 47 17 17 47
split_gain=1.55461 1.35212 1.40722 1.34492 1.26712 1.00919 0.57653
threshold=3.8700133282489291 2.7656237091223956 2.8299536184640961 1.6072354561683408 2.9743475191355047 3.0775929102326973 0.94680588413873867
decision_type=2 2 2 2 2 2 2
left_child=1 2 4 -4 -1 -2 -3
right_child=5 6 3 -5 -6 -7 -8
leaf_value=3.0711131110475409e-06 -0.00015850011246709077 -0.00026983283549855957 0.00022012589697775878 0.0015853789746674218 -0.00040023400430857559 0.002308032444694106 -0.0028164102952108572
leaf_weight=25542.394577205181 90.618471771478653 71.358957588672638 1177.5219688415527 391.43709033727646 3539.756512016058 187.34110149741173 96.089199870824814
leaf_count=38324 125 119 1809 662 5180 249 177
internal_value=-1.02712e-05 -2.40666e-05 -1.38874e-05 0.000568691 -4.56978e-05 0.0014728 -0.00180618
internal_weight=31096.5 30818.6 30651.1 1568.96 29082.2 277.96 167.448
internal_count=46645 46271 45975 2471 43504 374 296
is_linear=0
shrinkage=0.02


Tree=292
num_leaves=8
num_cat=0
split_feature=44 41 19 47 30 47 17
split_gain=1.49222 1.30582 1.29643 1.32002 1.25983 1.01751 0.971096
threshold=3.8700133282489291 2.6948754195491218 2.8299536184640961 1.6072354561683408 -0.10558524166655779 0.94680588413873867 3.0775929102326973
decision_type=2 2 2 2 2 2 2
left_child=1 2 4 -4 -1 -3 -2
right_child=6 5 3 -5 -6 -7 -8
leaf_value=0.00015199763082568429 -0.00015539857642445144 0 0.00020217381409595709 0.0015582741620060259 -0.00013201195927497062 -0.0027696922093774414 0.0022623593396869862
leaf_weight=9062.6725018322468 90.618471771478653 83.643208116292953 1172.4584437608719 389.03176838159561 19990.002404630184 120.74997913837433 187.34110149741173
leaf_count=13512 125 137 1802 658 29946 216 249
internal_value=-1.00588e-05 -2.35809e-05 -1.25618e-05 0.000547992 -4.30696e-05 -0.00160946 0.00144294
internal_weight=31096.5 30818.6 30614.2 1561.49 29052.7 204.393 277.96
internal_count=46645 46271 45918 2460 43458 353 374
is_linear=0
shrinkage=0.02


Tree=293
num_leaves=9
num_cat=0
split_feature=44 41 19 20 32 12 16 16
split_gain=1.43228 1.25578 1.30102 1.13925 1.10678 0.724454 0.621164 1.03957
threshold=3.8700133282489291 2.7656237091223956 2.8299536184640961 0.13950359655637531 1.8500000000000003 18.706327139539649 16.350000000000005 22.610000000000007
decision_type=2 2 2 2 2 2 2 2
left_child=1 2 4 -4 -1 -3 -2 -8
right_child=6 5 3 -5 -6 -7 7 -9
leaf_value=-3.0016208776559505e-05 -1.0472780204918301e-05 0 0.0011198529751589466 2.7791650593995353e-05 -0.0011726604589548475 -0.0027748910093411319 0.0031409922236913307 8.6718168233787705e-05
leaf_weight=28740.337397575378 75.357188493013382 65.145855009555817 735.50937131047249 833.4496878683567 341.81369164586067 102.30230244994164 121.9783248603344 80.624059915542603
leaf_count=43004 103 108 1209 1262 500 188 156 115
internal_value=-9.83828e-06 -2.30926e-05 -1.32708e-05 0.000546876 -4.38697e-05 -0.00174055 0.00141367 0.00198717
internal_weight=31096.5 30818.6 30651.1 1568.96 29082.2 167.448 277.96 202.602
internal_count=46645 46271 45975 2471 43504 296 374 271
is_linear=0
shrinkage=0.02


Tree=294
num_leaves=7
num_cat=0
split_feature=45 41 30 37 14 37
split_gain=1.25333 1.20328 1.02272 1.81342 1.29409 0.92808
threshold=4.6750000000000007 2.6948754195491218 -0.10558524166655779 0.53927062982969765 6.5000000000000009 0.46391536567994146
decision_type=2 2 2 2 2 2
left_child=1 2 4 -4 -1 -3
right_child=-2 5 3 -5 -6 -7
leaf_value=0.0022241744991381629 0.0017351003359818318 -0.0026564662550260334 -0.00022317034512942229 0.00016000396139807715 0.00013761902121496125 0
leaf_weight=119.24350067973137 161.69865766167641 120.10240191221237 13718.495691776276 7690.2647179961205 9201.5736961960793 85.139212906360626
leaf_count=201 226 205 20702 11434 13727 150
internal_value=-9.63813e-06 -1.91928e-05 -8.6218e-06 -8.50607e-05 0.000165857 -0.00153832
internal_weight=31096.5 30934.8 30729.6 21408.8 9320.82 205.242
internal_count=46645 46419 46064 32136 13928 355
is_linear=0
shrinkage=0.02


Tree=295
num_leaves=11
num_cat=0
split_feature=15 50 1 3 33 20 17 20 36 15
split_gain=1.53648 1.22951 1.07996 1.16108 1.10929 0.995133 0.880167 0.821879 0.751524 1.23317
threshold=2.5257590925032756 0.7109471923292251 36.642833333333343 49.999991701188783 1.0000000180025095e-35 -3.2208087923914763 3.1003429971319356 0.165419210436383 0.13392857142857142 1.3944232286843619
decision_type=2 2 2 2 2 2 2 2 2 2
left_child=5 2 3 -2 -4 -1 7 -3 -7 -10
right_child=1 6 4 -5 -6 8 -8 -9 9 -11
leaf_value=0.00072314603785126382 1.666365711314909e-05 0.0031753214615608781 -0.001180250769358889 0.0013957113278260263 -8.7332064957222201e-05 -0.00028399474787411358 -0.00053796841144455843 0.0008085638662920047 0 -0.0030926651281412035
leaf_weight=86.619360476732254 28428.463983505964 100.62814480066299 603.89532288908958 244.634261906147 1018.8573493361473 137.94934448599815 83.61015248298645 180.67921289801598 72.908746659755707 180.21371999382973
leaf_count=153 42371 164 945 525 1524 226 118 269 135 288
internal_value=-2.85852e-06 1.43905e-05 1.22904e-07 2.88747e-05 -0.000501161 -0.00112629 0.00116519 0.00170693 -0.00156296 -0.00221309
internal_weight=31138.5 30660.8 30295.9 28673.1 1622.75 477.691 364.918 281.307 391.072 253.122
internal_count=46718 45916 45365 42896 2469 802 551 433 649 423
is_linear=0
shrinkage=0.02


Tree=296
num_leaves=13
num_cat=0
split_feature=15 19 13 33 17 19 16 36 21 19 36 15
split_gain=1.47635 1.16664 1.15077 1.50276 1.37283 1.35857 1.11813 1.39355 0.988502 0.904713 0.793193 0.71724
threshold=2.5257590925032756 -0.11926666560549563 0.95995021800316249 0.65000000000000013 3.1103124621127729 2.8299536184640961 10.380000000000004 1.3875000000000002 0.99740946542395759 -0.88195778365465649 0.13392857142857142 1.3944232286843619
decision_type=2 2 2 2 2 2 2 2 2 2 2 2
left_child=1 8 3 4 -2 -5 7 -4 -1 -8 -3 -12
right_child=2 10 6 5 -6 -7 9 -9 -10 -11 11 -13
leaf_value=0.001469905929835542 8.6672373995293149e-05 -0.00030065525633118456 6.3248217152301947e-05 -0.00042943861920811477 -0.00063400116958161332 0.001223542389397671 -0.0002849225424603355 -0.0016092820173241259 -0.0013966701445846273 0.00053392963425596442 -0.00059301003741418865 -0.0034792163979533641
leaf_weight=99.929602384567261 13267.793369174004 97.463089197874069 6230.6600586175919 5113.1036001741886 1145.5232815742493 202.14611950516701 608.42911040782928 203.77974197268486 88.304559379816055 3889.3331463932991 59.851670384407043 132.14225026965141
leaf_count=167 19273 163 9821 7420 1654 303 916 326 140 6203 111 221
internal_value=-2.79442e-06 -0.00110403 1.41074e-05 -7.67463e-05 2.86219e-05 -0.000364256 0.000178963 8.24167e-06 7.20231e-05 0.000420861 -0.00189837 -0.00264642
internal_weight=31138.5 477.691 30660.8 19728.6 14413.3 5315.25 10932.2 6434.44 188.234 4497.76 289.457 191.994
internal_count=46718 802 45916 28650 20927 7723 17266 10147 307 7119 495 332
is_linear=0
shrinkage=0.02


Tree=297
num_leaves=13
num_cat=0
split_feature=23 15 14 23 22 44 34 15 33 19 46 15
split_gain=1.57581 1.2665 1.23315 1.23646 2.33331 1.06674 1.0115 1.0106 0.995788 0.781649 0.619825 0.507259
threshold=1.0768465821276221 2.5257590925032756 14.500000000000002 0.99980699284547947 -0.92751332326950842 0.77740072405872451 0.017295853854374005 3.8944811375901822 1.6500000000000004 -0.11926666560549563 1.2111111111111115 1.3944232286843619
decision_type=2 2 2 2 2 2 2 2 2 2 2 2
left_child=2 9 3 8 -5 7 -7 -3 -1 -2 -4 -11
right_child=1 5 10 4 -6 6 -8 -9 -10 11 -12 -13
leaf_value=-1.8157772228417058e-05 0.00037665135677643672 0.00089993503671919272 -0.00036497671921745218 0.0010858933492527872 -0.00069598762836267539 -0.0019728393505737125 0.00034250926063763442 -0.00031598188851859372 -0.0020216622163110685 -0.00037999433597986153 -0.0030886756407607898 -0.0027053356468148978
leaf_weight=16716.376830905676 80.838558733463287 310.08958670496941 72.605071544647217 327.58747974038124 2486.3602881729603 72.956281512975693 8627.89358279109 2076.9132615029812 97.976772964000702 72.539913058280945 81.076827049255371 115.24514475464821
leaf_count=24817 141 479 100 505 3661 127 13189 3098 151 133 111 206
internal_value=-2.75825e-06 0.000184672 -0.000110872 -9.62623e-05 -0.000484374 0.000218389 0.000321497 -0.000153218 -3.06658e-05 -0.00116143 -0.00188735 -0.00187324
internal_weight=31138.5 11356.5 19782 19628.3 2813.95 11087.9 8700.85 2387 16814.4 268.624 153.682 187.785
internal_count=46718 17373 29345 29134 4166 16893 13316 3577 24968 480 211 339
is_linear=0
shrinkage=0.02


Tree=298
num_leaves=14
num_cat=0
split_feature=23 1 36 20 1 12 13 14 45 23 22 23 52
split_gain=1.51333 1.20956 1.35641 1.53264 1.35491 1.25091 1.58351 1.18714 1.5886 1.1869 2.24175 1.13936 1.13322
threshold=1.0768465821276221 24.660333333333337 1.1055555555555558 0.016932396331281203 19.818500000000004 18.504648193171253 1.7104024451578745 14.500000000000002 1.2250000000000003 0.99980699284547947 -0.92751332326950842 1.0941198068228046 0.55000000000000016
decision_type=2 2 2 2 2 2 2 2 2 2 2 2 2
left_child=7 2 4 -4 -2 6 -3 9 -9 12 -11 -7 -1
right_child=1 5 3 -5 -6 11 -8 8 -10 10 -12 -13 -14
leaf_value=-0.00047729488456095244 0.00040318361974636912 -0.00019066198182862874 0.00017274836923493678 -0.0026555007155134114 -0.00036258463952446447 0.00192829061491133 0.00095277888101004751 2.7438322380895637e-05 -0.0038909936376171884 0.0010643072500883257 -0.00068207906877270155 0.00047391370023790159 2.9603727827516379e-05
leaf_weight=1997.4954987764359 1784.3295044898987 2520.820949524641 128.60962104797363 166.6958255469799 1912.205923140049 231.86850509047508 596.9615341424942 78.453394949436188 75.2285036444664 327.58747974038124 2486.3602881729603 4014.9844660758972 14816.858105093241
leaf_count=2989 2716 3787 195 249 2875 352 974 108 103 505 3661 6225 21979
internal_value=-2.74015e-06 0.00018093 -9.74631e-05 -0.00139725 4.36852e-06 0.00033317 2.55376e-05 -0.000108695 -0.00185178 -9.43506e-05 -0.00047461 0.000556543 -3.00693e-05
internal_weight=31138.5 11356.5 3991.84 295.305 3696.54 7364.64 3117.78 19782 153.682 19628.3 2813.95 4246.85 16814.4
internal_count=46718 17373 6035 444 5591 11338 4761 29345 211 29134 4166 6577 24968
is_linear=0
shrinkage=0.02


Tree=299
num_leaves=13
num_cat=0
split_feature=23 15 1 52 3 51 23 20 22 44 3 44
split_gain=1.45359 1.22045 1.11505 1.9707 1.47536 2.33938 1.2215 1.10833 1.64197 1.04342 0.858771 0.773048
threshold=1.0768465821276221 2.5257590925032756 35.563666666666677 3.3500000000000001 49.188299430614727 0.43265634408330672 0.98614701628422619 0.064490763000833326 0.39323005204243794 0.82989577201352727 41.208965173765847 1.4439771648813584
decision_type=2 2 2 2 2 2 2 2 2 2 2 2
left_child=2 10 4 11 6 -6 -1 9 -9 -3 -2 -4
right_child=1 7 3 -5 5 -7 -8 8 -10 -11 -12 -13
leaf_value=-4.5511623617364595e-05 -0.00028754399957614394 -8.032752507274191e-05 0.00073623640431663088 -0.0036259687148072406 -0.0026543745966715448 0.00072104623868628757 -0.00052661912249083896 0.00063002919823806815 -0.00013717252394251564 0.0006078825185616845 -0.0027645423176518593 -0.00062848846400666888
leaf_weight=14238.138280570507 181.31361570954323 1132.0519115030766 183.42022040486336 81.889865130186081 84.034464836120605 1458.7343034148216 2490.4360488951206 1440.5970151126385 4900.4947458207607 3614.7090400755405 87.310000836849213 1245.3300871253014
leaf_count=21132 320 1694 264 108 127 2180 3659 2182 7330 5687 160 1875
internal_value=-2.6702e-06 0.000177332 -0.000106519 -0.0006291 -6.27016e-05 0.000527515 -0.000117788 0.000210447 3.56909e-05 0.000441681 -0.00114407 -0.000445514
internal_weight=31138.5 11356.5 19782 1510.64 18271.3 1542.77 16728.6 11087.9 6341.09 4746.76 268.624 1428.75
internal_count=46718 17373 29345 2247 27098 2307 24791 16893 9512 7381 480 2139
is_linear=0
shrinkage=0.02


Tree=300
num_leaves=12
num_cat=0
split_feature=34 50 37 50 19 19 10 5 37 46 15
split_gain=2.07705 1.86246 1.32183 1.31325 1.83171 1.58929 1.32598 1.10989 1.09133 0.977404 0.853365
threshold=0.086946287734703309 -0.4990628578285502 0.099583431153199911 -0.27140660853491339 2.6905298340759392 1.7048414871364754 1.0000000180025095e-35 37.684244041838646 0.12791272391039835 1.0500000000000003 5.8138526987927373
decision_type=2 2 2 2 2 2 2 2 2 2 2
left_child=1 -1 9 4 5 -2 10 -8 -4 -3 -5
right_child=3 2 8 6 -6 -7 7 -9 -10 -11 -12
leaf_value=-0.0034814925344493972 0.00041378163587387607 -0.00065950961315264733 -0.0033733062922566412 -0.0003096225435734443 0.0033445902180334109 -0.0013914840645642807 -5.8380028404898429e-05 0.00064614070894189826 -0.00054428685933681595 0.00026205353211590727 0
leaf_weight=84.638529628515244 3755.9646232128143 1113.1242803633213 106.67054319381714 4525.7199077010155 80.570491015911102 201.63243585824966 1514.7321840524673 2099.0532950162888 131.90499138832092 763.46502065658569 16678.467561721802
leaf_count=151 5612 1743 182 6772 136 323 2238 3084 242 1223 24891
internal_value=3.17928e-06 -0.000588579 -0.000464916 4.86753e-05 0.0003831 0.000318625 -5.36312e-06 0.000348204 -0.00186828 -0.000279381 -6.61195e-05
internal_weight=31055.9 2199.8 2115.16 28856.1 4038.17 3957.6 24818 3613.79 238.576 1876.59 21204.2
internal_count=46597 3541 3390 43056 6071 5935 36985 5322 424 2966 31663
is_linear=0
shrinkage=0.02


Tree=301
num_leaves=12
num_cat=0
split_feature=34 37 33 10 1 53 46 0 27 13 34
split_gain=1.99684 1.7715 1.44843 1.45591 1.50915 1.23528 1.10473 1.19333 1.01908 1.36601 0.511018
threshold=0.086946287734703309 0.072931893212283619 0.65000000000000013 1.0000000180025095e-35 38.113666666666667 0.75000000000000011 4.0500000000000007 34.638630651974879 0.92642683345633914 1.6465187490090376 1.0000000180025095e-35
decision_type=2 2 2 2 2 2 2 2 2 2 2
left_child=1 10 3 5 -5 -2 7 -4 9 -3 -1
right_child=2 8 6 4 -6 -7 -8 -9 -10 -11 -12
leaf_value=0.00048437917442281349 -3.4373655157080792e-05 -0.0019151188599016175 -0.00022398206217354993 0.00061470016413938604 -0.0022147767517697301 0.00033926151422386568 -0.0025811166763752193 0.00077133636247792069 -0.0034591351620344313 0.0011242644909921693 -0.00044573270852975701
leaf_weight=267.89010518789291 13093.050189822912 217.65524688363075 7318.4058685898781 2955.133288025856 74.025944620370865 4830.734248071909 74.611881881952286 510.17907756567001 109.13198471069336 74.986595273017883 1530.1394331753254
leaf_count=496 19799 373 10985 4353 109 6983 112 715 200 154 2318
internal_value=3.08313e-06 -0.000577131 4.76983e-05 0.000134995 0.000540839 6.57955e-05 -0.000182452 -0.000157661 -0.00177954 -0.00110002 -0.000301215
internal_weight=31055.9 2199.8 28856.1 20952.9 3029.16 17923.8 7903.2 7828.58 401.774 292.642 1798.03
internal_count=46597 3541 43056 31244 4462 26782 11812 11700 727 527 2814
is_linear=0
shrinkage=0.02


Tree=302
num_leaves=14
num_cat=0
split_feature=34 37 51 33 47 24 0 0 12 16 15 15 15
split_gain=1.91813 1.70206 1.45953 1.3911 1.70597 1.65755 1.93746 1.48021 1.47083 1.02137 0.613058 1.06578 0.7737
threshold=0.086946287734703309 0.072931893212283619 1.4567979377033795 0.65000000000000013 3.7056189798803136 0.90718396545668145 15.666111851455229 34.638630651974879 19.934352403475653 4.2750000000000021 6.1392048487666253 5.7374547368103777 8.0037965109035802
decision_type=2 2 2 2 2 2 2 2 2 2 2 2 2
left_child=1 10 9 5 7 6 -2 -5 -7 -3 11 -1 -12
right_child=3 2 -4 4 -6 8 -8 -9 -10 -11 12 -13 -14
leaf_value=-0.00017462058256183965 0.00061953219370336249 -0.00034138384441743946 0.00099313669505780204 -0.00020477637970712969 -0.0021408104546849012 0.00029347910004174976 -9.5327096566531034e-05 0.00095087001337330391 0.0014384864328996049 -0.0029301461015820434 -0.0014041095030166537 0.0019685429621707244 -0.00017025378128907969
leaf_weight=809.95811420679092 1742.2864821851254 93.508013665676117 60.003391832113266 7263.2376809418201 172.05703756213188 7118.3817945718765 11608.717244386673 467.90210953354836 483.5581493973732 248.26242136955261 349.33460178971291 102.43965530395508 536.2971670627594
leaf_count=1290 2543 166 123 10900 258 10498 17494 654 709 438 554 162 808
internal_value=2.99243e-06 -0.000565665 -0.00174437 4.67259e-05 -0.000178814 0.000132283 -1.21129e-06 -0.000133314 0.000367987 -0.00225706 -0.000295079 5.88468e-05 -0.000670277
internal_weight=31055.9 2199.8 401.774 28856.1 7903.2 20952.9 13351 7731.14 7601.94 341.77 1798.03 912.398 885.632
internal_count=46597 3541 727 43056 11812 31244 20037 11554 11207 604 2814 1452 1362
is_linear=0
shrinkage=0.02


Tree=303
num_leaves=14
num_cat=0
split_feature=33 47 30 30 30 27 1 21 30 52 20 12 21
split_gain=1.16285 1.57713 1.54056 1.65863 1.46531 1.32076 1.65227 1.09439 1.07268 1.00339 0.874819 0.854741 0.769654
threshold=0.65000000000000013 3.7056189798803136 -0.25290634917256777 -0.23622667526324861 -0.20347132772145338 0.42012047767263688 11.144722222222224 0.72233580510939144 -0.023642406121594049 0.65000000000000002 0.9658476063501561 18.714881820448074 1.1536359313601243
decision_type=2 2 2 2 2 2 2 2 2 2 2 2 2
left_child=4 2 10 -4 5 6 -1 11 -3 -9 -2 -6 -7
right_child=1 8 3 -5 7 12 -8 9 -10 -11 -12 -13 -14
leaf_value=0.0024055304463947787 -0.00061111660694407538 -0.00017836238951742916 0.0021491572753169056 -0.00010615144942823631 0.00019873072201002706 0.00052572771700694072 -0.00086080808386832842 -0.00032326394363916747 -0.0034891952986900671 4.9885765417855753e-05 -0.0022375186032085061 0.0015826931100074472 0.0016876761278913043
leaf_weight=68.12121656537056 644.82618379592896 77.057718962430954 130.60557582974434 7129.5599163472652 489.65438216924667 2559.6462082862854 476.95243284106255 3556.2770766913891 95.411620259284973 15091.168104112148 177.23486793041229 299.00263553857803 260.4259244799614
leaf_count=97 951 114 201 10741 742 3844 716 5351 145 22564 266 486 379
internal_value=2.91173e-06 -0.000200123 -0.00015813 -6.36222e-05 7.68655e-05 0.000462116 -0.000427013 9.60861e-06 -0.00208626 -2.07689e-05 -0.00097848 0.000738755 0.000637694
internal_weight=31055.9 8254.7 8082.23 7260.17 22801.2 3365.15 545.074 19436.1 172.469 18647.4 822.061 788.657 2820.07
internal_count=46597 12418 12159 10942 34179 5036 813 29143 259 27915 1217 1228 4223
is_linear=0
shrinkage=0.02


Tree=304
num_leaves=13
num_cat=0
split_feature=34 50 50 21 47 6 21 21 34 42 16 50
split_gain=1.84995 1.78017 1.2512 1.31685 1.67713 1.21192 1.40377 0.98021 0.838336 0.885287 0.749536 0.593921
threshold=0.086946287734703309 -0.4990628578285502 -0.27140660853491339 1.0264710904699827 1.6889130653404878 1.5000000000000002 1.0040924291558198 0.59422182012715952 1.0000000180025095e-35 0.75000000000000011 5.1800000000000042 0.20615101410499917
decision_type=2 2 2 2 2 2 2 2 2 2 2 2
left_child=1 -1 3 10 -5 6 -4 -7 11 -10 -2 -3
right_child=2 8 5 4 -6 7 -8 -9 9 -11 -12 -13
leaf_value=-0.0033834383185118795 -7.9696663233115811e-05 2.6854077602755347e-06 -0.00014419921619047377 0.00037352528873742518 -0.0011200575782579795 0.001330566688332624 0.00065462974317614432 -7.8708575619578172e-05 -0.00067011424577962948 0.0016514024206349663 0.00077595398357901979 0.0022752795656462163
leaf_weight=84.638529628515244 474.75011074542999 187.28264835476875 1452.3840648233891 853.15893575549126 458.77857634425163 196.6255014538765 2162.364127188921 21006.599255025387 1800.6996090710163 63.989146918058395 2251.4799272418022 63.193431258201599
leaf_count=151 723 341 2182 1244 689 299 3141 31363 2816 113 3415 120
internal_value=2.84807e-06 -0.000555606 4.5803e-05 0.000372244 -0.000142073 -6.9354e-06 0.000330998 -6.5044e-05 -0.000434637 -0.000583407 0.000623335 0.000629135
internal_weight=31055.9 2199.8 28856.1 4038.17 1311.94 24818 3614.75 21203.2 2115.16 1864.69 2726.23 250.476
internal_count=46597 3541 43056 6071 1933 36985 5323 31662 3390 2929 4138 461
is_linear=0
shrinkage=0.02


Tree=305
num_leaves=15
num_cat=0
split_feature=51 30 24 12 30 51 24 30 34 30 2 2 12 18
split_gain=1.63901 1.30894 2.03207 1.33259 1.61246 1.29399 1.19063 1.0991 1.70975 2.5052 1.41686 1.30623 2.14399 1.90109
threshold=0.90650052576674511 -0.32520228189259009 0.92891295707234034 17.932125293242176 0.32846817388215893 1.1698622560042178 0.94122701716124191 -0.11837126072797564 0.52630807485274522 -0.052461042371468945 15.817145833333333 18.341041666666669 17.422161431398365 1.326441321015108
decision_type=2 2 2 2 2 2 2 2 2 2 2 2 2 2
left_child=7 2 -2 4 -3 -4 -5 11 9 -9 -10 12 -1 -13
right_child=1 3 5 6 -6 -7 -8 8 10 -11 -12 13 -14 -15
leaf_value=-0.0014286356625894195 -0.0025583400751706489 -0.00034965112314307324 0.00084185004734795368 -0.00014011660094187818 -0.0022289758594423105 -0.0014979099800106234 0.00032520816199928709 -0.00083055453089764459 0.001452740287440236 5.3691585211830457e-05 0.00025045844228685336 -0.00088085921143461212 0.0012781086056384884 0.00039694197095725361
leaf_weight=126.31086993217468 222.57566115260124 2284.4118881523609 219.02567446231842 6783.5132746994495 200.01945477724075 161.67869830131531 3250.3464730381966 1576.7714297473431 438.42934486269951 6726.6247565150261 4063.2024140655994 531.67328849434853 1072.9440840780735 3495.409969419241
leaf_count=184 333 3408 331 10328 298 257 4803 2390 667 10191 5986 789 1630 5203
internal_value=3.27495e-05 -0.000136888 -0.00104686 -9.20758e-05 -0.000506647 -0.000128312 9.65802e-06 0.000156752 5.60636e-05 -0.000113178 0.000370366 0.000401421 0.000982794 0.000225406
internal_weight=31152.9 13121.6 603.28 12518.3 2484.43 380.704 10033.9 18031.4 12805 8303.4 4501.63 5226.34 1199.25 4027.08
internal_count=46798 19758 921 18837 3706 588 15131 27040 19234 12581 6653 7806 1814 5992
is_linear=0
shrinkage=0.02


Tree=306
num_leaves=14
num_cat=0
split_feature=0 33 20 6 41 41 47 15 41 27 27 46 15
split_gain=1.0558 1.31307 1.33972 1.15213 1.68178 1.31676 1.3106 1.07796 0.995718 1.65053 1.0147 0.910636 0.882911
threshold=15.666111851455229 1.0000000180025095e-35 4.2988891748934011 4.5000000000000009 1.2648132837765385 1.1362015306397348 0.84619417224577165 2.3022529588141674 1.1750363147161746 1.279171214910779 1.6037345096879736 1.1547619047619049 3.5979114315701373
decision_type=2 2 2 2 2 2 2 2 2 2 2 2 2
left_child=1 11 7 8 5 -5 -6 -3 10 -10 -2 12 -1
right_child=3 2 -4 4 6 -7 -8 -9 9 -11 -12 -13 -14
leaf_value=-0.00023337156360743146 1.2501785381604469e-05 -0.0015937134775925927 0.0017920921765314569 -0.00031155850590975856 0.00041515746005079681 0.0024227291140006334 -0.0025143784247426042 0.00016173704203309645 0.0001102993155312903 0.0010885890847752808 -0.0005720001780153063 0.0033351327571455253 0.0015205058599196408
leaf_weight=163.21778857707977 20270.853996574879 148.04862022399902 188.26638674736023 2036.3346065878868 73.81831631064415 70.366249769926071 238.44080594182014 2018.366951584816 3416.8232093751431 872.76037576794624 1258.5695705413818 75.414801388978958 321.65560230612755
leaf_count=232 30581 259 289 2935 109 97 351 3099 5174 1291 1836 107 438
internal_value=3.20749e-05 0.000394368 0.000181869 -4.9954e-06 -0.000422485 -0.000213277 -0.00179178 3.5802e-05 3.37612e-05 0.000312087 -2.12526e-05 0.00126581 0.000911044
internal_weight=31152.9 2914.97 2354.68 28238 2418.96 2106.7 312.259 2166.42 25819 4289.58 21529.4 560.288 484.873
internal_count=46798 4424 3647 42374 3492 3032 460 3358 38882 6465 32417 777 670
is_linear=0
shrinkage=0.02


Tree=307
num_leaves=13
num_cat=0
split_feature=22 32 18 32 45 43 52 26 50 43 13 19
split_gain=1.72049 2.35162 1.40365 1.67115 1.29542 1.28928 1.21885 1.14688 1.02933 0.845687 0.797177 0.77045
threshold=1.7898057267576821 1.1500000000000001 3.1667630802651456 1.0500000000000003 4.6750000000000007 -0.34999999999999992 1.4500000000000002 0.89444444444444449 -0.25304061009524664 0.14999999999999999 1.3851632734003172 0.043116496985255957
decision_type=2 2 2 2 2 2 2 2 2 2 2 2
left_child=2 5 4 6 7 -2 -4 -1 -3 -10 -7 -5
right_child=1 8 3 11 -6 10 -8 -9 9 -11 -12 -13
leaf_value=3.4680170944633749e-06 0.0016379690381727117 0.0022134540318855924 -0.0021803164548941417 0.00094088908697416906 0.0027211945212932262 -0.00095289524871810377 -0.00046763826784704688 0.00027555931267538687 0.0020579664294773413 -9.0836114947879552e-05 -0.00016374199477768811 -0.00050865130325584474
leaf_weight=16321.937646001577 90.523297876119614 136.47358268499374 300.3462692797184 299.50216427445412 74.420814633369446 1907.0058598518372 415.39802205562592 10062.297907054424 84.309881180524826 439.6418668627739 745.74145132303238 275.33851861953735
leaf_count=24813 143 204 480 436 105 2858 591 14722 131 671 1245 399
internal_value=3.14599e-05 -0.000392272 8.38193e-05 -0.000558408 0.000115563 -0.000652019 -0.00120433 0.000107629 0.00067028 0.000242429 -0.000735105 0.000229893
internal_weight=31152.9 3403.7 27749.2 1290.58 26458.7 2743.27 715.744 26384.2 660.425 523.952 2652.75 574.841
internal_count=46798 5252 41546 1906 39640 4246 1071 39535 1006 802 4103 835
is_linear=0
shrinkage=0.02


Tree=308
num_leaves=14
num_cat=0
split_feature=22 12 51 24 18 0 45 51 30 30 46 24 12
split_gain=1.65159 1.38618 1.62127 1.48574 1.34914 1.29027 1.24539 1.16306 1.00622 1.2546 1.17426 0.926007 0.917218
threshold=1.7898057267576821 19.021465169155977 1.2561480847949755 1.4243126031923665 3.1667630802651456 35.695145843750716 4.6750000000000007 0.90301391905812156 -0.23246471809399091 -0.0099339714195587486 2.5857142857142863 0.46120515530715606 18.197154439824619
decision_type=2 2 2 2 2 2 2 2 2 2 2 2 2
left_child=4 2 5 11 6 -2 7 -1 10 -10 -6 -3 -4
right_child=1 3 12 -5 8 -7 -8 -9 9 -11 -12 -13 -14
leaf_value=0.00021689625217387914 -0.00059355636124704776 0.0012001312681845413 -0.0031308141388577317 0.0025167204627526037 -0.001093031503441654 0.001365168472782429 0.0026681949298483117 -5.2201118434118155e-05 -0.0016451411511044845 -0.00022333798976009644 0.0017808330618983121 -0.00031666615216334118 -0.00098971724905672054
leaf_weight=15497.336926430464 1670.360700070858 191.64990001916885 150.05382609367371 95.612915962934494 88.65725964307785 141.72247657179832 74.420814633369446 10886.898626625538 430.13308560848236 631.27564367651939 140.51898530125618 936.93623775243759 217.35988330841064
leaf_count=23188 2567 313 228 138 129 204 105 16347 644 931 202 1444 358
internal_value=3.08377e-05 -0.000384312 -0.000687414 0.000147399 8.2144e-05 -0.000433516 0.000113272 0.000105484 -0.000547464 -0.000810934 0.000625978 -4.85801e-05 -0.00190344
internal_weight=31152.9 3403.7 2179.5 1224.2 27749.2 1812.08 26458.7 26384.2 1290.58 1061.41 229.176 1128.59 367.414
internal_count=46798 5252 3357 1895 41546 2771 39640 39535 1906 1575 331 1757 586
is_linear=0
shrinkage=0.02


Tree=309
num_leaves=14
num_cat=0
split_feature=22 32 18 32 24 12 20 45 26 50 24 24 41
split_gain=1.58613 2.24508 1.29657 1.59847 1.60117 1.24689 1.31111 1.19731 1.10383 0.986621 1.20309 0.974092 0.881666
threshold=1.7898057267576821 1.1500000000000001 3.1667630802651456 1.0500000000000003 1.2983031020356519 19.021465169155977 0.24504093720691242 4.6750000000000007 0.89444444444444449 -0.25304061009524664 1.5383991189460484 1.559766074330093 0.96372698756446473
decision_type=2 2 2 2 2 2 2 2 2 2 2 2 2
left_child=2 5 7 4 -4 6 -2 8 -1 -3 -11 -5 -7
right_child=1 9 3 11 -6 12 -8 -9 -10 10 -12 -13 -14
leaf_value=1.1735140092915762e-06 -0.00028392071636730657 0.0021726847208621909 -0.00065722686370572718 0.00072292799781062541 -0.0030247951918679588 -0.0004263437499111207 -0.0014115668537795776 0.0026162275965301556 0.00026810800878323762 -0.00013665594272031857 0.0025341480185390587 -0.001157048883261903 0.00091067774062000395
leaf_weight=16321.937646001577 732.22370997071266 136.47358268499374 567.50475251674652 431.38144785165787 148.23953881859779 713.46977168321609 1028.3267488479614 74.420814633369446 10062.297907054424 447.52327042818069 76.428477615118027 143.4592350423336 269.25037854909897
leaf_count=24813 1171 204 847 630 224 1105 1550 105 14722 697 105 205 420
internal_value=3.02039e-05 -0.000376626 8.04891e-05 -0.000536706 -0.00116857 -0.000630485 -0.0009491 0.00011101 0.000103367 0.000661476 0.000242074 0.000234034 -4.87594e-05
internal_weight=31152.9 3403.7 27749.2 1290.58 715.744 2743.27 1760.55 26458.7 26384.2 660.425 523.952 574.841 982.72
internal_count=46798 5252 41546 1906 1071 4246 2721 39640 39535 1006 802 835 1525
is_linear=0
shrinkage=0.02


Tree=310
num_leaves=15
num_cat=0
split_feature=0 17 0 51 39 22 37 24 20 24 20 46 22 46
split_gain=1.20538 2.13658 1.44099 1.37139 1.871 1.68517 1.19299 1.03012 1.23639 1.09615 2.37467 0.974924 0.917568 0.849141
threshold=17.029274344087948 0.983883050741579 17.89473681141865 0.87678281408117742 1.7500000000000002 2.3685179570228541 0.8405193806948198 0.48827835101646977 1.0146940891624328 0.6302628563353514 1.0399723438904458 0.2678571428571429 1.9960871624095431 0.84523809523809534
decision_type=2 2 2 2 2 2 2 2 2 2 2 2 2 2
left_child=7 2 -2 5 -5 -3 -4 8 13 10 -9 -11 -10 -1
right_child=1 3 6 4 -6 -7 -8 9 12 11 -12 -13 -14 -15
leaf_value=-2.8887153980872733e-05 -0.0020102671845533241 0.00016977915866334164 -0.0007611351939560149 -0.000135082967090572 -0.0014953903261139196 -0.00077186334650607982 0.00095423114795546075 0.0019699060363190688 0.00039656674343625976 -0.0014599788753047649 -0.00020249913600759801 0.00041428681092259268 0.0026789100318894156 -0.0010667557716913714
leaf_weight=1198.5491941869259 317.86906310915947 12442.477464288473 961.96942538022995 11404.236763328314 419.49029850959778 804.83329540491104 188.55629867315292 537.73537755012512 789.14622065424919 120.62199610471725 307.94489511847496 1049.5880194306374 78.37069246172905 436.62525546550751
leaf_count=1835 486 18555 1483 17145 633 1244 282 761 1189 176 422 1616 121 706
internal_value=-1.97158e-05 -7.14329e-05 -0.000812638 -2.75608e-05 -0.000184435 0.000111708 -0.000470164 0.000281725 6.57233e-06 0.000618021 0.00116844 0.0002104 0.00061994 -0.000313092
internal_weight=31058 26539.4 1468.39 25071 11823.7 13247.3 1150.53 4518.58 2502.69 2015.89 845.68 1170.21 867.517 1635.17
internal_count=46654 39828 2251 37577 17778 19799 1765 6826 3851 2975 1183 1792 1310 2541
is_linear=0
shrinkage=0.02


Tree=311
num_leaves=9
num_cat=0
split_feature=0 20 50 51 51 20 47 24
split_gain=1.15899 1.28843 1.23236 1.21086 1.84014 1.23932 1.04794 1.13864
threshold=15.563214995714118 5.7936770156728761 0.77708212014519151 0.90301391905812156 0.63331950176461282 3.9745048506596246 0.23738190973970966 0.50442738228069384
decision_type=2 2 2 2 2 2 2 2
left_child=1 6 3 4 -2 -5 -1 -8
right_child=2 -3 -4 5 -6 -7 7 -9
leaf_value=-0.00084957554697196998 -0.00014283155052550076 0.0026176361105297243 0.0013812365410260439 -0.00018178575234655735 0.00028895608218855944 -0.0012574246184348515 7.3883300796751301e-05 0.00097821460678454777
leaf_weight=284.96798712015152 9164.6671897172928 97.394405215978622 233.31257301568985 11502.622501909733 6918.5102232694626 447.28167182207108 1498.3153489232063 910.94235867261887
leaf_count=425 13794 142 352 17313 10309 669 2295 1355
internal_value=-1.93361e-05 0.000368797 -5.80457e-05 -7.04788e-05 4.23019e-05 -0.000223087 0.000281913 0.000420487
internal_weight=31058 2791.62 28266.4 28033.1 16083.2 11949.9 2694.23 2409.26
internal_count=46654 4217 42437 42085 24103 17982 4075 3650
is_linear=0
shrinkage=0.02


Tree=312
num_leaves=13
num_cat=0
split_feature=0 18 15 50 41 37 41 41 37 16 22 18
split_gain=1.12706 1.84116 2.44684 1.56158 1.29034 1.21134 1.04523 1.54742 1.03699 0.910187 0.844684 0.791113
threshold=17.029274344087948 1.334158513282621 6.283046297823998 0.77708212014519151 0.79676987719359038 0.34179096042276619 1.9166547898254478 0.9512320242985226 0.47195452212758454 4.5225000000000017 -1.6677062133942553 2.9387886959257821
decision_type=2 2 2 2 2 2 2 2 2 2 2 2
left_child=6 2 5 4 -3 -2 7 10 -8 -4 -1 -5
right_child=1 3 9 11 -6 -7 8 -9 -10 -11 -12 -13
leaf_value=0.0014464420272911652 -0.00043233468300487318 -0.00010453580495118576 -0.0016139839766977774 0.0026262161796401472 0.00024159172506972156 -0.0012772980848495498 -7.0947894564347305e-05 -0.00079412634858326439 0.0028091900477401127 0.00032159619154540709 0.00026346955326106333 0
leaf_weight=263.11258867383003 1700.6589452922344 15958.339587241411 100.86149072647095 134.18552058935165 5895.5800834298134 1193.3635202050209 72.208521276712418 535.30507275462151 123.04398885369301 1476.2270240485668 3524.9114794135094 80.216437160968781
leaf_count=400 2541 24019 164 214 8752 1779 112 795 200 2248 5319 111
internal_value=-1.89327e-05 -6.89516e-05 -0.000438974 5.59598e-06 -1.06891e-05 -0.000784854 0.000272536 0.000204844 0.00170344 0.000189587 0.000348996 0.0016965
internal_weight=31058 26539.4 4471.11 22068.3 21853.9 2894.02 4518.58 4323.33 195.253 1577.09 3788.02 214.402
internal_count=46654 39828 6732 33096 32771 4320 6826 6514 312 2412 5719 325
is_linear=0
shrinkage=0.02


Tree=313
num_leaves=14
num_cat=0
split_feature=0 18 41 12 41 0 37 41 41 12 37 24 24
split_gain=1.08261 1.76901 1.25221 1.5275 1.43453 1.15868 1.03102 1.00292 1.48669 1.28877 0.99823 0.830343 0.7964
threshold=17.029274344087948 1.334158513282621 0.79676987719359038 18.176765619187179 0.62733870549866844 17.602413587407352 1.6690004123451307 1.9166547898254478 0.9512320242985226 18.187245324171204 0.47195452212758454 0.5088932112641944 0.39401723264654648
decision_type=2 2 2 2 2 2 2 2 2 2 2 2 2
left_child=7 5 4 -4 -3 12 -7 8 11 -10 -9 -1 -2
right_child=1 2 3 -5 -6 6 -8 10 9 -11 -12 -13 -14
leaf_value=8.2437685848467249e-05 -0.0025088055739492382 -4.8693756183445731e-05 -0.00022947280067360404 0.00046451579105612976 -0.0010663024343910107 -0.00036510378129480167 0.0015572924476702117 -6.9567142618128021e-05 0.00073918877306580885 -0.0013999104846683335 0.0027539048641535063 0.0006875378548419198 -0.00075899908412923895
leaf_weight=2180.517974615097 159.90640300512314 15527.823472738266 1800.653725117445 4165.4270642399788 574.41736632585526 3821.4509213268757 111.23249095678329 72.208521276712418 150.77117091417313 384.53390184044838 123.04398885369301 1607.5060934722424 378.52116498351097
leaf_count=3342 250 23406 2683 6174 833 5766 175 112 230 565 200 2377 541
internal_value=-1.85371e-05 -6.75658e-05 5.49765e-06 0.000253377 -8.57439e-05 -0.000430266 -0.000307425 0.000267118 0.000200755 -0.000778303 0.00166891 0.000342087 -0.00130454
internal_weight=31058 26539.4 22068.3 5966.08 16102.2 4471.11 3932.68 4518.58 4323.33 535.305 195.253 3788.02 538.428
internal_count=46654 39828 33096 8857 24239 6732 5941 6826 6514 795 312 5719 791
is_linear=0
shrinkage=0.02


Tree=314
num_leaves=15
num_cat=0
split_feature=22 36 15 17 0 27 15 0 51 37 22 17 0 0
split_gain=1.11108 1.40354 1.2648 2.13761 1.98402 1.42087 1.17825 1.46664 1.14157 0.859545 0.90679 0.827449 0.823619 0.820824
threshold=-0.71281259647571005 0.11805555555555557 12.140052730901747 2.8955967028778056 29.017105210884022 0.472708083943983 2.5257590925032756 16.734602086435135 0.71957590496560664 0.22969244237933292 -0.10822920595361558 2.0126714503962835 12.99954192808349 16.336901456802785
decision_type=2 2 2 2 2 2 2 2 2 2 2 2 2 2
left_child=2 9 4 5 13 -4 12 -8 -5 10 -2 -6 -3 -1
right_child=1 6 3 8 11 -7 7 -9 -10 -11 -12 -13 -14 -15
leaf_value=0.00070825271809169053 -0.00097120277085692007 0.00020091100572880403 -0.00082888370042370459 0.0010994699295089666 -0.0016800594873115653 0.0013588431813661252 0.00049444319124504216 -6.4442252708166083e-05 -0.00030467492925919103 0.0015430657518240517 -0.00028588564090811303 -0.00038756383806047388 -0.002018438418842786 4.9062756544120488e-05
leaf_weight=914.09621065855026 1070.035793453455 89.106792569160461 125.40095660090446 291.87102755904198 313.65171402692795 1133.0098918378353 2136.9654663801193 15388.446436196566 1090.2058334648609 82.800756484270096 3045.3016303479671 615.70286744832993 194.86753898859024 4566.5513436496258
leaf_count=1391 1618 139 198 431 464 1689 3178 23153 1578 124 4573 901 348 6869
internal_value=-1.8173e-05 -9.51747e-05 0.000167942 0.00053625 1.45447e-05 0.00113193 -1.70261e-05 3.18369e-06 0 -0.000424151 -0.00046689 -0.000837182 -0.00129054 0.000161049
internal_weight=31058 22007.5 9050.49 2640.49 6410 1258.41 17809.4 17525.4 1382.08 4198.14 4115.34 929.355 283.974 5480.65
internal_count=46654 33133 13521 3896 9625 1887 26818 26331 2009 6315 6191 1365 487 8260
is_linear=0
shrinkage=0.02


Tree=315
num_leaves=10
num_cat=0
split_feature=22 31 30 47 20 23 31 23 47
split_gain=1.22037 1.52759 1.25377 1.1572 1.03374 1.00154 1.71147 0.735485 0.706016
threshold=-0.74411231514641007 1.5501297730247081 0.4019588908011289 0.18828920831116203 1.9113756094814358 1.1613490370896431 1.6373046358940768 0.87856238143539822 0.1143129928150262
decision_type=2 2 2 2 2 2 2 2 2
left_child=1 2 4 8 -1 7 -7 -5 -2
right_child=3 -3 -4 5 -6 6 -8 -9 -10
leaf_value=0.00020090713970244035 0 -0.00092558493408661016 0.0028931371472087613 4.2410495991978611e-05 0.0010422680344438673 4.3375294059313585e-05 0.00098195801597525129 -0.00025206958577750241 -0.0020550567133343139
leaf_weight=7586.0547278821468 101.49592846632004 427.88071283698082 72.300095021724701 5618.9574964642525 639.95167729258537 7163.8025269508362 873.87923902273178 8364.662233799696 181.44793567061424
leaf_count=11330 145 656 104 8349 933 10993 1382 12369 271
internal_value=3.08193e-05 0.000231508 0.000292584 -4.72626e-05 0.000267815 -3.04086e-05 0.000146883 -0.000133036 -0.00131448
internal_weight=31030.4 8726.19 8298.31 22304.2 8226.01 22021.3 8037.68 13983.6 282.944
internal_count=46532 13023 12367 33509 12263 33093 12375 20718 416
is_linear=0
shrinkage=0.02


Tree=316
num_leaves=13
num_cat=0
split_feature=12 1 47 34 0 1 31 31 15 1 23 1
split_gain=1.17989 1.65782 2.00181 1.82553 1.40849 1.42065 1.54328 1.19102 1.16882 1.64299 1.28406 1.13772
threshold=18.77456232052489 33.407166666666676 1.0287620414229364 0.11136747690223617 20.465039692286574 29.956833333333339 1.6622973744542113 0.97028049534975069 13.784524838845163 30.753166666666669 1.1777768477298525 26.584833333333332
decision_type=2 2 2 2 2 2 2 2 2 2 2 2
left_child=4 8 -3 -4 11 7 -7 -6 9 -2 -10 -1
right_child=1 2 3 -5 5 6 -8 -9 10 -11 -12 -13
leaf_value=0.00015092623503060759 9.9077757768220947e-05 0.0036675422999512325 -0.0023653411888889296 0.0007408543062120222 -0.00021398783252627327 -6.1335801002138784e-05 0.0013684712204728605 -0.00082204472707233015 0.00036590232283083209 -0.00072747949137674686 0.0021106746839612122 0.0021987877088726977
leaf_weight=4919.4239975512028 10033.993197321892 88.736230581998825 76.385792046785355 1516.8137878775597 3849.5152585506439 5831.0187144577503 316.31683588027954 1988.5371203422546 1032.2207589447498 1061.2262617945671 206.27698668837547 109.96763136982918
leaf_count=7439 15032 131 125 2306 5734 8768 509 2909 1447 1632 311 189
internal_value=3.02199e-05 0.000166325 0.000755723 0.00058288 -8.13132e-05 -0.000199598 1.10312e-05 -0.000423025 8.50293e-05 1.90019e-05 0.000667497 0.000198546
internal_weight=31030.4 14015.7 1681.94 1593.2 17014.8 11985.4 6147.34 5838.05 12333.7 11095.2 1238.5 5029.39
internal_count=46532 20984 2562 2431 25548 17920 9277 8643 18422 16664 1758 7628
is_linear=0
shrinkage=0.02


Tree=317
num_leaves=14
num_cat=0
split_feature=22 28 20 47 37 34 37 34 34 51 51 40 47
split_gain=1.1793 1.13746 1.55149 1.10531 0.961266 1.1084 1.35531 1.24379 0.894412 0.818287 1.17565 0.770724 0.693269
threshold=-0.74411231514641007 2.7500000000000004 0.87180142913715397 0.18828920831116203 0.036514277525173458 0.39949843944974478 0.58570457687917277 0.33197379285786355 0.44406626250996234 0.48370727623659981 0.99757035909824865 -0.18355408954410232 0.1143129928150262
decision_type=2 2 2 2 2 2 2 2 2 2 2 2 2
left_child=4 3 8 12 9 7 -7 -6 -3 -1 -11 -5 -2
right_child=1 2 -4 11 5 6 -8 -9 -10 10 -12 -13 -14
leaf_value=-0.0015836899402020327 0 0.00022319738277046708 -0.0012006143170605014 0.00032858601215030877 0.00034939953847838197 -0.0003557042772292679 0.00035696055008145404 0.0012728174289540802 0.0031533869019121624 0.0010854917915516179 -0.0012481567490009869 -8.4817592379686792e-05 -0.002038462895997066
leaf_weight=201.59432420134544 101.49592846632004 73.381800889968872 70.740720450878143 1976.3258627057076 3036.7674276530743 1797.6975235641003 2606.003472328186 740.35386234521866 127.28012493252754 186.43340241909027 157.33720052242279 19773.987355589867 181.0335673391819
leaf_count=321 145 104 98 2953 4637 2644 3820 1073 174 289 239 29765 270
internal_value=2.96368e-05 -4.71147e-05 0.00123321 -6.34501e-05 0.000226926 0.000281983 6.37343e-05 0.000533623 0.00214394 -0.000578709 0 -4.67675e-05 -0.00130324
internal_weight=31030.4 22304.2 271.403 22032.8 8726.19 8180.82 4403.7 3777.12 200.662 545.365 343.771 21750.3 282.529
internal_count=46532 33509 376 33133 13023 12174 6464 5710 278 849 528 32718 415
is_linear=0
shrinkage=0.02


Tree=318
num_leaves=12
num_cat=0
split_feature=22 31 1 28 23 41 27 32 52 36 1
split_gain=1.13253 1.47368 1.10839 1.09301 0.970174 1.4224 0.942633 2.09278 0.899397 0.840177 0.757413
threshold=-0.74411231514641007 1.5501297730247081 22.121944444444448 2.7500000000000004 1.1613490370896431 1.9645804194895831 0.79193122218815037 1.5500000000000003 0.8500000000000002 0.58571428571428574 12.692000000000002
decision_type=2 2 2 2 2 2 2 2 2 2 2
left_child=1 6 -3 4 8 -6 10 -8 -2 -5 -1
right_child=3 2 -4 9 5 -7 7 -9 -10 -11 -12
leaf_value=0.00077658314968973258 -0.00041882640827335015 -0.0021764139026650554 -5.5492637202177426e-05 6.1667610463433755e-05 4.9246007180439297e-05 0.0012585681944703221 0.00065116577612164676 -0.0011374625780744211 -6.1238639360359075e-05 0.0023584472401839067 -9.104725695137913e-06
leaf_weight=554.30074962973595 3951.9108255505562 167.25932931900024 260.62138351798058 141.25148075819016 7601.0732663869858 409.74376541376114 3492.9894531667233 277.25778988003731 10070.114856749773 130.1511655151844 3973.7585075199604
leaf_count=847 5907 263 393 198 11681 666 5115 403 14879 178 6002
internal_value=2.90459e-05 0.000222387 -0.000914095 -4.61606e-05 -6.21823e-05 0.000112648 0.000282398 0.000516449 -0.000162778 0.00120886 8.51679e-05
internal_weight=31030.4 8726.19 427.881 22304.2 22032.8 8010.82 8298.31 3770.25 14022 271.403 4528.06
internal_count=46532 13023 656 33509 33133 12347 12367 5518 20786 376 6849
is_linear=0
shrinkage=0.02


Tree=319
num_leaves=11
num_cat=0
split_feature=22 47 30 30 53 27 37 24 16 47
split_gain=1.0868 1.06729 0.98362 1.59066 1.31017 1.06257 0.924308 0.897312 0.859353 0.653123
threshold=-0.74411231514641007 0.18828920831116203 0.10421935834473402 0.4019588908011289 2.1500000000000008 0.69933824937671096 0.42687693939481913 1.8820325343224595 16.222500000000004 0.1143129928150262
decision_type=2 2 2 2 2 2 2 2 2 2
left_child=2 9 4 6 5 -1 -4 8 -3 -2
right_child=1 7 3 -5 -6 -7 -8 -9 -10 -11
leaf_value=0.00011575000390056805 0 -0.00010048087697086509 4.1101739794664119e-05 0.0019006992569422683 -0.0012704839689627284 0.00061474143105302848 -0.00095519945098977157 0.0011507271900051653 0.00023361414748409302 -0.0019745367950673776
leaf_weight=3493.5560802817345 101.49592846632004 18070.107808917761 771.9819216132164 125.35894057154655 197.09347024559975 3452.0234949588776 686.173305362463 252.3069204390049 3698.8867668807507 181.44793567061424
leaf_count=5295 145 27161 1150 180 288 5092 1018 395 5537 271
internal_value=2.84602e-05 -4.52047e-05 0.000217862 -0.000229238 0.000318419 0.000365299 -0.000421552 -2.90004e-05 -4.32374e-05 -0.00126223
internal_weight=31030.4 22304.2 8726.19 1583.51 7142.67 6945.58 1458.16 22021.3 21769 282.944
internal_count=46532 33509 13023 2348 10675 10387 2168 33093 32698 416
is_linear=0
shrinkage=0.02


Tree=320
num_leaves=12
num_cat=0
split_feature=25 21 32 3 3 25 50 3 23 29 21
split_gain=1.05137 1.33119 1.11221 0.994943 1.88717 0.944568 0.929514 1.04632 0.650042 0.610654 0.574881
threshold=1.9000000000000001 1.0967442063610655 1.6500000000000001 49.799609463113498 49.885162502823214 1.7750000000000001 -0.19808043303445502 49.666548587762698 0.71700615752601848 1.7500000000000002 0.8513260686169809
decision_type=2 2 2 2 2 2 2 2 2 2 2
left_child=2 8 3 5 -5 -1 -4 -8 -2 -3 -10
right_child=1 9 6 4 -6 -7 7 -9 10 -11 -12
leaf_value=-2.8491803917293085e-05 -0.00079169246023715924 -0.0016509772088611435 0.00029891287092502955 0.0018718396429997534 7.2090289631338711e-05 -0.0007863977380544371 -0.0016322261343642444 0.00068555291317988379 0.0027333981662346412 0.00028782799321935403 0.00085790359315951481
leaf_weight=27078.003912717104 77.93405094742775 134.90234637260437 205.80566400289536 311.86099463701248 956.34345895051956 673.85863202810287 453.50968509912491 86.120794504880905 76.392214089632034 108.71970763802528 849.36230406165123
leaf_count=40539 108 194 309 456 1638 975 689 127 104 149 1230
internal_value=-1.77402e-05 0.000550084 -4.19059e-05 -2.19305e-05 0.000524785 -4.73106e-05 -0.000804039 -0.0012427 0.000876395 -0.000749747 0.001029
internal_weight=31012.8 1247.31 29765.5 29020.1 1268.2 27751.9 745.436 539.63 1003.69 243.622 925.755
internal_count=46518 1785 44733 43608 2094 41514 1125 816 1442 343 1334
is_linear=0
shrinkage=0.02


Tree=321
num_leaves=14
num_cat=0
split_feature=44 46 46 16 16 24 18 18 25 21 1 24 40
split_gain=1.21271 2.4746 1.47697 1.6541 1.71364 1.17052 1.62646 1.12422 1.10948 1.6303 1.18563 1.00028 0.948362
threshold=0.63564110458952894 0.89444444444444449 0.78888888888888908 5.9100000000000028 4.8900000000000023 0.34378316184163815 0.58667464675916303 2.3756777690802084 1.9000000000000001 1.0967442063610655 36.642833333333343 0.34920877966610192 -0.17284442814457954
decision_type=2 2 2 2 2 2 2 2 2 2 2 2 2
left_child=1 5 3 4 -2 6 -1 -5 10 -10 -4 -3 -7
right_child=2 11 8 7 -6 12 -8 -9 9 -11 -12 -13 -14
leaf_value=0.0028047726833691656 0.0003176500857238468 -0.00017551821740061996 -1.992407786341174e-05 0.00065831857943191843 -0.001113724886366602 0.00048281684430154226 -7.2938664248026292e-05 0.0027322378876297243 0.00094478972068315077 -0.00095296713716954892 -0.00061750759058453624 0.0026452554599329281 -0.00071981144989976804
leaf_weight=83.93684059381485 1256.5751936733723 65.322570234537125 20240.166382133961 1965.2666323184967 452.62671449780464 276.02105259895325 857.61555176973343 112.7616765499115 934.34716498851776 217.83388188481331 1423.1253641247749 149.75908622145653 2977.4556534588337
leaf_count=131 1968 125 30336 2928 684 400 1367 172 1343 307 2164 277 4316
internal_value=-1.73636e-05 -0.000324664 3.32244e-05 0.000399053 -5.6418e-05 -0.000434135 0.000178405 0.000778184 -2.70922e-05 0.000576302 -5.9696e-05 0.00174877 -0.000614476
internal_weight=31012.8 4410.11 26602.7 3787.23 1709.2 4195.03 941.552 2078.03 22815.5 1152.18 21663.3 215.082 3253.48
internal_count=46518 6616 39902 5752 2652 6214 1498 3100 34150 1650 32500 402 4716
is_linear=0
shrinkage=0.02


Tree=322
num_leaves=8
num_cat=0
split_feature=25 32 40 3 3 1 3
split_gain=1.02183 1.14246 0.945475 0.942122 1.84566 0.798689 0.72073
threshold=2.9000000000000004 1.6500000000000001 -0.14564305456101193 49.799609463113498 49.885162502823214 36.642833333333343 47.856451489692638
decision_type=2 2 2 2 2 2 2
left_child=1 3 -3 5 -5 -1 -4
right_child=-2 2 6 4 -6 -7 -8
leaf_value=-5.0105950967540558e-06 0.0021128248703278095 -0.0022298201882719778 -0.00094625473471879708 0.0017828216144316297 8.0513773368521194e-05 -0.0005271266621345496 0.00033090766437304401
leaf_weight=27448.615217596292 87.742574721574783 143.49849873781204 428.69904118776321 339.8252004981041 1056.5326252281666 1224.4075822532177 283.4930248260498
leaf_count=41005 123 212 646 495 1804 1814 419
internal_value=-1.70009e-05 -2.35034e-05 -0.000743292 -2.63959e-06 0.000503905 -2.76902e-05 -0.000424366
internal_weight=31012.8 30925.1 855.691 30069.4 1396.36 28673 712.192
internal_count=46518 46395 1277 45118 2299 42819 1065
is_linear=0
shrinkage=0.02


Tree=323
num_leaves=14
num_cat=0
split_feature=44 46 46 21 41 24 44 25 21 33 24 47 21
split_gain=1.16494 2.37489 1.42061 1.1392 1.28954 1.1238 1.0598 1.05694 1.568 1.12122 0.963153 0.947329 0.761046
threshold=0.63564110458952894 0.89444444444444449 0.78888888888888908 1.0025741472530563 1.9166547898254478 0.34378316184163815 0.92643856157440629 1.9000000000000001 1.0967442063610655 0.65000000000000013 0.34920877966610192 0.4154960169430863 1.2292156083199934
decision_type=2 2 2 2 2 2 2 2 2 2 2 2 2
left_child=1 5 3 4 -2 12 -5 9 -9 -4 -3 -7 -1
right_child=2 10 7 6 -6 11 -8 8 -10 -11 -12 -13 -14
leaf_value=-3.631590077746469e-05 -2.6635405247056376e-05 -0.00017249597148365729 2.9931335887441442e-05 0.00050973086680267338 0.0025692424435941712 -0.00023152174331343115 0.0017641883205917423 0.00092419310002369139 -0.00093668653350803836 -0.00029194016845318117 0.0025930355350491717 -0.00092611879144616021 0.0016222319852863757
leaf_weight=817.3188641667366 1982.0278686881065 65.322570234537125 15711.47225779295 1378.7702687382698 77.392474293708801 1534.8612242341042 349.03960531949997 934.34716498851776 217.83388188481331 5951.819488465786 149.75908622145653 1718.6154818236828 124.23352819681168
leaf_count=1300 3074 125 23600 2000 125 2225 553 1343 307 8900 277 2491 198
internal_value=-1.66537e-05 -0.000317848 3.29216e-05 0.000391703 6.8464e-05 -0.000425131 0.000770675 -2.62248e-05 0.000562693 -5.80576e-05 0.0017132 -0.000601851 0.000174898
internal_weight=31012.8 4410.11 26602.7 3787.23 2059.42 4195.03 1727.81 22815.5 1152.18 21663.3 215.082 3253.48 941.552
internal_count=46518 6616 39902 5752 3199 6214 2553 34150 1650 32500 402 4716 1498
is_linear=0
shrinkage=0.02


Tree=324
num_leaves=9
num_cat=0
split_feature=3 3 24 33 15 13 23 23
split_gain=0.947311 1.02747 0.993272 0.87344 1.87843 1.47328 0.805146 0.867652
threshold=49.799609463113498 49.885162502823214 2.2453353698666048 -0.24999999999999992 6.3585375804352076 0.86918181792603566 0.83431615601114306 0.90279411098533513
decision_type=2 2 2 2 2 2 2 2
left_child=2 -2 3 4 -1 -5 -3 -8
right_child=1 6 -4 5 -6 -7 7 -9
leaf_value=0.00078260900826158236 0.0013867157581454797 0.0012846495604633727 0.0019660883560658525 -0.00021478217115838155 -7.5835756586459087e-05 0.00010395715599020476 -0.0017485569350376554 0.00013403390272622638
leaf_weight=1506.6460390388966 369.4313782453537 209.74303334951401 95.971057057380676 15590.197303235531 3092.1777752935886 9187.3559525310993 108.04829588532448 853.24293041229248
leaf_count=2101 536 337 151 22702 4461 14596 164 1470
internal_value=-1.63046e-05 0.000466326 -4.19e-05 -4.89338e-05 0.000203448 -9.61933e-05 0.000165572 -7.03776e-05
internal_weight=31012.8 1540.47 29472.3 29376.4 4598.82 24777.6 1171.03 961.291
internal_count=46518 2507 44011 43860 6562 37298 1971 1634
is_linear=0
shrinkage=0.02


Tree=325
num_leaves=15
num_cat=0
split_feature=20 20 19 19 19 12 16 21 50 12 19 12 34 44
split_gain=1.60427 1.99964 2.06943 1.4967 1.9155 1.69199 1.23189 1.96014 1.44012 1.10279 1.07708 0.950432 0.904249 0.890811
threshold=-0.35936970439137278 -0.98333817583915806 -1.6275268560701555 1.3776807425136461 1.4024943209339862 18.577745966030637 9.1225000000000005 1.0733866923264139 -0.16364833434359932 18.123914453234764 1.0450090732190482 19.221894966250094 1.1202940618711839 3.8700133282489291
decision_type=2 2 2 2 2 2 2 2 2 2 2 2 2 2
left_child=1 6 9 10 -5 -6 8 -8 -1 -3 13 -4 -12 -2
right_child=3 2 11 4 5 -7 7 -9 -10 -11 12 -13 -14 -15
leaf_value=0.00032401364765718808 -0.00013050294160687231 -0.0023689094455762805 0.00061381736886725663 0.0032183787504405053 -0.00024638227805585369 0.00057300901982779238 0.00025041602955678345 0.0021876077793384244 -0.00032472694837845249 -7.7950372078125848e-06 -0.00090745865621083197 0.0014632001679147297 0.0008812094668283172 0.0013007253937066211
leaf_weight=2112.4223324656487 13854.674863368273 107.93269836902618 2075.446637570858 84.511936724185944 1827.5731774866581 2213.959810256958 2246.6986346840858 231.2726132273674 3843.7597831785679 313.59744679927826 1125.2565858662128 750.21559366583824 118.44372788071632 173.05104467272758
leaf_count=3252 20510 157 3136 126 2722 3465 3393 337 5871 467 1692 1132 181 228
internal_value=3.99798e-05 0.000225332 0.000647217 -7.11374e-05 0.000265845 0.00020007 6.16038e-05 0.000436868 -9.29344e-05 -0.000644301 -0.000162861 0.000843741 -0.000727946 -0.000111951
internal_weight=31078.8 11681.3 3247.19 19397.5 4126.04 4041.53 8434.15 2477.97 5956.18 421.53 15271.4 2825.66 1243.7 14027.7
internal_count=46669 17745 4892 28924 6313 6187 12853 3730 9123 624 22611 4268 1873 20738
is_linear=0
shrinkage=0.02


Tree=326
num_leaves=15
num_cat=0
split_feature=20 20 19 23 19 19 12 52 44 19 21 44 13 12
split_gain=1.54072 1.91955 1.99025 1.53704 1.43762 1.84131 1.62524 1.5342 1.55758 1.35401 1.09645 1.41564 1.36349 1.05928
threshold=-0.35936970439137278 -0.98333817583915806 -1.6275268560701555 0.87856238143539822 1.3776807425136461 1.4024943209339862 18.577745966030637 1.4500000000000002 3.8700133282489291 1.2048728674286961 1.0376879682942772 0.77740072405872451 1.5190089025187785 18.123914453234764
decision_type=2 2 2 2 2 2 2 2 2 2 2 2 2 2
left_child=1 10 13 -4 7 -6 -7 9 -9 -2 12 -12 -1 -3
right_child=4 2 3 -5 5 6 -8 8 -10 -11 11 -13 -14 -15
leaf_value=-0.00017215722844318601 -0.00027085114230474249 -0.0023223931904053311 0.0014307365972762553 0.00045503975253848169 0.0031554992343006661 -0.00024146001583936414 0.0005615591879948727 3.4407094294124617e-05 0.0021073297229147526 -0.0015139677086349072 -0.00064040073183755058 0.00099849278899577141 0.00050352451098444539 -7.6401424770855323e-06
leaf_weight=5745.7586596310139 8875.8451257944107 107.93269836902618 1064.696882545948 1760.9653486907482 84.511936724185944 1827.5731774866581 2213.959810256958 5880.9661552906036 147.08290714025497 367.53203356266022 263.94407057762146 920.57839313149452 1503.8722402155399 313.59744679927826
leaf_count=8549 13261 157 1589 2679 126 2722 3465 8601 188 561 391 1363 2550 467
internal_value=3.92019e-05 0.00022085 0.000634208 0.000826966 -6.96843e-05 0.000260562 0.000196023 -0.000159588 8.73264e-05 -0.000321678 6.0407e-05 0.000624411 -3.05138e-05 -0.000632111
internal_weight=31078.8 11681.3 3247.19 2825.66 19397.5 4126.04 4041.53 15271.4 6028.05 9243.38 8434.15 1184.52 7249.63 421.53
internal_count=46669 17745 4892 4268 28924 6313 6187 22611 8789 13822 12853 1754 11099 624
is_linear=0
shrinkage=0.02


Tree=327
num_leaves=12
num_cat=0
split_feature=19 12 50 21 50 21 13 12 26 34 23
split_gain=1.1703 1.63959 1.9006 1.105 1.04512 1.03633 1.0191 1.43271 0.985771 0.962922 0.66319
threshold=2.9869821049570313 18.232045921203419 0.48062518637183477 0.59422182012715952 -0.14654600107725818 1.0950781398172558 2.5501507561762131 19.110625921499135 1.2111111111111115 0.26127104709481486 1.5510682774390736
decision_type=2 2 2 2 2 2 2 2 2 2 2
left_child=3 5 4 9 -3 10 8 -8 -5 -1 -2
right_child=1 2 -4 6 -6 -7 7 -9 -10 -11 -12
leaf_value=0 -0.00030690012580944319 -0.00026457596954387083 -0.0010469606375386898 -7.8418098199901085e-05 0.0016827055862496687 -0.0018834286051992168 0.00018796154454107643 0.0018921911408597716 0.00024023209421277755 0.0021172056518126048 0.0019461738109681549
leaf_weight=155.73446062207222 198.42918160557747 118.87045738101006 142.66292130947113 23547.779542148113 736.94695192575455 134.6562565267086 894.58179089426994 257.92917937040329 4640.9164174795151 183.38160303235054 66.92812392115593
leaf_count=263 295 200 236 35259 1153 199 1545 445 6692 278 104
internal_value=3.84231e-05 0.000603535 0.0010395 1.14201e-05 0.00140059 -0.000459556 -1.39701e-06 0.000580643 -2.55883e-05 0.00114321 0.000234272
internal_weight=31078.8 1398.49 998.48 29680.3 855.817 400.014 29341.2 1152.51 28188.7 339.116 265.357
internal_count=46669 2187 1589 44482 1353 598 43941 1990 41951 541 399
is_linear=0
shrinkage=0.02


Tree=328
num_leaves=10
num_cat=0
split_feature=47 13 12 13 16 17 16 16 13
split_gain=1.42444 1.18567 1.54269 1.00228 0.975058 0.954722 2.13102 1.28734 0.624849
threshold=0.18828920831116203 1.4021868371523321 18.706948390722786 2.8866202687111548 26.390000000000004 1.6424027830511059 9.4900000000000038 4.5900000000000025 1.2732612060970274
decision_type=2 2 2 2 2 2 2 2 2
left_child=8 5 4 -4 -3 6 -2 -7 -1
right_child=1 2 3 -5 -6 7 -8 -9 -10
leaf_value=-0.00057373170200737699 2.2647838969295046e-05 -2.0982169289354216e-05 0.00049355430142512455 0.0018109343654337663 0.0022737989654357505 -0.0011812301939317438 0.00092851318451971684 -8.8328475268970797e-05 -0.0024036821642429407
leaf_weight=263.34086108207703 8521.5612964630127 4107.6856831014156 2957.3854404985905 257.23415526747704 73.34810808300972 445.98279803991318 1185.2295435369015 13149.634990006685 117.41401013731956
leaf_count=387 12566 6509 4799 464 117 658 1762 19227 180
internal_value=3.76588e-05 5.30857e-05 0.000273758 0.00060314 1.79526e-05 -1.65392e-05 0.000134455 -0.000125083 -0.00117377
internal_weight=31078.8 30698.1 7395.65 3214.62 4181.03 23302.4 9706.79 13595.6 380.755
internal_count=46669 46102 11889 5263 6626 34213 14328 19885 567
is_linear=0
shrinkage=0.02


Tree=329
num_leaves=15
num_cat=0
split_feature=20 40 20 19 23 19 19 12 40 23 21 13 12 12
split_gain=1.46848 2.23433 1.85172 1.90522 1.48435 1.43603 1.57902 1.5058 1.35804 1.62087 1.40987 1.00639 1.34076 0.992512
threshold=-0.35936970439137278 0.16081098793555795 -0.98333817583915806 -1.6275268560701555 0.87856238143539822 1.3534495273168006 0.60700986470745566 18.591978559698934 -0.004534764718527799 1.0129834179816384 0.59422182012715952 2.0843736703921629 17.708394048892941 18.050813419991012
decision_type=2 2 2 2 2 2 2 2 2 2 2 2 2 2
left_child=2 5 8 -4 -5 6 -2 -7 9 -1 -10 12 -3 -13
right_child=1 11 3 4 -6 7 -8 -9 10 -11 -12 13 -14 -15
leaf_value=6.5313812590350994e-05 -0.00014272894951834381 0.0013612293157264333 -0.00061845993808865647 0.0014022234038905798 0.00044324618281862022 -0.00025560505143899494 -0.00068917316523952916 0.00060200324493233162 0.0017212610732171649 0.00093774541106005137 -0.00027903054832849843 -1.7119463462491237e-06 0.00011943671818640481 0.0024805534544633597
leaf_weight=3200.3214645683765 10476.34678825736 413.89396011829376 421.53014516830444 1064.696882545948 1760.9653486907482 1481.5126338005066 2675.6993564963341 1798.0715361237526 143.11699652671814 1173.6783159375191 3917.036586523056 88.589555829763412 2287.6389721035957 175.71834352612495
leaf_count=4790 15461 608 624 1589 2679 2206 4010 2812 230 1849 5984 136 3386 305
internal_value=3.69008e-05 -6.93951e-05 0.000214248 0.000620228 0.000808857 -0.000161042 -0.000254748 0.000211622 5.66486e-05 0.000302021 -0.000205247 0.000434753 0.000314253 0.00161724
internal_weight=31078.8 19397.5 11681.3 3247.19 2825.66 16431.6 13152 3279.58 8434.15 4374 4060.15 2965.84 2701.53 264.308
internal_count=46669 28924 17745 4892 4268 24489 19471 5018 12853 6639 6214 4435 3994 441
is_linear=0
shrinkage=0.02


Tree=330
num_leaves=11
num_cat=0
split_feature=52 16 33 2 1 41 1 2 1 1
split_gain=0.870456 1.1331 1.18196 1.06061 1.31814 1.2576 1.11583 1.03473 0.93431 0.530265
threshold=1.4500000000000002 27.330000000000009 1.7500000000000002 20.234666666666669 19.607333333333337 0.98714291287498768 37.870833333333337 29.458416666666668 17.10916666666667 17.225833333333338
decision_type=2 2 2 2 2 2 2 2 2 2
left_child=3 2 7 4 9 8 -7 -2 -5 -1
right_child=1 -3 -4 5 -6 6 -8 -9 -10 -11
leaf_value=7.565702976110963e-05 0.00030460840665194497 0.0015968467210265931 -0.0024407254605258526 -0.0020310250097374184 0.00066402327521847921 0.00021640509003838248 -0.0017891639254122398 -8.9243257359602094e-05 -0.00029835832643165843 -0.00035929357116251095
leaf_weight=4180.7219355404377 5239.8797734677792 201.33151289820671 71.234616935253143 126.33018374443054 1305.7378855347633 2962.1814662218094 112.53810241818428 5377.3177328407764 9929.5310207605362 1521.9819903075695
leaf_count=6244 7881 302 113 180 1931 4459 177 7872 15111 2294
internal_value=-2.85974e-05 0.000115004 8.58625e-05 -0.000106747 9.09021e-05 -0.000213002 0.000138634 0.000104212 -0.000321519 -3.87583e-05
internal_weight=31028.8 10889.8 10688.4 20139 7008.44 13130.6 3074.72 10617.2 10055.9 5702.7
internal_count=46564 16168 15866 30396 10469 19927 4636 15753 15291 8538
is_linear=0
shrinkage=0.02


Tree=331
num_leaves=13
num_cat=0
split_feature=53 0 1 18 41 16 2 0 18 16 2 0
split_gain=1.00797 1.24772 1.56976 1.28352 1.14024 1.04116 1.01279 1.79578 1.05625 0.956632 0.780524 0.718759
threshold=0.65000000000000013 28.022615128223567 32.663833333333343 1.663006624227205 1.9166547898254478 27.330000000000009 29.369833333333336 26.928002112241316 1.7884831769315699 7.8799999999999999 32.627750000000013 35.064390718520677
decision_type=2 2 2 2 2 2 2 2 2 2 2 2
left_child=1 2 4 -3 -1 6 7 -2 -8 -5 -4 -7
right_child=5 3 10 9 -6 11 8 -9 -10 -11 -12 -13
leaf_value=-7.0918103049749372e-05 0.00010844964164332891 -0.0016877046252939082 0.00083936908734586456 -0.0010127877975216327 0.0008503415081670769 0.00040183066211488922 0.001555043195223572 0.001027667421958151 -0.00016671956073273185 -0.00019057382514342842 0.003514425183652488 0.0030793525231015131
leaf_weight=13703.440176784992 4299.8995425403118 272.09944826364517 208.76170551776886 640.24389407038689 556.44763758778572 102.26429629325867 144.44443726539612 1068.5727402567863 4450.7241481244564 5443.0660566091537 60.772865265607834 78.049272090196609
leaf_count=20802 6399 409 367 924 886 151 226 1470 6427 8263 128 112
internal_value=-2.80308e-05 -0.000107739 -4.78791e-06 -0.000341451 -3.41534e-05 0.000135078 0.000106577 0.000293593 -0.000109769 -0.000279056 0.00150079 0.00163672
internal_weight=31028.8 20884.8 14529.4 6355.41 14259.9 10144 9963.64 5368.47 4595.17 6083.31 269.535 180.314
internal_count=46564 31779 22183 9596 21688 14785 14522 7869 6653 9187 495 263
is_linear=0
shrinkage=0.02


Tree=332
num_leaves=13
num_cat=0
split_feature=52 0 44 34 3 44 44 2 0 33 34 33
split_gain=0.812483 2.13875 3.0493 1.41062 1.40468 1.28287 1.23989 1.09942 2.099 0.920161 0.898563 0.587674
threshold=1.4500000000000002 27.530070794641368 0.90062192143002617 0.13714170448146859 25.747652862367932 2.5052572342848518 3.8700133282489291 29.458416666666668 26.928002112241316 -0.44999999999999996 0.12454734414335171 1.0000000180025095e-35
decision_type=2 2 2 2 2 2 2 2 2 2 2 2
left_child=1 4 11 -4 10 -6 7 8 -2 -9 -1 -3
right_child=6 2 3 -5 5 -7 -8 9 -10 -11 -12 -13
leaf_value=-0.0024063927944939045 5.253872059582285e-05 -0.00093604950976375887 -0.0014605687553013913 -0.00017517557010265667 0.00010393705765448613 -0.0015816710747653606 0.0016211710446121421 0.00089098456914275868 0.00097705604006626152 -0.00018687186996179015 -0.00047611395368481104 -0.0023122249442312655
leaf_weight=113.52937203645706 3937.2441918551922 244.14637377858162 369.03200182318687 4879.4994606971741 13214.334931790829 180.52895826101303 211.97293975949287 333.53247132897377 1318.8458660244942 5088.1681671738625 780.90858265757561 357.04290348291397
leaf_count=205 6090 346 558 7417 19857 336 278 498 1818 7484 1143 534
internal_value=-2.74338e-05 -0.000102945 -0.000425111 -0.00026798 2.82832e-05 8.02401e-05 0.000111289 8.0081e-05 0.000286702 -0.000118416 -0.000737098 -0.00177489
internal_weight=31028.8 20139 5849.72 5248.53 14289.3 13394.9 10889.8 10677.8 5256.09 5421.7 894.438 601.189
internal_count=46564 30396 8855 7975 21541 20193 16168 15890 7908 7982 1348 880
is_linear=0
shrinkage=0.02


Tree=333
num_leaves=14
num_cat=0
split_feature=53 21 0 16 16 33 18 18 16 15 15 0 15
split_gain=0.941223 1.67517 1.04701 1.25061 1.00577 0.939639 0.769303 1.37139 1.34051 0.767353 1.29942 0.689041 0.516038
threshold=0.65000000000000013 1.2115971255603537 35.695145843750716 18.710000000000004 27.330000000000009 0.45000000000000007 1.9402323945337721 1.770855530324529 7.3633333333333342 6.6461595191618477 11.062642682043165 35.064390718520677 5.6644024479225203
decision_type=2 2 2 2 2 2 2 2 2 2 2 2 2
left_child=1 2 3 -1 6 -4 7 -2 -8 12 -11 -6 -3
right_child=4 9 5 -5 11 -7 8 -9 -10 10 -12 -13 -14
leaf_value=-0.00016889236610921778 0.00015816555613600822 0.00042226514741084938 -0.0015638579607059305 0.00062260474263958916 0.00039495745414293011 0.00042866340357916198 -0.0011359900176995507 0.0011987108754333566 3.9492551076583001e-05 0.0013139739788720853 -0.00093377074913530511 0.0030196829083586709 -0.00058396394401093231
leaf_weight=17859.812627851963 3472.9817776381969 644.61587938666344 373.73460400104523 829.27701821923256 102.26429629325867 116.03536692261696 414.92906501889229 599.29989188909531 5476.4301336407661 654.74217581748962 115.14704811573029 78.049272090196609 291.4670637845993
leaf_count=27155 5164 969 567 1345 151 174 616 893 7849 965 175 112 429
internal_value=-2.69056e-05 -0.000103938 -0.00015777 -0.000133174 0.000130696 -0.00107164 0.000102666 0.000314266 -4.19574e-05 0.000494869 0.000963291 0.00160659 9.77197e-05
internal_weight=31028.8 20884.8 19178.9 18689.1 10144 489.77 9963.64 4072.28 5891.36 1705.97 769.889 180.314 936.083
internal_count=46564 31779 29241 28500 14785 741 14522 6057 8465 2538 1140 263 1398
is_linear=0
shrinkage=0.02


Tree=334
num_leaves=13
num_cat=0
split_feature=53 21 3 21 16 44 2 0 18 18 18 0
split_gain=0.904486 1.60833 1.03528 1.12937 0.968223 1.01192 1.32798 0.791406 0.691501 0.894984 0.661185 0.660922
threshold=0.65000000000000013 1.2115971255603537 25.747652862367932 0.9395237021104631 27.330000000000009 3.8700133282489291 29.369833333333336 23.0084797310132 1.3967980279491339 1.3189001307870651 2.0336349326653624 35.064390718520677
decision_type=2 2 2 2 2 2 2 2 2 2 2 2
left_child=1 2 7 -4 5 6 -2 -1 9 -3 -10 -6
right_child=4 8 3 -5 11 -7 -8 -9 10 -11 -12 -13
leaf_value=-0.00048035995387849293 0.00028383550902585919 0.0003608904870983115 0.00012241666211298743 -0.00022298841577023308 0.00038720987052905125 0.0015425140480904134 -0.00018383208712660106 -0.0019807722959876571 0.0013164985790786719 -0.0015467751403428591 -0.00020957300863440578 0.0029607981752522291
leaf_weight=618.03429675102234 5353.944986641407 944.96452310681343 5286.46410125494 13080.600728303194 102.26429629325867 189.63176220655441 4420.0641193389893 193.76049068570137 523.84328374266624 106.69993558526039 130.46442466974258 78.049272090196609
leaf_count=907 7846 1416 8187 19815 151 243 6433 332 779 151 192 112
internal_value=-2.63311e-05 -0.000101851 -0.000154606 -0.000123026 0.000128156 0.000100634 7.13267e-05 -0.000854757 0.00048486 0.000155283 0.000997262 0.00157631
internal_weight=31028.8 20884.8 19178.9 18367.1 10144 9963.64 9774.01 811.795 1705.97 1051.66 654.308 180.314
internal_count=46564 31779 29241 28002 14785 14522 14279 1239 2538 1567 971 263
is_linear=0
shrinkage=0.02


Tree=335
num_leaves=15
num_cat=0
split_feature=51 51 37 24 37 47 47 21 51 52 47 51 52 40
split_gain=1.26524 1.7251 1.32511 1.26026 1.19694 1.33298 1.71471 1.44204 1.07627 1.22666 0.962785 0.746079 0.738352 0.632139
threshold=0.87022540104207668 0.82013352275948892 1.8976714879618195 0.18412854299775477 2.1395916153143149 1.3947079950447852 0.94037543449771832 0.75464507125243585 0.85375159381129417 0.65000000000000002 1.223049857068303 0.99399409267018812 2.2500000000000004 0.16453763641085453
decision_type=2 2 2 2 2 2 2 2 2 2 2 2 2 2
left_child=1 2 3 -1 5 6 -2 -7 9 -3 -4 -6 -10 -13
right_child=4 8 10 -5 11 7 -8 -9 12 -11 -12 13 -14 -15
leaf_value=-0.0010743677952092232 -4.6452709910875185e-06 -0.00066793034312496817 -2.0077140188120126e-05 9.8720115296395129e-05 0.00012338522700146848 0.0030360788121677096 -0.00067284686460265624 7.8252449567325569e-05 -0.00030345967718133939 0.0014858240274575633 0.0022511180196647562 -0.0033981811117028307 0.0017695988593027015 -0.00074445558888003999
leaf_weight=372.48246869444847 3687.2807812392712 113.14598533511162 107.21680554747581 14917.536297559738 68.854064226150513 64.766230642795563 2669.0731169879436 7461.4668153822422 398.53906506299973 830.69356864690781 192.39273321628571 88.466017067432404 80.679371565580368 81.390026569366455
leaf_count=708 5491 183 177 22182 106 100 3995 11259 602 1245 292 139 120 131
internal_value=4.1195e-05 0.000157571 9.59447e-05 6.93516e-05 -9.8304e-05 -7.32913e-05 -0.000286923 0.000105834 0.00082459 0.0012162 0.00141046 -0.00149872 3.0676e-05 -0.00220824
internal_weight=31134 17012.7 15589.6 15290 14121.3 13882.6 6356.35 7526.23 1423.06 943.84 299.61 238.71 479.218 169.856
internal_count=46730 25509 23359 22890 21221 20845 9486 11359 2150 1428 469 376 722 270
is_linear=0
shrinkage=0.02


Tree=336
num_leaves=14
num_cat=0
split_feature=16 0 22 22 30 30 0 30 20 41 16 30 20
split_gain=0.999426 1.49558 1.47962 1.38391 1.01232 1.06484 1.08913 0.933457 0.839072 0.652474 1.10808 0.967162 0.512413
threshold=15.640000000000004 35.85050632907781 -0.58956488803766705 3.217752040631829 0.023350792523423453 0.11438072962599836 25.759809614227869 0.092369390133473062 0.59353347348077545 0.91097387197220403 17.250000000000004 -0.11417149577354153 2.255490629012606
decision_type=2 2 2 2 2 2 2 2 2 2 2 2 2
left_child=1 3 -3 8 9 7 -7 -6 -1 11 -11 -2 -5
right_child=4 2 -4 12 5 6 -8 -9 -10 10 -12 -13 -14
leaf_value=0.00010424567336894059 0.00022489322130272952 -0.00018235938853337954 -0.0033851823930273425 -0.0024625391197049653 0.00081561691401859163 0.0025138027005003004 0.00017597459437657445 0.0025663048929545134 -0.0001339581244394442 0.0016631731060660257 0 -0.0007169089584285989 -9.0533606857690681e-05
leaf_weight=16506.349261015654 945.43650475144386 147.1659180521965 101.52132093906403 121.66686737537384 609.17628753185272 83.063581079244614 1619.7078605890274 164.05299034714699 9199.938215136528 227.92008578777313 552.19714069366455 791.06453627347946 64.722778171300888
leaf_count=24975 1420 204 131 196 907 153 2397 236 13656 335 847 1172 101
internal_value=4.03608e-05 -8.79634e-06 -0.00154631 5.70289e-06 0.00029965 0.000586699 0.000298698 0.00120562 1.86029e-05 1.30219e-05 0.000496448 -0.000198725 -0.00170166
internal_weight=31134 26141.4 248.687 25892.7 4992.62 2476 1702.77 773.229 25706.3 2516.62 780.117 1736.5 186.39
internal_count=46730 39263 335 38928 7467 3693 2550 1143 38631 3774 1182 2592 297
is_linear=0
shrinkage=0.02


Tree=337
num_leaves=14
num_cat=0
split_feature=51 44 26 52 51 30 37 44 12 30 44 44 51
split_gain=1.21381 1.77051 1.43872 1.46397 1.29116 1.27868 1.15677 1.37988 1.73575 1.40155 1.07652 1.20484 0.967584
threshold=0.87022540104207668 0.69602670954810764 0.73214285714285732 0.55000000000000016 0.82013352275948892 0.11174993091182721 2.1395916153143149 1.4618297035511811 18.858067645117945 -0.09525361245550408 1.385580627059978 1.8953191053421039 0.85375159381129417
decision_type=2 2 2 2 2 2 2 2 2 2 2 2 2
left_child=1 2 3 -1 5 -3 7 9 -9 -2 -8 -12 -6
right_child=6 4 -4 -5 12 -7 10 8 -10 -11 11 -13 -14
leaf_value=-0.00075666194435881245 -0.00069084792418227256 0.00032005218486080514 -0.00084104641798404909 0.00028626509207837976 0.0012143313778954421 -0.00015297892815203376 0.00029648426257913982 -0.00013716148307637359 0.00053000614054182999 -8.240413101711154e-05 -0.0043176241509363545 -0.00065254698125738529 8.0814531219611352e-05
leaf_weight=722.06486600637436 2131.3897123336792 8642.4197271168232 1076.2097936272621 2092.6634437441826 931.10960257053375 3073.9668377041817 80.581137537956238 3673.5047190785408 2688.6565372347832 5389.0359756052494 72.610856950283051 85.518113374710083 474.25202485918999
leaf_count=1034 3220 13053 1560 3136 1408 4604 132 5503 4071 8051 117 127 714
internal_value=3.95587e-05 0.000153552 -0.000219646 1.48245e-05 0.000264993 0.000195087 -9.70688e-05 -7.24663e-05 0.000143291 -0.000256312 -0.00147384 -0.00243086 0.00083958
internal_weight=31134 17012.7 3890.94 2814.73 13121.7 11716.4 14121.3 13882.6 6362.16 7520.43 238.71 158.129 1405.36
internal_count=46730 25509 5730 4170 19779 17657 21221 20845 9574 11271 376 244 2122
is_linear=0
shrinkage=0.02


Tree=338
num_leaves=14
num_cat=0
split_feature=51 51 30 24 24 32 47 0 0 51 52 0 21
split_gain=1.16619 1.58979 1.1139 1.18087 1.08248 1.19152 1.07758 1.73923 1.70171 0.994295 1.17699 0.816018 0.519977
threshold=0.87022540104207668 0.82013352275948892 -0.32520228189259009 0.81230105214406256 0.18412854299775477 0.55000000000000016 1.3947079950447852 25.676347205849449 29.748432434129139 0.85375159381129417 0.65000000000000002 26.444399896027551 1.0240333968067548
decision_type=2 2 2 2 2 2 2 2 2 2 2 2 2
left_child=1 4 3 -2 -1 -6 7 -4 -8 10 -3 -11 -5
right_child=2 9 6 12 5 -7 8 -9 -10 11 -12 -13 -14
leaf_value=-0.00095967925834119963 -0.0024240649109990003 -0.00067784823604337212 -6.7827103486598048e-05 0.00013726734140339863 0.00035908489250498785 -1.0895973953575692e-05 0.00044608978136966834 -0.00087341244522799863 -0.00016692785959701147 -0.00089622011408733429 0.0014315700973413345 0.00076165295122536923 -0.0011803007060867119
leaf_weight=378.38927367329597 156.59688749909401 113.14598533511162 4813.1142657399178 276.76262506842613 5334.0535247027874 9877.1855066418648 3284.1842241585255 1390.0650915503502 4005.6456034481525 206.13912382721901 830.69356864690781 273.07931280136108 194.92835465073586
leaf_count=721 239 183 7211 433 8034 14604 5146 2044 5850 328 1245 394 298
internal_value=3.8742e-05 0.000150481 -9.51701e-05 -0.000918023 9.12927e-05 0.000118216 -5.59834e-05 -0.000250185 0.000107922 0.000790834 0.00116723 2.69659e-05 -0.000388797
internal_weight=31134 17012.7 14121.3 628.288 15589.6 15211.2 13493 6203.18 7289.83 1423.06 943.84 479.218 471.691
internal_count=46730 25509 21221 970 23359 22638 20251 9255 10996 2150 1428 722 731
is_linear=0
shrinkage=0.02


Tree=339
num_leaves=15
num_cat=0
split_feature=51 51 37 37 47 47 0 51 26 47 22 0 3 3
split_gain=1.1202 1.52626 1.26077 1.11206 1.18182 1.64227 1.42428 0.954602 1.12214 0.926229 0.892942 0.784002 0.72954 0.600434
threshold=0.87022540104207668 0.82013352275948892 1.8976714879618195 2.1395916153143149 1.3947079950447852 0.94037543449771832 29.748432434129139 0.85375159381129417 0.64583333333333337 1.223049857068303 3.8765916340533422 26.444399896027551 48.493646328544109 43.107924691455686
decision_type=2 2 2 2 2 2 2 2 2 2 2 2 2 2
left_child=1 2 10 4 5 -2 -6 8 -3 -4 -1 -9 13 -5
right_child=3 7 9 12 6 -7 -8 11 -10 -11 -12 -13 -14 -15
leaf_value=7.5743021176515372e-05 5.1648795099645026e-07 0.00017376092680858524 -3.0068914327559127e-05 -0.0010319856990933531 0.00040600171799929426 -0.0006480105931757059 -0.00014623994125559719 -0.00087846795362704101 0.0016535121502109606 0.0021964061517826144 -0.0019399963182288873 0.00074653058839436722 0.00021113989150207729 -0.0036667210814050593
leaf_weight=15203.918166905642 3687.2807812392712 332.85798317193985 107.21680554747581 106.85948541760445 3365.7126108109951 2669.0731169879436 4160.5204352140427 206.13912382721901 610.98157081007957 192.39273321628571 86.100599348545074 273.07931280136108 65.840813189744949 66.009809255599976
leaf_count=22754 5491 520 177 173 5279 3995 6080 328 908 292 136 394 99 104
internal_value=3.79297e-05 0.000147448 8.94396e-05 -9.33067e-05 -6.91708e-05 -0.00027035 9.94351e-05 0.000774894 0.0011437 0.00137158 6.34859e-05 2.59998e-05 -0.00144319 -0.00212567
internal_weight=31134 17012.7 15589.6 14121.3 13882.6 6356.35 7526.23 1423.06 943.84 299.61 15290 479.218 238.71 172.869
internal_count=46730 25509 23359 21221 20845 9486 11359 2150 1428 469 22890 722 376 277
is_linear=0
shrinkage=0.02


Tree=340
num_leaves=14
num_cat=0
split_feature=42 25 0 17 52 19 3 5 52 44 25 3 34
split_gain=0.995517 1.25369 1.05472 1.31413 1.28122 0.919125 1.25114 1.16233 0.908906 1.00285 0.867912 0.752924 0.721446
threshold=1.1500000000000001 1.9000000000000001 16.734602086435135 1.203297147281466 0.65000000000000002 0.92075010831144433 45.530237501832289 42.743916091134757 2.2500000000000004 2.7186202746966477 0.90000000000000013 49.040615838299225 1.1202940618711839
decision_type=2 2 2 2 2 2 2 2 2 2 2 2 2
left_child=1 2 3 -1 -4 10 7 -7 9 -3 12 -12 -2
right_child=5 8 4 -5 -6 6 -8 -9 -10 -11 11 -13 -14
leaf_value=7.9707918386907986e-05 0 0.0005478034289314428 -0.00045912603212342851 0.0010775010977507854 -4.6929764163356776e-05 0.0010250923747724336 0.0027327908256443399 -0.001699837795272373 0.0017572099828634597 -0.0015056198126223181 -0.00010380498900538537 -0.0021134773224683692 0.0010927335765609086
leaf_weight=3219.3635295033455 538.54865819215775 893.62019214034081 3551.2787064909935 636.74074399471283 20534.37462207675 350.53479331731796 143.314681828022 72.109017789363861 222.13750031590462 102.55829057097435 365.09211319684982 96.054724961519241 440.57368043065071
leaf_count=4890 803 1285 5401 974 30848 509 212 95 311 168 511 127 591
internal_value=-9.87806e-07 -3.09684e-05 -5.8695e-05 0.000247534 -0.000108154 0.000429391 0.00111368 0.000530815 0.000595793 0.000323789 0.000152393 -0.000551321 0.000494469
internal_weight=31166.3 29160.1 27941.8 3856.1 24085.7 2006.23 565.958 422.644 1218.32 996.178 1440.27 461.147 979.122
internal_count=46725 43877 42113 5864 36249 2848 816 604 1764 1453 2032 638 1394
is_linear=0
shrinkage=0.02


Tree=341
num_leaves=12
num_cat=0
split_feature=40 16 52 16 52 16 27 52 19 15 22
split_gain=0.878736 1.58526 1.36105 1.19962 1.1781 0.894983 0.935106 0.950546 0.923241 1.19911 1.04996
threshold=-0.18355408954410232 6.2633333333333345 1.9500000000000002 6.6750000000000025 2.2500000000000004 17.11000000000001 0.51637068312405765 3.3500000000000001 2.1331077420656448 10.455381447375135 -0.6955330821308543
decision_type=2 2 2 2 2 2 2 2 2 2 2
left_child=1 -1 3 -3 -4 8 -7 -8 10 -10 -2
right_child=5 2 4 -5 -6 6 7 -9 9 -11 -12
leaf_value=-0.00040752885347258914 7.2093416088002692e-05 0.0031809784518256052 -0.0016006090912539606 0.00071881318749837577 0.00033650138496127668 0.0016008561351645053 9.3523421271458844e-05 0.001648525997117209 9.7095729053766811e-05 0.0013364653269588465 -0.00022052316066991035
leaf_weight=888.2064228951931 7315.3293931782246 84.166894406080246 180.83766481280327 1757.9610154032707 384.76225665211678 199.12953254580498 2884.0680317878723 166.00728595256805 2323.7877061069012 363.4628349840641 14618.582216084003
leaf_count=1331 10863 121 273 2644 557 309 4329 228 3575 587 21908
internal_value=-9.5118e-07 0.000307431 0.000575448 0.00084006 -0.000268685 -3.77985e-05 0.000273394 0.000182459 -7.92909e-05 0.000269314 -0.000122477
internal_weight=31166.3 3295.93 2407.73 1842.13 565.6 27870.4 3249.2 3050.08 24621.2 2687.25 21933.9
internal_count=46725 4926 3595 2765 830 41799 4866 4557 36933 4162 32771
is_linear=0
shrinkage=0.02


Tree=342
num_leaves=15
num_cat=0
split_feature=34 37 0 44 0 3 3 5 3 27 5 19 5 19
split_gain=0.932375 1.22946 1.03158 1.85578 1.4766 1.08909 1.00947 0.866984 1.02916 0.801668 0.765183 1.70615 0.598192 0.50481
threshold=0.086946287734703309 0.00064806980906325013 17.411805426442132 0.58464140943175191 17.510125441007006 41.31567633554058 44.29695505062039 31.052744322503688 45.633354845518191 0.76271662754067882 34.490412024583513 -0.52049523115118734 44.701847399809829 0.51785397930113775
decision_type=2 2 2 2 2 2 2 2 2 2 2 2 2 2
left_child=1 10 6 5 -5 -4 -2 9 -9 -3 13 -12 -8 -1
right_child=2 7 3 4 -6 -7 12 8 -10 -11 11 -13 -14 -15
leaf_value=0.00042080747260798946 0.00022242866075854805 -0.00097199840654041999 -0.00083381282783706807 -0.0025519235578017828 3.3497176735309962e-05 0.0016944000139584281 0.00033136519851926756 -8.1740998608661027e-05 -0.0012769568295423273 -0.00350497030139317 -0.00095581881989981481 0.0022371893327226022 0.0021003022305240396 -0.0019911106908758812
leaf_weight=65.321727961301804 3860.2368113398552 238.93231230974197 1401.8791420161724 86.628078281879425 23205.044106423855 67.350299060344696 152.10842081904411 1072.9149685502052 403.03470593690872 70.409280240535736 95.326933711767197 193.0220555961132 193.45581129193306 60.636601269245148
leaf_count=103 5722 384 2108 126 34541 117 264 1669 686 120 157 340 286 102
internal_value=-8.78442e-07 -0.000397969 2.8955e-05 -1.98631e-05 2.32337e-05 -0.000708975 0.000318612 -0.000628356 -0.000416169 -0.00159946 0.000569021 0.00114784 0.00135682 -0.000675118
internal_weight=31166.3 2199.6 28966.7 24760.9 23291.7 1469.23 4205.8 1785.29 1475.95 309.342 414.307 288.349 345.564 125.958
internal_count=46725 3561 43164 36892 34667 2225 6272 2859 2355 504 702 497 550 205
is_linear=0
shrinkage=0.02


Tree=343
num_leaves=15
num_cat=0
split_feature=34 37 40 0 5 31 47 31 47 40 22 5 19 5
split_gain=0.897163 1.1811 1.06413 0.991442 1.3077 1.25911 1.24275 0.977163 0.935259 0.843142 0.799834 0.734182 1.64058 0.623664
threshold=0.086946287734703309 0.00064806980906325013 -0.0019103160912635998 17.411805426442132 26.829003112342559 1.8541631632645263 1.3755847902796885 1.8997357088765894 1.2969531654028139 -0.026248358617889645 2.3685179570228541 34.490412024583513 -0.52049523115118734 31.31281311817007
decision_type=2 2 2 2 2 2 2 2 2 2 2 2 2 2
left_child=1 11 10 7 6 -6 -5 8 -2 -9 -3 -1 -13 -4
right_child=3 2 13 4 5 -7 -8 9 -10 -11 -12 12 -14 -15
leaf_value=-0.00066054315779577328 0.00029158115403445914 -0.00020090365714606938 -0.0032964078973429238 -0.00072997450507137913 -8.9419877740995594e-06 0.00083877847929340421 0.0018783303430497317 -0.0025936938501444945 0.001422570148731202 0 -0.0024112393235765049 -0.00093709528369467223 0.0021929044054971938 -0.0011003063839227091
leaf_weight=125.95832923054695 3658.6547766029835 1272.8361923098564 67.385099053382874 1419.6731055080891 22547.220492362976 720.81003764271736 73.197990268468857 78.762594074010849 323.26341727375984 145.1202555000782 68.538756012916565 95.326933711767197 193.0220555961132 376.53121966123581
leaf_count=205 5432 1988 113 2145 33479 1156 112 121 497 222 108 157 340 650
internal_value=-8.67452e-07 -0.000390393 -0.000616255 2.8391e-05 -1.94604e-05 1.69593e-05 -0.000593053 0.00031236 0.000386576 -0.000955098 -0.000324708 0.000557132 0.00112437 -0.00146938
internal_weight=31166.3 2199.6 1785.29 28966.7 24760.9 23268 1492.87 4205.8 3981.92 223.883 1341.37 414.307 288.349 443.916
internal_count=46725 3561 2859 43164 36892 34635 2257 6272 5929 343 2096 702 497 763
is_linear=0
shrinkage=0.02


Tree=344
num_leaves=11
num_cat=0
split_feature=25 40 15 15 40 22 19 19 45 45
split_gain=0.884407 0.884723 1.00711 0.981859 0.973054 0.819786 0.777234 0.765905 0.908858 0.559336
threshold=1.9000000000000001 -0.18355408954410232 5.8138526987927373 6.026881721656296 -0.18014554808509678 -0.6955330821308543 1.3320661510040248 -0.80321828149818042 1.1000000000000003 1.7750000000000001
decision_type=2 2 2 2 2 2 2 2 2 2
left_child=1 2 6 -4 -3 -6 -1 9 -9 -2
right_child=7 4 3 -5 5 -7 -8 8 -10 -11
leaf_value=-0.00084647578564751641 0.00043229341112038501 -0.0018801579199510599 0.0027921114233222105 0.00038083499388573422 0.00012173151061537781 -0.00012306482417785168 0.0014596536844079194 -0.00047534830092793703 0.00098440815423624225 -0.0018113571844210585
leaf_weight=429.7085312306881 75.512082815170288 115.38516518473625 69.052816241979599 2588.1264348626137 7651.1313277482986 18985.6551258564 63.077371299266815 198.93164411187172 901.50344648957253 88.217308968305588
leaf_count=657 107 168 101 3860 11422 28592 103 282 1312 121
internal_value=-8.80197e-07 -2.31216e-05 0.000293264 0.000449311 -6.07676e-05 -5.23704e-05 -0.00052637 0.000516517 0.000711066 -0.000723516
internal_weight=31166.3 29902.1 3149.97 2657.18 26752.2 26636.8 492.786 1264.16 1100.44 163.729
internal_count=46725 44903 4721 3961 40182 40014 760 1822 1594 228
is_linear=0
shrinkage=0.02


Tree=345
num_leaves=14
num_cat=0
split_feature=53 24 3 24 40 16 24 24 50 24 47 45 47
split_gain=1.37167 1.79696 1.45503 1.36349 0.96602 0.951546 1.3069 1.16821 1.10885 0.922167 0.779865 0.666601 0.580782
threshold=1.3500000000000003 0.99015530623567594 40.625015793692889 1.1551011608715365 -0.14026451266199177 23.410000000000007 1.2983031020356519 1.6109850420111682 -0.28570878443948983 0.84235381030707279 2.6898978297179919 2.2916666666666674 2.0053885834963201
decision_type=2 2 2 2 2 2 2 2 2 2 2 2 2
left_child=5 4 -3 -4 9 6 8 -8 -1 -2 12 -6 -7
right_child=1 2 3 -5 11 10 7 -9 -10 -11 -12 -13 -14
leaf_value=0.0003126743710401497 -0.0017164576723397978 -0.00074090323889223803 0.0020079824033608245 0.00061120398794529019 0.00040780403049734792 0.0011195706525986191 -0.0008426050197493396 7.0868501570832949e-05 -0.00010566711618267861 0.00055933016797139062 0.0015150881072335592 -0.00044226783603269808 -0.00083227387221606317
leaf_weight=2859.2435874044895 233.91131249070168 186.5272065103054 450.47837534546852 822.90942540764809 1189.5116375088692 100.278614372015 1666.121519446373 813.52365484833717 21698.206899493933 92.719172179698944 265.07836839556694 524.28887256979942 148.30656555294991
leaf_count=4348 352 284 620 1139 1817 161 2476 1250 32585 132 450 767 236
internal_value=-3.69627e-05 0.00033528 0.000870828 0.00111555 -4.34824e-05 -8.46403e-05 -0.000101192 -0.000539067 -5.65306e-05 -0.00104054 0.000764179 0.000141708 -2.34688e-06
internal_weight=31051.1 3500.35 1459.92 1273.39 2040.43 27550.8 27037.1 2479.65 24557.5 326.63 513.664 1713.8 248.585
internal_count=46617 5111 2043 1759 3068 41506 40659 3726 36933 484 847 2584 397
is_linear=0
shrinkage=0.02


Tree=346
num_leaves=14
num_cat=0
split_feature=52 20 20 23 23 42 3 50 20 5 23 23 5
split_gain=1.30577 1.29102 1.09132 1.27843 2.44193 2.18946 1.17121 1.10972 1.03476 1.58802 0.981482 0.897487 0.887393
threshold=2.3500000000000001 -2.9314428886947783 -0.42293625453701356 1.0391822351972688 0.97688037185173526 1.2500000000000002 49.701039733564834 0.015068171814748302 -0.15136379662541435 42.098534379042853 0.74132147537181103 0.94755377055344947 36.464587051751202
decision_type=2 2 2 2 2 2 2 2 2 2 2 2 2
left_child=2 12 3 4 -1 -5 7 -4 9 -3 -8 -10 -2
right_child=1 8 6 5 -6 -7 10 -9 11 -11 -12 -13 -14
leaf_value=4.738420211527896e-05 0 -0.00020444440894055961 -0.00040556574212678102 0.00028537211889179614 -0.0012357231012591441 0.002648870033823086 0.0020357133726585579 -7.0854908762694487e-05 -0.00031206225097718765 0.001599570497070623 0.00020312742211402388 0.00052474488074344785 -0.0035088242653349079
leaf_weight=6595.8699454963207 64.546776950359344 275.61655494570732 7341.1694796681404 3103.4183250069618 648.93247267603874 164.79934027791023 131.06779685616493 8798.1363039314747 833.71832123398781 595.40593054890633 1155.9929657280445 1288.5727596879005 53.858238518238068
leaf_count=9882 113 448 10853 4820 984 248 218 13026 1194 885 1960 1897 89
internal_value=-3.62017e-05 0.0003517 -7.97838e-05 8.04841e-05 -6.64759e-05 0.000409156 -0.000177043 -0.000223753 0.000435768 0.00101811 0.000400375 0.000191323 -0.00166243
internal_weight=31051.1 3111.72 27939.4 10513 7244.8 3268.22 17426.4 16139.3 2993.31 871.022 1287.06 2122.29 118.405
internal_count=46617 4626 41991 15934 10866 5068 26057 23879 4424 1333 2178 3091 202
is_linear=0
shrinkage=0.02


Tree=347
num_leaves=11
num_cat=0
split_feature=16 4 22 4 1 16 50 22 47 21
split_gain=1.18843 1.39584 1.29181 1.24036 1.72549 1.07719 1.0506 0.709302 0.671777 0.790204
threshold=13.600000000000003 31.246280023877734 -0.6955330821308543 40.382368699950561 36.642833333333343 2.9400000000000013 -0.07925776093954133 -1.369338694723061 0.18828920831116203 0.56247078744263301
decision_type=2 2 2 2 2 2 2 2 2 2
left_child=2 -2 5 6 -5 7 -3 -1 -4 -10
right_child=1 3 8 4 -6 -7 -8 -9 9 -11
leaf_value=-0.00078368424425733635 0.0029378006665978489 0.00021901293849996403 -0.0011919581868489934 0.00040593698715620077 -0.0004020355586873997 0.00021510920598906497 -0.0014043029758159179 0.00010549128685082042 0.0014321926292900117 -0.00020249442545080052
leaf_weight=803.55443924665451 71.554488152265549 271.02870199084282 274.450210750103 5212.2935688495636 1312.7565482854843 6468.4040661752224 354.30483281612396 614.58341386914253 115.77575820684433 15552.399183183908
leaf_count=1191 111 402 411 7774 2010 9643 534 941 189 23411
internal_value=-3.54654e-05 0.000188764 -0.000103853 0.000159042 0.000241778 0.000104657 -0.000686338 -0.000391692 -0.000207626 -0.000189596
internal_weight=31051.1 7221.94 23829.2 7150.38 6525.05 7886.54 625.334 1418.14 15942.6 15668.2
internal_count=46617 10831 35786 10720 9784 11775 936 2132 24011 23600
is_linear=0
shrinkage=0.02


Tree=348
num_leaves=15
num_cat=0
split_feature=53 24 21 20 24 16 23 23 50 21 24 30 30 24
split_gain=1.25435 1.70961 1.89296 1.24716 1.40637 1.47483 1.37152 2.13753 1.44736 1.19091 1.06974 0.925531 1.35142 1.08819
threshold=1.3500000000000003 0.99015530623567594 0.89802317158410483 -0.42293625453701356 0.37790249842397844 3.1366666666666672 1.0391822351972688 0.97688037185173526 -0.27579714942855255 1.1968194133009067 1.1551011608715365 -0.13400796093203637 -0.0079236913658221973 0.55944776172086497
decision_type=2 2 2 2 2 2 2 2 2 2 2 2 2 2
left_child=3 11 -3 6 9 -6 7 -1 -8 -5 -4 13 -13 -2
right_child=1 2 10 4 5 -7 8 -9 -10 -11 -12 12 -14 -15
leaf_value=4.6600713073375982e-05 -0.0010896129294165474 -0.0018944033467193781 0.0017751840963197883 3.7262587782628962e-05 -0.0011554728031780393 -0.00020473972220590796 0.0013074436018805792 -0.0011589845519743285 0.00022367511217827725 0.0012247784759861289 0.00058778362652103279 -0.0011054623868191605 0.00012919463179617184 0.0011746540800373721
leaf_weight=6479.0631104707718 101.68674951791763 90.311692029237747 503.98539412021637 1399.920704126358 687.21163806319237 14662.075600475073 617.30329063534737 643.96997302770615 2609.7434680461884 451.47142466902733 865.6179211139679 536.78697890043259 1003.5547615289688 398.40250480175018
leaf_count=9731 158 149 697 2319 995 21758 998 978 4017 710 1197 812 1507 591
internal_value=-3.47415e-05 0.000321206 0.000843629 -8.03478e-05 -0.000184916 -0.000248102 9.24683e-05 -6.12835e-05 0.000434768 0.000333249 0.00103396 -4.81487e-05 -0.000295458 0.000691821
internal_weight=31051.1 3500.35 1459.92 27550.8 17200.7 15349.3 10350.1 7123.03 3227.05 1851.39 1369.6 2040.43 1540.34 500.089
internal_count=46617 5111 2043 41506 25782 22753 15724 10709 5015 3029 1894 3068 2319 749
is_linear=0
shrinkage=0.02


Tree=349
num_leaves=11
num_cat=0
split_feature=16 4 4 30 24 21 16 21 21 47
split_gain=1.12909 1.34043 1.18853 0.989717 0.882507 0.8694 1.34245 0.817022 1.77337 0.591029
threshold=13.600000000000003 31.246280023877734 40.382368699950561 -0.13876913369297347 1.2983031020356519 0.72233580510939144 3.6499999999999999 0.82252871460724197 0.8827697746101093 1.5011951843256444
decision_type=2 2 2 2 2 2 2 2 2 2
left_child=5 -2 3 -3 -4 6 -1 -7 -9 -8
right_child=1 2 4 -5 -6 7 9 8 -10 -11
leaf_value=-0.0003993228636020612 0.0028785786527303894 -0.0023626490623345209 0.00036602775528410701 -0.0002727261891971376 -0.00017841623193113435 -0.00053610682501044121 0.00073361930715933239 0.00050476224330252522 -0.0001508961723911221 0.002787154220863224
leaf_weight=491.69326531887054 71.554488152265549 112.82632839679718 4989.870361238718 512.5072064101696 1535.1797558963299 1827.3177622556686 719.88718980550766 1800.4938088953495 18925.391773939133 64.383271217346191
leaf_count=770 111 172 7528 764 2256 2832 1139 2753 28192 100
internal_value=-3.4021e-05 0.000184529 0.000155374 -0.000672073 0.000236386 -0.000100687 0.000404916 -0.000129768 -9.34123e-05 0.00092158
internal_weight=31051.1 7221.94 7150.38 625.334 6525.05 23829.2 1275.96 22553.2 20725.9 784.27
internal_count=46617 10831 10720 936 9784 35786 2009 33777 30945 1239
is_linear=0
shrinkage=0.02


Tree=350
num_leaves=12
num_cat=0
split_feature=51 36 15 40 27 12 12 12 15 34 34
split_gain=0.912131 2.24558 1.49431 1.23909 1.23586 1.14204 1.13961 1.51391 1.45928 0.667989 0.842744
threshold=0.85682305261888958 2.3875000000000006 5.8800291455086189 0.12659146556982778 1.6774814112438519 19.619533321512218 17.932125293242176 17.524841467106182 5.7036018366011856 1.1652870256943313 0.74442583268725226
decision_type=2 2 2 2 2 2 2 2 2 2 2
left_child=2 6 9 5 -5 -4 7 -2 -8 10 -1
right_child=1 -3 3 4 -6 -7 8 -9 -10 -11 -12
leaf_value=-0.0001585447175224744 1.2761961965477268e-05 -0.002350243035720301 0.00024087181205649979 -0.00030998156299149113 0.0015975014221928183 0.00087272833496856745 0.0005007582788525215 -0.0008961850725693549 -8.9876604819371511e-05 0.0016855808952433403 -0.0013465833533060911
leaf_weight=4133.846789598465 1473.1459616422653 173.99128249287605 8402.729619383812 2141.5528769791126 141.90533548593521 1345.3636139929295 2031.3560259342194 1415.9035821557045 9419.582321792841 70.912353605031967 255.21707057952881
leaf_count=6301 2191 276 12545 3182 201 1997 3052 2117 14169 126 410
internal_value=1.23367e-05 -0.000102925 0.000114384 0.000230669 -0.000185771 0.000329263 -7.46367e-05 -0.00042956 1.40959e-05 -0.000197039 -0.000230486
internal_weight=31005.5 14514 16491.5 12031.6 2283.46 9748.09 14340 2889.05 11450.9 4459.98 4389.06
internal_count=46567 21805 24762 17925 3383 14542 21529 4308 17221 6837 6711
is_linear=0
shrinkage=0.02


Tree=351
num_leaves=15
num_cat=0
split_feature=23 23 50 30 33 15 34 34 19 51 26 51 50 40
split_gain=1.10301 2.69437 1.87007 1.94519 1.69027 1.31632 1.53524 1.17125 1.10007 1.09585 1.04445 1.0187 0.801511 0.736915
threshold=1.0461324741756732 0.88207140719541466 -0.24501286793800586 -0.22113847010744803 0.75000000000000011 19.908498870290412 1.8167221222600958 0.25872882494329946 1.10284479104155 0.67058864343173408 0.29285714285714287 0.63809152779708278 -0.15496639985319552 -0.00043281777834014993
decision_type=2 2 2 2 2 2 2 2 2 2 2 2 2 2
left_child=1 2 11 -4 9 6 10 -6 13 -3 -2 -1 -8 -7
right_child=5 4 3 -5 7 8 12 -9 -10 -11 -12 -13 -14 -15
leaf_value=0.00034429865972926632 -0.00053617803753404467 0.00016372238854366731 0.00061130984243818885 -0.000140190540773479 -0.0024670441431535795 -0.00019851490434637199 0.00028569325600500729 -0.00078982059844310626 0.0025144239211190439 -0.00046691459336447715 0.00019913645290908603 0.0013540846720408804 -0.0021524499192491996 0.0014299230326403098
leaf_weight=1407.4798085093498 824.48494651913643 1654.9381347298622 1629.3862528800964 8826.0625838041306 204.44110974669456 233.766631513834 66.817499965429306 1138.6528635621071 158.35795521736145 3182.9217697679996 10723.50397631526 582.26102882623672 177.33193543553352 195.10033684968948
leaf_count=2122 1339 2445 2407 13183 328 357 106 1643 244 4707 16258 838 292 298
internal_value=1.20832e-05 -8.4814e-05 8.40425e-05 -2.20253e-05 -0.000426337 0.000158674 0.000111611 -0.00105584 0.00108319 -0.000249141 0.000145688 0.000645878 -0.00144767 0.000522284
internal_weight=31005.5 18626.1 12445.2 10455.4 6180.95 12379.4 11792.1 1343.09 587.225 4837.86 11548 1989.74 244.149 428.867
internal_count=46567 27673 18550 15590 9123 18894 17995 1971 899 7152 17597 2960 398 655
is_linear=0
shrinkage=0.02


Tree=352
num_leaves=13
num_cat=0
split_feature=23 23 50 23 33 37 12 12 34 51 51 3
split_gain=1.05931 2.58857 1.79672 1.80359 1.6241 1.51029 1.28731 1.57306 1.12448 1.05273 0.977895 0.949573
threshold=1.0461324741756732 0.88207140719541466 -0.24501286793800586 0.82731174088746551 0.75000000000000011 2.3117949336627786 19.293258926854566 19.392312342618339 0.25872882494329946 0.67058864343173408 0.63809152779708278 49.799609463113498
decision_type=2 2 2 2 2 2 2 2 2 2 2 2
left_child=1 2 10 -4 9 6 11 -8 -6 -3 -1 -2
right_child=5 4 3 -5 8 -7 7 -9 -10 -11 -12 -13
leaf_value=0.00033742245310445297 1.0317278110587566e-05 0.00016045188036233282 -0.00013446412029879875 0.00059323667262049763 -0.0024181812261676169 -0.0017921650791470711 0.0016161639715643536 0.00033983455823035095 -0.00077405187256218602 -0.00045758216502952406 0.0013270956756358092 0.00084415823649149774
leaf_weight=1407.4798085093498 8685.5878683626652 1654.9381347298622 8848.384213924408 1607.064622759819 204.44110974669456 154.31905004382133 464.93792846798897 2491.4809499979019 1138.6528635621071 3182.9217697679996 582.26102882623672 583.03748494386673
leaf_count=2122 13145 2445 13200 2390 328 254 701 3791 1643 4707 838 1003
internal_value=1.18417e-05 -8.31099e-05 8.23847e-05 -2.15639e-05 -0.000417865 0.000155505 0.000181198 0.000544892 -0.00103497 -0.00024412 0.000633095 6.4019e-05
internal_weight=31005.5 18626.1 12445.2 10455.4 6180.95 12379.4 12225 2956.42 1343.09 4837.86 1989.74 9268.63
internal_count=46567 27673 18550 15590 9123 18894 18640 4492 1971 7152 2960 14148
is_linear=0
shrinkage=0.02


Tree=353
num_leaves=14
num_cat=0
split_feature=23 23 50 30 33 37 12 15 12 23 43 20 30
split_gain=1.01762 2.48693 1.72626 1.87027 1.56053 1.45141 1.23652 1.5995 1.51056 1.02155 0.98265 0.663002 0.610389
threshold=1.0461324741756732 0.88207140719541466 -0.24501286793800586 -0.22113847010744803 0.75000000000000011 2.3117949336627786 19.293258926854566 19.908498870290412 19.392312342618339 1.0297496932540462 0.55000000000000016 0.19096026839154231 -0.40518342287928805
decision_type=2 2 2 2 2 2 2 2 2 2 2 2 2
left_child=1 2 12 -4 10 6 7 -2 -8 -6 -3 -7 -1
right_child=5 4 3 -5 9 11 8 -9 -10 -11 -12 -13 -14
leaf_value=-0.00075046377264092719 0 -9.4698329326167079e-05 0.00059988768781897507 -0.00013699757042383195 -0.00082133530908825973 -0.00040484580112728683 0.0015839791692009171 0.0011700161623721848 0.0003330433196567094 -0.0027414871007552652 -0.00081444723035889184 -0.0031942155083941976 0.00070973578878220478
leaf_weight=113.75227639079094 8776.5773237645626 3882.3450104594231 1629.3862528800964 8826.0625838041306 1215.8304328322411 84.430610120296478 464.93792846798897 492.0480295419693 2491.4809499979019 127.26354047656059 955.5148940384388 69.888439923524857 1875.9885609447956
leaf_count=171 13400 5786 2407 13183 1788 138 701 748 3791 183 1366 116 2789
internal_value=1.16173e-05 -8.14399e-05 8.07599e-05 -2.11117e-05 -0.000409563 0.000152431 0.000177632 6.27639e-05 0.000534088 -0.00101452 -0.000239198 -0.00175678 0.000620567
internal_weight=31005.5 18626.1 12445.2 10455.4 6180.95 12379.4 12225 9268.63 2956.42 1343.09 4837.86 154.319 1989.74
internal_count=46567 27673 18550 15590 9123 18894 18640 14148 4492 1971 7152 254 2960
is_linear=0
shrinkage=0.02


Tree=354
num_leaves=15
num_cat=0
split_feature=23 23 50 23 33 15 12 0 51 23 40 51 50 40
split_gain=0.977719 2.38963 1.65734 1.73423 1.49914 1.20966 1.41092 1.21934 1.01011 0.980996 0.948261 0.939468 0.924457 0.871151
threshold=1.0461324741756732 0.88207140719541466 -0.24501286793800586 0.82731174088746551 0.75000000000000011 19.908498870290412 19.282925457174471 31.232392510307658 0.67058864343173408 1.0297496932540462 -0.00043281777834014993 0.63809152779708278 -0.10174408593245894 -0.11675921293660908
decision_type=2 2 2 2 2 2 2 2 2 2 2 2 2 2
left_child=1 2 11 -4 8 6 12 -8 -3 -6 13 -1 -2 -7
right_child=5 4 3 -5 9 10 7 -9 -10 -11 -12 -13 -14 -15
leaf_value=0.00031817555006058792 0.00026025945449307186 0.00016178460877238777 -0.00013139530149215738 0.00058217570339216373 -0.00080493558027428121 0.0012824492630627113 0.0003173019037670243 0.0015229390567496721 -0.0004436014970228021 -0.0026875057363893377 0.0018395435021895232 0.0012881640181868007 -0.00017092754354806829 -0.00086960680963265246
leaf_weight=1407.4798085093498 3021.2608859241009 1654.9381347298622 8848.384213924408 1607.064622759819 1215.8304328322411 149.03909450769424 2587.5141772031784 392.63402360677719 3182.9217697679996 127.26354047656059 293.69443467259407 582.26102882623672 5790.7292715013027 144.49139440059662
leaf_count=2122 4628 2445 13200 2390 1788 225 3973 561 4707 183 450 838 8833 224
internal_value=1.13558e-05 -7.9852e-05 7.91299e-05 -2.06686e-05 -0.000401498 0.000149387 0.000104235 0.000480413 -0.000234463 -0.000994482 0.00103569 0.000608054 -2.19316e-05 0.000190539
internal_weight=31005.5 18626.1 12445.2 10455.4 6180.95 12379.4 11792.1 2980.15 4837.86 1343.09 587.225 1989.74 8811.99 293.53
internal_count=46567 27673 18550 15590 9123 18894 17995 4534 7152 1971 899 2960 13461 449
is_linear=0
shrinkage=0.02


Tree=355
num_leaves=12
num_cat=0
split_feature=6 34 43 34 36 32 32 14 44 3 44
split_gain=1.26652 1.27576 1.42428 1.2461 1.18165 1.16775 1.10866 0.967676 0.865034 0.812806 0.603563
threshold=4.5000000000000009 0.50883465069936207 1.7500000000000002 0.75242927553243333 1.6125000000000003 1.8500000000000003 1.3500000000000003 11.500000000000002 0.95714948792705334 46.448358202080193 0.49806230302727478
decision_type=2 2 2 2 2 2 2 2 2 2 2
left_child=1 5 3 -3 7 6 -1 10 -9 -7 -2
right_child=4 2 -4 -5 -6 9 -8 8 -10 -11 -12
leaf_value=-0.00011657735443988134 -0.001630422455174444 0.00044116055046078981 -0.0022104215599418908 5.2130412750960728e-06 -0.0027195864113718333 -0.0026932163083872598 0.00049539273823870887 0.0011013764630245688 -0.00025557609580047371 0 -0.0004602265811415471
leaf_weight=15984.889131814241 205.29191535711288 4986.9878435432911 95.421856641769409 5628.9760565459728 86.464292913675308 114.38245734572411 1272.4473190903664 290.70351591706276 503.84675595164299 84.280242443084717 1751.5861078202724
leaf_count=24352 307 7376 129 8401 124 180 1920 410 705 137 2553
internal_value=-2.42731e-05 1.59702e-05 0.000188078 0.000210991 -0.000426957 -8.90758e-05 -7.0823e-05 -0.000349356 0.000229859 -0.00160831 -0.000589634
internal_weight=31005.3 28167.4 10711.4 10616 2837.89 17456 17257.3 2751.43 794.55 198.663 1956.88
internal_count=46594 42495 15906 15777 4099 26589 26272 3975 1115 317 2860
is_linear=0
shrinkage=0.02


Tree=356
num_leaves=14
num_cat=0
split_feature=12 17 44 27 41 43 17 44 50 4 19 33 21
split_gain=1.3174 1.24433 1.46399 1.22469 1.35029 2.13653 1.50562 1.20759 1.16776 0.904483 1.20758 1.00166 0.849185
threshold=17.593057031283568 2.9743475191355047 2.1417554522219544 1.7063952561448363 1.1750363147161746 0.55000000000000016 1.8899013283980832 2.8072346608424752 -0.27579714942855255 23.556218958965644 -1.6275268560701555 1.6500000000000004 1.0011366796945023
decision_type=2 2 2 2 2 2 2 2 2 2 2 2 2
left_child=1 7 -3 9 5 -5 -6 8 -1 10 -2 -11 -4
right_child=3 2 12 4 6 -7 -8 -9 -10 11 -12 -13 -14
leaf_value=0.0007273129694553447 0.00080677171653075342 0.0010479477308145046 -0.0008430829484508028 0.00095742936072830517 -0.00040970123665749113 -0.0011752850969067273 0.0028629596566269459 0.0016416245243105205 -0.00045698677213887274 3.2785318260265701e-05 -0.00086834218244347507 -0.001519750124186009 -0.0030294242869648097
leaf_weight=367.88108465075493 203.73578497767448 70.790528893470764 153.81286546587944 589.35661828517914 71.830399632453918 270.83655476570129 189.78670954704285 126.8666165471077 2940.108911305666 24762.768456786871 925.12490075826645 165.16267821192741 167.21538555622101
leaf_count=545 314 107 226 872 107 369 271 190 4365 37288 1429 264 247
internal_value=-2.38169e-05 -0.000371314 -0.00144155 2.47657e-05 0.000671244 0.000273166 0.00193018 -0.000245554 -0.0003219 -2.73246e-06 -0.000556284 2.19766e-05 -0.00202455
internal_weight=31005.3 3826.68 391.819 27178.6 1121.81 860.193 261.617 3434.86 3307.99 26056.8 1128.86 24927.9 321.028
internal_count=46594 5680 580 40914 1619 1241 378 5100 4910 39295 1743 37552 473
is_linear=0
shrinkage=0.02


Tree=357
num_leaves=14
num_cat=0
split_feature=12 16 17 16 17 50 27 43 17 12 33 21 21
split_gain=1.26493 1.5092 1.19558 1.19576 1.2037 1.00483 0.907783 1.65699 1.00368 0.882125 1.39049 0.683151 1.37757
threshold=17.593057031283568 19.22000000000001 2.9743475191355047 4.4775000000000018 0.68599704940507511 -0.27579714942855255 1.7063952561448363 0.55000000000000016 1.7298215791146034 18.591978559698934 -1.0000000180025095e-35 1.0159951157101208 1.0011366796945023
decision_type=2 2 2 2 2 2 2 2 2 2 2 2 2
left_child=2 6 3 4 -1 -5 8 -8 -2 10 -3 12 -4
right_child=1 9 11 5 -6 -7 7 -9 -10 -11 -12 -13 -14
leaf_value=0.00028203698993537428 8.8469652998130309e-05 -0.00058292927340585247 -0.00069535224456296915 0.00097627063440501247 -0.0015486595728325927 -0.0001970147005714391 0.0011857248475655639 -0.00075369850461063444 -0.00016728618417135498 0.00013210597273337346 0.0014003561624321567 -0.0001152811432300971 -0.0037258555214520622
leaf_weight=193.30963298678398 12339.290166586637 165.7285789847374 156.8203818500042 328.56188589334488 471.27017769217491 2441.7149159312248 609.14787346124649 239.43719148635864 12162.147196829319 925.6708308160305 737.18026480078697 126.63412582874298 108.36427223682404
leaf_count=295 18789 256 230 492 718 3595 894 319 18109 1450 1097 192 158
internal_value=-2.33344e-05 2.4264e-05 -0.000363845 -0.000240505 -0.00100191 -5.3649e-05 -1.53984e-05 0.000626254 -3.80789e-05 0.000578993 0.00102479 -0.001413 -0.00198978
internal_weight=31005.3 27178.6 3826.68 3434.86 664.58 2770.28 25350 848.585 24501.4 1828.58 902.909 391.819 265.185
internal_count=46594 40914 5680 5100 1013 4087 38111 1213 36898 2803 1353 580 388
is_linear=0
shrinkage=0.02


Tree=358
num_leaves=10
num_cat=0
split_feature=43 42 45 4 19 33 52 52 52
split_gain=0.890241 1.21745 1.98239 1.36921 1.31967 1.20442 1.12654 0.633431 0.608439
threshold=1.7500000000000002 1.1500000000000001 1.2250000000000003 44.894117357831881 1.1659408786102772 1.6500000000000004 2.8500000000000001 1.4500000000000002 1.8500000000000003
decision_type=2 2 2 2 2 2 2 2 2
left_child=1 5 4 -4 -3 6 -1 -7 -2
right_child=8 2 3 -5 -6 7 -8 -9 -10
leaf_value=-6.1806448722565382e-05 -0.0028255891917858124 0.0015902887420790048 -0.00092940463221163449 0.00062331432606873183 -0.00018748557641286973 -0.00023165478467240708 0.00056416316194649941 -0.0026858387177583183 -0.00019132431086683728
leaf_weight=27676.553802460432 73.875505834817886 678.7157276570797 460.50607880949974 439.2462110221386 208.01628193259239 87.186816185712814 1195.882548391819 102.85845363140106 82.436069458723068
leaf_count=41735 107 976 644 633 300 136 1781 165 117
internal_value=-2.28789e-05 -1.48736e-05 0.000491108 -0.000160599 0.00116251 -4.63523e-05 -3.54955e-05 -0.00162614 -0.00151946
internal_weight=31005.3 30849 1786.48 899.752 886.732 29062.5 28872.4 190.045 156.312
internal_count=46594 46370 2553 1277 1276 43817 43516 301 224
is_linear=0
shrinkage=0.02


Tree=359
num_leaves=12
num_cat=0
split_feature=12 16 18 6 16 34 25 32 52 16 27
split_gain=1.21674 1.44302 1.38304 1.45344 1.48284 1.29015 1.16937 1.38172 0.9995 0.841303 0.787371
threshold=17.593057031283568 19.22000000000001 3.0135279156991932 5.5000000000000009 4.5225000000000017 0.19758890796456177 2.6333333333333337 1.6500000000000001 3.2500000000000004 5.5450000000000026 1.0632850140037762
decision_type=2 2 2 2 2 2 2 2 2 2 2
left_child=2 6 3 4 -1 -3 7 -2 -7 -5 -4
right_child=1 5 10 9 -6 8 -8 -9 -10 -11 -12
leaf_value=-0.0010213437482555266 0 0.0023068699348315447 -0.0027249037785266501 -0.00013898704655073576 8.3786750725980838e-05 0.00024602034674292306 0.0021803789749715152 -0.00095514966748064755 0.0020891945428787692 -0.00243052806067299 -0.00056754019902336089
leaf_weight=590.08831200003624 24636.512973725796 156.18745622038841 145.88548251986504 114.06266283988953 2642.199692606926 1544.1983217597008 94.62455341219902 618.88490122556686 128.19389662146568 180.62806650996208 153.81117594242096
leaf_count=912 37046 243 224 157 3921 2386 129 936 174 246 220
internal_value=-2.24463e-05 2.42303e-05 -0.000356414 -0.000241767 -0.000115381 0.000566659 -1.4544e-05 -2.33357e-05 0.000395604 -0.00158419 -0.00166194
internal_weight=31005.3 27178.6 3826.68 3526.98 3232.29 1828.58 25350 25255.4 1672.39 294.691 299.697
internal_count=46594 40914 5680 5236 4833 2803 38111 37982 2560 403 444
is_linear=0
shrinkage=0.02


Tree=360
num_leaves=9
num_cat=0
split_feature=47 0 20 1 12 0 17 3
split_gain=1.1405 1.00878 2.68529 1.51497 1.38319 1.86456 1.20531 0.502621
threshold=0.18828920831116203 15.563214995714118 5.7936770156728761 19.387500000000006 18.77456232052489 16.530543550360871 3.1345314681120846 35.375228616688581
decision_type=2 2 2 2 2 2 2 2
left_child=7 2 3 -2 6 -6 -3 -1
right_child=1 4 -4 -5 5 -7 -8 -9
leaf_value=-0.00057012904462032203 0.00017520988958047258 -6.3617326272340184e-05 0.004077174921189617 0.0021711597535717781 -0.00097661886111418783 0.00022392403114411216 -0.00080361964319555345 -0.0023335873910928628
leaf_weight=276.64904227852821 2298.1153477728367 14514.039520561695 76.888360321521759 162.73026701807976 535.89991080760956 12155.64276522398 939.83531713485718 95.179818451404572
leaf_count=405 3497 21806 111 251 820 18193 1364 150
internal_value=3.84253e-05 5.21104e-05 0.000434022 0.000312914 1.72917e-05 0.000172297 -0.000109366 -0.00105835
internal_weight=31055 30683.2 2537.73 2460.85 28145.4 12691.5 15453.9 371.829
internal_count=46597 46042 3859 3748 42183 19013 23170 555
is_linear=0
shrinkage=0.02


Tree=361
num_leaves=15
num_cat=0
split_feature=16 17 18 51 20 24 15 19 24 17 19 23 44 19
split_gain=1.1112 1.6633 1.50464 1.64492 1.25441 2.94879 1.66495 2.53589 1.6013 1.21655 1.13491 1.08554 0.89029 1.42066
threshold=14.567500000000003 2.9743475191355047 2.632670560332413 0.6020361927859712 -0.42293625453701356 0.4835629113105403 11.483722751893428 -3.5687460820529657 0.62339055754032413 1.9495896619745976 -2.6677056126914049 0.11763224965882617 3.0273876907162474 1.6211692699449733
decision_type=2 2 2 2 2 2 2 2 2 2 2 2 2 2
left_child=4 2 9 -4 5 10 11 -8 -7 -2 -1 -6 13 -3
right_child=1 12 3 -5 6 8 7 -9 -10 -11 -12 -13 -14 -15
leaf_value=-0.0020661828064106437 0.0014485101487579613 -0.00011467769361994767 0.0022870516821196785 0.00068640218136855203 -0.0014753713084494197 0.00089380205462457805 0.0024804394515452162 -0.00077910177792897377 0.00018981548723265011 -7.3644499483349973e-05 -0.00032370977042571345 -2.2237876041019604e-05 0.00049429384482073846 -0.0019731180320442226
leaf_weight=160.77111488580704 244.85907506942749 1958.2979050278664 335.77631452679634 1243.073067843914 207.66655117273331 1659.4149881601334 96.572124451398849 2200.0820250809193 6117.1674179136753 1347.1464250683784 2417.583911895752 12062.186563313007 824.82576954364777 179.55709561705589
leaf_count=253 381 2852 491 1888 314 2439 132 3238 9106 2103 3939 18007 1196 258
internal_value=3.76463e-05 0.000278869 0.000597365 0.0010356 -2.13386e-05 0.000146465 -0.000141316 -0.000635652 0.000341513 0.000155721 -0.000437753 -4.78834e-05 -5.8806e-05 -0.000277138
internal_weight=31055 6133.54 3170.85 1578.85 24921.4 10354.9 14566.5 2296.65 7776.58 1592.01 2578.36 12269.9 2962.68 2137.86
internal_count=46597 9169 4863 2379 37428 15737 21691 3370 11545 2484 4192 18321 4306 3110
is_linear=0
shrinkage=0.02


Tree=362
num_leaves=8
num_cat=0
split_feature=40 21 21 21 47 41 16
split_gain=1.37263 1.30816 1.29816 1.26456 1.21805 1.07585 1.03598
threshold=0.24989599286660272 1.4955385669470205 1.2877062138948148 1.1927955263157963 0.18828920831116203 1.7163267587240294 14.567500000000003
decision_type=2 2 2 2 2 2 2
left_child=1 4 3 5 -1 -2 -6
right_child=2 -3 -4 -5 6 -7 -8
leaf_value=-0.0011870196259715158 0.00074468859533993628 0.0022968867422286784 -0.0018586539331222835 0.0024939638333115878 -5.3265108467221098e-05 -0.00030025711458030212 0.00025243710841381698
leaf_weight=344.56300136446953 1536.1335776150227 96.803572505712509 85.023522675037384 134.12705510854721 22847.515549778938 512.85920298099518 5497.95486754179
leaf_count=514 2263 160 132 199 34299 817 8213
internal_value=3.68827e-05 -1.08573e-07 0.00051036 0.000608816 -8.367e-06 0.000478227 5.69048e-06
internal_weight=31055 28786.8 2268.14 2183.12 28690 2048.99 28345.5
internal_count=46597 43186 3411 3279 43026 3080 42512
is_linear=0
shrinkage=0.02


Tree=363
num_leaves=13
num_cat=0
split_feature=42 19 49 16 40 16 40 40 26 23 1 23
split_gain=1.33657 1.55517 1.427 1.57382 1.38598 1.27426 1.27343 0.898233 1.30329 0.795957 0.70756 0.682398
threshold=1.1500000000000001 2.6905298340759392 2.2500000000000004 4.3366666666666687 0.24989599286660272 14.567500000000003 0.23082447751797083 0.37443931819798071 1.4142857142857144 0.90279411098533513 35.44700000000001 1.0060528543659066
decision_type=2 2 2 2 2 2 2 2 2 2 2 2
left_child=4 2 3 -2 5 6 -1 10 -9 -7 -6 -4
right_child=1 -3 11 -5 7 9 -8 8 -10 -11 -12 -13
leaf_value=-8.4263488948163996e-05 -0.0013586775279543629 0.0032272374821552497 -0.0018934863577630427 0.0008248414710754422 0.0010005784355953901 -0.00032728200807254472 -0.001502115145796632 -0.00038540414228478308 0.0025142172222855229 0.00035882749836252474 -0.00039351693287829003 9.4469950608040736e-05
leaf_weight=21796.481986641884 139.64836093783379 81.510276705026627 139.41076096892357 1513.6317095756531 1132.3182493746281 786.63390398025513 255.39964437484741 592.81799021363258 66.994206130504608 4278.2003249824047 154.86911424994469 117.06382143497467
leaf_count=32817 205 124 197 2135 1704 1151 381 910 99 6459 238 177
internal_value=3.61416e-05 0.000537158 0.000413855 0.000632945 1.43649e-06 -3.52418e-05 -0.000101273 0.000516914 -6.9172e-05 0.000250205 0.000824739 -0.000953716
internal_weight=31055 1991.26 1909.75 1653.28 29063.7 27116.7 22051.9 1947 659.812 5064.83 1287.19 256.475
internal_count=46597 2838 2714 2340 43759 40808 33198 2951 1009 7610 1942 374
is_linear=0
shrinkage=0.02


Tree=364
num_leaves=13
num_cat=0
split_feature=42 19 49 40 17 30 52 33 40 20 12 23
split_gain=1.28378 1.49494 1.3698 1.33092 1.26062 1.18973 1.72026 1.29484 0.862086 1.20895 1.14156 0.656678
threshold=1.1500000000000001 2.6905298340759392 2.2500000000000004 0.24989599286660272 2.5860703495085087 0.16811267504758567 3.2500000000000004 1.7500000000000002 0.37443931819798071 -3.4063291800954452 19.619533321512218 1.0060528543659066
decision_type=2 2 2 2 2 2 2 2 2 2 2 2
left_child=3 2 4 5 -2 7 -7 -1 9 -5 -10 -4
right_child=1 -3 11 8 -6 6 -8 -9 10 -11 -12 -13
leaf_value=4.1034941616146492e-05 0.00038836069429705705 0.0031642384841842697 -0.0018561522500374257 0.0032125406925098731 0.0020007094306988375 -0.0003553906462497175 0.002178517243612085 -0.0023587469802648529 -0.00044605143733188689 0.00063835708858333521 0.0018022944134308356 9.2612292269636837e-05
leaf_weight=21689.082871347666 1424.0003124177456 81.510276705026627 139.41076096892357 78.633150845766068 229.27975809574127 5232.9748524725437 106.45587131381035 88.202264845371246 554.39268630743027 1208.5542127788067 105.41951003670692 117.06382143497467
leaf_count=32664 2024 124 197 122 316 7850 153 141 854 1820 155 177
internal_value=3.54086e-05 0.000526432 0.000405425 1.38874e-06 0.000620152 -3.45466e-05 -0.000302201 3.06405e-05 0.000506529 0.000808108 -6.73577e-05 -0.000934147
internal_weight=31055 1991.26 1909.75 29063.7 1653.28 27116.7 5339.43 21777.3 1947 1287.19 659.812 256.475
internal_count=46597 2838 2714 43759 2340 40808 8003 32805 2951 1942 1009 374
is_linear=0
shrinkage=0.02


Tree=365
num_leaves=12
num_cat=0
split_feature=52 24 23 34 49 14 1 53 48 24 23
split_gain=1.34433 0.944283 0.941669 1.08647 0.894901 0.7975 0.677483 0.591572 0.952116 0.857964 0.682333
threshold=2.8500000000000001 0.19758731119689751 1.3963798878610099 0.064533321226643361 3.7500000000000004 11.500000000000002 10.366166666666668 2.0500000000000003 1.2500000000000002 0.9160298676566283 0.85861213933684633
decision_type=2 2 2 2 2 2 2 2 2 2 2
left_child=1 5 4 -4 -3 6 -1 -2 10 -10 -9
right_child=7 2 3 -5 -6 -7 -8 8 9 -11 -12
leaf_value=0.00078668828408588482 0.0012275025993736409 -7.6928599233596967e-05 -0.00092391642841878319 0.00042357294725655265 0.00081256748800110886 0.00082749704438039341 -0.0012779161528611693 -0.0022613807259550507 -0.00017002097982013399 0.0012452585135802458 0
leaf_weight=64.390643060207367 429.30344435572624 25476.084021121264 255.47843557596207 2832.6269703805447 457.01621046662331 99.980834364891052 542.57216727733612 80.951489865779877 270.79753893613815 415.60950499773026 132.54949602484703
leaf_count=114 660 37811 432 4419 695 177 1034 136 400 554 215
internal_value=-1.09791e-05 -3.91363e-05 -2.11634e-05 0.000308333 -6.08061e-05 -0.000760709 -0.0010406 0.000610366 0.000302803 0.000673512 -0.000837816
internal_weight=31057.4 29728.1 29021.2 3088.11 25933.1 706.944 606.963 1329.21 899.908 686.407 213.501
internal_count=46647 44682 43357 4851 38506 1325 1148 1965 1305 954 351
is_linear=0
shrinkage=0.02


Tree=366
num_leaves=10
num_cat=0
split_feature=15 52 23 1 21 49 40 23 4
split_gain=1.40457 1.12008 1.11516 1.02036 1.0025 0.951162 0.843239 0.791645 0.511263
threshold=2.5257590925032756 2.8500000000000001 1.3963798878610099 14.75966666666667 0.91440759587922915 3.7500000000000004 -0.17284442814457954 1.2937079657831985 28.178250432382878
decision_type=2 2 2 2 2 2 2 2 2
left_child=3 2 5 8 -3 -2 -4 -6 -1
right_child=1 4 6 -5 7 -7 -8 -9 -10
leaf_value=0.0012557754214969927 -7.8603997987053287e-05 -0.001376608058034407 0.0016774049024415134 -0.0018710525004077699 0.00090877769545180058 0.00083723500805446788 0.000253998856593678 -0.0007077329237942712 -0.00080886276826163035
leaf_weight=77.670028030872345 25758.327681839466 92.472635090351105 178.64152219891548 275.81024205684662 1101.485418766737 458.20331153273582 2868.6205001175404 127.58386999368668 118.54554679989815
leaf_count=128 38415 165 300 472 1572 697 4487 213 198
internal_value=-1.07413e-05 5.67677e-06 -1.97303e-05 -0.0010912 0.000575018 -6.21532e-05 0.000341769 0.000731975 0
internal_weight=31057.4 30585.3 29263.8 472.026 1321.54 26216.5 3047.26 1229.07 196.216
internal_count=46647 45849 43899 798 1950 39112 4787 1785 326
is_linear=0
shrinkage=0.02


Tree=367
num_leaves=15
num_cat=0
split_feature=16 30 17 44 21 53 16 1 30 14 21 44 1 21
split_gain=1.35087 1.46946 1.15931 1.44734 1.27865 1.19667 1.14773 1.78445 0.999473 0.826407 0.821426 0.784871 0.658201 0.625074
threshold=8.8900000000000023 -0.021613672884182849 1.7818316665938105 0.4771370152270959 1.1968194133009067 1.8500000000000003 8.2225000000000037 20.469000000000005 0.28185890904459127 12.500000000000002 1.0671037936686925 2.480918053879535 15.589833333333337 1.0605828352698046
decision_type=2 2 2 2 2 2 2 2 2 2 2 2 2 2
left_child=1 11 3 13 -5 9 7 -3 -8 -4 -7 12 -1 -2
right_child=2 6 5 4 -6 10 8 -9 -10 -11 -12 -13 -14 -15
leaf_value=0.00039082269693873343 0 -0.00054655011173765106 2.2737310912915665e-05 0.00043582906536172644 0.0018036944872981634 0.00085948840296228533 -0.00068212960273467702 0.00010595569905066986 -0.002473299412194087 -0.00064532185757852883 -0.0010346839669805566 -0.0012114361764764875 -2.8602451682332363e-05 -0.0023589087861312775
leaf_weight=2005.7303411364555 102.93102642893791 3712.1512160003185 10714.019741266966 2470.464268386364 313.8418063223362 964.44446948170662 687.32258117198944 3015.4357075989246 160.81179571151733 792.47985878586769 94.853047460317612 190.7145811021328 5741.0716281533241 91.088687419891357
leaf_count=3000 161 5591 16236 3753 467 1339 1030 4546 238 1091 140 291 8626 138
internal_value=-1.05199e-05 -0.000142841 0.000120896 0.000475811 0.000594785 3.59167e-05 -0.000342206 -0.000252654 -0.00103853 -2.25087e-05 0.000678825 4.62168e-05 7.87736e-05 -0.00116919
internal_weight=31057.4 15513.2 15544.1 2978.33 2784.31 12565.8 7575.72 6727.59 848.134 11506.5 1059.3 7937.52 7746.8 194.02
internal_count=46647 23322 23325 4519 4220 18806 11405 10137 1268 17327 1479 11917 11626 299
is_linear=0
shrinkage=0.02


Tree=368
num_leaves=14
num_cat=0
split_feature=16 23 23 52 31 34 33 40 53 1 40 41 40
split_gain=1.29761 1.65835 1.17897 1.57141 1.48623 1.06011 0.939322 2.07954 1.51144 1.1596 0.889083 0.834514 0.681037
threshold=8.8900000000000023 0.71257589104900754 1.1818373316713362 1.4500000000000002 1.2694918786247367 0.55123190551456813 -0.34999999999999992 -0.12771187623234506 2.3500000000000005 16.882375000000003 -0.21855165155460851 1.0489034478139947 -0.13007163245139283
decision_type=2 2 2 2 2 2 2 2 2 2 2 2 2
left_child=6 5 3 -3 -4 12 7 -1 10 -9 -8 -7 -2
right_child=1 2 4 -5 -6 11 8 9 -10 -11 -12 -13 -14
leaf_value=-0.0014336449916253489 0.0020546933445587871 -0.00033075761816243323 0.00011031767901315196 0.00018558700240642334 0.00090001383508365106 0.0022922139190855065 0.00038726797401241906 0.0014347339074795302 -0.0030830986826496944 0.00021311161784022179 -0.00023043781901959759 0.00025290261155128395 1.0618691476248594e-05
leaf_weight=248.21710738539696 75.726409107446671 4636.6222786903381 3899.2821870446205 4771.3114635944366 1277.352179735899 286.19284170866013 994.40724214911461 414.85463812947273 70.807304412126541 1337.8260844349861 12447.125474363565 128.15450575947762 469.48103991150856
leaf_count=350 109 7068 6010 6847 1996 407 1504 568 121 1909 18870 187 701
internal_value=-1.0329e-05 0.000118463 6.46773e-05 -6.78427e-05 0.000307381 0.00092374 -0.000140021 0.000262063 -0.000200331 0.000509271 -0.000183945 0.00168973 0.000319276
internal_weight=31057.4 15544.1 14584.6 9407.93 5176.63 959.555 15513.2 2000.9 13512.3 1752.68 13441.5 414.347 545.207
internal_count=46647 23325 21921 13915 8006 1404 23322 2827 20495 2477 20374 594 810
is_linear=0
shrinkage=0.02


Tree=369
num_leaves=8
num_cat=0
split_feature=15 52 1 45 16 41 16
split_gain=1.33629 1.02898 0.976862 0.771335 0.735828 0.698965 0.564296
threshold=2.5257590925032756 2.8500000000000001 14.75966666666667 4.6750000000000007 16.350000000000005 2.0146907042749542 19.41
decision_type=2 2 2 2 2 2 2
left_child=2 3 -1 5 -3 -2 -6
right_child=1 4 -4 -5 6 -7 -8
leaf_value=0 -4.2876678320428636e-05 0.00010996820892080224 -0.0018270237746591256 0.0015962787788755387 0.0018185754919264644 0.00052872585486794278 0.00050791528346206193
leaf_weight=196.21557483077049 28269.352692574263 728.89710369706154 275.81024205684662 115.67183631658554 247.25733265280724 878.7684867978096 345.38748750090599
leaf_count=326 42320 1132 472 168 332 1411 486
internal_value=-1.00738e-05 5.93228e-06 -0.00106395 -1.84058e-05 0.000551635 -2.52656e-05 0.00107583
internal_weight=31057.4 30585.3 472.026 29263.8 1321.54 29148.1 592.645
internal_count=46647 45849 798 43899 1950 43731 818
is_linear=0
shrinkage=0.02


Tree=370
num_leaves=12
num_cat=0
split_feature=12 50 0 47 40 33 21 21 12 23 47
split_gain=1.57315 1.50532 1.60298 2.02121 1.2225 1.20561 0.787882 1.43635 0.861875 0.671084 0.990151
threshold=17.91627965741689 -0.38850524573445644 35.550294536415308 1.6181938930244664 0.20016703738916483 1.6500000000000004 0.73184663074819178 0.69284489500160673 18.020228197138316 0.76350261193091995 1.8372237391570885
decision_type=2 2 2 2 2 2 2 2 2 2 2
left_child=1 9 4 -4 -3 6 7 -2 -8 -1 -11
right_child=5 2 3 -5 -6 -7 8 -9 -10 10 -12
leaf_value=-0.00051485743643285282 8.2719524353663644e-05 -0.00034082896395505087 0.0016222722865751327 -0.0019124076593854812 0.00059683761613961645 -0.0016149772106520896 0.00067425760627754297 0.0016658910598767532 6.0373584936414233e-05 0.002469858450367843 0.00016255203484108317
leaf_weight=90.932169258594513 660.5474928021431 4832.3250906765461 71.021178543567657 445.21154317259789 619.87362694740295 160.45389151573181 956.62771272659302 361.54803296923637 22465.373788386583 158.13571438193321 158.20353654026985
leaf_count=135 1059 7251 95 652 923 256 1437 555 33654 236 239
internal_value=2.55395e-05 -0.000253948 -0.000335539 -0.00140244 -0.00023221 9.83834e-05 0.00011017 0.000654663 8.59289e-05 0.000913103 0.00135564
internal_weight=30980.3 6375.7 5968.43 516.233 5452.2 24604.6 24444.1 1022.1 23422 407.271 316.339
internal_count=46492 9531 8921 747 8174 36961 36705 1614 35091 610 475
is_linear=0
shrinkage=0.02


Tree=371
num_leaves=13
num_cat=0
split_feature=12 16 1 47 53 18 12 18 12 12 12 12
split_gain=1.51037 1.50726 1.7774 1.19054 1.05284 1.59745 1.04197 0.990489 0.676253 0.906513 0.578338 0.573405
threshold=17.91627965741689 5.3100000000000032 36.500500000000009 1.5431626538482386 0.75000000000000011 3.1667630802651456 18.86669196790335 3.11587255950012 18.43437830700433 19.96118791700864 18.020228197138316 18.410724617428659
decision_type=2 2 2 2 2 2 2 2 2 2 2 2
left_child=1 -1 7 -4 5 10 -7 -3 11 -10 -2 -6
right_child=4 2 3 -5 8 6 -8 -9 9 -11 -12 -13
leaf_value=-0.00081542069994535729 0.00061213444186963156 0.00012365631282188814 0.00067556650096833371 -0.0013586599274060527 0.00056246440401899506 -0.0020398787217929711 -0.00024892616181245526 -0.0021357829425725844 9.7664577314777152e-05 0.00098171516431911124 2.3547638272847946e-05 0.002441235558427699
leaf_weight=1451.6988344490528 697.22486835718155 4103.499425560236 133.25430732965469 610.46939915418625 1688.8701075017452 238.16812545061111 317.01794734597206 76.78089302778244 4729.8290207982063 518.37033504247665 16345.296620935202 69.773892968893051
leaf_count=2203 1064 6085 192 939 2452 372 513 112 6934 734 24798 94
internal_value=2.50519e-05 -0.000248793 -7.94462e-05 -0.00097994 9.64334e-05 1.32749e-05 -0.00103973 7.87637e-05 0.000303796 0.000187229 4.8283e-05 0.000645373
internal_weight=30980.3 6375.7 4924 743.724 24604.6 17597.7 555.186 4180.28 7006.84 5248.2 17042.5 1758.64
internal_count=46492 9531 7328 1131 36961 26747 885 6197 10214 7668 25862 2546
is_linear=0
shrinkage=0.02


Tree=372
num_leaves=11
num_cat=0
split_feature=12 13 50 17 33 17 1 30 47 47
split_gain=1.45102 1.48603 1.44684 1.53953 1.23419 0.867697 0.862606 0.775143 0.605748 0.934548
threshold=17.91627965741689 2.1687485704780323 -0.38850524573445644 3.1345314681120846 1.6500000000000004 3.2482120456780925 36.500500000000009 0.16811267504758567 1.8509204893405535 0.91308547886271807
decision_type=2 2 2 2 2 2 2 2 2 2
left_child=2 4 8 6 7 -5 -4 -2 9 -1
right_child=1 -3 3 5 -6 -7 -8 -9 -10 -11
leaf_value=-0.00013597751911865216 0.00012069009472000773 0.00063287463802170357 -0.00017811034724777406 -0.0027537499752238025 -0.0017619264361013731 -8.9870487900488055e-05 -0.0010603854055632289 -0.00017113708762731512 0 0.0024856904413507221
leaf_weight=73.255533844232559 18025.805343210697 1894.1451430618763 5237.9949355721474 158.05870354175568 147.15497225522995 82.126954168081284 490.25084605813026 4537.4454598724842 182.83588206768036 151.18000426888466
leaf_count=109 26852 3164 7813 233 232 115 760 6713 275 226
internal_value=2.45624e-05 9.4533e-05 -0.000243839 -0.000323862 4.9141e-05 -0.00189244 -0.000255709 6.15508e-05 0.000900285 0.00159218
internal_weight=30980.3 24604.6 6375.7 5968.43 22710.4 240.186 5728.25 22563.3 407.271 224.436
internal_count=46492 36961 9531 8921 33797 348 8573 33565 610 335
is_linear=0
shrinkage=0.02


Tree=373
num_leaves=14
num_cat=0
split_feature=12 13 17 33 23 23 22 30 30 52 18 22 22
split_gain=1.39417 1.42727 1.2653 1.18598 1.00617 0.890473 1.79904 1.76528 0.744517 0.616134 0.605801 0.789046 0.515072
threshold=17.91627965741689 2.1687485704780323 3.1345314681120846 1.6500000000000004 1.1078699352181978 1.0735448909583214 -0.96427248289261358 -0.21285542516331987 0.16811267504758567 2.3500000000000001 2.8605126353863191 -0.89212347917485502 0.34086650315681322
decision_type=2 2 2 2 2 2 2 2 2 2 2 2 2
left_child=2 3 5 8 9 6 -1 -7 -2 -4 11 -3 -12
right_child=1 10 4 -5 -6 7 -8 -9 -10 -11 12 -13 -14
leaf_value=0.00022887374209427499 0.00011827656264316135 -0.00036359825264121684 -0.0011943490432203289 -0.0017271604768671501 0.00030019823321150469 -0.0015363549116585878 -0.00066121270079506119 0.00035277856427714393 -0.00016771585570700423 -0.0036459111795505571 0.00065089216162886809 0.00070406326702222388 0.0028787278190059809
leaf_weight=1367.7443957030773 18025.805343210697 332.3903426527977 117.56833964586258 147.15497225522995 74.836055785417557 217.85568785667419 2619.6499786973 1893.4500562548637 4537.4454598724842 84.598345577716827 111.15664014220238 1365.2978572547436 85.300303012132645
leaf_count=2038 26852 547 178 232 110 326 3879 2888 6713 112 173 2313 131
internal_value=2.40402e-05 9.26323e-05 -0.000239043 4.81374e-05 -0.00156081 -0.000176877 -0.00035343 0.000151846 6.03109e-05 -0.00229487 0.00062023 0.000488961 0.00168786
internal_weight=30980.3 24604.6 6375.7 22710.4 277.003 6098.7 3987.39 2111.31 22563.3 202.167 1894.15 1697.69 196.457
internal_count=46492 36961 9531 33797 400 9131 5917 3214 33565 290 3164 2860 304
is_linear=0
shrinkage=0.02


Tree=374
num_leaves=13
num_cat=0
split_feature=22 23 23 27 27 27 17 50 34 1 23 50
split_gain=1.04454 1.54656 1.20091 1.41268 2.19715 1.5432 1.144 1.11508 1.07984 0.864131 0.842936 0.787105
threshold=2.3685179570228541 1.0495717083042897 1.0768465821276221 0.43331065299646304 0.67065361003913593 0.39040146244822399 1.5966163094165002 -0.23001920945568341 0.97872626364973014 18.931833333333334 0.94755377055344947 0.44206957052457435
decision_type=2 2 2 2 2 2 2 2 2 2 2 2
left_child=2 -2 7 5 -5 -4 9 8 -1 -3 -9 -8
right_child=1 6 3 4 -6 -7 11 10 -10 -11 -12 -13
leaf_value=0.00014661753201753643 -0.0025104873496772161 0.00044991621521578938 0 0.00090277269058823355 0.00014651085448029154 -0.0015582424626044021 0.00017304143828062278 -2.71626599342457e-05 0.0012079599421491863 -0.0017939550105415493 -0.0003693420649499593 -0.0015481762302009872
leaf_weight=3093.5215911269188 133.60483586788177 81.25757172703743 1403.9716252982616 2098.7295783758163 5898.2373573482037 309.01997238397598 1146.9235797226429 12176.4838770926 442.3666904270649 279.29065635800362 3801.8238914012909 115.022550791502
leaf_count=4630 202 127 2238 3218 8895 465 1778 18083 652 435 5582 187
internal_value=2.35477e-05 -0.000449325 5.23339e-05 0.000234206 0.000346411 -0.000283578 -0.00027056 -3.7665e-05 0.000282834 -0.00126097 -0.000109241 6.04445e-06
internal_weight=30980.3 1756.1 29224.2 9709.96 7996.97 1712.99 1622.49 19514.2 3535.89 360.548 15978.3 1261.95
internal_count=46492 2729 43763 14816 12113 2703 2527 28947 5282 562 23665 1965
is_linear=0
shrinkage=0.02


Tree=375
num_leaves=12
num_cat=0
split_feature=13 34 34 52 20 15 13 21 47 21 53
split_gain=0.925213 2.30619 1.3602 0.88528 2.01151 1.17069 1.51019 1.14616 1.06097 0.742359 0.644599
threshold=2.6743838263997861 0.10634913059129592 0.18747767403713478 0.8500000000000002 5.7936770156728761 5.5526193820202403 2.5002656748140279 0.72233580510939144 0.94680588413873867 0.99910650655594202 0.14999999999999999
decision_type=2 2 2 2 2 2 2 2 2 2 2
left_child=3 10 -3 4 7 8 -7 -1 -5 -4 -2
right_child=1 2 9 5 -6 6 -8 -9 -10 -11 -12
leaf_value=0.00070860414353376045 -0.00031605433346022457 0.0027491580325006838 -9.4719026865354341e-05 -5.6740817445921983e-05 0.0025732986141934677 0.00013497528683353781 -0.0014023797329445744 -0.00028350063213081417 -0.00087167537188728868 0.0011752323084134539 -0.0031772633398664063
leaf_weight=488.11481615900993 77.154399812221527 148.04063630104065 309.58522838354111 2122.4917160868645 101.61703595519066 18270.416860729456 256.24150416254997 7852.4243401885033 931.5587514936924 407.27342438697815 64.932090640068054
leaf_count=757 159 277 558 3194 151 27065 391 11805 1450 692 131
internal_value=4.94179e-06 0.000600886 0.000996614 -1.47522e-05 -0.000188627 5.28139e-05 0.000113023 -0.000224085 -0.000308995 0.000614138 -0.00171895
internal_weight=31029.9 1006.99 864.899 30022.9 8442.16 21580.7 18526.7 8340.54 3054.05 716.859 142.086
internal_count=46630 1817 1527 44813 12713 32100 27456 12562 4644 1250 290
is_linear=0
shrinkage=0.02


Tree=376
num_leaves=13
num_cat=0
split_feature=22 13 17 17 1 1 34 14 22 34 13 22
split_gain=0.978457 1.65314 1.05386 1.01662 1.74751 1.29477 0.983837 1.35416 1.16465 0.958551 0.824601 0.82688
threshold=-0.18882809272845244 2.6743838263997861 0.94541243973027955 3.0309092801992041 36.110166666666679 28.625666666666671 0.56481934454471217 11.500000000000002 -0.14740012980840062 0.10634913059129592 1.5932066038513304 -1.1492727045882074
decision_type=2 2 2 2 2 2 2 2 2 2 2 2
left_child=2 6 10 4 -4 -5 8 -8 -2 -3 -1 -12
right_child=1 9 3 5 -6 -7 7 -9 -10 -11 11 -13
leaf_value=-0.00056559579482689181 -0.001653433640022832 -0.00092683641191216551 0.00021995428691132485 0.0019860615931504388 0.0017518177702452024 -0.0004914010234997986 0.00022791201403202607 -0.00060850220597746666 -0.00020745933483183837 0.0012646944481085845 -0.00086320863000848859 0.0012046651479829336
leaf_weight=1322.9599859714508 227.77578571438789 87.422062695026398 10219.759480625391 87.362395048141479 307.2852264046669 1240.3030287325382 4615.3448099195957 924.68725675344467 11137.01612636447 517.88107752799988 107.84866088628769 234.20490765571594
leaf_count=1957 344 180 15268 121 475 1821 6859 1315 16780 932 181 397
internal_value=4.82509e-06 -9.35205e-05 0.000132932 0.000199646 0.000265944 -0.000318117 -0.000130856 8.63324e-05 -0.000237605 0.000929702 -0.00033573 0.000522377
internal_weight=31029.9 17510.1 13519.7 11854.7 10527 1327.67 16904.8 5540.03 11364.8 605.303 1665.01 342.054
internal_count=46630 26410 20220 17685 15743 1942 25298 8174 17124 1112 2535 578
is_linear=0
shrinkage=0.02


Tree=377
num_leaves=14
num_cat=0
split_feature=22 31 31 13 47 47 51 17 13 17 22 14 13
split_gain=0.93993 1.90461 1.64195 1.58689 1.18126 1.24526 0.94804 0.935222 0.923359 0.858549 0.857651 0.685863 0.541144
threshold=-0.18882809272845244 1.5311507293249489 1.3967324279984945 2.6743838263997861 1.3947079950447852 1.1022309428233581 1.323463037612963 2.5090587884233995 0.09614755747849292 0.91351960871710258 -0.14740012980840062 12.500000000000002 3.0612083541131976
decision_type=2 2 2 2 2 2 2 2 2 2 2 2 2
left_child=1 2 9 6 5 -3 10 -4 -6 -1 -2 -8 -5
right_child=3 4 7 12 8 -7 11 -9 -10 -11 -12 -13 -14
leaf_value=-0.00032039400088380203 -0.0011156530945363482 -0.00076484585724777288 0.0020247152166271098 0.0015181073012004789 -0.0010977752293641683 -0.0031024427557057211 -0.00040876644070662627 -4.093381734240421e-05 0.0010665158515246829 0.0002077561279521653 -4.5727299765987543e-05 -0.0018014505178760749 0.00027309288234156408
leaf_weight=1371.8814080953598 305.32926958799362 349.57910731434822 296.06450459361076 300.59572449326515 135.18600624799728 132.16518020629883 2087.7268727719784 110.86444526910782 180.58810913562775 10943.394924461842 14355.686315357685 156.08152103424072 304.70741572976112
leaf_count=2087 462 535 429 544 196 198 3204 165 289 16321 21403 229 568
internal_value=4.71743e-06 0.000130283 0.000190398 -9.16659e-05 -0.000814253 -0.00143701 -0.000128256 0.00144004 0.000107415 0.000148068 -6.88406e-05 -0.000511614 0.000910801
internal_weight=31029.9 13519.7 12722.2 17510.1 797.518 481.744 16904.8 406.929 315.774 12315.3 14661 2243.81 605.303
internal_count=46630 20220 19002 26410 1218 733 25298 594 485 18408 21865 3433 1112
is_linear=0
shrinkage=0.02


Tree=378
num_leaves=10
num_cat=0
split_feature=14 31 1 46 31 51 46 1 53
split_gain=0.722414 1.52937 1.21232 1.09304 1.04318 0.904527 0.81626 0.695362 0.858736
threshold=9.5000000000000018 1.5311507293249489 21.107000000000003 0.10555555555555557 1.38268684520506 1.0749025493369049 0.64583333333333337 21.701000000000004 0.19999999999999998
decision_type=2 2 2 2 2 2 2 2 2
left_child=2 4 3 -1 5 -2 -5 -4 -9
right_child=1 -3 7 6 -6 -7 -8 8 -10
leaf_value=-0.002278091815503903 3.3494176361717122e-05 -0.00071126133420339719 0.0011311734407763614 0.00020687796064978726 0.00075586314265817679 -0.00032469380250527992 -0.00036640679551113928 -1.0464364115096276e-05 0.00035680403038763713
leaf_weight=95.643423795700073 10440.973333507776 1429.1521820127964 328.2409148812294 1674.1905990540981 649.09987398982048 3843.1802487671375 2390.8299148082733 4565.4547229111195 5613.0855905711651
leaf_count=146 15297 2164 510 2569 930 5610 3712 7283 8409
internal_value=4.5862e-06 -8.64381e-05 0.000106809 -0.000180755 -2.58841e-05 -6.2209e-05 -0.000127853 0.000221648 0.000191119
internal_weight=31029.9 16362.4 14667.4 4160.66 14933.3 14284.2 4065.02 10506.8 10178.5
internal_count=46630 24001 22629 6427 21837 20907 6281 16202 15692
is_linear=0
shrinkage=0.02


Tree=379
num_leaves=12
num_cat=0
split_feature=22 13 15 34 15 34 12 1 15 12 12
split_gain=0.903204 1.52094 0.997724 1.21942 0.987726 0.905342 0.876792 0.724433 0.73822 0.667004 0.664455
threshold=-0.18882809272845244 2.6743838263997861 3.2169097952485437 0.10634913059129592 19.908498870290412 0.56481934454471217 17.692668893833844 9.2587500000000009 23.102652948081236 18.282952909804052 20.194418425765338
decision_type=2 2 2 2 2 2 2 2 2 2 2
left_child=7 4 -3 -4 5 -2 -6 9 10 -1 -9
right_child=1 2 3 -5 6 -7 -8 8 -10 -11 -12
leaf_value=-0.0024658345979617362 -0.00026123787093627546 -0.0012181047471702935 -0.0012136733806313209 0.001572790756620795 0.0017793287161687768 5.8928664246903428e-05 0.0001666868990369457 0.00013621221869647337 -0.0010682907570670368 0 0.00090952324407085215
leaf_weight=79.197368025779724 11036.366090714931 72.533121883869171 66.940081298351288 465.82993704080582 184.02068224549294 5127.7775047719479 556.65970101952553 12674.434008061886 193.27824741601944 108.22918236255646 464.58487945795059
leaf_count=117 16622 149 134 829 271 7554 851 18959 302 167 675
internal_value=4.48647e-06 -8.99889e-05 0.000891381 0.00120076 -0.000125821 -0.000159058 0.000584522 0.000127581 0.000145673 -0.00109447 0.000164451
internal_weight=31029.9 17510.1 605.303 532.77 16904.8 16164.1 740.68 13519.7 13332.3 187.427 13139
internal_count=46630 26410 1112 963 25298 24176 1122 20220 19936 284 19634
is_linear=0
shrinkage=0.02


Tree=380
num_leaves=10
num_cat=0
split_feature=12 12 12 51 31 31 31 6 4
split_gain=0.84529 1.53157 2.132 2.57489 1.99023 1.12998 1.05347 1.00056 0.696434
threshold=20.418638465739658 19.96118791700864 19.785483136616097 1.2510413064894899 1.1046950419097896 1.284100165693618 0.93509245309779832 2.5000000000000004 45.06919474309948
decision_type=2 2 2 2 2 2 2 2 2
left_child=1 2 6 -4 7 -6 -1 -3 -2
right_child=8 4 3 -5 5 -7 -8 -9 -10
leaf_value=9.6649906330102428e-05 -0.0013542814117428774 -0.00023031333667067124 -0.00043129666698075054 -0.0030202397971626168 0.003572686524918804 0.0010961581543203359 -0.00015746388163119727 0.0011848040149900626 4.4259726174154619e-05
leaf_weight=17841.866643249989 336.86938932538033 686.03924855589867 855.81924918293953 189.61118733882904 114.93223863840103 261.18979653716087 10283.447378844023 276.32669165730476 222.36437913775444
leaf_count=27050 500 992 1292 293 162 378 15299 393 338
internal_value=-1.30381e-05 7.83092e-07 -2.92624e-05 -0.000915274 0.000662115 0.00189426 3.37827e-06 0.000167258 -0.000782195
internal_weight=31068.5 30509.2 29170.7 1045.43 1338.49 376.122 28125.3 962.366 559.234
internal_count=46697 45859 43934 1585 1925 540 42349 1385 838
is_linear=0
shrinkage=0.02


Tree=381
num_leaves=9
num_cat=0
split_feature=46 51 50 22 40 14 22 19
split_gain=0.828584 0.673304 0.775045 0.833926 0.716747 0.663423 0.854487 0.547517
threshold=0.11805555555555557 1.7500706093471805 -0.12984677862293778 2.3685179570228541 0.4824359843432498 7.5000000000000009 -0.093778511745107485 0.057517286471947308
decision_type=2 2 2 2 2 2 2 2
left_child=7 2 3 -2 -4 -3 -7 -1
right_child=1 5 4 -5 -6 6 -8 -9
leaf_value=-0.00017714672078861357 0.00017691402928941038 -0.0010272030244777056 -7.5921091041009265e-05 -0.00061938718981308322 -0.0011524355981424124 0.0014864505204734613 0.00017286634954906028 -0.0021133655571918147
leaf_weight=135.57055962085724 8900.4862497150898 93.249240756034851 20150.458459794521 552.53551355004311 250.06413048505783 336.71401360630989 528.03867983818054 121.34935510158539
leaf_count=201 13405 162 30132 864 361 529 861 182
internal_value=-1.27699e-05 -2.97644e-06 -2.00627e-05 0.000129191 -8.97185e-05 0.000517986 0.000698132 -0.00113955
internal_weight=31068.5 30811.5 29853.5 9453.02 20400.5 958.002 864.753 256.92
internal_count=46697 46314 44762 14269 30493 1552 1390 383
is_linear=0
shrinkage=0.02


Tree=382
num_leaves=10
num_cat=0
split_feature=16 16 15 31 50 19 19 30 40
split_gain=1.14401 0.777333 0.96183 0.953441 0.89548 0.802353 0.766191 0.829492 0.578045
threshold=1.6549999999999996 27.330000000000009 23.102652948081236 0.62298536384701209 0.019959600613156353 -0.71345261374668556 -2.9619703842484904 -0.22113847010744803 -0.028633925666086198
decision_type=2 2 2 2 2 2 2 2 2
left_child=6 2 5 -4 8 -2 -1 -8 -3
right_child=1 4 3 -5 -6 -7 7 -9 -10
leaf_value=-0.0022604261039569353 0.00017670598590194259 0.00055549833433812747 0.00050776756926999833 -0.0019286971729136494 -0.00013903580896989717 -5.5878804168641971e-05 0.001124234715797054 -0.00083210812948572718 0.0033662012763614464
leaf_weight=121.60060924291611 8163.3695679306984 64.417840033769608 85.351217806339264 197.53548309206963 112.96533530950546 21659.469182312489 99.744037926197052 488.50191512703896 75.511013686656952
leaf_count=187 12094 100 133 308 183 32693 142 739 118
internal_value=-1.25317e-05 5.72425e-06 -3.2562e-06 -0.00116007 0.00110567 7.45864e-06 -0.000805169 -0.00048076 0.00216878
internal_weight=31068.5 30358.6 30105.7 282.887 252.894 29822.8 709.847 588.246 139.929
internal_count=46697 45629 45228 441 401 44787 1068 881 218
is_linear=0
shrinkage=0.02


Tree=383
num_leaves=10
num_cat=0
split_feature=15 13 52 50 6 21 52 50 50
split_gain=0.891569 0.844879 0.89854 1.46968 0.918741 0.874218 0.995518 0.657759 0.71115
threshold=2.5257590925032756 2.7792027348220318 0.65000000000000002 -0.16364833434359932 1.5000000000000002 0.74782722738939222 0.75000000000000011 -0.091703653659880383 0.13321620703778755
decision_type=2 2 2 2 2 2 2 2 2
left_child=7 2 3 -2 -4 -3 -7 -1 -9
right_child=1 5 4 -5 -6 6 -8 8 -10
leaf_value=0 0.00038540599408714828 -0.0015241791502057388 0.00032956785604786157 -0.00044878666126379183 -1.6719764623177108e-05 0.0022239027413860496 0.00042082392816317725 -0.0023262465585775593 -4.6920355469729747e-05
leaf_weight=206.79175317287445 1070.544666826725 62.212983161211014 3567.8774190545082 3817.1023221611977 21384.075348526239 166.75647395849228 532.20995745062828 165.91232711076736 94.982951045036316
leaf_count=362 1664 121 5234 5707 31904 302 970 277 156
internal_value=-1.22739e-05 6.72615e-07 -1.58051e-05 -0.000263945 3.24176e-05 0.000658081 0.000870379 -0.000877054 -0.00154113
internal_weight=31068.5 30600.8 29839.6 4887.65 24952 761.179 698.966 467.687 260.895
internal_count=46697 45902 44509 7371 37138 1393 1272 795 433
is_linear=0
shrinkage=0.02


Tree=384
num_leaves=6
num_cat=0
split_feature=47 12 4 4 6
split_gain=1.01229 0.834317 0.694045 1.22827 0.732792
threshold=0.18828920831116203 20.983992298723081 30.459105836431316 34.492006641260538 3.5000000000000004
decision_type=2 2 2 2 2
left_child=-1 2 4 -4 -2
right_child=1 -3 3 -5 -6
leaf_value=-0.0010360247735480656 -0.00010335378279722731 -0.0018308562606951058 0.00039880481827356176 -5.1388611067812365e-06 -0.00078335432818297916
leaf_weight=379.43449431657791 4367.6290081739426 97.159628927707672 3478.3837645351887 21994.018086493015 751.84122002124786
leaf_count=565 6713 157 5206 32956 1100
internal_value=-1.20341e-05 3.67203e-07 6.62933e-06 4.96561e-05 -0.000205438
internal_weight=31068.5 30689 30591.9 25472.4 5119.47
internal_count=46697 46132 45975 38162 7813
is_linear=0
shrinkage=0.02


Tree=385
num_leaves=13
num_cat=0
split_feature=12 12 12 22 31 13 44 13 31 13 36 36
split_gain=0.929115 1.55578 1.01106 0.980097 1.87104 1.57481 1.37275 1.4347 0.995277 0.898358 0.730476 0.656976
threshold=16.820790149752167 16.642802263935025 16.720772573750228 -0.6955330821308543 1.4104019342155791 1.2116722482893023 3.0754049092148859 1.4390388223408863 0.67937386155569024 3.685691798295609 1.0500000000000003 0.41428571428571431
decision_type=2 2 2 2 2 2 2 2 2 2 2 2
left_child=1 10 -3 6 9 -6 7 -2 -8 -5 11 -1
right_child=3 2 -4 4 5 -7 8 -9 -10 -11 -12 -13
leaf_value=-0.00039108383686066895 -1.9452737574697698e-05 -0.0032764805791750083 -0.00061306861727384015 -0.00016069484740336505 7.2439411253308144e-05 0.0010652901205611112 0.0023463617247664885 0.00061473549916834418 0.00040520689644116281 0.0020607305757504931 -0.0018408807078905995 0.001211529093236326
leaf_weight=226.74794587492943 6674.2092519104481 124.7978823184967 125.79583486914635 18369.813137084246 2073.9294160604477 938.18769374489784 190.74442327022552 1803.5949059724808 270.74165812134743 70.498655706644058 74.537374675273895 175.87279325723648
leaf_count=347 9769 186 187 27548 3058 1525 289 2901 407 140 109 268
internal_value=-1.91733e-05 -0.000724433 -0.0019945 -1.9098e-06 -7.5551e-05 0.000385503 0.000173673 0.0001144 0.00123578 -0.000151437 -3.1008e-05 0.000286783
internal_weight=31119.5 727.752 250.594 30391.7 21452.4 3012.12 8939.29 8477.8 461.486 18440.3 477.158 402.621
internal_count=46734 1097 373 45637 32271 4583 13366 12670 696 27688 724 615
is_linear=0
shrinkage=0.02


Tree=386
num_leaves=14
num_cat=0
split_feature=22 31 31 13 5 22 22 33 36 13 40 31 0
split_gain=0.87447 1.78966 1.47915 1.42375 1.49006 1.36223 1.28697 1.19996 1.02363 0.832908 0.838864 0.795947 0.672969
threshold=-0.6955330821308543 1.4104019342155791 1.5143725989112709 1.4390388223408863 48.018009771187579 -0.79279290751985154 -0.25265396255358036 -1.0000000180025095e-35 1.5634920634920637 3.685691798295609 -0.18014554808509678 1.1046950419097896 17.602413587407352
decision_type=2 2 2 2 2 2 2 2 2 2 2 2 2
left_child=3 9 12 4 5 -1 -4 -6 11 10 -2 -5 -3
right_child=1 2 6 8 7 -7 -8 -9 -10 -11 -12 -13 -14
leaf_value=-0.00023202523605305532 0.00023741359089227027 -0.00020683949236958567 -0.0011510535895399546 0.00091756892953084705 0.0014344911144106953 0.00090079918299339483 0.00028873648560675825 0.00019718818519613756 -0.0016159983675661039 0.0019146649243039771 -0.00021357074253617402 -8.8364437004552875e-05 0.0014292495912466684
leaf_weight=5166.7411340177059 1804.9429389238358 107.92379528284073 278.28830772638321 1526.3414757549763 448.47604671120644 458.08143597841263 2093.2650939226151 1117.1615238189697 74.161864578723907 74.260861456394196 17000.617588937283 373.5644094645977 595.64449629187584
leaf_count=7570 2668 147 421 2467 648 676 3230 1644 113 149 25530 588 883
internal_value=-1.87751e-05 -8.75557e-05 0.000358712 0.000144891 1.27984e-05 -0.000137704 0.000114745 0.00055937 0.000620472 -0.000160803 -0.000169733 0.000714637 0.00116423
internal_weight=31119.5 21954.9 3075.12 9164.53 7190.46 5624.82 2371.55 1565.64 1974.07 18879.8 18805.6 1899.91 703.568
internal_count=46734 33028 4681 13706 10538 8246 3651 2292 3168 28347 28198 3055 1030
is_linear=0
shrinkage=0.02


Tree=387
num_leaves=15
num_cat=0
split_feature=22 31 13 13 13 5 22 33 31 36 19 31 53 31
split_gain=0.839742 1.71829 1.43468 1.54147 1.36603 1.43161 1.30861 1.15213 1.02374 0.984329 0.804216 0.900983 0.868822 0.765178
threshold=-0.6955330821308543 1.4104019342155791 1.2116722482893023 1.3089255651755656 1.4390388223408863 48.018009771187579 -0.79279290751985154 -1.0000000180025095e-35 2.2313434682377182 1.5634920634920637 -1.7785542428803962 1.284100165693618 1.2500000000000002 1.1046950419097896
decision_type=2 2 2 2 2 2 2 2 2 2 2 2 2 2
left_child=4 10 8 -4 5 6 -1 -7 -3 13 12 -12 -2 -6
right_child=1 2 3 -5 9 7 -8 -9 -10 -11 11 -13 -14 -15
leaf_value=-0.00022738653535944647 -0.00092184379645827866 0.00021446999958178115 0.0035092820727181812 0.00071700104477603638 0.00089924155792823601 0.001405928680830169 0.00088286151746093812 0.0001932514667147575 -0.0011783775770342871 -0.0015845270786582983 -8.8784630607948885e-05 -0.00068831102454949779 0.00081440299304881547 -8.6606530903948263e-05
leaf_weight=5166.7411340177059 907.99530658125877 1871.4748204946518 88.218111872673035 880.27354195713997 1526.3414757549763 448.47604671120644 458.08143597841263 1117.1615238189697 235.15521889925003 74.161864578723907 16775.10820376873 1072.3877642452717 124.33011472225189 373.5644094645977
leaf_count=7570 1350 2717 133 1439 2467 648 676 1644 392 113 25257 1562 178 588
internal_value=-1.83754e-05 -8.57822e-05 0.000351477 0.000988357 0.000142 1.2583e-05 -0.00013491 0.000548352 5.3279e-05 0.000607844 -0.000157562 -0.000125441 -0.000701897 0.000700256
internal_weight=31119.5 21954.9 3075.12 968.492 9164.53 7190.46 5624.82 1565.64 2106.63 1974.07 18879.8 17847.5 1032.33 1899.91
internal_count=46734 33028 4681 1572 13706 10538 8246 2292 3109 3168 28347 26819 1528 3055
is_linear=0
shrinkage=0.02


Tree=388
num_leaves=11
num_cat=0
split_feature=34 53 31 31 16 41 41 41 41 53
split_gain=0.809427 1.35929 1.58166 0.994797 0.857135 0.800547 0.797851 2.24241 1.1136 0.768354
threshold=1.8167221222600958 0.95000000000000007 1.1322896148349251 0.77287638864643926 10.020000000000003 2.5459590533039869 1.9645804194895831 1.7499677531712783 2.145409016010531 1.8500000000000003
decision_type=2 2 2 2 2 2 2 2 2 2
left_child=4 2 3 -2 6 9 7 -1 -8 -6
right_child=1 -3 -4 -5 5 -7 8 -9 -10 -11
leaf_value=-8.6440475267133055e-05 -0.00037490732572787545 -0.002576117668074807 0.0013159559250847364 -0.0028364733849783946 9.1334158993899077e-05 -0.0015853980946685382 0.0020395839924315586 -0.0018391958012382236 6.810830935458781e-05 0.00066900684044840118
leaf_weight=16927.360217809677 295.54349899291992 124.91215822100639 170.69879230856895 88.091438621282578 11513.623170346022 105.81526842713356 160.6115355193615 295.88744500279427 427.92839634418488 1008.9990512728691
leaf_count=25396 456 195 263 141 17318 186 245 445 683 1406
internal_value=-1.79901e-05 -0.00069985 -0.000251341 -0.00097785 -2.40156e-06 0.00012329 -9.20811e-05 -0.000117343 0.00062814 0.000138777
internal_weight=31119.5 679.246 554.334 383.635 30440.2 12628.4 17811.8 17223.2 588.54 12522.6
internal_count=46734 1055 860 597 45679 18910 26769 25841 928 18724
is_linear=0
shrinkage=0.02


Tree=389
num_leaves=11
num_cat=0
split_feature=34 53 53 50 13 8 53 2 53 2
split_gain=0.778651 1.30555 1.43789 1.04449 0.78276 0.933612 0.961563 0.899287 0.750091 0.586313
threshold=1.8167221222600958 0.95000000000000007 0.65000000000000013 0.012736092669498702 2.7792027348220318 4.5000000000000009 0.35000000000000003 33.85391666666667 1.8500000000000003 18.938083333333338
decision_type=2 2 2 2 2 2 2 2 2 2
left_child=4 2 3 -2 5 8 -7 9 -1 -6
right_child=1 -3 -4 -5 7 6 -8 -9 -10 -11
leaf_value=-2.9405116884019767e-05 0.00016066217484658572 -0.0025254072557439173 0.0022629978045996795 -0.0016762064580374764 0 -4.7385457280369028e-05 -0.0022346259968868652 -0.00083549804774604676 0.00045277309517219479 0.0013256642732694488
leaf_weight=27953.633860349655 258.64910042285919 124.91215822100639 75.007539093494415 220.67709040641785 207.7716820538044 189.20554435253143 151.6627037525177 133.2687454521656 1350.2988898158073 454.38365894556046
leaf_count=41791 401 195 109 350 391 267 211 220 1947 852
internal_value=-1.76369e-05 -0.000686409 -0.00024645 -0.000667689 -2.34123e-06 -1.93003e-05 -0.00105708 0.000615633 -6.81617e-06 0.000924389
internal_weight=31119.5 679.246 554.334 479.326 30440.2 29644.8 340.868 795.424 29303.9 662.155
internal_count=46734 1055 860 751 45679 44216 478 1463 43738 1243
is_linear=0
shrinkage=0.02


Tree=390
num_leaves=14
num_cat=0
split_feature=28 12 22 21 22 51 46 22 12 26 12 40 26
split_gain=1.46207 2.43857 1.41592 2.20613 1.30588 1.22077 1.55657 0.991868 0.941104 1.61761 1.45945 0.795333 0.560769
threshold=1.2500000000000002 19.934352403475653 0.67145000453800752 1.1765520407696417 0.451423978069248 1.4667481817050494 1.9500000000000002 0.039949875568080002 19.730728130346399 1.1547619047619049 18.512434246824249 -0.10841355511814683 1.2111111111111115
decision_type=2 2 2 2 2 2 2 2 2 2 2 2 2
left_child=2 5 3 4 -1 6 -2 -5 10 -10 -4 -7 -3
right_child=1 12 8 7 -6 11 -8 -9 9 -11 -12 -13 -14
leaf_value=5.8899199056632461e-06 -2.8071169487807719e-05 0.00021814586425006346 -0.00040920410754603011 0.0011389816515515105 0.00063058461717240162 0 -0.0010268551963934637 0.00011642901640660545 -0.0011236907506655689 0.0012868275273643214 0.00014567833672553436 -0.002501079312002834 0.0026321057298427921
leaf_weight=16367.486936420202 1555.1611925959587 72.521718919277191 3500.304301738739 1168.3916803002357 1459.2317744493484 64.698504835367203 1065.3470274507999 596.2402221262455 799.78350841999054 123.943643450737 4098.9139409661293 198.71207037568092 114.41456657648087
leaf_count=24630 2238 106 5211 1707 2192 100 1557 871 1204 182 6319 304 162
internal_value=-1.37853e-05 -0.000428216 3.11535e-05 0.000125071 5.76511e-05 -0.000574693 -0.000438406 0.000799661 -0.000183536 -0.000787369 -0.000108633 -0.00187933 0.00176076
internal_weight=31185.2 3070.86 28114.3 19591.4 17826.7 2883.92 2620.51 1764.63 8522.95 923.727 7599.22 263.411 186.936
internal_count=46783 4467 42316 29400 26822 4199 3795 2578 12916 1386 11530 404 268
is_linear=0
shrinkage=0.02


Tree=391
num_leaves=14
num_cat=0
split_feature=28 12 22 51 51 12 26 12 12 12 17 27 12
split_gain=1.40426 2.34614 1.35999 1.17193 1.47166 0.903115 1.55492 1.4018 0.856857 0.942393 0.856385 0.743728 0.668545
threshold=1.2500000000000002 19.934352403475653 0.67145000453800752 1.4667481817050494 1.1226055768526459 19.730728130346399 1.1547619047619049 18.512434246824249 17.593057031283568 18.444719246241039 2.3205943893006697 1.3585695424402671 17.524841467106182
decision_type=2 2 2 2 2 2 2 2 2 2 2 2 2
left_child=2 3 8 4 -2 7 -7 -4 12 -10 -5 -3 -1
right_child=1 11 5 10 -6 6 -8 -9 9 -11 -12 -13 -14
leaf_value=-8.8490785590047239e-05 -0.0006760498306610036 0 -0.00040102469617916248 -0.0027555041170968558 0.00047747325083031606 -0.0011012729898608406 0.0012614996322084016 0.00014276619623553971 0.00039141169805061057 7.105405876790195e-05 -0.00029659333368719983 0.0027202697447346637 -0.0010613588024375588
leaf_weight=2175.8764898478985 2070.0022194087505 72.564451992511749 3500.304301738739 160.48760631680489 550.50600063800812 799.78350841999054 123.943643450737 4098.9139409661293 5435.0741944909096 11651.482030123472 102.92296889424324 114.37183350324631 328.91789883375168
leaf_count=3244 2990 107 5211 249 805 1204 182 6319 8114 17563 155 161 479
internal_value=-1.34805e-05 -0.00041964 3.05543e-05 -0.000563365 -0.00042973 -0.000179842 -0.000771399 -0.000106435 0.000122604 0.000173576 -0.00184188 0.00172721 -0.000220977
internal_weight=31185.2 3070.86 28114.3 2883.92 2620.51 8522.95 923.727 7599.22 19591.4 17086.6 263.411 186.936 2504.79
internal_count=46783 4467 42316 4199 3795 12916 1386 11530 29400 25677 404 268 3723
is_linear=0
shrinkage=0.02


Tree=392
num_leaves=14
num_cat=0
split_feature=28 12 22 51 46 19 22 19 12 44 12 40 27
split_gain=1.34827 2.25708 1.30586 1.12712 1.50227 1.03199 1.21768 0.90759 1.44245 1.09589 0.811237 0.763743 0.713151
threshold=1.2500000000000002 19.934352403475653 0.67145000453800752 1.4667481817050494 1.9500000000000002 1.3320661510040248 0.4086384889439838 2.2575899438180822 18.577745966030637 0.52480229678607415 17.593057031283568 -0.10841355511814683 1.3585695424402671
decision_type=2 2 2 2 2 2 2 2 2 2 2 2 2
left_child=2 3 5 4 -2 10 -7 9 -9 -4 -1 -5 -3
right_child=1 12 7 11 -6 6 -8 8 -10 -11 -12 -13 -14
leaf_value=-0.00028898696710941981 -1.7906933472858345e-05 0 -0.001138779661372852 0 -0.00099907005392673256 0.00027241766857501946 0.0014206156959675061 -0.00043545358566875804 0.00073498531509727993 -0.00020290053114614529 0.00012022922194898145 -0.0024158440947323369 0.0026667994190205492
leaf_weight=2209.0229258835316 1555.1611925959587 72.564451992511749 549.65919828414917 64.698504835367203 1065.3470274507999 1736.3138066530228 480.75310826301575 723.67382818460464 982.86719965934753 6266.7451684474945 15165.260772496462 198.71207037568092 114.37183350324631
leaf_count=3281 2238 107 838 100 1557 2726 738 1076 1556 9446 22655 304 161
internal_value=-1.32063e-05 -0.00041119 2.9935e-05 -0.000552212 -0.000421062 0.00012014 0.000526958 -0.000176222 0.000232869 -0.000280146 6.75974e-05 -0.00180626 0.00169428
internal_weight=31185.2 3070.86 28114.3 2883.92 2620.51 19591.4 2217.07 8522.95 1706.54 6816.4 17374.3 263.411 186.936
internal_count=46783 4467 42316 4199 3795 29400 3464 12916 2632 10284 25936 404 268
is_linear=0
shrinkage=0.02


Tree=393
num_leaves=14
num_cat=0
split_feature=28 12 22 12 26 12 46 17 17 12 12 27 12
split_gain=1.2947 2.17151 1.25454 0.873688 1.49469 1.32274 0.846306 1.1246 1.04154 0.793268 0.905047 0.684221 0.641571
threshold=1.2500000000000002 19.934352403475653 0.67145000453800752 19.730728130346399 1.1547619047619049 18.512434246824249 1.9500000000000002 2.9533444557549351 2.1112318516193924 17.593057031283568 18.444719246241039 1.3827307294094453 17.524841467106182
decision_type=2 2 2 2 2 2 2 2 2 2 2 2 2
left_child=2 6 9 5 -5 -4 7 -2 -8 12 -11 -3 -1
right_child=1 11 3 4 -6 -7 8 -9 -10 10 -12 -13 -14
leaf_value=-8.2904883533066429e-05 -0.0004039961615410267 7.4892791026428916e-05 -0.00038670862639640847 -0.0010780874469131345 0.0012379331108727527 0.00014152305945000488 0.00086160308541138615 0.0014926998225492899 -0.0011538402852196237 0.00038027209173421497 6.6326480251326298e-05 0.002667496989919943 -0.0010359614628605075
leaf_weight=2175.8764898478985 1586.863362133503 77.191390335559845 3500.304301738739 799.78350841999054 123.943643450737 4098.9139409661293 106.31221812963486 132.10810872912407 1058.6351062655449 5435.0741944909096 11651.482030123472 109.74489516019821 328.91789883375168
leaf_count=3244 2299 114 5211 1204 182 6319 163 196 1541 8114 17563 154 479
internal_value=-1.29392e-05 -0.000402942 2.93299e-05 -0.000172726 -0.000754524 -0.00010051 -0.000541316 -0.000250853 -0.000960182 0.000117751 0.000166808 0.00166199 -0.000212772
internal_weight=31185.2 3070.86 28114.3 8522.95 923.727 7599.22 2883.92 1718.97 1164.95 19591.4 17086.6 186.936 2504.79
internal_count=46783 4467 42316 12916 1386 11530 4199 2495 1704 29400 25677 268 3723
is_linear=0
shrinkage=0.02


Tree=394
num_leaves=7
num_cat=0
split_feature=28 40 26 30 30 18
split_gain=1.24198 0.983694 0.792881 0.814193 0.761565 0.715734
threshold=1.2500000000000002 -0.33931058589809276 1.1180555555555558 -0.22113847010744803 0.26466787496726213 0.53014264174057335
decision_type=2 2 2 2 2 2
left_child=5 -2 4 -4 -3 -1
right_child=1 2 3 -5 -6 -7
leaf_value=0.0015724679096116012 -0.0026845915408693992 -0.001966731120881476 -0.0021770004748437335 -9.71511755770635e-05 -0.00041570378002848838 2.1770171590951585e-05
leaf_weight=117.80639809370041 72.508563488721848 210.80160892009735 76.627421826124191 2338.7257952094078 372.19169130921364 27996.489609777927
leaf_count=180 109 313 113 3388 544 42136
internal_value=-1.26576e-05 -0.000394642 -0.000334179 -0.000169018 -0.000998433 2.87351e-05
internal_weight=31185.2 3070.86 2998.35 2415.35 582.993 28114.3
internal_count=46783 4467 4358 3501 857 42316
is_linear=0
shrinkage=0.02


Tree=395
num_leaves=10
num_cat=0
split_feature=21 22 50 22 0 35 14 0 22
split_gain=0.813502 0.778015 1.1976 0.889573 0.741197 1.13626 0.953195 0.646779 0.502857
threshold=0.59422182012715952 2.3685179570228541 -0.074625224700629975 2.4801841982480197 36.392589865339296 0.90000000000000013 15.500000000000002 34.957680824172414 0.21713744030646434
decision_type=2 2 2 2 2 2 2 2 2
left_child=8 4 7 -4 6 -6 -2 -3 -1
right_child=1 2 3 -5 5 -7 -8 -9 -10
leaf_value=0.00052637204976892259 2.6438655934218508e-05 -0.0012828946554150826 -0.0014756670368981943 0.00022615662037700528 -0.00026120581483744196 -0.0026406163438517931 0.0020720870488771855 0.00070306484269731361 0.0025001852830713522
leaf_weight=270.27975511550903 28332.280107915401 609.66085135936737 139.57519406080246 927.39934629201889 484.30795899033546 97.831960648298264 89.567046105861664 65.400294721126556 70.110774993896484
leaf_count=433 42537 967 217 1418 674 144 121 96 111
internal_value=4.68933e-06 -5.78336e-06 -0.000416297 0 1.85552e-05 -0.000685871 3.33824e-05 -0.00107422 0.000974357
internal_weight=31086.4 30746 1742.04 1066.97 29004 582.14 28421.8 675.061 340.391
internal_count=46718 46174 2698 1635 43476 818 42658 1063 544
is_linear=0
shrinkage=0.02


Tree=396
num_leaves=15
num_cat=0
split_feature=30 30 34 21 34 21 34 20 31 21 21 21 18 25
split_gain=1.00055 1.4982 1.49487 1.1657 1.27052 1.24011 1.22565 1.12759 1.10052 0.708466 1.42041 0.739453 0.696678 0.674864
threshold=0.11174993091182721 0.080682385230784817 0.53871795490647167 1.0159951157101208 0.34677722822281276 1.0132855030915007 0.083819204272138806 2.4099526516628988 0.77722866306802851 0.72233580510939144 0.77551839263782096 0.70303287107761392 2.0436544600442366 0.45000000000000007
decision_type=2 2 2 2 2 2 2 2 2 2 2 2 2 2
left_child=1 9 12 5 6 7 -5 -2 -6 11 -11 -1 -3 -4
right_child=3 2 13 4 8 -7 -8 -9 -10 10 -12 -13 -14 -15
leaf_value=0.00028207360109681559 -0.00030890772404916793 -0.00017328818357985302 -0.00016159876774981017 -0.00081480502518839883 0.00058123870389768784 -0.0023666966074749507 0.00062761607371988859 -0.0029298555008214168 -0.00046279309053187543 -0.00097788718770488222 3.3250588602429033e-05 0.0017482773398036094 0.00090695908316193875 0.0017812809560692653
leaf_weight=779.40419134497643 3923.6282615065575 655.77301135659218 72.724947035312653 266.33792725205421 495.81825891137123 126.9127941429615 1694.7420048415661 65.882786571979523 2015.9796299636364 570.01636806130409 19401.226788967848 173.10907936096191 364.37090498209 480.48633590340614
leaf_count=1229 6002 987 118 417 736 195 2523 107 2895 897 29100 272 547 693
internal_value=4.60248e-06 7.50261e-05 0.000670114 -0.000178662 4.284e-05 -0.000421676 0.000425994 -0.000356142 -0.000252429 2.9741e-05 3.79514e-06 0.000562122 0.000203786 0.0015082
internal_weight=31086.4 22497.1 1573.36 8589.3 4472.88 4116.42 1961.08 3989.51 2511.8 20923.8 19971.2 952.513 1020.14 553.211
internal_count=46718 33843 2345 12875 6571 6304 2940 6109 3631 31498 29997 1501 1534 811
is_linear=0
shrinkage=0.02


Tree=397
num_leaves=12
num_cat=0
split_feature=30 30 41 33 31 34 34 30 18 18 33
split_gain=0.961617 1.43844 1.34405 1.25384 1.09177 1.53724 0.987789 0.925284 0.857601 0.740499 0.733077
threshold=0.11174993091182721 0.080682385230784817 1.9312138426435885 1.6500000000000004 0.42276349099599575 0.20780063536999324 0.32888267794775444 0.28796929835067619 2.0005715401401747 1.3114948171324172 1.2500000000000002
decision_type=2 2 2 2 2 2 2 2 2 2 2
left_child=1 3 4 10 5 -2 -6 -4 9 -3 -1
right_child=2 8 7 -5 6 -7 -8 -9 -10 -11 -12
leaf_value=2.0787054301152922e-05 -0.00068563385744692526 0.00084426066677784973 0.0017184670134279443 -0.001897798349850836 -3.1159916496170017e-05 0.0008224158889290821 -0.00052085598096588412 -0.00023602926649478372 0.0012247796128270971 -0.0002702167696288847 0.0007220685032164599
leaf_weight=20177.562431633472 396.47665053606033 449.89201566576958 243.95436969399452 131.98188814520836 2781.8438708484173 812.9936149418354 4208.338940680027 145.69421648979187 638.53197064995766 484.93121296167374 614.21210795640945
leaf_count=30360 641 676 392 206 4246 1241 6123 232 937 732 932
internal_value=4.4947e-06 7.35406e-05 -0.000175162 2.91579e-05 -0.000230767 0.000319492 -0.000327469 0.000964651 0.000656644 0.000256118 4.20521e-05
internal_weight=31086.4 22497.1 8589.3 20923.8 8199.65 1209.47 6990.18 389.649 1573.36 934.823 20791.8
internal_count=46718 33843 12875 31498 12251 1882 10369 624 2345 1408 31292
is_linear=0
shrinkage=0.02


Tree=398
num_leaves=8
num_cat=0
split_feature=33 33 43 14 14 31 31
split_gain=0.673839 1.37774 0.873195 0.600411 0.704841 0.593586 0.519269
threshold=1.6500000000000004 1.2500000000000002 0.45000000000000007 15.500000000000002 14.500000000000002 1.1680117357561348 1.3895001399416469
decision_type=2 2 2 2 2 2 2
left_child=1 3 -2 4 -1 -3 -7
right_child=2 5 -4 -5 -6 6 -8
leaf_value=-1.0180892290202e-05 -0.0025605410356053389 0.0010318182792260443 2.1698018859919185e-05 0.0015631756547355732 -0.0015719733836433978 -0.0013944250491436745 0.00063489226278261248
leaf_weight=29748.545348227024 91.774876266717911 734.95447143912315 101.71905726194382 94.452322244644165 114.17256665229797 82.274472236633301 118.52017587423325
leaf_count=44724 146 1105 161 128 157 117 180
internal_value=4.40057e-06 1.21273e-05 -0.00116558 -1.11731e-05 -1.65917e-05 0.000767163 -0.00015285
internal_weight=31086.4 30892.9 193.494 29957.2 29862.7 935.749 200.795
internal_count=46718 46411 307 45009 44881 1402 297
is_linear=0
shrinkage=0.02


Tree=399
num_leaves=10
num_cat=0
split_feature=21 34 22 22 0 42 14 0 31
split_gain=0.775677 0.936243 0.742035 1.09017 1.11772 0.76565 1.00588 0.803908 0.71786
threshold=0.59422182012715952 0.26127104709481486 2.3685179570228541 2.4801841982480197 31.397387750939526 1.1500000000000001 8.5000000000000018 36.392589865339296 1.4480358184864797
decision_type=2 2 2 2 2 2 2 2 2
left_child=1 -1 5 4 -4 7 -7 -2 -5
right_child=2 -3 3 8 -6 6 -8 -9 -10
leaf_value=-0.000100064609047567 6.8604565120276594e-06 0.0019394526890561747 -0.00071747455009305353 1.9567573820490355e-05 -0.003901998842514865 0.0013325774189960182 0.00016626564372919673 -0.00075705349446509641 -0.0010247145910061545
leaf_weight=160.90957111120224 26598.871786415577 179.48095899820328 164.72370806336403 1181.5476634800434 65.221752226352692 378.25914478302002 1466.4803258180618 560.37581664323807 330.54256266355515
leaf_count=269 40079 275 256 1812 102 572 2038 787 528
internal_value=4.30318e-06 0.000951172 -5.9156e-06 -0.000406827 -0.0016897 1.78456e-05 0.000412014 -8.58777e-06 -0.00020316
internal_weight=31086.4 340.391 30746 1742.04 229.945 29004 1844.74 27159.2 1512.09
internal_count=46718 544 46174 2698 358 43476 2610 40866 2340
is_linear=0
shrinkage=0.02


Tree=400
num_leaves=13
num_cat=0
split_feature=6 21 47 47 51 15 2 21 21 21 15 18
split_gain=1.00037 1.04543 0.972389 1.19399 1.08404 0.961255 1.25446 0.935962 0.826242 1.20881 1.17491 0.795608
threshold=5.5000000000000009 1.1968194133009067 1.002200602180453 0.93361195741898817 1.1984347000051323 12.306638701378178 25.254416666666668 1.0101712869886839 0.8827697746101093 0.83943070767608674 2.5257590925032756 0.82379445179664568
decision_type=2 2 2 2 2 2 2 2 2 2 2 2
left_child=1 8 3 11 -4 6 -3 -6 9 -1 -10 -2
right_child=2 5 4 -5 7 -7 -8 -9 10 -11 -12 -13
leaf_value=0 0.0010052945054979227 0.00020933584280448216 -0.00049565179351906811 0.0023511724347893797 0 -0.0015126779294991203 0.0013000236094512228 -0.0027189276593017901 -0.0015484808187401517 0.00070728769470163771 -7.4123797601276822e-05 -0.00050385267513979016
leaf_weight=3374.1973037719727 170.621661901474 1744.9286869764328 910.8434756398201 78.808365166187286 70.40333554148674 96.678170442581177 568.88416039943695 187.94063836336136 217.21458357572556 1349.56660592556 21754.213151603937 687.17277210950851
leaf_count=5274 244 2531 1325 116 109 139 888 268 373 2036 32526 1006
internal_value=-3.18263e-05 -1.01242e-06 -0.000452579 1.73539e-05 -0.000836953 0.000397344 0.000482706 -0.00198882 -3.73844e-05 0.000201881 -8.92943e-05 -0.000190401
internal_weight=31211.5 29105.7 2105.79 936.603 1169.19 2410.49 2313.81 258.344 26695.2 4723.76 21971.4 857.794
internal_count=46835 43767 3068 1366 1702 3558 3419 377 40209 7310 32899 1250
is_linear=0
shrinkage=0.02


Tree=401
num_leaves=14
num_cat=0
split_feature=0 51 25 21 47 17 0 33 50 21 47 50 23
split_gain=1.1013 1.6513 1.50672 1.45357 1.40948 1.45631 1.34977 1.28737 1.29701 1.19951 1.17582 1.08832 0.604524
threshold=30.088379085114273 0.5083814020041072 1.9000000000000001 1.0078657295365028 2.0398454879837393 2.7175484434224217 30.556355003387349 -0.6499999999999998 0.032804284635850257 1.2292156083199934 1.7940540327589505 -0.71012768269715287 1.2347037032703325
decision_type=2 2 2 2 2 2 2 2 2 2 2 2 2
left_child=4 6 9 -4 7 12 -2 8 -1 -3 -8 -9 -6
right_child=1 2 3 -5 5 -7 10 11 -10 -11 -12 -13 -14
leaf_value=0.0016152912907801535 -0.0015483078006862134 -0.00044591383261040189 0.0015612440761707458 -0.00027890348602985514 3.9149039723130642e-05 0.0017065531925470969 0.0013545427311995207 -0.0024326455337744936 -0.0001436919949285807 0.0021312488171492854 0 -2.6813818603575441e-05 0.00089061645542617431
leaf_weight=382.23250684142113 111.82412907481194 6842.3699804544449 313.99900165200233 359.06451281905174 1192.1457009613514 357.16831502318382 546.89328351616859 73.626028001308441 279.80744060873985 69.778129518032074 461.2367123067379 19744.766167581081 476.56100305914879
leaf_count=545 166 9994 437 496 1861 533 818 117 393 96 674 29874 831
internal_value=-3.11935e-05 -0.000222375 -0.000329024 0.000566835 4.23222e-05 0.000545351 0.000490318 -6.99641e-06 0.000858614 -0.000417842 0.000728965 -3.65007e-05 0.000289078
internal_weight=31211.5 8705.17 7585.21 673.064 22506.3 2025.88 1119.95 20480.4 662.04 6912.15 1008.13 19818.4 1668.71
internal_count=46835 12681 11023 933 34154 3225 1658 30929 938 10090 1492 29991 2692
is_linear=0
shrinkage=0.02


Tree=402
num_leaves=14
num_cat=0
split_feature=0 2 51 0 47 43 18 47 0 12 12 18 2
split_gain=1.05759 1.75697 1.58474 1.29731 1.12994 1.10134 0.960715 0.958914 1.60401 1.52261 0.94747 0.754626 0.652439
threshold=30.088379085114273 29.789916666666674 0.5083814020041072 30.556355003387349 1.7940540327589505 0.55000000000000016 2.8221536561910452 1.4032748522162908 25.940221663570636 19.24279362878514 18.814430360944211 0.53014264174057335 29.369833333333336
decision_type=2 2 2 2 2 2 2 2 2 2 2 2 2
left_child=1 6 3 -2 -5 12 11 8 -3 -9 -7 -1 -4
right_child=2 7 5 4 -6 10 -8 9 -10 -11 -12 -13 -14
leaf_value=0.0015377586523763274 -0.0015178858726090242 0.0024430856696286778 0.00078876414271830632 0.00132755061386386 0 -0.0010045644108297956 0.0019445846870090092 0.0013893964393339999 -0.00025883754563095425 -0.00014087419315653366 -0.00010658907646216282 -3.4244078094129158e-05 -0.00021864164634321354
leaf_weight=120.68945297598839 111.82412907481194 97.749415636062622 265.06172308325768 546.89328351616859 461.2367123067379 1433.2371018528938 97.544488191604614 889.25313457846642 725.40659642219543 350.75076106190681 738.82813486456871 20224.913313210011 5148.0846646428108
leaf_count=190 166 175 359 818 674 2021 127 1560 1122 599 1019 30381 7624
internal_value=-3.05557e-05 4.14786e-05 -0.000217908 0.000480199 0.000714298 -0.000322401 -1.42045e-05 0.000597545 5.50396e-05 0.000948959 -0.000704097 -2.42773e-05 -0.000167193
internal_weight=31211.5 22506.3 8705.17 1119.95 1008.13 7585.21 20443.1 2063.16 823.156 1240 2172.07 20345.6 5413.15
internal_count=46835 34154 12681 1658 1492 11023 30698 3456 1297 2159 3040 30571 7983
is_linear=0
shrinkage=0.02


Tree=403
num_leaves=14
num_cat=0
split_feature=0 16 40 16 25 0 13 0 22 23 40 40 22
split_gain=1.01617 1.48863 1.23878 1.22386 1.24033 1.00467 1.03954 0.916565 0.906371 1.97512 1.01678 0.829861 0.736519
threshold=30.088379085114273 14.567500000000003 0.097160602429479409 24.950000000000006 2.4500000000000006 34.060035277487252 1.6825147546797032 30.556355003387349 -0.75972936571076299 0.82731174088746551 -0.18355408954410232 0.13713692986903017 3.6005030237316951
decision_type=2 2 2 2 2 2 2 2 2 2 2 2 2
left_child=1 8 12 4 7 -5 -7 -2 9 -1 -10 -4 -3
right_child=3 2 11 5 -6 6 -8 -9 10 -11 -12 -13 -14
leaf_value=8.2113134650527868e-06 -0.001057120550741873 0.00045103197634883171 0.0032699683485958113 -0.00054660262188641041 0.0016831412998265095 0.00074824523626592732 0.0035856197621644123 -0.0002412409759633065 0.00046392518931972912 0.00087797291772299794 -0.00012879977729855777 0.0010560047471113736 -0.0015364631466893619
leaf_weight=4515.3214578330517 603.36260271072388 756.92480725049973 95.585821896791458 149.75047022104263 124.30351004004478 262.27443423867226 68.250028371810913 7497.224703758955 1253.7139195501804 1366.0878168642521 14113.965622991323 325.53275871276855 79.174956977367401
leaf_count=6788 908 1207 158 243 169 390 103 10868 1898 2119 21321 534 129
internal_value=-2.99413e-05 4.06613e-05 0.000708817 -0.000213593 -0.000271849 0.000760323 0.00138225 -0.000303491 5.95795e-07 0.000212162 -7.97398e-05 0.00159525 0.000247676
internal_weight=31211.5 22506.3 1257.22 8705.17 8224.89 480.275 330.524 8100.59 21249.1 5881.41 15367.7 421.119 836.1
internal_count=46835 34154 2028 12681 11945 736 493 11776 32126 8907 23219 692 1336
is_linear=0
shrinkage=0.02


Tree=404
num_leaves=13
num_cat=0
split_feature=6 23 25 3 3 2 16 22 41 25 2 13
split_gain=0.959042 0.96528 0.911907 1.13259 2.10129 0.9604 1.5035 1.32125 0.840343 0.767418 1.37614 0.673629
threshold=5.5000000000000009 1.6881796479517976 1.9000000000000001 35.375228616688581 38.105702472879194 31.954250000000002 7.8799999999999999 -2.664934131621802 0.97285631167083075 0.70833333333333337 28.365166666666671 1.335692553060974
decision_type=2 2 2 2 2 2 2 2 2 2 2 2
left_child=2 9 5 8 -5 7 -7 -1 -4 11 -11 -2
right_child=1 -3 3 4 -6 6 -8 -9 -10 10 -12 -13
leaf_value=0.001082346820931174 -0.00039031639169499288 0.0017643047051922917 -0.0013726990212019224 0.0040820170115696362 0.00057036089048394397 -0.001746920832295845 -0.00017926227243733459 1.4123591811457703e-05 0.001059495033294669 -0.0016925794473858563 -0.00014596325086553745 0.00090369223781799413
leaf_weight=472.01897203922272 890.67606666684151 72.593486905097961 181.42659524083138 73.664442449808121 876.46431365609169 256.07365760207176 5641.8296342492104 21527.997365921736 76.2076815366745 482.17541918158531 468.74902668595314 191.59624928236008
leaf_count=708 1303 109 255 102 1275 390 8557 32371 109 685 670 301
internal_value=-2.92994e-05 -0.000441261 1.90679e-07 0.000538102 0.000861129 -2.27752e-05 -0.000249591 3.75935e-05 -0.000612126 -0.000526579 -0.00094259 -0.000150769
internal_weight=31211.5 2105.79 29105.7 1207.76 950.129 27897.9 5897.9 22000 257.634 2033.2 950.924 1082.27
internal_count=46835 3068 43767 1741 1377 42026 8947 33079 364 2959 1355 1604
is_linear=0
shrinkage=0.02


Tree=405
num_leaves=14
num_cat=0
split_feature=0 23 23 26 44 26 23 44 5 5 41 44 13
split_gain=1.25159 1.5981 1.31903 1.74924 1.56962 1.15542 1.34779 1.12512 0.920884 0.835662 0.997021 0.771429 0.626195
threshold=16.734602086435135 0.50326374458594436 1.4443368238698593 1.2928571428571431 1.4192267497883195 0.41428571428571431 1.3333925558198325 0.64980943261672031 21.603050765357214 22.137699432779019 1.9166547898254478 0.82335602893127102 1.2651267854566444
decision_type=2 2 2 2 2 2 2 2 2 2 2 2 2
left_child=5 8 4 -4 -3 6 7 -1 -2 -7 -11 -8 -10
right_child=1 2 3 -5 -6 9 11 -9 12 10 -12 -13 -14
leaf_value=-0.00025966170857042776 -0.0026000206200076513 -0.00017074291740908315 0.00026656032213211021 0.0018779382017587384 0.00016406562850535567 -0.0011549869877825235 -0.00048648654745096374 0.00076242578537912193 -0.00022359442972806325 0.0006628510453176626 0.0027062606365575053 -0.0027816328409805691 -0.00099253060011976067
leaf_weight=865.22571673989296 80.536793023347855 11349.29318395257 1810.1066566705704 320.28675237298012 11050.654013544321 88.312101542949677 211.36865085363388 836.54427123069763 1753.2374787628651 1950.8280685842037 102.82170879840851 88.69061154127121 582.28178030252457
leaf_count=1315 119 16920 2918 520 16461 140 344 1309 2578 2873 154 153 926
internal_value=4.11156e-05 -8.29356e-06 3.96814e-05 0.000515041 -5.12421e-06 0.000364677 1.40099e-05 0.000237205 -0.000499151 0.000687419 0.000772558 -0.00121191 -0.000420266
internal_weight=31090.2 26946.4 24530.3 2130.39 22399.9 4143.79 2001.83 1701.77 2416.06 2141.96 2053.65 300.059 2335.52
internal_count=46730 40442 36819 3438 33381 6288 3121 2624 3623 3167 3027 497 3504
is_linear=0
shrinkage=0.02


Tree=406
num_leaves=13
num_cat=0
split_feature=16 42 46 16 5 46 4 13 51 51 5 51
split_gain=1.08233 1.88343 1.26121 1.28967 1.23851 1.07297 1.15223 0.859567 0.958398 0.78477 1.62532 1.46676
threshold=15.200000000000005 0.25000000000000006 2.4722222222222228 17.510000000000009 44.495479055056798 1.0500000000000003 40.586784260689448 3.4929646919587092 0.80698167164909929 1.7253000758295196 43.802290648765712 1.3166226251090245
decision_type=2 2 2 2 2 2 2 2 2 2 2 2
left_child=7 2 4 -4 -2 -3 -7 9 -9 11 -11 -1
right_child=1 5 3 -5 -6 6 -8 8 -10 10 -12 -13
leaf_value=7.3754201086694908e-06 0 0.0014263370965686335 0.0016411719889215309 -0.00027168492877511791 0.0019304108537755349 -0.001529410131194355 7.4386771664941922e-05 -0.00022107232515820995 0.0027796979776982689 8.4055498731414044e-05 0.002092100659983939 -0.00049291575610437293
leaf_weight=21896.575125902891 165.61396357417107 219.85302001237869 195.36724254488945 473.6333971619606 577.27841612696648 186.40462446212769 3650.0345420539379 67.839146941900253 90.497034430503845 740.01810467243195 208.56540411710739 2618.5077659189701
leaf_count=32800 255 318 313 744 903 257 5405 130 173 1161 353 3918
internal_value=4.02712e-05 0.000295735 0.000924946 0.000275247 0.00149429 7.3911e-05 -1.68946e-06 -1.3878e-05 0.00144493 -2.34545e-05 0.000539558 -4.56897e-05
internal_weight=31090.2 5468.19 1411.89 669.001 742.892 4056.29 3836.44 25622 158.336 25463.7 948.584 24515.1
internal_count=46730 8195 2215 1057 1158 5980 5662 38535 303 38232 1514 36718
is_linear=0
shrinkage=0.02


Tree=407
num_leaves=13
num_cat=0
split_feature=41 42 14 5 42 37 41 37 5 41 5 5
split_gain=1.15565 1.13007 1.11004 0.881742 0.846121 0.807283 1.15166 1.12975 0.760786 0.715948 0.675759 0.557676
threshold=1.9312138426435885 0.25000000000000006 6.5000000000000009 33.562049369580137 2.0500000000000003 0.47195452212758454 2.5459590533039869 1.0911535800520378 21.603050765357214 2.6948754195491218 27.235591811378992 38.272776260347605
decision_type=2 2 2 2 2 2 2 2 2 2 2 2
left_child=2 9 3 10 8 6 -3 -7 -4 -2 -1 -6
right_child=1 5 4 -5 11 7 -8 -9 -10 -11 -12 -13
leaf_value=0.0011200035318628949 0.0018873236793025135 0.00030361090120583105 -0.00076855203906939923 0.001836867688231352 0 0.0011204584755195529 -0.0025767842073507138 -0.0013332975035662512 2.391370151336649e-05 -7.6912231714838843e-05 -0.001525609620273521 -0.0022630847780441866
leaf_weight=79.676120698451996 341.8988843858242 130.5249508023262 490.49001207947731 236.13176879286766 80.932790607213974 380.62692585587502 88.173024237155914 88.298363953828812 28913.851085752249 82.205242991447449 70.338837862014771 107.03977990150452
leaf_count=136 518 187 747 392 113 636 152 142 43313 140 113 141
internal_value=3.94914e-05 0.000672314 1.56468e-05 0.00107829 1.37072e-06 0.000154001 -0.000825202 0.000633483 1.03032e-05 0.00148455 -5.84369e-05 -0.00132869
internal_weight=31090.2 1111.73 29978.5 386.147 29592.3 687.623 218.698 468.925 29404.3 424.104 150.015 187.973
internal_count=46730 1775 44955 641 44314 1117 339 778 44060 658 249 254
is_linear=0
shrinkage=0.02


Tree=408
num_leaves=13
num_cat=0
split_feature=41 16 43 42 14 23 5 3 41 41 5 5
split_gain=1.10919 1.0909 1.73589 1.08491 1.07228 0.973611 0.83418 0.770966 0.751399 0.689223 0.637582 0.598097
threshold=1.9312138426435885 15.200000000000005 0.35000000000000003 0.25000000000000006 6.5000000000000009 0.80091049820911286 33.562049369580137 31.968431407712455 2.5459590533039869 2.6948754195491218 32.887506698508922 44.495479055056798
decision_type=2 2 2 2 2 2 2 2 2 2 2 2
left_child=1 4 11 9 6 -4 -1 -5 -9 -2 -6 -3
right_child=3 2 5 7 10 -7 -8 8 -10 -11 -12 -13
leaf_value=0 0.0018497967569453451 0 0.0014443586460471493 0.0016309524421101124 0.00011315631382899617 -0.00017873982490571009 0.0020121615111447179 0.00025644812169707624 -0.0014148521653411586 -7.541049700560167e-05 -0.00011768425526440494 0.00078046010538747768
leaf_weight=147.82850301265717 341.8988843858242 451.88147282600403 154.38663759827614 115.78655275702477 6494.2146962583065 2507.5133512914181 177.44101566076279 432.63084235787392 139.20586973428726 82.205242991447449 17879.677567481995 2165.5171515643597
leaf_count=246 518 686 230 177 9800 3644 296 691 249 140 26737 3316
internal_value=3.86886e-05 1.53213e-05 0.000276463 0.000658664 -4.01091e-05 -7.98347e-05 0.00109562 0.000150487 -0.000136494 0.00145456 -5.57643e-05 0.00064242
internal_weight=31090.2 29978.5 5279.3 1111.73 24699.2 2661.9 325.27 687.623 571.837 424.104 24373.9 2617.4
internal_count=46730 44955 7876 1775 37079 3874 542 1117 940 658 36537 4002
is_linear=0
shrinkage=0.02


Tree=409
num_leaves=12
num_cat=0
split_feature=0 16 0 23 42 3 3 23 5 5 5
split_gain=1.21276 1.82051 1.19405 1.05745 1.23006 1.12422 1.04462 0.675015 1.02614 1.02576 0.967044
threshold=16.734602086435135 4.5225000000000017 28.022615128223567 1.4443368238698593 2.0500000000000003 34.217094344937173 28.250194160528281 1.3333925558198325 22.137699432779019 23.478071989906805 20.183555760831855
decision_type=2 2 2 2 2 2 2 2 2 2 2
left_child=7 2 6 4 -3 -5 -2 8 10 -10 -1
right_child=1 3 -4 5 -6 -7 -8 -9 9 -11 -12
leaf_value=0.00033198641162266904 -0.0011689308118266314 1.736448650060596e-05 -0.002312970655182833 -0.00025490530893021158 -0.0017897249479802311 0.00076836981359385285 -0.00018756943431676555 -0.00016919946751068845 0.0027630720243450768 0.00049998406496371461 -0.0025180046798831948
leaf_weight=94.138402849435806 552.68617206811905 21848.366956084967 136.6654726266861 583.08893093466759 149.68678638339043 1496.0818400084972 2179.8205005228519 767.10762640833855 82.667797356843948 3115.7749961912632 84.102306485176086
leaf_count=148 827 32547 201 904 199 2444 3320 1207 129 4676 128
internal_value=3.79285e-05 -1.07049e-05 -0.000487035 4.56776e-05 4.45193e-06 0.000476625 -0.00039043 0.000356448 0.000478853 0.000563291 -0.00097031
internal_weight=31090.2 26946.4 2869.17 24077.2 21998.1 2079.17 2732.51 4143.79 3376.68 3198.44 178.241
internal_count=46730 40442 4348 36094 32746 3348 4147 6288 5081 4805 276
is_linear=0
shrinkage=0.02


Tree=410
num_leaves=11
num_cat=0
split_feature=36 14 3 21 24 3 21 33 33 20
split_gain=1.09237 0.90203 1.69511 1.03873 0.904684 1.0456 0.865325 0.753223 0.726065 1.11888
threshold=2.0500000000000003 10.500000000000002 49.969894747755752 0.84322946832447399 1.042047803441793 31.968431407712455 1.1733200787677942 0.25000000000000006 0.55000000000000016 0.31490954612019806
decision_type=2 2 2 2 2 2 2 2 2 2
left_child=1 4 3 -3 6 -6 -1 -4 9 -2
right_child=8 2 7 -5 5 -7 -8 -9 -10 -11
leaf_value=-6.3371987426107514e-05 -0.00049166607039281872 -0.0007277686232941762 -0.003473923419789895 -5.4487350057732525e-05 -0.00046591095277428296 0.00040473775996977121 0.00038020553481877612 -0.00066130666964505269 -0.00014520748306417119 -0.0031905062921472227
leaf_weight=14258.089149534702 161.35033577680588 1041.5598630309105 85.269321650266647 7952.1574786305428 617.51101404428482 4469.4745046496391 2003.578959017992 88.565662711858749 278.9437093436718 110.44533595442772
leaf_count=21822 259 1562 163 11381 944 6726 2992 131 428 170
internal_value=-2.30396e-05 -6.74843e-06 -0.000172956 -0.000133716 6.41657e-05 0.000296943 -8.06448e-06 -0.00212164 -0.000904344 -0.00164017
internal_weight=31066.9 30516.2 9167.55 8993.72 21348.7 5086.99 16261.7 173.835 550.739 271.796
internal_count=46578 45721 13237 12943 32484 7670 24814 294 857 429
is_linear=0
shrinkage=0.02


Tree=411
num_leaves=15
num_cat=0
split_feature=12 12 17 14 30 20 15 20 30 30 24 36 24 30
split_gain=1.42953 1.61239 2.10357 1.15603 1.31171 1.02184 1.51984 1.4867 1.01929 1.41705 1.14444 0.955753 0.948513 0.851818
threshold=18.77456232052489 18.706327139539649 3.1216535343026894 10.500000000000002 -0.42184378359399893 -0.42293625453701356 6.9668703791250941 -1.18622404651202 -0.34344980296161071 -0.26267732052630349 0.90718396545668145 0.29285714285714287 1.2983031020356519 0.11174993091182721
decision_type=2 2 2 2 2 2 2 2 2 2 2 2 2 2
left_child=1 3 11 13 -5 6 12 -8 10 -10 -7 -3 -2 -1
right_child=5 2 -4 4 -6 8 7 -9 9 -11 -12 -13 -14 -15
leaf_value=0.00011704621354563825 2.0594868646706319e-05 0.00011064882258866385 -0.0036537629799047724 -0.0028157553179610556 -0.00032054748994037605 -0.0026030084950919778 0.00027583017130432724 0.0012121852629634487 0.0011809248424518881 -1.098082661489134e-05 -0.0001835211056501519 -0.0010238055253176607 -0.0022670407982590397 -0.0002667999933555498
leaf_weight=8535.042935281992 1907.8300238549709 466.40766352415085 96.319699317216873 85.361976325511932 4054.6972500681877 121.89800918102264 1735.5025873482227 1153.8614065945148 416.51595941185951 8264.0318357348442 240.75123175978661 749.13677904009819 73.098864912986755 3166.4891119897366
leaf_count=12896 2948 813 143 121 5727 176 2592 1744 619 12316 352 1274 114 4743
internal_value=-2.26284e-05 -0.000145079 -0.000819283 -8.85202e-05 -0.000375744 0.000127618 0.000361114 0.0006538 7.08717e-07 4.53171e-05 -0.00103403 -0.000580832 -6.09802e-05 1.22934e-05
internal_weight=31066.9 17153.5 1311.86 15841.6 4140.06 13913.5 4870.29 2889.36 9043.2 8680.55 362.649 1215.54 1980.93 11701.5
internal_count=46578 25717 2230 23487 5848 20861 7398 4336 13463 12935 528 2087 3062 17639
is_linear=0
shrinkage=0.02


Tree=412
num_leaves=13
num_cat=0
split_feature=13 13 13 31 33 33 13 3 43 37 3 50
split_gain=1.15086 2.20391 1.50037 1.14851 1.13331 0.929957 0.830633 0.706677 0.674373 0.645208 0.582382 0.505621
threshold=0.3151526595041636 0.29423873496543257 0.49878279298888734 2.2313434682377182 -1.0000000180025095e-35 -0.34999999999999992 0.4268356308303059 33.592570785228702 0.25000000000000006 0.47195452212758454 33.003033620566526 0.038125465759923004
decision_type=2 2 2 2 2 2 2 2 2 2 2 2
left_child=1 3 4 5 -2 -1 -6 10 -3 -9 -4 -5
right_child=2 8 7 11 6 -7 -8 9 -10 -11 -12 -13
leaf_value=0.00033640742934729859 0.0015381965983938674 -0.0039172297443704034 -0.00014174731023160024 -0.0028461555496811187 -4.057842997949714e-05 -0.00016114765760590364 0.00095961262849683258 -1.9835885970297186e-05 -0.0010756966114065585 0.00029248303473094632 -0.0011017358456102938 -0.0005050427187411195
leaf_weight=1688.200303375721 431.14336183667183 73.402468472719193 3181.4003381729126 85.337318301200867 824.81125935912132 12893.737930506468 534.52182763814926 6505.2728510200977 87.205606073141098 4396.2097036838531 278.37176132202148 87.330604583024979
leaf_count=2328 614 109 4921 133 1253 18521 794 10338 129 6865 432 141
internal_value=-2.22019e-05 -0.000149126 9.43901e-05 -0.000122875 0.00064021 -0.00010282 0.000346207 2.55646e-05 -0.00246806 0.000105225 -0.000222468 -0.00173868
internal_weight=31066.9 14915.2 16151.7 14754.6 1790.48 14581.9 1359.33 14361.3 160.608 10901.5 3459.77 172.668
internal_count=46578 21361 25217 21123 2661 20849 2047 22556 238 17203 5353 274
is_linear=0
shrinkage=0.02


Tree=413
num_leaves=15
num_cat=0
split_feature=12 12 50 7 14 30 17 20 15 20 50 30 30 12
split_gain=1.37684 1.54408 2.56665 1.12702 1.33302 1.28229 1.0279 0.98375 1.45538 1.42603 1.03595 0.98104 1.36046 0.834455
threshold=18.77456232052489 18.706327139539649 -0.20773769238109616 1.0000000180025095e-35 13.500000000000002 0.24968566099997572 3.1216535343026894 -0.42293625453701356 6.9668703791250941 -1.18622404651202 -0.28104758691430681 -0.34344980296161071 -0.26267732052630349 18.75182374705933
decision_type=2 2 2 2 2 2 2 2 2 2 2 2 2 2
left_child=1 3 13 5 -5 -1 -4 8 10 -10 -2 -9 -13 -3
right_child=7 2 6 4 -6 -7 -8 11 9 -11 -12 12 -14 -15
leaf_value=0.00017583327998538754 0.00097093598620160619 -0.0030922614837740636 -0.00012587592133070252 -0.00021325795413644475 -0.0019566470334588244 -0.00062386694092192289 -0.0027620869873779242 -0.0010139962770689338 0.00027083319957515301 0.0011881024541183288 -0.00026445231741295549 0.0011575894706766282 -1.0244522927550456e-05 -0.00060758528363350991
leaf_weight=6949.5329230725765 321.42186811566353 215.40597343444824 946.34708681702614 7811.4656756818295 179.25115376710892 901.34152114391327 62.104983061552048 362.64924094080925 1735.5025873482227 1153.8614065945148 1659.5070206522942 416.51595941185951 8264.0318357348442 88.006098568439484
leaf_count=10332 509 392 1607 11595 241 1319 94 528 2592 1744 2553 619 12316 137
internal_value=-2.17922e-05 -0.000141971 -0.000801757 -8.6608e-05 -0.000254097 8.26125e-05 -0.000303268 0.000125653 0.000354759 0.00064117 -5.81803e-05 1.10944e-06 4.48933e-05 -0.00241301
internal_weight=31066.9 17153.5 1311.86 15841.6 7990.72 7850.87 1008.45 13913.5 4870.29 2889.36 1980.93 9043.2 8680.55 303.412
internal_count=46578 25717 2230 23487 11836 11651 1701 20861 7398 4336 3062 13463 12935 529
is_linear=0
shrinkage=0.02


Tree=414
num_leaves=12
num_cat=0
split_feature=13 13 13 19 19 33 33 0 50 24 43
split_gain=1.10244 2.12155 1.43924 1.80067 1.40296 1.29607 0.888415 1.00104 0.915871 0.840097 0.646841
threshold=0.3151526595041636 0.29423873496543257 0.49878279298888734 -2.0878351675266216 -3.8106788715810374 -1.0000000180025095e-35 -0.34999999999999992 15.666111851455229 -0.64808365863739137 0.98070184565669549 0.25000000000000006
decision_type=2 2 2 2 2 2 2 2 2 2 2
left_child=1 6 3 -2 -4 -5 7 -1 -8 -6 -3
right_child=2 10 4 5 9 -7 8 -9 -10 -11 -12
leaf_value=0.0020056901748610498 -0.0015349310325489581 -0.0038413847000008756 0.0017188527911180581 0.0018166733099000837 -9.6259121547586423e-05 0.00048694448542062774 -0.0016632547064739146 0.00016121199797847433 -0.0001566442883810243 0.00024293443217378478 -0.001053764966854385
leaf_weight=127.30449405312538 137.15541011095047 73.402468472719193 191.04338398575783 397.33292001485825 10057.035105317831 1255.9881187081337 163.06233036518097 1580.252167403698 12883.98716494441 4113.1761648952961 87.205606073141098
leaf_count=167 209 109 280 564 15913 1888 239 2191 18526 6363 129
internal_value=-2.1391e-05 -0.000145623 9.27149e-05 0.000627307 2.52907e-05 0.00081436 -0.000119854 0.00030676 -0.000176492 1.51311e-06 -0.00242086
internal_weight=31066.9 14915.2 16151.7 1790.48 14361.3 1653.32 14754.6 1707.56 13047 14170.2 160.608
internal_count=46578 21361 25217 2661 22556 2452 21123 2358 18765 22276 238
is_linear=0
shrinkage=0.02


Tree=415
num_leaves=9
num_cat=0
split_feature=40 21 20 3 3 16 16 21
split_gain=0.824879 1.98346 0.948648 1.25389 0.810627 0.752006 0.675695 0.592727
threshold=0.39360294008421243 1.0281641745731482 -5.1724738637396426 42.413707808922197 25.747652862367932 13.240000000000004 24.950000000000006 0.96455467987624099
decision_type=2 2 2 2 2 2 2 2
left_child=2 5 3 -1 7 -2 -6 -4
right_child=1 -3 4 -5 6 -7 -8 -9
leaf_value=0.0011666105894606964 -0.0024127829470518146 0.00044422320716072476 -0.00097143176321309941 -0.0015041506563229232 -1.5479702625979319e-05 -0.00051901612188418544 0.00075259167245717213 -2.2992692127679584e-05
leaf_weight=503.28288862109184 227.01709535717964 318.04469776153564 609.89353626966476 76.914661824703217 28223.032513856888 159.11205583810806 463.61002200841904 502.1832899749279
leaf_count=765 356 467 918 141 42215 240 728 804
internal_value=-2.3669e-05 -0.000699569 -7.62773e-06 0.00079143 -2.35735e-05 -0.00166488 -2.66659e-06 -0.000552929
internal_weight=31083.1 704.174 30378.9 580.198 29798.7 386.129 28686.6 1112.08
internal_count=46634 1063 45571 906 44665 596 42943 1722
is_linear=0
shrinkage=0.02


Tree=416
num_leaves=10
num_cat=0
split_feature=50 22 20 21 21 21 36 20 20
split_gain=1.43598 1.17491 1.33778 1.28815 2.23935 1.09183 1.00269 0.50935 0.603267
threshold=0.7109471923292251 1.7898057267576821 1.1736322018717262 1.1765520407696417 1.1629811480458572 1.1062451492485954 1.1055555555555558 1.2854735651442639 0.20518546466299978
decision_type=2 2 2 2 2 2 2 2 2
left_child=1 3 5 4 -1 -3 -5 8 -2
right_child=7 2 -4 6 -6 -7 -8 -9 -10
leaf_value=-1.4517362328474034e-05 0.0014869657478390856 -0.00021918849162022583 -0.00089879891669278681 0.00054562948325614002 -0.001501822418065646 0.0013857728538207142 -0.00077184124249347495 0.0024971589740442981 -0.00045925858020241751
leaf_weight=24224.599042356014 153.94168785214424 1939.7645850777626 1281.5137372612953 2448.1333629786968 410.1871146261692 183.0520458817482 247.46466770768166 98.426805019378662 96.007712751626968
leaf_count=36339 241 3025 1919 3589 601 271 364 150 135
internal_value=-2.32125e-05 -3.80396e-05 -0.000388334 5.2531e-06 -3.98079e-05 -7.49111e-05 0.000420492 0.00124909 0.000702002
internal_weight=31083.1 30734.7 3404.33 27330.4 24634.8 2122.82 2695.6 348.376 249.949
internal_count=46634 46108 5215 40893 36940 3296 3953 526 376
is_linear=0
shrinkage=0.02


Tree=417
num_leaves=10
num_cat=0
split_feature=50 40 21 32 32 21 17 16 16
split_gain=1.38005 0.922988 1.96017 1.05316 0.890406 0.731272 0.670636 0.610776 0.546615
threshold=0.7109471923292251 0.39360294008421243 1.0281641745731482 0.35000000000000003 0.65000000000000002 0.59422182012715952 2.9743475191355047 24.950000000000006 2.5800000000000018
decision_type=2 2 2 2 2 2 2 2 2
left_child=1 5 3 -3 -4 8 -2 -7 -1
right_child=6 2 4 -5 -6 7 -8 -9 -10
leaf_value=-7.1484526396388645e-05 0.0018561676684572626 -0.0039025811154341965 -0.00050801193709691704 -0.001146650722635807 0.0016087734033820853 -4.3005490110977551e-05 0 0.00069230259401297748 0.0014942757655980355
leaf_weight=129.64441728591919 228.34352579712868 73.590705186128616 175.55209571123123 306.76104697585106 136.33500310778618 29237.97623232007 120.03267982602119 455.75331202149391 219.1017432808876
leaf_count=202 356 115 258 471 200 43794 170 715 353
internal_value=-2.2752e-05 -3.72938e-05 -0.000758657 -0.00172365 0.000389793 -2.02899e-05 0.00122451 -3.1337e-05 0.000886614
internal_weight=31083.1 30734.7 692.239 380.352 311.887 30042.5 348.376 29693.7 348.746
internal_count=46634 46108 1044 586 458 45064 526 44509 555
is_linear=0
shrinkage=0.02


Tree=418
num_leaves=9
num_cat=0
split_feature=50 22 16 21 21 36 3 16
split_gain=1.32608 1.1295 1.36347 1.23656 2.15138 0.963405 0.844826 0.694446
threshold=0.7109471923292251 1.7898057267576821 18.22000000000001 1.1765520407696417 1.1629811480458572 1.1055555555555558 31.59048855621214 19.41
decision_type=2 2 2 2 2 2 2 2
left_child=1 3 6 4 -1 -5 -3 -4
right_child=-2 2 7 5 -6 -7 -8 -9
leaf_value=-1.345994455219818e-05 0.0012003151305467867 -0.0015824518673531718 0.0014033558742869154 0.00053543089798918132 -0.001471259076363453 -0.00075567210487675538 -0.00047483430745077549 0
leaf_weight=24224.599042356014 348.37620562314987 328.41642475128174 171.85920149087906 2448.1333629786968 410.1871146261692 247.46466770768166 2141.1620836555958 762.89265832304955
leaf_count=36339 526 500 258 3589 601 364 3290 1167
internal_value=-2.22961e-05 -3.65568e-05 -0.000380021 5.88463e-06 -3.82567e-05 0.000412724 -0.000627338 0.000262649
internal_weight=31083.1 30734.7 3404.33 27330.4 24634.8 2695.6 2469.58 934.752
internal_count=46634 46108 5215 40893 36940 3953 3790 1425
is_linear=0
shrinkage=0.02


Tree=419
num_leaves=8
num_cat=0
split_feature=20 32 5 45 16 20 45
split_gain=0.75671 1.01441 0.872877 0.817611 1.10679 0.803248 0.679675
threshold=-5.1724738637396426 0.45000000000000007 26.149838106423982 1.1000000000000003 16.350000000000005 -5.8418543131924823 0.45000000000000007
decision_type=2 2 2 2 2 2 2
left_child=1 -1 -2 6 -5 -3 -4
right_child=2 5 3 4 -6 -7 -8
leaf_value=-0.00043705570421561724 -0.00045014812135161917 0.00047621317737793034 -0.0001216128185311797 -0.00018915883909543271 0.00019099059001187607 0.0023939890730121345 0.00021458553569448646
leaf_weight=199.12391099333763 1906.398114413023 233.90527641773224 3314.2393465638161 12785.325697153807 4003.388817191124 157.36258658766747 8483.3470121920109
leaf_count=318 2914 359 4912 19192 6002 247 12690
internal_value=-2.18568e-05 0.000685275 -3.592e-05 -7.91613e-06 -9.7902e-05 0.0012812 0.000119287
internal_weight=31083.1 590.392 30492.7 28586.3 16788.7 391.268 11797.6
internal_count=46634 924 45710 42796 25194 606 17602
is_linear=0
shrinkage=0.02


Tree=420
num_leaves=14
num_cat=0
split_feature=16 46 43 45 51 34 16 51 39 46 51 43 16
split_gain=0.93967 1.46591 1.35162 1.24641 1.14488 1.81909 1.61913 1.57507 0.913449 0.783472 0.604624 0.580448 0.544868
threshold=19.22000000000001 2.5857142857142863 -0.24999999999999992 4.9000000000000012 0.7896546914289273 0.81091403455901001 20.279999999999998 0.94766870381050505 2.7500000000000004 2.683333333333334 1.2847212278614839 0.75000000000000011 27.330000000000009
decision_type=2 2 2 2 2 2 2 2 2 2 2 2 2
left_child=1 2 10 9 6 11 -2 -7 -4 -3 -1 -6 -8
right_child=4 3 8 -5 5 7 12 -9 -10 -11 -12 -13 -14
leaf_value=0.00093472486588764008 0.002738901178099632 -0.0014240237739572203 1.0135980813691338e-05 0.0021184646101898509 0.00036066565709501612 -0.0026608164777548599 0.00022970999389284577 -5.6634315974946274e-05 -0.0021612983780181288 -0.0003963521966820278 -0.00045981195320189032 0.0019151705680649155 0.002115644119908249
leaf_weight=892.20084929466248 176.31179144978523 359.64270755648613 25221.146151632071 68.526422053575516 943.86524900794029 148.33402642607689 472.68820467591286 264.97681388258934 75.715756833553314 2063.7771578133106 132.93957290053368 110.7148505449295 72.236823916435242
leaf_count=1320 265 530 37792 91 1469 216 717 400 130 3109 195 173 108
internal_value=1.88188e-05 -1.12048e-05 3.23461e-05 -0.000474892 0.000418212 8.97196e-05 0.00107085 -0.00102365 3.07106e-06 -0.000554033 0.000743603 0.000536646 0.000504821
internal_weight=31003.1 28813.9 26322 2491.95 2189.13 1467.89 721.237 413.311 25296.9 2423.42 1025.14 1054.58 544.925
internal_count=46515 43167 39437 3730 3348 2258 1090 616 37922 3639 1515 1642 825
is_linear=0
shrinkage=0.02


Tree=421
num_leaves=10
num_cat=0
split_feature=39 46 15 52 15 50 15 15 51
split_gain=0.797773 0.810439 1.34079 1.04813 0.903004 0.844828 0.792517 0.734067 0.72168
threshold=2.7500000000000004 2.4722222222222228 14.795035415557559 2.6500000000000008 17.94667676928146 0.6260643496906495 18.343726023800787 14.669478094658061 0.8169829182992161
decision_type=2 2 2 2 2 2 2 2 2
left_child=1 2 7 -4 5 -3 -6 -1 -2
right_child=8 4 3 -5 6 -7 -8 -9 -10
leaf_value=2.886748252193342e-05 0.00012983149291823939 -0.0005520813764942654 0.00035658752615936305 0.0016566082844155147 0.00175787218629808 0.0007948137888858759 1.9781455692380232e-05 -0.0017714046891772384 -0.0024475166751315395
leaf_weight=24230.525505840778 64.455146580934525 2497.9070740938187 2115.4109530448914 287.2419650554657 113.32652416825294 193.72506457567215 1314.1718225777149 88.802036106586456 97.510285943746567
leaf_count=36406 109 3793 3095 398 171 297 1966 129 151
internal_value=1.84531e-05 2.61668e-05 6.67149e-05 0.000517415 -0.000234359 -0.000450911 0.000167027 2.17375e-05 -0.00137178
internal_weight=31003.1 30841.1 26722 2402.65 4119.13 2691.63 1427.5 24319.3 161.965
internal_count=46515 46255 40028 3493 6227 4090 2137 36535 260
is_linear=0
shrinkage=0.02


Tree=422
num_leaves=11
num_cat=0
split_feature=45 22 34 52 45 43 52 52 52 45
split_gain=0.827075 1.05554 1.14121 0.928515 0.90158 0.859373 0.741454 0.795837 0.703545 0.562322
threshold=2.2250000000000005 -0.71281259647571005 2.2058421359942662 0.65000000000000002 4.6750000000000007 -0.24999999999999992 2.9500000000000006 1.0500000000000003 2.6500000000000008 3.9000000000000004
decision_type=2 2 2 2 2 2 2 2 2 2
left_child=1 2 3 -1 6 -3 7 -2 -7 -8
right_child=4 5 -4 -5 -6 8 9 -9 -10 -11
leaf_value=-0.00019071145425405861 0.00011536895736300519 0.00065864334521054243 -0.0019913670349865726 0.00040523802318278993 0.0012599926950345524 -6.6722349629809698e-05 0.00070138870963034705 -0.00049261820197468568 0.00061960814784194572 -0.00092246398428689916
leaf_weight=1245.7567101716995 1112.562695980072 725.65912026166916 85.016928881406784 5878.7866027355194 157.941046833992 17141.575097709894 481.79678580164909 3461.7941756546497 615.06523936986923 97.121974587440491
leaf_count=1872 1860 1078 141 8812 220 25665 679 5094 962 132
internal_value=1.81034e-05 6.53705e-05 0.000270659 0.000299606 -0.000208598 -1.41879e-05 -0.000256019 -0.000342574 -4.23186e-05 0.000409512
internal_weight=31003.1 25691.9 7209.56 7124.54 5311.22 18482.3 5153.28 4574.36 17756.6 578.919
internal_count=46515 38530 10825 10684 7985 27705 7765 6954 26627 811
is_linear=0
shrinkage=0.02


Tree=423
num_leaves=10
num_cat=0
split_feature=16 46 50 51 50 39 51 44 16
split_gain=0.90321 1.36221 1.49027 0.865992 0.809854 0.795279 0.779837 0.945994 0.67336
threshold=18.710000000000004 2.5857142857142863 0.66194829453170623 0.7896546914289273 0.14842384846958109 2.7500000000000004 0.95772958733790947 2.5052572342848518 1.2600000000000009
decision_type=2 2 2 2 2 2 2 2 2
left_child=1 5 4 -2 -3 8 -5 -8 -1
right_child=3 2 -4 6 -6 -7 7 -9 -10
leaf_value=-0.0007274859073912517 0.00091295147138736714 -0.00030865626456810216 0.0012726839946254791 -0.00050457263902884677 -0.0011173615842637785 -0.0018526027466139825 0.0011453473480916314 -2.3744771152105038e-05 4.8042944941747976e-05
leaf_weight=452.6256936788559 825.81142398715019 1362.4479444026947 175.28474488854408 537.92660173773766 826.11275666952133 87.516322880983353 435.85696095228195 709.1150124669075 25590.378916323185
leaf_count=693 1243 2047 267 820 1231 153 677 1073 38311
internal_value=1.77414e-05 -1.39617e-05 -0.00047375 0.000381538 -0.000619224 2.72825e-05 0.000114061 0.000413797 3.41255e-05
internal_weight=31003.1 28494.4 2363.85 2508.71 2188.56 26130.5 1682.9 1144.97 26043
internal_count=46515 42702 3545 3813 3278 39157 2570 1750 39004
is_linear=0
shrinkage=0.02


Tree=424
num_leaves=9
num_cat=0
split_feature=39 51 22 22 43 22 51 0
split_gain=0.736591 0.695949 0.68382 1.00777 0.826367 0.778221 0.690383 0.629274
threshold=2.7500000000000004 0.8169829182992161 -0.74411231514641007 -0.79279290751985154 -0.24999999999999992 -0.5325894570615709 1.0294157268578119 23.389278713672113
decision_type=2 2 2 2 2 2 2 2
left_child=2 -2 3 6 7 -6 -1 -4
right_child=1 -3 4 -5 5 -7 -8 -9
leaf_value=0.00025409503470008246 0.00015445002973200574 -0.0023761123180226678 0.001204745538407228 0.0012069964745065785 -0.00048023163048153478 -2.3409780431188647e-05 -0.00013485308088826727 8.107098928525599e-05
leaf_weight=5668.165201574564 64.455146580934525 97.510285943746567 363.94525036215782 363.2116165459156 1618.5067754089832 19688.994874894619 2653.5549029111862 484.7323237657547
leaf_count=8514 109 151 536 545 2437 29550 3953 720
internal_value=1.73658e-05 -0.00131847 2.47903e-05 0.000175374 -3.37956e-05 -5.86208e-05 0.000128867 0.0005764
internal_weight=31003.1 161.965 30841.1 8684.93 22156.2 21307.5 8321.72 848.678
internal_count=46515 260 46255 13012 33243 31987 12467 1256
is_linear=0
shrinkage=0.02


Tree=425
num_leaves=12
num_cat=0
split_feature=24 0 1 20 0 17 20 0 23 20 20
split_gain=1.41482 1.53395 1.4869 1.54205 1.23356 0.875588 1.78786 1.02798 0.638699 0.558966 1.06806
threshold=0.18412854299775477 27.617231185900774 24.462333333333337 -3.8014873216520484 17.411805426442132 2.3205943893006697 -2.0828233555495532 27.941325945128607 2.1808295935743547 2.1134401512977949 -0.87953233583858637
decision_type=2 2 2 2 2 2 2 2 2 2 2
left_child=8 2 4 -4 -2 7 -7 -3 9 10 -1
right_child=1 5 3 -5 -6 6 -8 -9 -10 -11 -12
leaf_value=-0.00011508313870981521 0.000310944997113834 -0.0014477014694893352 0.0022979115173867417 0.00037433311155723613 -9.9442721392309645e-05 0.001843754108852632 -6.7577271191335603e-05 -0.00028142561354258081 -0.0029171789082965737 0.0005766410551987796 -0.0020848858715637737
leaf_weight=269.34165832400322 4491.5687243938446 342.42807763814926 172.74065580964088 5298.9857444763184 8374.2214065790176 198.14996352791786 8658.9220503866673 2954.871184438467 58.554175734519958 104.85323470830917 199.31593662500381
leaf_count=526 6655 516 275 8303 12423 278 12707 4372 107 189 382
internal_value=2.59324e-05 4.56862e-05 0.000161409 0.000437704 4.30764e-05 -0.000128083 -2.32817e-05 -0.00040638 -0.000908391 -0.000676498 -0.000979369
internal_weight=31124 30491.9 18337.5 5471.73 12865.8 12154.4 8857.07 3297.3 632.065 573.511 468.658
internal_count=46733 45529 27656 8578 19078 17873 12985 4888 1204 1097 908
is_linear=0
shrinkage=0.02


Tree=426
num_leaves=13
num_cat=0
split_feature=6 30 30 30 15 36 15 2 17 12 33 36
split_gain=0.958539 1.23821 1.52936 1.27166 0.721906 1.23461 0.768188 0.683599 1.11588 0.909353 0.623605 0.511644
threshold=5.5000000000000009 -0.24037285776808712 -0.11614998985531653 0.10671383705682937 2.5257590925032756 0.18333333333333332 1.3944232286843619 28.450833333333339 2.5236378365787364 18.176765619187179 0.35000000000000003 0.29285714285714287
decision_type=2 2 2 2 2 2 2 2 2 2 2 2
left_child=4 -2 10 -4 5 6 -1 8 -6 -9 -3 -7
right_child=1 2 3 -5 7 11 -8 9 -10 -11 -12 -13
leaf_value=0.0022846470978907475 0.00088609217079647397 -0.00082780204729513351 0.00016718888382039377 -0.001020594459660494 0.00011681101033198065 -0.0032038413536815691 -0.00042774589728713375 -0.00030361368396572541 0.0010114482544262072 7.5022932995607287e-05 -0.0025814997707920128 -0.00098996301642075295
leaf_weight=58.05490830540657 262.78834646940231 191.96286904811859 948.21092617511749 569.1828895509243 16683.721932768822 72.661473393440247 123.936314702034 3819.1688999533653 578.95768079161644 7484.3235377371311 180.40429538488388 150.57873836159706
leaf_count=105 375 277 1387 822 25074 125 211 5809 771 11255 261 261
internal_value=2.53924e-05 -0.000381005 -0.000563243 -0.000272531 5.59567e-05 -0.000778219 0.000398582 6.81938e-05 0.000147508 -5.20555e-05 -0.0017134 -0.001777
internal_weight=31124 2152.55 1889.76 1517.39 28971.4 405.231 181.991 28566.2 17262.7 11303.5 372.367 223.24
internal_count=46733 3122 2747 2209 43611 702 316 42909 25845 17064 538 386
is_linear=0
shrinkage=0.02


Tree=427
num_leaves=13
num_cat=0
split_feature=6 19 30 30 22 21 23 23 21 23 21 30
split_gain=0.920836 1.2545 1.07316 1.37074 0.842031 1.69182 1.22148 1.04121 0.86075 1.01079 1.00244 0.503429
threshold=5.5000000000000009 -2.5873154826586133 -0.24037285776808712 -0.11614998985531653 0.67145000453800752 1.1765520407696417 1.0391822351972688 1.5510682774390736 1.1231732712077624 1.5195555398110103 1.0733866923264139 -0.317499458468877
decision_type=2 2 2 2 2 2 2 2 2 2 2 2
left_child=4 -2 11 -4 5 7 -7 -1 10 -10 -6 -3
right_child=1 2 3 -5 8 6 -8 -9 9 -11 -12 -13
leaf_value=5.4746852555340365e-05 0.0010931836608717303 -4.8571124465524922e-05 -0.0018781701950067241 -0.00042074178979053405 -9.9651274043187663e-05 0.00037480520878670806 0.0015681165877576048 0.0015129231803024212 -0.00072445623768993138 0.00027233930881890477 0.00054866902155988094 0.0018169935178452645
leaf_weight=17764.668679386377 204.67802149057388 112.65719389915466 324.34244868159294 1412.1817947030067 6112.4330721199512 1203.9548533558846 499.27900531888008 196.74688112735748 1530.3494570553303 535.68962979316711 1128.2819078564644 98.689867854118347
leaf_count=26678 293 161 468 2057 9369 1744 752 329 2229 835 1675 143
internal_value=2.48655e-05 -0.000373448 -0.00053365 -0.000700555 5.48287e-05 0.000129225 0.000731901 7.14429e-05 -0.000101286 -0.000461155 1.15927e-07 0.000784561
internal_weight=31124 2152.55 1947.87 1736.52 28971.4 19664.6 1703.23 17961.4 9306.75 2066.04 7240.71 211.347
internal_count=46733 3122 2829 2525 43611 29503 2496 27007 14108 3064 11044 304
is_linear=0
shrinkage=0.02


Tree=428
num_leaves=15
num_cat=0
split_feature=0 19 1 20 20 1 22 20 0 30 12 3 17 0
split_gain=1.11381 1.66151 1.80945 1.73781 1.62481 1.54034 1.39073 1.2416 1.21492 1.02784 1.00123 0.873249 1.65975 1.01952
threshold=27.617231185900774 0.57645142835838759 31.781333333333333 -0.18608176828815451 0.87180142913715397 24.462333333333337 0.91733357193545884 -3.9220597133078221 17.411805426442132 0.23580899981552242 18.662866776623087 46.035455606065476 3.1216535343026894 29.196586087225629
decision_type=2 2 2 2 2 2 2 2 2 2 2 2 2 2
left_child=5 2 4 -4 -2 6 9 -7 -8 -1 -9 13 -13 -3
right_child=1 11 3 -5 -6 7 8 10 -10 -11 -12 12 -14 -15
leaf_value=0.0001562684068791932 -0.00044036491170485056 -5.829760892518011e-05 0.0010906395783470608 0.00010130654492858371 0.00048528024116669283 0.0021454621563850467 9.2231932166365519e-05 3.2146236818118406e-05 -0.0007963449301771838 -0.00059354062011720925 0.00058721339602850725 0.00017590431214826758 -0.0010042566362101267 -0.0010373318426026743
leaf_weight=10164.160447120667 3296.6918021738529 639.56624656915665 999.91405725479126 2535.7516522705555 974.2920783162117 158.79098629951477 1036.0620129108429 2345.2523647844791 1449.3587153255939 781.78420037031174 3030.4992406070232 1626.2192119061947 667.31551906466484 1418.2942776679993
leaf_count=15234 4741 955 1498 3786 1411 252 1573 3570 2177 1162 4885 2430 977 2082
internal_value=2.43863e-05 -0.00012463 4.87876e-05 0.000384383 -0.000226739 0.000120443 3.97534e-06 0.00040118 -0.00042214 0.000101703 0.000347019 -0.000437928 -0.000163689 -0.000738263
internal_weight=31124 12158 7806.65 3535.67 4270.98 18965.9 13431.4 5534.54 2485.42 10945.9 5375.75 4351.4 2293.53 2057.86
internal_count=46733 17880 11436 5284 6152 28853 20146 8707 3750 16396 8455 6444 3407 3037
is_linear=0
shrinkage=0.02


Tree=429
num_leaves=10
num_cat=0
split_feature=24 6 19 33 22 1 1 20 20
split_gain=1.36313 0.985057 1.23831 1.32992 0.898493 0.800741 2.12319 0.950234 0.610867
threshold=0.18412854299775477 5.5000000000000009 -1.7390565311826387 0.45000000000000007 -1.0720833248707884 34.529500000000006 33.142833333333343 -2.3087200396086298 2.3605514962651424
decision_type=2 2 2 2 2 2 2 2 2
left_child=4 5 -3 -4 -1 6 -2 -7 -6
right_child=1 2 3 -5 8 7 -8 -9 -10
leaf_value=0.00070836631651689688 6.4870493316638211e-05 0.00065849407015415671 -0.00011130417120209542 -0.0012471824596701102 -0.0015765576175351876 0.0014008609029773969 0.00079723424031110746 -0.00026450068988300134 5.1070015435550405e-05
leaf_weight=107.0409092605114 22990.909368515015 370.7859613597393 985.37790593504906 735.49949473142624 422.29965063929558 138.99411427974701 1703.5590173900127 3566.7619450390339 102.72444549202919
leaf_count=205 34286 530 1412 1072 815 208 2583 5438 184
internal_value=2.39126e-05 4.33086e-05 -0.000374568 -0.000603465 -0.000893195 7.44612e-05 0.000115858 -0.000198618 -0.00124014
internal_weight=31124 30491.9 2091.66 1720.88 632.065 28400.2 24694.5 3705.76 525.024
internal_count=46733 45529 3014 2484 1204 42515 36869 5646 999
is_linear=0
shrinkage=0.02


Tree=430
num_leaves=10
num_cat=0
split_feature=0 50 50 30 21 0 2 14 30
split_gain=1.26688 1.53737 1.17634 1.15548 0.920147 0.741873 0.720515 0.724958 0.571994
threshold=16.734602086435135 0.7109471923292251 0.49457872668793651 -0.11837126072797564 0.59422182012715952 14.782958338927068 12.909511904761905 9.5000000000000018 0.20266522959193517
decision_type=2 2 2 2 2 2 2 2 2
left_child=2 6 4 -3 -1 -6 -2 -8 -5
right_child=1 3 -4 8 5 -7 7 -9 -10
leaf_value=0.0018239857925854198 -0.0018275988729490819 -0.00075259355652166466 -0.0016680711618842373 0.0026118504607302358 5.5986288578250728e-05 0.00061767506542299475 7.8291295955093548e-05 -0.00013088679860459546 0.00049531661644308233
leaf_weight=178.06980013847351 87.848485559225082 76.711759805679321 107.97003838419914 175.60165897011757 1892.2830808758736 1957.0895904302597 12586.027927905321 13930.271225064993 91.416215062141418
leaf_count=289 129 110 158 268 2847 2971 19356 20412 139
internal_value=2.95902e-05 -2.00863e-05 0.00035557 0.0013042 0.000413104 0.000344328 -3.76689e-05 -3.12244e-05 0.00193348
internal_weight=31083.3 26947.9 4135.41 343.73 4027.44 3849.37 26604.1 26516.3 267.018
internal_count=46679 40414 6265 517 6107 5818 39897 39768 407
is_linear=0
shrinkage=0.02


Tree=431
num_leaves=8
num_cat=0
split_feature=21 16 0 0 3 0 30
split_gain=1.23088 0.864893 0.903408 1.00994 0.852788 0.696474 0.610708
threshold=0.59422182012715952 26.390000000000004 17.411805426442132 17.602413587407352 33.116596754971532 35.064390718520677 0.46727830957953337
decision_type=2 2 2 2 2 2 2
left_child=4 2 6 -4 -1 -3 -2
right_child=1 5 3 -5 -6 -7 -8
leaf_value=0.0018875584159940618 0.00022447483076887438 0.00024552751285300995 -0.0013295585246829668 -3.0434156606765903e-05 -0.00010985676991768718 0.0021930422843602043 0.0020116627397089694
leaf_weight=236.89694887399673 4700.8503265678883 204.8714941740036 240.16019970178604 25377.746374607086 118.68686869740486 126.63794174790382 77.439627826213837
leaf_count=361 7095 335 353 38021 211 189 114
internal_value=2.90065e-05 1.50994e-05 3.65482e-06 -4.31062e-05 0.00119601 0.00102816 0.00025636
internal_weight=31083.3 30727.7 30396.2 25617.9 355.584 331.509 4778.29
internal_count=46679 46107 45583 38374 572 524 7209
is_linear=0
shrinkage=0.02


Tree=432
num_leaves=11
num_cat=0
split_feature=0 50 50 3 0 20 16 20 5 5
split_gain=1.17688 1.47737 1.1318 0.762575 0.755555 1.01338 0.710348 0.675437 0.605858 0.60004
threshold=16.734602086435135 0.7109471923292251 0.49457872668793651 49.999991701188783 16.530543550360871 -1.6119956593499205 26.390000000000004 -7.4917074892434874 44.090073404857442 48.079365355353012
decision_type=2 2 2 2 2 2 2 2 2 2
left_child=2 3 4 6 7 -6 -2 -1 -3 -10
right_child=1 8 -4 -5 5 -7 -8 -9 9 -11
leaf_value=0.0021972799250498097 -5.940526375316991e-05 0.0027075937372871869 -0.0016422331470383389 0.00096011279611607318 -0.00033183963011817861 0.0023982508696248702 0.00097466605369109878 0.00028572654073864769 -0.00077469931320470534 0.0013243235376920292
leaf_weight=75.356755346059799 26038.056181550026 90.56946125626564 107.97003838419914 300.55364307761192 72.158255189657211 160.41350537538528 265.53781390190125 3719.5139555335045 69.033562690019608 184.12660989165306
leaf_count=121 38864 136 158 643 111 246 390 5629 105 276
internal_value=2.84393e-05 -1.94275e-05 0.000342633 -3.66709e-05 0.000399115 0.00151297 -4.85127e-05 0.000327456 0.00127875 0.00071117
internal_weight=31083.3 26947.9 4135.41 26604.1 4027.44 232.572 26303.6 3794.87 343.73 253.16
internal_count=46679 40414 6265 39897 6107 357 39254 5750 517 381
is_linear=0
shrinkage=0.02


Tree=433
num_leaves=9
num_cat=0
split_feature=21 50 30 3 30 3 16 30
split_gain=1.16836 0.852357 1.26928 0.822978 0.775476 1.11469 0.736104 0.507104
threshold=0.59422182012715952 0.7109471923292251 -0.14891664929251827 33.116596754971532 -0.23622667526324861 48.614851631486125 26.390000000000004 0.20266522959193517
decision_type=2 2 2 2 2 2 2 2
left_child=3 4 -3 -1 5 -2 -6 -4
right_child=1 2 7 -5 6 -7 -8 -9
leaf_value=0.0018444853315864942 0.00010354521520468171 -0.0013846109340317383 0.0021111637390633479 -0.00011685517430676686 -4.5124048245570574e-05 0.0010131789628398643 0.00096253738894987368 0.00025190144815423281
leaf_weight=236.89694887399673 2808.5707291066647 69.017438292503357 203.28257814049721 118.68686869740486 26579.566687881947 675.44333973526955 290.49775379896164 101.32743766903877
leaf_count=361 4186 100 306 211 39865 1041 457 152
internal_value=2.78938e-05 1.43362e-05 0.000961277 0.00116487 2.28833e-06 0.000283244 -3.37871e-05 0.00153098
internal_weight=31083.3 30727.7 373.627 355.584 30354.1 3484.01 26870.1 304.61
internal_count=46679 46107 558 572 45549 5227 40322 458
is_linear=0
shrinkage=0.02


Tree=434
num_leaves=13
num_cat=0
split_feature=21 16 2 50 21 33 3 10 45 30 16 2
split_gain=1.12824 2.35035 1.05927 0.902635 0.908941 0.839619 0.956997 0.86889 0.74895 0.645515 0.562179 0.918412
threshold=0.73184663074819178 7.0400000000000018 16.389708333333335 0.7109471923292251 1.0073027428526984 -0.6499999999999998 40.724490500856682 1.0000000180025095e-35 3.6333333333333337 0.10421935834473402 8.0450000000000035 26.212583333333338
decision_type=2 2 2 2 2 2 2 2 2 2 2 2
left_child=1 2 -1 5 -5 6 -2 -7 -6 -4 -3 -12
right_child=3 10 9 4 8 7 -8 -9 -10 -11 11 -13
leaf_value=0.00087651774831103678 5.9127613870742133e-05 0.0035615689951226559 0 0.0023111732723064028 -0.00063876538238085887 -7.5738965923767185e-05 0.0014993177364778639 0.00023620836764040587 0.0016161588078435047 -0.0015361663904120094 0 0.0027131278004787142
leaf_weight=480.33413895964622 496.24674481153488 92.939556866884232 502.3883348107338 131.20682635903358 147.80894663929939 24326.540878981352 307.4270191192627 4175.7522839307785 92.873091250658035 142.36620658636093 84.353318691253662 103.05243518948555
leaf_count=757 696 147 791 204 221 36573 459 6188 130 230 131 152
internal_value=2.73549e-05 0.00058066 0.000161322 7.78048e-07 0.000977567 -1.13419e-05 0.000624806 -2.96727e-05 0.000196295 -0.000357091 0.00221508 0.00146396
internal_weight=31083.3 1405.43 1125.09 29677.9 371.889 29306 803.674 28502.3 240.682 644.755 280.345 187.406
internal_count=46679 2208 1778 44471 555 43916 1155 42761 351 1021 430 283
is_linear=0
shrinkage=0.02


Tree=435
num_leaves=8
num_cat=0
split_feature=13 52 6 52 6 1 1
split_gain=1.13482 1.06502 0.904371 1.17059 0.664925 1.05422 0.818607
threshold=3.4929646919587092 1.1500000000000001 1.5000000000000002 1.0500000000000003 6.5000000000000009 25.153833333333338 19.278000000000002
decision_type=2 2 2 2 2 2 2
left_child=1 2 3 -1 6 -6 -3
right_child=-2 4 -4 -5 5 -7 -8
leaf_value=0.00038389525209649552 0.0015683773411396629 -0.00022493426332675091 -0.00021032236894941603 -0.0010295946368576827 0.00039007228772052339 -0.0010439730810288383 0.00018365855814534823
leaf_weight=2034.2105489969254 177.47945517301559 2299.4415295124054 12980.31487646699 260.08369001746178 333.05867391824722 498.82029160857201 12644.035776674747
leaf_count=3039 346 3472 19697 390 485 708 18708
internal_value=-1.64715e-05 -2.59528e-05 -0.00014523 0.000218548 8.8908e-05 -0.000458275 0.000120095
internal_weight=31227.4 31050 15274.6 2294.29 15775.4 831.879 14943.5
internal_count=46845 46499 23126 3429 23373 1193 22180
is_linear=0
shrinkage=0.02


Tree=436
num_leaves=6
num_cat=0
split_feature=52 24 10 32 32
split_gain=0.97472 1.04515 0.824954 0.698428 0.541817
threshold=1.1500000000000001 0.19758731119689751 1.0000000180025095e-35 0.55000000000000016 1.8500000000000003
decision_type=2 2 2 2 2
left_child=2 -2 -1 -3 -5
right_child=1 3 -4 4 -6
leaf_value=-0.00019187602406740085 -0.0012197909430627899 0.0003838665679262785 0.00021632158347208576 6.8203405715645864e-05 -0.00078729970201524171
leaf_weight=13064.553700268269 235.46261596679688 3088.4928629696369 2310.7552677094936 12228.059068411589 300.12132704257965
leaf_count=19859 433 4575 3464 18067 447
internal_value=-1.61356e-05 9.35373e-05 -0.000129858 0.000114133 4.67888e-05
internal_weight=31227.4 15852.1 15375.3 15616.7 12528.2
internal_count=46845 23522 23323 23089 18514
is_linear=0
shrinkage=0.02


Tree=437
num_leaves=11
num_cat=0
split_feature=52 30 16 16 16 6 1 30 1 6
split_gain=0.935884 1.07663 0.978993 0.947392 0.997211 0.632276 1.10071 0.636978 0.611835 0.618771
threshold=1.1500000000000001 0.32846817388215893 1.6549999999999996 23.410000000000007 5.6633333333333367 6.5000000000000009 25.250333333333337 -0.3109752561424487 16.230166666666673 1.5000000000000002
decision_type=2 2 2 2 2 2 2 2 2 2
left_child=1 3 -2 4 -1 7 -7 -4 -3 -10
right_child=2 8 5 -5 -6 6 -8 -9 9 -11
leaf_value=0.00013308522488871425 -0.0012835679303922275 0.00095708954015080012 -0.00035369287729445942 0.0017521692405638354 -0.0002184012069371881 0.0004702105826356256 -0.0010223614175432121 0.00017536086687764869 0.00021489789314133652 -0.0011462002455307635
leaf_weight=4874.8293702602386 201.2715168595314 68.899963021278381 960.84346625208855 109.10404905676842 9415.4428626596928 315.59435725212097 495.82272669672966 13878.603807330132 146.93922552466393 760.09349745512009
leaf_count=7325 305 105 1424 202 14317 461 703 20629 220 1154
internal_value=-1.58084e-05 -0.000127247 9.16501e-05 -8.28444e-05 -9.77974e-05 0.000110136 -0.000429815 0.000140388 -0.000770654 -0.000914714
internal_weight=31227.4 15375.3 15852.1 14399.4 14290.3 15650.9 811.417 14839.4 975.933 907.033
internal_count=46845 23323 23522 21844 21642 23217 1164 22053 1479 1374
is_linear=0
shrinkage=0.02


Tree=438
num_leaves=10
num_cat=0
split_feature=52 31 31 10 31 6 1 32 1
split_gain=0.898221 0.806779 1.72598 0.78597 1.018 0.727507 0.77124 0.661071 0.586072
threshold=1.1500000000000001 1.3895001399416469 1.5143725989112709 1.0000000180025095e-35 1.5501297730247081 6.5000000000000009 18.039666666666669 0.35000000000000003 35.238166666666679
decision_type=2 2 2 2 2 2 2 2 2
left_child=3 5 -3 4 -1 6 -2 -4 -7
right_child=1 2 7 -5 -6 8 -8 -9 -10
leaf_value=-0.00012785731565550422 -0.00033097101988505953 0.0013907308831006698 0.0017435345808596578 0.00021321488866345343 -0.00074043320702025985 -0.00034269461232198239 0.00012976726051880478 -4.5653847405578838e-05 -0.0021064038081555882
leaf_weight=11859.9720697999 1650.871160030365 575.07933273911476 86.106017678976059 2310.7552677094936 1204.5816304683685 651.21826097369194 11585.166237175465 1215.5756159424782 88.119249850511551
leaf_count=17990 2504 846 131 3464 1869 937 17129 1851 124
internal_value=-1.54799e-05 8.97868e-05 0.000479354 -0.000124659 -0.000185208 3.6695e-05 7.15047e-05 6.75233e-05 -0.00057151
internal_weight=31227.4 15852.1 1876.76 15375.3 13064.6 13975.4 13236 1301.68 739.338
internal_count=46845 23522 2828 23323 19859 20694 19633 1982 1061
is_linear=0
shrinkage=0.02


Tree=439
num_leaves=10
num_cat=0
split_feature=13 52 30 31 31 32 31 6 1
split_gain=1.09268 0.907914 0.906372 0.831725 1.62252 0.731319 0.715518 0.624585 0.613337
threshold=3.4929646919587092 1.1500000000000001 0.32846817388215893 1.3895001399416469 1.5143725989112709 1.8500000000000003 0.96473959105370766 2.5000000000000004 16.230166666666673
decision_type=2 2 2 2 2 2 2 2 2
left_child=1 2 7 5 -5 -3 -2 -1 -4
right_child=6 3 8 4 -6 -7 -8 -9 -10
leaf_value=-7.5167922947992662e-06 0.0023742876018739119 4.872806971605484e-05 0.0010106725428322722 0.0013617186488154335 7.6316703913558199e-05 -0.00099604010819225844 -0.00022055460978679064 -0.000298885980700695 -0.00087202663924464932
leaf_weight=10111.448082149029 123.79673647880554 13636.900605857372 68.488896399736404 574.23328685760498 1293.3856050372124 270.83677396178246 53.682718694210052 4192.8249644935131 901.84717243909836
leaf_count=15338 249 20165 104 844 1964 400 97 6320 1364
internal_value=-1.5177e-05 -2.44868e-05 -0.000134633 8.15326e-05 0.000477919 2.75232e-05 0.00153999 -9.36509e-05 -0.000727051
internal_weight=31227.4 31050 15274.6 15775.4 1867.62 13907.7 177.479 14304.3 970.336
internal_count=46845 46499 23126 23373 2808 20565 346 21658 1468
is_linear=0
shrinkage=0.02


Tree=440
num_leaves=7
num_cat=0
split_feature=15 17 17 52 21 42
split_gain=1.58684 1.47279 0.885622 0.941253 0.961195 0.669129
threshold=19.908498870290412 3.0429629553281079 3.4711693716880947 4.0500000000000007 1.1765520407696417 0.75000000000000011
decision_type=2 2 2 2 2 2
left_child=2 -2 3 4 -1 -3
right_child=1 5 -4 -5 -6 -7
leaf_value=-6.1345316275734582e-05 0.001718026677464207 -6.539349443415661e-05 0.0021574860057205401 0.002303089216683383 0.00030737288625908927 0.001171694329062892
leaf_weight=26382.594410926104 398.04462552070618 668.47599589824677 73.155642598867416 67.778301596641541 3161.5326441526413 228.90201756358147
leaf_count=39633 623 1034 104 103 4659 317
internal_value=1.97097e-05 0.000704465 -9.88088e-06 -1.57183e-05 -2.1532e-05 0.000240946
internal_weight=30980.5 1295.42 29685.1 29611.9 29544.1 897.378
internal_count=46473 1974 44499 44395 44292 1351
is_linear=0
shrinkage=0.02


Tree=441
num_leaves=10
num_cat=0
split_feature=15 17 17 52 21 23 23 24 24
split_gain=1.52429 1.41448 0.851463 0.905036 0.923173 0.776031 0.573623 0.512886 0.574887
threshold=19.908498870290412 3.0429629553281079 3.4711693716880947 4.0500000000000007 1.1765520407696417 1.0129834179816384 0.97688037185173526 1.1255537583367974 1.3651865190810493
decision_type=2 2 2 2 2 2 2 2 2
left_child=2 7 3 4 -1 6 -3 -2 -9
right_child=1 5 -4 -5 -6 -7 -8 8 -10
leaf_value=-6.0118509525489451e-05 0.0024265624427920515 -6.72914742138264e-06 0.002115484589996627 0.0022583476237957082 0.0003012293167810483 0.00081298531030703117 -0.0020006131641912553 -0.00021229230945842486 0.0018518045149475966
leaf_weight=26382.594410926104 199.83774793148041 367.30686691403389 73.155642598867416 67.778301596641541 3161.5326441526413 461.16733208298683 68.90381446480751 90.34508204460144 107.86179554462433
leaf_count=39633 313 551 104 103 4659 699 101 145 165
internal_value=1.93381e-05 0.000690463 -9.65671e-06 -1.5387e-05 -2.10943e-05 0.000235954 -0.000352196 0.00168384 0.000868294
internal_weight=30980.5 1295.42 29685.1 29611.9 29544.1 897.378 436.211 398.045 198.207
internal_count=46473 1974 44499 44395 44292 1351 652 623 310
is_linear=0
shrinkage=0.02


Tree=442
num_leaves=12
num_cat=0
split_feature=15 27 23 23 21 40 42 23 21 40 21
split_gain=1.46355 1.14357 1.22384 1.21136 0.801652 1.27438 0.992918 1.65167 1.03709 0.826873 0.532809
threshold=19.908498870290412 0.56555521818511501 0.74132147537181103 1.0096067237390323 1.1765520407696417 -0.14026451266199177 1.1500000000000001 1.4784016944151375 1.1347628677146364 0.16453763641085453 1.3748961903878119
decision_type=2 2 2 2 2 2 2 2 2 2 2
left_child=4 -2 -3 -4 6 10 8 -8 -1 -7 -6
right_child=1 2 3 -5 5 9 7 -9 -10 -11 -12
leaf_value=-4.2041173649414881e-05 0.0030615793570482096 0.002993664533369968 -0.00039264294021366806 0.00090968937111002843 -0.00030549163002005687 0.00064695404739465682 0.00028489852214468633 0.003278685221609956 -0.00056414715845618186 -0.00024042222276805022 -0.0021538654158648877
leaf_weight=23326.857277393341 75.429271668195724 73.900556534528732 491.48627036809921 654.60654041171074 456.72604939341545 2129.253619492054 1484.5665970444679 76.691111415624619 1632.473252505064 503.42199701070786 75.071095019578934
leaf_count=35179 113 112 746 1003 674 3135 2124 123 2409 745 110
internal_value=1.89675e-05 0.000676588 0.000516177 0.000342781 -9.43715e-06 0.000290914 -4.56717e-05 0.000442361 -7.66328e-05 0.00047342 -0.000592243
internal_weight=30980.5 1295.42 1219.99 1146.09 29685.1 3164.47 26520.6 1561.26 24959.3 2632.68 531.797
internal_count=46473 1974 1861 1749 44499 4664 39835 2247 37588 3880 784
is_linear=0
shrinkage=0.02


Tree=443
num_leaves=10
num_cat=0
split_feature=15 17 32 17 12 17 17 23 23
split_gain=1.40713 1.35749 0.93049 0.925627 0.807928 0.763736 1.53837 0.726757 0.546356
threshold=19.908498870290412 3.0429629553281079 1.6500000000000001 3.4711693716880947 17.91627965741689 3.0879567829547918 2.6890602654141902 1.0129834179816384 0.97688037185173526
decision_type=2 2 2 2 2 2 2 2 2
left_child=2 -2 3 4 -1 6 -4 8 -3
right_child=1 7 5 -5 -6 -7 -8 -9 -10
leaf_value=-0.00020901678945011305 0.0016364141281271572 -1.286038010367286e-05 -0.00040875718407696688 0.0023214613836480174 5.5591436110475366e-05 0.00072328996798292256 -0.0027723484499640816 0.00077685969044214126 -0.0019600930924246595
leaf_weight=5763.7699500620365 398.04462552070618 367.30686691403389 473.89976730942726 67.04126363992691 23116.645946055651 115.75873747467995 147.9453347325325 461.16733208298683 68.90381446480751
leaf_count=8615 623 551 749 97 34681 151 206 699 101
internal_value=1.85913e-05 0.000663413 -9.25392e-06 8.3018e-06 2.42556e-06 -0.000709913 -0.000994202 0.000218027 -0.000350807
internal_weight=30980.5 1295.42 29685.1 28947.5 28880.4 737.604 621.845 897.378 436.211
internal_count=46473 1974 44499 43393 43296 1106 955 1351 652
is_linear=0
shrinkage=0.02


Tree=444
num_leaves=11
num_cat=0
split_feature=15 17 32 17 19 17 17 23 42 23
split_gain=1.35082 1.30437 0.893997 0.890023 0.796531 0.734847 1.4774 0.699053 1.18543 0.524994
threshold=19.908498870290412 3.0429629553281079 1.6500000000000001 3.4711693716880947 2.1331077420656448 3.0879567829547918 2.6890602654141902 1.0129834179816384 0.65000000000000002 0.97688037185173526
decision_type=2 2 2 2 2 2 2 2 2 2
left_child=2 -2 3 4 -1 6 -4 9 -9 -3
right_child=1 7 5 -5 -6 -7 -8 8 -10 -11
leaf_value=-3.3332637138153643e-05 0.0016038494677038326 -1.260454265772836e-05 -0.00040061638795149809 0.0022763770458517742 0.00030865978901222283 0.00070906982802123556 -0.0027176410671239724 2.4577820026026292e-05 0.00221683892776906 -0.0019219970531546319
leaf_weight=25837.779484093189 398.04462552070618 367.30686691403389 473.89976730942726 67.04126363992691 3042.636412024498 115.75873747467995 147.9453347325325 312.0822226703167 149.08510941267014 68.90381446480751
leaf_count=38554 623 551 749 97 4742 151 206 488 211 101
internal_value=1.82132e-05 0.000650004 -9.0625e-06 8.13876e-06 2.36991e-06 -0.000695848 -0.000974843 0.000213168 0.00076139 -0.000344428
internal_weight=30980.5 1295.42 29685.1 28947.5 28880.4 737.604 621.845 897.378 461.167 436.211
internal_count=46473 1974 44499 43393 43296 1106 955 1351 699 652
is_linear=0
shrinkage=0.02


Tree=445
num_leaves=11
num_cat=0
split_feature=50 35 30 0 30 35 50 20 34 30
split_gain=0.822257 0.936218 1.26103 0.846904 1.38385 1.23099 1.0763 0.913993 0.911976 0.635066
threshold=0.7109471923292251 0.36666666666666675 0.03694086174862591 20.465039692286574 0.24968566099997572 0.77500000000000013 0.54652997299971051 0.04632036906641266 1.8167221222600958 0.29363009629484765
decision_type=2 2 2 2 2 2 2 2 2 2
left_child=3 2 -2 4 6 7 -1 -5 -7 -6
right_child=1 -3 -4 5 9 8 -8 -9 -10 -11
leaf_value=0.00023718253596721059 -0.0023102228085249083 0.0016760811699754019 0.0014442158265405769 -4.1043922324826078e-05 -0.0014304131623210892 0.00021966033513010967 -0.0020089907268042327 -0.00035326790847905966 -0.00056767776665983495 -0.0002454134849075567
leaf_weight=8341.7023884952068 67.556609958410263 237.4045025408268 69.57125848531723 7778.3106532394886 265.76083001494408 5689.9268417358398 83.366229355335236 7390.8155098259449 648.85810413956642 651.02997499704361
leaf_count=12706 101 360 106 11773 392 8396 121 10965 986 993
internal_value=-1.47959e-05 0.000913426 -0.000340169 -2.64476e-05 0.000132088 -9.57775e-05 0.000213298 -0.000193854 0.000137335 -0.000602173
internal_weight=31224.3 374.532 137.128 30849.8 9341.86 21507.9 8425.07 15169.1 6338.78 916.791
internal_count=46899 567 207 46332 14212 32120 12827 22738 9382 1385
is_linear=0
shrinkage=0.02


Tree=446
num_leaves=13
num_cat=0
split_feature=23 17 23 17 17 20 18 40 17 20 18 17
split_gain=1.12272 1.14675 0.988979 0.904949 0.899995 1.02384 0.953429 0.873661 0.849465 0.752004 1.91933 0.773066
threshold=1.1737165061227868 1.6333900575530731 1.1657403604722005 1.203297147281466 1.8101633089206468 1.7936520306230241 1.7534669774120728 -0.22972946361560795 1.5010194375677477 0.21819770056616503 1.9685808339287358 1.3347620606369586
decision_type=2 2 2 2 2 2 2 2 2 2 2 2
left_child=1 2 8 7 6 -6 -3 -2 -1 10 -5 -11
right_child=3 4 -4 9 5 -7 -8 -9 -10 11 -12 -13
leaf_value=2.1534208494580369e-05 -0.0024568810156786248 -0.0010618532731434716 -0.0022003114982931918 0.001153232237887992 -0.0002080428611380976 0.00040117203900585501 -0.00010500361745908752 -0.00012313175359410797 0.00057427351954418646 0.0010983976538651383 8.4809463460666784e-05 1.4463001088620954e-05
leaf_weight=8542.3949891328812 65.753754466772079 946.91758272051811 73.375829696655273 1187.9177544116974 10290.508258342743 1224.4393318891525 788.2749357521534 1594.3021720945835 1284.8270410895348 285.74510911107063 1598.8496107757092 3340.9965333044529
leaf_count=12904 104 1409 107 1858 15135 1764 1178 2480 1926 433 2549 5052
internal_value=-1.45171e-05 -8.56368e-05 7.64584e-05 0.000188149 -0.000207503 -0.000142335 -0.000633547 -0.000224432 9.49198e-05 0.000296536 0.000544333 0.000103179
internal_weight=31224.3 23150.7 9900.6 8073.56 13250.1 11514.9 1735.19 1660.06 9827.22 6413.51 2786.77 3626.74
internal_count=46899 34423 14937 12476 19486 16899 2587 2584 14830 9892 4407 5485
is_linear=0
shrinkage=0.02


Tree=447
num_leaves=10
num_cat=0
split_feature=23 24 24 21 30 0 18 23 30
split_gain=1.0785 1.21633 1.65782 1.12239 0.864807 0.855739 1.05212 0.886176 0.679673
threshold=1.1737165061227868 1.559766074330093 1.4783451841957844 0.59422182012715952 0.32846817388215893 16.631105042094593 1.2021895162199316 0.9895237477464901 -0.317499458468877
decision_type=2 2 2 2 2 2 2 2 2
left_child=3 2 8 -1 -3 6 -5 -7 -2
right_child=1 4 -4 5 -6 7 -8 -9 -10
leaf_value=0.0011020695099286932 -0.00093500568348289521 0.001893812231049099 -0.0022817437499471774 6.1272550174336474e-05 -0.00022457128045586788 -5.8999624502439198e-05 0.0011677530839119424 -0.0003507284670158654 0.00019944258488270887
leaf_weight=311.4653639793396 212.76583060622215 269.32863622903824 109.86233869194984 2395.3575405180454 95.956078380346298 14051.326799571514 404.37944051623344 5988.2088240385056 7385.6520502567291
leaf_count=495 329 425 173 3556 131 20813 642 8917 11418
internal_value=-1.42176e-05 0.00018441 0.000129355 -8.39285e-05 0.00131192 -0.000100635 0.000225376 -0.000146699 0.000166123
internal_weight=31224.3 8073.56 7708.28 23150.7 365.285 22839.3 2799.74 20039.5 7598.42
internal_count=46899 12476 11920 34423 556 33928 4198 29730 11747
is_linear=0
shrinkage=0.02


Tree=448
num_leaves=14
num_cat=0
split_feature=23 17 50 50 17 16 17 17 23 0 18 30 40
split_gain=1.0352 1.07419 1.36419 1.22742 0.869712 0.965921 0.850448 0.819979 0.716045 0.679334 0.674888 0.998156 0.79199
threshold=1.1737165061227868 1.6333900575530731 0.77708212014519151 0.59444396318025372 1.203297147281466 11.245000000000003 2.9743475191355047 1.8101633089206468 1.1657403604722005 14.782958338927068 1.8854734736766958 0.29953766025990264 -0.14288975720801297
decision_type=2 2 2 2 2 2 2 2 2 2 2 2 2
left_child=1 3 7 8 5 9 -4 -3 -1 -2 11 -6 -12
right_child=4 2 6 -5 10 -7 -8 -9 -10 -11 12 -13 -14
leaf_value=0.00011285958732340647 0.00023641269966118326 -0.00063071402475351423 0.0029335660543456867 -0.0022274775629902168 0.00065041513378139612 0.0019753235104464531 0 -0.00016042497491699446 -0.0018635231454668612 -0.00062894995370544671 0.00085762729792374201 -0.00043290671852416404 -2.4147683223526688e-05
leaf_weight=9739.7904805839062 530.20455771684647 1730.9636368751526 86.681516498327255 89.427524954080582 2589.7049224376678 73.024441421031952 74.307669758796692 11358.18728557229 71.379854381084442 1056.8269274234772 466.74187472462654 378.72110688686371 2978.341103553772
leaf_count=14702 817 2579 130 131 3980 115 103 16674 104 1652 734 576 4602
internal_value=-1.39261e-05 -8.22293e-05 -0.000200186 7.46326e-05 0.000180665 -0.000223778 0.00161098 -0.000223469 9.70848e-05 -0.000333618 0.000286946 0.000508637 9.2843e-05
internal_weight=31224.3 23150.7 13250.1 9900.6 8073.56 1660.06 160.989 13089.2 9811.17 1587.03 6413.51 2968.43 3445.08
internal_count=46899 34423 19486 14937 12476 2584 233 19253 14806 2469 9892 4556 5336
is_linear=0
shrinkage=0.02


Tree=449
num_leaves=13
num_cat=0
split_feature=23 0 50 50 23 23 16 16 0 20 20 0
split_gain=0.994397 1.04297 1.19022 1.06332 0.966401 0.900934 0.655241 0.856192 1.22503 0.584213 0.645636 0.505807
threshold=1.1737165061227868 17.029274344087948 0.39293555509463612 0.77708212014519151 0.47519836902278217 0.9895237477464901 10.020000000000003 9.1800000000000033 24.782442814715228 0.17740751992880982 3.7106843233539544 16.434050879952036
decision_type=2 2 2 2 2 2 2 2 2 2 2 2
left_child=1 2 4 5 -1 -3 7 11 -9 -8 -11 -2
right_child=6 3 -4 -5 -6 -7 9 8 -10 10 -12 -13
leaf_value=0.00090447607919514489 -0.00028389367059868868 -6.1132991907876362e-05 -0.0015029714491602 0.001387288701210127 0.00011279795738341786 -0.00035828092543618872 0.00058654419338074841 -6.3322661843199455e-05 -0.0020586832491827183 2.6700076391263573e-05 0.0011401167614496495 0.00028938415700102487
leaf_weight=856.60300803184509 880.01841482520103 13773.002170175314 144.85950392484665 178.37722593545914 2330.1197797954082 5867.7762807607651 2039.7686630785465 385.47166839241982 186.9056484401226 2387.355259090662 228.70483922958374 1965.3404411077499
leaf_count=1315 1369 20410 225 259 3471 8743 3231 583 281 3631 351 3030
internal_value=-1.3645e-05 -8.05944e-05 0.000245657 -0.000135961 0.000329174 -0.000150444 0.000177065 -3.05623e-05 -0.000737203 0.000331574 0.000128655 0.000108493
internal_weight=31224.3 23150.7 3331.58 19819.2 3186.72 19640.8 8073.56 3417.74 572.377 4655.83 2616.06 2845.36
internal_count=46899 34423 5011 29412 4786 29153 12476 5263 864 7213 3982 4399
is_linear=0
shrinkage=0.02


Tree=450
num_leaves=13
num_cat=0
split_feature=50 50 21 33 0 46 14 0 33 21 46 21
split_gain=0.861215 1.17747 1.16505 0.977176 1.87124 1.55198 0.866049 0.828854 0.670602 0.913111 0.713727 0.552058
threshold=-0.16364833434359932 -0.17281429804707812 0.8584180745258615 -0.44999999999999996 16.734602086435135 0.76388888888888895 13.500000000000002 26.842596328856541 0.65000000000000013 1.1765520407696417 3.7250000000000005 1.0592903589971561
decision_type=2 2 2 2 2 2 2 2 2 2 2 2
left_child=1 2 7 4 5 -2 -4 -1 10 -10 -5 -6
right_child=3 -3 6 8 11 -7 -8 -9 9 -11 -12 -13
leaf_value=0.00039849938896847128 0.00074412458675316058 0.0012870593161208013 6.4640368483645877e-05 -2.7627725395670518e-05 -0.00011755025320820364 0.0042235447659138212 -0.0014585591690820269 0.0016062680184085695 -0.00034238648180193274 0.00042719323344038413 0.00095669187189963742 0.0006302912621981453
leaf_weight=1111.3902720212936 151.88792955875397 379.20162031054497 6198.0115388929844 14672.707105785608 1068.2280036211014 84.313528925180435 150.74864384531975 298.96818214654922 5491.5850940942764 682.0017999112606 298.53482803702354 610.36439162492752
leaf_count=1730 206 573 9313 22102 1567 107 202 450 8256 1029 427 862
internal_value=2.14203e-05 0.000198485 0.000143678 -4.06483e-05 0.000390873 0.00205314 2.64501e-05 0.000663515 -8.02313e-05 -0.00025564 -7.20683e-06 0.000148854
internal_weight=31197.9 8138.32 7759.12 23059.6 1914.79 236.201 6348.76 1410.36 21144.8 6173.59 14971.2 1678.59
internal_count=46824 12268 11695 34556 2742 313 9515 2180 31814 9285 22529 2429
is_linear=0
shrinkage=0.02


Tree=451
num_leaves=10
num_cat=0
split_feature=40 20 17 50 0 33 20 19 46
split_gain=0.892622 1.00919 1.22354 1.07637 0.998418 1.95766 1.16127 0.980127 0.601595
threshold=0.39360294008421243 -2.359648102744154 2.5090587884233995 0.071208795562402408 17.411805426442132 -0.44999999999999996 -1.4039868333204699 -0.16560740321760373 2.2111111111111117
decision_type=2 2 2 2 2 2 2 2 2
left_child=1 2 3 -1 5 -3 -6 -2 -9
right_child=7 4 -4 -5 6 -7 -8 8 -10
leaf_value=0.00043867466790040161 -0.0019683461516866881 0.0018639576357433257 0.0029705736825580004 -0.0004746066056066496 -0.00048244352407281725 0.00015931683361877826 -7.7763990552857265e-06 -0.00057293060463703665 0.0010821657112616565
leaf_weight=3161.95506092906 176.41174668073654 292.19471484422684 68.332876682281494 605.19906345009804 2295.8876097202301 3525.9868138432503 20532.630357533693 433.97036990523338 105.37432518601418
leaf_count=4828 261 394 96 941 3499 5314 30671 656 164
internal_value=2.10283e-05 3.77521e-05 0.000341029 0.000289128 -5.5482e-06 0.000293293 -5.59903e-05 -0.000675382 -0.000228291
internal_weight=31197.9 30482.2 3835.49 3767.15 26646.7 3818.18 22828.5 715.756 539.345
internal_count=46824 45743 5865 5769 39878 5708 34170 1081 820
is_linear=0
shrinkage=0.02


Tree=452
num_leaves=11
num_cat=0
split_feature=40 21 46 33 17 21 17 17 21 17
split_gain=0.857509 1.07972 0.945172 0.668315 0.927925 0.982805 0.69124 0.705081 0.691174 0.517092
threshold=0.39360294008421243 1.0780375193200473 2.3166666666666669 0.65000000000000013 3.1345314681120846 1.0119749793187365 1.8198722230296511 2.2700083558059645 0.72233580510939144 1.4167562775704521
decision_type=2 2 2 2 2 2 2 2 2 2
left_child=3 2 -2 4 8 -6 9 -8 -1 -5
right_child=1 -3 -4 6 5 -7 7 -9 -10 -11
leaf_value=0.00066533058012752751 -0.0016632090282223233 0.00049032325222831731 0.00030291528103410816 -0.00010381093076628083 0 -0.001058750614457842 -0.00066404587380269127 -0.0001090440623978901 0.00010312549087269541 0.00036860419001892629
leaf_weight=921.8103021979332 381.65056726336479 214.37532100081444 119.73055350780487 2444.0388352572918 940.37491747736931 547.59395468235016 1398.981546074152 2811.9275557100773 19943.993432015181 1473.4659535884857
leaf_count=1435 582 315 184 3785 1409 782 2094 4050 29898 2290
internal_value=2.06052e-05 -0.000661956 -0.00117449 3.70029e-05 9.37219e-05 -0.000386823 -0.000117733 -0.000296033 0.000128503 7.14216e-05
internal_weight=31197.9 715.756 501.381 30482.2 22353.8 1487.97 8128.41 4210.91 20865.8 3917.5
internal_count=46824 1081 766 45743 33524 2191 12219 6144 31333 6075
is_linear=0
shrinkage=0.02


Tree=453
num_leaves=9
num_cat=0
split_feature=34 51 33 0 51 46 1 19
split_gain=0.841017 0.776992 0.738811 1.51343 1.23442 0.844377 0.716531 0.612555
threshold=2.0458976426377018 0.67902288278382339 -0.44999999999999996 15.666111851455229 0.92354141108636079 4.7388888888888898 14.306458333333337 4.9002165425104165
decision_type=2 2 2 2 2 2 2 2
left_child=2 -2 3 6 -5 7 -1 -4
right_child=1 -3 5 4 -6 -7 -8 -9
leaf_value=0.00079927391822654295 0.00030653318554700479 -0.0014013058387435792 -1.0637110365419747e-05 0.00061809483670808381 -0.00030058480628144456 0.0020985323367305984 0.0033579453954075069 0.0010556683680294668
leaf_weight=111.67655766010284 148.08240827918053 309.63146138191223 27896.875366687775 1318.5454249382019 1032.6495536863804 74.738346338272095 90.608815759420395 215.1350040435791
leaf_count=143 243 486 41979 1929 1494 92 118 340
internal_value=2.01881e-05 -0.000828093 3.31971e-05 0.000358859 0.000210447 3.31682e-06 0.00201597 -2.0467e-06
internal_weight=31197.9 457.714 30740.2 2553.48 2351.19 28186.7 202.285 28112
internal_count=46824 729 46095 3684 3423 42411 261 42319
is_linear=0
shrinkage=0.02


Tree=454
num_leaves=9
num_cat=0
split_feature=40 21 46 34 50 34 46 50
split_gain=0.817476 1.03693 0.910092 0.762225 0.887951 0.642602 1.43822 1.13634
threshold=0.39360294008421243 1.0780375193200473 2.3166666666666669 2.0458976426377018 -0.22638705088360381 0.50883465069936207 0.70714285714285718 -0.16364833434359932
decision_type=2 2 2 2 2 2 2 2
left_child=3 2 -2 5 -5 7 -7 -1
right_child=1 -3 -4 4 -6 6 -8 -9
leaf_value=0.00023799366462563755 -0.001628730544087487 0.00048198772450067339 0.00029948334013012358 0.00079904904675060775 -0.0014063305915634017 0.0006594429928314388 6.0665739267585708e-05 -0.00011253975314424222
leaf_weight=4981.8653488755226 381.65056726336479 214.37532100081444 119.73055350780487 89.921006798744202 287.699578166008 1972.0189067721367 8854.2610710859299 14296.420585304499
leaf_count=7600 582 315 184 142 464 2884 13037 21616
internal_value=1.98055e-05 -0.000646622 -0.00114904 3.58234e-05 -0.000853389 4.73655e-05 0.000170759 -2.14215e-05
internal_weight=31197.9 715.756 501.381 30482.2 377.621 30104.6 10826.3 19278.3
internal_count=46824 1081 766 45743 606 45137 15921 29216
is_linear=0
shrinkage=0.02


Tree=455
num_leaves=12
num_cat=0
split_feature=19 12 12 24 21 20 21 21 20 21 0
split_gain=1.16905 1.1995 1.18999 0.870607 0.93554 0.980215 0.84786 0.585194 0.548685 0.516076 0.506831
threshold=2.9869821049570313 18.16595900812737 20.073173186918236 0.18412854299775477 1.4955385669470205 0.064490763000833326 1.0459414872463959 0.90341411189751808 1.8694647833148326 1.0025741472530563 20.742077257245636
decision_type=2 2 2 2 2 2 2 2 2 2 2
left_child=3 6 9 8 5 -5 7 -2 10 -3 -1
right_child=1 2 -4 4 -6 -7 -8 -9 -10 -11 -12
leaf_value=-0.0013868266661977535 -0.00084437361081466072 0.0016845118713527097 -0.0014552074401083855 9.8245325963710361e-05 0.0021270209213476226 -0.00013445122501795493 -0.0014341697127248009 0.001280666038120245 0.00037348226553565554 0.00069476907702134506 0.00050884854145665437
leaf_weight=388.70151144266129 78.051801174879074 393.13365653157234 73.379535138607025 15230.629257202148 79.997596502304077 13783.803890317678 170.08949017524719 130.45927917957306 112.82877185940742 581.96870437264442 56.431972146034241
leaf_count=742 126 650 119 22921 130 20324 252 201 207 884 116
internal_value=5.63313e-06 0.00056461 0.000915425 -2.09678e-05 -5.58739e-06 -1.19582e-05 -0.000380354 0.000437233 -0.000802225 0.00110667 -0.00112294
internal_weight=31079.5 1427.08 1048.48 29652.4 29094.4 29014.4 378.601 208.511 557.962 975.102 445.133
internal_count=46672 2232 1653 44440 43375 43245 579 327 1065 1534 858
is_linear=0
shrinkage=0.02


Tree=456
num_leaves=15
num_cat=0
split_feature=19 50 33 21 3 3 50 21 21 33 16 3 16 31
split_gain=1.12212 1.07993 1.15104 1.3919 0.926153 0.896728 1.20277 0.789943 1.59356 1.23404 0.842711 0.788825 0.73286 0.577859
threshold=2.9869821049570313 0.10998464248663636 -0.14999999999999988 0.72233580510939144 35.848278668257812 26.87814009019349 0.31061555626197063 1.0035843390007104 0.91690667179084617 0.45000000000000007 7.5633333333333352 39.040006469010621 10.090000000000002 0.66114857025552065
decision_type=2 2 2 2 2 2 2 2 2 2 2 2 2 2
left_child=1 2 4 -4 -1 13 -7 8 -2 11 -11 -9 -10 -3
right_child=7 5 3 -5 -6 6 -8 9 12 10 -12 -13 -14 -15
leaf_value=-5.9803756691752737e-05 0.00010070602703224091 0 0.00077031300542583904 -5.8288173981164248e-05 0.00057243735147517055 -0.00042632395512644586 5.4449839413128416e-05 -0.0011873177967244438 0.003436462558079144 -0.00070734404190338196 0.0016730174881015116 0.00032815633879305445 0.0011662577033556801 0.001597727644362194
leaf_weight=1360.864772349596 303.55465003848076 205.24800765514374 852.9881751537323 15569.340884506702 2730.9258353412151 5451.4648803770542 3310.6498952209949 270.21092665195465 121.49420493841171 69.483810722827911 254.79723444581032 261.0295395553112 146.51210021972656 170.91054886579514
leaf_count=1923 490 314 1360 23470 4017 8142 4950 395 186 107 392 397 265 264
internal_value=5.52885e-06 -2.05261e-05 5.96559e-05 -1.45526e-05 0.000359795 -0.000201591 -0.000243558 0.000553176 0.00113041 0.000154138 0.00113112 -0.000425485 0.00225027 0.000745645
internal_weight=31079.5 29652.4 20514.1 16422.3 4091.79 9138.27 8762.11 1427.08 571.561 855.522 324.281 531.24 268.006 376.159
internal_count=46672 44440 30770 24830 5940 13670 13092 2232 941 1291 499 792 451 578
is_linear=0
shrinkage=0.02


Tree=457
num_leaves=15
num_cat=0
split_feature=19 12 50 12 50 44 50 21 21 6 12 21 21 21
split_gain=1.0792 1.14543 1.16163 1.36802 1.03662 1.24524 0.955312 0.90906 0.855677 0.849052 1.04378 0.930469 0.798225 0.55041
threshold=2.9869821049570313 18.16595900812737 0.48062518637183477 19.730728130346399 0.10998464248663636 0.25518261113454155 0.015068171814748302 1.0366117256818452 0.90071560918398919 3.5000000000000004 19.534915797842334 1.0328321908665308 1.0459414872463959 0.90341411189751808
decision_type=2 2 2 2 2 2 2 2 2 2 2 2 2 2
left_child=4 12 3 -3 5 8 -7 -4 -1 10 -6 -11 13 -2
right_child=1 2 7 -5 9 6 -8 -9 -10 11 -12 -13 -14 -15
leaf_value=5.6930490292165583e-05 -0.00082987193454871569 0.0015160671161867036 0.0011507767166767709 -0.00059317723365144548 -1.8353554293976199e-05 5.8290770240859496e-06 0.00034725311178260146 -0.0018302223205733268 -0.0022951607172541568 -0.0012534457658045089 -0.00064853627733145989 -0.00013396945684781235 -0.0014031340128528868 0.0012307948991862403
leaf_weight=91.184228032827377 78.051801174879074 747.32129469513893 62.580329924821854 138.51237338781357 6651.6413789391518 16142.495837986469 4131.8504912853241 100.06789803504944 148.58911004662514 598.48065808415413 1255.1813906133175 632.96990448236465 170.08949017524719 130.45927917957306
leaf_count=147 126 1179 114 207 10003 24215 6179 153 229 878 1878 911 252 201
internal_value=5.4506e-06 0.000542527 0.000885482 0.0011744 -2.00949e-05 5.84554e-05 7.59308e-05 -0.000622475 -0.00136624 -0.000197498 -0.000119796 -0.000687289 -0.000380628 0.000411368
internal_weight=31079.5 1427.08 1048.48 885.834 29652.4 20514.1 20274.3 162.648 239.773 9138.27 7906.82 1231.45 378.601 208.511
internal_count=46672 2232 1653 1386 44440 30770 30394 267 376 13670 11881 1789 579 327
is_linear=0
shrinkage=0.02


Tree=458
num_leaves=12
num_cat=0
split_feature=16 31 31 31 31 31 19 19 31 47 47
split_gain=1.07386 1.32592 1.17894 1.98658 1.71137 1.3562 1.21758 1.1571 0.981875 0.660931 0.525884
threshold=2.6900000000000017 1.4031721588102157 1.4031721588102157 1.5143725989112709 0.93509245309779832 1.714987297134946 -1.0121820145884592 2.9869821049570313 0.91180729213300304 0.93361195741898817 1.3307493627987472
decision_type=2 2 2 2 2 2 2 2 2 2 2
left_child=1 8 4 10 7 -5 -6 -2 9 -1 -4
right_child=2 -3 3 5 6 -7 -8 -9 -10 -11 -12
leaf_value=-0.00023104377874157513 5.8885515760488432e-05 -0.0026315738396668269 0.0016472777932758915 -0.0004102851249243618 0.00028980270633406971 0.00048119396513782528 -0.00038815128505731834 0.00091737969917610478 0.00099527002405741939 -0.0011970725923304184 0.00062983206344287095
leaf_weight=1057.7789652049541 17598.191985368729 106.26744028925896 479.83463898301125 1181.3844686448574 1262.9437721669674 1597.088543266058 6113.6639752388 651.87753358483315 191.82013899087906 406.06913575530052 432.55486854910851
leaf_count=1620 26498 157 701 1769 1820 2535 8985 1043 281 615 648
internal_value=5.3098e-06 -0.000473574 3.44613e-05 0.000368646 -1.33042e-05 9.85252e-05 -0.000270677 9.01953e-05 -0.000326024 -0.000507108 0.00117829
internal_weight=31079.5 1761.94 29317.5 3690.86 25626.7 2778.47 7376.61 18250.1 1655.67 1463.85 912.39
internal_count=46672 2673 43999 5653 38346 4304 10805 27541 2516 2235 1349
is_linear=0
shrinkage=0.02


Tree=459
num_leaves=13
num_cat=0
split_feature=34 47 44 17 6 24 20 20 20 13 1 24
split_gain=0.857956 1.06932 1.69501 1.12301 1.05291 0.881148 1.19138 0.93613 1.74783 1.21752 0.834884 0.52189
threshold=1.6493113854075918 1.3491703065786547 3.2817646098767512 1.2292299562995488 2.5000000000000004 0.18412854299775477 1.8694647833148326 0.064490763000833326 0.075131979999110116 1.4390388223408863 19.718166666666672 0.81591048337244831
decision_type=2 2 2 2 2 2 2 2 2 2 2 2
left_child=5 3 4 -2 -3 6 10 9 -9 -7 -1 -5
right_child=1 2 -4 11 -6 7 -8 8 -10 -11 -12 -13
leaf_value=-0.0017096370342551649 -0.0018179169394443931 -0.00093091896767501041 0.0015620328532663004 0.0011338427077354509 -0.0030567543064833149 5.1949768872541657e-05 0.00091232703886229716 -0.0024803725325661702 -5.5066731398501406e-05 0.00048027505566389722 9.8706039558505099e-05 -0.00059116840174840331
leaf_weight=347.42693054676056 88.310659199953079 322.09852313995361 73.062552571296692 260.47419273853302 145.71808424592018 11877.828850597143 130.60856604576111 118.13568568229675 14056.574134856462 3443.6762591302395 129.66871473193169 85.892312556505203
leaf_count=651 156 481 106 392 220 17502 236 175 20750 5608 269 126
internal_value=5.21025e-06 -0.00057749 -0.00117153 0.000140763 -0.00162456 2.44627e-05 -0.000727261 4.03376e-05 -7.63323e-05 0.000148923 -0.00119892 0.000676429
internal_weight=31079.5 975.556 540.879 434.677 467.817 30103.9 607.704 29496.2 14174.7 15321.5 477.096 346.367
internal_count=46672 1481 807 674 701 45191 1156 44035 20925 23110 920 518
is_linear=0
shrinkage=0.02


Tree=460
num_leaves=10
num_cat=0
split_feature=17 1 33 3 19 2 33 20 2
split_gain=0.702571 1.30552 1.64793 1.19092 1.17032 1.0512 0.969777 0.943844 0.60832
threshold=2.9743475191355047 32.576166666666673 1.0500000000000003 44.187760891643102 0.62160923052554307 34.434000000000005 1.2500000000000002 -0.95920041837528192 30.468250000000001
decision_type=2 2 2 2 2 2 2 2 2
left_child=1 5 3 -3 -4 6 -1 -2 -9
right_child=7 2 4 -5 -6 -7 -8 8 -10
leaf_value=-3.9179951392147767e-05 -0.0023096606679059851 0.00015439789147870221 0.00045030113074303344 0.00093279264729427243 -0.0017875071831624622 -0.002441656215874334 0.00070484511445582584 0.00079623358649780435 -0.00027469407930586485
leaf_weight=22882.743534773588 86.775451123714447 1668.9108217358589 149.29415959119797 1550.1733444035053 221.94802448153496 69.761254638433456 720.25258237123489 219.77946263551712 3503.7374286651611
leaf_count=34307 126 2503 231 2502 345 102 1110 291 5126
internal_value=-5.48863e-06 2.97412e-05 0.000385171 0.000532691 -0.000863195 -2.37706e-05 -1.59944e-05 -0.000260069 -0.000208405
internal_weight=31073.4 27263.1 3590.33 3219.08 371.242 23672.8 23603 3810.29 3723.52
internal_count=46643 41100 5581 5005 576 35519 35417 5543 5417
is_linear=0
shrinkage=0.02


Tree=461
num_leaves=11
num_cat=0
split_feature=0 1 20 0 37 41 20 18 1 52
split_gain=1.01426 2.19398 1.15864 1.23525 1.13042 1.02859 1.02719 1.27754 0.886427 0.857329
threshold=15.563214995714118 19.926666666666669 5.3447110436968517 20.839751567253476 0.00064806980906325013 2.9997183060211134 4.2988891748934011 1.0736450978488834 24.760833333333334 0.75000000000000011
decision_type=2 2 2 2 2 2 2 2 2 2
left_child=1 6 4 -4 8 -6 7 -1 -2 -3
right_child=2 9 3 -5 5 -7 -8 -9 -10 -11
leaf_value=-0.00010699493332143262 0.00038676621120353923 0.0042593050698347843 -0.0026721626843975643 0.00017827082680987164 -3.5466251882480377e-05 -0.0023901819298078396 0.0016073800110413773 0.0010799801679594794 0.0029669403429068882 0.0010089033296136951
leaf_weight=2011.8288407027721 172.3663866519928 73.556390523910522 135.09432229399681 97.781374335289001 27714.418486505747 72.555960416793823 196.0434043109417 438.20991793274879 83.859729528427124 77.661251217126846
leaf_count=2998 281 105 200 148 41503 143 297 696 148 124
internal_value=-5.37733e-06 0.000357399 -4.16425e-05 -0.0014414 -2.95601e-05 -4.21462e-05 0.000218377 0.000101935 0.00128639 0.00269021
internal_weight=31073.4 2797.3 28276.1 232.876 28043.2 27787 2646.08 2450.04 256.226 151.218
internal_count=46643 4220 42423 348 42075 41646 3991 3694 429 229
is_linear=0
shrinkage=0.02


Tree=462
num_leaves=13
num_cat=0
split_feature=0 1 33 47 53 18 17 3 23 17 18 18
split_gain=0.975348 2.11137 1.12454 1.00377 0.727457 2.32494 1.94358 1.10916 0.700757 0.573675 0.523251 0.503272
threshold=15.563214995714118 19.926666666666669 -0.24999999999999992 0.95342422049093678 0.65000000000000013 3.1803181046618558 3.2482120456780925 49.701039733564834 1.5687422423240649 0.95487134520076744 1.9402323945337721 0.98703875944232677
decision_type=2 2 2 2 2 2 2 2 2 2 2 2
left_child=1 2 11 -4 5 7 -7 -2 -3 -6 -11 -1
right_child=4 8 3 -5 9 6 -8 -9 -10 10 -12 -13
leaf_value=0.00072309157805731049 -0.00010306778168611275 0.0012109878548595509 0.00025624581646632722 -0.00083714932894416079 -0.00065387557807414329 -0.0032336716545284042 -0.00058004714910588561 0.00078371800467753102 0.0042147366556097065 0.00035070512733977976 2.6252308891631723e-05 0.0026250667838921401
leaf_weight=193.16145601868629 17636.52019816637 84.50733295083046 1957.4057787656784 401.6871135532856 380.0791183412075 162.4420967400074 379.42795088887215 578.81563028693199 66.710308790206909 2992.8780864179134 6145.9131788909435 93.827814608812332
leaf_count=252 26609 129 2950 662 575 261 609 1068 100 4471 8830 127
internal_value=-5.23595e-06 0.000350506 0.000214048 6.52847e-05 -4.08048e-05 -0.000113319 -0.0014029 -7.42572e-05 0.00263909 0.000101029 0.000133655 0.00139339
internal_weight=31073.4 2797.3 2646.08 2359.09 28276.1 18757.2 541.87 18215.3 151.218 9518.87 9138.79 286.989
internal_count=46643 4220 3991 3612 42423 28547 870 27677 229 13876 13301 379
is_linear=0
shrinkage=0.02


Tree=463
num_leaves=8
num_cat=0
split_feature=40 0 1 20 17 37 33
split_gain=0.938698 0.977919 2.00582 1.12895 1.11891 1.07525 0.994297
threshold=-0.54306826541105147 15.563214995714118 20.036833333333337 5.3447110436968517 1.4005824436210388 0.00064806980906325013 -0.24999999999999992
decision_type=2 2 2 2 2 2 2
left_child=-1 2 6 5 -5 -3 -2
right_child=1 3 -4 4 -6 -7 -8
leaf_value=-0.0018033243958144047 0.0013398577410232927 0.0012617765604186627 0.002644674577278312 -0.0035696068767328364 -0.00044051912871794071 -3.4147364277655007e-05 8.8074051337459454e-05
leaf_weight=113.69417390227318 286.13627427816391 256.22611618041992 144.35083961486816 67.51829868555069 163.4881948530674 27685.300804376602 2356.661362528801
leaf_count=179 378 429 219 100 245 41486 3607
internal_value=-5.09933e-06 1.29742e-06 0.000358837 -3.37425e-05 -0.00142079 -2.18163e-05 0.000228297
internal_weight=31073.4 30959.7 2787.15 28172.5 231.006 27941.5 2642.8
internal_count=46643 46464 4204 42260 345 41915 3985
is_linear=0
shrinkage=0.02


Tree=464
num_leaves=10
num_cat=0
split_feature=0 1 20 0 20 18 11 45 0
split_gain=0.901524 1.95445 1.07115 1.16612 0.988418 1.23145 0.817129 1.09364 0.754325
threshold=15.563214995714118 19.926666666666669 5.3447110436968517 20.839751567253476 4.2988891748934011 1.0736450978488834 1.0000000180025095e-35 3.1000000000000005 37.214475057815783
decision_type=2 2 2 2 2 2 2 2 2
left_child=1 4 6 -4 5 -1 8 -8 -2
right_child=2 -3 3 -5 -6 -7 7 -9 -10
leaf_value=-0.00011378434732169684 5.2260617861964063e-05 0.0025391187847340051 -0.0025814561770062922 0.00018621989594537613 0.0015678665622999911 0.001051742366459475 -0.00026810927478859877 0.00059226033220905741 -0.0012636165733408845
leaf_weight=2011.8288407027721 19864.857325226068 151.21764174103737 135.09432229399681 97.781374335289001 196.0434043109417 438.20991793274879 7370.7833654880524 634.23611816763878 173.32375422120094
leaf_count=2998 29896 229 200 148 297 696 10989 954 236
internal_value=-4.99157e-06 0.000337009 -3.92001e-05 -0.00138508 0.000205564 9.12894e-05 -2.75691e-05 -0.000198563 4.02547e-05
internal_weight=31073.4 2797.3 28276.1 232.876 2646.08 2450.04 28043.2 8005.02 20038.2
internal_count=46643 4220 42423 348 3991 3694 42075 11943 30132
is_linear=0
shrinkage=0.02


Tree=465
num_leaves=13
num_cat=0
split_feature=43 53 14 22 17 16 30 16 30 30 22 20
split_gain=1.00418 1.00605 1.76619 1.35225 0.848835 0.870835 0.753414 1.31885 1.0845 0.860402 1.0555 0.821699
threshold=1.0000000180025095e-35 0.65000000000000013 14.500000000000002 1.1158244707199938 0.59158068811941711 10.020000000000003 0.17126659677871911 6.9200000000000017 0.20266522959193517 0.092369390133473062 -2.1318256126686683 -0.22555825371959942
decision_type=2 2 2 2 2 2 2 2 2 2 2 2
left_child=6 4 3 -3 -2 -6 9 -8 -9 10 -1 -11
right_child=1 2 -4 -5 5 -7 7 8 -10 11 -12 -13
leaf_value=0.0015512280689143091 0.00087692050073084806 0.00032587805750416363 -0.0027366428663186688 -0.00025450580583002747 -0.00022797181169824601 7.0918371516034599e-05 -0.0016137969284459378 -0.001565678475230457 0.00052452105661217351 0.0020302281881421688 0.00019873254156935834 0.0004418189847458231
leaf_weight=250.39737537503242 345.78066802024841 6907.2279937267303 80.814710229635239 2071.1076387166977 10630.57909438014 6089.8188786804676 205.3671518266201 114.76448735594749 625.19707351922989 244.64085954427719 3238.719804674387 323.46787741780281
leaf_count=374 536 10048 110 3026 16093 9352 313 174 949 366 4917 497
internal_value=4.24671e-05 -6.87467e-06 0.000163038 0.000190856 -9.76631e-05 -0.000118518 0.000302047 -0.000198966 0.000183517 0.000421287 0.000299492 0.00114809
internal_weight=31127.9 26125.3 9059.15 8978.34 17066.2 16720.4 5002.55 945.329 739.962 4057.23 3489.12 568.109
internal_count=46755 39165 13184 13074 25981 25445 7590 1436 1123 6154 5291 863
is_linear=0
shrinkage=0.02


Tree=466
num_leaves=11
num_cat=0
split_feature=43 53 22 22 22 22 16 22 16 41
split_gain=0.965014 0.965608 1.29665 0.730671 0.683028 1.5814 1.00843 0.672664 0.797727 0.698415
threshold=1.0000000180025095e-35 0.65000000000000013 1.1359518686376175 -1.2764931726311286 -0.75972936571076299 -0.79279290751985154 18.870000000000008 -3.0345149476935998 1.9666666666666675 1.5897289613899548
decision_type=2 2 2 2 2 2 2 2 2 2
left_child=7 4 3 -3 5 -2 -6 -1 -9 -10
right_child=1 2 -4 -5 6 -7 -8 8 9 -11
leaf_value=0.0021800463351171143 4.2085744356997814e-05 -6.7308614199789254e-05 -0.00027901773004862176 0.00040549785860998611 -0.00021622742010847664 0.0021849324073742425 0.00058825052949673347 -0.001217119821599579 0.00037211093872502641 -0.00063048512738774919
leaf_weight=74.169943869113922 4494.850184738636 1687.6974179148674 2057.4689154624939 5313.984009295702 11780.499849170446 140.62379583716393 650.20481133460999 136.56008180975914 4504.4291644096375 287.39543962478638
leaf_count=115 6828 2421 3005 7758 17884 212 1057 199 6796 480
internal_value=4.16301e-05 -6.73251e-06 0.000159722 0.000290117 -9.56847e-05 0.000110163 -0.000173256 0.000296099 0.000264845 0.000309655
internal_weight=31127.9 26125.3 9059.15 7001.68 17066.2 4635.47 12430.7 5002.55 4928.38 4791.82
internal_count=46755 39165 13184 10179 25981 7040 18941 7590 7475 7276
is_linear=0
shrinkage=0.02


Tree=467
num_leaves=9
num_cat=0
split_feature=17 5 53 16 14 16 42 50
split_gain=0.980298 1.11905 1.25847 0.854243 0.817791 1.29216 0.858268 0.751985
threshold=0.64512468614572727 26.621444913585755 0.75000000000000011 1.6549999999999996 14.500000000000002 10.020000000000003 1.0000000180025095e-35 -0.26680090493704761
decision_type=2 2 2 2 2 2 2 2
left_child=3 2 -2 -1 6 -6 -3 -5
right_child=1 4 -4 7 5 -7 -8 -9
leaf_value=-0.0005075955188731865 -0.00072993873580239857 0.00042062043418929234 0.00075714707629710276 -0.00059484327966799586 6.287769813729754e-05 -0.0031314153623052282 2.6532454525044405e-05 0.0013075248776940693
leaf_weight=169.9690135717392 1381.979905128479 2423.0409191548824 264.45963129401207 87.970430672168732 114.61243385076523 81.080355703830719 26024.219044595957 580.55187949538231
leaf_count=254 2123 3721 400 138 160 110 38967 882
internal_value=4.08018e-05 2.1764e-05 -0.00048438 0.00071493 5.12389e-05 -0.0012283 6.04782e-05 0.00104125
internal_weight=31127.9 30289.4 1646.44 838.491 28643 195.693 28447.3 668.522
internal_count=46755 45481 2523 1274 42958 270 42688 1020
is_linear=0
shrinkage=0.02


Tree=468
num_leaves=10
num_cat=0
split_feature=17 16 16 16 50 22 17 47 50
split_gain=0.940135 0.820963 0.81521 1.39707 1.09999 0.950569 1.62212 0.966037 0.723485
threshold=0.64512468614572727 1.6549999999999996 17.11000000000001 17.250000000000004 -0.25304061009524664 -0.6955330821308543 2.6000058905419472 2.823005292925524 -0.26680090493704761
decision_type=2 2 2 2 2 2 2 2 2
left_child=1 -1 5 -4 -5 7 -7 -2 -3
right_child=2 8 3 4 -6 6 -8 -9 -10
leaf_value=-0.00049756168553413758 9.617927931314198e-05 -0.00058321087230566674 0.0023939846269215022 0.00085907940894847199 2.599825437969649e-05 -2.5258771657908292e-05 -0.00058999734243933772 0.00091407226358794925 0.0012814641697254498
leaf_weight=169.9690135717392 7755.4052768349648 87.970430672168732 122.18491581082344 834.66998991370201 2730.4310758113861 15879.428054600954 2339.5416420400143 627.73133471608162 580.55187949538231
leaf_count=254 11585 138 178 1259 4124 24031 3391 913 882
internal_value=3.99827e-05 0.000700165 2.13319e-05 0.000300085 0.000224217 -1.69495e-05 -9.83838e-05 0.000158819 0.00102017
internal_weight=31127.9 838.491 30289.4 3687.29 3565.1 26602.1 18219 8383.14 668.522
internal_count=46755 1274 45481 5561 5383 39920 27422 12498 1020
is_linear=0
shrinkage=0.02


Tree=469
num_leaves=9
num_cat=0
split_feature=17 4 17 16 14 4 53 16
split_gain=0.901549 1.0868 1.19286 1.03221 0.871532 2.48149 0.835946 0.788985
threshold=0.64512468614572727 28.65360349150799 1.5362802338963568 8.6450000000000031 14.500000000000002 45.626113380426681 0.55000000000000016 1.6549999999999996
decision_type=2 2 2 2 2 2 2 2
left_child=7 2 3 -2 6 -6 -3 -1
right_child=1 4 -4 -5 5 -7 -8 -9
leaf_value=-0.00048772618512807814 -0.00040550781159903634 -1.6027923641390691e-05 -0.0023987600565544957 0.00061233677304640965 0.00049081365897690038 -0.0041489706021789413 0.00021222311518864694 0.00099951127685381311
leaf_weight=169.9690135717392 2639.2445144951344 16450.838062763214 106.53171715140343 460.78661295771599 112.43129476904869 72.291402071714401 10447.268685519695 668.52231016755104
leaf_count=254 3996 25151 158 728 154 100 15194 1020
internal_value=3.91944e-05 2.09234e-05 -0.000326628 -0.000250695 6.24631e-05 -0.00129641 7.22626e-05 0.000685695
internal_weight=31127.9 30289.4 3206.56 3100.03 27082.8 184.723 26898.1 838.491
internal_count=46755 45481 4882 4724 40599 254 40345 1274
is_linear=0
shrinkage=0.02


Tree=470
num_leaves=10
num_cat=0
split_feature=34 37 44 20 20 30 30 30 37
split_gain=1.00466 0.924946 0.795657 1.03341 1.75057 0.920045 1.66358 0.664808 0.532627
threshold=0.073173075940568419 0.00064806980906325013 2.8417000575920266 -0.42293625453701356 -1.2174088976063862 0.44705926280409009 0.28185890904459127 0.11174993091182721 0.099583431153199911
decision_type=2 2 2 2 2 2 2 2 2
left_child=1 -1 3 4 -2 6 -4 -5 -3
right_child=2 8 5 7 -6 -7 -8 -9 -10
leaf_value=0.00036553759120824803 -3.3323082999491631e-05 -0.00055760686522780606 0.00047915665974537894 -2.1478851207771579e-05 0.00051693206485180297 0.0025990641473309564 -0.0016608611651159888 -0.00029718866150871487 -0.0017840375450984588
leaf_weight=389.73273313045502 6835.5593032836914 1167.765669375658 1876.9698307216167 12075.480762720108 3470.1789433956146 72.464930146932602 153.92494860291481 4976.7358105778694 172.60036075115204
leaf_count=666 10326 1844 2858 17891 5205 110 236 7357 322
internal_value=-5.37555e-06 -0.000473743 2.182e-05 -6.65214e-06 0.000151055 0.000396555 0.000310568 -0.000102557 -0.000725408
internal_weight=31191.4 1730.1 29461.3 27358 10305.7 2103.36 2030.89 17052.2 1340.37
internal_count=46815 2832 43983 40779 15531 3204 3094 25248 2166
is_linear=0
shrinkage=0.02


Tree=471
num_leaves=11
num_cat=0
split_feature=16 36 32 36 42 37 37 16 37 37
split_gain=0.924648 0.817499 1.54121 1.16368 1.13516 0.882949 0.970493 0.910061 0.596586 0.626048
threshold=24.950000000000006 1.4142857142857144 0.55000000000000016 1.5634920634920637 1.5500000000000003 0.029875317975141903 0.063324314107136112 3.0400000000000018 0.4342821596486337 0.91665445218986397
decision_type=2 2 2 2 2 2 2 2 2 2
left_child=1 5 3 -3 -4 7 -7 -1 -2 -10
right_child=8 2 4 -5 -6 6 -8 -9 9 -11
leaf_value=-0.0014796003945075622 0.002156861585265801 -0.0030512158619561765 -0.00029185058724118246 -0.00078443508213975734 0.0014658778669011166 0.00058307912122364497 5.6449011000646118e-06 -0.00022279255203441094 -0.00028158520957150874 0.0012903924307122183
leaf_weight=280.6522721350193 110.19368347525597 114.53299498558044 695.93228143453598 536.65682098269463 183.42962697148323 1218.4037562012672 26228.945454448462 1434.2371807992458 204.36563211679459 184.06358915567398
leaf_count=436 173 167 1037 822 247 1823 39312 2190 319 289
internal_value=-5.27496e-06 -1.94989e-05 -0.000469794 -0.00120655 6.59493e-05 3.82207e-06 3.16825e-05 -0.000435785 0.000846889 0.000440504
internal_weight=31191.4 30692.8 1530.55 651.19 879.362 29162.2 27447.3 1714.89 498.623 388.429
internal_count=46815 46034 2273 989 1284 43761 41135 2626 781 608
is_linear=0
shrinkage=0.02


Tree=472
num_leaves=12
num_cat=0
split_feature=53 30 26 26 30 20 20 20 33 30 30
split_gain=0.78026 1.34173 0.919743 1.18717 0.969222 0.880969 0.78539 0.963666 0.669543 0.623205 0.553887
threshold=0.65000000000000013 -0.15892013745247302 0.11805555555555557 0.23611111111111113 0.094952325256266512 -0.42293625453701356 -1.2174088976063862 -0.098222571216337984 0.55000000000000016 0.2754655051233123 0.49057556353018866
decision_type=2 2 2 2 2 2 2 2 2 2 2
left_child=2 6 -1 4 -4 -5 -2 -8 10 -10 -3
right_child=1 8 3 5 -6 -7 7 -9 9 -11 -12
leaf_value=0.00068293368631303281 -0.00011389069327443821 0.000123789215487232 -0.00048891339690360287 0.00010979143647810051 -0.002258574646988087 -0.00016808491927733119 0.0015572990779469701 0.00047527178826469786 -0.00010023514525628079 -0.00095014755504767593 0.0014257819277870374
leaf_weight=615.91927310824394 506.05799600481987 4651.9747900664806 952.57109826803207 7348.2954134345055 146.91456216573715 11925.663984924555 461.18206596374512 1322.6654473543167 2724.6840707063675 400.95504358410835 134.52954712510109
leaf_count=998 760 6735 1497 11194 242 18024 681 1893 4011 587 193
internal_value=-5.17024e-06 0.000137947 -7.52167e-05 -9.86922e-05 -0.000738128 -6.1624e-05 0.000564171 0.000762041 1.32165e-05 -0.000212997 0.000163052
internal_weight=31191.4 10202 20989.4 20373.4 1099.49 19274 2289.91 1783.85 7912.14 3125.64 4786.5
internal_count=46815 14860 31955 30957 1739 29218 3334 2574 11526 4598 6928
is_linear=0
shrinkage=0.02


Tree=473
num_leaves=12
num_cat=0
split_feature=34 37 53 34 36 36 36 20 20 37 37
split_gain=0.945749 0.89985 0.729403 1.95809 1.0288 1.41421 1.1089 0.886341 0.586957 0.515939 0.561366
threshold=0.073173075940568419 0.00064806980906325013 0.65000000000000013 0.10387369450545851 1.4142857142857144 1.5857142857142861 0.11805555555555557 0.33057744785146786 -1.2814903404885098 0.089001419454067907 0.026528481770781206
decision_type=2 2 2 2 2 2 2 2 2 2 2
left_child=1 -1 4 7 6 -6 -2 -4 -5 10 -3
right_child=2 9 3 8 5 -7 -8 -9 -10 -11 -12
leaf_value=0.00036824628269119009 -0.00036790989700186789 -0.00081186342074043686 0.0023586012579262972 -0.00022882796809730644 -0.0021136544732983198 -0.00028314403956296828 5.4872240808749073e-05 0.00019164880117721842 0.00018178264059598028 -0.001621993115368525 0.00014297898445401141
leaf_weight=389.73273313045502 2944.4146230518818 791.83453506231308 229.23531952500343 1681.4873768091202 209.40101480484009 943.4192333817482 15673.361876547337 128.40610671043396 7651.5889786183834 215.94261756539345 332.58887749910355
leaf_count=666 4384 1182 343 2496 312 1424 23797 206 11021 411 573
internal_value=-5.06004e-06 -0.000459497 2.13165e-05 0.000163674 -4.79649e-05 -0.000627386 -1.14863e-05 0.00161379 0.000106701 -0.000707815 -0.000520804
internal_weight=31191.4 1730.1 29461.3 9690.72 19770.6 1152.82 18617.8 357.641 9333.08 1340.37 1124.42
internal_count=46815 2832 43983 14066 29917 1736 28181 549 13517 2166 1755
is_linear=0
shrinkage=0.02


Tree=474
num_leaves=10
num_cat=0
split_feature=34 16 20 20 33 34 16 34 34
split_gain=0.908001 0.899117 0.85476 1.62234 0.790917 0.625433 0.637146 0.515836 0.632129
threshold=0.073173075940568419 24.950000000000006 -0.42293625453701356 -1.2174088976063862 -0.84999999999999998 1.0000000180025095e-35 7.2600000000000025 0.44780945222118612 1.3077082527503954
decision_type=2 2 2 2 2 2 2 2 2
left_child=5 2 3 -2 -4 6 -1 -3 -9
right_child=1 7 4 -5 -6 -7 -8 8 -10
leaf_value=-9.3996823698520618e-05 -2.7851492873462893e-05 0.0022033959334261301 -0.0019277894656436903 0.00049305560247207825 -6.602052699800461e-05 -0.00061263364374316502 0.0021381649653938262 6.8510900418733775e-05 0.0020567275047702399
leaf_weight=195.20298659801483 6944.5029843151569 95.465210378170013 90.173558264970779 3619.9417687356472 18311.587640702724 1470.9282527565956 63.967523902654648 317.50199156999588 82.141375482082367
leaf_count=359 10497 155 123 5433 27155 2348 125 490 130
internal_value=-4.95516e-06 2.08831e-05 6.06128e-06 0.000149752 -7.58956e-05 -0.000450236 0.000430803 0.000864398 0.000510267
internal_weight=31191.4 29461.3 28966.2 10564.4 18401.8 1730.1 259.171 495.109 399.643
internal_count=46815 43983 43208 15930 27278 2832 484 775 620
is_linear=0
shrinkage=0.02


Tree=475
num_leaves=10
num_cat=0
split_feature=30 19 42 30 16 36 16 30 30
split_gain=0.914029 1.45568 1.12929 0.968354 0.9243 0.915326 0.81379 0.62082 0.635559
threshold=-0.34344980296161071 -3.2307800987559356 1.0000000180025095e-35 -0.23622667526324861 10.145000000000005 2.7638888888888893 3.1366666666666672 -0.25290634917256777 -0.26267732052630349
decision_type=2 2 2 2 2 2 2 2 2
left_child=1 -1 -3 7 -4 6 -5 8 -2
right_child=3 2 4 5 -6 -7 -8 -9 -10
leaf_value=-0.002603299976773164 0.00044761465564213394 0.0016264667253605275 7.3689923186546379e-05 -0.00035145939609819036 -0.0010549474878646921 0.0016984746311376859 6.6075219836661523e-05 0.0011034127567508181 -0.00063319638649536928
leaf_weight=114.10469073057175 1505.8825299441814 113.12097564339638 610.29708623886108 2008.9719259440899 526.18107736110687 131.27717250585556 25346.294949233532 499.63067004084587 245.72355628013611
leaf_count=166 2231 181 930 3042 781 208 38065 752 367
internal_value=5.30162e-05 -0.000451854 -0.000243563 7.65334e-05 -0.000441013 4.3454e-05 3.50225e-05 0.000475582 0.000289742
internal_weight=31101.5 1363.7 1249.6 29737.8 1136.48 27486.5 27355.3 2251.24 1751.61
internal_count=46723 2058 1892 44665 1711 41315 41107 3350 2598
is_linear=0
shrinkage=0.02


Tree=476
num_leaves=13
num_cat=0
split_feature=13 42 13 47 30 24 24 30 36 36 42 42
split_gain=0.923034 0.940353 1.17702 0.984637 0.867668 1.07373 1.23811 1.01079 1.09315 1.01276 0.761831 0.701422
threshold=2.117786268343933 0.15000000000000005 2.3251849958155941 1.35838546354122 -0.34344980296161071 1.1473520257630538 1.3651865190810493 -0.17559998967805582 0.31666666666666671 2.7638888888888893 0.15000000000000005 1.0000000180025095e-35
decision_type=2 2 2 2 2 2 2 2 2 2 2 2
left_child=4 11 -3 -4 5 10 -7 8 -6 -9 -1 -2
right_child=1 2 3 -5 7 6 -8 9 -10 -11 -12 -13
leaf_value=0.00018425064657996121 0.00047958756101715815 0.0013778702207569221 0.00073236749030012498 -0.00026728861242385151 0.00069917289862657362 0.0014704478926566547 -0.00056355189577741234 -1.8801572616851371e-05 3.6095686739635291e-05 0.0019921478555273387 -0.0013140111652811652 -0.00087429267810970742
leaf_weight=161.3295893073082 259.37415054440498 572.9683158993721 925.44983011484146 665.34419748187065 1804.8833882808685 192.00347253680229 303.68695449829102 22893.088223129511 2288.1800618767738 98.567555487155914 586.60529965162277 350.00359511375427
leaf_count=240 442 909 1553 1130 2690 283 471 34043 3368 159 843 592
internal_value=5.19627e-05 0.000400228 0.000597061 0.000308176 1.74912e-05 -0.000498014 0.000206959 4.15654e-05 0.000331128 -9.573e-06 -0.000977872 -0.00028199
internal_weight=31101.5 2773.14 2163.76 1590.79 28328.3 1243.63 495.69 27084.7 4093.06 22991.7 747.935 609.378
internal_count=46723 4626 3592 2683 42097 1837 754 40260 6058 34202 1083 1034
is_linear=0
shrinkage=0.02


Tree=477
num_leaves=13
num_cat=0
split_feature=13 22 21 21 21 30 49 32 32 13 16 21
split_gain=0.88648 1.0143 1.12259 1.01352 0.974748 0.959202 0.855583 1.12975 0.984513 0.650599 0.560348 0.568628
threshold=2.117786268343933 0.70375623672633758 1.1765520407696417 1.1693799352970455 1.1231732712077624 0.14354835999058232 0.75000000000000011 1.3500000000000003 0.8500000000000002 2.7069047619047626 2.4774999999999996 1.1104634725902767
decision_type=2 2 2 2 2 2 2 2 2 2 2 2
left_child=1 2 3 -1 10 -4 7 -3 -8 -6 -2 -12
right_child=4 6 5 -5 9 -7 8 -9 -10 -11 11 -13
leaf_value=6.3632854153307616e-05 -0.0011164869497924668 7.4278691972329814e-05 0.00080183762699150094 -0.0016894164521947595 0.0016885484205124176 -0.0004462262753060878 -0.00047819047207892432 0.0022061934263131223 1.3090336540318723e-05 0.00016132624510899145 0.00034272223022020315 -0.0015730094147654136
leaf_weight=17719.337440490723 116.77196282148361 2030.9978790283203 1424.3894312977791 130.57684576511383 341.23852327466011 285.38056686520576 3893.4968404173851 103.44017651677132 2740.7253643870354 188.76767799258232 2066.0715384781361 60.290386587381363
leaf_count=26363 201 2990 2057 188 520 418 5852 158 4071 327 3482 96
internal_value=5.09414e-05 1.7152e-05 9.75978e-05 5.00608e-05 0.000392245 0.000587401 -0.000161135 0.000184246 -0.000273783 0.00116606 0.000204078 0.000282278
internal_weight=31101.5 28328.3 19559.7 17849.9 2773.14 1709.77 8768.66 2134.44 6634.22 530.006 2243.13 2126.36
internal_count=46723 42097 29026 26551 4626 2475 13071 3148 9923 847 3779 3578
is_linear=0
shrinkage=0.02


Tree=478
num_leaves=13
num_cat=0
split_feature=13 21 49 30 21 49 24 30 13 24 21 24
split_gain=0.851255 0.937258 0.858892 0.987282 1.43157 0.912695 1.22165 0.763578 0.623833 0.5928 0.665093 0.50304
threshold=2.117786268343933 1.1231732712077624 0.75000000000000011 0.12994079619684717 0.72233580510939144 1.0000000180025095e-35 1.1720681064823897 0.13792168602341484 2.7069047619047626 0.73227685058242431 0.87943835669469461 0.66858403279862522
decision_type=2 2 2 2 2 2 2 2 2 2 2 2
left_child=2 9 5 4 -4 11 -7 -5 -3 -2 -11 -1
right_child=1 8 3 7 -6 6 -8 -9 -10 10 -12 -13
leaf_value=0.00018908993750243864 0.00054596829860663939 0.0016549741867905355 0.0013171633545253833 -0.0013429084986459076 2.2975414908802713e-06 0.00037290898027671758 0.0020187664387671328 -0.00022592292218476167 0.00015813352844580925 -0.0011705693628576168 0.00010062974713056036 -0.00023287072463979626
leaf_weight=3175.1034063696861 1054.6197867393494 341.23852327466011 337.03568929433823 260.18539863824844 15079.901667445898 2408.4411109685898 197.5313373208046 5128.5046701431274 188.76767799258232 193.37259310483932 995.14150804281235 1741.6412645876408
leaf_count=4729 1818 520 524 385 22463 3581 285 7589 327 340 1621 2541
internal_value=4.99355e-05 0.000384393 1.68168e-05 -4.90192e-05 3.1858e-05 0.000200193 0.000502951 -0.000282188 0.00114325 0.000199777 -9.94151e-05 3.75533e-05
internal_weight=31101.5 2773.14 28328.3 20805.6 15416.9 7522.72 2605.97 5388.69 530.006 2243.13 1188.51 4916.74
internal_count=46723 4626 42097 30961 22987 11136 3866 7974 847 3779 1961 7270
is_linear=0
shrinkage=0.02


Tree=479
num_leaves=11
num_cat=0
split_feature=30 19 42 30 17 22 42 22 30 30
split_gain=0.846406 1.39712 1.06845 0.897171 0.874265 0.733678 1.08918 0.750502 0.595289 0.60988
threshold=-0.34344980296161071 -3.2307800987559356 1.0000000180025095e-35 -0.23622667526324861 2.0004688077501065 0.70375623672633758 1.6500000000000001 0.73376215323326377 -0.25290634917256777 -0.26267732052630349
decision_type=2 2 2 2 2 2 2 2 2 2
left_child=1 -1 -3 8 -4 6 -5 -7 9 -2
right_child=3 2 4 5 -6 7 -8 -9 -10 -11
leaf_value=-0.0025445405878461824 0.00042845537860715691 0.0015859677937221776 0.00015121956721646259 9.1827124041277982e-05 -0.00094552610247626004 -0.001249058740562854 0.0012855231253800069 -7.6438037461384894e-05 0.001070375312578815 -0.00063045989448258706
leaf_weight=114.10469073057175 1505.8825299441814 113.12097564339638 531.02164790034294 18082.725736290216 605.45651569962502 223.46888655424118 310.66187661886215 8869.6875482201576 499.63067004084587 245.72355628013611
leaf_count=166 2231 181 815 27177 896 332 426 13380 752 367
internal_value=4.89669e-05 -0.000436857 -0.00023265 7.16097e-05 -0.00042492 3.97563e-05 0.00011267 -0.000106624 0.000455706 0.000273654
internal_weight=31101.5 1363.7 1249.6 29737.8 1136.48 27486.5 18393.4 9093.16 2251.24 1751.61
internal_count=46723 2058 1892 44665 1711 41315 27603 13712 3350 2598
is_linear=0
shrinkage=0.02


Tree=480
num_leaves=12
num_cat=0
split_feature=37 21 22 34 21 17 17 22 21 3 3
split_gain=0.913699 0.774676 1.35122 1.48297 1.00527 1.83084 0.938251 0.781427 0.547679 0.573526 0.783927
threshold=0.00064806980906325013 1.1765520407696417 0.027340705813416254 0.29283569883616478 1.1693799352970455 1.5795716835746325 0.68599704940507511 -1.7340003709115608 1.0934260720122861 40.445561164933316 47.619881501236272
decision_type=2 2 2 2 2 2 2 2 2 2 2
left_child=8 4 7 -4 6 -6 -2 -3 9 -1 -11
right_child=1 2 3 -5 5 -7 -8 -9 -10 10 -12
leaf_value=-0.00041070135317713226 0.00054577959449300195 -0.00060319409912218066 0.00062489250215454488 -0.00050079364926188018 0.00051653013986366488 -0.0029205274353716454 -7.7989069877944497e-05 0.00097642172607032647 0.0024483121824975728 0.0022149568084628129 -0.00044199781013455343
leaf_weight=135.22077834606171 996.42518335580826 132.4230489730835 765.63522154092789 1191.8277968764305 106.42955473065376 132.28690606355667 26187.039745032787 1065.958767592907 78.216039329767227 118.57434940338135 60.688030511140823
leaf_count=222 1520 195 1145 1749 156 198 39334 1554 133 206 112
internal_value=-1.93977e-05 -3.20535e-05 0.000263953 -5.52049e-05 -6.65004e-05 -0.00135504 -5.47182e-05 0.000792827 0.000935893 0.000515042 0.00126534
internal_weight=30970.7 30578 3155.84 1957.46 27422.2 238.716 27183.5 1198.38 392.699 314.483 179.262
internal_count=46524 45851 4643 2894 41208 354 40854 1749 673 540 318
is_linear=0
shrinkage=0.02


Tree=481
num_leaves=10
num_cat=0
split_feature=34 16 18 18 17 42 17 18 17
split_gain=0.770406 0.754761 1.50588 0.974305 1.47683 0.869814 0.864786 0.700388 0.509088
threshold=1.0000000180025095e-35 4.3366666666666687 1.7040343719624416 2.0973603572680282 2.2700083558059645 0.65000000000000002 2.1687650139117451 1.8758138207526696 0.8602729135868844
decision_type=2 2 2 2 2 2 2 2 2
left_child=8 2 5 6 -5 -2 -3 -4 -1
right_child=1 3 7 4 -6 -7 -8 -9 -10
leaf_value=-0.00035303235461459098 -3.3338143658804943e-05 9.3425837263772914e-05 -0.002439363356105958 -0.00068897197716013452 -3.3071183268080943e-05 -0.00087505119481419565 0.0010012573689430133 -0.00061949484907083529 0.0015694028919783349
leaf_weight=64.66132265329361 3525.2642394006252 14162.838770508766 170.73157024383545 1596.499344587326 10038.262199342251 574.43822425603867 433.6883719265461 207.54916206002235 196.79221677780151
leaf_count=121 5362 21286 265 2490 14851 838 635 308 368
internal_value=-1.90003e-05 -2.85544e-05 -0.000268567 1.20547e-05 -0.000124035 -0.000154084 0.000121218 -0.00147567 0.00105693
internal_weight=30970.7 30709.3 4477.98 26231.3 11634.8 4099.7 14596.5 378.281 261.454
internal_count=46524 46035 6773 39262 17341 6200 21921 573 489
is_linear=0
shrinkage=0.02


Tree=482
num_leaves=13
num_cat=0
split_feature=16 24 41 1 47 26 24 47 1 40 47 40
split_gain=0.651421 0.894623 0.845409 1.10578 1.01211 0.790905 1.27255 0.968448 1.17086 0.790535 0.697716 0.630171
threshold=4.3366666666666687 0.61226961546110925 1.6127272242596897 21.501000000000005 1.0145525683127461 0.18333333333333332 0.45241582400070474 0.43615543164561732 10.773750000000001 0.41670485567513604 0.65307044170415884 -0.0076717538266261988
decision_type=2 2 2 2 2 2 2 2 2 2 2 2
left_child=5 9 3 -3 -4 6 10 11 -9 -2 -1 -7
right_child=1 2 4 -5 -6 7 -8 8 -10 -11 -12 -13
leaf_value=-0.00051546973541788789 0.00024125935250908292 -0.00038782051916378313 0.00034317066658775804 5.294879726473933e-05 -0.00083541931174520008 -0.00020851558097915936 0.002974839597970591 0.00082853106200670161 -0.0006018114624003725 -0.0010552224545661531 0.001094353526970138 0.00088684787724760319
leaf_weight=281.46690481901169 7186.1472613811493 2683.9976637363434 385.20843797922134 14875.850827217102 1068.5714405179024 460.49332094192505 69.206337004899979 240.50535145401955 2992.2362613677979 188.63769367337227 170.04918774962425 368.35473391413689
leaf_count=437 11181 3917 575 21959 1630 691 106 361 4530 298 276 563
internal_value=-1.86427e-05 1.92352e-05 -5.28733e-05 -1.38892e-05 -0.000516216 -0.000238867 0.000485901 -0.000334441 -0.000491861 0.000206464 7.09215e-05 0.00026721
internal_weight=30970.7 26388.4 19013.6 17559.8 1453.78 4582.31 520.722 4061.59 3232.74 7374.78 451.516 828.848
internal_count=46524 39560 28081 25876 2205 6964 819 6145 4891 11479 713 1254
is_linear=0
shrinkage=0.02


Tree=483
num_leaves=11
num_cat=0
split_feature=21 21 47 22 16 21 21 18 21 47
split_gain=0.780612 1.54764 0.984587 0.883971 0.85424 0.805072 0.709155 0.968629 0.953733 0.500429
threshold=1.0749488119621657 1.0780375193200473 0.277049233238777 3.8765916340533422 16.222500000000004 1.0051323217342871 1.0281641745731482 1.3673395111228814 1.0248834822251445 0.15465406588390071
decision_type=2 2 2 2 2 2 2 2 2 2
left_child=3 -2 9 6 -4 -5 8 -8 -1 -3
right_child=1 2 4 5 -6 -7 7 -9 -10 -11
leaf_value=-3.5673329832695839e-05 0.0016985868196591836 1.4225422173424183e-05 7.6539876941493035e-05 0 0.00091111226805400548 -0.0029111028970018804 0.00036211849865811727 -0.00040620560619743392 0.00086454890887060901 -0.0018715287145097937
leaf_weight=16699.911363989115 246.74855050444603 73.358283311128616 7766.6911596953869 64.101639449596405 525.9694918692112 82.132244050502777 765.58836343884468 4115.3659301996231 482.13794249296188 148.72045275568962
leaf_count=25538 356 107 11409 121 769 124 1144 6028 710 218
internal_value=-1.82533e-05 0.000141173 9.44785e-05 -8.16039e-05 0.000130886 -0.00162401 -7.07814e-05 -0.000283545 -9.73297e-06 -0.00120942
internal_weight=30970.7 8761.49 8514.74 22209.2 8292.66 146.234 22063 4880.95 17182 222.079
internal_count=46524 12859 12503 33665 12178 245 33420 7172 26248 325
is_linear=0
shrinkage=0.02


Tree=484
num_leaves=10
num_cat=0
split_feature=37 21 22 42 21 42 0 22 21
split_gain=0.849812 0.723694 1.31174 1.6291 0.972005 0.926807 0.914104 0.745219 0.525205
threshold=0.00064806980906325013 1.1765520407696417 0.027340705813416254 0.8500000000000002 1.1693799352970455 1.1500000000000001 21.214362475076992 -1.7340003709115608 1.0934260720122861
decision_type=2 2 2 2 2 2 2 2 2
left_child=8 4 7 -4 5 -2 -6 -3 -1
right_child=1 2 3 -5 6 -7 -8 -9 -10
leaf_value=0.00049078035748016376 -8.2369531459275267e-05 -0.00058496111511897387 0.00017389632126857537 -0.0014605989159834577 0 0.00039798731632277395 -0.0024824277966019421 0.00095649633164200253 0.0023842178350463187
leaf_weight=314.48315826058388 25475.783486574888 132.4230489730835 1674.6418397128582 282.8211787045002 112.24469718337059 1707.6814418137074 126.47176361083984 1065.958767592907 78.216039329767227
leaf_count=540 38435 195 2485 409 165 2419 189 1554 133
internal_value=-1.78678e-05 -3.00847e-05 0.000256003 -5.84077e-05 -6.33897e-05 -5.17983e-05 -0.0013304 0.000777141 0.000903413
internal_weight=30970.7 30578 3155.84 1957.46 27422.2 27183.5 238.716 1198.38 392.699
internal_count=46524 45851 4643 2894 41208 40854 354 1749 673
is_linear=0
shrinkage=0.02


Tree=485
num_leaves=10
num_cat=0
split_feature=10 24 3 14 31 14 3 37 31
split_gain=1.22469 1.23103 1.19761 0.954859 0.933648 0.879504 0.946311 0.850582 0.699762
threshold=1.0000000180025095e-35 0.18412854299775477 25.747652862367932 6.5000000000000009 1.3895001399416469 11.500000000000002 48.225617505406781 0.9689476050978022 0.62298536384701209
decision_type=2 2 2 2 2 2 2 2 2
left_child=2 -2 7 -4 -5 8 -7 -1 -3
right_child=1 5 3 4 -6 6 -8 -9 -10
leaf_value=-0.00097001007084518301 -0.0017810861572239945 0.00076152450055065797 0.0011337971146606104 -8.4358008618450579e-05 0.00027995335415705453 -0.00075279176612574373 0.0012591672206531978 0.00061087757450280472 0.00021185547339151284
leaf_weight=866.33529767394066 107.03705453872681 1776.7390179634094 279.20887398719788 21958.363900780678 3217.9408385455608 477.73309704661369 111.51570612192154 151.90823382139206 2077.7526686787605
leaf_count=1323 200 2665 465 32842 4868 669 154 251 3058
internal_value=3.93588e-07 0.000303716 -5.13882e-05 -2.40505e-05 -3.73774e-05 0.000356961 -0.000352143 -0.000723626 0.000468084
internal_weight=31024.5 4550.78 26473.8 25455.5 25176.3 4443.74 589.249 1018.24 3854.49
internal_count=46495 6746 39749 38175 37710 6546 823 1574 5723
is_linear=0
shrinkage=0.02


Tree=486
num_leaves=11
num_cat=0
split_feature=10 16 31 16 37 4 44 44 50 50
split_gain=1.17606 1.21425 1.10946 1.14864 0.824213 0.802232 0.638624 0.783914 0.775165 0.991542
threshold=1.0000000180025095e-35 1.4666666666666666 1.3895001399416469 5.422500000000003 0.00064806980906325013 39.883636251481803 1.8953191053421039 2.0655853855318811 -0.46688453556063247 -0.16364833434359932
decision_type=2 2 2 2 2 2 2 2 2 2
left_child=1 5 4 -4 -3 -1 8 -8 -2 -10
right_child=6 2 3 -5 -6 -7 7 -9 9 -11
leaf_value=-0.0014245698099687538 -0.001583148863700325 0.0010278242626363173 -0.00053098236871523786 0.00046987436364801362 -9.5636682021544604e-05 0.00062868853154684904 -0.001338388881927049 0.00010859121434167484 0.0011260379405311262 0.00028991097836483895
leaf_weight=398.88124397397041 70.763340353965759 260.96755170822144 537.01254343986511 2825.3261278569698 22366.312708199024 85.256969630718231 176.13596674799919 892.92570871114731 741.28668683767319 2669.6658416986465
leaf_count=589 105 448 808 4292 33473 139 272 1323 1090 3956
internal_value=3.93025e-07 -5.03438e-05 -3.14203e-05 0.000306831 -8.21479e-05 -0.00104132 0.000297639 -0.000122527 0.000429518 0.000475106
internal_weight=31024.5 26473.8 25989.6 3362.34 22627.3 484.138 4550.78 1069.06 3481.72 3410.95
internal_count=46495 39749 39021 5100 33921 728 6746 1595 5151 5046
is_linear=0
shrinkage=0.02


Tree=487
num_leaves=12
num_cat=0
split_feature=6 3 14 31 37 14 15 50 46 46 46
split_gain=1.11613 1.14328 0.91696 0.8529 0.814777 0.774587 1.28405 1.41484 0.840247 1.13732 0.759215
threshold=1.5000000000000002 25.747652862367932 6.5000000000000009 1.3895001399416469 0.9689476050978022 11.500000000000002 13.6766766891931 0.0026670181234611005 2.4722222222222228 0.61250000000000016 2.7638888888888893
decision_type=2 2 2 2 2 2 2 2 2 2 2
left_child=5 4 -3 -4 -2 8 7 -7 9 -1 -10
right_child=1 2 3 -5 -6 6 -8 -9 10 -11 -12
leaf_value=-0.00017556734399193125 -0.00094710589011774411 0.0011123256114111944 -8.0310779205728676e-05 0.00026792369560011602 0.00059949768550375472 0.00013427058922051423 0.0013814669233097377 -0.0020132369825763058 -0.0014000585618700546 0.00069858265558100235 0.00018621600342476078
leaf_weight=741.37067726254463 866.33529767394066 279.20887398719788 21957.401187837124 3216.9781256020069 151.90823382139206 251.43535736203194 125.92271873354912 223.32804819941521 178.76343309879303 2694.3612495660782 337.52148601412773
leaf_count=1094 1323 465 32841 4867 251 360 170 313 270 4028 513
internal_value=3.83464e-07 -4.90476e-05 -2.23267e-05 -3.53957e-05 -0.000705849 0.000289893 -0.000369826 -0.000859147 0.000392832 0.000507055 -0.00034702
internal_weight=31024.5 26471.8 25453.6 25174.4 1018.24 4552.7 600.686 474.763 3952.02 3435.73 516.285
internal_count=46495 39747 38173 37708 1574 6748 843 673 5905 5122 783
is_linear=0
shrinkage=0.02


Tree=488
num_leaves=11
num_cat=0
split_feature=6 24 16 31 16 46 46 50 4 4
split_gain=1.07175 1.18133 1.15995 1.02507 1.09935 0.793293 1.16428 0.950165 0.769496 0.649192
threshold=1.5000000000000002 0.18412854299775477 1.4666666666666666 1.3895001399416469 5.422500000000003 2.4365079365079372 2.7638888888888893 -0.4990628578285502 39.883636251481803 25.220881757620756
decision_type=2 2 2 2 2 2 2 2 2 2
left_child=1 -1 8 9 -5 7 -7 -3 -2 -4
right_child=2 5 3 4 -6 6 -8 -9 -10 -11
leaf_value=-0.0017584481523546937 -0.0013921562092881967 -0.0014971317235731934 -0.00048754176931754128 -0.00052388519776767374 0.00045523612226161422 -0.0015687020652610192 0.00027750608401784065 0.00049475425126335867 0.00061746993274938494 -4.9687309004351851e-05
leaf_weight=107.03705453872681 398.88124397397041 94.049077957868576 1454.4250681102276 537.01254343986511 2824.3634149134159 201.50060069561005 396.53108185529709 3753.5851551890373 85.256969630718231 21171.892478853464
leaf_count=200 589 145 2243 808 4291 300 590 5513 139 31677
internal_value=3.81933e-07 0.000284085 -4.80501e-05 -2.95448e-05 0.00029562 0.000336279 -0.000331044 0.000442716 -0.00101661 -7.83152e-05
internal_weight=31024.5 4552.7 26471.8 25987.7 3361.38 4445.67 598.032 3847.63 484.138 22626.3
internal_count=46495 6748 39747 39019 5099 6548 890 5658 728 33920
is_linear=0
shrinkage=0.02


Tree=489
num_leaves=13
num_cat=0
split_feature=6 3 14 37 14 50 3 44 44 5 50 36
split_gain=1.02859 1.07947 0.883897 0.765697 0.74254 1.07657 1.62689 0.675384 0.698752 0.657807 0.530896 0.505589
threshold=1.5000000000000002 24.167767340255583 6.5000000000000009 0.00064806980906325013 11.500000000000002 -0.014165401843025298 39.131999639715538 1.8953191053421039 2.0655853855318811 25.395239056240651 -0.13552842805854579 1.2928571428571431
decision_type=2 2 2 2 2 2 2 2 2 2 2 2
left_child=4 9 -3 -4 7 10 -7 11 -9 -2 -6 -1
right_child=1 2 3 -5 5 6 -8 8 -10 -11 -12 -13
leaf_value=0.00044978946464707854 -0.0011235351501357976 0.0010712636839313946 0.00091637583141344588 -5.2813076021005575e-05 -0.00011106632976749114 -0.0030165539473350823 0 -0.0013114026312924065 0.00015056554930861362 0.00088208871409879545 0.0016031917245640775 0.0015324377627614744
leaf_weight=2850.6760270893574 537.22414013743401 287.12206467986107 327.45295524597168 25252.758722901344 202.98014783859253 119.2660827934742 175.71179682016373 154.82242378592491 754.24884268641472 67.273835957050323 102.72809684276581 192.26955237984657
leaf_count=4239 825 478 554 37772 289 160 250 242 1131 118 144 293
internal_value=3.41505e-07 -4.70988e-05 -2.71423e-05 -3.99449e-05 0.000278279 -0.000367583 -0.00123467 0.000379113 -8.9776e-05 -0.000881671 0.000439159 0.000522443
internal_weight=31024.5 26471.8 25867.3 25580.2 4552.7 600.686 294.978 3952.02 909.071 604.498 305.708 3042.95
internal_count=46495 39747 38804 38326 6748 843 410 5905 1373 943 433 4532
is_linear=0
shrinkage=0.02


Tree=490
num_leaves=12
num_cat=0
split_feature=18 21 12 12 19 27 19 17 23 17 18
split_gain=0.853291 1.92926 1.3773 1.29987 0.983559 1.13093 1.1144 0.879053 0.863115 1.20945 0.639485
threshold=1.821854099966528 0.71299868318427462 20.983992298723081 20.624768811575503 -0.36027125980348262 1.2293875388747473 -0.33000026972665347 1.1180023256370661 1.0391822351972688 1.9396114230470938 1.5204484303641779
decision_type=2 2 2 2 2 2 2 2 2 2 2
left_child=4 -2 3 -3 8 6 -6 -7 9 -1 -10
right_child=1 2 -4 -5 5 7 -8 -9 10 -11 -12
leaf_value=-0.00027221958876974133 0.0031263047790921362 -0.00014796794179450386 -0.0028489067919308091 0.001780332355112228 0.0020665896379808029 -0.00028229688615983737 0.00010730267770834407 0.0011733022855993946 4.7140053677373147e-05 0.0022525631837031525 0.0010916419194692119
leaf_weight=4867.5375725924969 70.286031514406204 14877.494337022305 73.253692060709 138.45843660831451 116.42612788081169 198.17693454027176 8658.2446077764034 759.04884251952171 779.75319939851761 74.359539091587067 347.63691571354866
leaf_count=7245 98 22193 116 208 176 309 13199 1127 1187 110 554
internal_value=-1.9851e-05 -0.000127298 -0.000143528 -0.000129287 8.26029e-05 0.000207567 0.000134904 0.00086156 -0.000116128 -0.000231311 0.000379435
internal_weight=30960.7 15159.5 15089.2 15016 15801.2 9731.9 8774.67 957.226 6069.29 4941.9 1127.39
internal_count=46522 22615 22517 22401 23907 14811 13375 1436 9096 7355 1741
is_linear=0
shrinkage=0.02


Tree=491
num_leaves=14
num_cat=0
split_feature=47 21 51 47 24 45 16 16 51 16 13 27 27
split_gain=0.817094 1.35261 1.32241 1.22964 1.74918 1.35759 1.17604 0.958208 0.669895 0.904057 0.59588 0.574961 0.51889
threshold=1.0654596609726432 0.72233580510939144 0.6020361927859712 1.1391329665048429 0.31882381917136421 0.90000000000000013 11.700000000000005 12.930000000000001 1.813279711948993 2.4774999999999996 1.822120864679299 0.503511619561957 0.43753566203771782
decision_type=2 2 2 2 2 2 2 2 2 2 2 2 2
left_child=6 2 -2 4 -3 -5 8 12 9 -1 -10 -9 -8
right_child=1 3 -4 5 -6 -7 7 11 10 -11 -12 -13 -14
leaf_value=-0.00052757814779059856 -0.00059245046011282231 0.0021308879430604463 0.0025755830832049353 0.0011480484800358869 -0.00094324461431012185 -0.00010881324348050169 0 -0.0008952273855950012 0.00044621300526886335 7.0672921752725718e-05 0.0026589580582933136 0.00050441805216364306 0.0017348983616741506
leaf_weight=1115.9988680481911 74.77757203578949 75.493438303470612 143.1403896510601 348.19921803474426 1142.324028134346 16074.970525324345 82.133988350629807 137.22706294059753 252.84480866789818 10421.751335859299 64.597166866064072 654.76171311736107 372.4561213850975
leaf_count=1697 115 125 224 527 1691 24159 127 212 401 15597 127 958 562
internal_value=-1.94112e-05 -0.00010768 0.00144751 -0.00012762 -0.000741298 -8.14203e-05 0.000100142 0.000684452 3.77526e-05 1.18586e-05 0.000941624 0.000247664 0.00141911
internal_weight=30960.7 17858.9 217.918 17641 1217.82 16423.2 13101.8 1246.58 11855.2 11537.8 317.442 791.989 454.59
internal_count=46522 26841 339 26502 1816 24686 19681 1859 17822 17294 528 1170 689
is_linear=0
shrinkage=0.02


Tree=492
num_leaves=12
num_cat=0
split_feature=18 21 12 12 19 27 19 17 23 17 18
split_gain=0.808515 1.83474 1.32425 1.24925 0.93541 1.08501 1.0714 0.84796 0.823956 1.16337 0.614552
threshold=1.821854099966528 0.71299868318427462 20.983992298723081 20.624768811575503 -0.36027125980348262 1.2293875388747473 -0.33000026972665347 1.1180023256370661 1.0391822351972688 1.9396114230470938 1.5204484303641779
decision_type=2 2 2 2 2 2 2 2 2 2 2
left_child=4 -2 3 -3 8 6 -6 -7 9 -1 -10
right_child=1 2 -4 -5 5 7 -8 -9 10 -11 -12
leaf_value=-0.00026577442253893373 0.0030491873832343397 -0.0001437782813577229 -0.002792251060611923 0.0017465596403026208 0.0020255129095982398 -0.00027958996425121176 0.00010432271159278223 0.0011494700238909349 4.5071699146945479e-05 0.0022102775477838379 0.0010692591451993299
leaf_weight=4867.5375725924969 70.286031514406204 14877.494337022305 73.253692060709 138.45843660831451 116.42612788081169 198.17693454027176 8658.2446077764034 759.04884251952171 779.75319939851761 74.359539091587067 347.63691571354866
leaf_count=7245 98 22193 116 208 176 309 13199 1127 1187 110 554
internal_value=-1.89877e-05 -0.000123586 -0.000139429 -0.000125452 8.07327e-05 0.000202608 0.000131409 0.000843217 -0.000113046 -0.000225616 0.000371074
internal_weight=30960.7 15159.5 15089.2 15016 15801.2 9731.9 8774.67 957.226 6069.29 4941.9 1127.39
internal_count=46522 22615 22517 22401 23907 14811 13375 1436 9096 7355 1741
is_linear=0
shrinkage=0.02


Tree=493
num_leaves=12
num_cat=0
split_feature=18 16 27 40 12 12 16 12 16 30 12
split_gain=0.776788 1.88855 1.43593 1.41596 1.28925 1.17957 0.849997 0.889458 0.822383 0.758538 0.738223
threshold=1.821854099966528 9.4900000000000038 1.0702402954721812 -0.13007163245139283 20.983992298723081 20.624768811575503 9.1800000000000033 18.938123206989697 3.8708333333333331 0.035194710184336855 18.765748844278523
decision_type=2 2 2 2 2 2 2 2 2 2 2
left_child=1 6 9 -4 5 8 7 -1 -2 -3 -8
right_child=4 2 3 -5 -6 -7 10 -9 -10 -11 -12
leaf_value=0.00013031473825263546 -0.0015092477296263366 -8.1429894234523109e-05 -0.00046334145119856059 0.0018042363756856279 -0.0027378902207087275 0.0017121257767322032 -0.0018030185630140455 -0.00021986736722525373 -0.00010842004866066135 0.00070566377596816736 0
leaf_weight=8411.8907801806927 168.87529155611992 1018.5218521952629 128.33971878886223 553.19336286187172 73.253692060709 138.45843660831451 194.32830825448036 4422.8412046432495 14778.905076980591 906.98371234536171 165.08480024337769
leaf_count=12641 256 1555 193 830 116 208 291 6745 22035 1405 247
internal_value=-1.85654e-05 7.91714e-05 0.000570955 0.00136249 -0.000121096 -0.000107366 -1.73145e-05 8.84772e-06 -0.000125115 0.00028448 -0.000974122
internal_weight=30960.7 15801.2 2607.04 681.533 15159.5 15086.2 13194.1 12834.7 14947.8 1925.51 359.413
internal_count=46522 23907 3983 1023 22615 22499 19924 19386 22291 2960 538
is_linear=0
shrinkage=0.02


Tree=494
num_leaves=11
num_cat=0
split_feature=47 21 47 24 45 24 46 40 46 19
split_gain=0.76253 1.27238 1.19103 1.68215 1.30262 1.11987 1.37483 0.986428 0.916998 0.902814
threshold=1.0654596609726432 0.72233580510939144 1.1391329665048429 0.31882381917136421 0.90000000000000013 0.70355484587100581 1.4722222222222225 0.53463162105497919 0.11805555555555557 -2.6677056126914049
decision_type=2 2 2 2 2 2 2 2 2 2
left_child=7 5 3 -3 -4 -2 -7 8 -1 -10
right_child=1 2 4 -5 -6 6 -8 -9 9 -11
leaf_value=-0.0010820679767382425 -0.00042424109419025293 0.0020890593775986775 0.0011269520513079319 -0.00092495037803123946 -0.00010421536060347001 0.00029401772235935065 0.0043941953919599012 -0.002255473586601173 -0.00053579707481312875 0.00017743420296842231
leaf_weight=249.00461170077324 76.823746234178543 75.493438303470612 348.19921803474426 1142.324028134346 16074.970525324345 69.99529168009758 71.098923772573471 68.505531579256058 746.45774868130684 12037.803173273802
leaf_count=373 124 125 527 1691 24159 111 104 106 1105 18097
internal_value=-1.82091e-05 -0.00010349 -0.000122846 -0.000726793 -7.73696e-05 0.00140479 0.00246257 9.72715e-05 0.000110749 0.00013493
internal_weight=30960.7 17858.9 17641 1217.82 16423.2 217.918 141.094 13101.8 13033.3 12784.3
internal_count=46522 26841 26502 1816 24686 339 215 19681 19575 19202
is_linear=0
shrinkage=0.02


Tree=495
num_leaves=15
num_cat=0
split_feature=21 22 21 44 40 16 16 36 25 40 16 22 32 50
split_gain=0.837761 1.49916 1.21266 1.60549 1.35688 1.18175 1.11583 1.29437 1.08427 1.09683 1.01598 0.792821 0.59897 0.59475
threshold=1.1968194133009067 0.68903266068296587 1.1324534991321771 1.2820371247868818 -0.12089899443493908 3.5100000000000007 7.4200000000000017 1.0500000000000003 1.9000000000000001 0.39360294008421243 2.5800000000000018 0.5988882454887402 0.45000000000000007 -0.10416064473638419
decision_type=2 2 2 2 2 2 2 2 2 2 2 2 2 2
left_child=2 5 8 10 -5 -2 12 -8 9 -1 -4 -7 -3 -10
right_child=1 6 3 4 -6 11 7 -9 13 -11 -12 -13 -14 -15
leaf_value=3.9711971090557066e-06 -0.00030985366718241545 -8.5575558462069496e-05 0.0012065943646593896 -0.001258723269447493 0.00068492976657842056 0.00090239124630804969 0.00048474796639031207 -0.0017710649953323794 0.001263039263344122 -0.00089921175073688533 -0.00092209058468969301 0.0031510434952444861 -0.0021050874135378696 0.00026335350202552101
leaf_weight=24494.794989645481 312.74555802345276 109.43042698502541 89.332607388496399 179.05614545941353 663.02629551291466 1116.1666469275951 696.85971382260323 116.27519086003304 386.34065198898315 547.50468230247498 1603.9770057201385 69.57874122262001 159.74019998311996 709.78108662366867
leaf_count=36968 461 168 128 269 997 1623 1028 176 558 834 2319 105 236 1026
internal_value=1.73957e-06 0.000347039 -2.90125e-05 -0.000446544 0.000257791 0.000757783 -0.000212777 0.000146353 1.1136e-05 -1.54462e-05 -0.0008026 0.00104784 -0.00132763 0.000626469
internal_weight=31254.6 2580.8 28673.8 2535.39 842.082 1498.49 1082.31 813.135 26138.4 25042.3 1693.31 1185.75 269.171 1096.12
internal_count=46896 3797 43099 3713 1266 2189 1608 1204 39386 37802 2447 1728 404 1584
is_linear=0
shrinkage=0.02


Tree=496
num_leaves=9
num_cat=0
split_feature=27 27 40 32 12 44 44 8
split_gain=0.885398 1.47998 1.04215 0.939149 0.904542 0.863464 1.14425 0.744527
threshold=1.8679817179436082 1.8166680785081677 0.22529314219592703 1.6500000000000001 19.470417242026013 2.7186202746966477 2.2353002766550634 3.5000000000000004
decision_type=2 2 2 2 2 2 2 2
left_child=1 3 5 7 -5 6 -2 -1
right_child=2 -3 -4 4 -6 -7 -8 -9
leaf_value=0.00010690955770771293 0.00020049463612443531 -0.0022453167369358672 0.0027868529703358172 -0.0010263361487477581 0.00076244309188635857 -0.0010813048856247707 0.0023247233607441016 -9.3849675983896086e-05
leaf_weight=15590.619969248772 431.57804307341576 116.56612628698349 82.506943076848984 622.5549607872963 129.98931553959846 122.87476867437363 136.33708196878433 14021.582733809948
leaf_count=23474 624 169 117 951 197 172 201 20991
internal_value=1.70556e-06 -1.4949e-05 0.000669429 -5.91033e-06 -0.0007029 0.000394777 0.000734365 1.15111e-05
internal_weight=31254.6 30481.3 773.297 30364.7 752.544 690.79 567.915 29612.2
internal_count=46896 45782 1114 45613 1148 997 825 44465
is_linear=0
shrinkage=0.02


Tree=497
num_leaves=15
num_cat=0
split_feature=21 22 21 12 50 12 16 0 16 12 22 32 32 50
split_gain=0.802938 1.44083 1.16444 1.48065 1.57831 1.42993 1.13753 1.13304 1.07361 0.993671 0.761589 0.734734 0.574005 0.54256
threshold=1.1968194133009067 0.68903266068296587 1.1324534991321771 20.296858072678962 -0.30697884049043883 19.96118791700864 3.5100000000000007 16.336901456802785 7.4200000000000017 19.985187174614584 0.5988882454887402 0.65000000000000002 0.45000000000000007 -0.12191060682618228
decision_type=2 2 2 2 2 2 2 2 2 2 2 2 2 2
left_child=2 6 5 4 -4 7 13 -1 12 -7 -8 -10 -3 -2
right_child=1 8 3 -5 -6 9 10 -9 11 -11 -12 -13 -14 -15
leaf_value=0.00037511809181858927 -0.001913513080679171 -8.4527500545244941e-05 0.0016445215730760427 -0.0030115638981594575 -0.00047317367579466759 0.0024307557388441219 0.00088424962355494654 -7.1797526022091273e-05 0.00074277901953808203 0.0004513669536778952 0.0030895347680317325 -0.00045078789631777116 -0.0020638067302163913 8.7245406487597064e-05
leaf_weight=2523.6489260494709 64.72675696015358 109.43042698502541 146.25279912352562 85.350892126560211 2303.7883628308773 111.06294575333595 1116.1666469275951 22089.87547519803 412.72817695140839 1413.8340635597706 69.57874122262001 400.40672773122787 159.74019998311996 248.01880106329918
leaf_count=3870 96 168 216 116 3381 145 1623 33281 605 2090 105 599 236 365
internal_value=1.67367e-06 0.000339727 -2.84258e-05 -0.000437574 -0.000341443 1.09089e-05 0.000742433 -2.55418e-05 -0.000208952 0.000605076 0.00102706 0.000143107 -0.00130257 -0.000304594
internal_weight=31254.6 2580.8 28673.8 2535.39 2450.04 26138.4 1498.49 24613.5 1082.31 1524.9 1185.75 813.135 269.171 312.746
internal_count=46896 3797 43099 3713 3597 39386 2189 37151 1608 2235 1728 1204 404 461
is_linear=0
shrinkage=0.02


Tree=498
num_leaves=9
num_cat=0
split_feature=27 27 40 44 44 21 39 21
split_gain=0.854564 1.42107 1.00199 0.830541 1.09815 0.829726 1.52961 1.03981
threshold=1.8679817179436082 1.8166680785081677 0.22529314219592703 2.7186202746966477 2.2353002766550634 1.1968194133009067 1.2500000000000002 1.1324534991321771
decision_type=2 2 2 2 2 2 2 2
left_child=1 5 3 4 -2 7 -7 -1
right_child=2 -3 -4 -5 -6 6 -8 -9
leaf_value=0 0.00019768831760196215 -0.0022002428150706983 0.0027343160105491198 -0.0010590180466642438 0.002279432931637692 0.00043460395782253986 -0.002275761293724486 -0.00043018737283233684
leaf_weight=25369.286769658327 431.57804307341576 116.56612628698349 82.506943076848984 122.87476867437363 136.33708196878433 2452.4938448667526 83.251444429159164 2459.7149204313755
leaf_count=38273 624 169 117 172 201 3604 127 3609
internal_value=1.64229e-06 -1.47141e-05 0.000657642 0.000387995 0.000721236 -5.8505e-06 0.000339956 -3.77414e-05
internal_weight=31254.6 30481.3 773.297 690.79 567.915 30364.7 2535.75 27829
internal_count=46896 45782 1114 997 825 45613 3731 41882
is_linear=0
shrinkage=0.02


Tree=499
num_leaves=8
num_cat=0
split_feature=27 27 16 33 16 0 16
split_gain=0.821918 1.36572 0.835301 0.811006 1.43288 1.18499 0.599675
threshold=1.8679817179436082 1.8166680785081677 21.050000000000004 0.65000000000000013 26.390000000000004 16.734602086435135 10.090000000000002
decision_type=2 2 2 2 2 2 2
left_child=1 3 6 5 -5 -1 -2
right_child=2 -3 -4 4 -6 -7 -8
leaf_value=0.0004144792187962438 -1.9325331719083962e-07 -0.0021569802763829198 -0.00062437146377400333 -0.00021425002228108695 0.0018356162173414929 -2.7112275807932917e-06 0.0013518985411137643
leaf_weight=3164.2676798403263 163.46125370264053 116.56612628698349 154.74743202328682 7921.6934455931187 135.92610722780228 19142.859746724367 455.08815106749535
leaf_count=4733 235 169 225 11970 211 28699 654
internal_value=1.60815e-06 -1.44266e-05 0.000644961 -5.73081e-06 -0.000177983 5.60509e-05 0.000979624
internal_weight=31254.6 30481.3 773.297 30364.7 8057.62 22307.1 618.549
internal_count=46896 45782 1114 45613 12181 33432 889
is_linear=0
shrinkage=0.02


Tree=500
num_leaves=13
num_cat=0
split_feature=21 36 12 4 12 20 0 1 4 1 5 5
split_gain=1.31739 1.66074 0.850025 1.62357 2.31922 0.805886 0.781 2.30963 0.768236 0.729792 0.644668 0.597094
threshold=1.1968194133009067 1.0500000000000003 19.293258926854566 39.883636251481803 19.373658578907477 0.61291981031020992 29.829663436194171 27.712166666666672 37.910909397716736 30.3935 25.395239056240651 35.723133038257139
decision_type=2 2 2 2 2 2 2 2 2 2 2 2
left_child=2 5 6 8 -5 -2 7 -1 -4 -8 -7 -3
right_child=1 11 3 4 -6 10 9 -9 -10 -11 -12 -13
leaf_value=-0.00017782648378920584 -0.00037108099043165561 0 -8.4211022965951132e-05 0.0017975002413631036 0.00021840132105712456 -0.00086889470738078637 -0.0007834418151998839 0.00043384716093304424 -0.00097581339045170847 -0.00021373720952329742 0.00082137611671783772 -0.0017487835487757411
leaf_weight=11384.20149615407 287.13507902622223 127.71324640512466 2292.0691420137882 418.85319578647614 3464.5234072506428 87.525045663118362 1075.3679576218128 3147.1018640697002 471.81403025984764 6220.389331817627 1874.0071151256561 170.52327445149422
leaf_count=17126 426 191 3450 638 5197 129 1491 5027 706 9157 2760 246
internal_value=-3.04011e-05 0.000404634 -6.969e-05 0.000127539 0.000392131 0.000593525 -0.000130219 -4.46244e-05 -0.000240625 -0.000299272 0.000740054 -0.000980737
internal_weight=31021.2 2546.9 28474.3 6647.26 3883.38 2248.67 21827.1 14531.3 2763.88 7295.76 1961.53 298.237
internal_count=46544 3752 42792 9991 5835 3315 32801 22153 4156 10648 2889 437
is_linear=0
shrinkage=0.02


Tree=501
num_leaves=11
num_cat=0
split_feature=17 17 20 17 12 12 12 39 17 12
split_gain=1.39994 1.15919 1.18207 0.971606 0.994152 0.794901 0.774294 0.755479 0.605727 0.50905
threshold=2.9743475191355047 2.9635855139265534 2.2038318421050307 3.2482120456780925 19.005261616114932 17.741222586241843 18.706327139539649 1.7500000000000002 3.286754139542531 19.163692564559621
decision_type=2 2 2 2 2 2 2 2 2 2
left_child=1 2 7 4 6 -4 -2 -1 -5 -6
right_child=3 -3 5 8 9 -7 -8 -9 -10 -11
leaf_value=-2.2138187750241644e-05 -0.00062607347734767755 0.0018800028446189629 -0.00034841924204963201 0.00099354075312933841 0.00092291737724140466 0.00045906175562192156 -0.0016679999069071927 -0.00069641704112282591 -0.00013412351730267882 -0.00026653388357148053
leaf_weight=22598.696489691734 1564.7924090027809 131.4429743885994 558.03073117136955 247.98322540521622 180.36921182274818 3243.0148069858551 371.87869229912758 684.78658077120781 762.45177701115608 677.77728709578514
leaf_count=34100 2277 189 825 374 261 4839 533 1046 1116 984
internal_value=-2.98102e-05 2.0089e-05 1.05554e-05 -0.00038915 -0.000581886 0.000337765 -0.000832816 -4.24569e-05 0.000134169 -3.33893e-06
internal_weight=31021.2 27216 27084.5 3805.25 2794.82 3801.05 1936.67 23283.5 1010.44 858.146
internal_count=46544 40999 40810 5545 4055 5664 2810 35146 1490 1245
is_linear=0
shrinkage=0.02


Tree=502
num_leaves=10
num_cat=0
split_feature=32 21 39 17 1 12 17 1 17
split_gain=1.55318 1.22381 1.53539 0.970329 0.91907 0.850302 1.51567 1.23561 0.849855
threshold=1.8500000000000003 1.1968194133009067 1.2500000000000002 2.984493300479738 21.501000000000005 18.063692584637483 2.0992732761942441 33.688500000000012 3.2482120456780925
decision_type=2 2 2 2 2 2 2 2 2
left_child=1 3 -3 4 -1 -2 -7 -8 -5
right_child=5 2 -4 8 -6 6 7 -9 -10
leaf_value=-0.00017175982157359548 0.0001511695736340455 0.00050387922903941617 -0.0021776522643232243 -0.00054885305222394617 8.4118699767416101e-05 9.0685639675363273e-05 -0.0043106376226751848 -0.00075133574935621456 0.0001355657975639062
leaf_weight=8687.4153835475445 104.34428364038467 2442.7642966508865 85.330128043889999 2598.2262904047966 15851.819305330515 93.295363456010818 107.62349632382393 74.068471878767014 976.33716636896133
leaf_count=13097 158 3593 131 3775 23942 147 154 102 1445
internal_value=-2.92263e-05 -1.3109e-05 0.000407768 -5.13378e-05 -6.06692e-06 -0.00129804 -0.00188116 -0.00293807 -0.000359147
internal_weight=31021.2 30641.9 2528.09 28113.8 24539.2 379.332 274.987 181.692 3574.56
internal_count=46544 45983 3724 42259 37039 561 403 256 5220
is_linear=0
shrinkage=0.02


Tree=503
num_leaves=10
num_cat=0
split_feature=21 39 12 12 21 31 31 21 31
split_gain=1.18547 1.40289 0.810185 1.46186 1.34019 1.12428 1.19464 0.993998 0.931515
threshold=1.1968194133009067 1.2500000000000002 19.293258926854566 19.373658578907477 1.1084875784231343 1.4031721588102157 1.3063200083682589 1.1347628677146364 1.5143725989112709
decision_type=2 2 2 2 2 2 2 2 2
left_child=2 -2 5 4 -4 6 -1 -5 -7
right_child=1 -3 3 7 -6 8 -8 -9 -10
leaf_value=-0.00014556862342924917 0.00047651103709996334 -0.0020545552632501127 0.00056535194620745989 0.00010346535185699767 0.0029046528242253461 0.00092519604995171451 -0.00097084996464064305 -0.00079167166825077934 4.0012472631700753e-05
leaf_weight=18543.293217182159 2459.3211396634579 87.58262100815773 631.86241844296455 5351.877475976944 119.21805158257484 643.68267494440079 732.9183454811573 544.30182930827141 1907.1664120554924
leaf_count=27840 3618 134 964 8050 179 951 1071 798 2939
internal_value=-2.86443e-05 0.000384006 -6.59297e-05 0.000126616 0.000956673 -0.000125032 -0.000177564 1.88955e-05 0.000267847
internal_weight=31021.2 2546.9 28474.3 6647.26 751.08 21827.1 19276.2 5896.18 2550.85
internal_count=46544 3752 42792 9991 1143 32801 28911 8848 3890
is_linear=0
shrinkage=0.02


Tree=504
num_leaves=10
num_cat=0
split_feature=32 21 12 4 12 18 20 20 20
split_gain=1.49039 1.12742 0.827422 1.59833 0.819898 1.30823 0.721294 0.646358 0.772516
threshold=1.8500000000000003 1.1968194133009067 19.293258926854566 39.883636251481803 18.063692584637483 2.2012288500438513 2.6984937579789023 0.61291981031020992 0.89696439005192741
decision_type=2 2 2 2 2 2 2 2 2
left_child=1 2 6 -4 -2 -6 -1 -3 -9
right_child=4 7 3 -5 5 -7 -8 8 -10
leaf_value=-0.00013535031663562572 0.00015065440896561469 -0.00041333549182537939 -0.00021790578706208563 0.00041297026930036464 0 -0.0029083744488117781 0.00040552823574135 0.0025833683430552981 0.00044269801779273261
leaf_weight=20524.741154044867 104.34428364038467 331.28240752220154 2751.5879175662994 3811.6317202150822 103.81495141983032 171.17238023877144 1025.8373538255692 70.163893967866898 2126.6481232047081
leaf_count=30846 158 492 4137 5734 165 238 1542 107 3125
internal_value=-2.80508e-05 -1.22561e-05 -4.89614e-05 0.000146971 -0.00127094 -0.00184367 -0.000109105 0.000391692 0.000517904
internal_weight=31021.2 30641.9 28113.8 6563.22 379.332 274.987 21550.6 2528.09 2196.81
internal_count=46544 45983 42259 9871 561 403 32388 3724 3232
is_linear=0
shrinkage=0.02


Tree=505
num_leaves=10
num_cat=0
split_feature=40 42 34 24 23 53 16 5 24
split_gain=1.08552 0.815754 1.96282 1.48717 2.21123 1.135 0.746982 0.719194 0.543111
threshold=-0.46012791514524604 1.1500000000000001 1.8167221222600958 0.46120515530715606 0.85861213933684633 0.8500000000000002 17.790000000000006 40.315456309746814 0.2097176439017672
decision_type=2 2 2 2 2 2 2 2 2
left_child=7 2 5 8 -5 -2 -4 -1 -3
right_child=1 3 6 4 -6 -7 -8 -9 -10
leaf_value=-0.002398905826508352 -4.9758807435284778e-05 -2.5610576458356819e-05 -0.0021339641049664356 0.0012293043367412613 -0.00041287499311455438 0.00024297885803146167 0 -7.0509935051649429e-05 0.0017644725090254357
leaf_weight=120.46432963013649 21539.987465381622 69.675792157649994 233.14106741547585 485.00884634256363 994.03649747371674 7014.6705534756184 86.577464133501053 110.15647584199905 366.07265192270279
leaf_count=188 32672 128 389 676 1401 10217 134 167 535
internal_value=2.02442e-05 3.08432e-05 3.96993e-06 0.000430439 0.00011981 2.18162e-05 -0.00154906 -0.0013399 0.00145659
internal_weight=31019.8 30789.2 28874.4 1914.79 1479.05 28554.7 319.719 230.621 435.748
internal_count=46507 46152 43412 2740 2077 42889 523 355 663
is_linear=0
shrinkage=0.02


Tree=506
num_leaves=12
num_cat=0
split_feature=22 40 19 23 12 30 36 36 19 40 19
split_gain=1.23375 1.72932 1.47552 1.16043 1.11475 0.829242 1.07677 1.61968 1.00658 1.1699 1.15281
threshold=-0.6955330821308543 -0.46012791514524604 -1.7785542428803962 0.43359647998844847 18.630223520123383 -0.17837594100602627 1.4365079365079367 1.2111111111111115 1.10284479104155 -0.030973082340255944 0.56275560353548582
decision_type=2 2 2 2 2 2 2 2 2 2 2
left_child=5 -2 4 -4 -3 6 7 -1 10 -10 -7
right_child=1 2 3 -5 -6 8 -8 -9 9 -11 -12
leaf_value=0.00051916781887666663 -0.0025306741110033872 -0.0014303760669301996 -0.00092128017626021662 1.4331647974175637e-05 -0.00012661175276560668 0.0001068056993446062 -0.0013061639357303217 0.003643210620039623 -0.00016273448017858531 0.001702093499197917 -0.00085900197522901806
leaf_weight=2397.8313100934029 111.01057726144791 523.56885468959808 542.34727448225021 20151.328371107578 561.59865143895149 5472.6908622384071 117.95424443483353 67.673919707536697 217.19803509116173 315.65360808372498 540.93543514609337
leaf_count=3569 174 762 817 30307 841 8139 164 101 331 492 810
internal_value=1.98133e-05 -6.12912e-05 -4.8014e-05 -9.79267e-06 -0.000766321 0.000215335 0.000519471 0.000611854 9.36631e-05 0.0009255 1.80107e-05
internal_weight=31019.8 21889.9 21778.8 20693.7 1085.17 9129.94 2583.46 2465.51 6546.48 532.852 6013.63
internal_count=46507 32901 32727 31124 1603 13606 3834 3670 9772 823 8949
is_linear=0
shrinkage=0.02


Tree=507
num_leaves=13
num_cat=0
split_feature=12 0 8 24 30 24 23 42 34 24 16 8
split_gain=0.796361 1.1102 1.84666 1.43206 1.39407 0.770622 1.18444 0.757269 1.64381 1.00953 0.718962 0.694829
threshold=17.593057031283568 14.184167513905194 2.5000000000000004 1.1128454638082939 -0.37508833695718996 0.18412854299775477 2.1808295935743547 1.1500000000000001 1.5241515419650449 0.46120515530715606 9.7225000000000019 3.5000000000000004
decision_type=2 2 2 2 2 2 2 2 2 2 2 2
left_child=1 11 3 -3 -4 6 10 8 -7 -9 -2 -1
right_child=5 2 4 -5 -6 7 -8 9 -10 -11 -12 -13
leaf_value=0.002045313691589327 -0.00061494396714788864 -0.0007950345009492953 0.0024484492260079039 -0.0031624873494340111 -0.00018412644799681578 7.0408717099326853e-05 -0.0034789218954063336 0.0014567105967192681 -0.001033013824684252 0.0002271570324742905 0.0018329938210532831 -0.00020181056710559829
leaf_weight=130.32562407851219 457.1161076426506 583.70093566179276 80.460882097482681 129.15826064348221 2858.6599363088608 24369.105226039886 53.124874502420425 342.28161886334419 549.49726071953773 1335.2791199982166 50.168395102024078 80.912902116775513
leaf_count=190 872 814 121 189 4299 36413 99 513 907 1860 100 130
internal_value=1.9396e-05 -0.000248717 -0.000332585 -0.00124561 -0.000107041 5.79207e-05 -0.000672964 7.37466e-05 4.55942e-05 0.000485419 -0.00034697 0.00114386
internal_weight=31019.8 3863.22 3651.98 712.859 2939.12 27156.6 560.409 26596.2 24918.6 1677.56 507.285 211.239
internal_count=46507 5743 5423 1003 4420 40764 1071 39693 37320 2373 972 320
is_linear=0
shrinkage=0.02


Tree=508
num_leaves=10
num_cat=0
split_feature=22 40 22 16 5 24 24 30 23
split_gain=1.18557 1.65583 1.4592 0.954089 0.898399 0.960087 0.833767 0.786091 0.756922
threshold=-0.6955330821308543 -0.46012791514524604 -0.62005535069279649 15.200000000000005 24.819871014120196 0.72163033096637874 1.8093541491699188 -0.17837594100602627 0.66550242695183759
decision_type=2 2 2 2 2 2 2 2 2
left_child=4 -2 8 -4 5 -1 7 -6 -3
right_child=1 2 3 -5 6 -7 -8 -9 -10
leaf_value=8.6633720180403115e-05 -0.0024769043316094884 -0.0022498629193487781 -8.9273947256872548e-05 0.00023938298398147812 0.00058398326596015141 -0.0019669177228670907 -0.0012813135022208542 0.00015557739939288468 -0.00056927453216773234
leaf_weight=203.14276811480522 111.01057726144791 152.32208073139191 16703.458779662848 4473.0212306678295 2421.8415656983852 151.06659352779388 135.48258140683174 6218.4039060473442 450.04106065630913
leaf_count=311 174 233 25125 6698 3577 229 211 9278 671
internal_value=1.89934e-05 -6.05053e-05 -4.75031e-05 -1.93649e-05 0.000210665 -0.000767237 0.000251441 0.000276923 -0.00101684
internal_weight=31019.8 21889.9 21778.8 21176.5 9129.94 354.209 8775.73 8640.25 602.363
internal_count=46507 32901 32727 31823 13606 540 13066 12855 904
is_linear=0
shrinkage=0.02


Tree=509
num_leaves=9
num_cat=0
split_feature=19 3 27 23 19 16 16 6
split_gain=1.01357 1.77188 2.00079 0.765165 0.725216 1.17203 0.70991 0.635091
threshold=4.1472649804018333 34.321323453163551 0.93210813656052227 2.0260352104853125 3.7075798658825705 8.110000000000003 7.9900000000000029 4.5000000000000009
decision_type=2 2 2 2 2 2 2 2
left_child=3 6 -3 4 7 -6 -2 -1
right_child=1 2 -4 -5 5 -7 -8 -9
leaf_value=5.3065032690919491e-05 -0.002222966523005198 0.0030317974725815075 -0.00013799946645991321 -0.00092956294530127464 0.00078805674247157704 -0.0023574349752395409 0.00049191454786547551 -0.00026471062813667785
leaf_weight=27257.522332549095 73.478177100419998 195.60186520218849 123.42708405852318 344.71154561638832 68.22686842083931 124.99448147416115 68.050383508205414 2763.7784058451653
leaf_count=40855 113 307 213 627 100 200 103 3989
internal_value=1.85844e-05 0.000947889 0.00178109 4.19053e-06 1.52353e-05 -0.00119884 -0.000859248 2.34617e-05
internal_weight=31019.8 460.558 319.029 30559.2 30214.5 193.221 141.529 30021.3
internal_count=46507 736 520 45771 45144 300 216 44844
is_linear=0
shrinkage=0.02


Tree=510
num_leaves=8
num_cat=0
split_feature=22 22 32 12 32 12 12
split_gain=1.12742 1.06743 0.924556 0.686153 1.31434 0.753709 0.518772
threshold=2.3685179570228541 2.4801841982480197 1.6500000000000001 19.752662928919744 1.4500000000000002 17.892589475331132 18.706327139539649
decision_type=2 2 2 2 2 2 2
left_child=2 6 3 5 -5 -1 -2
right_child=1 -3 -4 4 -6 -7 -8
leaf_value=-0.00013185529652607334 -0.0026429423390274161 -0.00029907825116953204 -0.00065496747078053999 -0.00033156419852688825 0.0020656065832663499 0.00012854367344908936 -0.00061410855181497212
leaf_weight=5689.448454618454 126.8899213373661 1536.834799438715 791.79752171039581 2844.8359501957893 91.609007000923157 19894.863546669483 111.05120235681534
leaf_count=8495 190 2394 1180 4207 133 29870 176
internal_value=-1.16953e-05 -0.00050108 1.76263e-05 3.66942e-05 -0.000252021 7.02394e-05 -0.00175074
internal_weight=31087.3 1774.78 29312.6 28520.8 2936.44 25584.3 237.941
internal_count=46645 2760 43885 42705 4340 38365 366
is_linear=0
shrinkage=0.02


Tree=511
num_leaves=8
num_cat=0
split_feature=22 22 44 33 44 45 13
split_gain=1.08404 1.02668 1.00372 0.898518 0.687259 0.623621 0.566111
threshold=2.3685179570228541 2.4801841982480197 1.6903028512687233 1.5500000000000003 3.6009515540321604 4.1000000000000005 1.1220191278017808
decision_type=2 2 2 2 2 2 2
left_child=3 2 -2 4 5 -1 -6
right_child=1 -3 -4 -5 6 -7 -8
leaf_value=2.4060064579010786e-05 -0.00054478374511952713 -0.00029310447032623751 -0.0032936425470052808 -0.0010685862552484019 0.00034413574698617688 -0.0011277215276059816 0.0019973565000629247
leaf_weight=28362.491769820452 141.6466788649559 1536.834799438715 96.29444482922554 299.21115458011627 346.26521643996239 187.04257640242577 117.54376295208931
leaf_count=42486 215 2394 151 466 477 287 169
internal_value=-1.14839e-05 -0.000491363 -0.0017171 1.72616e-05 2.88773e-05 1.60854e-05 0.000791359
internal_weight=31087.3 1774.78 237.941 29312.6 29013.3 28549.5 463.809
internal_count=46645 2760 366 43885 43419 42773 646
is_linear=0
shrinkage=0.02


Tree=512
num_leaves=14
num_cat=0
split_feature=20 21 20 13 33 33 45 18 18 33 33 20 18
split_gain=1.3242 1.17938 1.13635 1.43741 1.23612 1.08141 0.813133 0.781955 1.02588 0.717044 0.918238 0.691365 0.688603
threshold=-0.15136379662541435 1.0847761399781941 -0.014156352418364498 1.0000000180025095e-35 -1.0000000180025095e-35 0.65000000000000013 1.9000000000000001 1.3114948171324172 2.3141063887106732 1.5500000000000003 1.2500000000000002 0.48242556993056951 2.7795868038303495
decision_type=2 2 2 2 2 2 2 2 2 2 2 2 2
left_child=1 5 3 4 -2 12 -5 -3 -9 10 -4 -11 -1
right_child=2 7 9 6 -6 -7 -8 8 -10 11 -12 -13 -14
leaf_value=0.00013353590692149125 -0.0037214859680443301 0 -9.478436101558649e-05 0.00039545187200753319 -0.0010080636000422642 -0.00023392256647258823 -0.0011243904993971392 0.0014676234494216437 -0.00015038064388731977 -0.002902541762919532 0.00083121078827244621 -0.00020228215938961883 0.00071701934617428287
leaf_weight=7647.535636395216 97.978934764862061 399.34322077035904 16559.224012166262 366.07275518774986 265.72012311220169 3173.9517351984978 222.2372108399868 638.46370509266853 192.77234488725662 68.760101944208145 435.99862876534462 101.77687638998032 917.49511781334877
leaf_count=11652 136 593 24655 559 370 4858 343 940 277 106 637 163 1356
internal_value=-1.12657e-05 0.000142645 -0.000121998 -0.000795091 -0.00178275 7.98789e-05 -0.000163601 0.000732185 0.00108093 -8.39977e-05 -7.03454e-05 -0.00137 0.000197359
internal_weight=31087.3 12969.6 18117.8 952.009 363.699 11739 588.31 1230.58 831.236 17165.8 16995.2 170.537 8565.03
internal_count=46645 19676 26969 1408 506 17866 902 1810 1217 25561 25292 269 13008
is_linear=0
shrinkage=0.02


Tree=513
num_leaves=14
num_cat=0
split_feature=20 21 20 12 20 12 15 18 23 23 12 21 21
split_gain=1.27236 1.13221 1.09255 1.12054 1.09896 0.962989 1.27724 1.00535 0.928263 1.00024 0.92123 0.869689 1.02092
threshold=-0.15136379662541435 1.0847761399781941 -0.014156352418364498 17.91627965741689 3.1970958035516088 19.785483136616097 6.5344204487322051 1.7362192163523151 2.0260352104853125 1.4666012725087569 18.007239156035165 0.96234060821358069 1.0078657295365028
decision_type=2 2 2 2 2 2 2 2 2 2 2 2 2
left_child=1 8 11 4 -4 6 -3 -7 9 -1 -5 -2 -13
right_child=2 5 3 10 -6 7 -8 -9 -10 -11 -12 12 -14
leaf_value=5.9774759029289393e-05 0.00046547773732455634 0 -0.00026761703620391481 0.00087546086686938693 -0.0013773772024701539 0.00082301469660223396 0.0014372608370401285 -0.0024505136308839172 -0.0014293621379541813 0.00098144380542132493 -3.105253685105117e-05 -0.0022231791747146126 -0.0005814972913119104
leaf_weight=11088.246888071299 171.55725282430649 394.67189109325409 3112.0564205646515 462.20254328846931 409.74892237782478 68.551738977432251 695.35989919304848 71.995741486549377 158.26956877112389 492.46603256464005 13181.751733034849 222.4055683016777 558.04620277881622
leaf_count=16772 262 594 4631 684 610 101 1012 103 293 801 19636 345 801
internal_value=-1.10597e-05 0.000139801 -0.000119608 -8.23349e-05 -0.00040028 0.000717451 0.000922663 -0.00079456 7.82834e-05 9.99945e-05 0 -0.000779628 -0.00106659
internal_weight=31087.3 12969.6 18117.8 17165.8 3521.81 1230.58 1090.03 140.547 11739 11580.7 13644 952.009 780.452
internal_count=46645 19676 26969 25561 5241 1810 1606 204 17866 17573 20320 1408 1146
is_linear=0
shrinkage=0.02


Tree=514
num_leaves=15
num_cat=0
split_feature=20 21 20 13 33 33 15 18 13 22 33 18 22 22
split_gain=1.22247 1.0877 1.04943 1.38538 1.18625 1.04917 0.798211 1.33955 0.779466 0.756512 1.13094 0.683417 0.638609 0.574735
threshold=-0.15136379662541435 1.0864234228956378 -0.014156352418364498 1.0000000180025095e-35 -1.0000000180025095e-35 0.65000000000000013 7.2445152551308762 2.3141063887106732 1.1729871417944813 2.3102807545393103 1.5500000000000003 2.7795868038303495 2.4801841982480197 -2.2991839766132078
decision_type=2 2 2 2 2 2 2 2 2 2 2 2 2 2
left_child=1 5 3 4 -2 11 -3 -8 -5 10 -4 -1 -11 -7
right_child=2 6 9 8 -6 13 7 -9 -10 12 -12 -13 -14 -15
leaf_value=0.00012970901490416367 -0.0036329158240654335 0.00012879055900283371 -2.0914424418113982e-05 0.00058471987371598751 -0.00097388204482284945 0.00072533394938185036 0.0017558529889439636 -0.0002208312902895581 -0.00086005988565480171 -0.0013857845121146544 -0.0017212545101664388 0.00071029274325012058 -0.00030253237641941424 -0.00030786383870442678
leaf_weight=7673.3008667230606 97.978934764862061 547.92399591207504 15499.715742200613 284.80820670723915 265.72012311220169 225.32568335533142 466.59605160355568 181.28208553791046 303.50175932049751 275.65933546423912 156.33681958913803 919.38920375704765 1234.0477220118046 2955.7438732683659
leaf_count=11688 136 818 22995 421 370 335 683 260 481 414 244 1359 1908 4533
internal_value=-1.08399e-05 0.000137027 -0.000117245 -0.000764133 -0.00173351 7.76439e-05 0.000712252 0.00118839 -0.000144072 -8.07017e-05 -3.87499e-05 0.000193144 -0.000508512 -0.000231128
internal_weight=31087.3 12969.6 18117.8 952.009 363.699 11773.8 1195.8 647.878 588.31 17165.8 15656.1 8592.69 1509.71 3181.07
internal_count=46645 19676 26969 1408 506 17915 1761 943 902 25561 23239 13047 2322 4868
is_linear=0
shrinkage=0.02


Tree=515
num_leaves=13
num_cat=0
split_feature=0 2 0 5 13 53 13 26 26 14 24 5
split_gain=1.1765 1.32438 2.34876 1.30065 1.60742 2.53581 1.29516 1.21265 1.3687 1.20402 0.971342 0.95708
threshold=28.776537492559413 25.254416666666668 21.029555030417388 44.599618323985851 0.036318817743398811 1.3500000000000003 2.6743838263997861 1.788888888888889 1.2111111111111115 13.500000000000002 0.53247095637483521 39.436105167811213
decision_type=2 2 2 2 2 2 2 2 2 2 2 2
left_child=1 7 -3 4 11 -6 9 8 -1 -5 -4 -2
right_child=3 2 10 6 5 -7 -8 -9 -10 -11 -12 -13
leaf_value=-5.9840911496709609e-05 -0.00052690546532692774 0.003170094266699286 -0.00029971175438573772 -2.6229932743936039e-05 -0.00036100664689916361 0.0020107350013883925 0.0017736179919738823 -0.0018126956638648672 0.00079119579954662906 -0.0018453556021735512 0.00038423745599826058 -0.0015770350965936164
leaf_weight=13801.599659711123 820.55977094173431 112.32219761610031 988.09749507904053 6478.4306817948818 2040.9025870263577 195.14409047365189 154.06989938020706 149.43899151682854 797.30745935440063 147.31106972694397 4755.2266423106194 660.96620914340019
leaf_count=20746 1132 203 1673 9527 3051 284 246 206 1152 194 7309 927
internal_value=-1.87531e-05 6.86911e-05 0.000323265 -0.000191319 -0.000492 -0.00014794 -2.48761e-05 -3.17365e-05 -1.25753e-05 -6.87283e-05 0.000264765 -0.00100364
internal_weight=31101.4 20604 5855.65 10497.4 3717.57 2236.05 6779.81 14748.3 14598.9 6625.74 5743.32 1481.53
internal_count=46650 31289 9185 15361 5394 3335 9967 22104 21898 9721 8982 2059
is_linear=0
shrinkage=0.02


Tree=516
num_leaves=15
num_cat=0
split_feature=0 53 26 26 47 32 33 17 0 5 13 13 53 17
split_gain=1.13024 1.24979 1.20092 1.62065 1.06639 0.992697 1.16286 0.945665 0.82745 0.692365 1.23806 0.901841 0.619993 0.648937
threshold=28.776537492559413 -0.099999999999999936 1.2111111111111115 1.788888888888889 1.0945248127549203 1.7500000000000002 1.3500000000000003 1.6606483604721303 28.246788577986056 44.495479055056798 0.036318817743398811 2.6743838263997861 -0.74999999999999989 2.3448262558449469
decision_type=2 2 2 2 2 2 2 2 2 2 2 2 2 2
left_child=2 12 5 8 -5 6 -1 -7 -4 10 -3 -11 -2 -14
right_child=1 9 3 4 -6 7 -8 -9 -10 11 -12 -13 13 -15
leaf_value=1.3017487769611122e-05 -0.0026321211024402848 -0.00084706677249998352 0.00066587124015326236 -0.0021259361251583261 0.00014524245752585272 2.3304367266234795e-06 0.0013411879980549369 -0.002736156809092487 0.0023998821309131166 -2.323988398849732e-05 -1.8317183894270289e-05 0.0015908916268527005 -0.0012922634727461101 -0.00028073111300846819
leaf_weight=18218.886903226376 70.795450031757355 1221.0127778947353 1476.0073390007019 128.53381371498108 205.35095450282097 85.877690076828003 265.93474060297012 99.678922384977341 123.72208207845688 6103.0851083397865 1819.254270285368 139.56828317046165 422.30011171102524 721.36830705404282
leaf_count=27659 144 1692 2229 177 316 141 425 161 181 8808 2701 220 629 1167
internal_value=-1.83888e-05 -0.000187533 6.73118e-05 0.000541684 -0.000706761 1.75948e-05 3.28094e-05 -0.00142893 0.000809051 -0.00010727 -0.000354779 1.17442e-05 -0.000791627 -0.000664572
internal_weight=31101.4 10497.4 20604 1933.61 333.885 18670.4 18484.8 185.557 1599.73 9282.92 3040.27 6242.65 1214.46 1143.67
internal_count=46650 15361 31289 2903 493 28386 28084 302 2410 13421 4393 9028 1940 1796
is_linear=0
shrinkage=0.02


Tree=517
num_leaves=12
num_cat=0
split_feature=0 5 13 53 13 0 5 5 5 24 32
split_gain=1.08652 1.20195 1.49545 2.42795 1.20569 1.10373 1.00242 0.963814 0.923845 0.864555 0.633178
threshold=28.776537492559413 44.599618323985851 0.036318817743398811 1.3500000000000003 2.6743838263997861 28.692123153032522 47.875500239725987 47.382282882826352 39.436105167811213 1.3228330911981661 1.4500000000000002
decision_type=2 2 2 2 2 2 2 2 2 2 2
left_child=5 2 8 -4 9 6 7 -1 -2 -3 -8
right_child=1 4 3 -5 -6 -7 10 -9 -10 -11 -12
leaf_value=3.2489104051438093e-05 -0.0004980493006104845 4.9825891793947775e-05 -0.00034947412499012454 0.0019712922002643901 0.0017113823660262807 0.0019342997675824358 0.0006716593161442512 -0.0011710607650420588 -0.0015296192352023273 -0.00050994271016081274 -0.0010518813477193953
leaf_weight=18769.169923752546 820.55977094173431 5236.2815351784229 2040.9025870263577 195.14409047365189 154.06989938020706 124.0183033645153 1358.1554345786572 267.76179710030556 660.96620914340019 1389.4602163434029 84.886986792087555
leaf_count=28339 1132 7711 3051 284 246 181 2211 407 927 2010 151
internal_value=-1.80259e-05 -0.000183872 -0.000472924 -0.000140888 -2.38089e-05 6.59941e-05 5.40044e-05 1.49142e-05 -0.000966455 -6.61708e-05 0.000562036
internal_weight=31101.4 10497.4 3717.57 2236.05 6779.81 20604 20480 19036.9 1481.53 6625.74 1443.04
internal_count=46650 15361 5394 3335 9967 31289 31108 28746 2059 9721 2362
is_linear=0
shrinkage=0.02


Tree=518
num_leaves=9
num_cat=0
split_feature=0 16 16 16 26 37 37 16
split_gain=1.04349 1.6575 1.58079 0.993465 1.13669 0.720322 1.21908 0.674857
threshold=28.776537492559413 15.330000000000004 8.7675000000000036 13.980000000000004 1.2111111111111115 0.33841335370160719 1.6003822684179771 16.222500000000004
decision_type=2 2 2 2 2 2 2 2
left_child=1 3 -2 4 -1 -3 -7 -4
right_child=2 5 7 -5 -6 6 -8 -9
leaf_value=5.6233040806922076e-06 -0.00085096437171027579 0 -0.00023844646104104609 -0.00091409388876919565 0.00054306606740859567 0.0020720763388850116 -0.00026665984287252371 0.00010510381615661339
leaf_weight=17814.601882129908 1240.5685454905033 173.27027815580368 5260.2943355441093 430.93168768286705 1729.1602690517902 346.48629519343376 109.54203337430954 3996.5214274525642
leaf_count=26980 1789 305 7675 697 2556 575 176 5897
internal_value=-1.76574e-05 6.4675e-05 -0.000180191 3.22667e-05 5.37366e-05 0.00107415 0.00148975 -8.9052e-05
internal_weight=31101.4 20604 10497.4 19974.7 19543.8 629.299 456.028 9256.82
internal_count=46650 31289 15361 30233 29536 1056 751 13572
is_linear=0
shrinkage=0.02


Tree=519
num_leaves=14
num_cat=0
split_feature=0 2 0 47 5 13 13 13 47 37 0 5 30
split_gain=1.00221 1.2386 2.26092 1.37782 1.12615 1.43599 1.1574 1.10917 0.955993 2.0547 1.16143 0.892383 0.753157
threshold=28.776537492559413 25.254416666666668 21.029555030417388 1.6889130653404878 44.599618323985851 0.036318817743398811 2.6743838263997861 0.47750086988601309 1.0654596609726432 0.023609963580655653 26.679080510362706 39.436105167811213 0.038721614609019656
decision_type=2 2 2 2 2 2 2 2 2 2 2 2 2
left_child=1 8 -3 -4 5 11 12 -7 10 -10 -1 -2 -6
right_child=4 2 3 -5 6 7 -8 -9 9 -11 -12 -13 -14
leaf_value=5.7897583617976203e-05 -0.00047944224398903352 0.0031025884394164289 5.1997364651665536e-05 0.00073833113046072919 -0.00024337737500993464 0.00072922898273473718 0.0016784831876600389 -0.00036303869370245165 0.0012894717874022794 -0.00037575033871935741 0.0025691939848953862 -0.001493413546414046 0.00018852180591110722
leaf_weight=9852.156529635191 820.55977094173431 112.32219761610031 4084.4105684459209 1658.9135689437389 3884.0609955191612 465.05818691849709 154.06989938020706 1770.9884905815125 313.0865498483181 4510.6331770420074 72.469854056835175 660.96620914340019 2741.6807560026646
leaf_count=14765 1132 203 6246 2736 5704 690 246 2645 474 6761 104 927 4017
internal_value=-1.72999e-05 6.33802e-05 0.000309592 0.000252168 -0.000176591 -0.000456376 -2.1613e-05 -0.000130949 -3.37259e-05 -0.000265106 7.77565e-05 -0.000939958 -6.31491e-05
internal_weight=31101.4 20604 5855.65 5743.32 10497.4 3717.57 6779.81 2236.05 14748.3 4823.72 9924.63 1481.53 6625.74
internal_count=46650 31289 9185 8982 15361 5394 9967 3335 22104 7235 14869 2059 9721
is_linear=0
shrinkage=0.02


Tree=520
num_leaves=9
num_cat=0
split_feature=43 53 40 40 20 20 20 20
split_gain=0.792829 0.950174 0.703611 0.848465 1.05606 0.893781 0.599542 0.517264
threshold=1.7500000000000002 0.75000000000000011 0.4824359843432498 0.17112081484263061 -2.0828233555495532 4.7163489494201505 0.71578786873040212 -0.70887189360888658
decision_type=2 2 2 2 2 2 2 2
left_child=2 -2 3 4 -1 -5 7 -4
right_child=1 -3 6 5 -6 -7 -8 -9
leaf_value=0.00028243225225500594 -0.0030984052245981875 0 -0.00025638751485163334 0.00025535925390508205 -6.7905861332860228e-05 0.0023564467818867258 0.0002440066461149366 -0.0022687651608777142
leaf_weight=4050.1975303888321 70.123985856771469 81.02477353811264 102.36764270067215 3709.1255293786526 22737.88812032342 82.272156149148941 113.75286850333214 134.36651873588562
leaf_count=6166 103 115 153 5562 34063 124 166 200
internal_value=6.7544e-06 -0.00142807 1.41813e-05 2.47389e-05 -1.45464e-05 0.000304807 -0.000873501 -0.00144991
internal_weight=31081.1 151.149 30930 30579.5 26788.1 3791.4 350.487 236.734
internal_count=46652 218 46434 45915 40229 5686 519 353
is_linear=0
shrinkage=0.02


Tree=521
num_leaves=7
num_cat=0
split_feature=43 52 52 34 37 36
split_gain=0.761642 0.914229 0.657748 0.639662 0.899854 0.626159
threshold=1.7500000000000002 1.7500000000000002 1.0000000180025095e-35 0.073173075940568419 0.076860253983818669 1.1833333333333336
decision_type=2 2 2 2 2 2
left_child=2 -2 -1 4 -4 -5
right_child=1 -3 3 5 -6 -7
leaf_value=-0.0014136728025608426 -0.0030381554814526502 0 -0.0001581366622669975 7.3300391614869527e-05 -0.0014726299448966597 -0.00023982147169616087
leaf_weight=126.3684341609478 70.123985856771469 81.02477353811264 1468.7705833017826 26271.37155815959 246.41525632143021 2817.0445342361927
leaf_count=179 103 115 2320 39279 465 4191
internal_value=6.61265e-06 -0.0013997 1.38984e-05 2.01708e-05 -0.000354304 4.26182e-05
internal_weight=31081.1 151.149 30930 30803.6 1715.19 29088.4
internal_count=46652 218 46434 46255 2785 43470
is_linear=0
shrinkage=0.02


Tree=522
num_leaves=9
num_cat=0
split_feature=43 53 53 37 37 36 36 36
split_gain=0.731635 0.879655 0.580625 0.807603 0.621303 0.566169 1.29805 0.544671
threshold=1.7500000000000002 0.75000000000000011 -0.54999999999999993 0.18181830845666552 0.15803635787765052 1.1833333333333336 1.5634920634920637 1.0000000180025095e-35
decision_type=2 2 2 2 2 2 2 2
left_child=2 -2 3 4 -1 7 -7 -4
right_child=1 -3 5 -5 -6 6 -8 -9
leaf_value=-0.00071817253729720011 -0.0029790772959448785 0 -0.00022261456021489316 -6.3290006457405288e-05 -0.0029006368289718693 -0.00063770661764522092 0.00024170130706807161 9.1978110549588614e-05
leaf_weight=412.52966114878654 70.123985856771469 81.02477353811264 2404.8719019293785 1219.323654294014 64.018821686506271 1485.9361937344074 1201.2257743775845 24142.064359009266
leaf_count=652 103 115 3643 1959 105 2169 1820 36086
internal_value=6.44326e-06 -0.00137187 1.35904e-05 -0.000345431 -0.00104316 3.47815e-05 -0.000240984 6.30881e-05
internal_weight=31081.1 151.149 30930 1695.87 476.548 29234.1 2687.16 26546.9
internal_count=46652 218 46434 2716 757 43718 3989 39729
is_linear=0
shrinkage=0.02


Tree=523
num_leaves=10
num_cat=0
split_feature=20 40 40 34 40 34 40 34 34
split_gain=0.627863 0.914763 0.879627 0.964592 0.698974 0.627143 0.902666 0.73535 0.522407
threshold=-2.0828233555495532 0.35764168949901726 0.16081098793555795 0.92416870418768526 0.4824359843432498 0.14509732577207637 0.088657702247494211 0.18747767403713478 0.3164897478257529
decision_type=2 2 2 2 2 2 2 2 2
left_child=1 5 3 8 -4 6 -1 -7 -2
right_child=2 -3 4 -5 -6 7 -8 -9 -10
leaf_value=4.3935565574350176e-05 -0.00013829758450544129 -0.0014169341936969657 0.00032539862624279944 -0.00044704587739101192 -0.00065531755956698215 0.0012848788841178461 -0.0017947213838252962 0.0002922027839855859 6.5892080606268986e-05
leaf_weight=751.029495626688 9663.6727321743965 128.59355229139328 3601.5003132522106 2535.4049648940563 308.29604035615921 336.0742968916893 120.81893080472946 3295.1108201146126 10340.617979168892
leaf_count=1209 14768 201 5381 3756 454 508 202 4944 15229
internal_value=6.27603e-06 0.000221301 -3.10133e-05 -7.93897e-05 0.000245215 0.000270912 -0.000202943 0.000387486 -3.2252e-05
internal_weight=31081.1 4631.63 26449.5 22539.7 3909.8 4503.03 871.848 3631.19 20004.3
internal_count=46652 7064 39588 33753 5835 6863 1411 5452 29997
is_linear=0
shrinkage=0.02


Tree=524
num_leaves=6
num_cat=0
split_feature=43 52 52 24 24
split_gain=0.699388 0.84617 0.630572 0.604216 0.943711
threshold=1.7500000000000002 1.7500000000000002 1.0000000180025095e-35 0.18412854299775477 0.33749703048309221
decision_type=2 2 2 2 2
left_child=2 -2 -1 -4 -5
right_child=1 -3 3 4 -6
leaf_value=-0.001384636417092189 -0.0029178625723861019 0 -0.00060526590376299024 0.00044936839921617993 1.8271123197703906e-06
leaf_weight=126.3684341609478 70.123985856771469 81.02477353811264 603.82144230604172 2021.4157198369503 28178.364769876003
leaf_count=179 103 115 1153 3283 41819
internal_value=6.14093e-06 -0.00134145 1.3136e-05 1.92843e-05 3.21421e-05
internal_weight=31081.1 151.149 30930 30803.6 30199.8
internal_count=46652 218 46434 46255 45102
is_linear=0
shrinkage=0.02


Tree=525
num_leaves=8
num_cat=0
split_feature=50 21 1 21 1 26 21
split_gain=1.10864 1.15385 1.19693 0.890133 1.0652 0.878018 0.519333
threshold=0.7109471923292251 1.0644402731789333 9.8836666666666684 1.0526543857776762 31.020166666666672 2.1339285714285716 1.3288249040444249
decision_type=2 2 2 2 2 2 2
left_child=1 3 -3 5 -5 -1 -4
right_child=-2 2 6 4 -6 -7 -8
leaf_value=-5.1461303549686967e-05 0.0010939850191136803 -0.0016690058943326334 0.0002365148004971215 -0.0010543946808587168 0.00030060558046753424 -0.0013917150185964369 -0.00038744951336442296
leaf_weight=20006.633333981037 363.63384547829628 136.39519104361534 8751.768007338047 774.17518162727356 315.60468274354935 196.1898421049118 554.86688560247421
leaf_count=30317 547 205 12866 1139 468 269 835
internal_value=-4.74641e-07 -1.38189e-05 0.000169788 -9.57245e-05 -0.00065299 -6.51079e-05 0.000198164
internal_weight=31099.3 30735.6 9443.03 21292.6 1089.78 20202.8 9306.63
internal_count=46646 46099 13906 32193 1607 30586 13701
is_linear=0
shrinkage=0.02


Tree=526
num_leaves=6
num_cat=0
split_feature=47 22 41 41 41
split_gain=0.673999 0.706428 0.642171 1.10914 0.552002
threshold=0.18828920831116203 3.8765916340533422 2.6948754195491218 1.9645804194895831 1.0103910675846468
decision_type=2 2 2 2 2
left_child=-1 2 3 -2 -3
right_child=1 4 -4 -5 -6
leaf_value=-0.00083866792904463015 5.4848426104167637e-06 -0.0017140195236529008 -0.0011060670338929816 0.00074757775709701282 0.00028420248335522482
leaf_weight=377.32801869511604 29460.165135651827 164.82080656290054 199.42743939161301 827.26708155870438 70.258488059043884
leaf_count=563 44064 268 347 1295 109
internal_value=-4.75338e-07 9.54782e-06 1.83262e-05 2.61324e-05 -0.00107727
internal_weight=31099.3 30721.9 30486.9 30287.4 235.079
internal_count=46646 46083 45706 45359 377
is_linear=0
shrinkage=0.02


Tree=527
num_leaves=8
num_cat=0
split_feature=50 21 1 19 22 19 19
split_gain=1.06574 1.10851 1.14812 1.02884 1.0602 0.772817 0.538274
threshold=0.7109471923292251 1.0644402731789333 9.8836666666666684 4.4672972965928901 1.7898057267576821 -2.3016625009155098 2.4553007697659628
decision_type=2 2 2 2 2 2 2
left_child=1 3 -3 4 -1 -4 -2
right_child=6 2 5 -5 -6 -7 -8
leaf_value=-6.165429290113068e-05 0.0014890579886372099 -0.0016343484592638467 0.00088073451864928768 0.0013578037383968026 -0.00055181356563018967 0.00014419902220334671 -0.00025539405530088967
leaf_weight=19148.788173884153 282.37194153666496 136.39519104361534 616.15416431427002 190.52871996164322 1953.2861466109753 8690.4807286262512 81.261903941631317
leaf_count=28843 418 205 902 315 3035 12799 129
internal_value=-4.62773e-07 -1.35526e-05 0.000166404 -9.38391e-05 -0.000107547 0.000194215 0.00107261
internal_weight=31099.3 30735.6 9443.03 21292.6 21102.1 9306.63 363.634
internal_count=46646 46099 13906 32193 31878 13701 547
is_linear=0
shrinkage=0.02


Tree=528
num_leaves=7
num_cat=0
split_feature=50 21 22 21 21 41
split_gain=1.02273 1.0646 0.970126 0.841104 0.597267 0.664337
threshold=0.7109471923292251 1.0644402731789333 3.8765916340533422 1.0318935598161183 1.3288249040444249 0.79676987719359038
decision_type=2 2 2 2 2 2
left_child=1 2 3 -1 5 -3
right_child=-2 4 -4 -5 -6 -7
leaf_value=-2.3344364387446302e-05 0.0010507436438749844 0.00010181887007847305 -0.0017842544703705031 -0.00036120741500358624 -0.00045047855082226842 0.00050293260084298126
leaf_weight=17600.830107480288 363.63384547829628 6614.3823297321796 133.20485898852348 3558.5680739879608 583.3410739004612 2245.3066803514957
leaf_count=26761 547 9762 228 5204 877 3267
internal_value=-4.45324e-07 -1.32749e-05 -9.19609e-05 -8.06672e-05 0.000163073 0.000204692
internal_weight=31099.3 30735.6 21292.6 21159.4 9443.03 8859.69
internal_count=46646 46099 32193 31965 13906 13029
is_linear=0
shrinkage=0.02


Tree=529
num_leaves=8
num_cat=0
split_feature=50 31 26 31 26 26 31
split_gain=0.982467 0.867782 1.01466 2.26741 0.957609 0.856972 0.696518
threshold=0.7109471923292251 0.93509245309779832 1.1833333333333336 1.3895001399416469 2.1055555555555561 0.95000000000000007 0.90304652182847633
decision_type=2 2 2 2 2 2 2
left_child=1 4 5 -4 6 -3 -1
right_child=-2 2 3 -5 -6 -7 -8
leaf_value=5.365394665659553e-05 0.0010298437119863183 -0.00015453363071734244 -0.00033075298799600426 0.00083737578595474216 -0.0021005598861050848 -0.00064829630154391638 0.00071757116757925859
leaf_weight=18798.501305937767 363.63384547829628 6712.5781878829002 1490.7888877391815 1187.5185419619083 78.861347854137421 1811.587635576725 655.79721748828888
leaf_count=28440 547 10054 2167 1741 109 2646 942
internal_value=-4.37655e-07 -1.30185e-05 -0.000153603 0.000183684 6.71038e-05 -0.00026077 7.66198e-05
internal_weight=31099.3 30735.6 11202.5 2678.31 19533.2 8524.17 19454.3
internal_count=46646 46099 16608 3908 29491 12700 29382
is_linear=0
shrinkage=0.02


Tree=530
num_leaves=12
num_cat=0
split_feature=24 24 44 44 23 23 22 24 44 44 44
split_gain=0.784407 1.02657 1.03447 0.900192 0.802777 0.777592 1.58523 1.04602 1.01028 0.85662 0.551677
threshold=0.50442738228069384 0.61226961546110925 0.56067598628934723 2.7186202746966477 1.5195555398110103 1.3253204948066009 0.20224232836332767 0.47471552747061002 1.5671253682349351 0.83624549092412137 0.42271966710776632
decision_type=2 2 2 2 2 2 2 2 2 2 2
left_child=5 3 10 4 -2 7 9 -1 -8 -7 -3
right_child=1 2 -4 -5 -6 6 8 -9 -10 -11 -12
leaf_value=-0.00018738151144385398 0.00037955122723851961 -5.5783735642414895e-05 2.9117749607876903e-05 0.0019275284585241823 -0.00085941689391874859 0.00073917973879243063 0.00024684354121304731 -0.0010022665713492309 -0.0014994858097385386 0.0041924144824550362 -0.00095493886840985185
leaf_weight=4753.550919264555 3120.2447054684162 499.75649431347847 19720.347336918116 141.91941699385643 217.90622952580452 77.166860967874527 943.59970656037331 736.63783866167068 152.10316786170006 55.6240294277668 674.21740287542343
leaf_count=7554 4575 751 29117 222 340 126 1496 1087 298 95 992
internal_value=-4.66211e-06 4.77513e-05 -4.75997e-06 0.000365722 0.000295214 -0.000196256 0.000253916 -0.000298863 0 0.00230062 -0.000581421
internal_weight=31093.1 24374.4 20894.3 3480.07 3338.15 6718.68 1228.49 5490.19 1095.7 132.791 1173.97
internal_count=46653 35997 30860 5137 4915 10656 2015 8641 1794 221 1743
is_linear=0
shrinkage=0.02


Tree=531
num_leaves=12
num_cat=0
split_feature=24 24 12 24 17 24 12 12 12 17 21
split_gain=0.753021 0.986061 0.765901 0.740494 1.2039 0.817859 0.666305 0.653144 1.03666 0.572811 0.730743
threshold=0.50442738228069384 0.61226961546110925 19.752662928919744 0.47471552747061002 1.8303300488375351 0.49581239301534596 19.522134308225812 19.062497518964964 19.144756814980411 0.41037753306033864 1.04916200510661
decision_type=2 2 2 2 2 2 2 2 2 2 2
left_child=3 2 6 9 -5 -6 -2 -3 -9 -1 -11
right_child=1 7 -4 4 5 -7 -8 8 -10 10 -12
leaf_value=0.0015912067645342518 0.0003818404325166238 -8.1522580271973114e-05 -0.00046539735842732958 -0.0002650043267323011 -0.0027606449954131157 -7.4062103260692433e-05 0.001580673449604248 0.00087597747132483962 6.9570496952681723e-05 -0.00032719775049422475 0.00012589472115037971
leaf_weight=75.293863415718079 2888.833180308342 14245.459846258163 387.35830661654472 633.39804828166962 160.50020542740822 73.87310978770256 203.87886506319046 718.64238446950912 5930.2190033793449 3331.3134844899178 2444.3038113415241
leaf_count=120 4262 21011 571 924 244 115 304 1056 8793 5482 3771
internal_value=-4.55864e-06 4.67888e-05 0.000358424 -0.000192286 -0.000738824 -0.00196395 0.000465072 -4.66665e-06 0.000158472 -0.000109294 -0.000133736
internal_weight=31093.1 24374.4 3480.07 6718.68 867.771 234.373 3092.71 20894.3 6648.86 5850.91 5775.62
internal_count=46653 35997 5137 10656 1283 359 4566 30860 9849 9373 9253
is_linear=0
shrinkage=0.02


Tree=532
num_leaves=10
num_cat=0
split_feature=24 30 24 23 30 30 17 12 30
split_gain=0.723527 1.40375 0.947041 0.76891 0.730428 1.11721 0.71258 0.789023 0.639103
threshold=0.50442738228069384 -0.16755110295472997 0.61226961546110925 1.5195555398110103 -0.09136778303166683 -0.082868711746806892 0.41037753306033864 17.91627965741689 -0.30326598869185994
decision_type=2 2 2 2 2 2 2 2 2
left_child=1 -1 3 -2 8 -6 -3 -8 -4
right_child=2 6 4 -5 5 -7 7 -9 -10
leaf_value=-0.0010035945797422382 0.00043173673898784715 0.0019058224772326299 -0.00017131198987528691 -0.00075569381208789497 -0.0013160919665276426 -6.335334959494387e-05 -0.00058137003156591915 1.8041702310557103e-06 0.00026513843545895481
leaf_weight=750.7409051656723 3253.8090068399906 68.603668957948685 1748.5416519641876 226.26134514808655 290.1541665494442 13396.057596772909 1140.8452263772488 4758.4927222430706 5459.5678188204765
leaf_count=1150 4780 111 2639 357 433 19693 1809 7586 8095
internal_value=-4.46019e-06 -0.00018848 4.58651e-05 0.000351273 -4.55251e-06 -9.0831e-05 -8.39655e-05 -0.000109437 0.000157859
internal_weight=31093.1 6718.68 24374.4 3480.07 20894.3 13686.2 5967.94 5899.34 7208.11
internal_count=46653 10656 35997 5137 30860 20126 9506 9395 10734
is_linear=0
shrinkage=0.02


Tree=533
num_leaves=10
num_cat=0
split_feature=18 12 30 22 22 30 22 12 21
split_gain=0.743197 0.759367 1.60611 1.1479 0.933324 0.915607 0.814605 0.595267 0.553414
threshold=0.58667464675916303 17.91627965741689 0.24968566099997572 0.013707899884650002 3.8765916340533422 0.21801252470678942 3.3769849070617677 18.731303174030351 1.1253773559932128
decision_type=2 2 2 2 2 2 2 2 2
left_child=8 2 5 -4 6 -2 -3 -6 -1
right_child=1 4 3 -5 7 -7 -8 -9 -10
leaf_value=0.0018096382602068365 -0.00014295582994138716 3.7324316092479858e-05 -0.0023599016950551408 -0.00053925037105171064 0 0.0013606644668184007 0.0013775549111831973 -0.0023414687777186791 -0.00019844934291330638
leaf_weight=154.06128671765327 5455.2468967735767 24215.689057648182 211.796172529459 459.12600868940353 75.159541636705399 164.03854224085808 181.31426799297333 105.41039776802063 71.23193684220314
leaf_count=237 8164 36339 312 659 131 254 285 164 108
internal_value=-4.37908e-06 -1.30888e-05 -0.000209374 -0.00113416 3.6753e-05 -9.68146e-05 4.78066e-05 -0.0013861 0.00113458
internal_weight=31093.1 30867.8 6290.21 670.922 24577.6 5619.29 24397 180.57 225.293
internal_count=46653 46308 9389 971 36919 8418 36624 295 345
is_linear=0
shrinkage=0.02


Tree=534
num_leaves=14
num_cat=0
split_feature=16 16 22 21 17 23 22 21 21 21 12 21 22
split_gain=0.803681 0.998297 1.08007 0.955185 0.902143 0.992815 0.987705 1.1064 0.795757 1.31782 0.918746 0.727252 0.594048
threshold=10.020000000000003 10.444999999999999 0.84725033446806119 1.1125091070285755 2.8216895064353271 0.74132147537181103 -0.40595224662789681 0.59422182012715952 0.86169794702719382 0.83943070767608674 17.892589475331132 1.1253773559932128 0.50847842428396561
decision_type=2 2 2 2 2 2 2 2 2 2 2 2 2
left_child=4 2 12 -4 6 -6 11 -8 9 -3 -10 -1 -2
right_child=1 8 3 -5 5 -7 7 -9 10 -11 -12 -13 -14
leaf_value=3.236042827858944e-06 0.00097928493763920843 0.00024085381431467666 0.000529440015433004 -0.0019688907425314491 -0.0021347755226819739 0.00042312092817544376 0.0015597533577733527 -0.00023833156761723991 -0.00030470214286844376 0.0028819855638306806 0.00012705653928567919 0.00052088159688791513 0.0028804430502875084
leaf_weight=6724.8092431426048 462.06069019436836 312.75398313999176 201.07553735375404 84.350161135196686 172.90405678749084 83.169804960489273 135.57280072569847 9453.7331589758396 2479.6427079439163 102.44938388466835 9492.7908066809177 1301.9732623398304 85.788511574268341
leaf_count=10121 697 473 301 125 251 125 218 14204 3707 152 14241 1908 130
internal_value=-4.29378e-06 0.00011358 0.000783957 -0.000182648 -9.20535e-05 -0.00126841 -7.42439e-05 -0.000211548 6.75601e-05 0.000927201 3.67628e-05 8.85544e-05 0.00130457
internal_weight=31093.1 13220.9 833.275 285.426 17872.2 256.074 17616.1 9589.31 12387.6 415.203 11972.4 8026.78 547.849
internal_count=46653 19826 1253 426 26827 376 26451 14422 18573 625 17948 12029 827
is_linear=0
shrinkage=0.02


Tree=535
num_leaves=14
num_cat=0
split_feature=42 5 44 44 5 22 5 47 5 22 30 44 19
split_gain=1.11105 1.35291 1.2624 1.39042 0.926013 1.18717 1.17754 1.15261 1.14707 1.07902 0.889371 0.793165 0.95399
threshold=1.2500000000000002 39.533066340339111 0.59243271592782354 0.72668114092269909 40.685411678792043 1.732312073436445 40.400172595165557 3.6070300654640586 48.373120991891049 2.7753375633906852 0.11174993091182721 1.1423220244147403 0.95421100159081551
decision_type=2 2 2 2 2 2 2 2 2 2 2 2 2
left_child=4 2 -2 -4 5 6 -1 10 -9 -7 -6 -3 -13
right_child=1 11 3 -5 7 9 -8 8 -10 -11 -12 12 -14
leaf_value=-2.1998663074806605e-05 -0.00094363575918908558 -0.0014400226709923702 0.0040507731115688554 0.0010937331291721042 0.00026214875296612497 -0.00098987580604218404 -0.0013542817593669124 -0.002924216391941245 -0.00035662947041403131 0.00034270529592555506 -8.9527639287732992e-05 -0.00021019156974319108 0.0015051213723392995
leaf_weight=13455.904520153999 96.261352211236954 132.75023266673088 73.360108226537704 628.13414964079857 9835.8126651346684 1022.4194280803204 269.27667582035065 78.827572971582413 633.90512219071388 304.50493851304054 4012.3749289512634 464.32982012629509 174.45473816990852
leaf_count=20215 150 190 107 897 14869 1546 409 113 932 467 6034 652 239
internal_value=3.23641e-05 0.000550672 0.00112752 0.00142782 4.52422e-06 -0.000105117 -4.90589e-05 0.00011855 -0.000661981 -0.000676492 0.000159534 -3.42275e-05 0.000245897
internal_weight=31182.3 1569.29 797.756 701.494 29613 15052.1 13725.2 14560.9 712.733 1326.92 13848.2 771.535 638.785
internal_count=46820 2235 1154 1004 44585 22637 20624 21948 1045 2013 20903 1081 891
is_linear=0
shrinkage=0.02


Tree=536
num_leaves=15
num_cat=0
split_feature=30 30 34 34 50 50 46 50 50 50 50 30 46 34
split_gain=0.643567 1.78966 1.3631 0.952121 0.847162 0.830251 0.868072 0.597313 0.700323 0.879945 0.697088 0.662474 0.581106 0.553672
threshold=0.11174993091182721 0.080682385230784817 0.57377251788736339 0.68069689682801704 0.23314645089319083 -0.057295112082208839 0.11805555555555557 0.066072184669113423 0.017518986981874905 1.0000000180025095e-35 0.032804284635850257 0.51826156997976192 0.76388888888888895 0.41289277873769287
decision_type=2 2 2 2 2 2 2 2 2 2 2 2 2 2
left_child=1 5 4 -4 -3 13 -7 8 9 -2 -10 12 -9 -1
right_child=7 2 3 -5 -6 6 -8 11 10 -11 -12 -13 -14 -15
leaf_value=0.00033139990345793831 -0.0002303356306201283 0.00058132053883648766 0.0031481931321646118 0.0010521856142345003 -0.00091105860224238429 -0.0021012106962223203 -5.5889865569056418e-05 0.00073779951210840736 -0.0017858763906510688 0.0010489572891792562 -0.00037588187827211633 -0.0008904374775097158 3.2926625663766242e-05 1.7596970489726778e-05
leaf_weight=4771.5775345861912 4071.1042763292789 880.40237173438072 124.48667579889297 380.51496303081512 177.74969401955605 81.941812515258789 11702.803473860025 564.950862377882 222.03963553905487 222.88359153270721 447.97010168433189 259.00755098462105 2887.8731722831726 4387.0105365812778
leaf_count=7310 6081 1331 180 570 273 123 17511 859 333 327 667 389 4338 6528
internal_value=3.16833e-05 8.83451e-05 0.000741063 0.00159897 0.00031995 3.90845e-05 -7.13139e-05 -0.00011414 -0.000258061 -0.000161148 -0.000861956 7.56736e-05 0.000151513 0.000182215
internal_weight=31182.3 22506.5 1563.15 505.002 1058.15 20943.3 11784.7 8675.83 4964 4293.99 670.01 3711.83 3452.82 9158.59
internal_count=46820 33826 2354 750 1604 31472 17634 12994 7408 6408 1000 5586 5197 13838
is_linear=0
shrinkage=0.02


Tree=537
num_leaves=13
num_cat=0
split_feature=42 5 33 5 32 30 32 5 5 5 5 5
split_gain=1.06946 1.29907 1.09889 1.44188 0.885741 1.16927 1.01909 0.704149 0.612299 0.538953 0.517484 1.0813
threshold=1.2500000000000002 39.533066340339111 -0.6499999999999998 39.533066340339111 1.6500000000000001 0.025282579988459602 1.3500000000000003 49.047401646048208 28.175036643116737 36.152076024523041 46.151682607071713 47.382282882826352
decision_type=2 2 2 2 2 2 2 2 2 2 2 2
left_child=2 8 3 9 6 -6 -4 -5 -2 -1 -3 -12
right_child=1 10 4 7 5 -7 -8 -9 -10 -11 11 -13
leaf_value=0.00032976245910474504 1.2297852904554138e-05 -0.00056226125644235692 -2.872113391492489e-05 0.0020953047411125239 -0.0013402023897056603 0.00013137526819873138 0.00047253425576331682 0 0.0014013484468825229 -0.0012911100163986837 0.0026625224377171959 -7.7884794527659944e-06
leaf_weight=375.41211014986038 177.94393658638 385.40742430090904 26185.94094184041 291.84916707873344 456.47519582509995 386.44936770200729 1727.33307030797 86.859863728284836 619.81167349219322 102.70613518357277 71.053974747657776 315.07339191436768
leaf_count=536 271 540 39519 413 686 581 2566 137 883 147 100 441
internal_value=3.10504e-05 0.000539558 3.7307e-06 0.000708967 -1.69828e-05 -0.00065499 1.97103e-06 0.00162752 0.00110482 -1.52211e-06 -3.33351e-05 0.000469017
internal_weight=31182.3 1569.29 29613 856.827 28756.2 842.925 27913.3 378.709 797.756 478.118 771.535 386.127
internal_count=46820 2235 44585 1233 43352 1267 42085 550 1154 683 1081 541
is_linear=0
shrinkage=0.02


Tree=538
num_leaves=13
num_cat=0
split_feature=42 33 32 30 32 22 44 44 44 22 22 22
split_gain=1.02742 1.05579 0.850192 1.12381 0.978776 0.728337 0.771541 0.856157 0.738345 0.589044 1.22499 0.539181
threshold=1.2500000000000002 -0.6499999999999998 1.6500000000000001 0.025282579988459602 1.3500000000000003 -2.1817719136419442 2.1988184129125572 2.9886210970821732 0.59243271592782354 -0.96427248289261358 -0.25265396255358036 -1.3928408201516838
decision_type=2 2 2 2 2 2 2 2 2 2 2 2
left_child=1 9 4 -4 -3 -2 8 -8 -7 11 -11 -1
right_child=5 2 3 -5 -6 6 7 -9 -10 10 -12 -13
leaf_value=0.0006978058134342514 0.002446445181150407 -2.8146754262572516e-05 -0.0013135152982931759 0.00012876129894241319 0.00046309450176020218 -0.00091483571871218657 -0.0015511757452795491 0.00093357696022633386 0.00077113745200719944 -0.00096063970178098532 0.0009306185097772042 0.0030982965398978781
leaf_weight=109.97180864214897 75.609270125627518 26185.94094184041 456.47519582509995 386.44936770200729 1727.33307030797 107.18675598502159 147.14414969086647 81.489881575107574 1157.8603436648846 183.34170398116112 492.34840679168701 71.16535672545433
leaf_count=168 110 39519 686 581 2566 165 220 116 1624 263 699 103
internal_value=3.04433e-05 3.65922e-06 -1.66373e-05 -0.00064171 1.92508e-06 0.000528856 0.000421961 -0.000621784 0.000619175 0.000694931 0.000401368 0.00171905
internal_weight=31182.3 29613 28756.2 842.925 27913.3 1569.29 1493.68 228.634 1265.05 856.827 675.69 181.137
internal_count=46820 44585 43352 1267 42085 2235 2125 336 1789 1233 962 271
is_linear=0
shrinkage=0.02


Tree=539
num_leaves=11
num_cat=0
split_feature=33 34 34 34 32 47 30 37 34 30
split_gain=0.903208 1.06035 1.02834 0.813188 0.797851 1.36184 1.50761 0.770948 1.24312 1.12244
threshold=-0.6499999999999998 0.63322022599920158 0.39949843944974478 0.083819204272138806 1.6500000000000001 1.0424503310854203 0.025282579988459602 0.47195452212758454 0.39610743830201517 -0.073089911237104691
decision_type=2 2 2 2 2 2 2 2 2 2
left_child=1 2 3 -1 7 -6 -7 9 -9 -2
right_child=4 -3 -4 -5 5 6 -8 8 -10 -11
leaf_value=-0.00079760795084028063 0.00015457880942788276 0.0027900300698599141 -0.001072117581499044 0.0010973039608961365 0.00086651419347369548 -0.0018867646027532557 0 0.00095295816416261325 9.887096033737411e-05 -0.00018073184941830124
leaf_weight=101.44984927773476 6293.5560302734375 84.572444379329681 143.37632301449776 528.76000717282295 192.19846430420876 363.08954876661301 312.9549400806427 726.94317963719368 11593.332544475794 10842.082921475172
leaf_count=142 9491 125 205 763 300 540 465 1217 17119 16453
internal_value=2.98533e-05 0.000669146 0.00041779 0.000774889 1.1389e-05 -0.000584893 -0.00101361 2.9343e-05 0.000150223 -5.69922e-05
internal_weight=31182.3 858.159 773.586 630.21 30324.2 868.243 676.044 29455.9 12320.3 17135.6
internal_count=46820 1235 1110 905 45585 1305 1005 44280 18336 25944
is_linear=0
shrinkage=0.02


Tree=540
num_leaves=11
num_cat=0
split_feature=17 19 17 50 30 51 13 51 13 13
split_gain=1.02154 0.865185 0.858342 0.794323 1.18457 1.11705 0.657985 0.637939 1.32329 1.14627
threshold=0.64512468614572727 1.1659408786102772 0.91351960871710258 0.7109471923292251 -0.14390634352660703 1.4109292693355096 1.0105215092646536 1.0499876769870282 0.99254714198077232 2.4555399228720467
decision_type=2 2 2 2 2 2 2 2 2 2
left_child=1 -1 7 5 -5 -4 -3 9 -9 -2
right_child=2 6 3 4 -6 -7 -8 8 -10 -11
leaf_value=0.00027865589728860783 -0.00075673364104136224 0.0030695984792737268 -7.6638257105723424e-06 -0.0014810615379166944 0.0014439834244044083 -0.00044676284238047323 0.00050326444036803328 0.0010588849993274656 -0.0010328959629134422 0.0012552012883379677
leaf_weight=638.32380011677742 1663.6373465359211 91.377209544181824 25036.981282621622 63.175330579280853 295.19959643483162 2557.9538435339928 90.731697618961334 290.3610652089119 201.89124664664268 116.22996938228607
leaf_count=974 2509 135 37411 94 448 3952 148 420 326 207
internal_value=-4.78068e-05 0.000646532 -6.70261e-05 -3.62351e-05 0.000895242 -4.87586e-05 0.00186465 -0.000441078 0.000180026 -0.000618476
internal_weight=31045.9 820.433 30225.4 27953.3 358.375 27594.9 182.109 2272.12 492.252 1779.87
internal_count=46624 1257 45367 41905 542 41363 283 3462 746 2716
is_linear=0
shrinkage=0.02


Tree=541
num_leaves=8
num_cat=0
split_feature=17 17 14 51 13 51 51
split_gain=0.983041 0.824391 0.727173 0.700015 1.73889 0.534709 0.653248
threshold=0.64512468614572727 0.94541243973027955 8.5000000000000018 1.3166226251090245 1.0000000180025095e-35 1.066516322135415 0.91965704236868417
decision_type=2 2 2 2 2 2 2
left_child=2 5 -1 -3 -5 6 -2
right_child=1 3 -4 4 -6 -7 -8
leaf_value=-0.00014236834582408958 -0.00043884037534899187 6.637795267440597e-06 0.0010745835109158188 -0.00083691732056311453 4.4141544274980042e-05 0.00012319259263393368 -0.0017398573702674966
leaf_weight=289.1152241230011 1880.9238855540752 23822.347172796726 531.31748315691948 1425.8605832755566 2352.5314759016037 569.39226916432381 174.37429425120354
leaf_count=472 2865 35588 785 2024 3756 860 274
internal_value=-4.68327e-05 -6.56922e-05 0.000634275 -3.30738e-05 -0.000285967 -0.000404607 -0.000555665
internal_weight=31045.9 30225.4 820.433 27600.7 3778.39 2624.69 2055.3
internal_count=46624 45367 1257 41368 5780 3999 3139
is_linear=0
shrinkage=0.02


Tree=542
num_leaves=9
num_cat=0
split_feature=51 13 3 51 3 3 13 13
split_gain=0.611017 0.842576 1.03465 0.752183 0.616998 0.640354 0.518502 0.922792
threshold=1.3526390062106672 0.012706500820191152 48.075032098701939 1.6799351448761135 33.696333161879714 35.95012191525646 2.1357352343357481 2.0457673832585246
decision_type=2 2 2 2 2 2 2 2
left_child=6 4 3 -3 -2 -6 7 -1
right_child=1 2 -4 -5 5 -7 -8 -9
leaf_value=-2.5870268189219491e-05 3.2143134023004026e-05 -0.00052686043141516713 0.00093794519835625149 0.00028812501195413443 -0.0021813426614934943 -0.00069636822193591566 0.00027649773251737212 -0.0011725145017253029
leaf_weight=24778.438299149275 351.65617284178734 1246.0178418159485 356.22799932956696 692.33469945192337 142.35831591486931 933.35318410396576 2262.9066817164421 282.5691938996315
leaf_count=36682 503 1915 619 1142 196 1331 3742 494
internal_value=-4.58921e-05 -0.000286351 -4.41865e-05 -0.000230616 -0.000668042 -0.00090585 -1.27533e-05 -3.92905e-05
internal_weight=31045.9 3721.95 2294.58 1938.35 1427.37 1075.71 27323.9 25061
internal_count=46624 5706 3676 3057 2030 1527 40918 37176
is_linear=0
shrinkage=0.02


Tree=543
num_leaves=9
num_cat=0
split_feature=17 3 30 3 31 19 3 51
split_gain=0.941373 0.843173 1.18414 1.05369 0.848781 0.8348 0.769692 0.639963
threshold=0.64512468614572727 40.445561164933316 0.55200185707293403 40.265199371741353 2.1809282967280454 1.1659408786102772 47.039422207676594 1.309722343139095
decision_type=2 2 2 2 2 2 2 2
left_child=5 2 3 -2 6 -1 -3 -6
right_child=1 4 -4 -5 7 -7 -8 -9
leaf_value=0.00026003006650319218 -0.00012768275911784842 0.00019728127037408155 -0.0018453082765267853 -0.0014494923687601319 -0.0019062507588407118 0.0018177390583976446 -8.8498595299128723e-05 0.00048767716091756654
leaf_weight=638.32380011677742 14572.821692436934 7789.6766004860401 165.96840474009514 245.09572103619576 150.84843066334724 182.10890716314316 7247.2602054178715 53.758626163005829
leaf_count=974 21617 11729 242 356 275 283 11041 107
internal_value=-4.49782e-05 -6.34405e-05 -0.000170098 -0.000150414 4.07666e-05 0.000621529 5.88873e-05 -0.00123023
internal_weight=31045.9 30225.4 14983.9 14817.9 15241.5 820.433 15036.9 204.607
internal_count=46624 45367 22215 21973 23152 1257 22770 382
is_linear=0
shrinkage=0.02


Tree=544
num_leaves=8
num_cat=0
split_feature=17 19 17 50 18 50 50
split_gain=0.905116 0.801541 0.789632 0.766414 0.83999 0.511843 0.877565
threshold=0.64512468614572727 1.1659408786102772 0.91351960871710258 0.7109471923292251 0.79885623556302565 -0.40697018649215772 -0.29623565959108772
decision_type=2 2 2 2 2 2 2
left_child=1 -1 5 4 -4 -2 -7
right_child=2 -3 3 -5 -6 6 -8
leaf_value=0.00025484570317338531 -0.0021432942759969024 0.0017817792394891883 0.0020695062907259542 0.00088238384230461498 -5.105367054924091e-05 0.0012895212409136719 -0.00046016180976574686
leaf_weight=638.32380011677742 67.379688531160355 182.10890716314316 72.721796303987503 358.37492701411247 27522.213329851627 116.75601181387901 2087.9839274287224
leaf_count=974 107 283 113 542 41250 180 3175
internal_value=-4.40821e-05 0.000609442 -6.21912e-05 -3.26445e-05 -4.49534e-05 -0.000420951 -0.000361888
internal_weight=31045.9 820.433 30225.4 27953.3 27594.9 2272.12 2204.74
internal_count=46624 1257 45367 41905 41363 3462 3355
is_linear=0
shrinkage=0.02


Tree=545
num_leaves=13
num_cat=0
split_feature=0 47 30 12 1 12 2 12 16 22 23 23
split_gain=1.26715 3.60379 1.95494 1.87563 1.1228 1.30919 1.58504 1.02611 0.958526 0.893364 0.781365 0.736458
threshold=35.308841186246745 1.6181938930244664 -0.23622667526324861 17.945299339674538 20.469000000000005 18.444719246241039 18.230333333333338 18.577745966030637 2.120000000000001 2.3685179570228541 1.0532972530452873 1.0129834179816384
decision_type=2 2 2 2 2 2 2 2 2 2 2 2
left_child=4 10 11 -4 5 6 -1 -7 -6 -10 -2 -3
right_child=1 2 3 -5 8 7 -8 -9 9 -11 -12 -13
leaf_value=0.00043685361205048442 0.0028744675625973948 -1.6691931586967276e-05 -0.0021425583843000008 -0.00048563140775473637 -0.0018640751605919553 -0.00123055118714007 -0.00048617246597262051 -0.00025493995584633446 0.00016894857382779033 -0.00033517753120741083 0.00031792418279712339 0.0023770380082570701
leaf_weight=2420.1482166647911 122.6040233373642 130.24089455604553 525.72144666314125 611.01563122868538 94.111210495233536 480.34624022245407 1064.8346435725689 4846.4560190439224 19072.667371183634 1504.0529499650002 94.189091205596924 75.116112262010574
leaf_count=3589 161 183 767 881 146 685 1566 7361 28670 2331 123 108
internal_value=1.12746e-05 -0.000543615 -0.000935406 -0.00126313 4.09884e-05 -0.000147514 0.000151839 -0.000345221 0.000121835 0.000131585 0.0018225 0.00082515
internal_weight=31041.5 1558.89 1342.09 1136.74 29482.6 8811.79 3484.98 5326.8 20670.8 20576.7 216.793 205.357
internal_count=46571 2223 1939 1648 44348 13201 5155 8046 31147 31001 284 291
is_linear=0
shrinkage=0.02


Tree=546
num_leaves=12
num_cat=0
split_feature=0 47 32 12 32 44 12 23 31 22 23
split_gain=1.21598 3.46582 1.69619 1.62413 1.09101 1.0238 0.884254 0.861778 1.33791 0.865272 0.749135
threshold=35.308841186246745 1.6181938930244664 1.0500000000000003 17.973082628801706 1.9500000000000002 1.4019568522245771 17.054589107390232 0.51937562690180705 1.5231492059142957 1.7898057267576821 1.0532972530452873
decision_type=2 2 2 2 2 2 2 2 2 2 2
left_child=4 10 6 -4 7 -6 -3 8 -1 -9 -2
right_child=1 2 3 -5 5 -7 -8 9 -10 -11 -12
leaf_value=-0.00015622038034206963 0.0028179009851482784 0.00039278738903323978 -0.0012610034174483464 0.00075220972860505085 0.0003317960685485351 -0.0024110879856176545 -0.0018356928073814018 0.00013510512624008965 -0.0020856561593474588 -0.00021551221579348148 0.00031169791355913047
leaf_weight=3346.5062251389027 122.6040233373642 71.436770379543304 291.6745348572731 347.16138288378716 79.193901687860489 137.068010866642 631.82139658927917 22574.855986267328 149.65521377325058 3195.33731341362 94.189091205596924
leaf_count=5037 161 115 409 484 124 197 931 33842 233 4915 123
internal_value=1.10225e-05 -0.00053254 -0.000916854 -0.000152429 4.01366e-05 -0.00136701 -0.00159467 5.0969e-05 -0.000242815 9.12295e-05 0.00178755
internal_weight=31041.5 1558.89 1342.09 638.836 29482.6 216.262 703.258 29266.4 3496.16 25770.2 216.793
internal_count=46571 2223 1939 893 44348 321 1046 44027 5270 38757 284
is_linear=0
shrinkage=0.02


Tree=547
num_leaves=15
num_cat=0
split_feature=51 31 19 19 1 44 44 1 47 32 19 32 44 32
split_gain=0.922447 1.23802 1.31607 1.54949 1.50607 1.18965 1.20724 1.18643 1.8407 1.16143 1.22513 1.13786 0.939723 0.72928
threshold=0.53669471132665059 0.97028049534975069 0.36199141075567814 2.0919257983981461 19.278000000000002 0.79069405857143826 1.1348846946012048 36.642833333333343 1.5747583745128935 2.0500000000000003 -0.36027125980348262 1.0500000000000003 0.75848611566118129 0.75000000000000011
decision_type=2 2 2 2 2 2 2 2 2 2 2 2 2 2
left_child=1 2 4 -4 -1 12 -7 9 13 10 -2 -10 -3 -9
right_child=7 5 3 -5 -6 6 -8 8 11 -11 -12 -13 -14 -15
leaf_value=-0.00013189187480985287 -7.8474573193219988e-05 -0.00079024391031843201 -0.00071182668407250929 0.0006410901812633035 0.00063245184412778776 0.00057869357329337189 -0.00063638086684374943 -0.00029188794164231963 -0.0012929195156290727 -0.002046480354255423 0.0002441897733800878 -4.9312235133994095e-05 -0.0031323947991452918 0.0018742347884114453
leaf_weight=2355.565444290638 7204.4071952104568 1310.4459946453571 1595.276819974184 420.55363875627518 1809.7968451678753 594.17834475636482 717.22730737924576 87.50454193353653 724.7079344689846 95.973176538944244 13364.721544504166 523.88986307382584 74.402290731668472 162.85290896892548
leaf_count=3577 10593 1887 2423 666 2714 892 1086 131 1154 142 20203 757 114 232
internal_value=1.07915e-05 -0.000161083 -3.42198e-06 -0.000424262 0.00019795 -0.000518547 -7.81921e-05 8.00926e-05 -0.000461479 0.000119901 0.000130693 -0.000780033 -0.000927625 0.0010812
internal_weight=31041.5 8877.45 6181.19 2015.83 4165.36 2696.25 1311.41 22164.1 1498.96 20665.1 20569.1 1248.6 1384.85 250.357
internal_count=46571 13359 9380 3089 6291 3979 1978 33212 2274 30938 30796 1911 2001 363
is_linear=0
shrinkage=0.02


Tree=548
num_leaves=14
num_cat=0
split_feature=0 46 17 23 16 51 16 0 17 0 51 0 16
split_gain=1.14523 2.31306 2.03335 1.65304 1.20115 1.07958 1.24186 1.00208 0.987931 0.849027 0.949755 0.833517 0.79322
threshold=35.308841186246745 1.7638888888888891 3.2482120456780925 1.1183320575530711 15.640000000000004 0.53669471132665059 16.710000000000001 13.437410961941081 2.6749425043151431 11.126576909266669 0.86686464357473314 33.190266262715866 16.830000000000009
decision_type=2 2 2 2 2 2 2 2 2 2 2 2 2
left_child=5 8 4 -4 -3 6 7 -1 -2 -7 -11 -8 -10
right_child=1 2 3 -5 -6 9 11 -9 12 10 -12 -13 -14
leaf_value=-0.00096142701891145405 0.002725268917073447 -0.003059953208452934 -0.00057224063028414151 0.0020407731357442124 -0.0010924403954649196 0.0019940782543484996 0.001794031551304141 -0.00013531918753115259 -0.0010868018300473252 0.00028884529673656645 5.7254987557284902e-06 -7.703792605121246e-06 0.0013749433515031593
leaf_weight=641.03218358755112 94.345393598079681 175.17690062522888 420.5348496735096 123.55127158761024 541.2653081715107 94.59532755613327 211.13658767938614 7671.0643001794815 93.175515502691269 7444.6353033185005 13242.937545537949 177.21540328860283 110.83796009421349
leaf_count=986 120 260 603 173 791 165 323 11529 120 11129 19961 255 156
internal_value=1.05303e-05 -0.00051697 -0.000895986 8.11237e-06 -0.00159461 3.87941e-05 -0.000147723 -0.000200448 0.00104633 0.000117367 0.00010811 0.000950407 0.000202457
internal_weight=31041.5 1558.89 1260.53 544.086 716.442 29482.6 8700.45 8312.1 298.359 20782.2 20687.6 388.352 204.013
internal_count=46571 2223 1827 776 1051 44348 13093 12515 396 31255 31090 578 276
is_linear=0
shrinkage=0.02


Tree=549
num_leaves=12
num_cat=0
split_feature=18 19 51 18 32 31 18 44 44 47 44
split_gain=1.02006 1.24084 1.1429 2.81986 1.58967 1.57497 1.06791 1.04059 1.02792 1.51647 0.754285
threshold=2.9596075548363947 -3.8106788715810374 0.53669471132665059 2.808468462020588 1.9500000000000002 0.97028049534975069 2.8605126353863191 1.4533159612080488 4.1453288024321759 3.7056189798803136 1.4810433699484389
decision_type=2 2 2 2 2 2 2 2 2 2 2
left_child=2 -2 3 5 7 -1 -5 -4 9 -3 -6
right_child=1 8 4 6 10 -7 -8 -9 -10 -11 -12
leaf_value=-1.8548463052290382e-05 0.0023988492215904897 -0.0002868683861210187 4.0427106389834745e-05 0.0040681658774126611 -0.00031367794564495817 -0.00062340290879322417 0.001015043600714997 0.00035006526505599044 0.0013723414231180742 -0.0017899774672439307 -0.0034612037808233816
leaf_weight=5718.5973655879498 64.121205508708954 3265.7847048044205 11741.142732709646 71.013462722301483 68.147031724452972 2484.7302109003067 165.87678188085556 6969.4410182833672 129.23094207048416 295.04585230350494 68.372541904449463
leaf_count=8712 87 4809 17568 100 103 3657 241 10590 165 438 101
internal_value=1.03175e-05 -0.000298287 5.31605e-05 -0.000139645 0.00014004 -0.000203081 0.00199855 0.000156323 -0.000349137 -0.000415156 -0.00198945
internal_weight=31041.5 3754.18 27287.3 8440.22 18847.1 8203.33 236.89 18710.6 3690.06 3560.83 136.52
internal_count=46571 5499 41072 12710 28362 12369 341 28158 5412 5247 204
is_linear=0
shrinkage=0.02


Tree=550
num_leaves=12
num_cat=0
split_feature=16 22 41 34 34 0 30 34 0 30 30
split_gain=1.04483 0.889071 0.897246 1.19025 0.941219 0.848455 1.22581 0.742297 0.642551 0.820727 0.832115
threshold=24.950000000000006 1.7898057267576821 0.93235002744118345 0.60151903209606905 0.22110785003229727 36.615894338797965 -0.18404568600925106 0.10145206054011852 35.85050632907781 0.25431008859960247 -0.16992390252785403
decision_type=2 2 2 2 2 2 2 2 2 2 2
left_child=1 5 4 -4 -3 7 -7 -1 9 10 -2
right_child=8 2 3 -5 -6 6 -8 -9 -10 -11 -12
leaf_value=-0.00033567797967218554 -0.0010050472216008774 -4.940852638622821e-05 -0.00067962224573932543 0.00074337846051601513 -0.00090014310009018056 0.00089512367064825096 -0.0015705228062029193 2.9196080940795885e-05 0.0020829493007772223 -0.0014338447325689654 0.0014068571592234589
leaf_weight=2451.3727147579193 67.337887793779373 859.71308025717735 400.24291288852692 555.94887259602547 1424.5997106730938 102.47368764877319 303.80884903669357 24449.470760136843 128.33460202813148 72.774118721485138 251.95302882790565
leaf_count=3935 111 1373 619 824 2137 139 420 36342 192 118 399
internal_value=-3.99063e-05 -5.53769e-05 -0.000368643 0.000137127 -0.000584662 -1.78116e-05 -0.000922799 -3.7043e-06 0.000845815 0.000406972 0.000863976
internal_weight=31068 30547.6 3240.5 956.192 2284.31 27307.1 406.283 26900.8 520.4 392.065 319.291
internal_count=46609 45789 4953 1443 3510 40836 559 40277 820 628 510
is_linear=0
shrinkage=0.02


Tree=551
num_leaves=11
num_cat=0
split_feature=16 22 21 37 34 0 34 0 24 37
split_gain=1.00283 0.854201 1.07013 1.12597 0.881181 0.795912 1.06698 0.617733 1.34954 0.542497
threshold=24.950000000000006 1.7898057267576821 1.2115971255603537 0.9823422876766541 0.10634913059129592 19.314001973417614 0.53022291243022257 35.85050632907781 1.080737107506476 0.063324314107136112
decision_type=2 2 2 2 2 2 2 2 2 2
left_child=1 2 4 -4 -1 9 -7 8 -2 -3
right_child=7 5 3 -5 -6 6 -8 -9 -10 -11
leaf_value=-0.00041127367222191445 0.0019238362143144667 0.0018032820328068523 0.00064126595674687445 -0.00084357729983603944 -1.2411536294277203e-05 -0.00083494599296778202 0 0.0020419296559868036 -0.00047274758501344907 1.9468098285758774e-05
leaf_weight=2457.2748974263668 145.69495651125908 77.226333767175674 1594.8606317341328 227.10873952507973 23027.88174289465 1615.5808271169662 966.83099403977394 128.33460202813148 246.37007883191109 580.86642149090767
leaf_count=3946 236 123 2342 335 34213 2493 1451 192 392 886
internal_value=-3.91157e-05 -5.42784e-05 -1.74495e-05 0.000449975 -5.12914e-05 -0.000361343 -0.000520764 0.000828597 0.000397712 0.000248775
internal_weight=31068 30547.6 27307.1 1821.97 25485.2 3240.5 2582.41 520.4 392.065 658.093
internal_count=46609 45789 40836 2677 38159 4953 3944 820 628 1009
is_linear=0
shrinkage=0.02


Tree=552
num_leaves=10
num_cat=0
split_feature=16 0 26 26 34 34 0 30 30
split_gain=0.963739 0.83335 1.40151 0.887423 0.6408 0.680778 0.593244 0.784857 0.794525
threshold=24.950000000000006 28.935462777502966 1.2111111111111115 1.7321428571428574 0.48141015533284243 1.2423149972615535 35.85050632907781 0.25431008859960247 -0.16992390252785403
decision_type=2 2 2 2 2 2 2 2 2
left_child=1 2 -1 -4 -3 -6 7 8 -2
right_child=6 4 3 -5 5 -7 -8 -9 -10
leaf_value=-3.4218581745569336e-05 -0.00098783731032723297 -0.00037362987005342795 0.00073429927566883704 -0.00035878960062098912 5.6093858482081653e-05 -0.00056445205432414285 0.0020017176896334372 -0.0014100560823800434 0.0013678843113882359
leaf_weight=18871.4283452034 67.337887793779373 4715.7325079739094 1583.0968773663044 350.90067833662033 4180.9904356300831 845.48174348473549 128.33460202813148 72.774118721485138 251.95302882790565
leaf_count=28699 111 7036 2382 519 5943 1210 192 118 399
internal_value=-3.83189e-05 -5.31893e-05 1.7854e-05 0.00053064 -0.000205908 -4.64799e-05 0.000812292 0.000389398 0.000836886
internal_weight=31068 30547.6 20805.4 1934 9742.2 5026.47 520.4 392.065 319.291
internal_count=46609 45789 31600 2901 14189 7153 820 628 510
is_linear=0
shrinkage=0.02


Tree=553
num_leaves=12
num_cat=0
split_feature=8 41 30 26 26 30 30 21 34 30 30
split_gain=0.808088 0.748806 1.12579 1.11245 1.27005 0.665926 0.581949 0.552822 0.515437 0.745444 0.593909
threshold=4.5000000000000009 1.1750363147161746 0.55200185707293403 1.2111111111111115 0.95000000000000007 0.60535600973880599 0.3877831367258856 1.2360623197201395 0.20030876996015703 0.14953286775022448 -0.044348656978335094
decision_type=2 2 2 2 2 2 2 2 2 2 2
left_child=1 2 7 4 -3 -4 -5 -1 -2 10 -10
right_child=8 3 5 6 -6 -7 -8 -9 9 -11 -12
leaf_value=-7.8047827240499253e-05 -0.002333289315839249 0.00025033876556732569 -0.0026499051396087544 0.00056237065082017734 -0.00057989515760397867 -0.00054022043017502169 0.0019163700993213564 0.0003319622652861967 -0.00071908287784396246 -0.0022224655478930511 0.0015049692978223485
leaf_weight=24062.347049236298 87.452948480844498 2996.3389721214771 98.835350960493088 849.27594605088234 972.92810633778572 192.03480160236359 160.14839428663254 1382.1025948524475 119.33548459410667 71.121919959783554 76.108656883239746
leaf_count=36137 129 4592 145 1239 1423 287 236 2048 167 98 108
internal_value=-3.75585e-05 -2.62408e-05 -6.99656e-05 0.000197706 4.41281e-05 -0.00130442 0.000790439 -5.53594e-05 -0.000985705 -0.000492281 0.000102818
internal_weight=31068 30714 25735.3 4978.69 3969.27 290.87 1009.42 25444.4 354.019 266.566 195.444
internal_count=46609 46107 38617 7490 6015 432 1475 38185 502 373 275
is_linear=0
shrinkage=0.02


Tree=554
num_leaves=9
num_cat=0
split_feature=16 22 41 34 34 41 41 32
split_gain=0.922973 0.820316 0.833061 1.13379 0.903207 0.77354 1.05957 0.9929
threshold=24.950000000000006 1.7898057267576821 0.93235002744118345 0.60151903209606905 0.22110785003229727 1.3506427087299089 1.7499677531712783 1.8500000000000003
decision_type=2 2 2 2 2 2 2 2
left_child=1 5 4 -4 -3 7 -7 -1
right_child=-2 2 3 -5 -6 6 -8 -9
leaf_value=-3.9486668026573926e-05 0.00079559727085476905 -3.6092379279474153e-05 -0.00066201685541897196 0.00072668524922895174 -0.0008694252251894211 0.00061191392354122609 -0.00012501061841667157 -0.0012352247436555426
leaf_weight=23912.564241468906 520.39963737130165 859.71308025717735 400.24291288852692 555.94887259602547 1424.5997106730938 1728.0822035074234 1386.6680462658405 279.81152033805847
leaf_count=35730 820 1373 619 824 2137 2518 2168 420
internal_value=-3.68196e-05 -5.13789e-05 -0.000352278 0.000134797 -0.000560476 -1.52822e-05 0.000280761 -5.3831e-05
internal_weight=31068 30547.6 3240.5 956.192 2284.31 27307.1 3114.75 24192.4
internal_count=46609 45789 4953 1443 3510 40836 4686 36150
is_linear=0
shrinkage=0.02


Tree=555
num_leaves=15
num_cat=0
split_feature=12 44 48 4 31 3 3 30 3 26 22 12 4 4
split_gain=0.995751 2.11452 1.48951 1.28551 1.21957 1.19123 1.14637 1.30926 1.29119 1.06537 0.939683 0.849574 0.839763 0.614642
threshold=19.752662928919744 1.5088941596001486 0.75000000000000011 41.969027578873892 0.85131511652718383 25.084056670664676 36.453767200802609 -0.21003463848998724 48.225617505406781 1.1833333333333336 -0.48983523046533767 19.820744997408365 38.916047851749937 25.474693025041045
decision_type=2 2 2 2 2 2 2 2 2 2 2 2 2 2
left_child=4 2 11 12 5 13 7 -6 -8 -4 -7 -2 -3 -1
right_child=1 3 9 -5 6 10 8 -9 -10 -11 -12 -13 -14 -15
leaf_value=-0.0010446703238324658 -0.0015984702706421398 0 -0.0014074144851014146 0.000610856455164516 0.0017563814394803939 0.00039333324720963367 0.00020539570595249398 -0.00044779303513814081 -0.00034406162297717316 0.00019414637605222269 7.2832568356861205e-05 0.00037085069455040589 -0.0022335774600265334 0.00057269469966196964
leaf_weight=466.45780238509178 103.09319716691971 157.80274248123169 1048.2000202536583 1042.9722613096237 107.35400211811066 6102.5316827297211 5537.8599374592304 3768.8859158754349 2468.1531073749065 184.15386658906937 9383.6118369400501 519.19325524568558 111.91556516289711 107.58275911211967
leaf_count=712 152 241 1562 1522 152 9236 8159 5564 3750 278 14287 776 153 175
internal_value=1.38193e-05 -0.000321707 -0.000757621 0.000286786 5.22299e-05 0.000166109 -0.00010085 -0.000383295 3.47126e-05 -0.00116006 0.00019981 2.45024e-05 -0.000924832 -0.000723259
internal_weight=31109.8 3167.33 1854.64 1312.69 27942.4 16060.2 11882.3 3876.24 8006.01 1232.35 15486.1 622.286 269.718 574.041
internal_count=46719 4684 2768 1916 42035 24410 17625 5716 11909 1840 23523 928 394 887
is_linear=0
shrinkage=0.02


Tree=556
num_leaves=15
num_cat=0
split_feature=31 1 2 3 3 22 3 22 2 1 2 24 22 33
split_gain=0.877743 1.75542 1.496 1.1479 1.48023 1.08507 1.06349 1.0344 0.951258 0.945247 0.915849 0.702636 0.571093 0.523892
threshold=0.99358022436005711 33.142833333333343 31.787000000000006 48.225617505406781 37.713042825389287 -0.48983523046533767 25.084056670664676 -0.46272223189977607 30.633666666666667 14.75966666666667 32.3705 1.559766074330093 -1.369338694723061 0.55000000000000016
decision_type=2 2 2 2 2 2 2 2 2 2 2 2 2 2
left_child=5 3 8 4 -2 6 13 -7 -3 -9 -4 -5 -8 -1
right_child=1 2 10 11 -6 7 12 9 -10 -11 -12 -13 -14 -15
leaf_value=-0.00036618758619212378 -0.00047256981574048503 0.00049442346907656017 -0.0015993464872300733 -0.00077596816433478572 0.00010045974022207584 -0.0016175740661096014 0.00011677201698907796 0.00055353344684287438 0.0029610010930299631 -5.8655605512043534e-05 0.00027573853686075001 -0.0029318329931190094 0.00046423674304606611 -0.0025537609872378002
leaf_weight=165.80024635791779 3646.1885851621628 139.35019147396088 107.77213868498802 794.77749714255333 3519.2030547261238 159.26181134581566 3523.5393587946892 1102.6196193993092 133.55434656143188 11600.833814799786 1745.8684525489807 68.763987064361572 4336.0003246665001 66.234523475170135
leaf_count=255 5347 208 164 1210 5245 243 5266 1662 200 17529 2663 95 6528 104
internal_value=1.35476e-05 -0.000138654 0.000370044 -0.000274691 -0.000189788 8.77952e-05 0.00026933 -2.565e-05 0.00175066 -4.6537e-06 0.000159724 -0.000965571 0.000309805 -0.00104985
internal_weight=31109.8 10155.5 2126.55 8028.93 7165.39 20954.3 8091.57 12862.7 272.905 12703.5 1853.64 863.541 7859.54 232.035
internal_count=46719 15132 3235 11897 10592 31587 12153 19434 408 19191 2827 1305 11794 359
is_linear=0
shrinkage=0.02


Tree=557
num_leaves=15
num_cat=0
split_feature=12 44 20 48 31 1 22 5 22 22 1 16 12 48
split_gain=0.956233 2.03097 1.6176 1.42939 1.13836 1.11417 1.32211 1.0276 1.23412 0.955542 0.854136 0.83325 0.816664 0.754678
threshold=19.752662928919744 1.5088941596001486 -1.7957326618967107 0.75000000000000011 0.85131511652718383 32.576166666666673 2.8732430233838575 21.603050765357214 -0.32372959540052898 -0.48983523046533767 30.669166666666673 7.0900000000000025 19.820744997408365 1.2500000000000002
decision_type=2 2 2 2 2 2 2 2 2 2 2 2 2 2
left_child=4 3 -3 12 7 10 -7 8 -1 -9 -6 -4 -2 -5
right_child=1 2 11 13 5 6 -8 9 -10 -11 -12 -13 -14 -15
leaf_value=-0.0021948728547262703 -0.0015678502118208716 -0.0017648676237078721 -0.00085804214992951601 -0.00086912479278210004 -0.00013485513406197541 0.00034297097984705419 -0.0011398793121863851 0.00038003212406389846 7.9377353568339722e-05 5.9047968508176583e-05 -0.00071740027957742792 0.00072939803684568777 0.00036296107890951203 -0.0021526194803356681
leaf_weight=158.96848124265671 103.09319716691971 134.46522852778435 144.42210766673088 985.86660721898079 7499.1933063566685 2947.4253794252872 257.52955159544945 6180.6910513341427 214.59205284714699 9505.9324957430363 1178.1047254502773 1033.8032327592373 519.19325524568558 246.48727962374687
leaf_count=243 152 195 211 1465 11046 4422 409 9363 321 14483 1748 1510 776 375
internal_value=1.32568e-05 -0.000315537 0.0002807 -0.00074278 5.09041e-05 -9.69726e-05 0.000220064 0.000160933 -0.000868336 0.000186189 -0.000215246 0.000525219 2.30703e-05 -0.00113701
internal_weight=31109.8 3167.33 1312.69 1854.64 27942.4 11882.3 3204.95 16060.2 373.561 15686.6 8677.3 1178.23 622.286 1232.35
internal_count=46719 4684 1916 2768 42035 17625 4831 24410 564 23846 12794 1721 928 1840
is_linear=0
shrinkage=0.02


Tree=558
num_leaves=13
num_cat=0
split_feature=16 41 42 26 22 16 34 16 41 34 41 41
split_gain=0.845937 1.17757 1.59364 1.40192 1.14616 1.07617 0.98919 1.62184 0.806262 0.725126 0.504738 0.797383
threshold=16.222500000000004 0.8327061420543781 0.35000000000000003 1.4722222222222225 -0.71281259647571005 16.110000000000007 0.36589992254747544 3.7200000000000011 1.9166547898254478 0.10145206054011852 1.9969210440383864 1.6744362726209374
decision_type=2 2 2 2 2 2 2 2 2 2 2 2
left_child=4 2 -2 -4 6 8 9 -8 -6 -1 11 -3
right_child=1 10 3 -5 5 -7 7 -9 -10 -11 -12 -13
leaf_value=-0.00014122669254735618 0.00057285851392821442 0.00061772764174145814 -4.2113153119168462e-05 -0.0014013386732608119 -0.00013689158850315505 -0.002419748747098667 -0.00092868717973765519 0.00012342973753133425 0.00051681692840697621 0.00052808513837208871 -0.00043658187957179725 0.002036471380465938
leaf_weight=784.59254512190819 1240.2137307226658 1275.2012225389481 1305.0271242558956 400.31723368167877 17365.785735785961 79.3710036277771 693.67643210291862 3686.8327251970768 781.48944270610809 3176.8194181621075 130.14953422546387 190.29180407524109
leaf_count=1269 1907 1864 1919 576 26090 121 1029 5408 1235 4788 220 293
internal_value=1.29538e-05 0.000265375 2.4694e-05 -0.000368306 -2.98313e-05 -0.000119015 0.000163813 -4.12444e-05 -0.000108136 0.000392995 0.000702826 0.000811288
internal_weight=31109.8 4541.2 2945.56 1705.34 26568.6 18226.6 8341.92 4380.51 18147.3 3961.41 1595.64 1465.49
internal_count=46719 6779 4402 2495 39940 27446 12494 6437 27325 6057 2377 2157
is_linear=0
shrinkage=0.02


Tree=559
num_leaves=14
num_cat=0
split_feature=31 41 26 15 31 22 20 24 5 22 15 2 20
split_gain=0.8099 1.00762 1.47027 1.20566 1.18082 0.989328 2.19424 1.66116 1.60496 0.99196 0.892337 0.685391 1.23612
threshold=0.99358022436005711 1.1750363147161746 1.3166666666666669 14.221480046836515 1.6373046358940768 -0.48983523046533767 1.6471213146775343 1.0743289675168315 21.603050765357214 -0.46272223189977607 2.5257590925032756 35.371583333333341 -0.32074885294697347
decision_type=2 2 2 2 2 2 2 2 2 2 2 2 2
left_child=5 11 3 -3 -4 6 8 -8 -1 -7 -11 -2 -13
right_child=1 2 4 -5 -6 9 7 -9 -10 10 -12 12 -14
leaf_value=-0.0019834730866867259 -0.0002799819712691369 -0.00025793827538120361 0.00080952989333522298 0.0013481438342583957 0.0037343491051597165 -0.0015831742865502802 0.00082019381923178515 0.00331035480151191 0.00018614014530721903 -0.0011035790122781749 2.1062213713758329e-05 0.00207136362349555 -4.4146587562122607e-05
leaf_weight=136.42115846276283 7706.0406310260296 1196.2936139702797 318.85785883665085 219.48020789027214 70.040439367294312 159.26181134581566 711.66376718878746 130.22799530625343 7113.2615323364735 286.69657301902771 12416.756861180067 136.21199205517769 508.55351021885872
leaf_count=208 11478 1762 468 335 99 243 1044 197 10704 496 18695 204 786
internal_value=1.26805e-05 -0.000133507 0.000292399 -3.51686e-07 0.00137828 8.40133e-05 0.000257358 0.00122417 0.000143399 -2.42787e-05 -3.70179e-06 -0.000226794 0.000392334
internal_weight=31109.8 10155.5 1804.67 1415.77 388.898 20954.3 8091.57 841.892 7249.68 12862.7 12703.5 8350.81 644.766
internal_count=46719 15132 2664 2097 567 31587 12153 1241 10912 19434 19191 12468 990
is_linear=0
shrinkage=0.02


Tree=560
num_leaves=9
num_cat=0
split_feature=33 33 15 2 20 20 20 0
split_gain=1.19865 0.916357 0.929429 0.791488 0.771177 0.782708 0.660945 0.64667
threshold=-0.84999999999999998 -0.6499999999999998 2.5257590925032756 31.534750000000003 -1.0662990071510554 -0.44283654306353343 -3.067114321094166 23.586667637153479
decision_type=2 2 2 2 2 2 2 2
left_child=7 4 6 -4 -2 -6 -3 -1
right_child=1 2 3 -5 5 -7 -8 -9
leaf_value=-0.0029202186044630643 -0.00041576074230768005 0.00053433632437954401 2.5077516421274708e-05 -0.00021406963085681839 0.0030716503795991334 0.00073178970259183903 -0.0013519701579874982 -0.00016914098591031673
leaf_weight=86.685769885778427 179.16337084770203 84.312346547842026 22360.640100806952 7334.0508663654327 68.741190701723099 464.59479540586472 351.33607763051987 69.412291020154953
leaf_count=118 259 149 33506 11042 100 665 597 100
internal_value=-3.9639e-05 -3.04033e-05 -4.74973e-05 -3.36612e-05 0.000676587 0.0010624 -0.000963285 -0.00177776
internal_weight=30998.9 30842.8 30130.3 29694.7 712.499 533.336 435.648 156.098
internal_count=46536 46318 45294 44548 1024 765 746 218
is_linear=0
shrinkage=0.02


Tree=561
num_leaves=9
num_cat=0
split_feature=33 24 15 12 33 15 12 0
split_gain=1.15392 1.00837 1.63018 1.31308 1.07914 0.95383 0.696596 0.619919
threshold=-0.84999999999999998 1.2983031020356519 5.8800291455086189 19.144756814980411 -0.6499999999999998 2.5257590925032756 18.765748844278523 23.586667637153479
decision_type=2 2 2 2 2 2 2 2
left_child=7 4 -3 -4 6 -6 -2 -1
right_child=1 2 3 -5 5 -7 -8 -9
leaf_value=-0.0028631312924378757 0.0013618283095572896 -0.0024021937818455778 -0.00050440581193225383 0.00041520121582862203 -0.00095972832552578826 4.7851578411399301e-06 1.5447009198482291e-05 -0.00016585295597448501
leaf_weight=86.685769885778427 380.92301544547081 148.39409473538399 2331.2859663665295 833.25966119766235 414.36046150326729 26452.194401025772 282.42114803195 69.412291020154953
leaf_count=118 544 242 3464 1227 710 39737 394 100
internal_value=-3.88471e-05 -2.97792e-05 -0.000359403 -0.000258996 9.5476e-06 -9.7886e-06 0.000805401 -0.00174425
internal_weight=30998.9 30842.8 3312.94 3164.55 27529.9 26866.6 663.344 156.098
internal_count=46536 46318 4933 4691 41385 40447 938 218
is_linear=0
shrinkage=0.02


Tree=562
num_leaves=9
num_cat=0
split_feature=33 24 15 12 33 15 12 0
split_gain=1.11089 0.96867 1.56633 1.26141 1.03739 0.916246 0.668368 0.594236
threshold=-0.84999999999999998 1.2983031020356519 5.8800291455086189 19.144756814980411 -0.6499999999999998 2.5257590925032756 18.765748844278523 23.586667637153479
decision_type=2 2 2 2 2 2 2 2
left_child=7 4 -3 -4 6 -6 -2 -1
right_child=1 2 3 -5 5 -7 -8 -9
leaf_value=-0.0028071600839323363 0.0013347339770754143 -0.0023547887408752999 -0.00049432632023600092 0.0004069170827758578 -0.00094062596193675838 4.6894635781556859e-06 1.5140207419657621e-05 -0.00016262884374332082
leaf_weight=86.685769885778427 380.92301544547081 148.39409473538399 2331.2859663665295 833.25966119766235 414.36046150326729 26452.194401025772 282.42114803195 69.412291020154953
leaf_count=118 544 242 3464 1227 710 39737 394 100
internal_value=-3.80768e-05 -2.91733e-05 -0.000352245 -0.000253754 9.36452e-06 -9.5868e-06 0.000789676 -0.0017114
internal_weight=30998.9 30842.8 3312.94 3164.55 27529.9 26866.6 663.344 156.098
internal_count=46536 46318 4933 4691 41385 40447 938 218
is_linear=0
shrinkage=0.02


Tree=563
num_leaves=9
num_cat=0
split_feature=33 24 15 20 33 15 20 0
split_gain=1.06949 0.930535 1.50498 1.30883 0.997275 0.880144 0.741488 0.569579
threshold=-0.84999999999999998 1.2983031020356519 5.8800291455086189 -2.210965307362494 -0.6499999999999998 2.5257590925032756 -1.0662990071510554 23.586667637153479
decision_type=2 2 2 2 2 2 2 2
left_child=7 4 -3 -4 6 -6 -2 -1
right_child=1 2 3 -5 5 -7 -8 -9
leaf_value=-0.0027522829497909226 -0.00032579829895391856 -0.0023083193298818515 0.0010674278147136949 -0.00037571273678052325 -0.00092190381330040691 4.5956774524611983e-06 0.0011669619117456282 -0.00015946734056865715
leaf_weight=86.685769885778427 167.89520043134689 148.39409473538399 270.46594008803368 2894.0796874761581 414.36046150326729 26452.194401025772 495.44896304607391 69.412291020154953
leaf_count=118 240 242 416 4275 710 39737 698 100
internal_value=-3.73217e-05 -2.85795e-05 -0.000345229 -0.000248617 9.18509e-06 -9.38902e-06 0.000774265 -0.00167919
internal_weight=30998.9 30842.8 3312.94 3164.55 27529.9 26866.6 663.344 156.098
internal_count=46536 46318 4933 4691 41385 40447 938 218
is_linear=0
shrinkage=0.02


Tree=564
num_leaves=10
num_cat=0
split_feature=33 1 0 2 20 32 32 33 0
split_gain=1.02965 0.858848 3.50128 1.57614 1.52314 1.23864 0.945164 0.613931 0.545909
threshold=-0.84999999999999998 20.578833333333339 24.040914320417784 16.169166666666673 -2.210965307362494 0.95000000000000007 1.4500000000000002 0.95000000000000007 23.586667637153479
decision_type=2 2 2 2 2 2 2 2 2
left_child=8 3 5 7 -4 -3 -5 -2 -1
right_child=1 2 4 6 -6 -7 -8 -9 -10
leaf_value=-0.0026984786748722334 3.5462106618763481e-05 0.0003227193115429046 0.00052948044956342829 -0.00037453795721083933 -0.00015961013843521964 0.0010707559883770252 -0.0019116322748494502 0.0010333319292324581 -0.00015636732576278039
leaf_weight=86.685769885778427 3605.0068514943123 4050.7589856386185 1392.948564261198 4842.4099313616753 15357.736031532288 1161.2623580396175 167.52303355932236 265.19299241900444 69.412291020154953
leaf_count=118 5399 6234 2059 7260 22847 1846 255 418 100
internal_value=-3.65941e-05 -2.80101e-05 3.87213e-05 -0.00019415 -0.000101654 0.00049165 -0.000428673 0.000106919 -0.00164761
internal_weight=30998.9 30842.8 21962.7 8880.13 16750.7 5212.02 5009.93 3870.2 156.098
internal_count=46536 46318 32986 13332 24906 8080 7515 5817 218
is_linear=0
shrinkage=0.02


Tree=565
num_leaves=14
num_cat=0
split_feature=30 16 52 16 46 34 44 17 44 17 30 46 46
split_gain=0.961077 1.14875 1.06926 0.740425 1.13122 1.64857 1.55068 0.879579 0.844029 0.691382 0.637612 0.56687 0.532378
threshold=-0.3109752561424487 4.4100000000000028 2.5500000000000003 3.9399999999999999 1.1055555555555558 0.18212689290477299 0.84330054808858446 1.5624428797554841 1.3607499923039639 0.95487134520076744 -0.47274449425976467 0.58571428571428574 1.267857142857143
decision_type=2 2 2 2 2 2 2 2 2 2 2 2 2
left_child=1 11 10 7 6 -6 -5 9 -9 -2 -3 -1 -13
right_child=3 2 -4 4 5 -7 -8 8 -10 -11 -12 12 -14
leaf_value=-0.00062695656778855914 -0.00040739354981872102 1.2767953975470698e-05 0.00087220188586359761 9.5344469744416854e-06 0.00045137955972294759 -0.00012380970223112506 0.00048888684272887942 -0.0019166923726440053 0 0.00018497390451899956 -0.0010531068352551416 0.0018699858503217232 -3.1184670118207992e-05
leaf_weight=89.562063992023468 1596.817918419838 258.59391206502914 155.36728310585022 5781.6886501610279 2366.0637529194355 12511.769190460443 5134.3159058094025 224.13258215785027 149.68101695179939 1527.0484195649624 1102.6212658882141 151.48559483885765 79.163686811923981
leaf_count=135 2462 399 219 8518 3715 18619 7792 333 234 2296 1664 236 116
internal_value=1.57775e-05 -0.000427248 -0.000660287 4.39272e-05 8.12453e-05 -3.16153e-05 0.000235961 -0.000228309 -0.0011455 -0.000114693 -0.000843562 0.000642682 0.00117982
internal_weight=31128.3 1836.79 1516.58 29291.5 25793.8 14877.8 10916 3497.68 373.814 3123.87 1361.22 320.211 230.649
internal_count=46738 2769 2282 43969 38644 22334 16310 5325 567 4758 2063 487 352
is_linear=0
shrinkage=0.02


Tree=566
num_leaves=14
num_cat=0
split_feature=30 16 52 16 31 45 44 34 30 30 30 1 1
split_gain=0.92251 1.10139 1.02769 0.711226 0.962802 0.904569 1.773 0.966436 0.888514 0.85039 0.613234 0.559883 0.715151
threshold=-0.3109752561424487 4.4100000000000028 2.5500000000000003 3.9399999999999999 1.2398984141707585 1.1000000000000003 0.79069405857143826 0.15518545513906154 0.17485475596248168 0.069549174483144724 -0.47274449425976467 19.607333333333337 14.130166666666669
decision_type=2 2 2 2 2 2 2 2 2 2 2 2 2
left_child=1 11 10 4 9 6 -5 -7 -6 -2 -3 12 -1
right_child=3 2 -4 5 8 7 -8 -9 -10 -11 -12 -13 -14
leaf_value=0.0011957504053524456 -0.00025230101887672849 1.2514515612585962e-05 0.00085497953039464451 -5.8531237798877763e-05 -0.00034671489695108846 0.00040037045015102468 0.00045985317851841015 -7.9515482560542686e-05 -0.0022907367938492964 0.00062177928767768878 -0.0010320828189661422 0.0020159296825995889 -0.0009796648436971422
leaf_weight=119.50469917058945 2542.3531314432621 258.59391206502914 155.36728310585022 4831.3459762334824 260.45488384366035 1916.6833108961582 5733.5586121678352 13312.249600052834 160.97271224856377 533.89920955896378 1102.6212658882141 84.07335701584816 116.63328945636749
leaf_count=182 3884 399 219 7115 377 3023 8664 19842 250 814 1664 126 179
internal_value=1.54635e-05 -0.000418572 -0.000646823 4.30488e-05 -0.000223751 7.96294e-05 0.000221883 -1.84168e-05 -0.0011202 -9.70459e-05 -0.000826575 0.000628737 8.0073e-05
internal_weight=31128.3 1836.79 1516.58 29291.5 3497.68 25793.8 10564.9 15228.9 421.428 3076.25 1361.22 320.211 236.138
internal_count=46738 2769 2282 43969 5325 38644 15779 22865 627 4698 2063 487 361
is_linear=0
shrinkage=0.02


Tree=567
num_leaves=13
num_cat=0
split_feature=23 31 35 23 23 30 16 31 23 16 23 23
split_gain=0.886516 1.74898 1.36253 1.17359 1.74583 1.24931 1.08961 0.794386 1.04694 0.726468 0.666787 0.661553
threshold=1.1737165061227868 1.5501297730247081 2.3666666666666671 0.9895237477464901 1.0129834179816384 0.33628485884184256 16.463333333333335 1.688338419418927 1.312784071096853 19.030000000000005 1.1947361223144435 1.0634925475256605
decision_type=2 2 2 2 2 2 2 2 2 2 2 2
left_child=1 3 7 5 -5 -1 11 10 -9 -8 -2 -3
right_child=2 6 -4 4 -6 -7 9 8 -10 -11 -12 -13
leaf_value=5.8900540220583187e-05 0.00084111934329057574 -0.0010990179646421696 -0.0016639985645786138 -0.0011092436643239977 -0.00010277987715908708 0.0011364470457597168 0.0022802299719706688 0.0020155189571484824 0.00035187373309204269 -0.00033035101189258587 0.00010853141074056933 0
leaf_weight=15117.602111935616 542.77841702103615 1109.216476380825 151.24329146742821 799.26090332865715 5193.7556960582733 442.65518566966057 73.22982057929039 220.25255519151688 543.31014940142632 85.004806756973267 6594.9966248869896 255.00520446896553
leaf_count=22406 821 1702 251 1162 7747 648 107 343 881 130 10165 375
internal_value=1.51485e-05 -4.75552e-05 0.000196043 -7.85558e-07 -0.000239001 9.03391e-05 -0.000702239 0.000233324 0.000848833 0.000828779 0.00016586 -0.000888093
internal_weight=31128.3 23075.7 8052.58 21553.3 5993.02 15560.3 1522.46 7901.34 763.563 158.235 7137.78 1364.22
internal_count=46738 34277 12461 31963 8909 23054 2314 12210 1224 237 10986 2077
is_linear=0
shrinkage=0.02


Tree=568
num_leaves=14
num_cat=0
split_feature=30 23 52 44 23 31 44 44 52 23 44 17 17
split_gain=0.883883 1.2254 1.10318 1.23455 0.805114 1.82518 1.0588 0.936792 0.981342 0.890272 0.653459 0.610412 1.19258
threshold=-0.3109752561424487 0.68148768917182267 2.5500000000000003 1.3607499923039639 1.1737165061227868 1.5501297730247081 3.6009515540321604 0.63564110458952894 0.25000000000000006 2.1808295935743547 1.7021648782832581 1.0834727780397022 2.143683762554121
decision_type=2 2 2 2 2 2 2 2 2 2 2 2 2
left_child=1 11 3 -3 5 6 -2 9 -9 -6 -7 -1 -13
right_child=4 2 -4 -5 7 10 -8 8 -10 -11 -12 12 -14
leaf_value=0.0015370727717615479 9.8437216839589144e-06 -0.00012462002966754333 0.00097869486362931607 -0.0014760283253749374 -0.0004491310618437786 -0.0009212807143402391 0.0011277496117259699 -0.0014324919440940745 0.00034713567744567691 0.0015676153434236758 2.1726807537572054e-05 -0.00075491444077161601 0.0015420812909163113
leaf_weight=133.70972949266434 19654.318543165922 468.69603314995766 126.38850235939026 699.15463921427727 1128.9035488963127 1156.0972080528736 343.32705131173134 122.39075690507889 6428.8525650203228 91.268662959337234 366.35910013318062 277.13965547084808 131.70524701476097
leaf_count=198 29175 704 180 1074 1732 1759 470 188 9939 151 555 426 187
internal_value=1.48602e-05 -0.000409984 -0.000746721 -0.000943353 4.18686e-05 -2.07227e-05 2.96472e-05 0.00021644 0.000311936 -0.000287778 -0.000688068 0.000374716 0
internal_weight=31128.3 1836.79 1294.24 1167.85 29291.5 21520.1 19997.6 7771.42 6551.24 1220.17 1522.46 542.555 408.845
internal_count=46738 2769 1958 1778 43969 31959 29645 12010 10127 1883 2314 811 613
is_linear=0
shrinkage=0.02


Tree=569
num_leaves=14
num_cat=0
split_feature=30 16 16 16 16 45 44 34 44 3 3 46 46
split_gain=0.848366 1.02963 0.766211 1.01547 0.675354 0.884128 1.68665 0.953787 0.851482 1.32821 0.735743 0.54975 0.510731
threshold=-0.3109752561424487 4.4100000000000028 7.0900000000000025 7.6200000000000019 3.9399999999999999 1.1000000000000003 0.79069405857143826 0.034498852911630205 0.73964392953071922 42.310955671944633 28.024208281520284 0.58571428571428574 1.267857142857143
decision_type=2 2 2 2 2 2 2 2 2 2 2 2 2
left_child=1 11 -3 -4 8 6 -6 -7 9 -2 -10 -1 -13
right_child=4 2 3 -5 5 7 -8 -9 10 -11 -12 12 -14
leaf_value=-0.00063976506072517579 -2.6052726267882775e-05 -0.001457278626132093 0.0018106865882304946 -0.00052887803741693553 -5.6112871908037815e-05 0.0014852837669016355 0.00044944398216257257 -3.7501815159864731e-05 0.00065392150380282749 0.0026666273152895249 -0.00067841046018530539 0.0018168744501119295 -4.3954136150347188e-05
leaf_weight=89.562063992023468 1698.0225245952606 345.59542647004128 76.099956542253494 1094.8870780467987 4831.3459762334824 164.16132351756096 5733.5586121678352 15064.771587431431 176.47062036395073 74.316295117139816 1548.8704970180988 151.48559483885765 79.163686811923981
leaf_count=135 2537 525 117 1640 7115 279 8664 22586 265 123 2400 236 116
internal_value=1.4572e-05 -0.000401638 -0.000622454 -0.000365481 4.10385e-05 7.66932e-05 0.000217339 -2.02374e-05 -0.000218935 8.40972e-05 -0.000535749 0.000610526 0.00114033
internal_weight=31128.3 1836.79 1516.58 1170.99 29291.5 25793.8 10564.9 15228.9 3497.68 1772.34 1725.34 320.211 230.649
internal_count=46738 2769 2282 1757 43969 38644 15779 22865 5325 2660 2665 487 352
is_linear=0
shrinkage=0.02


Tree=570
num_leaves=10
num_cat=0
split_feature=21 34 16 18 20 18 22 20 33
split_gain=0.828346 1.37127 0.723309 0.811419 1.07589 0.728464 0.706368 0.836765 0.728656
threshold=0.59422182012715952 0.25872882494329946 4.5225000000000017 1.6145549839150282 -1.0954206470650083 1.5470748069164002 2.170620852876612 -1.578529365198978 -0.54999999999999993
decision_type=2 2 2 2 2 2 2 2 2
left_child=1 -1 3 5 -5 -2 8 -8 -4
right_child=2 -3 6 4 -6 -7 7 -9 -10
leaf_value=-0.00036124336154245371 -0.00021169752096883679 0.0021204941145239126 0.00053144921034046512 0.00012346019345026979 -0.001567500166233408 0.0011158325022471919 -0.0019635006863430436 -0.00023193457701354533 1.5995576681780686e-05
leaf_weight=158.01101961731911 3967.8160098791122 184.99902617931366 1154.3802111148834 225.84926074743271 393.28602868318558 168.63159981369972 118.31338161230087 2128.6247805655003 22606.986353248358
leaf_count=267 5968 285 1668 349 590 262 189 3268 33831
internal_value=-2.07965e-05 0.000952805 -3.20382e-05 -0.000258847 -0.000936158 -0.000154648 9.06564e-06 -0.000329222 4.15009e-05
internal_weight=31106.9 343.01 30763.9 4755.58 619.135 4136.45 26008.3 2246.94 23761.4
internal_count=46677 552 46125 7169 939 6230 38956 3457 35499
is_linear=0
shrinkage=0.02


Tree=571
num_leaves=8
num_cat=0
split_feature=12 47 16 32 20 34 32
split_gain=1.1247 0.622165 1.26448 0.895575 0.827966 0.714268 0.652248
threshold=20.983992298723081 3.7056189798803136 23.410000000000007 1.8500000000000003 0.28671907688362458 1.3077082527503954 1.4500000000000002
decision_type=2 2 2 2 2 2 2
left_child=1 2 3 -1 6 -4 -3
right_child=-2 4 5 -5 -6 -7 -8
leaf_value=-7.4643482046014864e-06 -0.002156152602065876 -0.00063575890921790609 0.00058976525345961182 -0.0010693446581758843 -0.0022104292253839865 0.0026046870431852974 0.0011589478104072496
leaf_weight=29443.470297217369 96.37118798494339 411.90678530931473 544.51024547219276 319.50739026069641 110.02971404790878 85.017142623662949 96.084908545017242
leaf_count=44151 155 622 842 475 159 139 134
internal_value=-2.03747e-05 -1.32763e-05 -1.52273e-07 -1.92708e-05 -0.000640467 0.0008851 -0.000273474
internal_weight=31106.9 31010.5 30392.5 29763 618.021 629.527 507.992
internal_count=46677 46522 45607 44626 915 981 756
is_linear=0
shrinkage=0.02


Tree=572
num_leaves=10
num_cat=0
split_feature=21 1 18 16 50 13 19 1 21
split_gain=0.794602 0.983548 1.121 0.697579 1.44091 1.2346 0.996407 0.988131 0.892619
threshold=0.59422182012715952 19.387500000000006 0.69046100662636956 12.140000000000002 -0.60758050520872886 0.49878279298888734 -1.0601267167223669 21.501000000000005 0.86169794702719382
decision_type=2 2 2 2 2 2 2 2 2
left_child=1 2 -1 4 6 -6 -2 -5 -9
right_child=3 -3 -4 7 5 -7 -8 8 -10
leaf_value=0.0022947070038285677 -0.00032310799823830164 0.0028364567508899858 -0.00052453290586990445 -0.001897917623803572 6.349646521334219e-05 -0.00024143494468462629 -0.0032064191521912829 0.0015251958961469095 0.00010642824179941033
leaf_weight=77.485711604356766 109.99323803186417 81.628041684627533 183.89629250764847 94.016630589962006 11451.880642205477 9843.864824950695 97.790625870227814 180.36768653988838 8985.9739774763584
leaf_count=117 176 133 302 136 16471 15429 156 273 13484
internal_value=-1.99759e-05 0.000933582 0.000284331 -3.09928e-05 -9.37439e-05 -7.69966e-05 -0.0017454 0.000113631 0.000135763
internal_weight=31106.9 343.01 261.382 30763.9 21503.5 21295.7 207.784 9260.36 9166.34
internal_count=46677 552 419 46125 32232 31900 332 13893 13757
is_linear=0
shrinkage=0.02


Tree=573
num_leaves=10
num_cat=0
split_feature=21 1 18 21 15 21 16 19 15
split_gain=0.764025 0.945154 1.07787 0.689454 1.54914 0.946636 0.91482 0.743067 0.503311
threshold=0.59422182012715952 19.387500000000006 0.69046100662636956 0.67942997394814852 7.6298169479057183 0.72233580510939144 7.1400000000000006 -1.701456812346138 4.4935367245177522
decision_type=2 2 2 2 2 2 2 2 2
left_child=1 2 -1 4 8 6 -5 -7 -2
right_child=3 -3 -4 5 -6 7 -8 -9 -10
leaf_value=0.0022499675710254815 -0.00041262469288867796 0.0027810842942896648 -0.00051415510917112936 0.00031778480749796362 0.0013165656154219187 -0.00030517975038755568 0.0023739892561012283 3.1439722608746442e-06 -0.0020975900765453593
leaf_weight=77.485711604356766 134.86930078268051 81.628041684627533 183.89629250764847 356.97611349821091 98.998460412025452 3537.2758832573891 119.7510267496109 26309.764912843704 206.25192812085152
leaf_count=117 219 133 302 554 152 5197 185 39491 327
internal_value=-1.95691e-05 0.000915444 0.000278154 -3.03782e-05 -0.000815009 -1.86072e-05 0.00086294 -3.30795e-05 -0.00146684
internal_weight=31106.9 343.01 261.382 30763.9 440.12 30323.8 476.727 29847 341.121
internal_count=46677 552 419 46125 698 45427 739 44688 546
is_linear=0
shrinkage=0.02


Tree=574
num_leaves=7
num_cat=0
split_feature=12 21 34 16 15 22
split_gain=1.07908 0.723182 1.29559 0.710203 1.79764 0.692204
threshold=20.983992298723081 0.59422182012715952 0.24471955313962349 4.5225000000000017 5.0338329868710856 2.3685179570228541
decision_type=2 2 2 2 2 2
left_child=1 2 -1 4 -3 -5
right_child=-2 3 -4 5 -6 -7
leaf_value=-0.00043962718570513351 -0.0021111405339933878 7.6086057694823883e-05 0.0019836464548938469 4.6381086754675345e-05 -0.00071121328634012591 -0.00036354304341237545
leaf_weight=150.12641808390617 96.37118798494339 2781.8302623033524 192.88362771272659 24157.897845774889 1963.9511496126652 1763.8371799886227
leaf_count=255 155 4199 297 36080 2955 2736
internal_value=-1.91511e-05 -1.21917e-05 0.000897659 -2.27521e-05 -0.000247779 1.80763e-05
internal_weight=31106.9 31010.5 343.01 30667.5 4745.78 25921.7
internal_count=46677 46522 552 45970 7154 38816
is_linear=0
shrinkage=0.02


Tree=575
num_leaves=6
num_cat=0
split_feature=14 47 34 34 34
split_gain=0.616817 0.83168 0.560358 0.512003 0.542983
threshold=6.5000000000000009 0.91308547886271807 1.0000000180025095e-35 0.086946287734703309 1.8167221222600958
decision_type=2 2 2 2 2
left_child=1 -1 -2 -4 -5
right_child=2 -3 3 4 -6
leaf_value=-0.00025938271793368451 0.00093806454351295237 0.0015408491621381993 -0.0003306978405829236 1.8001571798038564e-05 -0.00054505975203776775
leaf_weight=164.9744194149971 245.43721830844879 236.22232973575592 1949.0573517084122 27950.738522738218 700.01408675312996
leaf_count=279 462 400 3088 41555 1090
internal_value=6.78742e-07 0.000778167 -9.15948e-06 -1.71446e-05 3.85839e-06
internal_weight=31246.4 401.197 30845.2 30599.8 28650.8
internal_count=46874 679 46195 45733 42645
is_linear=0
shrinkage=0.02


Tree=576
num_leaves=8
num_cat=0
split_feature=30 33 19 47 47 19 14
split_gain=0.811438 1.12946 0.629388 0.64219 0.744021 0.594665 0.521506
threshold=-0.44333470878951153 0.25000000000000006 2.9084691529654125 2.2299916394259816 1.8372237391570885 2.6225974476793152 6.5000000000000009
decision_type=2 2 2 2 2 2 2
left_child=1 -1 5 4 -4 6 -2
right_child=2 -3 3 -5 -6 -7 -8
leaf_value=0.0018013234760355537 0.00073756956812820072 -0.00011313524981358603 0.00037179644279333339 -0.00076161053634097307 0.0019945749429426535 -0.00075035844829987131 -3.0607611605095555e-05
leaf_weight=235.03295058012009 355.22414907813072 237.41684257984161 1201.6953629553318 163.98498195409775 127.94693657755852 453.12273228168488 28472.019972652197
leaf_count=359 601 369 1851 292 205 700 42497
internal_value=6.6051e-07 0.000821766 -1.16729e-05 0.000388 0.000538222 -3.24273e-05 -2.07444e-05
internal_weight=31246.4 472.45 30774 1493.63 1329.64 29280.4 28827.2
internal_count=46874 728 46146 2348 2056 43798 43098
is_linear=0
shrinkage=0.02


Tree=577
num_leaves=9
num_cat=0
split_feature=30 23 15 15 0 15 0 15
split_gain=0.778757 0.656216 0.665132 0.736771 0.660234 1.02091 0.604581 0.545755
threshold=-0.44333470878951153 1.5195555398110103 3.6743545261490733 2.9865021932886782 15.563214995714118 10.070411142907744 14.945205997451035 6.4994614652213958
decision_type=2 2 2 2 2 2 2 2
left_child=-1 4 3 -3 6 -6 -2 -4
right_child=1 2 7 -5 5 -7 -8 -9
leaf_value=0.00080505109360218686 0.00010561993293724771 0.00016045215977975418 0.00096328288202673668 -0.0016832919383984188 -0.00017711559885651696 7.2891792136781344e-05 0.00087761303813709403 0.0001951296730032778
leaf_weight=472.4497931599617 1898.2823131978512 274.20683345198631 667.26525753736496 119.70261085033417 14619.969383478165 11740.810998439789 529.46671405434608 924.29002448916435
leaf_count=728 2816 492 1047 203 21938 17359 802 1489
internal_value=6.45063e-07 -1.1431e-05 0.000339576 -0.000380246 -3.60082e-05 -6.53886e-05 0.000278683 0.000524261
internal_weight=31246.4 30774 1985.46 393.909 28788.5 26360.8 2427.75 1591.56
internal_count=46874 46146 3231 695 42915 39297 3618 2536
is_linear=0
shrinkage=0.02


Tree=578
num_leaves=4
num_cat=0
split_feature=19 14 19
split_gain=0.624137 0.544432 0.580137
threshold=2.9084691529654125 6.5000000000000009 2.6225974476793152
decision_type=2 2 2
left_child=1 -1 -3
right_child=-2 2 -4
leaf_value=0.00073874385686204739 0.00039813671913032701 -1.7702003482672698e-05 -0.00074460164474618581
leaf_weight=371.39292150735855 1504.3667770624161 28925.601746678352 445.08248341083527
leaf_count=628 2368 43190 688
internal_value=6.5945e-07 -1.91343e-05 -2.91078e-05
internal_weight=31246.4 29742.1 29370.7
internal_count=46874 44506 43878
is_linear=0
shrinkage=0.02


Tree=579
num_leaves=10
num_cat=0
split_feature=30 33 23 15 15 15 14 15 15
split_gain=0.748182 1.08524 0.626013 0.638234 0.709006 0.576011 1.40353 0.922332 0.523171
threshold=-0.44333470878951153 0.25000000000000006 1.5195555398110103 3.6743545261490733 2.9865021932886782 10.070411142907744 14.500000000000002 9.4323279211329307 6.4994614652213958
decision_type=2 2 2 2 2 2 2 2 2
left_child=1 -1 5 4 -4 7 -7 -2 -5
right_child=2 -3 3 8 -6 6 -8 -9 -10
leaf_value=0.0017497179795543884 -6.581741577036941e-05 -0.00012677128699908595 0.00015656927095860005 0.00094251383914930979 -0.0016515951313621885 9.1686529034963734e-05 -0.0024627465525727007 -0.00061216651381171077 0.00019008559244575458
leaf_weight=235.03295058012009 15695.796473890543 237.41684257984161 274.20683345198631 667.26525753736496 119.70261085033417 11659.945860892534 84.454085618257523 1348.332988768816 924.29002448916435
leaf_count=359 23508 369 492 1047 203 17251 115 2041 1489
internal_value=6.40341e-07 0.000789103 -1.11899e-05 0.000331633 -0.000373211 -3.52021e-05 7.20501e-05 -0.000109692 0.000512606
internal_weight=31246.4 472.45 30774 1985.46 393.909 28788.5 11744.4 17044.1 1591.56
internal_count=46874 728 46146 3231 695 42915 17366 25549 2536
is_linear=0
shrinkage=0.02


Tree=580
num_leaves=11
num_cat=0
split_feature=22 29 22 37 22 47 47 50 29 22
split_gain=0.728957 2.85068 1.51017 1.36785 0.765922 0.699915 0.773145 0.635606 0.625883 0.553406
threshold=-0.67912204110939178 0.75000000000000011 -2.5805736975209168 0.9689476050978022 -0.79279290751985154 0.18828920831116203 0.60852859564323791 0.079371096835665164 2.2500000000000004 -0.75972936571076299
decision_type=2 2 2 2 2 2 2 2 2 2
left_child=1 4 -3 -4 7 -2 -7 -1 -8 -6
right_child=5 2 3 -5 9 6 8 -9 -10 -11
leaf_value=-5.8257856574136973e-05 -0.001019437514885785 -0.00042977480122770946 0.00083004757968267739 -0.00029759148426257111 0.0017241150052136217 0.00024873579320348665 -8.8810632030626672e-05 -0.00056081898969238743 0.0014534351586250017 0.00015631760586858721
leaf_weight=2870.7966948449612 286.96705386042595 543.43237012624741 3333.0637801885605 478.80722633004189 126.57317173480988 3403.2263176441193 18076.079567342997 1594.0050973594189 103.20034450292587 362.13869428634644
leaf_count=4379 422 800 4908 688 197 5086 27240 2417 142 542
internal_value=2.20242e-05 0.000170439 0.00054409 0.000685702 -0.000156157 -4.07017e-05 -2.71316e-05 -0.00024009 -7.93467e-05 0.000588117
internal_weight=31178.3 9308.82 4355.3 3811.87 4953.51 21869.5 21582.5 4464.8 18179.3 488.712
internal_count=46821 13931 6396 5596 7535 32890 32468 6796 27382 739
is_linear=0
shrinkage=0.02


Tree=581
num_leaves=8
num_cat=0
split_feature=37 37 37 46 50 50 46
split_gain=0.722939 0.730511 0.724811 0.741792 0.660339 0.611859 0.512775
threshold=0.029875317975141903 0.049815527622293861 0.014247935696901352 1.2111111111111115 -0.54275392213685125 -0.57213031565477135 2.2928571428571431
decision_type=2 2 2 2 2 2 2
left_child=2 -2 3 -1 5 -3 -4
right_child=1 4 6 -5 -6 -7 -8
leaf_value=-0.00041971186375098211 0.00065857817402615335 -0.00030285635674523074 -0.0011537066772453839 0.00067713758248240049 4.3905635158779109e-05 -0.0019838248890515771 0.00056627579279107268
leaf_weight=779.81480863690376 756.35504502058029 563.45869997143745 531.53362360596657 355.79141217470169 28014.763883858919 106.41192066669464 70.160924285650253
leaf_count=1206 1118 858 799 550 42031 163 96
internal_value=2.15734e-05 4.5281e-05 -0.000374025 -6.66865e-05 2.87162e-05 -0.00058988 -0.000935371
internal_weight=31178.3 29441 1737.3 1135.61 28684.6 669.871 601.695
internal_count=46821 44170 2651 1756 43052 1021 895
is_linear=0
shrinkage=0.02


Tree=582
num_leaves=3
num_cat=0
split_feature=26 39
split_gain=0.555558 0.530779
threshold=0.43650793650793651 1.7500000000000002
decision_type=2 2
left_child=-1 -2
right_child=1 -3
leaf_value=-0.00014367586269880159 8.0899970167141026e-05 -0.00046923017928726207
leaf_weight=6449.3166497349739 24012.847974777222 716.12569370865822
leaf_count=9988 35762 1071
internal_value=2.11331e-05 6.45278e-05
internal_weight=31178.3 24729
internal_count=46821 36833
is_linear=0
shrinkage=0.02


Tree=583
num_leaves=5
num_cat=0
split_feature=50 29 46 46
split_gain=0.652793 0.596025 0.922789 0.985112
threshold=-0.54275392213685125 0.75000000000000011 1.0000000180025095e-35 0.21111111111111114
decision_type=2 2 2 2
left_child=-1 2 -2 -4
right_child=1 -3 3 -5
leaf_value=-0.00057230624594252152 -0.0021289329302843006 0.00013090766945545498 0.00089480071379534863 -6.1365522829501067e-05
leaf_weight=721.38106209039688 82.823693543672562 14047.693495064974 440.2092527449131 15886.182814776897
leaf_count=1104 122 20773 661 24161
internal_value=2.06969e-05 3.51073e-05 -4.63026e-05 -3.48655e-05
internal_weight=31178.3 30456.9 16409.2 16326.4
internal_count=46821 45717 24944 24822
is_linear=0
shrinkage=0.02


Tree=584
num_leaves=10
num_cat=0
split_feature=34 34 50 22 22 22 26 34 50
split_gain=0.87356 0.793511 1.33168 0.753056 0.732133 0.584455 1.61279 0.696436 0.523893
threshold=1.8167221222600958 0.086946287734703309 -0.31814397536951849 -0.13467994768953409 -0.51722903303567491 -0.75972936571076299 0.43650793650793651 0.092893219839391153 0.34502429429740872
decision_type=2 2 2 2 2 2 2 2 2
left_child=1 2 -1 4 -2 6 -3 -7 -4
right_child=3 5 8 -5 -6 7 -8 -9 -10
leaf_value=-0.001700141978545169 -0.00047369934136982824 -0.00037375513586693362 -0.00026579955215125543 -0.0012483520864112947 0.0018119862198049564 0.0013453017998702763 0.00035104646137994053 -1.515087950657982e-06 0.00077708761932948373
leaf_weight=250.38544300198555 228.78786668181419 1506.1115374863148 1718.3529245257378 397.09036922454834 71.621725350618362 152.65499442815781 6386.825670838356 20254.879612624645 211.58017405867577
leaf_count=422 352 2295 2744 620 110 236 9447 30248 347
internal_value=2.02679e-05 3.66137e-05 -0.000330103 -0.00067781 4.65511e-05 6.52408e-05 0.000211415 8.20042e-06 -0.000145605
internal_weight=31178.3 30480.8 2180.32 697.5 300.41 28300.5 7892.94 20407.5 1929.93
internal_count=46821 45739 3513 1082 462 42226 11742 30484 3091
is_linear=0
shrinkage=0.02


Tree=585
num_leaves=13
num_cat=0
split_feature=16 14 18 2 2 14 6 27 27 27 2 18
split_gain=0.995663 1.15794 0.869515 0.905645 0.902438 0.833868 1.07247 0.605908 1.60341 0.76575 0.575726 0.561078
threshold=15.200000000000005 13.500000000000002 1.931336025111295 33.574583333333344 21.025395833333338 13.500000000000002 4.5000000000000009 0.67458519649821569 0.81788680762386645 0.64709495097117786 33.85391666666667 1.0465435741931002
decision_type=2 2 2 2 2 2 2 2 2 2 2 2
left_child=2 7 5 4 -4 6 -1 9 -9 -2 -5 -7
right_child=1 -3 3 10 -6 11 -8 8 -10 -11 -12 -13
leaf_value=0.00011304542585470782 8.5104476282379872e-05 -0.00172485835800572 0.0011837422375936021 0.0013976273483573907 -0.00029537178137989807 -0.00019765617718407559 -0.00043922578747033071 0.0013923789557624131 0.00028402205739607014 -0.0017019417132139929 0.00013243667584686352 0.0014338320878272352
leaf_weight=15226.086964607239 810.01142859458923 106.96229407191277 164.62060040235519 163.35063979029655 6882.7214551866055 102.97917944192886 1542.7340847253799 615.32032486796379 3725.9139397442341 105.81262105703354 1353.8641647398472 295.06163495779037
leaf_count=23049 1255 145 255 241 10218 137 2267 946 5540 163 2027 409
internal_value=5.33336e-05 0.000301159 1.26347e-06 -0.000162919 -0.000259076 8.37659e-05 6.15938e-05 0.000344923 0.00044399 -0.000113731 0.000276896 0.000987866
internal_weight=31095.4 5364.02 25731.4 8564.56 7047.34 17166.9 16768.8 5257.06 4341.23 915.824 1517.21 398.041
internal_count=46652 8049 38603 12741 10473 25862 25316 7904 6486 1418 2268 546
is_linear=0
shrinkage=0.02


Tree=586
num_leaves=13
num_cat=0
split_feature=16 14 0 1 1 0 14 23 23 23 14 1
split_gain=0.956016 1.11311 0.67426 1.14388 1.09175 0.978581 0.793163 0.568618 1.39049 0.675251 0.545217 0.504342
threshold=15.200000000000005 13.500000000000002 24.427311108228547 21.006166666666672 32.576166666666673 29.829663436194171 11.500000000000002 0.91577195527446731 0.99980699284547947 0.79672681595971684 9.5000000000000018 26.483666666666672
decision_type=2 2 2 2 2 2 2 2 2 2 2 2
left_child=2 7 3 6 5 -4 -1 9 -9 -2 -6 -5
right_child=1 -3 4 11 10 -7 -8 8 -10 -11 -12 -13
leaf_value=-0.00012453892859883153 0.00067647421797446914 -0.0016909944133032162 -9.0672239076912932e-05 0.0002286547672204111 0.00049494217578802504 -0.00056876742097296685 0.00036985382507967056 0.0012164773196708895 0.00026475730495074251 -0.00053796900206511231 -7.4122012908728292e-05 0.0007286778532062466
leaf_weight=7599.1453469693661 265.57404536008835 106.96229407191277 6438.8522360920906 4050.902087777853 1489.8974700570107 2367.3386077582836 1558.5993693768978 749.07135531306267 3682.5209989845753 559.89191460609436 1178.0175720453262 1048.6660337746143
leaf_count=11524 393 145 9602 6135 2293 3356 2247 1085 5609 817 1728 1718
internal_value=5.22819e-05 0.000295123 1.25114e-06 9.34735e-05 -0.000112466 -0.000220432 -3.92418e-05 0.000338063 0.000428358 -0.000134475 0.000240059 0.000333684
internal_weight=31095.4 5364.02 25731.4 14257.3 11474.1 8806.19 9157.74 5257.06 4431.59 825.466 2667.92 5099.57
internal_count=46652 8049 38603 21624 16979 12958 13771 7904 6694 1210 4021 7853
is_linear=0
shrinkage=0.02


Tree=587
num_leaves=12
num_cat=0
split_feature=32 2 1 44 44 44 41 44 41 23 14
split_gain=0.874969 1.36803 1.11877 1.28389 0.951643 0.852232 1.88176 1.50118 0.990038 1.29802 0.763785
threshold=1.6500000000000001 35.371583333333341 27.158833333333337 2.432956054059606 1.4618297035511811 1.1563730726155994 1.9492513944079088 1.115316421822109 2.2680024129809824 0.95715096702588731 6.5000000000000009
decision_type=2 2 2 2 2 2 2 2 2 2 2
left_child=5 2 4 -4 -2 6 7 -1 10 -10 -7
right_child=1 -3 3 -5 -6 8 -8 -9 9 -11 -12
leaf_value=-3.885746416843551e-05 0.00078539127970092375 0.0010889032740471513 -0.0022998353770571434 7.2239379622204749e-05 -0.0016755622181532589 0.0015021059353986764 0.001120256691148765 -0.00098232955192782473 -0.0030480371821812674 0 0.00017466846501234604
leaf_weight=12973.718612283468 197.16386240720749 154.75020810961723 301.91980746388435 118.82099705934525 89.827009230852127 175.57920426130295 532.40874099731445 711.80330201983452 84.699623316526413 171.57951062917709 15583.168454408646
leaf_count=19342 301 219 454 166 138 295 842 1070 138 292 23395
internal_value=5.12374e-05 -0.000574902 -0.000954837 -0.00160911 0 6.94674e-05 -4.26668e-05 -8.87957e-05 0.000169636 -0.0010528 0.000190282
internal_weight=31095.4 862.482 707.732 420.741 286.991 30233 14217.9 13685.5 16015 256.279 15758.7
internal_count=46652 1278 1059 620 439 45374 21254 20412 24120 430 23690
is_linear=0
shrinkage=0.02


Tree=588
num_leaves=10
num_cat=0
split_feature=16 44 18 1 1 23 23 23 23
split_gain=0.905973 0.915469 0.68984 1.15755 0.779601 0.643846 1.09574 0.659815 0.656957
threshold=15.200000000000005 3.4256183715427801 1.931336025111295 32.663833333333343 19.503750000000007 0.91577195527446731 0.99980699284547947 0.79672681595971684 1.0129834179816384
decision_type=2 2 2 2 2 2 2 2 2
left_child=1 2 4 -4 -1 7 -7 -2 -8
right_child=5 -3 3 -5 -6 6 8 -9 -10
leaf_value=-6.6076175225205584e-05 0.000571959144310916 -0.0014005814364699703 -0.00027734879477245246 0.00025537285557031763 0.00020462654552804872 0.001074563300118249 -0.0011161633346447345 -0.0006063138923389172 0.00029103131946192325
leaf_weight=7596.3271687924862 275.41203489899635 183.0861494243145 6204.7769249081612 2193.7914680540562 9553.4370126724243 765.68507117033005 133.21805220842361 572.21773201227188 3617.4877180457115
leaf_count=11385 406 274 9199 3296 14449 1107 194 834 5508
internal_value=5.02035e-05 5.1695e-07 1.10578e-05 -0.000136978 8.41446e-05 0.000286599 0.000382301 -0.000211254 0.000237817
internal_weight=31095.4 25731.4 25548.3 8398.57 17149.8 5364.02 4516.39 847.63 3750.71
internal_count=46652 38603 38329 12495 25834 8049 6809 1240 5702
is_linear=0
shrinkage=0.02


Tree=589
num_leaves=10
num_cat=0
split_feature=16 44 18 18 2 18 23 23 23
split_gain=0.870167 0.879591 0.673034 1.07691 0.657406 0.638139 0.528562 1.13158 0.670689
threshold=15.200000000000005 3.4256183715427801 3.026972611412345 1.931336025111295 36.767500000000005 1.663006624227205 0.91577195527446731 0.99980699284547947 0.79672681595971684
decision_type=2 2 2 2 2 2 2 2 2
left_child=1 2 3 -1 -4 -2 8 -8 -7
right_child=5 -3 4 -5 -6 6 7 -9 -10
leaf_value=8.245032953743728e-05 0.0022291778611447681 -0.0013728724586143403 0.00089471947164196874 -0.00020170174849448209 -0.00091370843348361017 0.00059697601227865589 0.0010442414526915819 0.00019309780702178462 -0.00059422981494907767
leaf_weight=17149.764181464911 65.756092637777328 183.0861494243145 573.28086441755295 7738.780658274889 86.506870269775391 273.70970240235329 764.29111248254776 3688.0459688007832 572.21773201227188
leaf_count=25834 106 274 838 11522 135 404 1105 5600 834
internal_value=4.91916e-05 4.8907e-07 1.0829e-05 -5.51054e-06 0.000640455 0.000280869 0.00025397 0.000341854 -0.000196509
internal_weight=31095.4 25731.4 25548.3 24888.5 659.788 5364.02 5298.26 4452.34 845.927
internal_count=46652 38603 38329 37356 973 8049 7943 6705 1238
is_linear=0
shrinkage=0.02


Tree=590
num_leaves=9
num_cat=0
split_feature=24 34 33 15 34 34 34 34
split_gain=0.684018 2.20294 0.689418 0.7874 0.855229 0.555913 0.526858 0.541172
threshold=1.8820325343224595 0.74442583268725226 -0.54999999999999993 19.328126316816711 1.8167221222600958 0.57842159514862712 0.77620447859546371 0.39610743830201517
decision_type=2 2 2 2 2 2 2 2
left_child=2 -2 6 4 -4 -5 7 -1
right_child=1 -3 3 5 -6 -7 -8 -9
leaf_value=0.00054091177385310327 0.0018626760174257359 -0.0016080346145915924 -2.6391591542079635e-05 0.00085080106420536692 -0.00079025828313303618 4.7124082617034096e-05 0.002013682006598543 -0.00034717864102405655
leaf_weight=1100.7333013117313 258.30596566200256 97.148703724145889 27111.522984474897 681.21986082196236 598.79176440834999 751.26336216926575 78.692791640758514 349.49077343940735
leaf_count=1591 404 150 40724 1047 939 1123 110 487
internal_value=1.25303e-05 0.000882437 2.06601e-06 -1.93369e-05 -4.33147e-05 0.000436939 0.000416052 0.000319821
internal_weight=31027.2 355.455 30671.7 29142.8 27710.3 1432.48 1528.92 1450.22
internal_count=46575 554 46021 43833 41663 2170 2188 2078
is_linear=0
shrinkage=0.02


Tree=591
num_leaves=7
num_cat=0
split_feature=46 33 24 24 25 0
split_gain=0.742195 0.635886 0.943555 0.683244 0.57911 0.539933
threshold=4.6500000000000012 -0.54999999999999993 1.4598201191489864 1.8820325343224595 1.0000000180025095e-35 34.246127853155286
decision_type=2 2 2 2 2 2
left_child=1 2 4 5 -1 -3
right_child=-2 3 -4 -5 -6 -7
leaf_value=-0.0010110279904950617 0.00186126084038725 -5.1545010695102907e-05 -0.001797726829462872 0.00088341541160904332 0.00062016069709932371 0.00025159284394032531
leaf_weight=86.675292432308197 84.637057095766068 26493.525894701481 70.417993545532227 333.12292075157166 1388.1529423594475 2570.6374067664146
leaf_count=124 107 40048 123 513 1974 3686
internal_value=1.22829e-05 6.7823e-06 0.000402184 -1.36875e-05 0.000516286 -2.43739e-05
internal_weight=31027.2 30942.5 1545.25 29397.3 1474.83 29064.2
internal_count=46575 46468 2221 44247 2098 43734
is_linear=0
shrinkage=0.02


Tree=592
num_leaves=8
num_cat=0
split_feature=34 15 15 0 33 33 0
split_gain=0.618125 0.680701 0.962923 0.547981 1.14835 0.773203 0.660906
threshold=1.8167221222600958 17.097596959413554 9.9598856176285242 34.246127853155286 0.25000000000000006 -0.54999999999999993 29.196586087225629
decision_type=2 2 2 2 2 2 2
left_child=3 2 -2 5 -5 -1 -7
right_child=1 -3 -4 4 -6 6 -8
leaf_value=0.00044602453844134088 0.0010701043650967882 0.00060212531773222108 -0.0012260702021785262 -9.5305132885183254e-05 0.0007214720853481499 3.1898858713770527e-05 -0.00020025916193762124
leaf_weight=1465.9970072507858 79.53852516412735 146.76410701870918 491.08809921145439 1401.2730696499348 1316.7551181018353 19603.275925427675 6522.4776558279991
leaf_count=2099 143 213 755 2026 1870 29861 9608
internal_value=1.20382e-05 -0.000566773 -0.000885928 2.61043e-05 0.000296948 -2.33307e-07 -2.56892e-05
internal_weight=31027.2 717.391 570.627 30309.8 2718.03 27591.8 26125.8
internal_count=46575 1111 898 45464 3896 41568 39469
is_linear=0
shrinkage=0.02


Tree=593
num_leaves=10
num_cat=0
split_feature=24 39 15 39 2 15 2 0 2
split_gain=0.630301 2.17577 0.574665 1.01609 0.633158 0.91061 0.847474 0.588884 0.574102
threshold=1.8820325343224595 0.75000000000000011 19.328126316816711 1.7500000000000002 34.135916666666681 19.908498870290412 35.157250000000005 15.563214995714118 32.792083333333345
decision_type=2 2 2 2 2 2 2 2 2
left_child=2 -2 3 7 5 -4 -6 -1 -5
right_child=1 -3 4 8 6 -7 -8 -9 -10
leaf_value=0.00027835207629364457 0.0017293183178861229 -0.00189667373184283 0.0030964681551088765 -0.00095131237340389673 -0.00093331450787666203 0.000580239401135151 0.0004280228736316056 -2.7727847859953379e-05 0.00056565195929253053
leaf_weight=2784.9993996620178 272.26407271623611 83.190596669912338 71.580933719873428 671.80956703424454 233.30659550428391 357.72170326113701 795.7528817653656 25649.469414442778 107.07434287667274
leaf_count=4208 423 131 106 1015 346 548 1217 38419 162
internal_value=1.18057e-05 0.000846852 1.74771e-06 -1.72785e-05 0.000389223 0.00103539 0.000108472 1.9168e-06 -0.000729052
internal_weight=31027.2 355.455 30671.7 29213.4 1458.36 429.303 1029.06 28434.5 778.884
internal_count=46575 554 46021 43804 2217 654 1563 42627 1177
is_linear=0
shrinkage=0.02


Tree=594
num_leaves=9
num_cat=0
split_feature=24 39 33 15 34 15 34 34
split_gain=0.604468 2.09176 0.607698 0.704167 0.760543 0.534639 0.509263 0.516053
threshold=1.8820325343224595 0.75000000000000011 -0.54999999999999993 19.328126316816711 1.8167221222600958 23.102652948081236 0.77620447859546371 0.39610743830201517
decision_type=2 2 2 2 2 2 2 2
left_child=2 -2 6 4 -4 -5 7 -1
right_child=1 -3 3 5 -6 -7 -8 -9
leaf_value=0.00051194658760851826 0.0016949841607740948 -0.0018596307622634693 -2.506352134250779e-05 0.00066091728786116222 -0.00074546368065535958 -0.00017414008148072764 0.0019600699195889857 -0.00035563456289825
leaf_weight=1100.7333013117313 272.26407271623611 83.190596669912338 27111.522984474897 1019.1687659621239 598.79176440834999 413.31445702910423 78.692791640758514 349.49077343940735
leaf_count=1591 423 131 40724 1532 939 638 110 487
internal_value=1.15797e-05 0.000829337 1.72324e-06 -1.83513e-05 -4.10442e-05 0.0004131 0.000390421 0.00029578
internal_weight=31027.2 355.455 30671.7 29142.8 27710.3 1432.48 1528.92 1450.22
internal_count=46575 554 46021 43833 41663 2170 2188 2078
is_linear=0
shrinkage=0.02


Tree=595
num_leaves=14
num_cat=0
split_feature=6 30 36 30 50 22 34 22 36 20 22 50 20
split_gain=0.875458 0.977556 0.923061 0.770123 1.03269 1.18918 0.772605 0.73111 0.705918 1.12889 0.708527 0.580011 0.545658
threshold=5.5000000000000009 -0.24491410953841802 0.58571428571428574 0.51826156997976192 0.19527695054249769 0.83060138148654972 0.06894107813946547 0.97050341764609904 0.18333333333333332 0.94418110295548652 -1.0179551335494377 -0.15496639985319552 -0.30316024298279481
decision_type=2 2 2 2 2 2 2 2 2 2 2 2 2
left_child=3 2 12 6 5 -5 11 -8 10 -10 -3 -1 -2
right_child=1 8 -4 4 -6 -7 7 -9 9 -11 -12 -13 -14
leaf_value=0.00024230411190905479 0.00020726762032627734 0.00019824674131666811 -0.00090742795145327666 -0.0016231616442607048 -0.0021211747077271889 0.0009535835061143383 0.00016384158283193979 -7.7144867376784823e-05 -0.00064993835677552207 0.00057449703188741663 -0.001618971159043881 -0.00062208454838522836 0.0027092095227212076
leaf_weight=421.30279067158699 70.936812192201614 99.996658563613892 74.442116260528564 116.66679495573044 146.33747798204422 177.74752816557884 20471.89710471034 6613.5423299074173 1001.5853021740913 420.87250530719757 356.20203912258148 1039.7280026376247 91.790321975946426
leaf_count=711 105 151 105 170 223 265 30557 9979 1452 607 519 1679 135
internal_value=3.80519e-05 -0.000353749 0.000835598 6.70175e-05 -0.000758576 -3.78224e-05 8.0167e-05 0.000104629 -0.000509943 -0.000280338 -0.00119969 -0.000366004 0.00169502
internal_weight=31103 2115.83 237.169 28987.2 440.752 294.414 28546.5 27085.4 1878.66 1422.46 456.199 1461.03 162.727
internal_count=46658 3074 345 43584 658 435 42926 40536 2729 2059 670 2390 240
is_linear=0
shrinkage=0.02


Tree=596
num_leaves=15
num_cat=0
split_feature=15 19 15 19 15 19 30 30 20 45 32 36 32 32
split_gain=0.875664 1.26129 1.41135 1.2093 1.09117 1.05062 1.03665 0.938194 0.927561 0.915378 1.05581 0.899546 0.819004 2.10022
threshold=13.890694733412102 0.59146807487326225 15.178297979288592 0.71167741989899735 12.642110168779576 -3.8106788715810374 0.32088457515579749 0.11438072962599836 -1.6119956593499205 2.1000000000000005 0.55000000000000016 0.76388888888888895 1.3500000000000003 1.5500000000000003
decision_type=2 2 2 2 2 2 2 2 2 2 2 2 2 2
left_child=4 2 8 7 12 -4 -5 -3 -2 11 -11 -6 -1 -14
right_child=1 3 5 6 9 -7 -8 -9 -10 10 -12 -13 13 -15
leaf_value=-1.0989011375709818e-05 0.0034801864141626908 -0.0022652395480310039 0.0025770069795249188 0.00020162520846030035 -0.00062051936318317379 0.00019892075965019431 -0.0012766428259227648 0.00040271263224965194 0.00097531119582103492 0.00016634446820916791 -0.0016931461638493941 0.00060439688253371439 0.0011885782555513234 -0.00029679623609215911
leaf_weight=21994.024980425835 66.923683255910873 170.20398664474487 75.219803094863892 1689.578286498785 626.45733109116554 2960.2808266580105 211.33933258056641 66.804535180330276 782.50369021296501 159.06647974252701 414.78485807776451 380.58900946378708 783.87716287374496 721.39381882548332
leaf_count=33186 100 252 101 2509 938 4283 309 101 1145 255 608 574 1180 1117
internal_value=3.72811e-05 0.00025388 0.000469074 -0.00013256 -1.43511e-05 0.0002628 3.08509e-05 -0.00147432 0.00119212 -0.000522851 -0.00116156 -0.000147401 1.94739e-05 0.000470636
internal_weight=31103 6022.85 3884.93 2137.93 25080.2 3035.5 1900.92 237.009 849.427 1580.9 573.851 1007.05 23499.3 1505.27
internal_count=46658 8800 5629 3171 37858 4384 2818 353 1245 2375 863 1512 35483 2297
is_linear=0
shrinkage=0.02


Tree=597
num_leaves=12
num_cat=0
split_feature=4 50 31 19 2 6 6 32 5 32 19
split_gain=0.885702 1.38243 1.18742 1.10072 1.04188 0.776936 0.952918 0.749309 1.03071 0.992411 0.712735
threshold=49.999765401398214 -0.54275392213685125 0.81612058987903358 -3.5687460820529657 31.20216666666667 5.5000000000000009 6.5000000000000009 1.3500000000000003 47.086917608613554 0.75000000000000011 -0.29861190832282242
decision_type=2 2 2 2 2 2 2 2 2 2 2
left_child=5 2 -2 -3 -5 7 10 9 -9 -1 -7
right_child=1 3 -4 4 -6 6 -8 8 -10 -11 -12
leaf_value=9.8435060042113712e-05 0.00010305648812257746 0.0027989139868798726 -0.0030981995834528644 0.00085263653714352902 0.00011512239461937862 -0.00032426244511146599 -0.00018427594600904887 0.0006700113042134219 -0.00043857603118997219 -0.00016815094194568068 -0.0023079381827008061
leaf_weight=14380.917214393616 88.593164712190628 74.464683920145035 83.384288996458054 1137.3030324280262 2466.1942608654499 152.76134541630745 1565.9383294582367 1437.0273081362247 424.53081452846527 9126.6112279593945 165.32211381196976
leaf_count=21653 128 99 123 1681 3766 217 2275 2153 632 13680 251
internal_value=3.6553e-05 0.000320455 -0.00140939 0.00040478 0.000351007 -3.20632e-06 -0.000395163 2.55368e-05 0.000411631 -4.64498e-06 -0.00139449
internal_weight=31103 3849.94 171.977 3677.96 3603.5 27253.1 1884.02 25369.1 1861.56 23507.5 318.083
internal_count=46658 5797 251 5546 5447 40861 2743 38118 2785 35333 468
is_linear=0
shrinkage=0.02


Tree=598
num_leaves=14
num_cat=0
split_feature=15 2 20 15 22 37 37 37 22 2 20 30 2
split_gain=0.838801 1.99206 1.1238 1.04992 2.28918 1.48027 0.818217 1.13421 0.878421 0.759383 0.595311 0.580838 0.508508
threshold=13.890694733412102 32.707416666666674 1.5732422700384563 12.642110168779576 -1.1305129108692222 0.55967718533024191 0.26546948429189182 0.31577249434927673 -0.71281259647571005 35.481416666666675 -1.759410788782908 0.28185890904459127 35.824000000000005
decision_type=2 2 2 2 2 2 2 2 2 2 2 2 2
left_child=3 2 10 6 -5 -6 8 -8 -1 11 -2 -3 -11
right_child=1 9 -4 4 5 -7 7 -9 -10 12 -12 -13 -14
leaf_value=0.00017399821110691046 0.002383430883408171 -0.00013734164567883844 -0.0011383244828912168 0.0009124039118336341 -0.0015599481666174907 -0.00015152867708031269 0.00063714850504151992 5.2652580675506068e-05 -0.00024964429898393064 0.0010958756948165676 0.00078265532712992834 -0.0011595312095874285 0.0001430293874996617
leaf_weight=2739.8270432949066 104.27354925870895 1910.9129383563995 111.48066005110741 343.62843334674835 665.47941559553146 571.78982943296432 1491.049233019352 12590.451136499643 6677.968549311161 268.0287669301033 1799.4133831560612 256.19623845815659 1572.5486079156399
leaf_count=4157 153 2814 157 517 1008 850 2268 18871 10187 399 2532 368 2377
internal_value=3.58131e-05 0.00024781 0.000760474 -1.47136e-05 -0.000513505 -0.000918427 1.84575e-05 0.000115335 -0.000125326 -7.72742e-06 0.000877994 -0.000263753 0.000288251
internal_weight=31103 6022.85 2015.17 25080.2 1580.9 1237.27 23499.3 14081.5 9417.8 4007.69 1903.69 2167.11 1840.58
internal_count=46658 8800 2842 37858 2375 1858 35483 21139 14344 5958 2685 3182 2776
is_linear=0
shrinkage=0.02


Tree=599
num_leaves=11
num_cat=0
split_feature=4 19 50 6 6 32 5 32 19 50
split_gain=0.842672 1.3304 1.65785 0.748074 0.916832 0.720259 0.992726 0.954744 0.681344 0.591414
threshold=49.999765401398214 -3.5687460820529657 -0.54275392213685125 5.5000000000000009 6.5000000000000009 1.3500000000000003 47.086917608613554 0.75000000000000011 -0.29861190832282242 -0.13836245530607408
decision_type=2 2 2 2 2 2 2 2 2 2
left_child=3 -2 -3 5 8 7 -7 -1 -5 -4
right_child=1 2 9 4 -6 6 -8 -9 -10 -11
leaf_value=9.6041205924653141e-05 0.0027233186076916676 -0.0017295663139601694 0.00076276327018505452 -0.0003202890742138296 -0.00018127396360017732 0.00065670558149283245 -0.00043107569967374375 -0.00016543262262007537 -0.0022620987934742231 0.00017969003391571757
leaf_weight=14380.917214393616 88.252117961645126 158.19001966714859 984.09369874000549 152.76134541630745 1565.9383294582367 1437.0273081362247 424.53081452846527 9126.6112279593945 165.32211381196976 2619.4035945534706
leaf_count=21653 118 232 1483 217 2275 2153 632 13680 251 3964
internal_value=3.51056e-05 0.00031203 0.000251386 -3.66761e-06 -0.000388274 2.45292e-05 0.000403073 -5.05401e-06 -0.0013686 0.000342032
internal_weight=31103 3849.94 3761.69 27253.1 1884.02 25369.1 1861.56 23507.5 318.083 3603.5
internal_count=46658 5797 5679 40861 2743 38118 2785 35333 468 5447
is_linear=0
shrinkage=0.02


end of trees

feature_importances:
TOV_Season=536
GAME_SCORE_L5=440
USAGE_VACUUM=339
PACE_ROLLING=337
TOV_L20=232
GAME_SCORE_CONSISTENCY=228
MIN_Season=225
MIN_L5=224
USAGE_RATE_CONSISTENCY=223
MIN_STREAK=217
USAGE_RATE_Season=204
GAME_SCORE_STREAK=198
EXP_POSS=195
GAME_SCORE_Season=194
STL_STREAK=185
TOV_STREAK=181
TOV_L10=176
USAGE_RATE_L10=166
BLK_Season=159
STAR_COUNT=155
USAGE_RATE_STREAK=154
EXP_POSS_SEASON=145
OPP_STL_ALLOWED_DIFF=142
OPP_TOV_ALLOWED=136
STL_Season=134
USAGE_RATE_L5=129
MIN_L10=127
TOV_CONSISTENCY=125
OPP_TOV_ALLOWED_DIFF=121
BLK_L20=112
BLK_STREAK=101
STL_CONSISTENCY=94
BLK_CONSISTENCY=93
DAYS_REST=89
OPP_STL_ALLOWED=81
STL_L20=79
TOV_L5=73
STL_L10=69
BLK_L10=65
OPP_BLK_ALLOWED=54
STL_L5=37
OPP_BLK_ALLOWED_DIFF=31
GAMES_7D=23
IS_B2B=22
TOV_L10_Median=20
BLK_L10_Median=17
TOV_L5_Median=16
STL_L5_Median=9
BLK_L5=8
STL_L10_Median=4
BLK_L5_Median=2
IS_HOME=1
IS_FRESH=1

parameters:
[boosting: gbdt]
[objective: regression]
[metric: l2]
[tree_learner: serial]
[device_type: cpu]
[data_sample_strategy: bagging]
[data: ]
[valid: ]
[num_iterations: 600]
[learning_rate: 0.02]
[num_leaves: 15]
[num_threads: 10]
[seed: 0]
[deterministic: 0]
[force_col_wise: 0]
[force_row_wise: 0]
[histogram_pool_size: -1]
[max_depth: 4]
[min_data_in_leaf: 100]
[min_sum_hessian_in_leaf: 0.001]
[bagging_fraction: 0.7]
[pos_bagging_fraction: 1]
[neg_bagging_fraction: 1]
[bagging_freq: 5]
[bagging_seed: 3]
[bagging_by_query: 0]
[feature_fraction: 0.6]
[feature_fraction_bynode: 1]
[feature_fraction_seed: 2]
[extra_trees: 0]
[extra_seed: 6]
[early_stopping_round: 0]
[early_stopping_min_delta: 0]
[first_metric_only: 0]
[max_delta_step: 0]
[lambda_l1: 0.5]
[lambda_l2: 2]
[linear_lambda: 0]
[min_gain_to_split: 0.5]
[drop_rate: 0.1]
[max_drop: 50]
[skip_drop: 0.5]
[xgboost_dart_mode: 0]
[uniform_drop: 0]
[drop_seed: 4]
[top_rate: 0.2]
[other_rate: 0.1]
[min_data_per_group: 100]
[max_cat_threshold: 32]
[cat_l2: 10]
[cat_smooth: 10]
[max_cat_to_onehot: 4]
[top_k: 20]
[monotone_constraints: ]
[monotone_constraints_method: basic]
[monotone_penalty: 0]
[feature_contri: ]
[forcedsplits_filename: ]
[refit_decay_rate: 0.9]
[cegb_tradeoff: 1]
[cegb_penalty_split: 0]
[cegb_penalty_feature_lazy: ]
[cegb_penalty_feature_coupled: ]
[path_smooth: 0]
[interaction_constraints: ]
[verbosity: -1]
[saved_feature_importance_type: 0]
[use_quantized_grad: 0]
[num_grad_quant_bins: 4]
[quant_train_renew_leaf: 0]
[stochastic_rounding: 1]
[linear_tree: 0]
[max_bin: 255]
[max_bin_by_feature: ]
[min_data_in_bin: 3]
[bin_construct_sample_cnt: 200000]
[data_random_seed: 1]
[is_enable_sparse: 1]
[enable_bundle: 1]
[use_missing: 1]
[zero_as_missing: 0]
[feature_pre_filter: 1]
[pre_partition: 0]
[two_round: 0]
[header: 0]
[label_column: ]
[weight_column: ]
[group_column: ]
[ignore_column: ]
[categorical_feature: ]
[forcedbins_filename: ]
[precise_float_parser: 0]
[parser_config_file: ]
[objective_seed: 5]
[num_class: 1]
[is_unbalance: 0]
[scale_pos_weight: 1]
[sigmoid: 1]
[boost_from_average: 1]
[reg_sqrt: 0]
[alpha: 0.9]
[fair_c: 1]
[poisson_max_delta_step: 0.7]
[tweedie_variance_power: 1.5]
[lambdarank_truncation_level: 30]
[lambdarank_norm: 1]
[label_gain: ]
[lambdarank_position_bias_regularization: 0]
[eval_at: ]
[multi_error_top_k: 1]
[auc_mu_weights: ]
[num_machines: 1]
[local_listen_port: 12400]
[time_out: 120]
[machine_list_filename: ]
[machines: ]
[gpu_platform_id: -1]
[gpu_device_id: -1]
[gpu_use_dp: 0]
[num_gpu: 1]

end of parameters

pandas_categorical:[]
